Time,temperature-002,cloudiness-002,temperature-005,cloudiness-005,temperature-015,cloudiness-015,temperature-027,cloudiness-027,temperature-070,cloudiness-070,temperature-110,cloudiness-110,temperature-120,cloudiness-120,temperature-130,cloudiness-130,temperature-145,cloudiness-145,temperature-149,cloudiness-149,temperature-156,cloudiness-156,temperature-168,cloudiness-168,temperature-180,cloudiness-180,temperature-190,cloudiness-190,temperature-222,cloudiness-222,temperature-240,cloudiness-240,temperature-255,cloudiness-255,temperature-260,cloudiness-260,temperature-280,cloudiness-280,temperature-299,cloudiness-299,temperature-434,cloudiness-434,temperature-460,cloudiness-460,temperature-481,cloudiness-481,temperature-497,cloudiness-497,temperature-510,cloudiness-510,temperature-579,cloudiness-579,temperature-588,cloudiness-588,temperature-621,cloudiness-621,temperature-630,cloudiness-630,temperature-643,cloudiness-643,temperature-645,cloudiness-645,temperature-650,cloudiness-650,temperature-675,cloudiness-675,temperature-690,cloudiness-690,temperature-747,cloudiness-747
2016-01-03 22:00:00,9.4,6,8.3,6,7.7,6,8.9,6,6.6,6,9.8,6,8.8,5,8.7,5,8.0,6,8.1,6,8.7,6,7.4,7,5.7,7,4.7,6,9.4,6,8.8,6,6.0,5,6.7,6,4.7,7,4.5,7,7.5,6,7.3,6,7.3,6,2.0,6.0,10.6,6,7.1,6,3.5,7,8.7,6,9.4,5,9.4,6,8.4,6,9.4,6,7.1,6,8.9,5,8.5,5
2016-01-03 23:00:00,9.2,5,8.3,6,7.6,6,8.8,6,6.4,6,9.6,6,8.7,4,8.5,5,8.0,6,8.1,6,8.8,6,7.3,7,5.8,6,4.6,6,9.0,6,8.6,6,6.1,6,6.5,6,4.7,7,4.5,6,7.4,6,7.3,5,7.3,6,2.0,6.0,10.5,6,7.2,6,3.6,7,8.7,6,9.7,5,9.4,6,8.5,6,9.5,6,7.1,6,8.8,5,8.4,5
2016-01-04 00:00:00,9.1,5,8.1,6,7.5,6,8.6,6,6.2,6,9.5,6,8.6,4,8.2,5,8.0,5,8.1,5,8.7,6,7.0,7,5.9,6,4.6,6,8.7,6,8.4,6,6.1,6,6.2,6,4.6,6,4.5,6,7.2,6,7.2,5,7.4,6,2.1,6.0,10.3,6,7.5,6,3.6,6,8.6,6,9.8,5,9.6,5,8.7,6,9.7,6,7.4,6,8.8,5,8.3,5
2016-01-04 01:00:00,8.9,5,8.0,6,7.4,6,8.4,6,6.0,6,9.4,6,8.5,5,7.9,5,7.8,5,8.0,5,8.5,5,6.9,6,6.0,6,4.7,6,8.4,6,8.1,6,6.0,5,6.1,5,4.5,6,4.5,6,7.1,6,7.0,5,7.4,6,2.1,6.0,10.0,6,7.8,6,3.7,6,8.4,5,9.8,5,9.8,5,9.0,6,10.0,6,7.9,5,8.8,5,8.4,5
2016-01-04 02:00:00,8.7,5,7.8,6,7.3,6,8.1,6,5.8,6,9.2,5,8.4,5,7.5,5,7.7,5,7.7,5,8.3,5,6.7,6,6.2,5,4.7,6,8.2,6,7.8,6,5.9,5,6.0,5,4.4,6,4.5,6,6.8,6,7.0,5,7.3,6,2.1,6.0,9.7,5,8.0,6,3.7,6,8.0,5,9.6,5,10.0,5,9.2,5,10.3,5,8.5,5,8.9,5,8.6,5
2016-01-04 03:00:00,9.3,5,7.8,5,7.0,5,7.9,4,5.3,6,9.5,5,8.4,3,7.7,3,7.5,5,7.8,5,8.7,5,6.5,6,5.3,7,3.8,6,9.0,4,7.9,5,6.2,5,5.8,5,3.2,7,3.6,7,7.3,7,6.4,7,6.7,7,2.0,7.0,10.3,6,6.4,7,2.5,7,8.3,7,9.9,6,8.9,6,7.9,6,9.3,7,6.4,6,8.4,7,7.3,6
2016-01-04 04:00:00,9.3,5,7.8,4,7.1,5,7.8,4,5.7,6,9.4,5,8.3,3,7.6,4,7.5,5,7.8,5,8.7,5,6.7,6,5.8,7,4.4,6,8.8,4,7.8,6,6.3,5,6.1,5,3.6,7,3.8,7,7.4,7,6.6,7,6.8,7,2.2,7.0,10.4,6,6.4,7,2.6,7,8.7,7,10.0,6,8.8,6,7.8,6,9.4,7,6.5,6,8.4,7,7.3,6
2016-01-04 05:00:00,9.2,5,7.7,4,7.2,6,7.7,4,6.2,6,9.3,5,8.2,3,7.6,4,7.5,5,7.8,5,8.8,5,6.8,6,6.3,7,5.0,5,8.6,4,7.6,6,6.3,6,6.3,5,4.2,7,4.0,7,7.5,7,6.9,7,6.9,7,2.2,7.0,10.4,6,6.3,7,2.7,7,8.9,7,10.0,6,8.7,6,7.7,6,9.5,6,6.6,5,8.3,6,7.4,6
2016-01-04 06:00:00,9.2,6,7.6,4,7.1,6,7.6,4,6.6,5,9.3,4,8.1,3,7.6,4,7.4,5,7.7,5,8.6,5,6.8,6,6.6,7,5.5,5,8.3,4,7.4,6,6.1,6,6.5,6,4.8,7,4.1,7,7.6,7,7.1,7,7.0,7,1.6,7.0,10.4,6,6.3,7,2.8,7,8.9,7,9.9,7,8.7,6,7.7,7,9.6,6,6.6,6,8.1,6,7.7,6
2016-01-04 07:00:00,9.1,6,7.4,4,6.9,6,7.5,4,6.8,5,9.2,4,7.9,4,7.5,4,7.2,6,7.4,6,8.2,6,6.8,6,6.6,7,5.6,5,8.1,4,7.1,6,5.7,6,6.5,6,5.1,7,4.2,7,7.5,7,7.1,7,6.9,7,0.4,7.0,10.3,6,6.5,7,2.9,7,8.6,7,9.7,7,9.1,7,8.0,7,9.8,6,6.5,6,7.7,6,8.4,6
2016-01-04 08:00:00,9.1,5,7.3,5,6.6,6,7.5,4,6.9,6,9.2,4,7.7,4,7.6,4,7.0,6,7.2,6,7.7,6,6.9,6,6.6,7,5.6,6,8.0,4,6.9,6,5.4,6,6.6,7,5.3,7,4.3,7,7.4,7,7.1,7,6.9,7,-0.6,7.0,10.2,7,6.9,7,3.0,7,8.3,7,9.6,7,9.7,7,8.5,7,10.2,6,6.4,6,7.5,7,9.4,6
2016-01-04 09:00:00,9.1,5,7.4,6,6.7,6,7.7,4,7.1,7,9.3,4,7.9,5,7.9,4,7.0,6,7.2,6,7.6,6,7.4,6,6.7,7,5.9,7,8.2,5,7.1,6,5.7,6,7.0,7,5.5,7,4.9,7,7.7,7,7.5,7,7.3,7,-0.7,7.0,10.3,7,7.7,7,3.3,7,8.6,7,10.1,7,10.6,6,9.4,7,10.9,6,6.6,7,7.8,6,10.9,7
2016-01-04 10:00:00,9.2,6,7.8,6,7.2,6,8.3,5,7.4,7,9.6,4,8.5,5,8.6,5,7.4,6,7.7,6,8.0,6,8.3,7,7.2,7,6.8,7,8.8,5,7.9,6,6.9,6,7.9,6,6.0,7,6.0,7,8.4,7,8.5,7,8.3,7,0.8,7.0,10.8,7,8.9,7,3.8,7,9.7,7,11.3,7,11.6,6,10.6,7,12.0,6,7.1,7,8.9,6,12.7,7
2016-01-04 11:00:00,9.3,6,8.4,6,7.9,7,8.9,5,7.8,7,10.0,4,9.3,6,9.4,6,7.9,6,8.4,6,8.7,6,9.4,7,8.0,7,8.0,7,9.7,6,9.0,6,8.5,6,9.0,6,6.7,7,7.3,7,9.4,7,9.8,7,9.6,7,2.9,7.0,11.5,6,10.2,7,4.5,7,11.1,7,12.9,7,12.7,6,11.8,6,13.2,6,7.8,6,10.3,5,14.5,7
2016-01-04 12:00:00,9.5,6,8.9,6,8.5,7,9.5,5,8.2,7,10.2,5,9.9,6,10.1,6,8.3,6,9.0,6,9.3,6,10.3,7,8.7,7,8.9,7,10.5,6,10.0,6,9.8,6,10.0,6,7.4,7,8.4,7,10.2,7,10.9,7,10.7,7,4.7,7.0,12.2,6,11.4,7,5.3,7,12.3,7,14.1,7,13.5,6,12.8,6,14.2,6,8.6,6,11.5,4,15.7,7
2016-01-04 13:00:00,9.6,6,9.2,6,8.7,7,9.7,5,8.6,6,10.1,5,10.1,6,10.5,6,8.4,6,9.2,6,9.5,6,10.6,6,9.2,7,9.1,7,11.1,6,10.6,6,10.4,6,10.5,6,8.0,7,9.0,7,10.5,7,11.5,7,11.2,7,5.2,7.0,12.8,6,12.2,7,6.1,7,12.8,7,14.5,7,14.0,6,13.4,6,14.8,6,9.3,6,12.0,4,16.0,7
2016-01-04 14:00:00,9.7,6,9.2,6,8.7,7,9.7,5,8.7,6,9.8,4,10.0,5,10.6,5,8.4,6,9.2,6,9.4,6,10.4,6,9.3,6,8.7,7,11.4,6,10.7,6,10.2,6,10.4,6,8.3,7,9.0,7,10.4,7,11.5,7,11.1,7,4.7,7.0,13.1,7,12.4,7,6.6,7,12.4,7,14.1,7,14.1,6,13.6,6,14.9,6,9.8,7,11.9,5,15.5,7
2016-01-04 15:00:00,10.2,5,9.6,6,9.0,7,9.7,4,9.2,6,9.5,3,9.7,4,10.6,4,8.8,6,9.7,5,9.8,5,10.2,4,8.9,7,8.4,6,11.6,5,10.9,5,9.9,6,10.1,5,8.4,5,7.9,7,9.6,7,10.4,6,11.1,7,3.3,7.0,13.0,7,11.5,6,6.6,6,11.4,7,13.2,7,14.1,6,13.5,6,13.9,6,10.6,6,12.8,4,14.7,7
2016-01-04 16:00:00,10.2,5,9.3,5,8.8,7,9.0,4,8.6,6,9.1,3,9.1,4,9.7,3,8.5,5,9.2,4,9.6,4,9.0,3,8.1,7,7.4,5,10.8,5,10.0,6,8.8,6,8.8,5,7.4,5,6.9,6,9.1,7,9.3,6,10.2,7,2.3,7.0,12.3,7,10.4,7,5.9,6,9.4,7,12.3,7,12.9,6,12.4,6,13.0,7,10.1,6,11.9,4,13.3,7
2016-01-04 17:00:00,10.2,6,8.8,5,8.6,7,8.2,3,7.8,6,8.8,4,8.4,3,8.7,3,8.2,4,8.5,4,9.3,4,7.6,3,7.0,6,6.5,4,9.9,5,9.0,6,7.4,6,7.2,6,6.0,4,5.7,5,8.5,7,8.2,6,9.3,6,1.5,6.0,11.2,7,9.2,7,4.9,6,7.1,7,11.2,7,11.5,7,11.1,6,12.0,6,9.5,7,10.8,5,11.7,7
2016-01-04 18:00:00,10.0,6,8.4,5,8.4,6,7.6,3,7.1,6,8.6,4,7.9,2,7.9,3,7.9,4,7.9,3,9.0,3,6.5,3,6.0,6,5.7,3,9.1,5,8.1,6,6.3,7,6.0,6,4.9,4,4.7,5,7.9,7,7.2,5,8.5,6,1.1,5.0,10.3,7,8.2,7,4.2,7,5.5,7,10.2,7,10.4,7,10.0,7,11.1,6,9.0,7,10.0,5,10.4,7
2016-01-04 19:00:00,9.7,6,8.0,5,8.1,6,7.3,3,6.6,6,8.6,5,7.7,2,7.5,3,7.7,4,7.5,3,8.6,3,6.1,4,5.5,5,5.3,3,8.7,5,7.7,6,5.7,6,5.6,6,4.4,4,4.2,5,7.5,7,6.7,5,8.0,6,0.9,5.0,9.8,6,7.7,7,4.0,7,5.0,7,9.5,6,10.0,7,9.4,7,10.6,6,8.8,7,9.7,6,9.7,6
2016-01-04 20:00:00,9.4,5,7.6,5,7.8,5,7.2,3,6.3,6,8.8,5,7.7,3,7.4,4,7.4,4,7.2,4,8.3,4,6.0,5,5.3,5,5.2,4,8.6,4,7.6,6,5.6,5,5.6,6,4.2,5,4.0,4,7.2,7,6.5,5,7.8,6,1.0,5.0,9.6,6,7.7,7,4.0,7,5.4,7,9.1,6,10.0,6,9.2,6,10.4,6,8.7,7,9.6,6,9.5,6
2016-01-04 21:00:00,9.2,5,7.3,5,7.4,5,7.1,3,6.0,6,8.8,5,7.8,3,7.3,4,7.2,4,7.1,4,8.0,4,5.9,5,5.2,5,4.9,4,8.5,4,7.4,6,5.3,5,5.4,6,4.1,5,3.7,5,6.9,7,6.5,5,7.7,6,1.0,5.0,9.5,5,7.6,6,4.0,7,5.6,7,8.9,6,9.9,6,9.0,6,10.3,6,8.4,6,9.5,6,9.2,6
2016-01-04 22:00:00,9.0,5,7.0,5,7.1,5,7.1,3,5.8,6,8.9,5,8.0,4,7.3,4,6.9,4,7.0,4,7.9,5,5.9,5,5.2,5,4.6,4,8.4,4,7.2,6,5.2,5,5.3,5,4.0,6,3.4,5,6.6,6,6.4,5,7.6,6,0.9,5.0,9.3,5,7.6,6,3.9,7,5.8,7,8.8,6,9.8,6,8.9,6,10.3,6,8.2,6,9.3,6,9.1,6
2016-01-04 23:00:00,8.7,5,6.9,6,6.8,6,7.2,4,5.6,6,8.9,5,8.1,4,7.3,4,6.7,4,7.0,4,7.8,5,5.9,5,5.4,5,4.3,4,8.3,4,7.1,5,5.1,5,5.1,5,4.0,6,3.2,5,6.4,6,6.3,5,7.6,6,0.9,5.0,9.1,5,7.7,6,3.9,6,6.0,7,8.7,5,9.8,6,8.9,6,10.3,6,8.1,6,9.2,6,9.1,5
2016-01-05 00:00:00,8.5,5,6.8,6,6.7,6,7.3,4,5.4,6,8.9,5,8.1,5,7.3,4,6.6,4,7.1,4,7.7,5,5.9,5,5.5,5,4.2,5,8.2,4,7.1,5,5.0,5,4.9,5,3.9,6,3.2,5,6.3,6,6.1,5,7.5,6,0.9,5.0,8.8,4,7.8,6,3.9,6,6.1,7,8.6,5,9.8,6,9.0,6,10.3,6,8.2,6,9.1,5,9.0,5
2016-01-05 01:00:00,8.3,5,6.9,6,6.6,6,7.3,5,5.3,6,8.8,6,8.0,5,7.3,5,6.6,4,7.1,5,7.6,5,6.0,6,5.7,5,4.3,5,8.1,5,7.0,5,4.9,5,4.8,5,3.8,6,3.4,6,6.2,6,6.0,5,7.4,6,1.0,5.0,8.4,5,8.0,6,3.9,6,6.1,6,8.4,5,9.8,6,9.1,6,10.3,5,8.4,6,9.1,5,9.1,5
2016-01-05 02:00:00,8.2,6,7.0,6,6.6,6,7.4,5,5.2,5,8.6,6,7.9,5,7.3,5,6.6,5,7.1,5,7.5,4,6.1,6,5.9,5,4.5,5,7.9,6,7.0,5,4.9,5,4.9,5,3.8,6,3.7,6,6.1,6,5.9,5,7.2,6,1.3,5.0,8.1,5,8.1,5,3.8,6,6.0,6,8.1,5,9.9,5,9.3,5,10.2,5,8.8,5,9.1,5,9.0,5
2016-01-05 03:00:00,8.8,6,7.2,5,6.8,4,7.5,5,5.3,6,8.9,5,8.0,3,7.5,4,6.9,6,7.2,6,8.0,6,6.0,5,5.5,6,4.0,4,8.6,4,7.1,5,4.6,5,4.1,4,3.0,6,3.1,7,5.6,7,4.8,5,6.3,7,1.8,7.0,8.6,6,7.8,6,3.8,7,5.4,6,7.6,6,9.5,6,9.0,6,10.1,6,7.5,6,8.9,7,8.4,6
2016-01-05 04:00:00,8.7,6,7.4,5,6.9,5,7.6,5,5.5,6,9.0,5,7.9,3,7.5,4,6.9,6,7.2,6,8.0,6,6.0,6,5.6,6,4.0,5,8.5,4,7.1,5,4.6,4,4.3,3,3.2,6,2.7,7,5.6,7,4.9,4,6.2,7,1.8,7.0,8.4,5,7.3,7,3.5,7,5.4,4,7.5,5,9.2,6,8.6,6,9.7,6,7.4,6,8.8,7,8.3,6
2016-01-05 05:00:00,8.6,6,7.5,6,6.9,5,7.7,6,5.7,6,9.1,5,7.8,3,7.6,5,6.9,6,7.2,7,7.9,7,5.9,6,5.7,6,4.0,6,8.3,4,7.0,6,4.6,4,4.5,2,3.6,6,2.4,7,5.6,7,5.1,4,6.3,7,1.5,7.0,8.2,5,6.8,7,3.0,7,5.5,3,7.4,4,9.0,6,8.1,6,9.4,6,7.2,7,8.6,7,8.1,6
2016-01-05 06:00:00,8.6,6,7.4,6,6.8,6,7.8,6,6.0,6,9.2,5,7.6,3,7.6,5,6.9,7,7.1,7,7.8,7,5.8,7,5.8,7,4.1,6,8.1,5,6.8,6,4.4,5,4.7,2,4.0,6,2.3,7,5.5,7,5.3,4,6.3,7,0.7,7.0,8.0,6,6.5,7,2.8,7,5.5,2,7.3,3,8.9,5,7.9,6,9.3,6,7.0,7,8.2,7,8.1,5
2016-01-05 07:00:00,8.6,6,7.1,6,6.6,6,7.8,6,6.2,6,9.2,5,7.4,4,7.6,5,6.9,7,6.9,7,7.6,7,5.8,7,5.9,7,4.2,6,7.9,5,6.6,7,4.2,5,5.0,3,4.1,6,2.6,6,5.4,7,5.3,5,6.1,7,-0.5,7.0,7.9,6,6.7,7,2.9,7,5.5,2,7.3,2,9.0,5,8.1,6,9.5,6,6.9,6,7.7,7,8.5,5
2016-01-05 08:00:00,8.7,6,6.8,6,6.4,6,7.9,6,6.5,7,9.2,5,7.3,5,7.7,5,6.9,7,6.8,7,7.4,7,6.0,7,6.0,7,4.4,7,7.9,5,6.6,7,4.2,6,5.4,5,4.2,6,3.3,6,5.4,7,5.5,6,6.1,7,-1.5,7.0,8.0,6,7.3,7,3.3,7,5.8,2,7.6,2,9.2,5,8.6,6,9.9,6,6.9,6,7.5,6,9.2,4
2016-01-05 09:00:00,8.8,7,6.9,6,6.6,6,8.1,7,6.7,7,9.3,5,7.6,5,8.0,5,7.1,7,7.0,7,7.6,7,6.6,7,6.3,7,5.1,6,8.2,6,6.9,7,4.8,7,6.0,6,4.5,6,4.4,6,5.7,7,6.0,6,6.5,7,-1.3,7.0,8.4,7,8.1,7,3.9,7,6.6,2,8.3,3,9.8,5,9.4,6,10.6,5,7.2,5,7.8,5,10.3,3
2016-01-05 10:00:00,9.0,6,7.5,6,7.2,6,8.6,7,7.0,7,9.7,5,8.3,5,8.7,6,7.6,7,7.6,7,8.2,7,7.6,7,6.8,7,6.2,6,8.9,6,7.7,7,6.2,7,6.9,7,5.1,7,5.8,6,6.4,7,7.1,7,7.6,7,0.5,7.0,9.2,7,9.1,7,4.7,7,8.1,3,9.4,3,10.6,5,10.4,5,11.4,5,7.8,4,8.9,4,11.6,3
2016-01-05 11:00:00,9.3,6,8.4,6,8.0,6,9.3,7,7.4,7,10.1,5,9.3,5,9.5,6,8.2,7,8.4,7,9.0,7,8.7,7,7.5,7,7.5,5,9.8,6,8.9,7,7.8,7,8.0,6,6.0,7,7.1,5,7.3,7,8.4,7,9.0,7,3.1,6.0,10.3,7,10.0,7,5.5,7,9.8,4,10.7,4,11.6,5,11.3,5,12.2,4,8.6,3,10.5,3,12.9,2
2016-01-05 12:00:00,9.5,6,9.2,6,8.7,6,9.9,7,7.8,7,10.3,5,10.0,5,10.3,7,8.6,7,9.1,6,9.6,6,9.7,7,8.2,7,8.6,5,10.7,6,9.9,7,9.2,7,9.0,6,6.9,7,8.2,5,8.1,7,9.5,7,10.1,7,5.0,6.0,11.3,7,10.8,7,6.3,6,11.2,5,11.8,5,12.4,5,12.1,5,12.9,3,9.4,2,11.9,2,14.0,2
2016-01-05 13:00:00,9.6,6,9.6,6,8.9,7,10.2,7,8.3,7,10.2,5,10.3,5,10.7,7,8.7,7,9.3,6,9.8,6,10.2,7,8.8,7,9.1,5,11.3,6,10.6,7,9.8,6,9.7,6,7.6,7,8.7,5,8.6,7,10.1,7,10.5,7,5.3,6.0,12.1,7,11.2,7,6.9,6,11.7,5,12.4,5,12.9,5,12.5,5,13.4,3,10.0,2,12.7,1,14.5,2
2016-01-05 14:00:00,9.6,6,9.7,6,8.8,7,10.1,7,8.6,7,9.8,5,10.1,6,10.8,6,8.7,7,9.3,6,9.7,6,10.1,7,9.0,7,9.0,6,11.6,6,10.8,7,9.7,6,9.9,6,7.9,7,8.5,5,8.8,7,10.1,7,10.4,7,4.5,7.0,12.5,7,11.3,7,7.2,6,11.3,5,12.4,6,13.1,5,12.5,5,13.6,3,10.4,2,12.8,1,14.5,3
2016-01-05 15:00:00,9.7,6,9.9,7,8.9,7,9.8,6,8.9,7,9.3,5,9.6,5,10.5,6,8.8,7,9.5,7,9.8,7,9.5,7,8.7,7,8.2,7,11.3,5,10.6,6,9.1,7,9.3,7,7.7,7,7.5,7,8.2,7,9.0,5,9.9,7,2.9,7.0,11.8,6,10.6,6,6.5,5,9.7,3,11.5,4,12.7,3,12.3,3,13.1,2,10.8,2,13.0,2,13.8,4
2016-01-05 16:00:00,9.8,6,9.6,6,8.9,7,9.3,6,8.6,7,9.0,4,9.2,5,9.8,5,8.5,7,9.1,7,9.6,7,8.5,6,8.1,7,7.6,7,10.7,5,9.8,7,8.0,7,8.1,7,7.1,6,6.8,7,7.6,7,8.0,5,9.3,7,2.2,7.0,11.0,6,9.6,6,5.5,5,7.8,3,10.6,3,11.5,4,11.4,4,12.2,2,10.1,2,11.9,2,12.5,4
2016-01-05 17:00:00,9.9,6,9.1,6,8.8,7,8.7,5,8.1,7,8.9,3,8.7,5,9.1,5,8.3,7,8.7,7,9.4,7,7.5,6,7.2,6,7.0,7,9.9,4,8.7,6,6.7,7,6.7,7,6.2,6,6.0,7,6.9,7,6.9,5,8.5,7,1.9,7.0,10.0,6,8.4,5,4.2,4,5.7,2,9.6,3,10.1,4,10.1,4,11.0,2,9.1,2,10.5,2,11.0,4
2016-01-05 18:00:00,9.9,6,8.6,6,8.6,7,8.2,5,7.6,7,8.8,3,8.4,5,8.4,4,8.1,7,8.2,7,9.2,7,6.7,5,6.4,6,6.4,7,9.2,3,7.9,6,5.7,7,5.6,6,5.3,6,5.4,7,6.3,7,6.1,5,7.9,7,1.6,7.0,9.1,5,7.3,5,3.1,4,4.3,3,8.7,3,9.0,4,9.0,5,9.9,2,8.2,2,9.3,2,9.6,5
2016-01-05 19:00:00,9.8,6,8.3,6,8.4,6,7.9,5,7.2,7,8.7,3,8.2,4,8.0,4,8.0,7,7.8,7,8.9,7,6.4,5,6.0,6,6.1,7,8.7,3,7.5,6,5.2,7,5.3,6,4.8,6,5.2,6,6.0,7,5.7,5,7.4,6,1.2,7.0,8.8,5,6.5,5,2.5,4,3.9,4,8.2,3,8.5,4,8.2,5,9.1,2,7.5,2,8.6,2,8.6,4
2016-01-05 20:00:00,9.6,5,8.2,6,8.2,6,7.8,5,6.9,6,8.7,4,8.2,4,7.8,5,7.9,7,7.5,7,8.6,7,6.5,5,5.9,6,5.9,6,8.3,3,7.5,5,5.2,6,5.4,6,4.5,6,5.2,6,6.0,7,5.7,5,7.1,6,0.7,7.0,8.8,5,6.0,5,2.2,5,4.2,5,7.8,4,8.5,3,7.6,4,8.7,2,7.0,2,8.4,2,7.9,4
2016-01-05 21:00:00,9.3,5,8.0,6,8.0,6,7.7,5,6.7,6,8.6,4,8.0,4,7.6,5,7.8,6,7.4,6,8.4,6,6.5,5,5.8,6,5.7,6,8.0,3,7.4,4,5.0,6,5.2,6,4.3,6,5.1,6,5.7,7,5.6,5,6.8,6,0.4,7.0,8.6,5,5.7,5,2.0,5,4.4,6,7.4,5,8.3,3,7.2,4,8.4,2,6.4,2,8.2,2,7.2,4
2016-01-05 22:00:00,9.0,5,7.8,6,7.7,6,7.6,5,6.4,6,8.5,4,7.9,4,7.4,5,7.6,6,7.4,6,8.3,6,6.6,5,5.8,6,5.6,6,7.8,3,7.3,4,5.0,6,5.1,6,4.1,6,4.9,6,5.5,7,5.6,5,6.5,6,0.1,6.0,8.4,5,5.6,5,1.8,5,4.6,6,7.1,5,8.1,2,6.9,4,8.2,2,6.0,3,8.1,2,6.8,3
2016-01-05 23:00:00,8.7,5,7.6,6,7.5,6,7.6,5,6.2,5,8.5,4,7.8,5,7.3,5,7.5,6,7.5,6,8.2,6,6.5,5,5.9,6,5.5,6,7.7,4,7.3,5,5.0,5,4.8,6,3.9,6,4.6,6,5.4,7,5.5,5,6.3,6,-0.1,6.0,8.2,5,5.6,4,1.8,5,4.7,6,6.8,5,8.0,3,6.8,4,8.1,3,5.7,3,8.0,2,6.5,3
2016-01-06 00:00:00,8.4,5,7.4,6,7.2,6,7.6,6,6.0,5,8.4,5,7.7,5,7.2,5,7.3,6,7.5,6,8.0,6,6.5,5,5.9,5,5.4,6,7.6,4,7.2,5,5.0,5,4.7,6,3.7,6,4.3,6,5.2,6,5.5,5,6.2,6,-0.2,6.0,8.0,5,5.7,4,1.7,5,4.7,6,6.6,5,8.0,3,6.9,4,8.0,3,5.6,3,7.9,2,6.3,3
2016-01-06 01:00:00,8.0,5,7.2,6,7.0,6,7.5,6,5.7,5,8.4,5,7.6,5,7.1,5,7.2,6,7.5,6,7.9,6,6.4,6,6.0,5,5.3,6,7.6,5,7.1,5,4.9,5,4.6,5,3.5,6,4.1,6,5.1,6,5.5,5,6.1,6,-0.4,6.0,7.8,5,5.9,5,1.7,5,4.7,6,6.5,5,8.0,3,7.0,5,8.1,4,5.7,4,7.7,3,6.3,3
2016-01-06 02:00:00,7.7,5,7.0,6,6.7,6,7.4,6,5.5,5,8.3,5,7.5,5,7.0,5,7.0,5,7.3,5,7.7,6,6.3,6,6.0,5,5.2,6,7.6,5,7.0,5,4.8,5,4.7,5,3.4,6,4.0,6,4.9,6,5.6,5,6.0,5,-0.6,5.0,7.7,5,6.1,5,1.6,5,4.6,6,6.6,5,8.0,4,7.2,5,8.1,4,5.9,4,7.4,4,6.3,4
2016-01-06 03:00:00,8.5,6,7.2,6,7.3,6,7.4,5,5.9,7,8.8,4,7.7,5,7.4,5,7.4,6,7.4,6,8.3,6,6.5,7,6.1,6,4.7,6,8.3,5,7.3,5,5.2,6,4.8,7,3.2,6,3.1,6,5.3,6,5.1,6,5.6,6,-0.7,7.0,8.4,6,5.4,4,1.0,5,4.5,6,6.8,6,7.9,4,6.7,4,7.6,3,4.8,3,7.0,2,6.9,4
2016-01-06 04:00:00,8.2,6,7.0,6,7.1,6,7.2,5,6.0,7,8.8,4,7.6,5,7.1,4,7.2,6,7.2,6,8.1,6,6.4,7,6.0,6,4.7,6,8.1,4,7.1,5,5.3,6,5.1,7,3.4,6,2.9,6,5.4,6,5.4,6,5.5,6,-0.7,7.0,8.3,6,5.1,5,0.4,5,4.8,6,6.9,6,8.0,5,6.6,5,7.5,3,4.7,4,6.6,2,6.8,4
2016-01-06 05:00:00,7.9,6,6.7,6,6.9,6,7.1,4,6.1,7,8.9,4,7.3,5,6.9,3,7.0,6,7.1,6,7.9,6,6.2,7,6.0,6,4.7,6,7.9,4,6.8,5,5.3,6,5.3,7,3.7,6,2.7,7,5.6,7,5.7,6,5.6,7,-0.9,7.0,8.2,5,4.8,5,-0.2,5,5.1,5,6.9,6,8.1,5,6.4,5,7.3,3,4.6,4,6.3,3,6.6,4
2016-01-06 06:00:00,7.7,6,6.4,6,6.7,7,7.1,4,6.3,6,8.9,4,7.1,5,6.7,3,6.8,7,7.0,7,7.7,7,6.0,7,5.9,7,4.8,7,7.6,4,6.6,6,5.2,6,5.4,7,4.0,6,2.6,7,5.7,7,5.8,6,5.6,7,-1.6,7.0,8.0,5,4.7,6,-0.5,5,5.3,5,6.9,6,8.2,5,6.4,5,7.3,3,4.5,4,6.0,3,6.7,4
2016-01-06 07:00:00,7.6,6,6.1,6,6.4,7,7.2,4,6.4,7,8.9,5,7.0,5,6.7,3,6.6,7,6.8,7,7.4,7,6.0,7,5.9,7,4.9,7,7.4,4,6.5,6,4.9,6,5.5,7,4.2,6,2.6,7,5.7,7,5.7,6,5.6,7,-2.6,7.0,7.9,5,4.9,6,-0.2,5,5.3,5,7.0,6,8.3,6,6.7,5,7.6,4,4.6,4,6.0,4,7.3,4
2016-01-06 08:00:00,7.5,7,6.1,5,6.3,7,7.3,5,6.5,7,9.0,6,7.1,5,7.0,4,6.5,7,6.7,7,7.2,7,6.2,7,6.1,7,5.0,7,7.5,5,6.5,6,4.7,6,5.7,7,4.4,7,2.9,7,5.6,7,5.6,7,5.6,7,-3.4,7.0,8.0,5,5.4,6,0.6,6,5.4,6,7.4,6,8.6,6,7.4,5,8.1,4,4.9,4,6.3,4,8.4,4
2016-01-06 09:00:00,7.6,7,6.3,6,6.4,7,7.7,5,6.6,7,9.2,6,7.4,5,7.5,5,6.7,7,6.9,7,7.4,7,6.7,7,6.4,7,5.5,7,7.9,5,6.9,7,5.0,7,6.1,7,4.7,7,3.6,7,5.9,7,5.9,7,6.0,7,-3.1,7.0,8.4,5,6.2,6,1.7,6,6.0,7,8.1,6,9.2,6,8.4,5,8.9,4,5.5,4,7.2,5,9.7,4
2016-01-06 10:00:00,7.8,7,7.0,6,6.9,7,8.3,6,6.9,7,9.5,6,8.0,5,8.3,6,7.2,7,7.5,7,8.0,7,7.6,7,6.8,7,6.3,7,8.7,5,7.7,7,6.0,7,6.8,7,5.2,7,4.7,7,6.6,7,6.7,7,6.8,7,-1.3,7.0,9.3,5,7.3,6,3.0,6,7.2,7,9.2,6,10.1,5,9.6,5,9.9,4,6.6,4,8.7,5,11.1,3
2016-01-06 11:00:00,8.0,6,7.8,6,7.6,7,9.0,6,7.2,7,10.0,5,8.7,4,9.2,6,7.8,7,8.2,7,8.7,7,8.6,7,7.2,7,7.3,7,9.6,5,8.6,7,7.4,7,7.7,7,5.9,7,5.9,7,7.4,7,7.8,7,7.8,7,1.2,7.0,10.3,5,8.5,5,4.2,5,8.7,7,10.4,6,11.2,5,10.9,5,10.9,4,7.8,4,10.5,4,12.4,3
2016-01-06 12:00:00,8.2,6,8.5,6,8.2,7,9.5,6,7.6,7,10.3,5,9.4,5,10.0,6,8.3,7,8.8,7,9.3,7,9.4,7,7.7,7,8.0,7,10.5,5,9.5,7,8.6,7,8.5,6,6.6,7,6.9,7,8.2,7,8.8,7,8.6,7,3.0,7.0,11.4,5,9.6,5,5.3,5,10.0,7,11.4,5,12.2,4,11.9,5,11.8,4,9.0,4,12.0,4,13.4,3
2016-01-06 13:00:00,8.3,5,8.9,6,8.5,7,9.8,6,8.0,7,10.5,5,9.8,5,10.6,6,8.4,6,9.1,6,9.4,6,9.8,7,8.1,7,8.2,7,11.1,5,10.1,7,9.2,7,9.1,6,7.1,7,7.3,7,8.6,7,9.3,7,9.1,7,3.3,7.0,12.2,5,10.3,5,6.0,5,10.7,7,12.0,6,12.8,4,12.4,4,12.4,3,9.8,4,12.8,3,13.9,4
2016-01-06 14:00:00,8.4,5,8.9,6,8.4,6,9.8,5,8.2,7,10.6,6,10.0,6,10.9,6,8.3,6,9.0,6,9.2,6,9.7,6,8.2,7,7.9,7,11.4,6,10.3,6,9.2,6,9.2,6,7.4,7,7.3,7,8.7,7,9.4,6,9.1,7,2.7,7.0,12.5,6,10.6,5,6.3,5,10.7,6,12.2,6,12.8,4,12.4,4,12.5,3,10.2,4,13.0,2,13.9,5
2016-01-06 15:00:00,8.0,6,8.2,7,8.0,7,9.2,5,8.2,7,9.9,7,9.4,6,10.3,6,7.4,6,8.3,6,8.7,6,8.6,7,7.8,7,7.1,7,11.3,6,10.0,5,8.5,5,8.5,6,6.8,7,6.2,7,8.8,5,8.8,6,8.7,6,1.1,7.0,12.3,7,9.7,4,5.2,4,9.0,7,11.2,7,12.4,4,11.7,4,11.7,5,9.9,4,12.2,3,13.5,4
2016-01-06 16:00:00,8.0,5,7.7,6,7.6,6,8.6,5,7.7,6,9.7,7,9.0,6,9.6,6,7.2,5,7.9,6,8.5,6,7.5,6,7.1,6,6.6,6,10.7,6,9.2,5,7.6,5,7.4,5,6.2,6,5.6,7,8.3,5,7.9,5,8.2,6,0.8,7.0,11.6,7,8.7,4,4.5,3,7.5,6,10.6,6,11.5,4,10.7,4,11.1,4,9.5,3,11.2,2,12.5,4
2016-01-06 17:00:00,8.0,5,7.2,5,7.1,6,7.9,5,7.0,6,9.6,7,8.6,6,8.9,6,7.0,5,7.5,5,8.3,5,6.3,5,6.2,6,6.1,5,9.9,6,8.3,5,6.5,5,6.1,5,5.2,6,4.9,7,7.7,5,6.9,5,7.6,6,0.8,7.0,10.6,6,7.4,3,3.7,2,6.0,4,10.0,5,10.5,4,9.6,4,10.2,3,8.9,2,10.0,2,11.2,4
2016-01-06 18:00:00,8.0,4,6.9,4,6.7,6,7.5,5,6.4,6,9.7,7,8.4,6,8.4,7,6.8,5,7.1,5,8.0,5,5.5,5,5.4,5,5.6,4,9.3,6,7.6,6,5.6,5,5.2,4,4.4,6,4.4,7,7.1,5,6.1,5,7.0,5,0.9,6.0,9.8,6,6.3,3,3.0,1,5.0,4,9.3,5,9.7,4,8.5,4,9.4,2,8.2,1,9.0,2,10.1,4
2016-01-06 19:00:00,7.9,4,6.8,4,6.5,6,7.7,5,6.0,6,10.1,7,8.7,7,8.5,7,6.6,5,6.8,5,7.7,5,5.3,5,5.0,5,5.3,4,9.1,6,7.5,6,5.3,5,5.0,3,3.9,6,4.3,7,6.8,6,5.8,5,6.5,5,0.7,6.0,9.5,6,5.7,3,2.6,1,5.0,4,8.7,5,9.3,4,7.8,4,8.8,1,7.7,1,8.4,2,9.3,4
2016-01-06 20:00:00,7.8,4,6.9,5,6.4,6,8.1,5,5.8,6,10.8,7,9.3,7,9.0,7,6.6,6,6.7,6,7.4,6,5.5,5,5.0,5,5.0,5,9.2,6,7.8,5,5.3,6,5.2,3,3.7,6,4.5,7,6.6,6,5.8,5,6.1,5,0.3,6.0,9.6,6,5.5,3,2.4,1,5.6,5,8.3,5,9.1,5,7.4,5,8.3,2,7.2,2,8.1,2,8.7,5
2016-01-06 21:00:00,7.7,4,6.9,6,6.3,6,8.4,6,5.5,6,11.2,7,9.9,7,9.4,6,6.6,6,6.7,6,7.3,6,5.6,5,5.0,5,4.9,5,9.4,6,7.9,5,5.2,6,5.2,3,3.5,6,4.3,7,6.5,6,5.8,5,5.8,5,-0.1,5.0,9.5,6,5.3,3,2.2,2,6.2,5,7.9,5,8.7,5,7.1,5,7.9,2,6.9,2,7.9,2,8.2,5
2016-01-06 22:00:00,7.7,5,6.9,6,6.2,6,8.6,6,5.3,5,11.5,7,10.4,7,9.8,6,6.8,6,6.8,6,7.3,6,5.8,6,5.0,5,4.9,5,9.7,6,8.0,6,5.3,6,5.1,4,3.4,5,4.1,7,6.5,6,5.8,5,5.7,5,-0.4,5.0,9.5,6,5.2,3,2.1,2,6.6,5,7.7,5,8.5,5,6.9,4,7.6,2,6.6,3,7.8,2,7.7,5
2016-01-06 23:00:00,7.8,5,6.9,6,6.2,6,8.6,6,5.1,5,11.7,7,10.8,6,10.2,6,6.9,6,7.0,6,7.4,6,5.9,6,5.2,5,4.8,4,10.1,6,8.1,6,5.3,6,5.1,4,3.3,4,4.0,6,6.4,6,5.8,6,5.6,5,-0.7,5.0,9.6,6,5.3,3,2.0,3,6.8,5,7.6,4,8.3,5,6.9,4,7.5,3,6.3,3,7.8,3,7.4,5
2016-01-07 00:00:00,7.8,5,7.0,6,6.2,6,8.7,6,5.0,5,11.7,6,10.9,6,10.4,6,7.1,5,7.2,6,7.4,6,6.0,6,5.3,5,4.8,4,10.4,6,8.2,6,5.3,6,5.1,5,3.3,4,3.9,6,6.4,6,6.0,6,5.7,5,-0.9,5.0,9.8,6,5.6,3,2.0,3,7.0,5,7.6,4,8.2,5,7.0,4,7.5,3,6.1,3,7.7,3,7.2,5
2016-01-07 01:00:00,7.8,6,7.1,6,6.2,6,8.8,6,5.0,5,11.6,6,10.8,6,10.5,6,7.2,5,7.3,5,7.4,5,6.1,6,5.6,5,4.8,5,10.7,6,8.3,6,5.4,6,5.4,5,3.4,4,3.9,6,6.4,5,6.2,5,5.7,5,-0.9,5.0,10.0,6,5.9,3,2.0,4,7.3,5,7.7,4,8.2,5,7.3,5,7.6,3,6.0,4,7.5,4,7.1,5
2016-01-07 02:00:00,7.8,6,7.3,7,6.3,6,9.1,6,5.0,6,11.3,6,10.5,6,10.6,6,7.4,5,7.5,5,7.5,5,6.2,7,5.8,5,4.9,5,10.9,6,8.5,6,5.5,6,5.7,5,3.4,5,3.9,6,6.5,6,6.6,5,5.8,5,-0.9,5.0,10.3,6,6.3,4,1.9,4,7.7,5,7.8,4,8.2,5,7.6,5,7.7,4,5.8,4,7.3,4,7.0,5
2016-01-07 03:00:00,8.7,7,7.4,6,6.6,7,8.9,7,5.5,6,11.8,7,11.2,6,10.8,6,7.7,6,7.9,7,8.5,7,6.1,6,5.6,5,4.1,5,12.0,6,9.3,6,5.9,7,5.4,7,3.0,6,2.8,4,7.3,7,5.8,6,5.6,4,-0.7,5.0,10.6,6,5.4,6,1.7,6,8.1,5,7.9,4,8.5,5,7.2,6,7.9,5,5.3,3,6.8,4,6.8,6
2016-01-07 04:00:00,9.1,7,7.9,6,6.8,7,9.7,7,5.7,6,11.6,7,11.3,6,11.2,6,8.0,6,8.2,7,8.8,7,6.1,6,5.8,5,4.3,4,12.4,6,9.9,6,6.2,6,5.5,6,3.3,6,2.5,4,7.7,7,6.3,6,5.6,4,-0.5,5.0,11.2,6,5.4,6,1.5,6,8.5,5,8.2,4,8.5,5,7.2,6,8.0,6,5.3,4,6.7,4,6.9,5
2016-01-07 05:00:00,9.5,7,8.4,6,7.1,6,10.5,6,6.0,6,11.5,7,11.3,6,11.6,6,8.4,7,8.5,6,9.1,6,6.0,6,6.0,6,4.6,4,12.6,5,10.4,6,6.4,6,5.7,6,3.7,7,2.4,4,8.2,6,6.8,6,5.8,5,-0.5,5.0,11.7,6,5.3,7,1.2,7,8.9,5,8.5,4,8.5,5,7.2,6,8.1,6,5.3,4,6.7,4,7.2,5
2016-01-07 06:00:00,9.8,7,8.5,7,7.3,6,10.9,6,6.3,6,11.3,7,11.1,6,11.7,6,8.6,7,8.7,6,9.2,6,6.1,7,6.1,7,4.8,4,12.5,5,10.6,6,6.5,6,6.0,6,4.2,7,2.4,5,8.5,6,7.2,6,5.9,5,-0.9,5.0,12.0,6,5.1,7,1.0,7,9.1,5,8.7,4,8.5,5,7.1,6,8.2,5,5.4,5,6.7,4,7.6,6
2016-01-07 07:00:00,9.8,7,8.2,7,7.5,7,10.8,6,6.7,6,11.0,6,10.5,6,11.4,6,8.7,7,8.8,7,9.2,7,6.5,7,6.1,7,4.8,5,12.0,6,10.3,7,6.5,6,6.7,6,4.5,7,2.7,5,8.7,6,7.4,6,5.9,6,-1.7,6.0,11.9,6,5.0,7,1.0,6,9.3,5,8.9,5,8.5,5,7.0,7,8.3,5,5.5,5,6.7,5,8.2,6
2016-01-07 08:00:00,9.6,7,7.9,7,7.7,7,10.3,6,7.3,6,10.6,5,9.8,6,10.9,6,8.8,7,8.9,7,9.2,7,7.3,7,6.0,7,4.7,6,11.3,7,9.9,7,6.7,7,7.7,7,4.8,7,3.3,6,8.9,7,7.7,6,5.9,7,-2.3,6.0,11.6,7,5.2,7,1.3,6,9.8,6,9.4,6,8.6,6,7.1,7,8.6,5,5.7,5,7.0,5,9.2,6
2016-01-07 09:00:00,9.5,7,7.9,7,8.1,7,9.9,6,8.0,7,10.3,5,9.2,6,10.4,7,9.0,7,9.3,7,9.5,7,8.4,7,6.3,7,5.1,7,10.7,7,9.8,7,7.6,7,9.0,7,5.3,7,4.2,6,9.2,7,8.4,7,6.4,7,-1.9,7.0,11.6,7,5.7,7,1.9,6,10.7,6,10.4,6,9.0,7,7.6,7,9.2,6,6.2,5,7.8,5,10.6,6
2016-01-07 10:00:00,9.5,7,8.5,7,8.7,7,9.7,7,8.8,7,10.2,5,9.1,5,10.2,7,9.5,7,10.1,7,10.2,7,9.9,7,7.0,7,6.0,7,10.5,7,10.3,7,9.3,7,10.4,7,6.1,7,5.4,7,9.8,8,9.8,7,7.4,7,0.1,7.0,12.1,7,6.7,7,2.7,6,12.2,6,12.0,6,9.6,7,8.6,7,10.1,6,7.0,6,9.3,5,12.6,6
2016-01-07 11:00:00,9.6,7,9.4,7,9.5,7,9.7,7,9.6,7,10.3,5,9.2,5,10.2,7,10.1,7,10.9,7,11.0,7,11.3,7,7.9,7,7.2,7,10.6,7,11.2,7,11.2,7,11.6,7,7.0,7,6.6,7,10.6,8,11.5,7,8.8,7,2.6,7.0,12.8,7,7.9,7,3.7,6,13.9,6,13.9,6,10.4,7,9.8,7,11.2,6,8.0,6,11.0,5,14.6,6
2016-01-07 12:00:00,9.7,7,10.1,7,10.0,7,9.7,7,10.1,7,10.3,5,9.4,5,10.3,7,10.5,7,11.5,7,11.6,7,12.4,7,8.8,7,8.1,7,10.9,6,11.9,7,12.6,7,12.4,7,7.9,7,7.7,7,11.2,7,12.9,7,9.9,7,4.5,7.0,13.7,6,9.1,7,4.6,6,15.2,6,15.5,5,11.1,7,10.8,7,12.1,6,9.0,6,12.4,4,16.0,5
2016-01-07 13:00:00,9.6,6,10.2,6,10.2,7,9.6,7,10.3,7,10.2,4,9.4,5,10.4,7,10.5,7,11.6,7,11.6,7,12.7,7,9.4,7,8.4,7,11.3,6,12.2,7,12.9,7,12.6,7,8.5,7,8.5,7,11.5,7,13.5,7,10.5,7,4.8,7.0,14.4,6,9.9,7,5.3,7,15.6,6,16.3,5,11.6,6,11.3,7,12.6,6,9.8,6,13.1,4,16.4,5
2016-01-07 14:00:00,9.5,5,9.8,5,10.0,6,9.4,6,10.1,7,9.8,3,9.2,4,10.4,6,10.1,7,11.2,7,11.3,7,12.4,7,9.7,7,8.4,7,11.5,6,12.0,7,12.4,7,12.3,7,8.9,7,9.0,7,11.5,7,13.3,7,10.7,7,4.1,7.0,14.8,7,10.4,7,5.7,7,15.1,6,16.2,6,11.7,6,11.4,6,12.8,6,10.3,6,13.1,4,15.9,5
2016-01-07 15:00:00,9.0,6,8.9,5,9.3,6,9.1,5,9.4,7,8.9,2,8.9,3,10.0,5,9.0,5,10.1,6,10.2,6,11.0,6,9.4,6,8.5,6,11.1,6,11.1,5,10.6,7,11.2,6,9.0,7,8.3,7,10.7,7,11.8,7,10.7,7,3.8,7.0,14.3,7,11.4,7,6.3,7,14.7,6,15.8,7,13.0,6,12.3,7,13.3,7,11.2,5,13.3,4,16.2,6
2016-01-07 16:00:00,8.9,5,8.5,4,8.7,4,8.5,4,8.6,6,8.5,2,8.3,3,9.1,4,8.3,5,9.2,5,9.4,5,9.6,5,8.9,5,8.6,6,10.3,6,10.1,5,9.1,7,9.9,6,8.3,7,8.3,7,10.0,7,10.7,6,10.4,7,3.4,7.0,13.4,7,10.8,7,6.3,7,13.0,5,14.6,7,12.3,6,11.8,6,12.9,6,11.0,5,12.6,4,14.9,6
2016-01-07 17:00:00,8.9,3,8.1,3,7.8,3,7.8,4,7.7,5,8.2,2,7.6,3,8.0,4,7.5,4,8.2,4,8.6,4,8.1,5,8.2,4,8.4,5,9.2,5,8.9,5,7.6,7,8.4,5,7.4,6,8.4,6,9.2,7,9.5,6,10.1,7,3.4,7.0,12.2,7,9.9,7,6.2,6,11.3,4,13.3,6,11.6,6,11.2,6,12.4,6,10.6,5,11.8,4,13.4,5
2016-01-07 18:00:00,8.9,2,7.6,3,7.1,2,7.2,3,6.8,3,7.9,2,7.0,3,7.1,4,6.9,3,7.4,3,8.0,3,6.8,5,7.4,4,8.1,5,8.2,5,7.9,6,6.4,6,7.0,5,6.4,5,8.2,6,8.5,7,8.5,5,9.8,7,3.5,7.0,11.1,7,9.1,6,5.9,6,9.8,4,12.2,5,11.0,6,10.6,6,11.8,5,10.2,5,11.2,4,12.1,5
2016-01-07 19:00:00,8.7,2,7.2,2,6.6,1,6.7,3,5.9,2,7.8,2,6.7,2,6.5,4,6.5,2,6.8,2,7.6,2,5.9,5,6.5,3,7.6,5,7.6,5,7.3,6,5.8,6,6.0,5,5.6,5,7.7,6,8.1,7,8.0,5,9.4,7,3.4,7.0,10.5,7,8.6,7,5.6,6,8.8,4,11.6,5,10.8,6,10.2,6,11.3,5,9.9,5,10.9,4,11.2,5
2016-01-07 20:00:00,8.5,2,6.7,2,6.4,1,6.4,2,5.1,2,7.8,2,6.6,2,6.1,4,6.3,2,6.5,2,7.4,2,5.2,4,5.7,3,6.9,5,7.3,5,7.0,6,5.7,5,5.4,5,5.0,6,7.0,6,7.8,6,7.8,5,8.9,7,3.2,7.0,10.3,7,8.4,7,5.3,6,8.3,5,11.2,5,10.8,6,9.9,6,10.9,6,9.7,4,10.9,5,10.7,5
2016-01-07 21:00:00,8.3,2,6.3,2,6.0,2,6.2,3,4.5,2,7.7,3,6.5,2,5.8,3,6.1,2,6.2,1,7.3,2,4.9,4,5.2,3,6.5,5,6.9,4,6.8,6,5.6,5,4.9,5,4.4,6,6.6,6,7.6,6,7.6,5,8.5,7,2.9,6.0,10.2,7,8.1,7,5.1,6,8.2,6,10.9,5,10.6,6,9.7,6,10.6,5,9.5,4,10.8,4,10.1,4
2016-01-07 22:00:00,8.0,2,5.9,2,5.7,2,6.1,3,4.1,2,7.7,3,6.4,2,5.6,3,5.8,2,6.0,1,7.1,2,4.8,4,4.8,4,6.1,5,6.6,4,6.5,6,5.3,5,4.6,6,4.0,6,6.1,6,7.3,6,7.3,5,8.2,6,2.6,6.0,9.9,6,8.0,6,5.1,6,8.3,6,10.4,5,10.4,6,9.5,6,10.3,5,9.3,4,10.6,4,9.7,5
2016-01-07 23:00:00,7.7,2,5.6,3,5.4,3,6.1,3,3.9,2,7.8,3,6.4,3,5.5,3,5.4,2,5.8,1,6.8,2,4.7,4,4.5,4,5.6,5,6.4,3,6.1,6,4.8,5,4.3,6,3.7,5,5.6,6,6.9,6,7.0,5,8.0,6,2.3,6.0,9.5,6,7.8,6,5.2,5,8.4,6,9.9,5,10.2,6,9.3,6,10.1,5,9.1,4,10.5,4,9.4,5
2016-01-08 00:00:00,7.4,3,5.4,3,5.2,4,6.1,3,3.7,3,7.8,4,6.4,3,5.4,3,5.0,2,5.5,1,6.5,2,4.7,4,4.4,4,5.2,5,6.2,3,5.7,6,4.4,5,4.2,6,3.5,5,5.2,6,6.6,6,6.6,5,7.9,6,2.2,6.0,9.2,6,7.7,6,5.1,5,8.4,6,9.4,4,9.9,5,9.1,6,9.9,5,9.0,5,10.3,4,9.2,5
2016-01-08 01:00:00,7.1,3,5.2,4,5.0,4,6.0,3,3.5,3,7.9,4,6.4,3,5.4,4,4.7,2,5.2,1,6.1,2,4.6,3,4.4,4,4.9,5,6.1,4,5.4,6,4.2,5,4.2,5,3.3,5,4.7,6,6.4,6,6.3,5,8.0,6,2.3,5.0,9.0,6,7.6,6,5.0,5,8.2,6,9.1,4,9.7,5,9.0,5,9.8,5,8.8,5,10.1,4,9.1,5
2016-01-08 02:00:00,6.9,4,5.1,4,4.8,5,5.9,4,3.2,3,8.0,4,6.4,4,5.4,4,4.5,2,4.8,1,5.7,2,4.4,3,4.4,4,4.6,5,6.0,5,5.2,6,4.0,5,4.3,5,3.3,5,4.3,6,6.3,6,6.0,5,7.9,5,2.5,5.0,8.9,6,7.5,5,4.8,5,7.9,6,8.9,4,9.5,5,8.9,5,9.7,5,8.7,5,9.9,4,9.0,5
2016-01-08 03:00:00,7.9,5,5.8,3,5.1,5,6.2,5,3.7,4,8.6,4,7.3,4,6.2,3,4.8,4,5.3,4,6.0,4,4.4,4,3.7,5,2.8,2,7.7,3,6.2,7,4.9,6,4.6,6,2.9,6,2.7,4,6.9,6,6.7,7,7.7,6,2.9,6.0,9.3,7,7.9,7,4.7,7,8.0,7,9.4,7,9.9,6,9.2,6,10.1,5,9.0,5,10.1,5,8.6,5
2016-01-08 04:00:00,7.7,5,5.7,4,4.8,5,6.2,5,3.4,5,8.8,4,7.5,4,6.4,4,4.7,5,5.0,5,5.8,5,4.1,4,3.5,5,2.6,2,7.8,4,6.0,7,4.8,6,4.6,6,3.0,6,2.3,4,6.8,6,6.7,7,7.6,6,3.0,6.0,9.3,7,7.7,7,4.5,7,8.1,7,9.4,7,9.9,6,9.1,6,10.0,5,8.7,5,9.9,5,8.4,5
2016-01-08 05:00:00,7.5,6,5.5,5,4.6,6,6.2,5,3.1,6,9.1,3,7.6,4,6.7,5,4.6,5,4.7,5,5.7,5,3.8,5,3.3,6,2.4,2,7.8,5,5.8,6,4.4,5,4.6,6,3.2,7,2.0,5,6.8,6,6.9,6,7.7,6,2.9,6.0,9.4,7,7.5,7,4.3,7,8.3,7,9.4,7,10.0,6,9.1,7,10.0,5,8.3,5,9.7,5,8.3,6
2016-01-08 06:00:00,7.5,6,5.3,6,4.4,6,6.4,5,3.1,7,9.3,2,7.7,4,7.0,6,4.6,5,4.5,5,5.6,5,3.8,5,3.3,6,2.4,2,7.8,5,5.6,6,4.1,5,4.8,6,3.6,7,1.9,5,6.7,6,7.0,6,7.8,6,2.3,6.0,9.5,6,7.4,7,4.2,7,8.3,7,9.3,7,10.1,7,9.2,7,10.1,6,8.1,6,9.5,5,8.4,6
2016-01-08 07:00:00,7.7,6,5.3,6,4.5,7,6.7,5,3.6,7,9.5,2,7.8,4,7.4,6,4.8,6,4.6,5,5.6,5,4.2,5,3.8,6,2.7,3,7.9,4,5.7,6,4.0,5,5.2,6,4.0,7,2.3,5,6.6,6,7.1,6,7.9,6,1.1,7.0,9.5,6,7.5,7,4.3,7,8.0,7,9.2,7,10.2,7,9.4,7,10.5,6,8.1,6,9.2,6,8.9,7
2016-01-08 08:00:00,8.1,5,5.5,6,4.8,7,7.2,5,4.4,7,9.7,2,8.0,4,7.8,5,5.1,6,5.1,6,5.9,6,5.1,6,4.6,6,3.3,3,8.2,4,6.1,6,4.3,5,5.9,6,4.5,6,3.0,6,6.6,7,7.4,6,8.0,7,0.1,7.0,9.6,6,7.9,7,4.7,7,7.7,7,9.2,7,10.4,7,9.9,7,11.2,6,8.3,6,9.1,6,9.8,7
2016-01-08 09:00:00,8.5,5,6.1,6,5.4,7,7.9,5,5.4,7,10.0,2,8.4,5,8.5,4,5.8,7,5.9,6,6.5,6,6.3,6,5.6,6,4.3,4,8.8,3,6.8,6,5.1,6,6.8,7,5.2,6,4.1,7,6.9,7,7.9,6,8.5,7,0.2,7.0,9.9,6,8.6,7,5.4,7,7.9,7,9.5,7,10.9,7,10.5,7,11.9,6,8.9,6,9.6,6,11.1,7
2016-01-08 10:00:00,8.9,5,7.1,6,6.3,7,8.7,5,6.3,7,10.4,3,9.1,5,9.4,5,6.8,7,7.0,7,7.5,7,7.7,7,6.6,6,5.7,5,9.7,3,7.9,7,6.6,7,7.8,7,6.0,6,5.5,7,7.6,7,8.8,6,9.3,7,1.9,7.0,10.5,6,9.7,7,6.4,7,8.9,7,10.4,7,11.7,7,11.3,7,12.7,7,9.9,6,10.9,6,12.7,7
2016-01-08 11:00:00,9.2,5,8.2,6,7.3,7,9.5,5,7.0,7,10.7,4,9.8,5,10.3,5,7.8,7,8.2,7,8.6,7,9.0,7,7.5,7,7.1,5,10.7,4,9.1,7,8.2,7,8.9,7,7.0,6,6.8,7,8.5,7,9.8,6,10.2,7,4.2,7.0,11.4,6,10.9,6,7.6,7,10.3,7,11.4,7,12.6,7,12.2,7,13.4,7,11.0,6,12.6,6,14.1,7
2016-01-08 12:00:00,9.4,5,9.1,7,8.0,7,10.1,5,7.6,7,10.9,4,10.3,4,11.0,5,8.6,7,9.1,7,9.4,7,10.0,7,8.2,7,8.2,6,11.6,4,10.2,7,9.6,7,9.8,7,7.8,6,7.9,7,9.3,7,10.6,6,11.0,7,6.0,7.0,12.2,6,11.9,6,8.7,7,11.6,7,12.4,7,13.4,7,13.0,7,14.0,7,12.2,6,14.1,6,15.2,7
2016-01-08 13:00:00,9.4,5,9.4,6,8.3,6,10.3,5,8.0,7,10.9,4,10.4,4,11.4,5,8.9,7,9.5,7,9.6,7,10.4,7,8.7,6,8.6,6,12.2,4,10.9,6,10.2,6,10.4,6,8.4,6,8.4,6,9.7,7,11.1,6,11.3,6,6.3,7.0,12.9,6,12.6,6,9.6,7,12.5,7,12.9,6,14.0,7,13.5,7,14.4,7,13.1,7,14.9,6,15.5,7
2016-01-08 14:00:00,9.4,4,9.3,6,8.3,6,10.2,5,8.2,7,10.7,4,10.2,4,11.3,5,8.8,6,9.4,6,9.4,6,10.2,6,8.9,5,8.5,6,12.4,4,11.0,6,10.1,6,10.5,6,8.7,7,8.5,6,9.8,7,11.1,5,11.2,6,5.6,7.0,13.3,5,12.7,7,10.0,7,12.6,7,13.0,6,14.1,7,13.6,7,14.6,7,13.7,7,14.9,6,15.2,7
2016-01-08 15:00:00,9.0,6,8.8,5,7.5,6,9.4,5,8.0,6,10.3,5,10.0,5,10.6,5,7.8,5,8.3,5,8.7,5,9.2,5,8.1,5,7.5,5,11.6,6,10.1,6,9.3,5,9.7,5,8.2,5,7.2,6,10.2,7,11.0,7,11.0,7,4.5,6.0,13.4,7,12.4,7,9.2,6,12.5,7,13.8,7,14.1,7,14.1,7,14.7,6,13.5,6,14.0,6,15.5,7
2016-01-08 16:00:00,8.9,6,8.5,5,7.4,6,8.9,5,7.6,6,10.1,5,9.6,5,10.0,5,7.6,5,8.0,5,8.5,5,8.2,4,7.4,6,7.0,5,10.9,5,9.5,6,8.3,5,8.7,5,7.5,5,6.6,5,9.6,6,10.2,6,10.5,7,3.8,6.0,12.6,6,11.4,7,8.4,6,10.9,7,13.0,7,13.1,7,13.0,7,13.8,7,12.7,6,13.1,6,14.3,7
2016-01-08 17:00:00,8.9,7,8.1,6,7.2,6,8.3,4,7.0,6,9.9,5,9.1,5,9.3,4,7.3,6,7.7,6,8.3,6,7.0,4,6.5,6,6.4,4,10.1,5,8.8,6,7.2,4,7.5,5,6.6,6,5.8,5,8.9,5,9.2,5,9.9,6,3.4,6.0,11.6,6,10.1,7,7.3,6,9.2,7,12.1,7,11.9,7,11.7,7,12.5,7,11.6,6,12.1,6,12.8,7
2016-01-08 18:00:00,8.9,7,7.7,6,7.1,6,7.9,4,6.5,6,9.8,5,8.7,5,8.7,4,7.1,6,7.4,6,8.1,6,6.1,3,5.8,5,5.9,4,9.3,5,8.2,6,6.3,4,6.5,5,5.8,6,5.2,4,8.2,5,8.3,5,9.3,5,3.1,6.0,10.7,6,9.0,7,6.2,6,7.8,7,11.3,7,10.9,7,10.4,7,11.4,7,10.6,7,11.2,6,11.6,7
2016-01-08 19:00:00,8.9,7,7.4,6,7.0,6,7.8,4,6.1,5,9.7,6,8.5,5,8.4,5,7.0,6,7.1,6,7.9,6,5.6,3,5.4,5,5.6,4,8.8,5,7.9,6,5.9,3,5.9,4,5.3,6,4.9,4,7.7,4,7.6,5,8.7,5,2.8,6.0,10.1,6,8.3,7,5.4,7,7.3,7,10.7,6,10.5,7,9.6,7,10.6,7,9.9,7,10.7,6,10.9,7
2016-01-08 20:00:00,8.9,6,7.3,6,6.9,6,7.9,5,5.9,5,9.7,6,8.6,5,8.4,5,6.9,6,6.9,6,7.8,6,5.5,4,5.3,5,5.4,3,8.6,5,7.8,5,5.7,3,5.5,4,4.9,6,4.8,5,7.4,5,7.1,5,8.3,5,2.5,5.0,9.9,6,7.9,7,4.8,7,7.3,7,10.3,6,10.4,6,9.2,7,10.0,7,9.4,7,10.6,6,10.6,6
2016-01-08 21:00:00,8.8,6,7.2,6,6.8,6,7.9,5,5.6,5,9.8,6,8.6,5,8.2,6,6.8,6,6.7,6,7.6,6,5.2,4,5.1,5,5.1,4,8.4,5,7.6,6,5.5,3,5.1,4,4.6,5,4.8,5,7.0,5,6.7,4,7.9,5,2.2,5.0,9.4,6,7.5,7,4.4,7,7.1,7,9.9,6,10.2,6,8.9,7,9.5,6,8.8,6,10.4,5,10.3,6
2016-01-08 22:00:00,8.6,6,7.1,6,6.7,6,7.9,5,5.3,5,9.8,6,8.6,5,8.2,6,6.7,6,6.6,6,7.4,6,5.1,4,5.0,5,4.9,4,8.2,5,7.4,6,5.4,3,4.7,4,4.3,5,4.7,5,6.7,5,6.3,4,7.5,5,2.0,5.0,9.1,6,7.2,6,4.0,6,6.9,6,9.5,6,10.1,6,8.7,7,9.1,6,8.3,6,10.2,5,10.1,6
2016-01-08 23:00:00,8.4,6,7.0,6,6.5,6,7.8,5,5.1,5,9.8,6,8.7,5,8.1,6,6.5,6,6.5,5,7.2,6,5.0,5,5.0,5,4.7,4,8.1,5,7.2,6,5.2,3,4.3,4,3.9,5,4.6,5,6.4,5,6.0,4,7.2,4,1.7,5.0,8.7,6,7.0,6,3.8,6,6.8,6,9.1,5,9.8,6,8.6,7,8.8,6,7.9,6,10.1,5,9.9,6
2016-01-09 00:00:00,8.2,6,6.8,6,6.3,6,7.8,5,4.7,5,9.8,6,8.7,5,8.1,6,6.3,6,6.3,5,7.0,5,4.9,5,4.9,4,4.5,5,8.1,5,7.0,6,4.9,3,4.1,4,3.6,5,4.3,5,6.1,5,5.7,4,6.8,4,1.4,5.0,8.4,6,6.8,6,3.6,6,6.6,6,8.7,5,9.5,5,8.5,6,8.6,6,7.6,6,9.8,5,9.6,6
2016-01-09 01:00:00,8.1,6,6.7,6,6.1,6,7.7,6,4.4,5,9.8,6,8.7,5,8.1,6,6.1,6,6.1,5,6.8,5,4.8,5,4.8,4,4.3,5,8.1,6,6.7,6,4.6,4,4.1,5,3.2,5,3.9,5,5.8,5,5.4,4,6.4,4,1.0,5.0,8.1,6,6.7,6,3.3,6,6.4,6,8.2,5,9.1,5,8.3,6,8.4,6,7.5,6,9.4,5,9.3,5
2016-01-09 02:00:00,7.9,6,6.5,6,5.9,6,7.6,6,4.1,5,9.8,6,8.7,5,8.1,6,6.0,5,5.9,5,6.5,5,4.7,6,4.8,5,4.1,5,8.1,6,6.5,6,4.4,4,4.1,5,2.9,5,3.5,5,5.5,5,5.2,4,6.0,5,0.6,5.0,7.9,5,6.5,5,3.1,6,6.1,6,7.8,5,8.7,5,8.0,5,8.2,5,7.3,5,9.0,5,8.9,5
2016-01-09 03:00:00,7.2,6,5.7,5,5.6,4,6.5,6,4.5,7,9.0,3,7.5,5,7.0,5,5.6,7,6.2,7,6.9,7,5.2,7,5.0,6,3.2,5,6.6,5,6.8,7,5.8,7,5.5,7,3.8,7,3.4,7,7.1,7,8.0,7,8.2,6,3.5,6.0,8.6,7,8.7,7,5.3,6,7.8,7,9.5,6,10.9,6,9.9,6,12.2,6,9.6,5,10.5,6,9.7,6
2016-01-09 04:00:00,7.0,6,5.7,5,5.5,5,6.6,6,4.5,7,9.2,3,7.5,5,6.9,5,5.7,7,6.1,7,6.8,7,5.1,7,5.0,7,3.3,5,6.4,6,6.6,7,5.8,7,5.7,6,4.0,7,3.4,7,7.2,7,8.0,7,8.2,6,3.7,6.0,8.4,7,8.7,7,5.4,6,7.7,7,9.4,6,10.9,6,9.8,7,12.3,6,9.7,6,10.5,6,9.5,6
2016-01-09 05:00:00,6.9,7,5.7,6,5.4,6,6.7,7,4.7,7,9.3,3,7.4,5,6.8,5,5.9,7,6.1,7,6.7,7,5.1,7,4.9,7,3.4,6,6.3,6,6.3,7,5.7,7,5.7,6,4.3,7,3.4,7,7.2,7,7.9,7,8.3,6,3.7,7.0,8.3,7,8.6,7,5.4,7,7.7,7,9.4,6,10.8,7,9.7,7,12.4,6,9.7,6,10.4,7,9.2,6
2016-01-09 06:00:00,6.8,7,5.6,7,5.3,6,6.8,7,4.9,7,9.5,4,7.4,6,6.7,5,6.0,7,6.0,7,6.6,7,5.1,7,4.9,7,3.5,6,6.3,6,6.0,6,5.4,7,5.8,7,4.5,7,3.4,7,7.2,7,7.8,7,8.3,6,3.3,7.0,8.3,7,8.6,6,5.5,7,7.7,7,9.4,6,10.7,7,9.7,7,12.4,6,9.6,7,10.2,7,9.1,6
2016-01-09 07:00:00,6.8,7,5.4,7,5.2,7,6.9,7,5.2,7,9.6,5,7.4,6,6.8,5,5.8,7,5.9,7,6.4,7,5.2,7,4.9,7,3.5,7,6.6,6,5.9,7,5.1,7,5.9,7,4.5,7,3.5,7,6.9,7,7.8,7,8.2,7,2.4,7.0,8.5,6,8.7,6,5.7,7,7.7,7,9.4,6,10.7,7,10.0,7,12.4,6,9.6,7,9.9,7,9.4,6
2016-01-09 08:00:00,6.8,7,5.3,7,5.1,7,7.0,7,5.5,7,9.6,6,7.5,6,7.1,5,5.6,7,5.8,7,6.2,7,5.5,6,5.0,7,3.5,7,7.2,6,6.1,7,4.9,7,6.1,7,4.5,7,3.8,7,6.7,7,7.9,7,8.3,7,1.6,7.0,8.8,6,8.9,6,6.2,7,7.8,7,9.5,7,10.9,7,10.4,7,12.4,7,9.7,7,9.8,7,10.1,7
2016-01-09 09:00:00,7.0,7,5.6,7,5.4,6,7.4,7,5.8,7,9.8,7,7.9,5,7.7,5,5.7,7,6.1,7,6.4,7,6.1,6,5.3,7,3.9,7,8.0,6,6.6,7,5.2,7,6.6,7,4.8,7,4.3,7,6.7,7,8.3,7,8.7,7,1.7,7.0,9.4,6,9.5,6,6.8,7,8.5,7,9.8,7,11.3,7,11.1,7,12.6,7,9.9,7,10.0,7,11.1,7
2016-01-09 10:00:00,7.3,7,6.3,7,6.1,6,8.0,6,6.1,7,10.2,7,8.6,5,8.6,5,6.2,7,6.7,7,7.0,7,7.1,6,5.9,7,4.7,7,9.0,6,7.5,6,6.1,7,7.4,7,5.6,7,5.2,7,7.3,7,9.0,7,9.7,7,3.3,7.0,10.2,6,10.5,7,7.7,7,9.8,7,10.5,7,12.0,7,11.9,6,13.1,7,10.3,7,10.8,7,12.3,7
2016-01-09 11:00:00,7.7,7,7.3,7,7.0,6,8.8,6,6.5,7,10.6,7,9.4,5,9.6,6,6.9,7,7.6,7,7.9,7,8.2,6,6.7,7,5.8,7,10.0,6,8.7,6,7.4,7,8.3,6,6.6,7,6.2,7,8.1,7,9.8,7,10.9,7,5.4,7.0,11.2,6,11.6,7,8.7,7,11.4,6,11.4,7,12.7,6,12.7,6,13.7,7,10.9,7,11.8,7,13.4,7
2016-01-09 12:00:00,8.1,7,8.1,7,7.7,6,9.4,6,7.0,7,10.9,6,10.1,5,10.5,7,7.6,7,8.3,7,8.7,7,9.1,6,7.4,7,6.7,7,10.9,6,9.7,6,8.6,7,9.2,6,7.6,7,7.0,7,9.0,6,10.6,7,11.9,7,7.0,7.0,12.2,7,12.6,7,9.5,7,12.8,5,12.2,7,13.4,6,13.4,7,14.3,7,11.5,7,12.8,7,14.3,7
2016-01-09 13:00:00,8.4,6,8.5,6,8.1,6,9.8,6,7.5,6,10.9,6,10.4,5,11.1,7,8.0,6,8.8,6,9.1,6,9.6,6,7.8,7,7.2,7,11.6,7,10.4,6,9.3,6,9.8,6,8.3,7,7.4,7,9.6,6,11.2,7,12.3,7,7.2,7.0,13.0,6,13.3,7,10.0,7,13.5,5,12.8,7,13.8,6,13.9,7,14.8,7,12.0,7,13.4,7,14.7,6
2016-01-09 14:00:00,8.5,6,8.7,6,8.2,6,10.0,6,8.0,6,10.7,6,10.4,6,11.3,7,8.2,5,8.9,5,9.2,5,9.6,7,7.9,7,7.2,7,12.1,7,10.7,6,9.5,5,9.9,5,8.6,7,7.5,7,9.9,6,11.4,7,12.1,7,6.4,7.0,13.5,6,13.5,7,10.2,7,13.4,4,13.0,6,13.9,7,14.1,7,14.9,7,12.4,7,13.5,7,14.5,6
2016-01-09 15:00:00,9.2,7,9.4,7,7.6,7,10.4,7,7.9,6,9.9,6,10.2,7,11.6,7,8.5,7,9.3,7,9.6,7,9.2,6,8.0,6,7.7,5,12.3,7,10.8,7,9.6,5,10.1,4,8.0,5,8.1,6,10.1,6,11.2,5,11.3,6,5.2,7.0,13.7,7,12.2,7,9.0,7,12.3,3,13.7,6,13.9,6,13.7,7,14.4,6,12.5,7,13.0,7,14.3,7
2016-01-09 16:00:00,9.5,7,9.4,6,7.7,7,10.1,7,7.6,6,9.5,7,9.8,7,11.2,7,8.6,7,9.2,7,9.6,7,8.3,6,7.4,5,7.0,5,11.8,7,10.4,7,8.8,6,9.2,5,7.3,5,7.3,5,9.7,6,10.2,5,10.7,6,4.5,6.0,13.1,7,11.1,6,8.4,6,10.9,2,13.0,5,12.9,6,12.7,6,13.7,6,12.2,6,12.5,7,13.3,6
2016-01-09 17:00:00,9.7,6,9.4,6,7.9,6,9.8,6,7.2,7,9.1,7,9.4,7,10.6,7,8.7,7,9.0,7,9.6,7,7.3,7,6.7,5,6.1,4,11.1,7,9.8,7,7.9,6,8.0,6,6.4,6,6.3,5,9.0,7,8.9,5,9.9,5,4.1,5.0,12.2,7,9.8,6,7.5,6,9.5,3,12.1,5,11.7,6,11.5,6,12.7,6,11.6,6,12.0,6,12.2,6
2016-01-09 18:00:00,9.8,6,9.2,6,8.0,6,9.5,6,7.0,7,8.8,7,9.0,7,10.0,6,8.7,7,8.8,7,9.5,7,6.7,7,6.0,5,5.4,3,10.5,7,9.3,7,7.2,7,7.1,7,5.7,6,5.4,4,8.5,7,7.9,5,9.2,4,3.7,4.0,11.5,7,8.6,6,6.6,5,8.3,3,11.1,5,10.7,6,10.3,5,11.7,5,10.8,6,11.4,6,11.0,5
2016-01-09 19:00:00,9.7,6,9.0,6,8.0,6,9.3,6,7.0,6,8.6,6,8.6,6,9.5,6,8.6,7,8.6,7,9.3,7,6.7,6,5.7,5,5.0,3,10.1,7,9.1,6,6.9,6,6.9,7,5.4,6,5.0,5,8.3,7,7.5,5,8.7,4,3.3,4.0,11.2,6,8.0,6,5.9,5,7.7,4,10.4,4,10.1,6,9.5,5,11.0,5,10.1,6,11.0,5,10.1,5
2016-01-09 20:00:00,9.6,6,8.8,6,7.9,6,9.2,6,7.3,6,8.6,6,8.3,6,9.2,6,8.5,7,8.5,6,9.0,7,7.1,6,5.6,5,5.0,4,9.9,6,9.2,5,6.9,6,7.0,6,5.5,6,4.9,5,8.3,6,7.5,5,8.5,5,2.9,3.0,11.1,6,7.9,6,5.4,5,7.7,5,9.9,4,9.9,6,9.0,5,10.5,5,9.5,5,10.7,5,9.4,5
2016-01-09 21:00:00,9.5,6,8.6,6,7.9,6,8.9,6,7.4,5,8.5,5,8.0,6,8.8,6,8.4,6,8.4,6,9.0,6,7.2,6,5.6,5,4.9,4,9.5,6,9.2,5,6.9,6,7.0,6,5.6,6,4.7,5,8.2,6,7.5,5,8.4,5,2.5,3.0,10.9,6,7.6,6,4.9,5,7.5,6,9.4,5,9.4,6,8.5,5,10.0,5,9.0,5,10.4,5,8.8,5
2016-01-09 22:00:00,9.4,6,8.5,6,8.0,6,8.7,6,7.4,5,8.4,5,7.7,6,8.4,6,8.4,6,8.3,6,8.9,6,7.3,6,5.6,5,4.9,4,9.2,5,9.2,5,6.8,6,6.9,6,5.6,6,4.6,5,8.1,7,7.7,5,8.2,5,2.2,3.0,10.8,6,7.3,6,4.5,5,7.4,6,9.0,5,9.1,6,8.2,5,9.7,5,8.6,5,10.1,5,8.3,5
2016-01-09 23:00:00,9.2,6,8.3,6,8.1,6,8.4,6,7.3,6,8.3,4,7.5,6,8.0,6,8.3,6,8.3,6,8.9,6,7.3,6,5.8,5,4.9,5,8.9,5,9.1,5,6.8,6,6.8,6,5.5,6,4.5,5,7.9,6,7.8,5,8.1,5,2.0,3.0,10.6,6,7.2,6,4.2,5,7.3,6,8.6,5,8.8,5,8.1,5,9.4,5,8.4,5,9.9,5,8.0,5
2016-01-10 00:00:00,9.0,6,8.1,6,8.0,6,8.0,5,7.0,6,8.2,4,7.3,6,7.6,5,8.2,6,8.2,6,8.8,6,7.3,6,5.9,5,4.8,5,8.5,5,8.8,5,6.7,6,6.7,6,5.4,7,4.4,5,7.7,6,7.8,5,8.1,5,1.9,3.0,10.3,6,7.1,6,4.0,5,7.2,6,8.2,5,8.7,5,8.1,5,9.2,5,8.3,5,9.8,5,7.9,5
2016-01-10 01:00:00,8.8,6,7.9,6,7.9,6,7.6,5,6.7,7,8.1,4,7.2,5,7.3,5,8.0,6,8.0,5,8.7,6,7.2,7,6.1,5,4.8,5,8.2,5,8.4,5,6.6,6,6.6,6,5.3,7,4.4,5,7.5,6,7.7,6,7.9,5,1.9,4.0,9.9,6,7.1,5,3.9,5,7.1,6,7.8,5,8.6,5,8.2,5,9.1,5,8.2,5,9.7,4,7.7,5
2016-01-10 02:00:00,8.5,6,7.6,6,7.7,6,7.2,5,6.3,7,7.9,5,7.1,5,6.9,5,7.7,5,7.9,5,8.6,6,7.1,7,6.3,5,4.8,6,7.9,6,8.0,6,6.5,6,6.6,6,5.2,7,4.5,6,7.1,6,7.5,6,7.8,6,1.9,4.0,9.5,5,7.2,5,3.8,5,6.9,6,7.4,5,8.7,5,8.3,5,9.0,5,8.3,5,9.6,4,7.7,5
2016-01-10 03:00:00,9.1,6,7.6,5,7.7,6,7.4,4,6.8,6,7.9,4,7.0,2,7.2,3,7.3,5,7.8,5,8.3,5,7.8,7,6.3,7,4.6,5,7.8,3,7.5,5,6.3,6,6.3,7,5.2,7,4.2,5,6.5,6,7.0,6,8.7,6,2.1,3.0,9.1,6,7.3,6,4.3,5,7.1,6,8.5,6,8.9,6,8.3,6,10.3,6,8.4,5,9.5,4,8.2,5
2016-01-10 04:00:00,9.1,5,7.5,4,7.4,6,7.1,3,6.8,6,7.8,4,6.7,2,6.8,3,7.1,4,7.6,5,8.2,5,7.6,7,6.5,7,4.9,5,7.4,3,7.1,4,6.1,5,6.2,6,5.4,7,4.3,5,6.3,6,7.0,7,8.5,6,2.5,4.0,8.8,6,7.2,6,4.2,5,6.9,7,8.4,6,9.0,6,8.3,6,10.1,6,8.3,5,9.3,4,8.0,5
2016-01-10 05:00:00,9.2,5,7.4,4,7.1,5,6.9,3,6.7,6,7.9,4,6.3,2,6.4,2,7.0,4,7.5,4,8.0,4,7.1,6,6.7,7,5.1,6,7.0,3,6.8,3,5.8,4,6.1,6,5.8,7,4.5,6,6.1,5,7.0,7,8.5,6,2.7,5.0,8.5,6,7.1,6,4.1,5,6.8,7,8.2,7,9.1,7,8.5,7,9.9,6,8.2,5,9.1,5,7.8,6
2016-01-10 06:00:00,9.2,4,7.3,3,6.9,4,6.7,2,6.7,6,7.9,4,6.1,2,6.2,2,6.9,3,7.3,4,7.9,4,6.7,6,6.8,7,5.3,7,6.8,3,6.5,3,5.5,4,6.1,6,6.0,7,4.7,6,6.0,5,7.0,7,8.5,6,2.4,6.0,8.4,6,7.2,6,4.1,5,6.8,7,8.1,7,9.2,7,8.6,7,9.8,6,8.2,5,9.0,6,7.8,6
2016-01-10 07:00:00,9.0,4,7.1,4,6.7,4,6.6,2,6.8,6,8.0,4,6.1,3,6.2,3,6.8,3,7.2,4,7.7,4,6.6,6,6.9,7,5.5,7,6.7,4,6.3,3,5.3,4,6.3,6,6.1,7,5.0,6,5.9,6,6.9,6,8.4,7,1.5,6.0,8.4,6,7.4,7,4.2,6,6.9,7,8.0,7,9.4,7,8.8,7,10.0,6,8.2,6,9.0,6,8.3,7
2016-01-10 08:00:00,8.7,5,7.0,4,6.8,5,6.7,3,7.0,6,8.2,5,6.3,4,6.4,4,6.9,4,7.2,5,7.7,4,6.9,6,7.2,7,5.8,7,6.9,4,6.3,4,5.3,4,6.6,6,6.1,7,5.6,7,5.8,6,6.9,6,8.4,7,0.7,7.0,8.6,5,7.8,7,4.4,6,7.2,7,8.2,7,9.6,7,9.0,7,10.4,6,8.5,7,9.2,6,9.1,7
2016-01-10 09:00:00,8.5,5,7.1,4,7.0,5,7.0,4,7.3,7,8.5,5,6.8,5,7.0,5,7.1,4,7.5,5,7.9,5,7.5,6,7.5,7,6.5,7,7.5,5,6.7,5,5.8,5,7.2,5,6.3,7,6.3,7,6.0,7,7.2,6,8.6,7,0.7,7.0,9.1,5,8.3,7,4.9,7,8.0,7,8.6,7,10.1,7,9.5,7,11.0,7,9.1,7,9.9,6,10.2,7
2016-01-10 10:00:00,8.4,5,7.5,4,7.5,5,7.6,4,7.7,7,9.0,6,7.7,5,7.9,6,7.6,4,8.1,5,8.4,5,8.4,5,8.0,7,7.6,7,8.5,6,7.5,5,6.9,5,8.0,5,6.8,6,7.3,7,6.5,7,7.9,6,9.2,7,2.1,7.0,9.9,5,9.0,7,5.8,7,9.2,6,9.4,7,10.8,7,10.3,7,11.8,7,10.1,7,11.2,7,11.4,7
2016-01-10 11:00:00,8.4,4,8.1,4,8.1,4,8.4,5,8.2,6,9.6,5,8.6,5,9.0,6,8.1,4,8.8,5,9.1,5,9.3,4,8.6,7,8.8,7,9.6,6,8.5,5,8.1,4,8.8,5,7.4,5,8.3,7,7.3,7,8.7,7,10.0,7,4.0,7.0,10.8,5,9.9,7,6.8,7,10.7,6,10.3,7,11.6,7,11.2,7,12.6,7,11.2,7,12.7,7,12.5,6
2016-01-10 12:00:00,8.5,4,8.7,4,8.5,4,9.0,6,8.7,6,10.0,5,9.3,5,9.9,7,8.6,3,9.4,4,9.7,4,10.0,4,9.1,7,9.7,7,10.6,7,9.4,5,9.2,4,9.6,5,8.1,5,9.0,7,8.0,6,9.5,7,10.7,7,5.6,7.0,11.8,5,10.6,7,7.7,7,11.9,6,11.3,7,12.3,7,12.0,7,13.2,7,12.3,7,13.9,7,13.3,6
2016-01-10 13:00:00,8.6,4,9.0,4,8.6,5,9.3,6,9.1,5,10.1,5,9.5,6,10.4,7,8.8,4,9.7,4,10.0,4,10.4,3,9.4,6,9.9,6,11.3,7,10.1,6,9.7,4,10.1,4,8.6,5,9.3,7,8.6,6,10.0,6,11.0,7,6.0,7.0,12.6,5,11.1,7,8.2,7,12.6,6,12.1,7,12.8,7,12.5,7,13.6,7,13.0,7,14.5,7,13.6,5
2016-01-10 14:00:00,8.7,4,9.1,5,8.6,5,9.4,6,9.4,5,9.9,5,9.4,6,10.5,7,8.8,4,9.7,4,10.0,5,10.3,3,9.4,6,9.6,6,11.6,7,10.4,6,9.7,4,10.2,3,8.8,6,9.1,7,8.8,6,10.1,6,10.9,6,5.4,7.0,13.1,4,11.2,7,8.3,7,12.7,6,12.5,6,12.9,7,12.5,7,13.6,7,13.3,7,14.5,7,13.3,5
2016-01-10 15:00:00,8.3,5,8.6,5,8.1,3,9.0,6,9.2,7,8.2,5,8.3,6,9.9,6,8.4,6,9.3,5,9.7,6,9.9,7,9.2,7,8.7,7,11.0,6,10.4,7,9.7,7,10.1,7,8.8,7,8.7,7,9.2,7,10.4,6,11.4,7,4.6,7.0,12.8,7,11.9,7,8.7,7,11.3,7,12.5,7,13.3,7,12.5,7,14.8,6,13.0,7,14.7,7,13.6,6
2016-01-10 16:00:00,8.2,5,8.4,6,7.9,3,8.5,6,8.7,7,7.9,5,7.9,6,9.3,6,8.4,6,9.0,6,9.6,6,9.0,7,8.5,7,8.2,7,10.4,6,9.9,7,8.9,7,9.3,7,8.1,7,8.0,7,8.7,7,9.6,5,10.9,7,4.2,7.0,12.3,6,11.2,7,8.2,7,10.1,7,11.9,7,12.5,7,11.9,7,14.1,6,12.7,7,13.9,7,12.6,6
2016-01-10 17:00:00,8.2,6,8.2,6,7.8,5,7.9,6,8.1,7,7.7,5,7.4,6,8.6,6,8.5,6,8.7,6,9.4,6,7.9,6,7.6,7,7.5,7,9.7,6,9.1,7,7.8,6,8.2,7,7.2,7,7.1,7,8.1,6,8.7,5,10.4,7,4.0,7.0,11.5,5,10.4,7,7.6,7,8.8,6,11.0,7,11.5,7,11.1,7,13.3,6,12.2,7,13.1,7,11.4,6
2016-01-10 18:00:00,8.1,6,7.9,6,7.7,6,7.4,6,7.5,7,7.6,5,7.0,6,7.9,7,8.4,6,8.4,6,9.2,6,7.1,6,6.8,7,6.9,7,9.1,7,8.5,6,7.0,6,7.4,7,6.4,7,6.4,7,7.6,5,7.9,5,9.8,7,3.8,7.0,10.7,5,9.5,7,6.9,7,7.7,5,10.1,7,10.7,7,10.4,7,12.5,6,11.7,7,12.3,7,10.5,6
2016-01-10 19:00:00,8.0,6,7.7,6,7.6,6,7.2,6,7.2,7,7.6,5,6.8,5,7.4,6,8.1,6,8.1,6,8.9,6,7.0,6,6.4,7,6.5,7,8.7,6,8.2,6,6.6,5,7.1,6,5.9,7,6.0,7,7.3,5,7.6,4,9.3,7,3.4,7.0,10.3,5,8.8,7,6.2,7,7.1,5,9.5,6,10.2,7,9.7,7,11.7,6,11.0,6,11.8,6,10.0,6
2016-01-10 20:00:00,8.0,6,7.5,6,7.4,6,7.1,5,7.2,6,7.6,5,6.6,5,7.0,5,7.8,7,7.9,6,8.5,6,7.2,6,6.2,7,6.3,7,8.5,5,8.2,5,6.5,4,7.2,5,5.7,7,5.8,6,7.3,5,7.6,4,8.9,6,3.0,7.0,10.2,6,8.2,7,5.6,7,7.0,6,9.1,5,10.0,7,9.0,7,10.9,6,10.2,6,11.5,6,9.7,6
2016-01-10 21:00:00,8.0,5,7.3,6,7.3,6,7.0,5,7.0,6,7.6,4,6.5,5,6.7,4,7.7,6,7.8,6,8.4,6,7.1,6,6.1,7,6.0,7,8.2,5,8.0,5,6.3,4,6.9,4,5.5,6,5.4,6,7.2,5,7.6,4,8.6,6,2.6,6.0,10.1,6,7.7,7,5.2,7,7.1,6,8.8,5,9.8,7,8.6,7,10.3,6,9.7,6,11.1,6,9.3,6
2016-01-10 22:00:00,7.9,6,7.2,6,7.2,6,6.9,5,6.7,6,7.6,4,6.5,4,6.5,4,7.6,6,7.8,6,8.4,6,7.1,6,6.1,6,5.8,7,8.0,5,7.9,5,6.2,4,6.7,4,5.3,6,5.1,6,7.2,5,7.5,4,8.4,6,2.3,6.0,10.0,6,7.4,6,4.8,6,7.2,6,8.7,5,9.7,6,8.3,7,9.9,6,9.3,6,10.9,6,9.0,6
2016-01-10 23:00:00,7.9,6,7.1,6,7.1,6,6.9,5,6.5,6,7.6,4,6.5,3,6.4,3,7.5,6,7.7,6,8.3,6,7.1,6,6.1,6,5.5,7,7.8,5,7.8,5,6.2,4,6.6,4,5.2,5,4.8,5,7.1,5,7.5,4,8.2,6,2.1,6.0,9.9,6,7.3,6,4.6,6,7.4,6,8.6,5,9.6,6,8.2,6,9.6,6,9.0,5,10.7,5,8.9,5
2016-01-11 00:00:00,7.8,6,7.1,6,7.0,6,6.9,5,6.2,6,7.6,4,6.6,3,6.4,3,7.4,6,7.7,6,8.2,6,7.0,6,6.1,6,5.3,7,7.8,5,7.6,5,6.1,4,6.5,4,5.1,5,4.6,5,7.0,5,7.4,4,8.2,6,2.0,6.0,9.8,6,7.3,6,4.5,6,7.6,6,8.5,5,9.5,6,8.3,6,9.5,6,8.9,5,10.6,5,8.8,5
2016-01-11 01:00:00,7.7,6,7.0,6,6.9,6,7.0,5,6.0,6,7.6,5,6.8,4,6.5,4,7.3,5,7.6,6,8.1,6,6.9,6,6.1,6,5.1,6,7.8,5,7.5,5,6.1,5,6.5,4,5.0,5,4.4,5,6.9,5,7.3,5,8.1,6,2.1,6.0,9.7,6,7.5,6,4.5,6,7.7,5,8.3,5,9.5,5,8.6,6,9.5,5,9.0,5,10.5,5,8.9,5
2016-01-11 02:00:00,7.6,6,7.0,6,6.8,6,7.0,6,5.8,5,7.5,6,6.9,4,6.6,5,7.2,5,7.5,5,8.0,5,6.8,6,6.1,6,4.9,6,7.9,6,7.5,6,6.1,5,6.4,5,5.0,6,4.3,5,6.7,5,7.3,5,8.1,5,2.3,6.0,9.6,6,7.7,5,4.5,6,7.8,5,8.2,5,9.6,5,8.9,6,9.6,5,9.2,5,10.5,5,9.0,5
2016-01-11 03:00:00,7.6,6,6.3,5,6.1,6,6.8,4,5.4,6,7.5,4,6.6,4,7.0,5,6.6,6,7.1,6,7.9,6,6.6,5,6.6,6,5.9,5,8.5,5,7.4,7,6.4,6,5.8,7,5.4,7,4.7,7,7.4,7,7.5,7,9.7,6,4.4,7.0,10.2,7,9.2,6,5.4,6,8.8,6,9.7,6,10.7,6,10.0,6,13.1,5,9.5,5,10.7,7,9.3,5
2016-01-11 04:00:00,7.7,6,6.3,4,6.1,5,6.6,5,5.8,7,7.4,5,6.4,5,6.8,6,6.5,6,7.0,6,7.9,6,6.8,6,6.7,7,6.1,6,8.4,4,7.3,7,6.3,7,6.0,7,5.7,7,4.8,7,7.3,7,7.8,7,10.0,6,4.9,7.0,10.1,7,9.6,6,5.8,6,8.9,6,9.6,6,10.8,6,10.3,6,13.5,5,10.1,6,10.9,7,9.1,6
2016-01-11 05:00:00,7.7,6,6.3,4,6.0,5,6.5,5,6.3,7,7.4,6,6.1,6,6.7,6,6.4,6,7.0,6,7.8,6,7.1,7,6.9,7,6.2,6,8.3,4,7.3,7,6.3,7,6.3,7,6.3,7,5.1,7,7.3,7,8.2,7,10.3,6,5.3,7.0,9.9,7,10.0,6,6.4,7,9.1,7,9.5,6,10.9,7,10.6,6,13.8,5,10.8,6,11.1,7,8.8,6
2016-01-11 06:00:00,7.7,5,6.2,4,5.9,5,6.5,6,6.8,7,7.5,6,5.9,7,6.6,6,6.4,7,6.9,7,7.7,7,7.3,7,7.0,7,6.3,7,8.1,4,7.2,7,6.1,7,6.5,7,6.7,7,5.3,7,7.1,7,8.6,7,10.5,6,5.3,7.0,9.7,7,10.3,6,6.9,7,9.1,7,9.3,6,11.0,7,11.0,7,14.0,5,11.3,7,11.2,7,8.7,6
2016-01-11 07:00:00,7.5,5,6.0,4,5.7,5,6.5,6,7.1,7,7.6,5,5.8,7,6.5,5,6.3,7,6.6,7,7.4,7,7.3,7,7.1,7,6.3,7,7.8,4,7.0,7,5.9,6,6.6,7,6.8,7,5.4,7,6.7,7,8.7,7,10.4,6,4.5,7.0,9.4,7,10.5,7,7.3,7,8.8,7,9.1,7,11.0,7,11.3,7,14.0,6,11.3,7,11.2,7,8.9,6
2016-01-11 08:00:00,7.4,5,5.9,5,5.5,5,6.6,6,7.3,7,7.7,4,5.9,6,6.6,5,6.2,7,6.4,7,7.0,7,7.4,7,7.2,7,6.5,7,7.6,4,6.9,7,5.8,6,6.7,7,6.7,7,5.6,7,6.4,7,8.7,7,10.3,6,3.6,7.0,9.1,7,10.8,7,7.7,7,8.5,7,9.1,7,11.1,7,11.6,7,14.0,6,11.1,7,11.4,7,9.5,7
2016-01-11 09:00:00,7.4,6,6.1,5,5.6,6,6.9,6,7.5,7,8.0,3,6.3,5,6.9,4,6.3,7,6.5,7,7.0,7,7.7,6,7.5,7,6.9,7,7.7,4,7.1,7,6.2,6,7.2,7,6.9,7,6.1,7,6.3,7,8.8,7,10.5,6,3.3,7.0,9.2,7,11.2,7,8.1,7,8.7,7,9.4,7,11.6,7,12.0,7,14.1,6,11.0,7,11.9,7,10.5,7
2016-01-11 10:00:00,7.7,6,6.7,6,6.1,6,7.4,6,7.8,7,8.5,3,7.0,4,7.6,4,6.7,7,7.0,7,7.5,7,8.4,6,8.0,7,7.7,7,8.3,5,7.6,6,7.2,6,8.1,6,7.5,7,7.1,7,6.7,7,9.2,7,11.1,6,4.1,7.0,9.7,6,11.9,7,8.6,7,9.7,7,10.1,7,12.5,7,12.6,7,14.4,6,11.4,7,12.9,7,11.9,7
2016-01-11 11:00:00,8.1,6,7.6,7,6.7,7,8.0,5,8.2,7,9.0,3,7.9,4,8.5,5,7.3,7,7.8,7,8.2,7,9.3,6,8.5,7,8.7,7,9.2,6,8.4,5,8.3,6,9.2,6,8.3,7,8.2,7,7.3,7,9.8,7,11.9,7,5.5,7.0,10.5,6,12.6,7,9.1,7,11.1,6,11.0,7,13.6,7,13.2,7,14.7,6,12.1,7,14.1,7,13.3,7
2016-01-11 12:00:00,8.4,6,8.2,7,7.3,7,8.5,5,8.5,7,9.4,4,8.6,4,9.3,5,7.8,7,8.5,7,8.8,7,10.0,6,9.0,7,9.4,7,10.0,6,9.1,5,9.3,7,10.0,6,9.1,7,9.0,7,7.9,7,10.3,7,12.5,7,6.6,7.0,11.3,6,13.2,7,9.7,7,12.2,6,11.8,7,14.6,6,13.8,7,15.0,6,12.9,7,15.1,7,14.3,6
2016-01-11 13:00:00,8.5,5,8.4,7,7.5,7,8.7,5,8.7,6,9.5,4,8.9,4,9.8,5,8.0,7,8.8,7,9.1,7,10.2,6,9.3,7,9.6,7,10.5,6,9.6,5,9.6,7,10.3,6,9.6,7,9.3,7,8.3,7,10.4,7,12.5,7,6.8,7.0,11.9,6,13.4,7,10.2,7,12.5,6,12.1,7,15.2,6,14.2,7,15.1,6,13.5,7,15.6,7,14.6,6
2016-01-11 14:00:00,8.4,5,8.3,6,7.5,6,8.7,5,8.8,6,9.3,5,8.9,5,9.9,5,8.0,7,8.7,7,9.1,7,10.0,5,9.2,7,9.5,7,10.6,5,9.7,5,9.4,6,10.0,6,9.7,7,9.0,7,8.3,7,10.1,6,12.1,7,6.2,7.0,12.1,6,13.1,6,10.4,7,12.1,6,12.0,7,15.2,6,14.1,6,14.9,6,13.8,7,15.6,7,14.3,6
2016-01-11 15:00:00,7.9,5,8.1,5,6.7,7,8.9,5,8.5,5,8.6,6,8.2,5,9.8,5,8.2,6,8.7,6,9.2,6,10.0,5,9.5,6,10.1,5,10.8,6,9.9,6,9.3,6,9.9,5,9.8,5,9.6,5,8.3,6,9.9,5,12.0,6,5.3,7.0,12.5,6,12.2,5,9.8,7,11.0,4,11.9,6,14.2,5,13.3,6,14.7,5,13.9,7,14.9,7,14.0,6
2016-01-11 16:00:00,8.2,4,8.0,5,6.9,6,8.4,5,8.2,5,8.2,6,7.7,5,9.2,6,8.0,6,8.3,5,9.0,5,8.8,5,8.6,6,9.1,5,10.3,6,9.2,6,8.2,5,8.8,5,8.9,5,8.6,5,7.7,5,8.9,5,11.1,6,4.4,7.0,11.7,6,11.3,5,8.6,6,9.3,4,11.0,5,13.3,4,12.4,5,13.8,5,13.3,7,14.0,6,13.1,7
2016-01-11 17:00:00,8.4,4,7.9,5,7.0,4,7.8,5,7.6,5,7.8,5,7.2,4,8.5,6,7.7,5,7.9,5,8.8,5,7.5,5,7.6,5,8.1,4,9.7,6,8.4,6,7.0,4,7.5,5,7.8,5,7.5,5,7.0,5,7.9,5,10.3,6,3.6,7.0,10.7,6,10.3,5,7.0,6,7.4,3,10.0,4,12.2,4,11.4,5,12.7,6,12.4,7,12.9,5,12.2,7
2016-01-11 18:00:00,8.5,3,7.7,5,6.9,3,7.2,5,7.1,5,7.5,5,6.8,3,7.9,7,7.5,5,7.5,5,8.5,4,6.6,5,6.8,5,7.4,4,9.2,6,7.7,6,6.0,4,6.6,5,6.7,5,6.8,4,6.4,5,7.2,5,9.5,5,3.0,6.0,9.9,6,9.3,5,5.6,6,5.9,2,9.2,4,11.3,4,10.5,4,11.7,6,11.4,7,12.0,4,11.3,7
2016-01-11 19:00:00,8.4,3,7.4,4,6.6,3,6.8,5,6.6,4,7.4,4,6.6,3,7.5,6,7.3,5,7.2,5,8.1,4,6.4,5,6.3,5,7.1,4,9.0,6,7.5,6,5.6,4,6.4,5,6.0,5,6.5,4,6.2,5,6.9,4,8.9,5,2.7,6.0,9.5,5,8.6,5,4.8,6,5.3,2,8.6,3,10.9,4,9.8,4,11.0,6,10.5,6,11.5,4,10.6,6
2016-01-11 20:00:00,8.1,2,7.0,3,6.3,2,6.6,5,6.3,4,7.5,4,6.6,3,7.3,5,7.1,5,7.1,5,7.8,5,6.5,5,6.1,5,7.0,4,8.9,5,7.6,6,5.6,4,6.6,4,5.7,5,6.4,4,6.2,5,6.9,4,8.5,5,2.5,7.0,9.5,5,8.0,5,4.5,6,5.4,3,8.3,2,10.7,4,9.3,4,10.6,5,9.8,5,11.2,3,9.9,6
2016-01-11 21:00:00,7.9,2,6.6,4,6.1,2,6.4,5,6.0,4,7.6,3,6.6,4,7.0,5,6.9,5,7.0,5,7.6,5,6.6,6,6.0,5,6.7,4,8.7,6,7.5,6,5.5,5,6.5,5,5.5,5,6.3,4,6.2,5,7.0,4,8.1,4,2.4,6.0,9.5,5,7.6,5,4.1,5,5.3,3,7.9,3,10.6,4,8.9,4,10.3,4,9.2,5,11.0,3,9.3,6
2016-01-11 22:00:00,7.8,3,6.3,4,5.9,3,6.2,5,5.7,4,7.6,3,6.6,4,6.8,5,6.8,5,6.9,5,7.5,5,6.6,6,6.0,5,6.5,5,8.6,6,7.5,6,5.5,5,6.3,5,5.3,6,6.1,5,6.1,5,6.9,4,7.8,4,2.3,6.0,9.3,5,7.2,5,3.9,5,5.4,4,7.7,3,10.2,4,8.6,4,10.1,4,8.8,4,10.8,2,8.7,5
2016-01-11 23:00:00,7.5,3,6.1,4,5.7,3,6.2,5,5.5,4,7.7,3,6.7,4,6.7,5,6.7,5,6.9,5,7.4,5,6.6,6,6.0,5,6.2,5,8.5,6,7.5,6,5.5,5,6.0,5,5.2,6,5.9,5,6.1,5,6.7,4,7.5,4,2.1,6.0,9.0,5,6.9,5,3.8,5,5.5,4,7.5,3,9.8,4,8.5,4,9.9,4,8.4,4,10.6,2,8.3,5
2016-01-12 00:00:00,7.3,3,5.9,4,5.6,3,6.2,5,5.2,4,7.7,3,6.8,4,6.6,5,6.6,5,6.9,5,7.3,5,6.5,6,6.0,5,6.0,5,8.3,6,7.4,6,5.5,6,5.7,5,5.1,6,5.6,5,6.0,5,6.5,5,7.4,4,1.9,6.0,8.7,5,6.8,5,3.8,5,5.6,4,7.4,3,9.5,4,8.4,4,9.8,4,8.2,4,10.3,2,8.1,5
2016-01-12 01:00:00,7.1,4,5.8,5,5.5,4,6.2,5,5.0,4,7.8,4,6.9,5,6.6,5,6.5,5,6.8,5,7.2,5,6.3,6,6.0,5,5.7,5,8.2,6,7.2,6,5.5,6,5.6,5,4.9,6,5.4,5,5.8,5,6.3,5,7.4,4,1.7,6.0,8.5,5,6.9,5,3.7,5,5.6,5,7.4,3,9.3,5,8.5,4,9.6,4,8.1,4,10.0,3,8.1,5
2016-01-12 02:00:00,6.9,4,5.8,5,5.5,5,6.4,6,4.9,5,7.8,4,7.0,5,6.6,5,6.4,5,6.7,5,7.1,5,6.1,6,6.0,5,5.5,5,8.0,6,7.0,6,5.4,5,5.5,5,4.6,6,5.1,5,5.6,5,6.1,5,7.3,5,1.4,6.0,8.4,5,7.1,5,3.7,5,5.7,5,7.5,4,9.3,5,8.5,4,9.4,4,8.0,4,9.6,4,8.1,4
2016-01-12 03:00:00,7.0,5,5.7,5,5.3,6,6.5,4,4.6,7,7.9,2,6.9,2,6.6,4,5.7,6,5.8,6,6.9,6,5.8,6,5.8,6,5.3,5,7.8,3,6.5,5,5.0,5,5.0,5,4.6,6,4.6,6,5.1,6,5.3,4,7.1,4,1.8,7.0,8.9,5,7.0,3,3.3,5,5.3,4,7.1,2,9.4,2,8.4,2,9.8,3,7.9,1,9.9,2,7.8,3
2016-01-12 04:00:00,7.0,4,5.7,4,5.2,5,6.2,4,4.9,5,7.9,2,6.7,2,6.4,4,5.4,5,5.5,5,6.7,5,5.8,5,6.0,6,5.5,6,7.6,4,6.2,5,4.9,5,5.1,4,4.8,6,4.7,6,5.0,6,5.4,4,7.0,4,2.0,7.0,8.8,6,7.0,3,3.2,6,5.5,3,7.1,2,9.4,1,8.4,2,9.7,3,7.8,1,9.6,3,7.5,3
2016-01-12 05:00:00,7.0,4,5.6,3,5.0,5,6.0,5,5.3,3,7.8,2,6.4,3,6.2,5,5.2,4,5.4,4,6.4,4,5.7,5,6.1,6,5.7,6,7.2,5,6.0,5,4.9,5,5.3,3,5.1,5,4.9,6,5.0,6,5.7,4,6.8,4,2.0,7.0,8.5,6,6.9,4,3.0,7,5.8,2,7.0,2,9.4,2,8.3,2,9.6,2,7.8,1,9.3,3,7.1,3
2016-01-12 06:00:00,6.9,3,5.5,3,4.8,4,5.8,5,5.6,2,7.8,2,6.1,3,6.0,5,5.0,4,5.3,3,6.2,4,5.6,5,6.1,7,5.9,7,6.9,5,5.8,5,4.8,5,5.5,3,5.3,5,5.1,7,5.0,6,6.0,4,6.7,5,1.7,7.0,8.3,6,6.9,4,2.9,7,6.0,2,7.0,3,9.5,2,8.4,2,9.6,2,8.0,2,9.4,3,7.0,4
2016-01-12 07:00:00,6.7,3,5.3,3,4.6,4,5.8,4,5.6,2,7.7,2,5.9,4,5.9,5,4.9,4,5.2,4,5.9,4,5.4,5,6.0,7,6.0,7,6.7,5,5.6,5,4.7,5,5.6,4,5.4,6,5.2,7,5.0,7,6.2,4,6.6,5,1.1,7.0,8.1,6,7.1,5,3.0,6,6.2,3,7.1,4,9.6,2,8.8,2,9.8,2,8.4,3,10.0,3,7.6,4
2016-01-12 08:00:00,6.4,3,5.1,3,4.5,5,6.0,4,5.5,4,7.7,2,5.8,4,6.0,5,4.8,4,5.3,5,5.8,5,5.3,6,5.9,7,6.1,7,6.8,5,5.6,5,4.7,6,5.6,5,5.6,6,5.3,7,5.1,7,6.3,5,6.7,5,0.6,7.0,8.2,6,7.5,6,3.4,6,6.6,4,7.3,5,9.9,2,9.3,4,10.1,3,9.1,4,10.9,2,8.6,4
2016-01-12 09:00:00,6.4,3,5.3,4,4.7,5,6.4,3,5.5,5,7.9,2,6.1,4,6.5,5,5.1,5,5.6,6,6.0,6,5.5,6,5.9,7,6.4,7,7.2,5,5.9,5,5.1,6,5.9,7,5.7,6,5.5,7,5.4,7,6.6,6,7.1,6,0.7,7.0,8.5,6,8.2,7,4.1,6,7.3,5,7.9,7,10.4,3,10.1,4,10.6,4,9.9,5,11.9,2,10.0,3
2016-01-12 10:00:00,6.6,4,5.9,4,5.3,6,7.0,3,5.8,6,8.3,2,6.7,4,7.4,5,5.7,6,6.3,6,6.7,6,6.2,7,6.1,7,6.9,7,8.1,5,6.7,5,5.9,6,6.5,7,5.9,6,6.0,7,6.0,7,7.1,7,7.9,6,1.6,7.0,9.2,6,9.1,7,5.1,5,8.5,5,8.8,7,11.1,3,10.9,5,11.3,4,10.9,5,12.8,2,11.4,4
2016-01-12 11:00:00,7.0,4,6.7,5,6.1,6,7.6,3,6.3,7,8.8,2,7.5,4,8.4,5,6.4,6,7.1,6,7.5,6,7.1,7,6.4,7,7.6,6,9.0,5,7.7,5,6.9,7,7.2,6,6.3,6,6.6,7,6.8,7,7.8,7,8.9,7,2.9,7.0,10.2,5,10.0,7,6.1,6,9.8,4,9.9,7,12.0,4,11.8,5,12.0,4,11.9,4,13.5,2,12.7,4
2016-01-12 12:00:00,7.3,5,7.4,5,6.7,6,8.1,4,6.8,7,9.1,3,8.1,4,9.2,5,7.0,6,7.7,6,8.2,6,7.9,7,6.7,7,8.0,6,9.8,5,8.6,5,7.7,7,7.9,6,6.7,5,7.0,6,7.3,7,8.4,7,9.7,7,3.9,7.0,11.0,5,10.7,7,6.9,6,10.7,4,10.7,7,12.7,4,12.4,5,12.6,4,12.7,4,14.1,2,13.6,4
2016-01-12 13:00:00,7.3,5,7.7,5,7.0,6,8.3,4,7.1,7,9.1,2,8.3,4,9.5,5,7.2,5,8.0,5,8.4,5,8.2,6,7.0,7,8.1,6,10.1,5,9.0,5,8.0,6,8.3,6,7.1,6,7.0,6,7.5,7,8.8,6,10.0,7,4.0,7.0,11.5,5,11.1,7,7.2,6,10.9,5,11.1,7,13.2,5,12.7,5,12.9,4,13.2,4,14.5,2,14.0,4
2016-01-12 14:00:00,7.2,5,7.6,5,7.0,6,8.2,4,7.1,7,8.9,2,8.2,5,9.3,4,7.1,5,7.9,5,8.2,5,8.1,5,7.0,7,7.8,5,9.8,5,9.0,5,7.9,6,8.4,6,7.4,6,6.7,6,7.3,7,8.9,6,9.9,7,3.4,7.0,11.6,6,11.1,6,7.1,7,10.4,6,11.0,7,13.3,5,12.7,5,12.9,4,13.3,4,14.5,2,13.8,4
2016-01-12 15:00:00,7.0,4,7.2,5,6.9,7,7.6,4,7.2,7,7.9,3,7.5,4,8.7,4,7.0,6,8.0,6,8.3,6,8.0,5,6.9,7,7.2,6,9.1,3,8.7,4,7.6,5,8.1,5,7.2,6,6.6,6,6.6,6,8.2,6,9.1,6,2.9,7.0,10.9,5,10.6,3,7.1,5,8.6,6,9.6,6,12.8,2,12.0,2,12.5,1,12.6,2,14.6,2,12.6,3
2016-01-12 16:00:00,6.9,3,6.7,4,6.5,5,6.8,3,6.8,7,7.5,3,6.9,5,7.9,5,6.5,5,7.4,5,7.7,5,7.0,5,6.3,7,6.5,6,8.3,3,7.8,5,6.6,4,7.1,5,6.5,5,5.9,6,6.0,5,7.4,5,8.5,6,2.6,7.0,10.3,5,9.6,3,6.1,4,7.3,5,9.0,5,12.0,2,10.9,2,11.8,1,11.8,1,13.7,2,11.7,3
2016-01-12 17:00:00,6.7,2,6.3,3,6.1,4,6.0,3,6.2,6,7.0,3,6.3,5,7.0,6,6.0,3,6.7,4,7.1,4,6.0,6,5.6,7,5.8,6,7.4,3,6.8,5,5.5,4,5.9,5,5.6,5,5.2,6,5.4,5,6.5,5,7.9,6,2.4,7.0,9.4,5,8.4,3,4.9,3,6.0,4,8.3,4,10.9,2,9.6,2,11.0,1,10.7,1,12.5,2,10.6,3
2016-01-12 18:00:00,6.6,2,5.8,2,5.7,2,5.3,3,5.5,5,6.6,4,5.7,5,6.2,6,5.5,3,6.0,3,6.6,3,5.1,6,4.9,7,5.2,7,6.6,3,5.9,5,4.6,4,5.0,4,4.7,5,4.7,6,4.9,5,5.7,4,7.4,5,2.3,7.0,8.7,4,7.3,3,3.9,2,5.1,3,7.7,4,10.0,2,8.5,2,10.3,2,9.6,2,11.4,1,9.8,3
2016-01-12 19:00:00,6.4,2,5.4,2,5.4,2,4.9,3,4.8,5,6.1,4,5.3,4,5.7,6,5.2,2,5.5,2,6.2,2,4.7,6,4.4,7,4.9,7,6.1,3,5.4,4,4.1,4,4.7,4,4.2,5,4.5,7,4.6,5,5.3,4,6.9,5,2.1,7.0,8.2,4,6.5,4,3.3,2,4.7,3,7.3,3,9.5,2,7.8,3,9.8,2,8.7,2,10.7,1,9.4,3
2016-01-12 20:00:00,6.2,2,5.1,2,5.0,2,4.8,4,4.3,4,5.5,3,5.0,3,5.3,5,4.9,2,5.0,2,5.9,2,4.5,7,4.1,7,4.8,7,5.7,3,5.1,4,4.0,5,4.8,3,3.9,5,4.5,7,4.5,5,5.1,3,6.6,6,1.9,7.0,8.0,4,6.0,4,3.0,2,4.7,3,7.0,3,9.3,2,7.4,3,9.6,2,8.0,2,10.3,1,9.1,2
2016-01-12 21:00:00,6.1,2,4.9,2,4.7,2,4.6,4,3.8,4,5.4,3,4.7,3,4.8,4,4.6,3,4.7,2,5.6,3,4.5,6,4.0,6,4.7,7,5.3,3,4.7,3,3.7,5,4.7,3,3.9,5,4.4,7,4.3,5,5.1,3,6.3,6,1.7,7.0,7.8,4,5.4,4,2.6,2,4.5,3,6.8,3,9.0,2,7.0,3,9.3,2,7.5,2,9.9,1,8.6,3
2016-01-12 22:00:00,6.0,2,4.7,2,4.4,3,4.5,4,3.5,5,5.4,2,4.5,3,4.4,4,4.3,3,4.4,3,5.3,3,4.4,6,4.0,6,4.5,7,5.0,3,4.4,3,3.5,5,4.5,3,3.9,5,4.3,7,4.2,5,5.1,3,6.1,6,1.4,6.0,7.6,4,5.1,4,2.2,2,4.4,4,6.6,3,8.7,3,6.7,3,9.1,2,7.2,2,9.5,1,8.2,3
2016-01-12 23:00:00,5.9,2,4.6,2,4.3,3,4.5,4,3.3,5,5.4,3,4.4,3,4.1,3,4.1,3,4.2,3,5.0,4,4.3,6,4.1,6,4.3,7,4.7,3,4.2,3,3.3,5,4.3,4,3.9,5,4.2,6,4.0,5,5.0,3,5.9,6,1.2,6.0,7.3,4,4.8,4,2.0,2,4.2,4,6.5,3,8.5,3,6.5,4,8.9,3,7.1,2,9.2,2,7.7,3
2016-01-13 00:00:00,5.8,2,4.6,3,4.2,4,4.6,4,3.1,5,5.5,3,4.3,3,3.8,3,3.9,3,4.1,3,4.9,4,4.2,6,4.2,6,4.1,6,4.5,4,3.9,4,3.2,5,4.0,4,3.7,5,4.0,6,3.7,5,4.8,3,5.8,5,0.8,6.0,6.9,4,4.8,4,2.0,3,4.1,4,6.4,4,8.2,4,6.4,4,8.6,3,7.0,3,8.9,2,7.3,3
2016-01-13 01:00:00,5.8,3,4.7,3,4.3,4,4.6,5,3.0,5,5.6,3,4.3,4,3.6,4,3.8,4,4.0,4,4.9,4,4.0,6,4.3,6,4.0,6,4.3,5,3.8,5,3.1,5,3.6,4,3.3,5,3.8,6,3.5,4,4.3,4,5.7,5,0.4,6.0,6.4,5,4.9,5,1.9,3,3.9,5,6.1,4,7.9,4,6.5,4,8.3,3,7.0,3,8.6,2,6.8,3
2016-01-13 02:00:00,5.7,4,4.8,4,4.4,5,4.6,5,3.0,6,5.8,4,4.3,4,3.4,4,3.7,4,3.9,4,5.0,4,3.8,6,4.3,5,3.9,6,4.2,5,3.6,5,3.0,5,3.2,5,2.8,5,3.5,6,3.2,4,3.8,4,5.4,5,-0.1,6.0,5.9,5,5.1,5,2.0,4,3.6,5,5.8,4,7.7,4,6.6,4,8.0,4,7.0,3,8.3,2,6.4,4
2016-01-13 03:00:00,5.8,2,4.5,4,3.7,2,4.6,4,2.5,4,5.2,4,4.1,3,3.4,3,2.8,3,3.0,3,3.5,3,3.1,4,3.5,5,3.2,5,3.8,3,2.9,3,1.9,2,2.3,2,2.2,3,2.7,4,2.1,4,2.9,3,4.0,3,0.0,6.0,5.5,4,4.6,3,2.1,2,4.0,5,5.8,5,7.6,2,6.2,2,7.3,1,6.3,1,8.9,1,8.2,4
2016-01-13 04:00:00,5.7,2,4.3,3,3.5,2,4.2,4,2.3,4,5.3,4,3.9,3,3.0,4,2.5,3,2.7,3,3.3,3,2.6,4,3.2,6,3.0,5,3.4,4,2.7,4,1.5,2,1.8,2,1.8,3,2.1,4,1.8,4,2.4,3,3.4,3,-0.3,6.0,5.1,4,4.1,2,1.5,1,3.8,5,5.5,5,7.1,2,5.6,1,6.7,1,5.9,1,8.7,1,7.8,4
2016-01-13 05:00:00,5.6,2,4.0,3,3.4,3,3.8,5,2.1,5,5.4,4,3.8,3,2.7,4,2.2,3,2.5,3,3.1,3,2.0,4,2.8,6,2.7,5,2.9,4,2.4,4,0.9,2,1.4,2,1.4,4,1.6,4,1.6,4,2.0,3,2.8,3,-0.7,6.0,4.7,4,3.5,2,0.9,1,3.7,5,5.3,5,6.7,2,5.1,1,6.3,1,5.7,1,8.5,1,7.3,5
2016-01-13 06:00:00,5.4,2,3.7,3,3.3,3,3.6,5,2.1,5,5.6,4,3.8,3,2.5,5,2.0,3,2.4,3,3.0,3,1.6,5,2.6,7,2.6,6,2.6,5,2.3,5,0.6,3,1.2,2,1.2,5,1.3,5,1.5,4,1.9,4,2.5,3,-1.2,6.0,4.5,5,3.2,2,0.6,2,3.8,5,5.2,5,6.4,3,4.8,2,6.1,1,5.8,1,8.6,1,7.1,5
2016-01-13 07:00:00,5.3,2,3.5,3,3.4,3,3.8,5,2.4,6,5.8,4,4.0,3,2.7,5,2.0,3,2.5,3,3.0,3,1.5,5,2.7,7,2.7,6,2.8,5,2.4,5,0.7,4,1.4,3,1.3,5,1.4,5,1.6,5,2.1,5,2.6,4,-1.6,6.0,4.6,6,3.3,2,0.8,2,4.2,6,5.4,5,6.3,3,5.1,2,6.2,2,6.4,1,9.1,1,7.4,5
2016-01-13 08:00:00,5.3,3,3.5,3,3.6,3,4.2,6,2.9,6,6.1,4,4.4,4,3.2,5,2.4,4,2.8,4,3.3,4,1.9,5,3.0,7,3.0,7,3.5,5,2.7,5,1.1,5,2.0,5,1.6,6,1.8,6,1.8,6,2.6,5,3.0,5,-1.8,6.0,5.0,6,3.8,3,1.4,2,5.0,6,5.9,6,6.6,4,6.0,3,6.7,2,7.3,1,9.8,1,8.0,6
2016-01-13 09:00:00,5.5,3,3.9,4,4.1,3,4.9,6,3.6,6,6.6,4,5.1,4,4.2,5,3.0,5,3.5,5,3.9,5,2.7,6,3.5,7,3.6,7,4.5,5,3.3,6,2.0,5,2.8,6,2.2,6,2.5,7,2.3,7,3.3,6,3.7,6,-1.5,6.0,5.8,7,4.6,3,2.3,2,6.1,6,6.7,6,7.3,4,7.1,4,7.4,2,8.4,1,10.8,1,9.0,6
2016-01-13 10:00:00,5.9,4,4.8,5,4.8,3,5.7,6,4.4,6,7.2,4,6.0,5,5.5,5,3.9,5,4.5,5,4.8,5,4.0,6,4.1,7,4.5,7,5.8,5,4.2,6,3.2,6,3.8,6,2.9,6,3.4,7,3.0,7,4.2,7,4.5,6,-0.5,7.0,7.0,7,5.7,4,3.3,2,7.6,6,7.7,6,8.6,4,8.4,4,8.3,2,9.4,1,11.9,1,10.1,6
2016-01-13 11:00:00,6.5,4,6.0,6,5.6,4,6.4,6,5.1,6,7.8,5,6.8,5,6.9,6,4.9,6,5.5,6,5.8,6,5.4,7,4.7,7,5.4,7,7.1,5,5.3,6,4.4,5,4.8,6,3.7,6,4.2,7,3.8,7,5.1,7,5.3,6,0.7,6.0,8.3,6,6.9,3,4.3,2,9.1,6,8.8,7,10.0,5,9.6,4,9.2,2,10.3,1,13.0,1,11.1,6
2016-01-13 12:00:00,6.8,5,6.8,6,6.2,5,6.9,6,5.7,6,8.2,5,7.4,5,7.9,6,5.6,6,6.3,6,6.6,6,6.4,7,5.1,7,6.0,7,8.1,6,6.2,6,5.4,5,5.7,5,4.4,6,4.7,7,4.5,6,5.9,7,6.0,6,1.5,6.0,9.4,6,7.9,3,5.1,2,10.2,6,9.7,7,11.2,5,10.5,4,10.0,2,11.0,1,13.8,1,11.8,5
2016-01-13 13:00:00,6.8,5,7.1,6,6.5,5,7.0,6,6.0,6,8.3,5,7.6,5,8.2,6,5.8,6,6.6,6,7.0,6,6.7,7,5.3,7,6.1,7,8.5,6,6.8,6,5.8,5,6.2,5,4.9,7,4.8,6,4.9,6,6.4,7,6.4,5,1.5,6.0,10.0,6,8.5,4,5.5,2,10.7,6,10.1,7,11.8,5,11.0,4,10.5,2,11.5,1,14.3,1,12.1,5
2016-01-13 14:00:00,6.6,5,6.8,6,6.5,5,6.9,6,6.0,6,8.0,5,7.3,4,8.0,5,5.7,6,6.5,6,7.0,6,6.4,7,5.3,7,5.8,7,8.4,6,7.0,6,5.7,5,6.3,6,5.2,7,4.5,6,5.0,7,6.6,7,6.5,5,0.9,6.0,10.2,7,8.5,4,5.4,2,10.5,6,10.2,7,11.8,5,10.9,4,10.6,2,11.5,1,14.2,1,12.1,5
2016-01-13 15:00:00,6.9,5,6.9,6,6.6,6,7.0,6,6.4,6,7.7,5,7.0,5,7.8,4,6.0,5,6.7,5,7.2,5,6.6,5,5.3,7,5.4,7,8.3,6,7.4,6,6.0,6,6.4,6,5.1,6,4.3,7,5.5,6,6.8,6,7.0,6,-0.5,6.0,10.2,6,7.8,4,4.5,2,9.2,6,9.6,6,10.8,5,9.9,4,9.8,2,10.3,1,13.4,3,11.1,5
2016-01-13 16:00:00,6.6,5,6.4,6,6.0,6,6.3,5,5.8,6,7.1,5,6.3,6,6.9,4,5.6,5,6.1,5,6.8,5,5.8,5,4.8,6,4.7,7,7.6,5,6.8,6,5.3,5,5.6,6,4.4,6,3.9,7,5.1,6,6.1,6,6.5,6,-0.8,6.0,9.6,6,6.8,4,3.3,2,7.6,5,9.0,6,10.0,4,8.8,4,9.1,2,9.4,1,12.3,4,10.3,5
2016-01-13 17:00:00,6.2,6,5.9,6,5.3,6,5.7,5,5.0,6,6.5,5,5.6,6,6.0,5,5.2,4,5.6,4,6.3,4,4.8,5,4.2,6,4.1,6,6.9,4,6.1,6,4.4,4,4.7,6,3.6,6,3.5,7,4.6,5,5.2,5,5.7,5,-0.8,6.0,8.8,6,5.6,3,2.0,2,5.9,4,8.3,5,8.9,3,7.4,3,8.3,2,8.3,1,10.9,4,9.3,5
2016-01-13 18:00:00,6.0,6,5.4,6,4.7,6,5.2,5,4.3,6,6.1,5,5.1,6,5.4,6,4.9,5,5.1,4,5.9,5,4.0,5,3.6,6,3.6,6,6.5,3,5.5,6,3.8,4,4.0,5,2.8,6,3.2,7,4.3,5,4.5,5,5.1,5,-0.9,6.0,8.2,5,4.5,3,1.1,2,4.6,4,7.5,4,7.9,3,6.2,2,7.4,2,7.2,1,9.6,4,8.3,5
2016-01-13 19:00:00,5.9,6,5.0,6,4.3,6,5.0,5,3.9,6,5.9,5,5.0,5,5.1,6,4.6,5,4.8,5,5.6,5,3.6,5,3.2,6,3.4,6,6.3,4,5.2,5,3.5,4,3.8,5,2.4,6,3.0,6,4.1,6,4.1,4,4.7,5,-1.2,6.0,7.8,5,3.8,4,0.8,2,4.0,4,6.9,4,7.3,3,5.5,3,6.7,2,6.4,1,8.8,3,7.6,5
2016-01-13 20:00:00,5.8,5,4.8,6,4.1,6,5.1,5,3.8,6,5.8,5,5.1,5,5.1,6,4.5,6,4.7,6,5.5,6,3.6,5,3.0,6,3.4,6,6.4,4,5.2,5,3.5,4,3.9,4,2.2,6,2.8,6,4.1,6,4.1,5,4.5,5,-1.6,5.0,7.7,5,3.5,4,0.8,2,3.9,5,6.4,4,6.9,4,5.1,4,6.1,2,5.9,1,8.3,2,7.0,5
2016-01-13 21:00:00,5.8,5,4.6,6,4.1,6,5.2,5,3.5,6,5.7,5,5.1,5,5.2,6,4.4,6,4.7,6,5.4,6,3.4,5,2.8,6,3.2,6,6.3,5,5.1,5,3.4,5,3.7,4,2.1,6,2.5,6,3.9,6,3.9,5,4.2,5,-1.9,5.0,7.5,5,3.2,4,0.7,2,3.8,5,6.0,4,6.5,4,4.7,4,5.7,2,5.5,2,7.7,2,6.5,5
2016-01-13 22:00:00,5.7,6,4.4,6,4.1,6,5.2,5,3.3,6,5.8,5,5.1,5,5.2,6,4.3,5,4.7,6,5.3,6,3.4,5,2.8,6,3.0,6,6.3,5,5.0,5,3.3,5,3.5,5,2.0,6,2.2,6,3.7,6,3.7,5,4.0,5,-2.2,5.0,7.3,5,3.0,3,0.7,2,3.8,5,5.7,4,6.2,4,4.5,4,5.4,1,5.3,2,7.3,2,6.0,5
2016-01-13 23:00:00,5.6,6,4.3,6,4.1,6,5.2,6,3.0,6,5.9,5,5.1,5,5.1,6,4.3,5,4.6,6,5.1,6,3.3,6,2.8,6,2.8,6,6.2,5,5.0,5,3.1,5,3.3,5,1.8,6,1.9,6,3.4,6,3.5,5,3.8,5,-2.5,5.0,7.2,5,3.0,2,0.6,2,3.8,5,5.5,4,5.9,4,4.4,4,5.3,1,5.2,3,6.9,2,5.7,5
2016-01-14 00:00:00,5.5,6,4.2,6,4.1,6,5.1,6,2.7,6,6.0,5,5.2,5,5.0,6,4.2,5,4.4,6,4.9,5,3.2,6,2.8,6,2.5,6,6.1,5,4.8,6,2.9,5,3.1,5,1.6,6,1.6,6,3.1,6,3.4,5,3.6,5,-2.8,5.0,7.0,5,3.2,2,0.6,2,3.9,5,5.5,4,5.8,4,4.5,4,5.3,2,5.2,3,6.6,2,5.6,5
2016-01-14 01:00:00,5.4,6,4.1,6,3.9,6,5.0,6,2.4,6,6.1,5,5.2,5,4.9,6,4.0,5,4.2,5,4.7,5,3.0,6,2.8,5,2.3,6,6.0,5,4.6,6,2.7,6,2.9,5,1.4,6,1.3,6,2.8,6,3.2,5,3.3,5,-3.1,5.0,6.8,5,3.4,3,0.6,3,4.1,5,5.4,4,5.8,4,4.7,4,5.4,3,5.1,4,6.3,3,5.4,5
2016-01-14 02:00:00,5.3,6,4.0,6,3.6,6,5.0,6,2.1,5,6.3,5,5.3,6,4.8,6,3.7,5,3.8,5,4.4,5,2.7,6,2.7,5,2.1,6,5.8,6,4.4,6,2.5,6,2.7,5,1.1,6,0.9,6,2.6,6,3.0,5,3.0,5,-3.4,5.0,6.7,6,3.7,4,0.6,4,4.3,5,5.4,4,5.8,5,5.0,4,5.5,4,4.9,4,6.0,3,5.4,5
2016-01-14 03:00:00,5.4,6,4.3,6,3.8,6,4.8,4,3.2,7,5.8,3,4.7,3,4.3,4,3.6,6,3.9,7,4.4,7,3.3,7,2.9,7,2.2,6,5.8,3,4.3,6,2.6,5,2.8,6,0.6,6,0.6,6,2.5,7,2.5,4,2.2,5,-4.7,4.0,6.2,4,1.7,2,-0.9,2,3.2,4,4.2,2,4.3,2,3.1,2,4.3,1,4.1,1,5.9,1,5.1,3
2016-01-14 04:00:00,5.3,6,4.2,6,3.7,7,4.6,3,3.2,7,5.6,3,4.4,3,4.1,4,3.6,7,4.0,7,4.5,7,3.1,7,2.8,7,2.2,6,5.6,3,4.4,6,2.6,6,2.8,6,0.6,6,0.4,7,2.5,7,2.3,4,1.9,5,-4.7,5.0,6.2,4,1.6,2,-1.0,2,3.1,4,4.1,2,3.9,3,2.9,2,4.2,1,4.1,1,5.8,1,4.5,3
2016-01-14 05:00:00,5.1,5,4.0,6,3.6,7,4.4,3,3.2,7,5.5,2,4.2,3,4.0,4,3.6,7,4.1,7,4.6,7,2.8,7,2.5,7,2.0,6,5.3,4,4.4,6,2.4,6,2.7,6,0.7,7,0.2,7,2.5,7,2.3,5,1.7,5,-4.7,5.0,6.0,4,1.3,2,-1.1,2,3.2,5,4.1,2,3.7,3,2.8,2,4.2,1,4.1,1,5.8,1,4.0,4
2016-01-14 06:00:00,4.8,5,3.7,6,3.5,7,4.2,3,3.2,7,5.5,2,4.0,3,3.9,4,3.5,7,4.1,7,4.5,7,2.5,7,2.3,7,1.9,6,5.0,4,4.4,7,2.2,6,2.5,6,0.8,7,0.1,7,2.5,7,2.3,5,1.6,5,-4.8,5.0,5.9,5,1.2,2,-1.2,2,3.4,5,4.1,2,3.6,4,2.9,2,4.2,2,4.2,1,6.0,1,3.8,5
2016-01-14 07:00:00,4.3,5,3.3,5,3.3,6,4.1,3,3.2,7,5.6,1,4.1,3,3.9,4,3.2,7,3.9,7,4.2,7,2.3,7,2.2,7,1.9,7,4.9,4,4.4,7,2.2,6,2.4,7,1.0,7,0.2,6,2.5,7,2.5,5,1.7,6,-4.9,6.0,5.8,5,1.4,2,-1.2,2,3.8,5,4.2,3,3.9,3,3.4,3,4.5,2,4.2,1,6.5,1,4.3,5
2016-01-14 08:00:00,3.9,6,3.0,5,3.1,6,4.1,3,3.3,7,5.9,2,4.3,3,4.0,4,2.9,7,3.8,7,3.9,7,2.3,7,2.2,7,2.0,7,5.2,3,4.4,7,2.4,6,2.5,7,1.3,7,0.6,6,2.5,7,2.8,6,2.0,6,-4.7,6.0,6.0,6,1.9,3,-0.9,2,4.4,6,4.5,4,4.6,3,4.2,3,5.1,2,4.4,1,7.2,2,5.4,5
2016-01-14 09:00:00,3.7,6,3.0,5,3.1,5,4.4,4,3.5,7,6.2,2,4.8,3,4.5,4,3.0,7,3.9,7,4.0,7,2.7,7,2.5,7,2.5,7,5.7,3,4.6,6,2.8,6,2.9,7,1.8,7,1.3,6,2.8,7,3.4,7,2.7,7,-3.9,6.0,6.5,6,2.8,3,-0.1,2,5.5,6,5.3,5,5.6,3,5.3,4,6.0,2,5.0,1,8.1,2,6.8,5
2016-01-14 10:00:00,3.9,6,3.6,5,3.4,5,5.0,4,3.9,6,6.6,2,5.4,3,5.3,5,3.5,6,4.5,6,4.5,6,3.7,7,3.0,7,3.4,7,6.6,3,5.0,6,3.5,6,3.7,7,2.6,7,2.3,6,3.3,7,4.2,7,3.8,7,-2.4,7.0,7.4,6,4.1,4,1.3,3,7.0,6,6.6,5,7.0,3,6.6,4,7.2,2,6.0,1,9.2,2,8.4,4
2016-01-14 11:00:00,4.4,6,4.4,6,3.9,6,5.8,4,4.3,6,7.0,3,6.1,3,6.2,5,4.2,6,5.2,6,5.3,6,4.8,7,3.6,7,4.3,7,7.5,3,5.4,5,4.3,6,4.6,7,3.4,6,3.4,7,4.0,6,5.1,7,5.1,7,-0.6,7.0,8.4,6,5.6,5,2.9,3,8.6,7,8.1,5,8.4,4,7.9,4,8.3,2,7.3,1,10.2,1,10.0,4
2016-01-14 12:00:00,4.8,6,5.1,5,4.4,6,6.4,4,4.7,6,7.3,3,6.5,3,7.0,5,4.8,5,5.8,5,6.0,6,5.6,6,4.1,7,5.0,7,8.1,4,5.9,5,4.9,6,5.4,7,4.1,6,4.2,7,4.5,6,5.8,7,6.1,7,0.6,7.0,9.3,6,6.8,5,4.3,3,9.7,7,9.2,5,9.5,4,8.9,4,9.3,2,8.5,1,10.9,1,11.1,4
2016-01-14 13:00:00,5.0,6,5.4,5,4.6,6,6.7,4,4.9,5,7.3,3,6.6,3,7.4,5,4.9,5,6.0,5,6.3,5,5.8,6,4.4,7,5.2,7,8.3,4,6.2,5,5.2,6,5.7,6,4.5,7,4.4,7,4.8,6,6.0,7,6.5,7,0.8,7.0,9.7,6,7.5,5,5.1,3,10.0,7,9.6,5,10.1,5,9.5,4,9.8,2,9.3,2,11.2,1,11.6,4
2016-01-14 14:00:00,5.0,5,5.4,4,4.6,5,6.5,4,4.9,5,7.2,2,6.4,3,7.4,5,4.7,5,5.8,5,6.2,5,5.4,5,4.4,7,4.9,6,7.9,4,6.3,5,5.0,6,5.5,6,4.5,7,4.1,7,4.7,6,5.9,6,6.5,6,0.4,7.0,9.7,6,7.8,5,5.3,4,9.5,7,9.4,6,10.3,5,9.7,4,10.0,2,9.7,2,11.1,2,11.7,4
2016-01-14 15:00:00,4.7,4,4.8,4,4.3,5,5.4,5,4.9,6,6.5,2,5.4,3,6.5,4,4.6,5,5.5,5,5.8,5,5.2,5,3.8,7,4.0,6,7.0,3,6.1,4,4.6,5,5.2,5,3.8,7,3.2,6,4.4,6,5.9,6,6.0,6,-0.1,7.0,9.2,6,7.7,3,5.0,5,8.1,7,8.7,7,10.4,4,9.8,2,10.0,5,9.8,4,12.0,3,11.3,6
2016-01-14 16:00:00,4.8,3,4.6,3,3.9,5,4.7,4,4.4,5,5.9,2,4.8,3,5.4,3,3.9,4,4.7,4,5.0,4,4.4,5,3.5,7,3.5,6,5.9,3,5.2,3,3.7,4,4.4,5,3.3,6,2.7,6,3.9,5,5.1,5,5.5,6,-0.9,6.0,8.5,6,6.8,2,4.1,4,6.9,7,8.2,7,9.7,3,8.8,2,9.4,4,9.0,4,11.2,2,10.6,6
2016-01-14 17:00:00,4.9,2,4.4,2,3.6,5,3.9,3,3.7,4,5.4,2,4.1,3,4.3,3,3.1,3,3.8,3,4.2,3,3.5,4,3.1,6,3.1,5,4.8,2,4.2,2,2.8,3,3.5,5,2.5,6,2.4,5,3.4,5,4.2,5,4.9,5,-1.3,6.0,7.6,5,5.7,2,3.1,3,5.7,7,7.7,6,8.7,3,7.6,2,8.8,4,7.9,3,10.2,2,9.8,6
2016-01-14 18:00:00,4.9,2,4.1,2,3.3,5,3.2,3,3.0,3,5.0,2,3.7,2,3.3,3,2.6,2,3.1,2,3.6,2,2.7,4,2.7,6,2.8,5,4.0,3,3.3,2,2.0,3,2.6,5,1.9,5,2.2,5,3.0,4,3.3,4,4.4,5,-1.6,6.0,6.7,5,4.7,1,2.3,2,4.6,6,7.2,6,7.9,3,6.5,2,8.0,4,6.9,3,9.2,2,9.0,7
2016-01-14 19:00:00,4.8,2,3.8,2,3.1,4,2.8,3,2.4,2,4.8,2,3.6,2,2.8,3,2.4,1,2.6,1,3.3,1,2.0,3,2.3,5,2.7,4,3.6,3,2.8,2,1.5,2,1.8,4,1.5,5,2.1,5,2.6,4,2.6,4,4.0,5,-1.7,6.0,5.9,4,4.2,1,1.8,2,3.9,6,6.7,6,7.4,3,5.8,2,7.2,3,6.2,3,8.5,2,8.3,6
2016-01-14 20:00:00,4.6,1,3.5,1,3.1,3,2.7,3,1.8,2,4.8,2,3.8,2,2.6,3,2.3,1,2.4,1,3.1,1,1.5,3,1.9,4,2.7,4,3.4,4,2.4,2,1.2,2,1.1,3,1.3,4,2.1,5,2.2,4,2.0,4,3.6,5,-1.9,6.0,5.3,4,4.0,1,1.6,2,3.6,5,6.2,6,7.0,2,5.4,2,6.6,3,5.9,2,7.9,2,7.8,5
2016-01-14 21:00:00,4.4,2,3.3,1,3.0,3,2.6,3,1.5,2,4.8,2,3.7,3,2.4,3,2.0,1,2.0,2,2.8,1,1.2,3,1.6,4,2.6,4,3.2,4,2.1,2,0.8,2,0.6,3,1.0,4,2.1,5,1.7,4,1.5,4,3.2,5,-2.0,6.0,4.7,4,3.7,1,1.4,2,3.3,5,5.7,6,6.5,2,5.0,2,6.1,3,5.6,2,7.5,3,7.4,5
2016-01-14 22:00:00,4.3,2,3.1,2,2.9,3,2.6,3,1.2,3,4.8,3,3.7,3,2.2,3,1.8,2,1.8,2,2.6,2,1.1,3,1.5,4,2.3,4,3.0,5,1.8,3,0.4,2,0.3,3,0.7,4,2.0,5,1.3,4,1.2,4,2.8,5,-2.2,6.0,4.2,5,3.4,2,1.1,2,3.1,5,5.2,6,6.1,3,4.7,2,5.8,3,5.3,2,7.1,3,7.1,5
2016-01-14 23:00:00,4.1,2,3.0,2,2.8,3,2.7,3,1.1,3,4.9,3,3.6,3,2.0,3,1.6,2,1.6,3,2.4,2,1.1,3,1.4,5,2.0,4,2.8,5,1.6,3,0.2,2,0.2,3,0.5,4,1.8,5,0.9,4,1.0,4,2.6,5,-2.4,6.0,3.7,5,3.2,2,0.8,2,2.9,5,4.8,5,5.8,3,4.5,2,5.7,4,5.1,2,6.8,3,6.8,5
2016-01-15 00:00:00,4.0,3,2.9,2,2.6,4,2.7,3,0.9,3,4.9,3,3.5,4,1.9,3,1.4,2,1.5,3,2.3,2,1.3,4,1.6,5,1.9,5,2.7,5,1.4,4,0.1,2,0.3,4,0.3,4,1.6,5,0.7,5,0.9,4,2.5,5,-2.6,5.0,3.4,5,3.2,2,0.7,3,2.8,5,4.4,5,5.5,3,4.5,2,5.6,4,5.0,2,6.7,3,6.5,5
2016-01-15 01:00:00,3.9,3,2.8,3,2.5,4,2.8,4,0.8,4,4.9,4,3.4,4,1.8,4,1.4,3,1.5,3,2.3,3,1.4,4,1.8,5,1.8,5,2.6,6,1.3,5,0.1,3,0.4,4,0.2,4,1.4,5,0.6,5,0.8,5,2.6,5,-2.8,5.0,3.3,5,3.3,3,0.7,3,2.6,5,4.0,5,5.4,4,4.6,3,5.7,4,5.1,3,6.5,3,6.2,5
2016-01-15 02:00:00,3.7,4,2.7,4,2.4,5,2.8,4,0.7,5,4.9,4,3.3,4,1.7,4,1.4,4,1.5,4,2.4,4,1.5,5,2.0,5,1.8,5,2.5,6,1.2,5,0.1,3,0.6,5,0.1,5,1.1,6,0.6,5,0.8,5,2.7,5,-3.1,5.0,3.3,5,3.6,4,0.7,4,2.5,5,3.8,5,5.4,4,4.8,4,5.7,5,5.2,4,6.3,4,5.8,5
2016-01-15 03:00:00,3.1,2,2.1,3,1.6,2,2.5,4,0.4,2,4.9,4,3.3,3,1.9,3,0.6,2,0.6,3,1.4,3,0.8,3,2.0,4,1.7,4,2.0,2,0.7,5,-0.4,4,0.1,4,0.5,5,1.1,5,-0.3,4,0.8,5,2.3,6,-2.8,5.0,3.2,4,3.2,4,0.6,3,3.3,6,4.3,5,5.3,4,4.3,4,4.8,5,4.8,5,6.5,5,6.7,6
2016-01-15 04:00:00,2.8,3,1.7,4,1.2,3,2.4,4,0.0,2,4.9,4,3.3,3,1.9,3,0.2,3,0.0,3,1.0,3,0.1,3,1.6,4,1.5,3,1.5,2,0.4,5,-0.8,4,-0.4,4,0.1,4,0.7,5,-0.6,4,0.5,5,2.1,6,-2.8,6.0,2.7,3,2.9,3,0.0,3,3.1,5,4.0,5,4.9,4,4.0,3,4.5,4,4.4,5,6.2,5,6.4,6
2016-01-15 05:00:00,2.5,4,1.3,4,0.9,3,2.2,3,-0.3,2,4.9,4,3.1,2,1.8,2,-0.3,3,-0.4,3,0.6,3,-0.6,3,1.1,4,1.3,3,0.8,2,0.1,4,-1.3,4,-0.8,4,-0.4,4,0.3,5,-0.8,4,0.3,5,1.8,6,-3.0,6.0,2.3,3,2.5,3,-0.6,2,3.0,5,3.7,5,4.6,3,3.8,2,4.3,3,3.9,5,5.8,5,6.0,5
2016-01-15 06:00:00,2.3,4,1.0,5,0.7,4,2.2,3,-0.4,2,4.8,3,3.0,2,1.7,2,-0.5,4,-0.6,4,0.4,3,-1.1,3,0.6,4,1.0,3,0.4,2,0.0,4,-1.7,4,-1.0,4,-0.7,4,-0.1,5,-1.0,4,0.2,5,1.5,5,-3.5,6.0,2.1,3,2.3,2,-1.0,1,2.8,5,3.4,4,4.4,2,3.8,2,4.2,2,3.7,5,5.7,5,5.7,4
2016-01-15 07:00:00,2.2,4,0.9,5,0.8,3,2.4,3,-0.3,3,4.7,4,3.0,3,1.5,3,-0.4,4,-0.4,4,0.5,4,-1.3,3,0.3,5,0.8,3,0.6,2,0.1,4,-1.8,4,-1.0,5,-0.8,4,-0.3,5,-1.0,4,0.1,5,1.2,5,-4.3,6.0,2.3,3,2.3,2,-1.0,1,2.5,4,3.2,5,4.6,2,4.0,2,4.2,1,3.8,5,6.0,5,5.7,4
2016-01-15 08:00:00,2.3,3,1.1,4,1.1,3,2.8,3,0.1,4,4.7,4,3.1,3,1.6,3,0.1,4,0.2,4,1.0,4,-1.0,4,0.3,6,0.7,3,1.3,2,0.5,4,-1.5,5,-0.7,6,-0.6,5,-0.4,5,-0.8,5,0.1,6,1.1,4,-5.0,6.0,2.9,4,2.5,2,-0.6,1,2.5,5,3.3,5,5.0,2,4.4,2,4.4,1,4.2,5,6.7,5,5.9,5
2016-01-15 09:00:00,2.7,3,1.7,4,1.6,3,3.4,3,0.7,4,4.9,5,3.5,4,2.1,4,0.9,4,1.1,4,1.7,4,-0.3,5,0.5,7,1.0,4,2.5,3,1.2,4,-0.8,6,-0.1,6,-0.2,6,-0.1,5,-0.3,5,0.4,6,1.2,4,-5.0,6.0,3.8,4,3.0,2,0.2,2,2.9,5,3.7,5,5.8,2,5.0,3,4.9,1,5.0,4,7.8,5,6.4,5
2016-01-15 10:00:00,3.3,3,2.7,4,2.3,4,4.1,4,1.5,5,5.4,5,4.1,5,3.3,5,1.9,3,2.1,3,2.6,3,0.9,6,0.9,7,1.7,5,4.1,3,2.2,5,0.3,6,0.9,7,0.3,6,0.4,4,0.4,5,1.0,7,1.7,4,-4.1,6.0,4.9,4,3.7,2,1.2,2,4.0,4,4.5,5,6.8,3,5.9,3,5.7,1,6.1,4,9.1,4,7.2,5
2016-01-15 11:00:00,3.9,3,3.7,4,3.1,5,4.9,4,2.3,6,5.9,5,4.8,5,4.8,5,2.8,3,3.1,3,3.6,3,2.1,7,1.3,7,2.4,6,5.6,4,3.2,5,1.5,5,2.0,6,0.9,7,1.1,3,1.3,5,1.7,7,2.4,4,-2.6,6.0,5.9,4,4.4,2,2.3,2,5.4,4,5.4,5,7.8,3,6.8,2,6.6,1,7.2,3,10.4,3,8.0,5
2016-01-15 12:00:00,4.3,3,4.5,4,3.6,6,5.4,5,2.9,6,6.4,5,5.3,5,5.9,6,3.4,3,3.9,3,4.3,3,3.0,7,1.7,6,3.0,6,6.7,5,4.1,5,2.5,5,2.8,6,1.4,6,1.5,2,1.9,5,2.4,6,3.0,4,-1.5,6.0,6.8,5,5.1,1,3.3,2,6.4,4,6.1,5,8.6,2,7.6,2,7.3,1,8.3,2,11.4,2,8.6,5
2016-01-15 13:00:00,4.4,3,4.8,3,3.8,5,5.6,5,3.1,6,6.6,5,5.5,5,6.3,5,3.5,3,4.2,3,4.6,3,3.2,6,1.9,6,3.1,6,7.0,5,4.6,5,3.0,5,3.2,6,1.8,6,1.6,2,2.2,5,2.9,6,3.3,4,-1.2,6.0,7.3,5,5.5,1,3.9,2,6.7,5,6.4,5,9.1,2,8.0,2,7.6,1,9.0,1,12.0,2,8.9,5
2016-01-15 14:00:00,4.2,3,4.6,3,3.7,4,5.5,5,2.9,5,6.5,5,5.3,5,6.1,5,3.2,4,4.1,4,4.5,4,2.9,5,1.8,6,2.7,5,6.6,5,4.7,5,2.9,6,3.1,7,2.0,6,1.3,2,2.2,5,3.1,6,3.3,4,-1.5,6.0,7.4,6,5.5,1,3.9,2,6.3,5,6.4,6,9.1,2,8.0,2,7.5,1,9.2,1,12.1,3,8.8,5
2016-01-15 15:00:00,4.0,2,4.1,3,4.0,4,4.8,4,3.1,3,6.0,3,5.2,5,5.7,4,2.8,5,3.4,5,3.9,5,2.8,4,2.0,5,2.3,6,5.7,2,4.3,6,2.3,7,2.8,7,1.6,5,0.4,5,2.1,6,2.6,6,3.2,5,-2.9,3.0,6.6,6,5.1,2,2.7,1,5.1,5,5.5,5,8.4,2,7.4,2,7.1,1,8.3,1,11.3,4,8.3,4
2016-01-15 16:00:00,3.8,2,3.4,2,3.3,4,4.1,4,2.5,4,5.9,2,4.7,4,4.8,4,2.1,4,2.5,4,3.1,4,1.8,4,1.6,5,1.8,6,5.0,2,3.6,6,1.5,6,2.0,6,1.0,5,-0.1,5,1.7,5,1.9,6,2.7,5,-3.4,3.0,6.0,5,4.3,2,1.3,1,3.7,5,5.0,5,7.4,2,6.2,2,6.5,1,7.2,1,10.3,4,7.4,4
2016-01-15 17:00:00,3.7,2,2.7,2,2.5,4,3.4,4,1.9,4,5.7,2,4.2,3,3.8,4,1.3,4,1.7,4,2.2,4,0.8,3,1.2,5,1.4,5,4.5,2,2.7,6,0.7,5,1.0,6,0.3,5,-0.4,5,1.3,4,1.2,5,2.1,6,-3.8,2.0,5.4,3,3.2,3,-0.2,1,2.4,5,4.4,4,6.2,2,4.7,2,5.7,1,6.0,1,9.2,4,6.3,3
2016-01-15 18:00:00,3.7,3,2.3,2,1.9,5,2.9,4,1.3,4,5.6,2,3.9,2,3.1,4,0.7,4,1.0,3,1.6,3,0.0,3,0.8,5,1.2,5,4.1,3,1.9,6,0.1,5,0.3,5,-0.3,5,-0.5,5,0.9,3,0.6,5,1.6,6,-4.1,2.0,4.8,2,2.4,3,-1.3,1,1.5,5,3.9,3,5.2,1,3.5,3,5.0,1,4.8,1,8.1,5,5.5,3
2016-01-15 19:00:00,3.7,3,2.2,2,1.7,5,2.7,4,0.8,5,5.4,2,3.8,2,2.8,4,0.4,3,0.7,3,1.4,3,-0.3,4,0.6,6,1.2,5,3.9,2,1.5,6,-0.1,5,0.1,5,-0.6,5,-0.4,6,0.6,3,0.4,5,1.4,6,-4.3,2.0,4.3,2,2.0,4,-1.5,1,1.3,5,3.5,3,4.7,1,2.9,3,4.5,1,4.0,1,7.1,5,5.2,3
2016-01-15 20:00:00,3.6,3,2.2,3,1.7,4,2.8,4,0.4,5,5.1,2,3.9,2,2.8,3,0.3,3,0.5,3,1.5,3,-0.3,5,0.5,6,1.2,6,3.7,2,1.3,6,-0.1,5,0.2,5,-0.8,6,-0.2,6,0.4,4,0.4,5,1.3,7,-4.4,2.0,4.0,2,1.8,4,-1.1,1,1.6,6,3.1,3,4.5,1,2.8,3,4.1,1,3.6,1,6.3,5,5.2,2
2016-01-15 21:00:00,3.5,3,2.1,3,1.5,4,2.8,3,0.1,5,5.0,2,3.9,2,2.7,2,0.1,3,0.3,3,1.3,3,-0.2,5,0.5,6,1.2,6,3.4,2,1.1,6,-0.3,5,0.1,6,-1.0,6,-0.2,6,0.1,4,0.3,5,1.1,6,-4.5,2.0,3.7,2,1.6,4,-1.1,1,1.8,6,3.0,3,4.3,2,2.6,3,3.8,1,3.3,1,5.6,5,5.0,3
2016-01-15 22:00:00,3.4,4,2.0,3,1.3,4,2.9,3,-0.1,5,5.0,3,3.9,2,2.6,2,0.0,4,0.1,3,1.1,3,-0.1,5,0.5,6,1.1,6,3.1,2,0.9,6,-0.4,5,0.0,6,-1.2,6,-0.2,6,-0.1,4,0.3,5,1.0,6,-4.7,3.0,3.5,2,1.4,4,-1.1,2,1.9,6,2.9,3,4.0,2,2.6,3,3.5,2,3.0,2,5.0,5,4.9,3
2016-01-15 23:00:00,3.3,4,1.9,4,1.0,3,3.0,3,-0.3,5,5.0,3,3.8,3,2.6,2,-0.1,4,0.0,4,0.9,4,0.0,5,0.6,5,0.9,6,2.9,2,0.8,6,-0.5,5,0.0,6,-1.2,6,-0.2,6,-0.2,4,0.3,5,0.9,6,-4.8,3.0,3.3,3,1.3,4,-1.2,2,1.9,6,2.8,3,3.9,2,2.6,4,3.5,2,2.8,2,4.7,5,4.7,3
2016-01-16 00:00:00,3.2,4,1.9,4,0.9,4,3.0,3,-0.5,5,5.0,3,3.8,3,2.6,3,-0.1,4,-0.1,4,0.8,4,0.0,5,0.7,5,0.7,6,2.8,3,0.8,6,-0.6,5,0.0,5,-1.3,6,-0.3,6,-0.3,4,0.3,5,0.9,6,-5.0,4.0,3.2,3,1.4,4,-1.3,3,1.9,6,2.7,4,3.8,3,2.6,4,3.5,3,2.8,2,4.6,5,4.5,3
2016-01-16 01:00:00,3.1,4,1.8,4,0.8,4,2.9,4,-0.7,5,5.0,4,3.7,4,2.6,3,0.0,5,-0.1,5,0.8,4,0.0,6,0.7,5,0.6,6,2.7,4,0.7,6,-0.6,5,0.0,5,-1.2,6,-0.5,6,-0.4,5,0.3,5,0.9,6,-5.1,4.0,3.1,4,1.6,4,-1.3,4,1.8,6,2.7,4,3.8,3,2.8,4,3.8,3,2.9,2,4.7,5,4.4,4
2016-01-16 02:00:00,3.1,4,1.8,5,0.8,5,2.8,5,-0.9,6,5.0,4,3.6,4,2.5,4,0.0,5,-0.1,5,0.8,5,-0.1,6,0.7,5,0.4,6,2.8,5,0.7,6,-0.6,5,0.1,5,-1.2,6,-0.7,6,-0.4,5,0.3,5,0.9,6,-5.3,5.0,3.1,4,1.8,5,-1.3,4,1.7,5,2.7,4,3.8,3,2.9,4,4.0,4,3.1,3,4.8,4,4.2,4
2016-01-16 03:00:00,2.2,4,1.2,4,0.0,3,3.1,3,-0.8,5,4.9,1,3.4,2,2.5,2,0.0,4,0.0,4,0.5,4,-0.5,4,0.4,6,0.1,7,2.5,1,0.7,3,-1.2,6,-0.4,6,-1.3,5,-0.4,7,-1.5,6,-0.6,6,0.5,5,-4.5,7.0,1.9,1,1.3,1,-1.5,3,0.1,5,1.7,3,3.2,2,2.2,1,3.2,3,2.3,4,4.8,5,4.6,2
2016-01-16 04:00:00,2.2,4,1.1,5,-0.2,4,2.6,3,-1.0,5,4.5,1,3.1,2,2.3,2,-0.1,4,-0.2,4,0.4,4,-0.7,5,0.0,6,0.2,7,2.3,1,0.5,4,-1.2,6,-0.5,6,-1.4,5,-0.7,7,-1.4,6,-0.6,6,0.2,5,-4.5,7.0,1.7,2,1.2,1,-1.6,2,-0.1,4,1.6,3,2.8,2,2.0,1,2.9,2,2.2,4,4.5,4,4.3,2
2016-01-16 05:00:00,2.3,5,0.8,5,-0.5,4,2.1,3,-1.2,5,4.2,1,2.7,2,2.0,2,-0.3,4,-0.5,4,0.2,4,-1.0,5,-0.4,6,0.2,7,1.8,1,0.3,5,-1.4,7,-0.7,6,-1.5,4,-1.0,7,-1.4,6,-0.6,6,-0.1,4,-4.6,7.0,1.4,2,0.9,1,-1.8,3,-0.1,4,1.3,3,2.4,2,1.8,2,2.5,2,2.1,4,4.2,4,3.9,2
2016-01-16 06:00:00,2.3,5,0.7,5,-0.6,4,1.7,3,-1.2,5,4.0,1,2.5,2,1.7,1,-0.4,4,-0.6,4,0.1,4,-1.3,5,-0.8,6,0.2,7,1.5,1,0.1,6,-1.6,7,-1.0,6,-1.6,4,-1.3,7,-1.5,7,-0.7,6,-0.4,4,-5.0,7.0,1.1,3,0.6,2,-1.9,3,0.1,3,1.1,3,2.2,2,1.8,2,2.3,2,2.0,4,4.1,3,3.7,2
2016-01-16 07:00:00,2.3,4,0.7,5,-0.5,4,1.7,3,-1.0,6,4.1,2,2.6,2,1.6,2,-0.4,5,-0.5,5,0.2,5,-1.5,6,-1.0,7,0.0,7,1.4,1,-0.1,6,-1.8,7,-1.2,6,-1.7,5,-1.5,7,-1.7,7,-0.9,6,-0.7,4,-5.8,7.0,1.0,4,0.4,2,-1.9,4,0.4,4,1.0,4,2.4,2,2.1,1,2.4,2,2.0,4,4.3,3,3.9,3
2016-01-16 08:00:00,2.3,3,1.1,4,0.0,5,2.0,4,-0.6,6,4.3,2,3.0,3,1.8,2,-0.2,5,-0.1,5,0.6,5,-1.5,6,-0.9,7,-0.2,7,1.7,1,0.0,6,-1.8,7,-1.3,7,-1.8,6,-1.5,7,-1.9,7,-1.0,6,-0.8,5,-6.5,7.0,1.1,4,0.5,2,-1.6,5,1.0,5,1.3,5,3.0,2,2.7,1,2.7,2,2.4,3,4.9,3,4.4,3
2016-01-16 09:00:00,2.5,3,1.7,4,0.7,5,2.6,5,0.0,7,4.8,3,3.5,4,2.3,2,0.4,6,0.6,6,1.3,6,-1.1,7,-0.6,7,-0.2,7,2.4,1,0.3,6,-1.5,7,-1.0,7,-1.6,6,-1.2,7,-1.8,7,-1.0,6,-0.6,6,-6.5,7.0,1.8,5,1.0,2,-1.0,6,2.0,6,1.9,6,4.0,2,3.6,1,3.4,2,3.2,3,6.0,3,5.2,3
2016-01-16 10:00:00,3.0,3,2.7,4,1.7,6,3.3,5,0.8,6,5.4,3,4.0,4,3.2,3,1.3,6,1.6,6,2.2,6,-0.1,7,-0.1,7,0.3,7,3.5,2,1.0,5,-0.8,7,-0.4,6,-1.1,7,-0.6,7,-1.2,7,-0.7,6,0.0,7,-5.5,7.0,3.0,5,1.9,2,0.0,5,3.4,7,3.0,7,5.4,2,4.9,1,4.4,1,4.7,3,7.5,3,6.2,3
2016-01-16 11:00:00,3.7,3,3.7,4,2.7,7,4.0,6,1.6,6,5.9,2,4.4,5,4.3,3,2.3,6,2.6,7,3.2,7,1.0,7,0.4,6,0.9,6,4.6,2,1.9,5,0.1,6,0.4,6,-0.4,7,0.1,7,-0.3,7,-0.1,6,0.7,7,-4.0,7.0,4.3,5,3.1,2,1.2,5,4.9,6,4.3,7,6.8,2,6.2,1,5.4,1,6.4,3,9.0,2,7.2,3
2016-01-16 12:00:00,4.1,3,4.5,4,3.4,7,4.5,6,2.2,6,6.3,2,4.6,5,5.1,3,2.9,6,3.3,7,3.8,6,1.9,7,0.9,6,1.5,6,5.4,2,2.7,5,0.9,6,1.1,5,0.3,7,0.5,7,0.4,7,0.5,6,1.4,7,-2.9,7.0,5.4,6,4.1,2,2.2,4,5.9,6,5.2,7,8.0,2,7.2,1,6.3,1,7.8,3,10.2,2,7.9,3
2016-01-16 13:00:00,4.1,4,4.8,3,3.7,7,4.7,6,2.5,6,6.4,2,4.6,5,5.4,3,3.0,6,3.5,6,3.9,6,2.2,7,1.2,6,1.7,6,5.6,2,3.1,5,1.3,5,1.5,5,0.7,7,0.5,7,0.7,7,1.1,6,1.7,7,-2.6,7.0,5.9,5,4.7,2,2.9,3,6.0,7,5.5,7,8.6,2,7.7,1,6.8,1,8.5,3,10.8,2,8.1,3
2016-01-16 14:00:00,3.9,4,4.6,3,3.5,6,4.5,5,2.4,6,6.1,2,4.3,4,5.2,3,2.6,6,3.2,6,3.6,6,2.0,6,1.2,6,1.6,6,5.3,2,3.2,4,1.3,5,1.6,5,0.9,6,0.2,7,0.5,7,1.4,6,1.8,7,-3.0,7.0,5.8,5,4.8,2,3.0,3,5.4,7,5.2,7,8.7,1,7.5,1,6.9,1,8.6,2,10.8,2,8.0,3
2016-01-16 15:00:00,4.1,4,3.9,4,3.5,6,4.0,3,3.1,7,5.7,1,4.0,2,4.8,2,2.7,4,3.5,5,4.0,5,2.0,7,1.0,6,0.8,4,4.6,2,3.6,5,1.5,7,1.8,7,0.9,5,-0.5,6,0.5,6,1.5,6,1.6,6,-3.4,6.0,5.5,3,4.3,2,2.3,1,4.2,7,4.3,7,7.8,1,6.6,1,6.4,1,7.7,1,10.0,1,7.1,2
2016-01-16 16:00:00,3.8,4,3.6,3,2.9,5,3.5,2,2.6,7,4.9,1,3.3,2,3.8,2,2.3,4,3.0,5,3.5,5,1.5,6,0.7,6,0.4,4,3.8,1,2.9,4,1.0,6,1.2,7,0.5,5,-0.8,6,0.2,5,1.1,6,1.4,6,-3.7,6.0,4.9,3,3.7,2,1.2,1,3.0,6,3.8,6,6.8,1,5.5,1,5.8,1,6.7,1,9.3,1,6.3,2
2016-01-16 17:00:00,3.6,4,3.3,3,2.3,5,2.9,2,1.9,7,4.2,1,2.6,2,2.7,2,1.9,4,2.4,4,2.9,4,1.0,6,0.3,6,0.1,4,3.0,1,2.2,4,0.4,5,0.5,6,0.0,5,-1.0,5,-0.2,4,0.5,5,1.1,6,-3.8,5.0,4.2,2,2.9,1,0.0,1,2.0,5,3.3,5,5.6,1,4.2,1,5.2,1,5.6,1,8.3,1,5.4,2
2016-01-16 18:00:00,3.5,3,3.0,3,1.8,4,2.5,2,1.2,6,3.5,1,2.1,2,1.8,1,1.6,3,1.9,3,2.5,4,0.6,6,0.0,6,-0.1,4,2.3,1,1.5,3,0.0,5,0.0,6,-0.5,5,-1.0,5,-0.5,4,0.0,5,0.9,5,-4.0,4.0,3.4,2,2.3,1,-0.9,1,1.1,5,2.9,4,4.6,1,3.1,1,4.6,1,4.5,1,7.3,1,4.7,3
2016-01-16 19:00:00,3.3,3,2.6,3,1.5,4,2.3,2,0.7,5,3.0,1,1.8,2,1.1,1,1.4,3,1.6,3,2.3,3,0.3,6,-0.2,6,-0.1,4,1.8,1,1.2,2,-0.2,5,-0.1,5,-0.6,6,-0.9,5,-0.7,5,-0.2,5,0.7,5,-4.2,4.0,2.8,3,1.9,1,-1.0,1,0.6,5,2.5,4,4.1,1,2.4,1,4.2,1,3.6,1,6.3,1,4.4,3
2016-01-16 20:00:00,3.2,3,2.1,3,1.3,3,2.2,2,0.3,5,2.6,1,1.6,1,0.7,1,1.1,2,1.4,2,2.2,2,0.1,6,-0.2,6,-0.1,5,1.5,1,1.0,2,-0.3,5,0.1,5,-0.6,6,-0.9,5,-0.9,5,-0.2,6,0.5,5,-4.4,4.0,2.2,4,1.7,1,-0.7,1,0.2,5,2.1,5,4.0,1,2.1,1,3.9,1,2.9,1,5.5,1,4.2,3
2016-01-16 21:00:00,3.0,3,1.8,3,1.1,3,2.2,2,0.1,5,2.4,2,1.4,2,0.4,1,0.9,2,1.2,3,2.0,2,0.1,6,-0.2,6,-0.1,5,1.1,1,0.8,2,-0.5,5,0.2,5,-0.7,6,-1.0,5,-1.1,5,-0.3,6,0.3,5,-4.5,4.0,1.8,4,1.5,1,-0.9,1,-0.2,5,1.8,5,3.8,1,2.0,1,3.5,1,2.3,1,4.8,1,3.9,3
2016-01-16 22:00:00,2.9,3,1.6,3,0.8,3,2.1,1,-0.1,5,2.2,2,1.2,2,0.3,1,0.6,2,1.0,3,1.7,2,0.2,6,-0.2,6,-0.3,5,0.6,1,0.6,2,-0.6,5,0.2,5,-0.8,6,-1.3,5,-1.2,5,-0.3,6,0.1,5,-4.7,4.0,1.4,4,1.4,1,-1.0,1,-0.5,5,1.4,5,3.4,2,1.9,1,3.2,2,1.8,1,4.3,1,3.6,3
2016-01-16 23:00:00,2.7,4,1.5,4,0.4,2,2.0,1,-0.3,5,2.1,3,1.1,2,0.2,2,0.3,2,0.7,3,1.3,2,0.2,6,-0.2,6,-0.6,5,0.2,1,0.5,2,-0.8,5,0.1,4,-1.0,6,-1.5,5,-1.4,5,-0.3,6,0.1,5,-4.8,4.0,1.2,3,1.3,1,-1.2,1,-0.7,5,1.2,5,3.0,2,2.0,2,2.9,2,1.4,1,4.0,1,3.4,3
2016-01-17 00:00:00,2.6,4,1.4,4,0.1,3,1.9,2,-0.5,5,2.1,3,1.1,3,0.1,2,0.1,2,0.4,4,1.0,3,0.3,6,-0.2,6,-0.9,5,0.0,2,0.3,3,-0.9,5,0.0,5,-1.2,6,-1.7,5,-1.5,5,-0.4,6,0.0,5,-5.0,4.0,1.1,3,1.3,2,-1.4,2,-0.9,4,1.1,5,2.7,3,2.0,2,2.9,2,1.3,1,3.8,1,3.2,4
2016-01-17 01:00:00,2.6,4,1.2,5,0.0,3,1.7,3,-0.7,5,2.2,4,1.2,4,0.0,3,-0.1,3,0.1,4,0.8,3,0.2,6,-0.2,6,-1.1,6,0.0,3,0.1,4,-1.0,5,-0.2,5,-1.3,6,-1.8,5,-1.6,6,-0.5,6,0.1,5,-5.3,5.0,1.0,3,1.3,2,-1.6,3,-0.9,4,1.0,4,2.8,3,2.1,2,3.0,3,1.3,1,3.8,2,3.2,4
2016-01-17 02:00:00,2.5,4,0.9,5,-0.1,4,1.4,4,-1.1,6,2.2,4,1.2,4,-0.2,3,-0.2,4,-0.1,5,0.6,4,0.0,7,-0.3,5,-1.2,6,0.0,5,0.0,5,-1.1,6,-0.5,5,-1.4,6,-1.8,5,-1.7,6,-0.6,6,0.1,5,-5.6,5.0,1.1,3,1.3,2,-1.9,4,-0.9,4,1.0,4,2.9,4,2.2,2,3.1,3,1.5,1,3.8,2,3.2,4
2016-01-17 03:00:00,2.7,3,1.8,3,0.6,2,1.8,2,-0.3,3,1.2,2,0.9,2,-0.4,2,0.1,1,0.2,1,0.7,2,0.2,5,0.2,6,-0.4,7,-1.0,1,-0.7,2,-1.3,4,-0.4,5,-1.3,5,-1.7,6,-2.6,5,-1.0,5,0.1,6,-5.7,5.0,-0.8,1,1.3,1,-1.8,1,-1.4,3,0.3,5,2.7,1,1.8,1,2.5,1,0.1,1,3.3,1,3.5,2
2016-01-17 04:00:00,2.7,4,1.7,3,0.4,2,1.3,2,-0.7,3,1.2,2,0.8,2,-0.8,2,-0.2,2,-0.3,1,0.5,2,-0.4,5,-0.1,6,-0.5,7,-1.3,1,-1.1,2,-1.5,4,-0.7,5,-1.3,4,-1.9,7,-2.6,5,-1.1,5,0.2,6,-5.4,6.0,-0.9,2,1.2,1,-1.9,1,-1.8,3,0.4,5,2.5,1,1.6,1,2.4,1,0.1,1,3.0,1,3.1,2
2016-01-17 05:00:00,2.6,4,1.5,3,0.2,2,0.7,2,-1.1,3,1.2,2,0.8,2,-1.2,2,-0.6,2,-0.8,2,0.3,2,-1.0,6,-0.5,6,-0.7,7,-1.7,1,-1.4,2,-1.8,4,-1.0,5,-1.2,3,-2.2,7,-2.6,5,-1.0,5,0.1,5,-5.2,6.0,-1.1,2,0.9,1,-1.9,1,-2.0,3,0.3,4,2.2,2,1.5,1,2.3,1,0.2,1,2.8,1,2.5,2
2016-01-17 06:00:00,2.5,4,1.3,3,-0.1,2,0.4,2,-1.4,3,1.3,2,0.8,2,-1.4,1,-0.9,2,-1.0,2,0.1,2,-1.5,6,-1.0,5,-1.1,7,-1.9,1,-1.6,2,-2.1,4,-1.3,5,-1.2,3,-2.5,7,-2.7,5,-0.9,5,0.0,5,-5.4,6.0,-1.2,2,0.7,2,-2.0,1,-2.0,3,0.2,4,2.0,2,1.5,1,2.2,1,0.2,1,2.8,1,2.2,3
2016-01-17 07:00:00,2.3,4,1.1,3,-0.3,2,0.6,2,-1.5,3,1.5,2,1.0,2,-1.3,1,-1.0,2,-0.8,2,0.1,2,-1.8,6,-1.4,5,-1.5,7,-1.7,1,-1.4,2,-2.2,5,-1.4,6,-1.3,3,-2.9,7,-2.8,5,-0.9,6,-0.2,5,-6.1,6.0,-1.3,2,0.7,2,-2.0,1,-1.8,3,-0.1,5,2.1,2,1.8,2,2.2,1,0.2,1,3.1,1,2.3,3
2016-01-17 08:00:00,2.1,3,1.1,3,-0.4,2,1.2,3,-1.3,3,1.8,3,1.4,3,-0.8,1,-0.8,2,-0.3,2,0.4,2,-1.7,6,-1.7,6,-1.8,6,-1.0,1,-0.9,1,-2.0,6,-1.2,6,-1.4,4,-3.1,7,-2.9,6,-0.9,6,-0.4,6,-6.9,7.0,-1.1,2,0.8,3,-1.9,1,-1.2,3,-0.2,6,2.6,2,2.3,3,2.5,1,0.4,1,3.8,2,2.8,3
2016-01-17 09:00:00,2.1,3,1.5,3,-0.1,2,2.0,3,-0.8,3,2.3,3,1.9,3,0.1,1,-0.2,2,0.5,2,1.0,2,-1.2,5,-1.6,6,-1.7,6,0.0,1,-0.2,2,-1.5,7,-0.7,7,-1.3,5,-2.9,7,-2.7,6,-0.8,7,-0.4,7,-6.9,7.0,-0.5,2,1.3,4,-1.4,2,-0.1,3,0.1,7,3.5,2,3.1,3,3.0,1,1.4,1,4.9,2,3.7,3
2016-01-17 10:00:00,2.5,3,2.3,2,0.6,2,2.9,3,-0.1,3,2.9,3,2.6,3,1.4,2,0.8,3,1.5,3,1.8,3,-0.2,4,-1.2,6,-1.0,6,1.3,2,0.7,3,-0.6,7,0.1,7,-0.8,5,-2.2,7,-2.2,6,-0.5,7,0.0,7,-5.7,7.0,0.8,3,2.0,3,-0.4,2,1.4,3,1.0,7,4.7,2,4.2,3,3.9,1,3.3,2,6.5,2,4.8,3
2016-01-17 11:00:00,3.0,3,3.1,2,1.4,2,3.7,4,0.6,2,3.6,2,3.3,3,2.7,2,1.8,4,2.5,3,2.6,3,0.9,3,-0.7,7,-0.1,6,2.6,2,1.6,4,0.3,7,0.9,7,-0.2,6,-1.3,7,-1.5,5,-0.2,7,0.6,6,-3.9,6.0,2.3,4,2.9,3,0.7,1,3.0,4,2.1,7,6.0,1,5.3,2,4.8,1,5.5,2,8.2,3,5.8,4
2016-01-17 12:00:00,3.4,3,3.7,2,2.0,2,4.3,4,1.1,2,4.1,2,3.7,2,3.8,2,2.5,4,3.1,4,3.2,4,1.6,2,-0.3,7,0.6,7,3.6,3,2.3,4,1.1,7,1.5,7,0.3,5,-0.7,7,-0.9,4,0.2,6,1.1,6,-2.4,6.0,3.5,4,3.6,3,1.8,1,4.1,4,3.0,7,7.0,1,6.1,2,5.6,1,7.3,2,9.5,3,6.6,4
2016-01-17 13:00:00,3.5,3,3.7,2,2.2,2,4.5,4,1.1,2,4.3,2,3.8,2,4.3,2,2.6,4,3.2,4,3.3,4,1.5,2,-0.3,6,0.6,7,3.9,3,2.7,4,1.4,5,1.7,6,0.5,5,-0.8,7,-0.6,3,0.5,6,1.4,5,-1.9,6.0,4.1,4,4.0,3,2.5,1,4.3,3,3.3,6,7.6,2,6.5,1,6.0,1,8.2,2,10.1,3,6.9,3
2016-01-17 14:00:00,3.2,2,3.2,2,2.0,2,4.3,3,0.8,2,4.3,2,3.5,2,4.2,2,2.2,3,2.9,3,3.1,3,0.9,2,-0.6,6,0.1,7,3.7,3,2.6,3,1.2,4,1.5,4,0.4,4,-1.2,7,-0.5,3,0.7,6,1.4,5,-2.2,5.0,4.1,3,4.0,3,2.6,1,3.8,3,3.2,6,7.6,2,6.3,1,5.9,1,8.1,2,10.0,3,6.7,3
2016-01-17 15:00:00,2.6,2,2.2,2,1.8,3,3.0,2,0.5,2,3.8,6,2.8,4,3.3,3,1.3,2,1.9,2,2.2,2,0.1,3,-1.6,5,-1.2,6,2.7,4,2.1,3,0.5,4,0.9,3,-0.7,4,-2.3,6,-0.1,3,0.7,5,0.2,5,-4.2,4.0,3.6,5,2.9,2,1.1,1,3.6,2,3.6,5,6.7,1,5.2,1,5.1,1,6.7,1,9.6,2,6.8,2
2016-01-17 16:00:00,2.2,2,1.4,2,0.6,4,2.1,2,-0.3,1,3.6,7,2.3,4,2.5,3,0.4,1,0.8,1,1.2,1,-0.9,2,-2.1,4,-2.2,5,2.1,4,1.4,3,-0.3,4,0.1,3,-1.2,3,-2.8,6,-0.5,2,0.2,4,-0.1,4,-4.8,3.0,3.2,5,2.3,1,0.0,1,2.5,2,3.1,4,5.8,1,4.1,1,4.6,1,5.7,1,8.7,2,6.1,2
2016-01-17 17:00:00,2.0,2,0.7,2,-0.7,5,1.1,3,-1.2,1,3.3,7,1.8,5,1.5,3,-0.6,1,-0.4,1,0.3,1,-1.9,2,-2.6,4,-3.1,5,1.5,3,0.6,2,-1.2,3,-0.9,2,-1.8,3,-3.3,5,-0.9,2,-0.5,3,-0.4,3,-5.4,2.0,2.7,6,1.5,1,-1.3,1,1.5,2,2.6,4,4.7,1,2.9,1,4.0,1,4.5,1,7.5,1,5.4,1
2016-01-17 18:00:00,1.7,2,0.1,1,-1.7,5,0.4,3,-2.1,2,3.2,7,1.4,5,0.8,3,-1.4,1,-1.3,1,-0.4,1,-2.6,1,-3.0,3,-3.6,4,1.1,3,-0.1,2,-1.8,3,-1.8,2,-2.3,2,-3.7,4,-1.3,2,-1.2,3,-0.8,2,-5.8,2.0,2.3,6,0.9,1,-2.2,1,0.8,3,2.2,3,3.6,1,1.8,1,3.3,1,3.3,1,6.4,1,4.5,1
2016-01-17 19:00:00,1.5,2,-0.3,1,-2.0,4,0.0,3,-2.7,2,3.3,7,1.2,6,0.5,4,-1.9,1,-1.6,1,-0.6,1,-3.0,1,-3.3,3,-3.6,4,0.9,4,-0.4,3,-2.0,2,-2.5,2,-2.8,2,-4.1,3,-1.5,2,-1.7,3,-1.2,1,-6.1,2.0,2.0,6,0.5,1,-2.5,1,0.5,4,2.0,3,2.9,1,1.2,1,2.7,1,2.4,1,5.5,1,3.6,1
2016-01-17 20:00:00,1.2,2,-0.5,1,-1.9,3,-0.1,4,-3.1,2,3.4,7,1.2,6,0.6,5,-2.1,1,-1.5,1,-0.6,1,-3.1,2,-3.6,2,-3.4,3,0.9,5,-0.5,4,-2.1,2,-3.1,1,-3.2,1,-4.4,3,-1.6,2,-2.1,4,-1.6,1,-6.5,2.0,1.8,6,0.3,1,-2.3,1,0.5,5,1.9,3,2.3,1,0.8,1,2.1,1,1.6,1,4.7,2,2.6,2
2016-01-17 21:00:00,0.9,2,-0.8,2,-1.8,3,-0.1,4,-3.3,2,3.4,7,1.1,6,0.6,5,-2.2,2,-1.5,2,-0.7,2,-3.0,2,-3.8,2,-3.7,3,0.8,6,-0.7,5,-2.3,2,-3.4,2,-3.7,1,-4.6,3,-1.9,3,-2.5,4,-2.1,2,-6.8,2.0,1.7,6,-0.1,1,-2.6,1,0.5,5,1.7,4,1.7,1,0.5,1,1.6,1,1.0,2,4.2,2,1.9,2
2016-01-17 22:00:00,0.6,3,-1.1,2,-1.9,3,-0.2,4,-3.4,3,3.5,7,1.1,6,0.6,5,-2.4,2,-1.8,2,-1.0,2,-2.9,2,-3.9,2,-4.0,2,0.8,6,-0.8,5,-2.6,3,-3.6,2,-4.1,1,-4.7,3,-2.1,3,-2.8,4,-2.5,2,-7.2,2.0,1.5,6,-0.4,1,-2.8,1,0.5,6,1.4,4,1.3,2,0.3,1,1.3,1,0.6,2,3.8,2,1.4,3
2016-01-17 23:00:00,0.4,3,-1.4,3,-2.1,3,-0.3,4,-3.5,3,3.5,7,1.1,6,0.6,5,-2.5,3,-2.2,3,-1.4,3,-2.7,2,-3.9,2,-4.4,2,0.7,6,-1.0,6,-2.9,3,-3.7,3,-4.5,1,-4.8,3,-2.4,3,-2.9,4,-2.8,2,-7.6,2.0,1.4,6,-0.6,1,-3.0,1,0.4,6,1.1,4,0.9,2,0.1,2,1.1,2,0.3,2,3.6,2,1.1,3
2016-01-18 00:00:00,0.2,3,-1.6,3,-2.4,3,-0.4,4,-3.5,4,3.5,6,1.1,6,0.5,5,-2.6,3,-2.6,3,-1.8,3,-2.6,2,-4.0,2,-4.7,2,0.6,7,-1.2,6,-3.2,3,-3.6,3,-4.7,1,-4.9,4,-2.5,4,-3.0,4,-3.0,3,-8.1,3.0,1.3,6,-0.8,1,-3.2,1,0.2,6,0.8,4,0.7,3,0.0,2,1.1,2,0.2,2,3.5,2,1.0,4
2016-01-18 01:00:00,0.1,3,-1.6,4,-2.5,4,-0.4,5,-3.7,5,3.6,6,1.0,6,0.3,5,-2.6,4,-2.7,4,-1.9,4,-2.7,3,-4.0,3,-4.8,3,0.4,7,-1.3,6,-3.3,4,-3.4,4,-4.7,1,-5.1,4,-2.6,4,-3.0,4,-3.2,3,-8.5,3.0,1.2,6,-1.0,1,-3.4,1,-0.1,6,0.4,4,0.7,3,-0.2,2,1.2,2,0.3,3,3.3,2,1.1,4
2016-01-18 02:00:00,0.0,4,-1.5,4,-2.6,5,-0.4,5,-4.0,5,3.6,6,0.9,6,0.0,5,-2.6,4,-2.6,4,-2.0,4,-3.0,3,-4.1,4,-4.8,4,0.2,6,-1.3,6,-3.3,4,-3.3,4,-4.7,1,-5.4,5,-2.7,4,-3.0,5,-3.3,3,-8.9,4.0,1.2,6,-1.2,1,-3.7,1,-0.4,5,0.2,4,0.7,4,-0.3,2,1.3,2,0.3,3,3.2,2,1.1,4
2016-01-18 03:00:00,0.2,7,-0.7,7,-2.4,6,0.7,7,-4.0,6,6.4,5,3.5,5,2.1,6,-1.6,6,-1.8,6,-1.2,6,-3.1,4,-4.7,3,-5.6,2,2.4,6,-0.1,7,-2.1,5,-1.7,5,-4.6,5,-6.5,1,-1.3,7,-2.5,5,-3.7,4,-8.9,1.0,3.7,7,-0.3,4,-2.9,5,3.7,6,2.5,6,1.4,5,1.2,5,1.4,5,-0.1,4,3.2,2,2.8,6
2016-01-18 04:00:00,0.1,6,-0.7,7,-2.6,6,0.6,7,-4.4,6,6.7,5,3.7,5,1.9,6,-1.6,6,-1.8,6,-1.2,6,-3.6,4,-5.1,3,-5.8,2,2.5,6,0.0,7,-2.2,6,-1.9,5,-4.7,5,-7.2,2,-1.3,7,-2.4,5,-3.7,4,-8.8,2.0,3.5,7,-0.4,5,-2.9,5,3.7,7,2.4,6,1.4,5,1.1,5,1.6,5,0.1,5,3.0,3,2.9,6
2016-01-18 05:00:00,0.0,6,-0.8,6,-2.9,6,0.4,7,-4.9,6,6.9,5,3.7,4,1.6,6,-1.8,6,-1.8,6,-1.2,6,-4.2,4,-5.7,4,-6.0,2,2.5,6,0.1,7,-2.5,6,-2.4,5,-4.8,5,-8.0,2,-1.2,6,-2.2,6,-3.7,4,-8.8,3.0,3.3,7,-0.7,5,-3.2,6,3.7,6,2.2,5,1.4,4,0.9,5,1.8,5,0.4,5,2.7,4,2.9,6
2016-01-18 06:00:00,-0.2,7,-1.0,6,-3.1,6,0.1,7,-5.2,6,7.1,5,3.6,4,1.4,6,-2.1,7,-2.0,6,-1.4,6,-4.8,4,-6.2,4,-6.2,2,2.4,6,0.0,7,-2.8,6,-2.8,5,-5.0,5,-8.6,2,-1.1,6,-2.1,6,-3.7,4,-8.9,3.0,3.3,6,-1.1,5,-3.5,6,3.8,6,2.2,6,1.3,4,0.8,5,2.0,6,0.5,5,2.6,5,2.8,6
2016-01-18 07:00:00,-0.5,7,-1.5,6,-3.3,6,-0.2,7,-5.1,6,7.2,5,3.4,4,1.4,7,-2.4,7,-2.2,6,-1.6,6,-5.1,5,-6.3,5,-6.5,3,2.4,6,-0.2,7,-3.0,6,-2.9,5,-5.2,6,-8.7,3,-0.8,7,-2.0,6,-3.8,5,-9.1,3.0,3.8,6,-1.4,6,-3.8,6,4.3,6,2.5,6,1.2,5,0.8,6,2.3,6,0.5,5,2.8,5,2.8,6
2016-01-18 08:00:00,-0.7,7,-1.9,6,-3.3,7,-0.3,7,-4.7,5,7.3,5,3.4,5,1.7,7,-2.6,7,-2.3,6,-1.7,6,-5.0,5,-6.0,5,-6.5,3,2.7,7,-0.2,7,-3.0,6,-2.6,6,-5.2,6,-8.3,4,-0.4,7,-1.7,6,-3.7,6,-9.1,3.0,4.7,6,-1.4,7,-3.9,6,5.2,7,3.1,6,1.4,6,1.1,6,2.9,6,0.8,6,3.4,5,2.9,6
2016-01-18 09:00:00,-0.7,7,-1.9,7,-3.0,7,-0.1,7,-3.9,5,7.6,4,3.8,5,2.5,7,-2.4,7,-2.0,7,-1.5,7,-4.2,6,-5.3,5,-6.0,3,3.4,7,0.0,7,-2.5,6,-2.0,7,-4.9,7,-7.4,4,0.1,7,-1.0,6,-3.2,6,-8.4,3.0,5.9,6,-0.9,7,-3.4,6,6.5,7,4.0,7,1.8,6,1.8,7,3.6,7,1.5,6,4.4,5,3.6,7
2016-01-18 10:00:00,-0.3,7,-1.3,7,-2.3,7,0.6,7,-2.9,5,8.2,5,4.9,5,3.8,7,-1.6,7,-1.2,7,-0.7,7,-2.7,6,-4.3,4,-4.8,3,4.7,6,0.7,7,-1.5,7,-1.1,7,-4.2,7,-6.0,3,0.6,7,0.2,7,-2.2,7,-6.8,4.0,7.3,6,0.2,7,-2.1,6,8.2,7,5.3,7,2.7,7,2.9,7,4.6,7,3.0,6,5.8,6,4.8,7
2016-01-18 11:00:00,0.4,7,-0.4,7,-1.4,7,1.6,7,-1.9,6,8.8,5,6.2,5,5.2,7,-0.6,7,-0.3,7,0.2,7,-1.0,7,-3.3,3,-3.3,2,6.2,6,1.7,7,-0.2,7,0.0,6,-3.2,7,-4.5,3,1.3,7,1.6,7,-0.9,7,-4.9,4.0,8.7,6,1.7,7,-0.4,7,9.9,7,6.6,7,3.7,7,4.1,7,5.6,7,4.7,6,7.2,6,6.3,6
2016-01-18 12:00:00,1.1,7,0.5,7,-0.7,7,2.6,7,-1.0,6,9.3,5,7.4,5,6.3,7,0.3,7,0.6,7,1.1,7,0.4,7,-2.4,3,-2.2,2,7.5,6,2.7,7,0.9,7,1.0,5,-2.1,7,-3.4,3,2.0,7,3.0,7,0.3,7,-3.3,5.0,9.8,7,3.0,7,1.1,7,11.1,7,7.8,7,4.6,7,5.1,7,6.4,7,6.2,6,8.4,6,7.5,6
2016-01-18 13:00:00,1.6,7,1.0,7,-0.3,7,3.3,7,-0.4,6,9.5,5,8.0,5,6.8,6,0.7,7,1.1,7,1.5,7,1.1,7,-1.9,4,-1.9,2,8.1,6,3.4,7,1.7,7,1.7,6,-1.2,7,-3.0,4,2.9,7,4.0,7,1.1,7,-2.6,6.0,10.4,7,3.9,7,2.0,7,11.4,7,8.5,7,5.1,7,5.5,7,6.8,7,6.9,6,9.0,6,8.1,7
2016-01-18 14:00:00,1.9,7,1.1,6,-0.2,7,3.7,7,-0.2,7,9.3,5,8.1,6,6.8,6,0.7,7,1.2,7,1.7,7,1.2,7,-1.8,5,-2.2,4,8.2,6,3.8,7,2.0,7,2.1,6,-0.6,7,-3.1,5,3.6,7,4.5,7,1.7,7,-2.5,6.0,10.5,7,4.3,7,2.2,7,10.9,7,8.8,7,5.2,7,5.3,7,6.9,7,6.9,7,8.9,7,8.2,7
2016-01-18 15:00:00,0.7,7,0.1,7,-0.8,5,2.9,7,-0.6,5,5.7,5,4.8,6,4.1,6,-0.2,7,0.4,7,0.7,7,-0.1,7,-1.9,5,-2.6,5,4.0,6,2.0,7,0.9,7,1.5,7,-0.8,7,-3.0,5,2.7,7,4.1,7,1.2,7,-2.6,5.0,6.8,7,4.3,7,2.0,7,7.4,7,5.6,7,4.8,7,4.5,7,6.9,7,6.4,7,8.7,7,7.4,7
2016-01-18 16:00:00,0.7,7,0.0,7,-1.2,6,2.5,7,-1.1,6,5.3,4,4.3,6,3.5,6,-0.5,7,0.0,7,0.4,7,-0.9,7,-2.3,6,-3.0,6,3.6,5,1.7,7,0.4,7,1.0,7,-1.0,7,-3.1,6,2.2,7,3.6,7,1.3,7,-3.2,6.0,6.5,6,3.9,7,1.3,7,6.7,7,5.3,6,4.2,7,3.7,7,6.5,7,5.7,7,8.0,7,6.5,7
2016-01-18 17:00:00,0.7,7,0.0,7,-1.5,6,1.9,6,-1.7,6,4.9,3,3.8,5,2.8,6,-0.7,7,-0.3,7,0.2,7,-1.6,7,-2.8,6,-3.2,6,3.5,5,1.2,7,-0.1,7,0.4,7,-1.3,7,-3.0,6,1.5,7,2.8,7,1.5,7,-3.6,7.0,6.2,6,3.2,7,0.4,7,6.0,6,5.1,5,3.6,7,2.9,7,6.1,7,4.9,7,7.2,6,5.5,7
2016-01-18 18:00:00,0.7,7,0.0,7,-1.7,6,1.5,6,-2.1,7,4.5,3,3.6,5,2.4,6,-0.9,7,-0.5,7,0.1,7,-2.0,7,-3.0,7,-3.1,6,3.5,4,0.9,7,-0.4,7,0.0,7,-1.5,7,-2.8,7,1.0,6,2.1,7,1.6,7,-3.9,7.0,5.9,5,2.6,7,-0.1,7,5.6,6,5.0,5,3.3,7,2.3,7,5.8,7,4.3,7,6.5,6,4.8,7
2016-01-18 19:00:00,0.7,7,0.1,7,-1.6,6,1.4,6,-2.1,7,4.4,3,3.7,5,2.5,6,-1.0,7,-0.5,7,0.1,7,-1.9,7,-2.9,7,-2.9,6,3.7,5,0.8,7,-0.4,7,0.0,7,-1.6,7,-2.6,7,0.9,6,1.9,6,1.6,7,-4.2,7.0,5.8,5,2.3,7,-0.2,7,5.5,6,5.1,5,3.4,7,2.3,7,5.7,7,4.0,7,6.0,6,4.7,6
2016-01-18 20:00:00,0.8,7,0.2,7,-1.4,6,1.6,6,-1.9,7,4.5,4,4.0,5,2.9,6,-1.0,7,-0.5,7,0.2,7,-1.5,6,-2.7,7,-2.6,7,4.0,5,1.0,7,-0.3,7,0.2,7,-1.6,7,-2.5,7,1.2,6,2.1,6,1.5,7,-4.4,7.0,5.9,4,2.3,7,0.1,7,5.6,6,5.4,5,3.7,7,2.6,6,5.8,7,3.8,7,5.6,6,5.0,6
2016-01-18 21:00:00,0.8,6,0.2,6,-1.1,6,1.4,6,-2.0,7,4.7,5,3.7,5,2.5,6,-1.0,7,-0.6,7,0.0,6,-1.5,6,-2.7,7,-2.7,7,3.6,5,0.9,7,-0.5,7,-0.1,6,-1.9,7,-2.8,7,1.1,6,1.7,6,1.2,7,-4.8,7.0,5.6,4,2.1,7,0.0,7,5.3,6,5.4,5,3.8,7,2.7,6,5.5,7,3.6,7,5.2,6,5.0,6
2016-01-18 22:00:00,0.8,6,0.1,6,-1.0,6,1.3,6,-2.2,6,4.9,6,3.5,5,2.2,5,-1.1,6,-0.7,7,-0.1,6,-1.4,6,-2.7,7,-2.9,7,3.2,6,0.8,7,-0.7,7,-0.5,6,-2.2,6,-3.2,7,1.0,6,1.2,6,0.8,6,-5.3,7.0,5.3,4,1.9,7,-0.1,6,5.0,6,5.4,5,3.9,6,2.8,6,5.2,7,3.4,6,4.9,6,4.9,5
2016-01-18 23:00:00,0.9,6,0.0,6,-1.0,6,1.1,5,-2.4,6,5.1,6,3.2,5,1.8,5,-1.2,6,-0.9,6,-0.3,6,-1.5,6,-2.8,6,-3.2,6,2.7,6,0.6,6,-1.0,6,-0.8,6,-2.5,6,-3.7,7,0.8,6,0.7,5,0.3,6,-5.9,6.0,4.9,4,1.7,6,-0.3,6,4.7,6,5.4,5,3.9,6,2.9,6,4.9,7,3.2,6,4.6,6,4.8,5
2016-01-19 00:00:00,0.9,6,-0.2,6,-1.2,6,0.9,5,-2.6,6,5.2,6,2.9,5,1.4,5,-1.4,6,-1.2,6,-0.6,6,-1.6,6,-2.9,6,-3.5,6,2.2,6,0.4,6,-1.3,6,-1.1,6,-2.8,6,-4.1,6,0.7,5,0.2,5,-0.1,6,-6.4,6.0,4.5,4,1.5,6,-0.5,6,4.4,6,5.2,5,3.8,6,2.8,6,4.5,6,2.9,6,4.3,5,4.7,5
2016-01-19 01:00:00,0.8,5,-0.4,6,-1.4,6,0.7,5,-3.0,6,5.1,6,2.6,5,1.0,5,-1.6,6,-1.5,5,-0.9,6,-1.9,6,-3.0,6,-3.8,6,1.7,6,0.0,6,-1.7,6,-1.4,6,-3.2,5,-4.5,6,0.4,5,-0.2,5,-0.6,6,-6.9,5.0,4.1,5,1.3,6,-0.9,6,4.1,6,5.0,5,3.7,6,2.6,6,4.2,6,2.6,6,4.1,5,4.4,5
2016-01-19 02:00:00,0.8,5,-0.6,6,-1.7,6,0.6,5,-3.3,5,5.0,6,2.3,5,0.6,5,-1.8,6,-1.8,5,-1.1,6,-2.3,5,-3.2,6,-4.1,6,1.3,6,-0.5,6,-2.2,5,-1.7,5,-3.5,5,-4.9,6,0.2,5,-0.7,5,-1.1,5,-7.4,5.0,3.7,5,1.1,6,-1.4,6,3.9,5,4.8,5,3.5,5,2.4,5,3.9,5,2.3,5,3.9,5,4.1,5
2016-01-19 03:00:00,-0.7,6,-1.3,6,-2.7,7,1.0,7,-4.3,6,7.3,4,4.9,5,2.9,6,-1.1,6,-1.0,6,-0.5,6,-2.3,5,-3.3,5,-4.3,3,3.1,7,1.6,6,0.3,6,0.8,7,-2.0,6,-3.8,4,1.7,7,2.5,6,1.9,6,-4.1,5.0,5.2,4,2.1,7,-0.1,7,3.7,5,5.2,6,3.5,7,3.0,7,5.0,7,3.2,7,4.2,6,3.6,5
2016-01-19 04:00:00,-0.7,6,-1.0,6,-2.8,7,1.2,7,-4.2,6,7.1,5,4.9,5,3.1,5,-1.0,6,-1.1,6,-0.4,6,-2.2,5,-2.9,5,-3.8,3,3.1,6,1.6,6,0.3,6,0.8,7,-1.7,6,-3.6,5,1.8,6,2.6,6,2.1,6,-3.9,6.0,5.2,4,2.0,7,-0.4,7,3.8,5,5.1,6,3.3,6,2.8,7,4.8,7,2.9,7,4.0,6,3.4,5
2016-01-19 05:00:00,-0.6,7,-0.7,6,-2.9,6,1.4,6,-4.0,5,6.9,6,4.7,5,3.3,5,-0.9,6,-1.1,6,-0.2,6,-2.1,5,-2.5,5,-3.6,4,3.0,6,1.4,5,0.3,6,0.8,6,-1.4,6,-3.6,5,1.8,5,2.7,6,2.1,6,-3.8,6.0,5.3,4,1.7,6,-0.8,7,4.0,5,4.9,6,3.2,6,2.5,6,4.6,6,2.7,6,3.9,6,3.4,4
2016-01-19 06:00:00,-0.6,7,-0.7,7,-3.0,6,1.5,6,-3.8,5,6.6,6,4.5,4,3.3,5,-0.9,6,-1.2,6,-0.1,6,-2.0,5,-2.4,5,-3.6,5,2.8,6,1.2,5,0.1,6,0.7,6,-1.1,5,-3.7,5,1.7,5,2.6,6,2.1,7,-3.9,6.0,5.4,5,1.4,6,-1.1,7,4.2,4,4.6,6,3.1,6,2.3,7,4.4,6,2.4,6,3.7,6,3.5,4
2016-01-19 07:00:00,-0.6,7,-1.0,7,-3.1,6,1.6,6,-3.5,5,6.4,6,4.3,5,3.0,5,-1.0,6,-1.2,6,-0.2,6,-2.0,6,-2.6,6,-4.0,6,2.5,6,0.8,5,-0.1,6,0.6,6,-1.1,6,-3.8,5,1.5,5,2.3,6,1.9,7,-4.4,6.0,5.3,6,1.2,7,-1.2,6,4.4,4,4.5,6,3.1,6,2.4,7,4.4,6,2.2,6,3.7,6,3.9,4
2016-01-19 08:00:00,-0.5,7,-1.3,7,-3.0,6,1.8,6,-3.1,5,6.2,6,4.3,5,2.7,6,-1.1,7,-1.0,7,-0.2,7,-1.9,6,-2.7,6,-4.4,6,2.5,6,0.6,6,-0.2,7,0.6,7,-1.1,6,-3.6,5,1.4,6,2.1,7,1.8,7,-4.8,7.0,5.4,7,1.4,7,-1.0,6,4.7,4,4.7,6,3.2,7,2.9,7,4.6,6,2.3,6,3.9,6,4.7,5
2016-01-19 09:00:00,-0.1,7,-1.1,7,-2.5,7,2.2,6,-2.5,6,6.4,6,4.6,5,2.8,7,-0.8,7,-0.5,7,0.1,7,-1.3,6,-2.5,7,-4.3,7,3.0,7,0.8,7,0.1,7,1.0,7,-0.9,6,-3.1,5,1.7,7,2.3,7,2.0,7,-4.4,7.0,5.8,7,1.9,7,-0.5,6,5.4,4,5.4,6,3.7,7,3.7,7,5.1,7,2.8,6,4.5,6,5.8,5
2016-01-19 10:00:00,0.8,7,-0.1,7,-1.6,7,2.9,6,-1.6,6,6.9,6,5.3,5,3.7,7,0.0,7,0.5,7,0.9,7,-0.1,7,-1.6,7,-3.4,7,4.2,7,1.6,7,1.0,7,1.8,6,-0.3,7,-2.1,6,2.5,7,3.3,7,2.6,7,-2.9,7.0,6.7,7,2.9,7,0.4,6,6.7,4,6.7,6,4.5,6,4.8,7,5.9,7,3.8,6,5.6,6,7.2,5
2016-01-19 11:00:00,1.9,7,1.3,7,-0.5,7,3.7,6,-0.7,7,7.6,6,6.2,6,4.9,7,1.1,7,1.6,7,1.9,7,1.4,7,-0.5,7,-2.1,7,5.7,7,2.6,7,2.2,6,2.7,6,0.4,7,-0.9,7,3.5,7,4.6,6,3.4,7,-1.0,7.0,7.9,7,4.2,7,1.5,7,8.1,4,8.2,6,5.5,6,6.0,6,6.9,7,5.1,6,7.0,7,8.5,5
2016-01-19 12:00:00,2.7,7,2.5,7,0.5,7,4.4,6,0.1,7,8.2,6,6.9,6,6.0,7,2.0,7,2.6,7,2.8,7,2.6,7,0.5,7,-0.9,7,7.0,7,3.7,7,3.2,6,3.6,5,1.3,7,0.1,7,4.4,7,5.9,6,4.2,7,0.6,7.0,8.9,6,5.3,6,2.5,7,9.2,4,9.4,6,6.4,6,7.0,6,7.8,7,6.2,6,8.1,7,9.6,5
2016-01-19 13:00:00,3.0,7,3.0,7,1.0,7,4.8,6,0.6,7,8.5,6,7.2,6,6.6,7,2.5,7,3.1,7,3.3,7,3.1,7,0.9,7,-0.2,7,7.7,7,4.5,7,3.8,6,4.2,5,2.0,7,0.5,7,4.9,7,6.6,6,4.8,7,1.1,6.0,9.5,6,6.0,6,3.2,7,9.6,4,9.9,5,6.9,6,7.5,6,8.4,6,6.9,6,8.8,7,10.1,5
2016-01-19 14:00:00,2.8,7,3.0,7,1.2,7,4.9,7,0.8,7,8.4,6,7.0,6,6.6,7,2.5,7,3.2,7,3.3,7,3.1,7,0.9,7,0.1,7,7.7,7,4.8,7,4.0,7,4.5,6,2.5,7,0.6,7,5.2,7,6.9,7,5.1,7,0.8,6.0,9.6,7,6.4,7,3.6,6,9.3,4,9.8,5,7.1,6,7.5,6,8.6,6,7.1,6,9.0,7,10.1,6
2016-01-19 15:00:00,2.9,7,3.0,6,1.5,6,6.2,6,1.4,7,8.5,7,6.7,7,6.3,7,3.1,7,3.8,7,4.0,7,3.0,7,1.7,7,1.2,7,6.8,7,5.6,7,4.5,7,4.9,7,3.0,7,1.7,7,4.8,7,6.8,7,5.6,7,0.4,6.0,9.4,7,6.0,6,3.7,7,8.8,6,9.7,7,7.4,6,6.7,6,7.8,6,7.1,6,8.6,6,9.5,6
2016-01-19 16:00:00,3.1,7,3.1,6,1.2,6,5.6,6,1.3,7,8.1,7,6.3,7,5.8,7,3.0,6,3.5,6,3.9,6,2.5,7,1.5,7,1.2,7,6.5,7,5.2,7,4.1,7,4.4,7,2.9,7,1.7,7,4.5,7,6.1,7,5.2,6,-0.1,6.0,8.8,7,5.1,6,3.0,7,7.6,6,8.8,6,6.9,6,5.8,7,7.2,6,6.4,6,8.1,5,8.6,6
2016-01-19 17:00:00,3.4,7,3.4,7,0.8,6,5.0,7,1.4,6,7.6,6,5.8,7,5.1,7,3.0,6,3.2,6,3.8,5,2.0,7,1.4,7,1.1,7,6.0,7,4.6,7,3.7,7,3.9,7,2.7,6,1.9,7,4.0,7,5.3,7,4.7,6,-0.6,6.0,8.0,7,4.0,7,2.0,6,6.3,5,7.6,5,6.2,6,4.6,7,6.4,6,5.5,5,7.5,5,7.5,6
2016-01-19 18:00:00,3.6,6,3.5,7,0.6,6,4.5,7,1.4,6,7.4,6,5.4,7,4.6,7,2.9,5,3.0,5,3.7,5,1.8,7,1.3,7,1.2,6,5.7,6,4.2,7,3.3,7,3.4,7,2.5,6,2.2,7,3.7,7,4.6,7,4.2,6,-1.0,6.0,7.3,6,2.9,7,1.1,6,5.3,4,6.6,5,5.5,7,3.6,7,5.7,6,4.7,5,6.9,5,6.5,6
2016-01-19 19:00:00,3.6,6,3.5,7,0.6,6,4.3,6,1.4,6,7.6,6,5.2,6,4.3,7,2.8,6,3.0,6,3.6,6,1.9,7,1.3,7,1.4,6,5.5,6,4.0,7,3.1,7,3.2,7,2.5,6,2.5,7,3.6,7,4.3,7,3.9,6,-1.3,6.0,6.8,6,2.3,7,0.5,6,4.7,4,5.9,5,5.0,6,3.0,7,5.3,6,4.2,5,6.5,5,6.0,6
2016-01-19 20:00:00,3.6,6,3.3,7,0.8,6,4.3,6,1.4,6,8.1,7,5.3,6,4.2,7,2.8,6,3.2,6,3.6,6,2.1,7,1.4,7,1.6,7,5.5,6,4.0,6,3.0,7,3.2,7,2.5,6,2.8,7,3.6,7,4.2,7,3.7,6,-1.6,6.0,6.5,6,2.0,7,0.2,6,4.4,5,5.4,5,4.5,6,2.8,6,5.1,6,4.0,6,6.3,5,5.8,6
2016-01-19 21:00:00,3.6,6,3.2,7,0.8,6,4.2,6,1.3,6,8.2,7,5.4,6,4.3,7,2.7,6,3.1,6,3.6,6,2.1,7,1.4,7,1.8,7,5.6,6,3.9,6,2.8,7,3.1,6,2.4,6,2.7,7,3.5,7,4.2,7,3.6,6,-1.8,6.0,6.2,6,1.7,6,0.0,7,3.9,5,5.1,5,4.3,6,2.7,6,4.9,7,3.9,6,6.2,5,5.5,6
2016-01-19 22:00:00,3.7,6,3.0,7,0.8,6,4.1,6,1.1,6,8.4,6,5.4,6,4.4,6,2.7,6,3.0,6,3.5,6,2.2,7,1.3,7,1.8,7,5.7,6,3.9,6,2.6,6,3.0,6,2.2,6,2.5,6,3.4,7,4.2,6,3.5,6,-2.0,6.0,6.0,6,1.6,6,-0.1,7,3.6,5,4.8,5,4.2,6,2.6,6,4.8,7,3.8,6,6.0,5,5.2,6
2016-01-19 23:00:00,3.7,6,2.9,7,0.8,6,4.0,6,0.9,6,8.4,6,5.5,6,4.6,6,2.7,6,2.9,6,3.5,6,2.2,7,1.3,6,1.8,6,5.7,6,3.9,6,2.5,6,2.9,6,1.9,6,2.2,6,3.3,7,4.1,6,3.4,6,-2.2,6.0,5.9,6,1.6,6,0.0,7,3.5,5,4.6,5,4.1,6,2.7,6,4.7,7,3.7,6,5.8,5,5.0,6
2016-01-20 00:00:00,3.8,6,2.7,7,0.8,6,4.0,6,0.8,6,8.3,6,5.5,6,4.7,6,2.6,6,2.8,6,3.4,6,2.2,7,1.3,6,1.6,6,5.7,6,3.9,6,2.3,6,2.9,6,1.7,6,2.0,6,3.2,6,3.9,6,3.3,6,-2.5,5.0,5.8,6,1.7,6,0.0,7,3.4,5,4.5,5,4.0,5,2.9,5,4.6,7,3.5,5,5.6,5,4.8,5
2016-01-20 01:00:00,3.8,7,2.5,7,0.8,6,4.0,6,0.7,6,8.0,6,5.5,6,4.8,6,2.6,5,2.7,5,3.4,5,2.2,7,1.4,6,1.5,6,5.7,6,3.9,6,2.2,6,2.8,6,1.5,6,1.7,6,3.1,6,3.6,6,3.2,6,-2.8,5.0,5.8,6,1.9,6,0.1,6,3.4,5,4.5,5,4.0,5,3.1,5,4.6,6,3.4,5,5.3,5,4.6,5
2016-01-20 02:00:00,3.9,7,2.4,7,0.8,6,3.9,6,0.6,6,7.8,6,5.4,6,4.8,6,2.6,5,2.6,5,3.3,5,2.2,7,1.5,5,1.3,6,5.5,6,3.9,6,2.2,6,2.7,6,1.3,6,1.4,6,3.1,6,3.3,6,3.1,6,-3.2,5.0,5.8,6,2.2,5,0.0,6,3.5,5,4.4,5,4.1,5,3.2,5,4.5,5,3.2,5,4.9,5,4.5,5
2016-01-20 03:00:00,-0.5,2,-2.6,2,-3.1,3,0.6,6,-3.0,5,5.3,6,3.5,5,2.4,6,-1.5,7,-1.4,7,-0.4,7,-0.4,7,0.5,7,0.5,6,3.9,7,2.0,7,1.6,6,2.0,7,2.0,7,1.6,7,2.8,7,4.0,7,4.3,6,-0.4,7.0,5.3,7,1.8,6,0.0,6,3.1,6,4.3,5,3.9,6,3.4,5,4.0,5,2.9,5,5.2,5,5.1,6
2016-01-20 04:00:00,-0.3,2,-2.5,2,-3.3,3,0.4,5,-3.3,5,5.5,6,3.6,5,2.1,6,-1.7,6,-1.6,6,-0.4,6,-0.6,7,0.3,6,0.4,6,3.7,7,1.9,7,1.5,6,1.9,6,2.0,7,1.4,7,2.9,7,4.0,7,4.2,6,-0.3,7.0,5.3,7,1.5,6,-0.3,6,3.2,6,4.2,5,3.4,6,2.9,5,3.7,5,2.5,5,5.0,5,4.8,6
2016-01-20 05:00:00,-0.1,2,-2.3,2,-3.3,3,0.2,5,-3.6,6,5.5,7,3.6,5,1.8,6,-1.7,6,-1.6,6,-0.4,6,-0.7,7,-0.1,6,0.3,6,3.5,6,1.8,6,1.3,6,1.8,5,2.1,7,1.1,7,2.9,7,4.0,7,4.0,6,-0.3,7.0,5.2,7,1.1,6,-0.6,6,3.4,5,4.1,5,3.0,6,2.4,5,3.6,5,2.2,5,4.7,5,4.4,6
2016-01-20 06:00:00,0.1,2,-2.1,2,-3.2,2,0.1,5,-3.5,6,5.6,7,3.5,6,1.6,6,-1.6,5,-1.5,5,-0.3,5,-0.8,7,-0.5,6,0.0,6,3.3,6,1.6,6,1.0,6,1.8,5,2.1,7,0.7,7,2.9,7,4.0,7,3.9,6,-0.6,7.0,5.1,7,1.0,6,-0.8,5,3.6,5,4.0,6,2.8,6,2.3,6,3.6,5,1.9,5,4.6,5,4.3,6
2016-01-20 07:00:00,0.1,2,-2.0,2,-2.9,2,0.2,4,-2.9,5,5.7,7,3.4,6,1.5,6,-1.5,5,-1.4,5,-0.3,5,-0.8,7,-0.9,6,-0.2,6,3.1,6,1.2,7,0.8,6,1.8,6,1.9,7,0.5,7,2.8,7,3.9,7,3.8,6,-1.2,7.0,4.9,6,1.3,7,-0.6,5,3.7,5,3.9,6,3.1,7,2.8,6,4.0,6,1.9,6,4.7,5,4.5,6
2016-01-20 08:00:00,0.2,2,-1.8,2,-2.4,2,0.6,4,-1.9,5,6.0,7,3.3,6,1.6,6,-1.3,6,-1.0,5,-0.2,5,-0.6,7,-1.1,6,-0.3,7,3.1,7,0.9,7,0.8,7,1.9,6,1.7,7,0.4,7,2.7,7,3.8,7,3.9,6,-1.6,7.0,5.0,6,2.1,7,0.0,6,4.0,6,4.0,7,3.7,7,3.9,6,4.7,6,2.4,6,5.2,5,5.1,6
2016-01-20 09:00:00,0.5,2,-2.1,2,-1.5,2,-1.3,4,-0.9,4,6.2,7,3.5,6,0.9,7,-2.5,5,-1.5,5,-0.9,5,0.0,6,-1.0,6,0.5,6,2.6,7,0.5,7,-0.1,7,-0.1,7,0.4,7,0.5,7,2.9,7,2.6,7,4.0,7,-2.4,7.0,5.2,6,3.7,7,1.1,6,5.0,7,4.4,7,4.7,7,5.2,7,6.8,6,3.5,6,6.1,5,5.9,7
2016-01-20 10:00:00,1.2,3,-0.9,2,-0.2,2,-0.3,4,0.0,4,6.5,6,4.1,5,1.4,7,-1.4,4,-0.6,4,0.1,4,1.2,5,-0.3,5,1.0,6,3.1,7,1.2,7,0.7,7,0.7,7,0.3,7,0.8,7,3.4,7,3.2,7,4.3,7,-1.3,7.0,5.9,7,5.0,7,2.6,6,6.0,7,5.4,7,5.9,7,6.6,7,8.1,7,5.3,6,7.4,5,6.9,7
2016-01-20 11:00:00,2.1,4,0.7,2,1.2,2,0.8,4,0.7,4,6.6,6,5.0,4,2.0,7,-0.2,2,0.4,2,1.2,2,2.5,4,0.7,4,1.6,5,3.6,7,2.2,7,1.8,7,1.5,7,0.4,7,1.2,7,4.1,7,4.0,7,4.7,7,0.2,7.0,6.9,7,6.2,6,4.2,6,7.1,7,6.6,6,7.0,7,7.8,6,9.5,7,7.3,6,8.7,5,8.0,7
2016-01-20 12:00:00,2.8,4,1.9,3,2.3,2,1.7,3,1.3,4,6.6,6,5.8,3,2.6,6,0.9,1,1.1,1,2.2,1,3.6,3,1.4,4,2.1,4,4.1,7,3.1,7,2.8,7,2.2,7,0.7,7,1.5,7,4.8,7,4.7,7,5.1,7,1.4,7.0,7.7,7,7.3,6,5.6,7,8.1,7,7.7,6,7.9,6,8.8,6,10.4,7,9.0,6,9.9,5,8.8,7
2016-01-20 13:00:00,3.1,3,2.4,3,2.7,2,2.2,3,1.7,4,6.4,6,6.4,3,3.0,6,1.5,1,1.6,1,2.6,1,4.0,3,1.6,3,2.3,3,4.3,7,3.5,7,3.3,6,2.5,6,1.1,7,1.6,7,5.3,7,5.3,7,5.4,7,1.6,7.0,8.3,7,8.1,6,6.4,7,8.3,7,8.2,6,8.4,7,9.3,6,10.9,7,9.9,6,10.6,6,9.3,7
2016-01-20 14:00:00,3.1,3,2.4,2,2.6,2,2.4,2,1.8,4,6.3,6,6.7,3,3.4,5,1.7,1,1.6,1,2.5,1,3.9,2,1.5,3,2.2,3,4.4,7,3.6,7,3.5,6,2.6,6,1.4,7,1.6,7,5.4,7,5.5,7,5.5,7,1.2,7.0,8.4,7,8.5,7,6.5,7,8.2,7,8.3,7,8.5,7,9.4,6,10.9,7,10.2,6,10.8,6,9.4,7
2016-01-20 15:00:00,3.5,2,2.8,2,3.3,6,2.6,1,1.7,3,5.3,1,3.1,1,3.1,1,1.7,2,2.5,2,2.7,2,2.0,3,0.5,4,0.7,4,3.5,2,2.6,1,2.2,1,2.6,2,1.6,2,0.3,4,4.4,4,4.7,4,4.4,6,1.8,4.0,9.1,6,7.8,2,6.2,1,9.8,5,9.8,6,9.2,1,8.9,1,9.5,2,9.9,2,10.4,2,11.2,4
2016-01-20 16:00:00,3.3,2,2.0,2,2.3,6,1.8,1,0.9,3,4.9,1,2.4,1,2.4,1,1.1,2,1.7,2,2.2,2,1.2,2,-0.1,4,0.1,4,2.9,1,2.1,1,1.7,1,2.2,2,1.3,2,-0.3,3,4.0,3,4.3,3,4.2,6,1.0,3.0,8.6,5,6.8,2,5.3,1,8.3,5,9.1,6,8.5,1,7.9,1,8.7,2,8.8,2,9.8,2,10.4,3
2016-01-20 17:00:00,3.0,2,1.2,2,1.2,6,0.9,1,-0.1,3,4.4,2,1.7,1,1.6,2,0.5,2,0.9,2,1.7,2,0.3,2,-0.7,3,-0.5,3,2.1,1,1.6,1,1.1,1,1.6,2,0.8,2,-1.0,4,3.4,3,3.5,2,3.8,6,0.2,2.0,7.9,4,5.6,1,4.1,1,6.7,5,8.4,5,7.6,2,6.6,1,7.7,2,7.5,2,9.1,2,9.4,2
2016-01-20 18:00:00,2.8,2,0.7,2,0.4,5,0.2,1,-1.0,3,4.0,2,1.2,2,1.0,2,-0.1,2,0.2,2,1.4,2,-0.5,2,-1.2,3,-1.0,3,1.6,2,1.0,1,0.6,1,0.9,2,0.4,2,-1.5,4,2.9,3,2.7,3,3.5,5,-0.4,2.0,7.0,4,4.5,1,3.0,1,5.4,5,7.6,4,6.7,2,5.4,1,6.7,2,6.4,2,8.3,3,8.5,2
2016-01-20 19:00:00,2.5,2,0.5,2,0.0,4,-0.1,2,-1.6,2,3.9,2,1.1,2,0.8,2,-0.5,2,-0.2,2,1.2,2,-1.0,2,-1.6,3,-1.5,3,1.4,2,0.5,2,0.2,1,0.3,1,0.3,2,-1.8,3,2.6,3,2.0,3,3.2,5,-0.9,2.0,6.3,4,3.7,1,2.2,1,4.7,4,7.0,4,5.9,1,4.5,1,5.9,2,5.8,2,7.7,2,7.8,2
2016-01-20 20:00:00,2.3,2,0.4,2,-0.1,3,-0.1,2,-2.0,2,4.1,2,1.2,2,0.8,2,-0.9,1,-0.5,2,1.0,2,-1.2,2,-2.0,3,-2.0,3,1.4,2,0.2,2,-0.1,1,-0.3,1,0.3,2,-1.9,3,2.4,2,1.5,4,3.0,5,-1.4,1.0,5.7,4,3.3,1,1.7,2,4.5,4,6.4,4,5.2,1,4.0,1,5.2,2,5.6,3,7.2,2,7.3,2
2016-01-20 21:00:00,2.0,2,0.1,2,-0.4,3,-0.2,2,-2.4,2,4.3,2,1.3,2,0.9,2,-1.0,2,-0.8,2,0.8,2,-1.4,2,-2.3,3,-2.3,3,1.6,3,0.1,2,-0.3,2,-0.4,2,0.0,2,-2.1,3,2.2,3,1.2,4,2.6,5,-1.8,2.0,5.3,5,2.8,1,1.2,2,4.0,4,5.8,4,4.7,2,3.6,1,4.7,2,5.2,3,6.8,2,6.9,2
2016-01-20 22:00:00,1.7,2,-0.2,2,-0.7,4,-0.1,2,-2.7,2,4.5,1,1.5,3,1.0,2,-1.1,2,-1.1,3,0.5,2,-1.5,2,-2.4,4,-2.5,3,1.8,3,0.1,2,-0.5,2,-0.6,2,-0.3,2,-2.2,3,2.0,3,1.0,4,2.3,5,-2.2,2.0,4.9,4,2.5,2,0.8,3,3.6,4,5.3,4,4.2,2,3.3,2,4.3,3,4.8,3,6.4,3,6.5,2
2016-01-20 23:00:00,1.5,3,-0.5,3,-1.0,4,-0.1,2,-2.8,2,4.8,1,1.8,3,1.2,2,-1.2,3,-1.2,3,0.4,3,-1.4,3,-2.4,4,-2.6,4,2.0,4,0.2,2,-0.6,3,-0.6,3,-0.6,2,-2.3,3,1.8,3,0.8,4,2.0,5,-2.7,2.0,4.6,4,2.3,2,0.6,3,3.3,4,4.7,4,3.9,3,3.2,2,4.2,3,4.4,4,6.2,3,6.1,3
2016-01-21 00:00:00,1.4,3,-0.7,3,-1.2,4,0.1,3,-2.9,2,5.1,2,2.0,4,1.4,3,-1.2,3,-1.2,3,0.3,3,-1.3,3,-2.3,4,-2.6,4,2.2,4,0.3,3,-0.7,4,-0.6,3,-0.9,2,-2.3,4,1.7,3,0.6,5,1.7,5,-3.7,2.0,4.4,4,2.2,3,0.4,4,3.0,4,4.3,4,3.7,3,3.1,3,4.1,4,4.1,4,5.9,3,5.8,3
2016-01-21 01:00:00,1.3,3,-0.7,4,-1.5,5,0.3,4,-2.9,2,5.5,3,2.4,4,1.7,4,-1.1,4,-1.1,4,0.2,4,-1.2,4,-2.1,4,-2.5,5,2.4,5,0.4,4,-0.8,4,-0.6,4,-1.2,3,-2.4,4,1.6,4,0.5,5,1.5,5,156.1,3.0,4.2,4,2.1,3,0.2,4,2.7,4,3.9,4,3.7,4,3.0,4,4.2,4,3.8,4,5.7,4,5.4,3
2016-01-21 02:00:00,1.2,4,-0.6,4,-1.7,5,0.5,5,-2.8,1,5.8,5,2.7,5,2.1,5,-1.0,5,-1.0,4,0.2,4,-1.0,5,-1.9,4,-2.4,5,2.6,5,0.6,5,-0.7,5,-0.5,5,-1.4,4,-2.4,5,1.6,4,0.5,5,1.3,5,175.1,3.0,4.1,5,2.1,4,0.0,5,2.5,5,3.6,5,3.7,4,3.0,4,4.3,4,3.5,5,5.5,4,5.0,4
2016-01-21 03:00:00,1.3,2,-1.6,2,-2.0,2,-2.3,2,-4.3,1,2.7,5,0.2,2,-2.0,2,-3.5,1,-3.7,1,-1.5,1,-3.6,1,-2.9,1,-3.1,2,0.5,6,-1.3,3,-1.7,2,-2.1,3,-1.6,2,-2.7,3,0.6,4,1.6,4,1.6,5,-3.6,1.0,3.6,5,2.9,2,0.7,1,2.5,3,3.4,6,3.4,1,3.9,1,4.1,3,4.0,3,5.4,2,5.6,3
2016-01-21 04:00:00,1.3,2,-1.8,2,-2.3,2,-2.6,2,-4.7,1,2.7,5,0.2,2,-2.4,2,-3.7,1,-4.0,1,-1.7,1,-4.2,2,-3.2,2,-3.1,2,0.2,6,-1.5,3,-2.1,1,-2.7,3,-2.0,2,-3.2,3,0.3,4,1.1,3,1.0,5,-9.2,2.0,3.4,5,2.7,2,0.3,1,2.4,3,3.0,6,2.7,1,3.3,1,3.8,3,4.0,2,5.1,2,5.2,2
2016-01-21 05:00:00,1.4,2,-2.0,1,-2.5,2,-2.9,2,-4.9,1,2.6,5,0.1,2,-2.8,3,-3.8,1,-4.1,1,-1.8,1,-4.5,2,-3.6,3,-3.2,3,-0.1,6,-1.7,2,-2.6,1,-3.3,2,-2.4,2,-3.9,3,0.1,4,0.6,3,0.3,5,,,3.3,5,2.4,1,-0.2,1,2.5,4,2.7,6,2.0,1,2.8,1,3.6,3,4.0,2,4.8,2,4.9,2
2016-01-21 06:00:00,1.4,2,-2.1,1,-2.6,2,-3.1,2,-4.8,1,2.3,4,-0.1,2,-3.1,3,-3.6,1,-4.0,1,-1.8,1,-4.5,2,-3.8,3,-3.4,3,-0.5,6,-1.9,2,-2.9,1,-3.4,2,-2.6,2,-4.6,3,0.0,4,0.3,3,-0.2,5,,,3.3,5,2.2,1,-0.5,1,2.7,5,2.7,5,1.8,1,2.7,1,3.5,3,3.9,3,4.7,2,4.8,2
2016-01-21 07:00:00,1.2,2,-2.1,1,-2.4,2,-2.9,2,-4.1,1,2.0,5,-0.4,2,-3.2,4,-3.2,1,-3.5,1,-1.7,1,-4.0,2,-3.6,3,-3.7,4,-0.8,6,-2.1,2,-2.8,2,-2.9,2,-2.5,2,-5.0,3,0.1,3,0.3,3,-0.4,5,,,3.5,5,2.2,1,-0.4,1,3.1,4,3.0,6,2.3,1,3.2,1,3.6,3,3.7,3,4.9,2,5.2,2
2016-01-21 08:00:00,1.0,2,-1.8,1,-2.0,2,-2.3,1,-3.0,1,1.9,5,-0.5,2,-2.9,4,-2.4,1,-2.6,1,-1.3,1,-3.1,1,-3.1,3,-3.7,4,-0.9,7,-1.9,2,-2.4,2,-2.0,2,-2.1,2,-4.9,4,0.6,3,0.5,3,-0.3,6,,,4.0,4,2.5,2,0.1,1,3.8,4,3.7,6,3.3,1,4.1,1,4.0,3,3.8,3,5.6,2,6.1,2
2016-01-21 09:00:00,1.1,2,-1.1,2,-1.1,2,-1.3,1,-1.7,1,2.2,6,-0.1,2,-2.1,3,-1.4,1,-1.4,1,-0.4,1,-1.7,1,-2.3,3,-3.3,4,-0.4,6,-1.3,2,-1.5,2,-0.8,2,-1.4,2,-4.3,4,1.3,2,0.9,4,0.2,6,,,4.8,4,3.2,2,1.1,2,5.1,4,4.9,6,4.8,1,5.3,1,4.9,3,4.5,3,6.7,2,7.3,2
2016-01-21 10:00:00,1.5,2,0.1,2,0.1,2,0.2,1,-0.5,2,3.1,6,0.9,1,-0.7,3,-0.1,1,0.1,1,0.9,2,0.0,1,-1.3,3,-2.2,4,0.9,6,0.0,2,-0.2,2,0.5,2,-0.5,2,-3.1,4,2.3,2,1.5,3,0.9,6,,,6.1,4,4.2,2,2.5,2,6.9,4,6.4,6,6.4,1,6.6,1,6.2,3,6.1,3,8.2,2,8.7,2
2016-01-21 11:00:00,2.2,2,1.5,2,1.5,2,1.7,1,0.4,2,4.3,6,2.2,1,1.0,2,1.2,2,1.7,2,2.4,2,1.6,1,-0.3,3,-0.9,3,2.4,4,1.6,1,1.2,2,1.7,2,0.4,2,-1.6,4,3.5,2,2.3,3,1.7,6,-0.2,1.0,7.5,5,5.4,2,4.1,2,8.9,4,8.0,6,7.9,1,7.9,1,7.7,3,8.1,3,9.9,2,10.0,2
2016-01-21 12:00:00,2.7,2,2.6,2,2.5,2,3.0,1,1.1,2,5.3,6,3.4,1,2.5,2,2.1,1,2.8,2,3.4,2,2.8,2,0.4,2,0.1,2,3.7,3,2.9,1,2.5,1,2.7,2,1.2,2,-0.6,4,4.5,1,3.2,2,2.4,5,1.5,1.0,8.7,6,6.5,1,5.7,2,10.4,4,9.3,5,9.1,1,8.9,1,9.0,4,9.8,3,11.2,2,11.0,2
2016-01-21 13:00:00,2.9,2,3.0,2,2.9,2,3.6,1,1.4,2,5.9,6,4.0,1,3.4,1,2.5,1,3.2,1,3.6,1,3.3,2,0.6,2,0.3,2,4.3,2,3.6,1,3.3,1,3.4,1,1.6,1,-0.3,3,5.3,1,4.1,2,2.9,4,2.0,1.0,9.5,6,7.2,1,7.0,2,11.1,4,9.9,5,9.7,1,9.5,1,9.7,4,10.8,3,11.9,2,11.6,2
2016-01-21 14:00:00,2.9,2,2.9,2,2.8,2,3.6,1,1.3,2,6.0,6,4.1,1,3.6,1,2.3,1,3.1,1,3.3,1,3.1,1,0.4,2,-0.2,2,4.2,2,3.7,1,3.6,1,3.7,1,1.7,1,-0.7,2,5.7,1,4.8,1,3.1,4,1.5,1.0,9.8,5,7.5,1,7.6,2,10.9,3,9.9,4,9.6,1,9.6,1,9.8,4,11.0,3,12.0,2,11.6,2
2016-01-21 15:00:00,2.7,2,2.1,2,2.0,2,4.3,2,0.8,1,7.4,2,5.9,1,5.3,1,2.2,3,3.0,2,3.1,2,2.6,1,-0.2,2,0.0,1,6.0,1,4.6,1,3.8,1,4.0,1,2.0,1,-0.5,1,5.7,1,5.2,1,4.1,2,1.0,1.0,9.9,5,7.5,2,7.4,2,9.9,2,9.7,4,9.9,1,9.3,1,10.2,3,10.1,2,11.3,1,11.2,2
2016-01-21 16:00:00,2.4,2,1.6,3,0.9,2,3.5,2,0.0,1,7.2,2,5.2,1,4.7,1,1.6,2,2.3,2,2.5,2,1.5,1,-0.9,2,-0.6,1,5.3,1,4.0,1,3.0,1,3.2,1,1.2,2,-1.1,2,5.0,1,4.5,1,3.8,2,-0.2,1.0,9.3,4,6.5,2,6.2,2,8.5,2,8.9,3,8.8,1,8.0,1,9.5,3,9.2,2,10.5,2,10.3,2
2016-01-21 17:00:00,2.3,2,1.0,3,-0.2,2,2.5,1,-0.9,1,6.9,2,4.4,1,4.1,1,1.1,2,1.5,2,2.0,2,0.2,1,-1.6,2,-1.2,1,4.5,1,3.2,1,1.9,1,2.0,1,0.4,2,-1.5,3,4.1,1,3.4,2,3.4,3,-1.3,1.0,8.5,4,5.2,2,4.6,2,6.8,2,8.0,3,7.4,1,6.5,1,8.6,3,8.1,2,9.7,2,9.1,2
2016-01-21 18:00:00,2.1,2,0.6,3,-1.0,3,1.7,2,-1.7,1,6.6,2,3.8,1,3.5,1,0.5,2,0.7,2,1.6,2,-0.9,1,-2.2,3,-1.6,2,3.8,1,2.4,1,1.0,1,0.8,1,-0.3,2,-1.9,4,3.3,1,2.3,2,2.9,4,-2.1,1.0,7.6,3,4.1,1,3.2,2,5.3,2,7.1,2,6.1,1,5.1,1,7.7,3,7.0,2,8.8,2,8.0,2
2016-01-21 19:00:00,1.9,2,0.4,4,-1.2,3,1.3,2,-2.3,2,6.5,2,3.6,2,3.2,1,0.0,2,0.1,2,1.3,2,-1.5,1,-2.6,2,-2.0,2,3.4,1,1.8,1,0.4,1,-0.2,1,-0.7,2,-2.1,3,3.0,1,1.5,2,2.6,4,-2.6,1.0,6.8,3,3.6,1,2.4,2,4.4,2,6.4,2,5.3,1,4.3,1,7.1,3,6.3,3,8.0,2,7.1,2
2016-01-21 20:00:00,1.8,2,0.4,4,-1.0,3,1.0,3,-2.7,2,6.5,2,3.5,2,3.0,2,-0.5,2,-0.4,1,1.1,2,-1.8,1,-3.0,2,-2.3,2,3.1,2,1.4,2,0.0,1,-0.9,1,-1.0,2,-2.3,3,2.8,1,1.0,2,2.3,3,-2.8,1.0,6.0,3,3.4,2,2.0,2,4.0,2,5.8,2,4.8,1,3.9,2,6.8,3,5.8,3,7.4,2,6.4,2
2016-01-21 21:00:00,1.7,2,0.2,4,-0.9,3,1.1,3,-3.0,2,6.8,2,3.7,2,3.0,2,-0.7,2,-0.8,2,0.8,2,-2.1,2,-3.4,2,-2.8,2,3.0,2,1.2,2,-0.2,2,-1.1,2,-1.3,2,-2.7,2,2.5,2,0.7,2,2.0,3,-3.2,1.0,5.4,3,3.0,2,1.5,2,3.4,2,5.2,2,4.3,2,3.6,2,6.4,3,5.2,3,6.8,2,5.7,2
2016-01-21 22:00:00,1.7,2,0.1,4,-1.0,3,1.2,3,-3.3,3,7.2,3,4.0,3,3.1,2,-0.9,2,-1.0,2,0.5,2,-2.2,2,-3.7,2,-3.2,3,3.1,2,1.1,3,-0.5,2,-1.2,2,-1.6,2,-3.1,2,2.3,2,0.5,2,1.7,3,-3.5,2.0,4.9,3,2.8,2,1.3,3,3.0,2,4.7,3,4.1,2,3.4,2,6.2,3,4.7,3,6.4,2,5.3,2
2016-01-21 23:00:00,1.7,3,0.0,4,-1.2,4,1.4,4,-3.3,3,7.6,3,4.3,3,3.2,2,-0.9,2,-1.1,3,0.3,3,-2.1,3,-3.8,2,-3.5,3,3.1,3,1.0,3,-0.6,2,-1.2,2,-1.8,2,-3.4,3,2.1,3,0.3,2,1.5,4,-4.0,2.0,4.6,4,2.7,3,1.1,3,2.7,3,4.3,3,4.0,2,3.4,3,6.1,4,4.2,3,6.1,3,5.1,3
2016-01-22 00:00:00,1.8,3,0.0,5,-1.4,4,1.7,4,-3.2,3,8.0,4,4.7,4,3.5,3,-0.8,3,-1.1,3,0.3,3,-2.0,3,-3.8,2,-3.6,3,3.3,3,1.1,4,-0.7,3,-1.2,2,-1.9,2,-3.6,3,2.0,3,0.3,2,1.3,4,-4.4,2.0,4.5,4,2.7,3,0.9,4,2.5,3,4.2,3,4.1,3,3.5,3,5.9,4,3.9,4,5.9,3,5.0,3
2016-01-22 01:00:00,1.9,4,0.0,5,-1.5,5,2.1,4,-3.0,4,8.5,5,5.2,4,3.8,4,-0.7,3,-1.0,4,0.3,4,-1.7,3,-3.6,2,-3.5,4,3.5,4,1.2,4,-0.7,3,-1.0,3,-1.9,2,-3.6,4,1.9,4,0.3,2,1.1,5,-4.8,2.0,4.5,4,2.8,4,0.8,5,2.5,4,4.2,4,4.3,3,3.7,4,5.8,4,3.7,4,5.8,3,5.0,3
2016-01-22 02:00:00,2.1,4,0.2,5,-1.4,5,2.5,5,-2.7,4,9.0,5,5.7,5,4.1,4,-0.5,4,-0.8,4,0.4,4,-1.5,3,-3.5,2,-3.4,4,3.7,5,1.4,5,-0.6,4,-0.7,3,-1.9,2,-3.4,5,1.9,4,0.4,2,1.1,5,-5.1,3.0,4.5,4,3.0,4,0.7,5,2.5,4,4.4,4,4.6,4,3.9,4,5.6,5,3.5,4,5.6,3,5.2,4
2016-01-22 03:00:00,-0.1,1,-0.8,1,-2.0,1,0.0,2,-4.2,1,7.9,5,3.9,2,0.8,2,-1.9,1,-2.5,1,-0.8,1,-3.5,1,-3.9,1,-4.5,1,1.5,2,-0.4,2,-2.2,1,-2.8,1,-3.7,3,-4.5,1,0.8,1,-1.6,1,-0.6,3,-4.6,1.0,2.9,2,2.3,4,0.0,1,1.8,2,3.4,1,3.7,3,3.5,4,5.4,3,3.5,2,5.5,2,5.1,4
2016-01-22 04:00:00,0.0,1,-0.8,1,-2.2,1,0.0,1,-4.8,1,7.8,5,4.2,2,0.3,2,-2.1,1,-2.9,1,-1.0,1,-4.1,1,-4.2,1,-4.6,1,1.1,2,-0.6,1,-2.5,1,-3.3,1,-3.9,3,-4.9,1,0.7,1,-1.8,1,-0.7,3,-4.5,1.0,2.8,2,2.1,4,-0.3,1,1.6,3,3.0,1,3.5,3,3.2,5,4.9,3,3.4,2,5.5,2,4.6,4
2016-01-22 05:00:00,0.3,1,-0.7,1,-2.3,1,0.0,1,-5.3,1,7.5,5,4.4,3,-0.2,2,-2.1,1,-3.1,1,-1.0,1,-4.7,1,-4.6,1,-4.8,1,0.8,2,-0.9,1,-2.9,1,-3.8,1,-4.1,3,-5.5,1,0.6,1,-1.8,1,-0.8,2,-4.4,2.0,2.7,2,1.8,5,-0.7,1,1.7,4,2.6,1,3.4,3,2.9,5,4.4,2,3.2,2,5.4,2,4.1,4
2016-01-22 06:00:00,0.5,1,-0.6,1,-2.4,1,0.0,2,-5.4,1,7.1,5,4.4,3,-0.6,2,-2.0,1,-3.0,1,-1.0,1,-4.8,1,-4.9,2,-5.0,1,0.5,3,-1.1,1,-3.0,1,-3.9,1,-4.1,3,-5.8,2,0.6,1,-1.6,1,-0.9,2,-4.3,2.0,2.8,2,1.7,5,-0.9,2,2.1,4,2.4,1,3.4,4,2.9,6,4.3,2,3.2,2,5.4,2,3.9,4
2016-01-22 07:00:00,0.7,1,-0.5,1,-2.3,1,0.0,2,-4.7,1,6.8,5,4.1,3,-0.8,2,-1.8,1,-2.5,1,-0.8,1,-4.3,1,-4.9,2,-5.2,2,0.5,4,-1.2,1,-2.8,1,-3.2,1,-3.8,3,-5.7,2,0.8,1,-1.3,1,-0.8,2,-4.2,2.0,3.0,2,2.0,5,-0.8,3,2.9,3,2.7,2,3.7,5,3.4,6,5.0,2,3.5,2,5.5,2,4.4,5
2016-01-22 08:00:00,1.0,1,-0.3,1,-1.9,1,0.3,1,-3.5,1,6.7,6,3.9,2,-0.7,2,-1.4,1,-1.7,1,-0.4,1,-3.2,1,-4.5,2,-5.1,2,0.8,4,-1.0,1,-2.1,1,-2.0,1,-3.2,4,-5.2,3,1.3,1,-0.6,1,-0.5,3,-3.8,1.0,3.6,2,2.7,5,-0.2,4,4.1,2,3.4,2,4.4,6,4.4,7,6.2,2,4.1,2,5.8,2,5.5,5
2016-01-22 09:00:00,1.6,1,0.2,1,-1.1,1,1.1,1,-2.0,1,7.1,7,4.1,2,0.1,2,-0.6,1,-0.6,1,0.4,1,-1.6,1,-3.6,1,-4.4,2,1.7,4,-0.2,1,-0.9,1,-0.4,1,-2.3,4,-4.2,3,2.2,1,0.7,1,0.2,3,-2.8,1.0,4.7,2,3.8,5,0.8,5,5.8,2,4.7,2,5.4,7,5.6,7,7.6,2,5.1,2,6.5,2,6.9,5
2016-01-22 10:00:00,2.5,1,1.2,1,0.2,1,2.7,1,-0.5,1,8.1,7,5.1,1,1.6,2,0.7,1,0.7,1,1.7,1,0.4,1,-2.2,1,-3.0,2,3.2,4,1.4,1,0.9,1,1.3,1,-1.3,4,-2.8,3,3.5,1,2.7,1,1.2,3,-1.2,1.0,6.4,2,5.2,5,2.3,5,8.1,2,6.4,2,6.8,7,7.0,6,8.8,3,6.4,3,7.6,2,8.3,5
2016-01-22 11:00:00,3.4,1,2.4,1,1.6,1,4.6,1,0.9,1,9.3,7,6.6,1,3.5,1,2.1,1,2.1,1,3.0,1,2.4,1,-0.7,1,-1.3,2,5.0,3,3.4,1,2.9,1,2.9,1,-0.2,3,-1.3,3,5.0,1,5.0,1,2.5,3,0.7,1.0,8.4,1,6.7,5,4.0,5,10.4,2,8.2,2,8.3,6,8.3,6,9.8,3,7.8,3,8.9,2,9.6,5
2016-01-22 12:00:00,4.3,1,3.4,1,2.8,1,6.2,1,1.9,1,10.3,7,7.9,1,5.2,1,3.3,1,3.2,1,4.1,1,3.9,1,0.6,1,0.0,1,6.5,3,5.2,1,4.7,1,4.3,1,0.7,2,-0.1,2,6.3,1,7.1,1,3.6,3,2.2,1.0,10.1,1,7.9,5,5.5,4,12.1,3,9.6,2,9.4,6,9.3,6,10.5,3,8.9,3,10.0,2,10.6,4
2016-01-22 13:00:00,4.8,1,3.9,1,3.3,1,7.0,1,2.4,1,10.8,7,8.7,2,6.3,1,3.9,1,3.9,1,4.6,1,4.6,1,1.3,1,0.5,1,7.4,2,6.2,1,5.9,1,5.2,1,1.4,2,0.5,1,7.2,1,8.5,1,4.5,2,2.8,1.0,11.1,1,8.6,4,6.4,3,12.7,2,10.4,2,9.8,6,9.8,6,10.8,3,9.5,3,10.6,2,11.3,4
2016-01-22 14:00:00,5.1,1,4.0,1,3.4,1,7.2,1,2.4,1,10.9,7,9.0,3,6.9,1,4.0,1,4.1,1,4.6,1,4.5,1,1.5,1,0.3,1,7.6,2,6.6,1,6.5,1,5.6,1,1.7,1,0.6,1,7.6,1,9.0,1,5.0,2,2.7,1.0,11.5,1,8.9,4,6.7,3,12.4,2,10.7,2,9.8,6,9.8,6,10.7,3,9.5,2,10.8,2,11.5,4
2016-01-22 15:00:00,5.0,5,3.7,4,2.4,2,7.6,7,2.0,2,12.3,7,10.2,6,8.1,7,3.4,2,4.1,3,4.3,3,4.1,2,1.5,1,-0.2,1,8.7,7,6.4,4,6.1,2,6.1,1,2.9,2,1.0,1,7.4,2,9.6,1,7.2,2,1.8,1.0,10.9,5,9.3,4,7.1,1,12.0,4,10.7,2,9.7,4,9.4,4,11.0,4,9.6,3,10.4,2,11.2,4
2016-01-22 16:00:00,5.5,5,4.2,4,2.4,2,7.6,7,1.9,2,11.6,7,9.9,6,8.3,7,3.7,4,4.2,4,4.5,4,3.3,3,0.9,2,-0.6,1,8.6,7,6.3,5,5.7,2,5.7,2,2.4,2,0.3,1,7.1,3,8.6,1,6.8,2,0.5,1.0,10.5,6,8.4,3,6.1,1,10.3,3,10.1,3,9.2,4,8.7,3,10.4,3,8.8,3,9.7,3,10.5,4
2016-01-22 17:00:00,6.1,5,4.7,5,2.5,3,7.5,7,1.8,3,10.6,7,9.4,5,8.3,7,4.0,5,4.3,5,4.9,5,2.5,4,0.2,2,-0.9,2,8.5,7,6.2,6,5.1,3,5.0,3,1.8,3,-0.5,1,6.6,4,7.3,1,6.1,3,-0.7,1.0,9.8,6,7.3,3,4.8,1,8.5,3,9.4,3,8.5,3,7.9,3,9.7,2,7.8,2,8.9,4,9.7,4
2016-01-22 18:00:00,6.5,5,5.2,5,2.7,4,7.2,6,1.9,4,9.7,6,8.8,5,8.2,6,4.3,6,4.4,6,5.1,6,2.2,4,-0.2,3,-1.1,2,8.4,6,6.0,6,4.7,4,4.4,4,1.5,3,-1.0,2,6.3,5,6.2,2,5.5,4,-1.5,1.0,9.2,6,6.3,3,3.8,2,7.1,3,8.7,4,7.8,3,7.1,4,9.1,2,6.9,2,8.2,4,9.0,4
2016-01-22 19:00:00,6.5,5,5.4,5,3.0,5,6.7,6,2.3,4,9.0,5,8.2,5,7.9,6,4.4,6,4.5,6,5.2,6,2.5,5,-0.1,4,-1.1,2,8.4,6,6.0,6,4.6,5,4.1,5,1.7,4,-0.9,2,6.3,6,5.7,2,5.2,4,-1.8,1.0,8.8,6,5.8,3,3.3,2,6.4,3,8.3,4,7.1,3,6.5,4,8.7,3,6.4,3,7.8,5,8.6,4
2016-01-22 20:00:00,6.3,6,5.5,5,3.5,6,6.2,6,2.7,5,8.6,5,7.6,5,7.5,7,4.4,6,4.7,6,5.2,6,3.2,5,0.4,4,-1.1,3,8.4,5,6.0,5,4.7,5,4.1,6,2.3,4,-0.5,2,6.4,6,5.6,3,5.0,4,-1.9,1.0,8.6,6,5.5,4,3.2,3,6.1,4,7.9,4,6.6,3,6.0,4,8.3,4,6.0,4,7.5,5,8.3,4
2016-01-22 21:00:00,6.5,5,5.6,5,3.8,6,6.0,6,3.0,5,8.2,5,7.2,5,7.4,6,4.6,6,4.8,6,5.4,6,3.3,5,1.0,5,-0.6,3,8.3,5,6.2,5,4.8,5,4.2,6,2.6,4,-0.1,2,6.5,5,5.4,3,5.0,5,-1.9,2.0,8.6,6,5.3,4,3.0,3,5.7,4,7.8,4,6.5,4,5.7,4,8.1,4,5.5,4,7.3,5,8.1,4
2016-01-22 22:00:00,6.6,5,5.7,5,4.1,6,5.9,6,3.2,6,8.0,5,6.9,5,7.3,6,4.7,6,5.0,6,5.6,6,3.5,5,1.4,5,-0.1,3,8.3,6,6.3,5,4.9,5,4.4,6,2.8,4,0.3,3,6.6,5,5.3,4,4.9,5,-1.8,2.0,8.6,6,5.2,5,2.7,4,5.6,4,7.8,4,6.5,4,5.6,4,7.9,5,5.1,4,7.0,5,7.9,4
2016-01-22 23:00:00,6.7,5,5.8,5,4.4,6,5.7,6,3.2,6,7.9,5,6.7,5,7.2,6,4.9,6,5.1,6,5.7,6,3.7,6,1.7,5,0.5,3,8.2,6,6.5,5,5.1,5,4.6,6,2.8,5,0.9,3,6.7,5,5.4,4,4.9,5,-1.6,2.0,8.6,6,5.2,5,2.3,4,5.6,4,7.8,4,6.6,4,5.7,5,7.7,6,4.8,5,6.8,5,7.7,3
2016-01-23 00:00:00,6.9,5,5.8,5,4.6,6,5.6,6,3.2,6,8.0,5,6.6,5,7.1,6,5.0,6,5.2,5,5.9,5,3.9,6,2.1,5,1.1,4,8.1,6,6.6,5,5.3,5,4.8,6,2.8,5,1.5,4,6.8,4,5.5,5,5.0,5,-1.3,3.0,8.6,6,5.3,5,2.2,4,5.8,4,7.9,4,6.8,4,5.9,5,7.7,6,4.6,5,6.6,5,7.6,3
2016-01-23 01:00:00,7.0,5,5.7,5,4.7,6,5.5,6,3.2,5,8.2,5,6.6,6,7.0,6,5.2,5,5.3,5,6.1,5,4.1,6,2.7,5,1.7,4,8.0,6,6.8,6,5.5,5,5.1,6,3.0,5,2.2,5,6.9,4,5.8,5,5.3,5,-0.8,3.0,8.7,6,5.6,5,2.3,5,6.1,5,8.0,4,7.0,4,6.1,5,7.7,6,4.6,5,6.5,5,7.6,4
2016-01-23 02:00:00,7.0,4,5.6,5,4.8,6,5.5,5,3.3,5,8.4,6,6.7,6,6.9,6,5.3,5,5.4,5,6.3,5,4.3,6,3.2,5,2.4,5,7.9,6,6.9,6,5.7,5,5.4,5,3.3,5,2.8,5,7.0,5,6.1,5,5.7,5,-0.1,4.0,8.8,5,5.9,5,2.6,5,6.4,5,8.2,5,7.3,4,6.4,5,7.7,5,4.7,5,6.4,5,7.7,4
2016-01-23 03:00:00,7.4,5,5.5,4,4.2,6,4.4,6,3.3,5,7.5,6,5.8,3,4.4,6,4.1,6,3.9,6,5.6,6,3.9,5,3.5,5,3.1,6,6.1,6,4.9,7,4.5,6,5.3,5,3.1,6,3.2,5,6.3,7,6.2,6,6.0,6,-0.5,3.0,8.6,7,4.3,6,2.2,5,7.4,6,7.7,5,6.5,6,5.7,6,6.8,6,5.9,5,6.6,4,7.6,5
2016-01-23 04:00:00,7.3,5,5.0,5,3.9,6,4.3,6,3.1,5,7.7,5,5.9,3,4.2,5,3.7,5,3.4,6,5.3,6,3.6,5,3.6,5,3.4,5,6.0,6,4.6,6,4.2,6,5.0,5,3.2,6,3.4,6,6.3,7,6.2,7,6.1,5,-0.2,4.0,8.6,7,3.7,6,1.9,5,7.3,6,7.5,5,6.0,5,5.1,5,6.5,6,5.9,5,6.5,4,7.4,5
2016-01-23 05:00:00,7.3,5,4.3,5,3.7,5,4.0,6,2.8,5,7.8,4,6.0,3,4.2,5,3.4,5,3.1,5,5.0,5,3.4,5,3.6,5,3.6,5,5.9,6,4.5,5,4.0,6,4.6,4,3.3,5,3.7,6,6.4,6,6.3,7,6.1,5,0.1,5.0,8.7,6,3.2,6,1.5,5,7.2,6,7.4,5,5.5,5,4.6,5,6.5,5,5.7,5,6.3,4,7.3,5
2016-01-23 06:00:00,7.0,6,3.7,5,3.6,5,3.8,5,2.7,5,7.9,4,6.0,4,4.2,4,3.2,5,2.9,5,4.7,5,3.2,5,3.5,5,3.8,5,5.8,6,4.3,4,3.9,6,4.4,4,3.5,5,3.8,6,6.3,6,6.5,7,6.2,5,0.2,5.0,8.8,6,3.1,6,1.4,5,7.3,6,7.4,5,5.4,5,4.5,5,6.8,5,5.5,5,6.2,4,7.4,6
2016-01-23 07:00:00,6.5,6,3.3,5,3.4,5,3.7,5,2.7,5,8.0,5,5.9,4,4.3,5,3.0,5,2.7,5,4.2,5,3.2,6,3.4,5,3.9,5,5.7,6,4.1,5,3.9,6,4.5,5,3.7,5,3.8,6,6.2,6,6.8,7,6.3,5,0.1,5.0,8.8,6,3.7,7,1.8,5,7.6,6,7.5,5,5.7,5,5.2,6,7.3,5,5.2,6,6.2,5,8.0,6
2016-01-23 08:00:00,5.9,6,3.3,6,3.4,6,3.8,5,2.9,6,8.2,6,5.9,4,4.6,5,2.9,6,2.8,5,3.8,5,3.4,6,3.4,6,4.0,6,5.8,6,4.1,6,4.0,7,4.8,6,3.8,6,3.8,6,6.1,7,7.1,6,6.5,5,0.1,5.0,9.0,7,4.8,7,2.6,5,8.3,6,7.9,6,6.5,6,6.4,6,8.1,6,5.2,6,6.5,5,9.0,6
2016-01-23 09:00:00,5.6,6,3.6,6,3.7,7,4.2,5,3.3,7,8.5,7,6.1,4,5.1,6,3.2,6,3.2,6,3.9,6,4.0,7,3.7,6,4.3,7,6.3,7,4.5,7,4.5,7,5.4,7,4.1,6,4.1,6,6.3,7,7.7,6,6.9,6,0.8,4.0,9.5,7,6.3,7,3.9,5,9.5,7,8.8,6,7.6,6,8.1,7,9.0,6,5.8,6,7.2,6,10.3,7
2016-01-23 10:00:00,5.6,6,4.4,7,4.4,7,4.9,4,3.9,7,9.0,7,6.7,4,5.9,6,4.0,7,4.1,6,4.7,6,4.9,6,4.3,6,4.9,7,7.2,6,5.4,7,5.3,7,6.1,7,4.5,6,4.7,6,6.9,7,8.5,6,7.5,6,2.5,4.0,10.5,7,7.9,6,5.6,4,11.3,7,10.2,6,8.9,6,9.9,6,10.1,6,7.3,6,8.5,6,11.9,6
2016-01-23 11:00:00,5.9,7,5.3,7,5.3,7,5.9,3,4.6,6,9.6,7,7.5,4,6.9,5,5.1,7,5.2,7,5.9,7,6.0,5,5.0,7,5.7,6,8.3,6,6.6,7,6.3,7,6.9,7,5.0,6,5.5,7,7.6,7,9.4,6,8.2,5,4.7,4.0,11.7,7,9.5,6,7.5,3,13.3,7,11.9,6,10.2,6,11.6,6,11.1,5,9.2,6,10.0,5,13.4,6
2016-01-23 12:00:00,6.2,6,6.1,7,6.1,7,6.7,3,5.2,5,10.2,7,8.4,4,7.9,5,6.0,6,6.2,6,6.9,6,6.9,4,5.5,6,6.1,6,9.3,6,7.7,6,7.3,6,7.7,6,5.5,6,6.1,7,8.5,7,10.4,6,8.9,5,6.4,4.0,12.9,7,10.9,5,9.3,2,14.7,7,13.4,5,11.3,6,13.0,5,12.0,5,11.1,6,11.2,5,14.6,6
2016-01-23 13:00:00,6.3,6,6.5,6,6.6,6,7.3,3,5.6,5,10.7,7,9.2,5,8.7,5,6.6,5,6.9,6,7.5,5,7.4,3,5.7,5,6.0,5,9.8,6,8.5,5,8.0,6,8.3,6,6.0,5,6.2,6,9.2,7,11.2,6,9.4,5,7.0,3.0,13.8,7,12.0,5,10.7,2,15.1,7,14.3,6,11.9,5,13.8,5,12.6,5,12.4,6,11.8,4,15.2,6
2016-01-23 14:00:00,6.2,5,6.6,6,6.8,6,7.6,4,5.8,4,11.0,7,9.9,6,9.3,6,6.8,4,7.3,4,7.6,4,7.5,3,5.5,3,5.6,5,10.1,7,9.0,5,8.4,6,8.6,5,6.3,5,6.0,5,9.7,7,11.8,5,9.6,5,6.6,2.0,14.2,7,12.7,5,11.4,1,14.7,7,14.7,6,12.1,5,13.9,5,12.9,4,13.0,5,11.9,4,15.2,5
2016-01-23 15:00:00,7.2,6,7.1,5,7.5,4,8.1,5,6.2,3,11.9,7,9.8,5,10.0,3,6.4,3,7.0,3,7.2,3,6.4,3,5.2,2,5.5,3,10.5,7,9.0,3,8.6,2,8.8,2,6.4,3,5.7,3,10.0,7,11.8,3,9.3,2,6.1,1.0,14.0,7,13.1,2,11.5,1,14.8,6,15.0,7,12.6,5,13.8,5,13.3,3,13.4,4,11.8,4,14.3,6
2016-01-23 16:00:00,6.7,6,6.5,5,6.7,4,7.7,5,5.8,3,12.2,7,9.9,6,10.0,4,6.3,4,6.9,3,7.2,3,5.9,3,4.6,2,4.9,3,10.4,7,8.8,4,8.3,2,8.5,3,6.1,3,4.9,3,9.8,6,11.2,3,8.9,2,4.6,1.0,13.6,7,12.2,3,10.3,2,13.4,5,14.4,7,11.9,4,12.9,5,12.5,3,12.0,4,11.1,4,13.5,5
2016-01-23 17:00:00,6.2,6,5.9,6,5.8,4,7.2,5,5.2,3,12.4,7,9.9,6,9.7,6,6.1,4,6.6,4,7.1,4,5.4,3,3.9,2,4.3,4,10.1,7,8.4,5,7.7,3,7.9,4,5.6,3,4.1,4,9.3,5,10.1,4,8.4,3,3.1,1.0,13.0,7,10.8,4,8.6,3,11.9,5,13.6,7,11.0,4,11.5,4,11.4,3,10.3,3,10.2,4,12.4,5
2016-01-23 18:00:00,6.0,6,5.6,6,5.2,5,6.9,6,4.7,4,12.4,6,9.9,7,9.6,7,5.9,4,6.3,4,7.0,4,4.9,3,3.3,3,3.7,5,9.8,6,8.0,6,7.2,4,7.2,5,5.1,3,3.4,4,8.9,5,9.1,4,7.9,4,1.9,1.0,12.3,6,9.4,4,6.9,4,10.5,5,12.8,6,10.2,4,10.1,4,10.3,4,8.7,3,9.5,4,11.4,5
2016-01-23 19:00:00,6.0,6,5.6,6,5.1,5,7.0,6,4.3,5,12.2,6,10.0,7,9.7,7,5.6,5,6.0,5,6.7,5,4.6,3,2.8,4,3.2,5,9.8,6,7.9,7,6.8,5,6.5,5,4.7,3,2.9,4,8.7,5,8.4,4,7.5,4,1.3,2.0,11.5,6,8.3,3,5.5,4,9.5,5,12.1,6,9.5,4,9.0,4,9.5,4,7.8,4,9.1,4,10.6,5
2016-01-23 20:00:00,6.2,5,5.8,6,5.3,5,7.3,7,4.0,5,12.0,6,10.2,7,10.0,7,5.4,5,5.7,5,6.3,5,4.5,4,2.4,4,2.9,5,9.9,6,7.9,7,6.6,5,5.9,6,4.4,4,2.7,4,8.6,5,8.1,4,7.1,4,1.1,2.0,10.9,6,7.6,3,4.5,4,8.8,6,11.5,6,9.0,4,8.2,3,8.9,3,7.4,5,8.9,4,10.0,5
2016-01-23 21:00:00,6.2,5,6.1,6,5.3,6,7.6,7,3.7,5,11.9,6,10.2,6,10.2,6,5.5,5,5.7,5,6.2,6,4.4,5,2.1,4,2.5,5,10.0,6,8.0,7,6.5,6,5.4,6,4.0,4,2.3,4,8.5,5,7.6,4,6.6,4,0.7,2.0,10.3,6,6.9,2,3.7,3,8.1,6,10.8,6,8.5,4,7.5,3,8.3,4,6.7,5,8.6,4,9.5,5
2016-01-23 22:00:00,6.3,6,6.2,6,5.3,6,8.0,7,3.5,5,11.9,6,10.1,6,10.3,6,5.9,6,5.9,5,6.4,6,4.2,5,1.9,4,2.2,4,10.1,6,8.1,7,6.4,6,4.9,6,3.7,4,2.1,4,8.3,6,7.2,4,6.1,4,0.4,2.0,9.9,5,6.4,1,3.1,3,7.5,6,10.1,6,8.1,4,7.1,4,7.8,4,6.2,5,8.3,4,9.0,5
2016-01-23 23:00:00,6.4,6,6.2,6,5.2,6,8.2,7,3.3,5,11.8,6,10.1,6,10.2,6,6.3,6,6.2,5,6.7,6,4.1,5,1.8,4,2.0,4,10.1,6,8.0,6,6.2,6,4.6,6,3.4,5,1.9,4,8.0,6,6.8,4,5.8,4,0.0,2.0,9.6,5,5.9,1,2.6,2,7.1,6,9.4,6,7.7,4,6.7,4,7.4,4,5.7,5,8.0,4,8.6,5
2016-01-24 00:00:00,6.5,6,6.1,6,5.1,6,8.2,7,3.2,5,11.7,6,10.0,6,10.1,6,6.5,5,6.3,5,6.9,6,4.0,6,1.8,4,1.9,4,10.0,6,7.9,6,6.0,6,4.5,6,3.0,5,1.8,4,7.6,6,6.4,5,5.5,4,-0.2,3.0,9.3,5,5.5,2,2.3,2,6.8,6,8.7,5,7.4,4,6.4,4,7.1,4,5.3,5,7.7,4,8.2,5
2016-01-24 01:00:00,6.6,6,6.0,6,4.9,6,8.1,7,3.2,6,11.7,6,10.0,6,9.9,6,6.4,5,6.2,5,6.8,5,3.9,6,1.9,4,1.8,4,9.7,6,7.6,6,5.6,6,4.5,6,2.7,6,1.7,4,7.1,6,5.9,5,5.5,5,-0.3,3.0,8.8,5,5.1,3,2.2,3,6.5,5,8.0,5,7.0,4,6.0,4,6.8,4,4.9,5,7.4,4,7.7,5
2016-01-24 02:00:00,6.8,7,6.0,6,4.9,6,7.9,7,3.1,6,11.6,6,9.9,6,9.7,6,6.1,5,5.9,5,6.5,5,3.9,6,2.0,5,1.8,5,9.4,6,7.3,6,5.2,6,4.5,6,2.5,6,1.6,5,6.7,6,5.5,5,5.5,5,-0.2,4.0,8.3,5,4.7,4,2.1,4,6.3,5,7.4,5,6.7,4,5.7,5,6.6,5,4.6,5,7.1,5,7.3,5
2016-01-24 03:00:00,6.4,7,5.9,7,4.7,6,7.9,7,3.1,6,12.4,6,10.9,5,9.7,6,5.2,6,4.7,6,5.8,6,2.6,6,0.7,5,0.3,3,8.9,6,6.7,7,4.2,5,3.3,5,1.2,7,0.2,3,6.8,5,4.2,3,4.3,5,-0.5,3.0,7.1,4,4.5,3,2.1,2,6.6,3,6.3,6,5.5,4,5.0,2,5.3,2,5.2,3,7.3,5,7.6,2
2016-01-24 04:00:00,6.7,7,6.1,7,4.9,6,8.2,6,3.0,6,12.4,6,10.8,5,9.8,6,5.2,6,4.7,6,5.9,6,2.6,6,0.8,5,0.3,2,8.9,6,6.8,7,4.2,5,3.6,4,1.3,7,0.1,3,6.8,5,4.4,4,4.4,6,-0.2,4.0,7.1,4,4.0,3,1.9,2,6.4,4,5.7,6,4.8,3,4.3,2,4.9,2,4.8,3,7.2,5,7.2,2
2016-01-24 05:00:00,6.9,7,6.3,6,5.2,6,8.6,6,2.9,6,12.3,6,10.8,6,9.8,6,5.2,6,4.8,6,5.9,6,2.6,6,0.8,4,0.3,2,8.9,6,6.9,6,4.2,4,3.8,4,1.5,6,-0.1,4,6.8,5,4.7,3,4.6,5,0.0,5.0,7.3,5,3.7,3,1.7,2,6.3,4,5.3,6,4.3,3,3.8,2,4.8,2,4.4,4,7.2,5,6.9,2
2016-01-24 06:00:00,7.1,7,6.4,6,5.2,6,9.0,6,2.8,6,12.2,6,10.7,6,9.9,6,5.3,6,4.9,5,6.0,5,2.6,6,0.8,4,0.4,3,8.9,6,7.0,6,4.3,5,4.1,4,1.6,6,0.0,4,6.9,4,5.1,3,4.7,5,0.2,5.0,7.6,5,3.7,3,1.8,1,6.6,4,5.3,6,4.3,3,4.0,2,5.2,3,4.3,4,7.3,5,6.9,2
2016-01-24 07:00:00,7.2,7,6.4,6,5.0,6,9.3,6,2.9,6,12.1,6,10.7,6,9.9,6,5.4,6,5.0,6,6.1,6,2.7,6,0.8,4,0.4,3,8.9,6,7.0,7,4.6,5,4.6,5,1.7,7,0.3,4,7.3,4,5.5,3,4.8,5,0.2,6.0,8.1,5,4.3,3,2.4,2,7.3,4,5.8,6,5.0,3,5.0,2,6.1,3,4.6,4,7.5,5,7.3,2
2016-01-24 08:00:00,7.3,7,6.5,7,4.8,7,9.6,6,3.2,6,12.1,6,10.9,6,10.0,7,5.6,7,5.3,6,6.3,6,3.0,6,0.9,4,0.6,4,9.1,6,7.2,7,5.3,6,5.4,6,1.8,7,0.9,4,7.9,4,6.2,4,5.1,5,0.3,6.0,8.8,4,5.3,3,3.6,2,8.6,3,6.8,6,6.3,2,6.5,2,7.3,4,5.4,5,7.9,5,8.2,3
2016-01-24 09:00:00,7.6,7,6.9,7,4.8,7,10.0,7,3.6,6,12.2,7,11.3,7,10.3,7,6.0,7,5.8,7,6.7,7,3.6,6,1.3,5,1.0,4,9.7,7,7.7,7,6.2,7,6.3,6,2.1,7,1.8,4,8.7,4,7.3,4,5.5,5,0.9,7.0,9.9,4,6.7,2,5.1,2,10.5,2,8.3,5,7.8,1,8.3,1,8.6,4,6.7,5,8.7,5,9.4,3
2016-01-24 10:00:00,8.2,7,7.7,7,5.3,7,10.6,7,4.2,7,12.5,7,11.9,7,11.0,7,6.7,7,6.6,7,7.4,7,4.6,7,2.2,5,1.8,3,10.7,7,8.7,7,7.5,7,7.4,6,2.6,7,2.9,4,9.8,4,9.0,4,6.2,5,2.3,6.0,11.6,3,8.2,2,6.8,2,12.9,2,10.2,5,9.3,1,10.0,1,9.8,4,8.4,5,9.9,5,11.0,2
2016-01-24 11:00:00,8.9,7,8.8,7,6.1,7,11.3,7,4.9,7,13.0,6,12.7,7,11.9,7,7.6,7,7.5,7,8.3,7,5.7,7,3.3,5,2.7,3,11.8,7,9.9,7,8.9,6,8.5,6,3.3,6,4.0,5,10.9,4,10.9,4,7.1,5,4.0,6.0,13.4,3,9.8,2,8.6,2,15.4,3,12.2,5,10.7,1,11.5,1,10.8,3,10.2,5,11.2,4,12.6,2
2016-01-24 12:00:00,9.6,7,9.7,7,7.0,7,12.0,7,5.5,7,13.5,6,13.3,6,12.7,7,8.4,7,8.3,7,9.0,7,6.8,7,4.3,5,3.6,3,12.8,6,11.1,7,10.1,5,9.5,5,4.1,6,4.9,5,12.0,3,12.7,4,8.0,5,5.5,5.0,15.0,2,11.2,2,10.2,2,17.3,3,14.0,4,11.7,1,12.7,2,11.6,3,11.9,5,12.4,3,13.8,2
2016-01-24 13:00:00,10.0,7,10.2,7,7.7,7,12.5,7,6.0,7,13.9,6,13.7,6,13.2,6,8.9,7,8.9,7,9.5,7,7.5,7,4.8,6,4.2,4,13.3,6,12.0,7,11.0,5,10.3,5,4.9,6,5.4,4,12.9,3,13.9,4,8.7,4,6.2,4.0,15.9,2,12.4,2,11.5,2,18.1,2,15.2,3,12.2,1,13.5,2,12.3,2,13.1,5,13.1,3,14.4,1
2016-01-24 14:00:00,10.2,7,10.3,7,8.2,7,12.6,6,6.3,7,14.1,6,13.7,5,13.4,5,9.2,6,9.2,6,9.7,6,7.8,7,4.9,6,4.5,5,13.4,6,12.5,7,11.4,5,10.7,5,5.6,7,5.5,4,13.4,3,14.4,3,9.2,3,6.2,4.0,16.3,2,13.1,3,12.2,2,17.9,2,15.8,2,12.3,1,13.8,2,12.7,2,13.7,4,13.2,3,14.4,1
2016-01-24 15:00:00,10.6,7,10.2,7,8.9,7,11.6,7,6.9,7,13.5,7,13.1,5,12.2,6,9.1,7,9.3,7,9.7,7,7.8,5,5.4,7,3.7,6,12.3,5,11.4,4,10.6,2,10.2,2,6.3,4,4.9,4,12.5,1,13.9,1,9.8,3,6.1,2.0,15.4,4,12.3,2,11.1,1,16.6,2,15.0,3,10.9,4,12.0,2,12.6,5,13.4,4,12.9,3,12.9,5
2016-01-24 16:00:00,10.5,7,9.9,6,8.5,6,11.0,7,6.6,7,13.0,7,12.5,5,11.8,6,8.8,6,8.9,6,9.3,6,7.1,5,5.0,7,3.5,6,11.7,5,10.9,4,9.9,2,9.4,2,6.1,5,4.4,4,12.0,1,12.6,1,9.6,3,4.8,2.0,15.0,4,11.5,2,9.8,2,14.9,2,14.0,3,10.4,3,11.3,2,12.1,5,12.3,4,12.2,4,12.3,5
2016-01-24 17:00:00,10.3,6,9.5,6,8.1,6,10.2,6,6.1,6,12.4,7,11.7,6,11.2,5,8.3,6,8.3,6,9.0,6,6.2,5,4.3,6,3.4,6,10.9,5,10.1,4,8.8,2,8.2,3,5.5,5,3.8,3,11.1,2,10.7,1,9.1,4,3.5,3.0,14.2,4,10.2,3,8.0,3,12.9,2,12.9,3,9.8,3,10.4,2,11.3,4,11.0,4,11.4,4,11.6,5
2016-01-24 18:00:00,10.0,6,9.1,6,7.7,6,9.4,6,5.7,6,11.8,7,11.0,6,10.6,5,7.7,6,7.7,6,8.6,6,5.2,4,3.6,6,3.2,6,10.3,5,9.2,4,7.7,2,6.8,2,5.0,4,3.2,3,10.3,2,9.0,1,8.5,5,2.5,3.0,13.4,4,8.9,3,6.4,4,11.1,2,11.9,3,9.2,3,9.3,2,10.5,4,9.8,4,10.7,5,10.9,5
2016-01-24 19:00:00,9.7,6,8.7,6,7.5,6,8.8,6,5.5,5,11.5,6,10.5,6,10.3,6,7.1,6,7.1,5,8.2,5,4.5,4,3.2,5,3.1,6,10.0,5,8.5,4,7.0,2,5.6,2,4.7,4,2.8,3,9.8,2,8.0,2,7.9,5,2.0,2.0,12.6,4,7.9,4,5.4,4,9.7,2,11.3,3,8.7,4,8.4,3,9.8,4,9.1,4,10.4,5,10.4,4
2016-01-24 20:00:00,9.5,7,8.3,6,7.6,6,8.4,6,5.4,4,11.3,6,10.1,6,10.1,6,6.7,5,6.7,4,7.9,4,4.1,3,3.0,5,3.1,6,9.8,5,8.1,4,6.7,2,4.6,2,4.5,3,2.7,3,9.5,2,7.5,2,7.4,5,1.8,2.0,12.0,5,7.1,4,4.9,4,8.8,2,10.9,3,8.3,4,7.7,4,9.1,4,8.9,4,10.3,5,10.1,4
2016-01-24 21:00:00,9.3,7,8.1,6,7.5,6,8.1,6,5.2,3,11.1,6,9.8,6,9.8,6,6.4,5,6.3,4,7.6,4,3.9,2,3.1,4,3.1,6,9.6,5,7.7,4,6.3,2,4.1,2,4.3,3,2.7,3,9.1,2,7.1,2,6.8,4,1.5,2.0,11.4,5,6.6,4,4.4,4,8.1,2,10.6,3,8.2,4,7.2,4,8.7,4,8.4,5,9.9,5,9.9,4
2016-01-24 22:00:00,9.1,7,7.8,6,7.4,6,7.8,5,5.1,3,11.1,6,9.7,6,9.5,6,6.4,4,6.1,3,7.3,4,3.9,1,3.3,4,3.1,5,9.4,5,7.4,4,5.8,2,4.0,2,4.1,3,2.8,4,8.7,2,6.7,1,6.1,4,1.3,2.0,10.9,5,6.2,5,4.1,4,7.6,3,10.4,3,8.0,4,6.9,4,8.4,5,7.9,5,9.5,5,9.6,4
2016-01-24 23:00:00,8.9,7,7.6,6,7.2,6,7.7,5,4.9,2,11.0,6,9.6,6,9.2,6,6.3,4,5.9,3,7.1,4,4.0,1,3.6,3,3.1,4,9.2,6,7.2,4,5.3,2,4.1,2,3.8,3,3.0,4,8.3,3,6.3,1,5.5,4,1.0,2.0,10.6,4,5.9,5,3.8,5,7.2,3,10.3,3,7.9,4,6.8,4,8.3,5,7.4,5,9.1,5,9.4,4
2016-01-25 00:00:00,8.7,7,7.4,6,7.0,6,7.5,6,4.6,3,11.0,6,9.5,6,9.0,6,6.2,4,5.7,3,6.8,4,4.1,1,3.6,3,2.9,3,9.1,6,7.0,5,4.8,3,4.3,3,3.5,4,3.0,4,7.9,3,5.8,1,5.2,3,0.8,2.0,10.3,4,5.9,5,3.6,5,7.0,4,10.3,4,7.9,4,6.9,4,8.2,6,6.9,5,8.6,5,9.2,4
2016-01-25 01:00:00,8.6,7,7.1,6,6.8,6,7.4,6,4.2,3,11.1,6,9.5,6,8.9,6,5.9,4,5.4,4,6.6,5,3.9,3,3.2,4,2.5,3,9.1,6,6.9,5,4.5,3,4.3,4,3.2,4,2.8,5,7.7,4,5.4,1,5.2,3,0.7,2.0,10.1,4,6.0,5,3.5,5,6.9,4,10.3,4,7.9,4,7.0,4,8.1,5,6.3,5,8.2,5,9.1,4
2016-01-25 02:00:00,8.4,7,6.8,6,6.5,6,7.3,6,3.7,4,11.2,6,9.6,6,8.9,6,5.5,4,5.0,4,6.3,5,3.7,5,2.7,4,2.0,5,9.0,6,6.8,5,4.3,4,4.1,5,2.8,4,2.4,5,7.5,4,5.1,1,5.5,3,0.7,2.0,10.0,5,6.1,5,3.4,5,6.9,4,10.2,4,8.0,4,7.0,4,8.1,5,5.7,5,7.8,5,9.0,5
2016-01-25 03:00:00,8.6,6,7.7,3,7.2,6,7.5,5,3.3,4,11.6,7,9.6,5,8.5,6,5.2,5,4.2,5,5.9,5,1.8,1,2.7,1,1.9,2,8.5,6,5.9,4,3.2,2,2.5,1,1.4,1,1.8,1,7.2,2,3.9,1,5.2,1,-0.8,1.0,9.1,4,6.8,3,3.2,1,7.9,2,9.5,4,9.2,6,8.1,6,9.2,6,5.7,3,8.0,3,10.0,5
2016-01-25 04:00:00,8.4,5,7.3,3,6.9,6,7.4,5,2.8,3,11.6,7,9.5,6,8.2,6,4.9,5,3.8,5,5.5,4,1.2,2,2.5,1,1.5,2,8.3,6,5.8,5,2.9,2,2.2,1,1.3,1,1.4,2,7.2,2,4.1,1,5.1,1,-0.8,1.0,9.0,5,6.6,3,3.1,1,7.8,3,9.2,4,9.3,5,7.9,6,9.1,5,5.5,2,7.8,3,9.9,5
2016-01-25 05:00:00,8.3,5,6.9,4,6.7,6,7.4,6,2.5,3,11.6,7,9.4,6,8.0,6,4.7,4,3.4,4,5.3,4,0.8,2,2.2,1,1.2,2,8.1,6,5.7,5,2.8,2,2.0,1,1.3,1,1.0,3,7.2,2,4.5,1,5.0,1,-0.6,2.0,9.0,5,6.4,3,2.8,1,7.7,4,9.0,4,9.4,5,7.8,6,9.0,5,5.3,2,7.6,2,9.8,5
2016-01-25 06:00:00,8.2,5,6.6,4,6.5,6,7.5,6,2.6,2,11.5,7,9.3,6,7.9,6,4.6,4,3.3,4,5.2,3,0.9,3,2.1,1,1.2,2,8.1,7,5.7,5,3.0,3,2.3,2,1.4,1,1.1,4,7.4,2,5.1,2,5.2,2,-0.3,2.0,9.2,6,6.3,4,2.6,1,7.9,4,9.1,4,9.4,5,7.8,6,9.1,4,5.2,3,7.6,2,9.8,5
2016-01-25 07:00:00,8.1,4,6.5,4,6.5,6,7.7,6,3.3,2,11.4,7,9.3,6,8.0,6,4.8,4,3.7,3,5.4,3,1.8,3,2.3,2,1.6,2,8.2,7,5.9,5,3.6,3,3.3,2,1.7,1,1.8,4,7.7,3,5.9,2,5.8,2,0.2,1.0,9.6,6,6.5,4,2.8,1,8.4,4,9.6,4,9.2,6,8.1,7,9.5,5,5.4,3,7.8,3,9.8,5
2016-01-25 08:00:00,8.0,4,6.8,3,6.8,6,8.1,5,4.4,3,11.4,6,9.6,6,8.4,6,5.3,4,4.5,3,5.9,3,3.3,2,3.0,2,2.3,3,8.6,7,6.3,6,4.7,3,4.8,3,2.3,1,3.1,4,8.2,3,6.9,2,6.8,3,1.0,1.0,10.2,6,7.0,5,3.5,2,9.5,3,10.4,4,9.1,7,8.7,7,10.2,5,6.1,4,8.2,3,10.0,5
2016-01-25 09:00:00,8.2,4,7.4,2,7.3,5,8.8,5,5.7,3,11.5,6,10.1,5,9.1,6,6.2,4,5.7,3,6.8,3,5.1,2,4.1,3,3.4,3,9.4,7,7.2,6,6.2,4,6.6,3,3.4,2,4.6,3,9.0,4,8.4,3,8.0,3,2.5,1.0,11.2,6,7.9,6,4.7,2,11.2,3,11.4,5,9.3,7,9.4,7,11.0,6,7.2,5,9.1,4,10.6,5
2016-01-25 10:00:00,8.7,4,8.4,2,8.2,4,9.8,3,6.9,2,11.7,6,10.9,4,10.0,4,7.3,4,7.1,3,8.1,3,7.0,2,5.7,2,4.7,3,10.5,7,8.6,6,8.0,3,8.4,2,4.9,2,6.2,3,10.1,4,10.4,3,9.2,3,4.6,1.0,12.6,5,9.1,6,6.4,2,13.7,3,12.6,5,10.0,7,10.3,7,11.8,6,8.8,5,10.4,4,11.6,5
2016-01-25 11:00:00,9.4,4,9.5,2,9.1,2,11.0,2,7.9,2,12.0,5,11.8,4,11.1,3,8.6,5,8.4,4,9.6,4,8.8,2,7.5,2,5.9,3,11.7,7,10.1,6,9.8,3,10.1,2,6.6,3,7.7,3,11.3,4,12.5,3,10.4,3,6.9,1.0,14.1,5,10.5,6,8.2,2,16.3,3,13.7,5,11.1,7,11.1,7,12.5,7,10.6,5,11.8,4,12.8,4
2016-01-25 12:00:00,10.1,5,10.4,3,10.0,1,11.8,2,8.7,2,12.2,5,12.5,3,11.9,2,9.7,5,9.7,4,10.8,4,10.3,2,8.9,2,7.0,3,12.6,7,11.4,5,11.3,3,11.4,2,8.1,3,8.8,3,12.3,4,14.4,2,11.5,3,8.5,1.0,15.3,4,11.7,6,9.9,2,18.1,3,14.5,5,12.0,6,11.8,7,13.0,7,12.3,4,12.9,3,13.8,4
2016-01-25 13:00:00,10.5,5,10.9,3,10.6,1,12.1,3,9.2,2,12.3,6,12.7,4,12.4,2,10.5,5,10.7,4,11.4,4,11.2,3,9.6,2,7.7,3,12.9,7,12.2,5,12.3,3,12.2,3,9.0,3,9.4,3,12.8,3,15.7,2,12.3,3,9.0,1.0,16.0,4,12.6,5,11.1,2,18.6,3,14.8,5,12.6,6,12.3,7,13.4,7,13.5,3,13.5,3,14.4,4
2016-01-25 14:00:00,10.7,5,11.1,4,10.8,1,11.9,4,9.5,3,12.3,6,12.5,5,12.5,4,10.9,5,11.2,4,11.6,4,11.6,4,9.7,3,8.0,3,12.8,7,12.4,5,12.6,3,12.5,4,9.3,2,9.5,3,12.9,3,16.2,2,12.8,3,8.6,1.0,16.0,3,13.1,5,11.6,2,17.9,3,14.8,5,12.8,6,12.4,7,13.5,6,14.1,3,13.7,3,14.6,5
2016-01-25 15:00:00,10.3,6,10.1,5,9.7,4,11.8,6,9.3,4,12.4,6,12.3,6,12.7,6,10.0,5,10.3,5,10.8,5,10.7,5,8.7,2,7.2,2,13.0,5,12.2,5,11.8,5,12.2,5,8.7,3,8.3,1,13.2,3,16.3,4,12.3,3,6.9,1.0,15.8,3,13.2,5,11.6,2,17.6,4,14.7,5,12.0,6,12.3,6,13.6,5,14.5,3,13.4,3,14.1,6
2016-01-25 16:00:00,10.3,6,9.8,6,9.3,4,11.4,6,8.7,4,12.0,6,11.8,7,12.3,6,9.8,4,10.0,5,10.5,4,9.6,5,7.5,3,6.1,2,12.4,5,11.7,5,11.2,5,11.6,5,8.0,3,7.0,1,12.6,4,14.9,4,11.6,4,5.4,1.0,15.0,4,12.4,5,10.6,2,15.5,4,14.1,5,11.6,6,11.7,6,13.1,5,13.5,3,12.9,3,13.4,6
2016-01-25 17:00:00,10.2,6,9.5,6,8.8,5,10.8,7,7.9,4,11.4,5,11.1,7,11.8,6,9.4,4,9.5,5,10.1,5,8.2,5,6.0,4,4.8,3,11.8,5,11.0,5,10.3,5,10.6,5,7.0,4,5.6,1,11.7,4,13.1,4,10.6,4,4.0,1.0,13.9,4,11.3,5,9.1,3,13.1,3,13.3,5,11.1,6,11.0,6,12.4,5,12.1,3,12.1,4,12.5,5
2016-01-25 18:00:00,10.0,6,9.3,6,8.5,5,10.2,6,7.3,5,10.7,4,10.4,7,11.2,6,8.9,5,8.9,5,9.7,5,7.0,5,4.9,5,3.8,3,11.2,5,10.3,5,9.5,5,9.4,5,6.1,4,4.4,2,10.9,4,11.3,4,9.7,5,2.9,1.0,12.9,5,10.2,5,7.7,4,11.0,3,12.5,4,10.6,6,10.3,5,11.7,5,10.8,4,11.4,5,11.8,4
2016-01-25 19:00:00,9.8,5,9.2,6,8.5,6,9.6,6,7.0,5,10.0,3,9.6,6,10.7,5,8.4,5,8.3,5,9.3,5,6.3,5,4.4,6,3.5,3,10.8,5,9.8,5,8.9,5,8.3,5,5.6,4,3.7,2,10.5,4,10.2,4,9.1,5,2.4,2.0,12.1,5,9.4,5,6.6,4,9.8,3,11.8,4,10.2,6,9.8,5,11.2,5,10.0,4,10.9,5,11.4,4
2016-01-25 20:00:00,9.6,5,9.1,6,8.6,6,9.1,6,6.9,5,9.3,3,8.9,4,10.3,5,8.1,6,7.9,6,9.0,6,6.1,6,4.4,6,3.6,4,10.6,5,9.6,5,8.6,5,7.4,5,5.5,5,3.5,3,10.2,4,9.5,4,8.7,5,2.2,2.0,11.5,5,8.9,5,5.9,4,9.3,3,11.3,4,9.9,6,9.4,5,10.9,5,9.5,5,10.5,5,11.3,5
2016-01-25 21:00:00,9.4,5,9.0,6,8.6,6,8.6,5,6.7,5,9.0,3,8.2,3,9.7,4,7.9,5,7.7,6,8.8,6,5.8,6,4.4,6,3.6,4,10.1,5,9.4,5,8.2,5,7.0,5,5.3,5,3.3,4,9.9,4,9.0,4,8.3,5,2.0,2.0,11.1,5,8.5,5,5.3,4,8.8,3,10.9,4,9.7,5,9.1,5,10.6,5,9.0,5,10.2,5,11.0,4
2016-01-25 22:00:00,9.3,6,8.8,6,8.6,6,8.2,5,6.5,5,8.7,3,7.7,3,9.1,3,7.8,5,7.5,6,8.6,6,5.6,6,4.5,6,3.6,4,9.7,5,9.3,5,7.9,5,6.7,5,5.2,5,3.2,4,9.5,5,8.6,4,8.1,5,1.8,3.0,10.7,5,8.3,5,4.9,4,8.6,4,10.6,4,9.6,5,8.9,5,10.3,5,8.5,5,9.8,5,10.8,4
2016-01-25 23:00:00,9.2,6,8.6,6,8.5,6,7.8,4,6.4,5,8.6,3,7.4,3,8.4,2,7.6,5,7.4,6,8.5,6,5.4,6,4.6,6,3.7,5,9.3,5,9.1,5,7.7,5,6.5,5,5.1,5,3.3,4,9.0,5,8.3,4,8.1,5,1.8,3.0,10.3,5,8.1,5,4.7,4,8.5,4,10.4,4,9.6,5,8.7,5,10.1,5,8.2,5,9.6,4,10.5,5
2016-01-26 00:00:00,9.1,6,8.4,6,8.4,6,7.4,4,6.2,6,8.6,3,7.3,3,7.9,2,7.4,5,7.2,6,8.3,5,5.4,6,4.7,5,3.8,5,8.8,5,8.7,5,7.4,6,6.5,5,5.1,6,3.6,5,8.5,5,8.1,4,8.1,5,2.0,4.0,9.9,5,7.9,5,4.6,5,8.2,4,10.1,4,9.5,5,8.5,5,10.0,5,8.0,5,9.5,4,10.3,5
2016-01-26 01:00:00,8.9,6,8.1,6,8.2,6,7.0,4,6.0,6,8.7,4,7.2,4,7.3,3,7.1,5,6.9,5,8.2,5,5.4,6,4.9,5,4.1,5,8.4,6,8.2,6,7.1,6,6.5,5,5.1,6,3.9,5,7.9,5,7.8,5,8.2,5,2.4,4.0,9.2,5,7.7,5,4.7,5,7.9,4,9.8,4,9.5,5,8.2,5,9.9,5,7.8,5,9.4,5,10.0,5
2016-01-26 02:00:00,8.7,6,7.8,6,8.0,6,6.6,5,5.9,6,8.9,4,7.3,4,6.9,4,6.7,5,6.6,5,8.0,5,5.4,7,5.0,5,4.3,6,8.0,6,7.5,6,6.8,6,6.4,5,5.2,6,4.3,5,7.5,6,7.5,5,8.4,6,2.9,4.0,8.6,5,7.4,5,4.9,5,7.6,5,9.5,4,9.4,5,8.0,5,9.8,5,7.7,5,9.4,5,9.8,5
2016-01-26 03:00:00,8.6,6,8.2,6,7.8,6,8.1,6,5.8,5,8.6,2,7.4,4,8.1,5,7.3,6,7.0,6,8.0,6,4.9,5,4.7,5,3.7,4,9.0,5,8.1,6,6.4,6,7.2,5,4.4,5,3.3,2,7.5,6,7.4,5,7.9,5,0.6,2.0,9.9,6,7.8,7,4.7,4,9.0,5,9.9,5,9.9,6,9.2,6,9.9,6,8.0,5,8.7,4,10.6,5
2016-01-26 04:00:00,8.2,6,7.9,6,7.8,6,7.6,6,5.9,5,8.6,2,7.1,4,7.8,5,7.1,6,6.8,5,7.8,5,4.9,5,4.9,5,3.7,5,8.7,5,7.8,6,6.4,5,7.2,4,4.5,5,3.4,3,7.3,6,7.2,5,7.9,5,0.6,2.0,9.7,6,7.5,6,4.7,4,9.1,6,9.6,5,9.6,5,8.8,6,9.5,6,7.9,5,8.6,4,10.4,5
2016-01-26 05:00:00,7.8,6,7.5,7,7.7,7,7.2,6,6.0,5,8.7,3,6.9,4,7.5,5,7.0,5,6.7,5,7.7,5,5.2,5,5.0,5,3.8,5,8.2,5,7.6,6,6.6,5,7.0,4,4.7,5,3.7,4,7.1,5,7.2,5,7.9,5,0.7,3.0,9.5,6,7.2,6,4.8,5,9.1,6,9.4,6,9.5,5,8.4,6,9.4,6,7.9,5,8.5,4,10.2,6
2016-01-26 06:00:00,7.5,7,7.1,7,7.6,7,7.0,6,6.2,5,8.8,3,6.9,4,7.4,5,6.8,5,6.5,5,7.5,5,5.5,6,5.2,5,4.1,6,7.9,5,7.5,6,6.7,5,6.9,4,4.9,6,4.1,5,6.9,5,7.5,5,7.9,5,0.8,3.0,9.6,6,7.3,6,5.1,5,9.1,7,9.4,6,9.6,5,8.5,6,9.6,6,7.8,5,8.6,5,10.3,6
2016-01-26 07:00:00,7.4,7,6.9,7,7.3,7,7.3,6,6.5,5,9.0,4,7.4,4,7.6,5,6.5,5,6.3,5,7.2,5,5.7,6,5.3,6,4.6,6,8.0,5,7.6,6,6.8,5,6.9,5,5.3,6,4.7,5,6.7,6,8.2,5,8.0,5,0.9,3.0,9.9,6,8.0,6,5.6,6,9.0,7,9.6,6,9.9,5,9.2,6,10.2,6,7.6,5,8.9,5,10.9,6
2016-01-26 08:00:00,7.4,7,7.0,7,7.1,7,8.0,6,6.9,6,9.4,5,8.1,4,8.0,5,6.2,6,6.2,6,7.1,6,6.0,6,5.5,6,5.2,6,8.4,4,7.8,7,6.8,6,7.2,6,5.8,6,5.6,5,6.7,7,9.0,5,8.3,5,1.4,3.0,10.4,6,9.0,6,6.3,6,8.9,6,9.9,7,10.5,6,10.5,7,11.1,6,7.7,6,9.4,6,11.8,6
2016-01-26 09:00:00,7.6,7,7.3,7,7.2,7,8.7,6,7.3,7,9.8,6,8.9,4,8.7,5,6.3,6,6.5,6,7.2,6,6.5,7,6.0,7,5.9,6,9.1,4,8.2,7,7.0,7,7.6,7,6.4,6,6.6,5,6.9,7,9.8,5,9.0,5,2.6,3.0,11.0,6,10.3,6,7.4,6,9.4,6,10.5,7,11.3,7,11.8,7,12.0,7,8.3,6,10.3,6,12.8,6
2016-01-26 10:00:00,7.9,5,7.9,7,7.7,7,9.3,6,7.8,7,10.2,6,9.6,5,9.5,5,6.8,7,7.2,7,7.7,7,7.4,7,6.9,7,6.7,5,10.0,4,8.6,7,7.4,7,8.3,7,7.1,6,7.7,5,7.3,7,10.4,5,10.2,6,4.7,3.0,11.6,6,11.6,6,8.9,5,10.5,6,11.2,7,12.3,7,13.0,7,12.7,7,9.7,6,11.5,6,13.8,6
2016-01-26 11:00:00,8.3,4,8.7,7,8.4,7,9.9,5,8.2,7,10.7,7,10.1,5,10.3,4,7.6,7,8.1,7,8.5,7,8.5,7,8.0,7,7.5,4,11.0,3,9.1,7,7.9,7,9.0,6,7.9,6,8.7,6,7.9,7,10.9,5,11.5,6,7.0,2.0,12.3,6,12.7,6,10.5,4,11.9,6,12.0,7,13.4,6,14.1,7,13.2,7,11.6,6,12.7,5,14.8,6
2016-01-26 12:00:00,8.7,3,9.3,6,9.1,7,10.3,5,8.6,7,11.1,7,10.6,5,11.0,5,8.3,7,8.9,7,9.2,7,9.5,7,8.9,7,8.1,3,11.7,3,9.5,6,8.4,7,9.5,6,8.7,6,9.5,6,8.5,7,11.3,5,12.5,6,8.7,2.0,12.8,7,13.8,6,11.9,4,13.0,6,12.6,7,14.2,6,14.9,7,13.7,7,13.4,6,13.7,5,15.5,6
2016-01-26 13:00:00,8.9,4,9.6,6,9.6,6,10.6,5,8.9,6,11.4,7,11.0,5,11.5,5,8.8,6,9.4,6,9.7,6,10.1,6,9.3,6,8.5,4,12.0,3,9.9,5,8.8,6,9.7,5,9.4,6,9.9,6,9.0,7,11.7,5,12.9,6,9.2,2.0,13.2,7,14.7,6,12.9,3,13.5,5,13.0,7,14.7,6,15.5,7,14.2,7,14.6,6,14.2,4,15.9,6
2016-01-26 14:00:00,9.0,4,9.6,5,9.8,5,10.8,5,9.0,5,11.6,7,11.2,5,11.7,5,9.0,5,9.6,5,9.8,5,10.1,5,9.2,6,8.7,5,11.9,4,10.2,5,9.0,5,9.6,5,9.8,6,9.9,5,9.2,6,11.9,5,12.8,6,8.8,3.0,13.4,6,15.1,6,13.4,3,13.4,5,13.0,6,14.7,6,15.8,7,14.6,6,15.2,5,14.3,5,15.9,7
2016-01-26 15:00:00,9.6,5,10.3,5,10.6,5,10.8,5,9.8,5,11.8,7,11.0,6,11.6,7,9.9,6,10.3,5,10.8,6,10.0,6,8.9,5,8.6,6,11.6,6,10.6,5,9.7,4,10.0,5,9.5,5,9.6,4,9.4,5,12.5,3,12.2,4,8.2,2.0,13.8,6,14.8,5,13.9,2,13.5,2,13.2,4,14.1,5,15.1,4,14.7,5,16.3,4,14.0,3,15.0,4
2016-01-26 16:00:00,9.5,5,9.8,5,10.0,5,10.3,5,9.3,5,11.7,7,10.7,6,11.0,7,9.4,5,9.9,5,10.5,5,9.3,5,8.3,5,8.3,5,11.0,6,10.1,5,9.1,4,9.4,5,8.8,5,8.8,3,8.9,5,11.6,3,11.5,3,6.9,2.0,13.1,5,13.6,4,12.6,3,12.4,2,12.8,4,13.3,5,14.0,4,14.1,4,14.9,4,13.5,4,14.1,4
2016-01-26 17:00:00,9.4,6,9.4,5,9.2,5,9.6,6,8.6,5,11.5,7,10.2,6,10.4,6,8.8,4,9.4,4,10.0,4,8.5,5,7.6,5,7.8,5,10.4,5,9.5,5,8.4,5,8.7,6,7.9,5,7.7,3,8.3,5,10.5,3,10.7,3,5.4,2.0,12.3,5,11.9,4,10.8,4,11.1,1,12.3,4,12.3,5,12.4,3,13.1,4,13.0,3,12.7,5,12.9,4
2016-01-26 18:00:00,9.3,6,9.0,5,8.5,5,9.0,6,8.1,5,11.3,7,9.9,6,9.9,6,8.3,4,8.9,5,9.6,4,7.8,5,7.0,5,7.2,4,9.9,5,9.0,5,7.8,5,7.9,6,7.1,4,6.7,2,7.8,4,9.3,3,9.8,3,4.2,2.0,11.4,5,10.3,3,8.9,4,9.8,2,11.7,4,11.3,5,10.9,3,12.0,5,11.1,3,12.1,5,11.7,3
2016-01-26 19:00:00,9.3,6,8.9,6,8.2,5,8.8,6,7.8,5,11.2,6,9.8,6,9.8,6,8.0,5,8.5,5,9.3,5,7.3,5,6.6,5,6.7,4,9.7,5,8.8,5,7.4,4,7.2,5,6.5,4,5.9,3,7.6,4,8.4,3,9.0,3,3.5,3.0,10.7,5,9.1,3,7.4,5,8.8,2,11.1,4,10.5,5,9.8,3,11.1,5,9.9,4,11.7,5,10.8,3
2016-01-26 20:00:00,9.3,6,8.9,6,8.2,5,8.8,6,7.7,5,11.2,6,9.9,6,10.0,6,8.0,6,8.3,6,9.0,6,7.0,5,6.4,4,6.2,4,9.6,6,8.8,5,7.3,4,6.5,5,6.1,4,5.3,4,7.5,4,7.8,3,8.4,3,3.1,3.0,10.3,5,8.4,4,6.4,4,8.1,2,10.4,4,9.9,5,9.2,4,10.4,5,9.2,4,11.4,5,10.2,3
2016-01-26 21:00:00,9.3,6,8.8,6,8.3,5,8.7,6,7.5,5,11.3,6,10.0,6,10.1,6,7.9,6,8.1,6,8.8,6,6.7,5,6.1,4,5.9,4,9.5,6,8.7,6,7.0,4,6.1,5,5.7,4,4.9,4,7.3,4,7.1,3,7.8,3,2.7,4.0,9.8,5,7.7,4,5.4,4,7.5,3,9.8,4,9.3,5,8.6,4,9.9,5,8.4,4,11.0,5,9.7,3
2016-01-26 22:00:00,9.3,6,8.8,6,8.4,6,8.8,6,7.3,5,11.4,6,10.1,6,10.1,6,8.0,6,8.0,6,8.6,6,6.5,5,5.9,4,5.6,4,9.5,6,8.6,6,6.7,4,5.8,5,5.2,5,4.7,4,7.0,4,6.6,3,7.3,4,2.3,4.0,9.4,5,7.2,4,4.7,4,7.0,3,9.2,5,8.9,5,8.1,4,9.4,5,7.7,4,10.6,4,9.4,3
2016-01-26 23:00:00,9.3,6,8.8,6,8.5,6,8.9,6,7.2,5,11.5,6,10.2,6,9.9,6,8.0,6,7.9,6,8.5,6,6.4,5,5.7,5,5.4,5,9.5,6,8.5,6,6.4,4,5.5,4,4.9,5,4.5,4,6.8,4,6.2,3,7.0,4,2.0,3.0,9.1,5,6.7,4,4.2,5,6.5,3,8.6,5,8.4,5,7.7,4,8.9,5,7.0,4,10.1,4,9.0,3
2016-01-27 00:00:00,9.3,6,8.9,6,8.5,6,9.0,6,7.0,5,11.6,6,10.3,6,9.8,6,8.0,5,7.8,5,8.5,5,6.2,5,5.6,5,5.1,5,9.6,6,8.3,6,6.2,4,5.4,4,4.6,5,4.4,5,6.5,4,5.9,3,6.8,4,1.9,3.0,8.6,5,6.2,4,3.8,5,6.2,4,7.9,5,8.0,5,7.3,4,8.4,5,6.5,4,9.7,4,8.7,3
2016-01-27 01:00:00,9.5,7,9.0,6,8.5,6,9.1,6,6.9,5,11.6,6,10.4,6,9.8,6,7.9,5,7.8,5,8.5,5,6.1,5,5.4,5,5.0,5,9.7,6,8.1,6,5.9,5,5.3,5,4.3,5,4.4,5,6.2,4,5.6,4,6.8,4,1.9,4.0,8.2,5,5.8,5,3.6,5,5.8,4,7.3,5,7.5,5,6.9,4,7.8,5,5.9,4,9.3,4,8.3,4
2016-01-27 02:00:00,9.7,7,9.2,6,8.6,6,9.2,6,6.8,5,11.7,6,10.4,6,10.0,6,7.9,5,7.7,5,8.6,5,5.9,5,5.3,5,4.8,5,9.9,6,8.0,6,5.6,5,5.2,5,4.2,5,4.3,5,6.1,5,5.3,4,6.8,4,2.0,4.0,7.7,5,5.4,5,3.4,5,5.5,5,6.7,4,7.1,5,6.4,4,7.3,5,5.4,4,8.9,5,7.8,4
2016-01-27 03:00:00,9.9,6,9.0,6,8.7,7,9.2,7,7.0,6,12.2,6,10.5,6,9.9,6,8.1,6,8.0,5,8.8,6,6.4,6,5.8,5,5.5,4,10.0,6,8.2,7,5.9,6,6.9,5,4.2,6,5.1,4,6.6,4,5.5,4,6.5,4,1.0,4.0,7.5,4,5.0,3,3.4,2,6.6,2,6.8,4,6.9,4,6.5,2,7.3,5,5.7,3,8.9,3,8.3,3
2016-01-27 04:00:00,10.1,6,9.3,6,9.0,7,9.4,7,7.2,6,12.3,6,10.6,7,10.2,6,8.2,6,8.3,5,9.0,6,6.5,6,5.9,5,5.4,4,10.1,6,8.3,6,5.9,6,6.8,5,4.2,6,4.6,4,6.5,4,5.4,4,6.3,4,0.8,4.0,7.3,4,4.4,2,3.2,2,6.3,2,6.5,4,6.4,4,6.1,2,6.9,4,5.4,4,8.7,3,8.1,3
2016-01-27 05:00:00,10.3,7,9.6,7,9.3,7,9.8,7,7.4,6,12.3,6,10.7,7,10.5,6,8.3,6,8.5,5,9.1,6,6.6,6,6.1,5,5.3,3,10.2,6,8.5,6,5.9,6,6.6,6,4.3,6,4.1,5,6.4,4,5.5,4,6.1,3,0.7,4.0,7.2,4,4.0,2,3.1,2,6.2,3,6.5,3,6.0,4,5.8,2,6.7,3,5.1,4,8.5,3,8.1,3
2016-01-27 06:00:00,10.4,7,9.9,7,9.6,6,10.1,7,7.7,6,12.2,6,10.8,7,10.7,6,8.3,6,8.7,6,9.2,6,6.7,6,6.1,5,5.5,4,10.3,7,8.8,6,6.1,6,6.5,6,4.4,6,4.0,5,6.4,4,5.9,4,6.2,3,0.8,4.0,7.3,4,4.1,2,3.2,3,6.4,4,6.6,3,5.9,4,5.9,3,6.9,3,5.1,4,8.5,3,8.2,3
2016-01-27 07:00:00,10.4,7,10.1,7,9.7,7,10.4,7,8.0,6,12.0,6,10.8,7,10.7,7,8.3,6,8.7,6,9.2,6,6.9,6,6.1,5,5.9,5,10.3,7,9.1,6,6.4,6,6.7,7,4.5,6,4.6,5,6.5,5,6.6,4,6.6,3,1.3,3.0,7.6,5,4.8,3,3.8,3,7.1,4,7.0,3,6.4,5,6.7,3,7.6,3,5.5,5,8.8,4,8.5,4
2016-01-27 08:00:00,10.3,7,10.2,7,9.8,7,10.7,7,8.3,7,11.9,7,10.8,7,10.7,7,8.3,6,8.8,6,9.3,7,7.2,6,6.2,6,6.6,6,10.4,7,9.3,7,6.9,5,7.1,7,4.7,6,5.7,6,6.8,5,7.6,4,7.4,3,2.3,3.0,8.1,6,6.1,3,4.9,4,8.4,3,7.7,4,7.2,5,7.9,4,8.7,5,6.4,5,9.3,5,9.1,5
2016-01-27 09:00:00,10.3,7,10.5,7,10.1,7,11.0,7,8.7,7,11.8,7,11.0,7,10.8,7,8.5,7,9.0,7,9.6,7,7.7,7,6.7,7,7.4,7,10.6,7,9.6,7,7.6,5,7.8,6,5.2,6,7.0,5,7.3,5,8.9,4,8.4,3,3.8,2.0,9.0,6,7.8,3,6.6,4,10.3,2,8.7,4,8.4,6,9.3,4,10.0,6,7.8,5,10.1,6,10.2,5
2016-01-27 10:00:00,10.5,7,11.0,7,10.7,7,11.4,7,9.1,7,11.9,7,11.4,7,11.1,7,8.9,7,9.5,7,10.1,7,8.5,7,7.6,6,8.3,6,11.0,7,10.0,7,8.5,5,8.8,5,6.0,6,8.4,4,8.1,5,10.5,4,9.6,4,5.9,2.0,10.3,5,9.6,3,8.7,4,12.8,2,10.1,4,9.7,6,10.7,4,11.2,5,9.7,4,11.1,6,11.8,4
2016-01-27 11:00:00,10.7,7,11.7,7,11.4,7,11.8,7,9.6,7,12.1,7,11.9,7,11.5,7,9.5,7,10.2,7,10.8,7,9.5,7,8.7,6,9.1,4,11.6,7,10.4,6,9.5,5,9.8,3,7.1,6,9.6,3,9.1,4,12.1,4,10.9,4,8.0,2.0,11.8,4,11.4,2,11.0,4,15.4,2,11.7,4,10.8,5,11.9,4,12.3,4,11.8,4,12.2,5,13.5,3
2016-01-27 12:00:00,11.0,7,12.2,7,12.0,7,12.2,7,10.1,7,12.3,7,12.3,7,12.0,7,10.1,7,10.8,7,11.4,7,10.4,7,9.7,6,9.8,3,12.1,7,10.8,6,10.4,5,10.7,3,8.2,6,10.5,2,10.1,3,13.5,4,12.0,4,9.7,2.0,13.1,2,12.8,2,13.1,3,17.3,2,13.2,4,11.8,4,12.9,3,13.1,3,13.8,3,13.1,4,14.7,3
2016-01-27 13:00:00,11.2,7,12.4,7,12.4,7,12.4,7,10.5,7,12.5,7,12.6,7,12.5,7,10.6,7,11.3,7,11.8,7,11.1,7,10.2,6,10.1,3,12.5,7,11.2,6,11.0,5,11.3,3,9.2,6,10.9,3,11.1,3,14.5,3,12.8,4,10.4,2.0,14.1,2,13.8,2,14.6,2,18.1,2,14.3,3,12.4,4,13.5,3,13.5,3,15.3,2,13.6,4,15.0,3
2016-01-27 14:00:00,11.4,7,12.4,7,12.5,7,12.4,6,10.8,7,12.7,7,12.6,7,12.8,7,10.9,7,11.5,7,12.1,7,11.5,7,10.2,6,10.1,4,12.7,7,11.4,6,11.3,6,11.6,5,9.8,6,10.8,4,11.8,2,15.0,2,13.2,4,10.2,2.0,14.6,2,14.1,2,15.3,2,17.9,2,14.8,3,12.6,4,13.7,4,13.6,3,16.0,2,13.6,3,14.6,4
2016-01-27 15:00:00,11.3,7,12.3,7,12.3,7,12.4,7,11.3,7,12.3,7,12.1,7,13.0,7,11.5,7,11.7,7,12.4,7,11.6,6,10.4,7,10.0,6,13.3,7,11.9,7,11.2,7,11.6,7,10.0,6,11.0,4,11.6,6,14.5,3,13.6,6,8.9,4.0,14.6,5,14.1,6,14.7,5,16.2,2,14.6,4,12.1,6,13.9,6,14.0,4,15.7,4,13.2,4,13.8,5
2016-01-27 16:00:00,11.2,7,12.0,7,12.0,7,12.0,7,11.0,7,12.2,7,11.8,7,12.8,7,11.2,6,11.4,7,12.2,7,10.9,6,9.8,6,9.5,6,12.9,7,11.6,7,10.8,6,11.1,6,9.4,6,9.9,4,11.3,6,13.6,4,13.1,6,7.3,5.0,14.3,5,13.3,6,12.9,4,14.4,2,13.9,4,11.6,6,13.0,5,13.3,4,14.2,4,12.6,4,13.1,5
2016-01-27 17:00:00,11.0,7,11.5,7,11.6,7,11.4,7,10.6,6,12.1,7,11.3,7,12.4,7,10.8,6,11.0,6,11.9,6,10.1,5,9.1,6,9.0,6,12.2,7,11.2,6,10.3,5,10.3,5,8.5,5,8.6,4,10.8,5,12.3,5,12.3,6,5.8,5.0,13.6,5,12.0,5,10.5,3,12.3,2,12.9,4,10.9,6,11.7,4,12.4,4,12.1,3,11.9,5,12.4,4
2016-01-27 18:00:00,10.8,7,11.1,7,11.2,6,10.8,7,10.2,6,11.8,7,10.8,7,11.9,7,10.4,6,10.6,6,11.5,6,9.3,5,8.4,6,8.4,6,11.6,7,10.7,6,9.8,5,9.5,5,7.8,5,7.6,4,10.2,4,11.0,5,11.4,6,4.6,5.0,12.8,5,10.6,5,8.2,3,10.4,3,12.0,4,10.4,6,10.4,3,11.5,4,10.2,3,11.3,6,11.6,4
2016-01-27 19:00:00,10.7,6,10.8,7,10.8,6,10.2,6,10.1,6,11.3,7,10.3,7,11.4,7,10.1,6,10.2,7,11.1,6,8.8,5,8.0,6,7.9,6,11.2,6,10.4,5,9.4,5,8.8,4,7.6,5,7.0,4,9.8,4,10.1,5,10.7,6,3.9,5.0,12.0,5,9.6,5,6.6,3,9.1,3,11.2,4,10.1,5,9.6,4,10.9,4,9.1,4,11.1,6,11.0,4
2016-01-27 20:00:00,10.6,6,10.5,7,10.5,6,9.8,6,10.1,6,10.9,6,9.8,7,10.9,7,10.0,7,10.0,7,10.8,7,8.6,6,7.8,6,7.4,6,10.9,6,10.3,5,9.1,5,8.2,5,7.6,5,6.7,5,9.6,4,9.5,4,10.3,6,3.6,5.0,11.2,5,8.9,5,5.7,3,8.3,3,10.5,4,10.1,5,9.2,4,10.6,4,8.5,5,11.0,6,10.5,4
2016-01-27 21:00:00,10.5,6,10.3,7,10.4,6,9.6,6,10.1,6,10.5,6,9.5,6,10.5,6,10.0,7,9.9,7,10.6,7,8.6,6,7.7,6,7.1,6,10.6,6,10.3,6,8.9,5,7.9,5,7.3,5,6.4,5,9.3,4,9.2,4,9.9,5,3.3,5.0,10.6,5,8.4,5,5.0,3,7.9,3,10.0,4,10.0,5,8.9,5,10.3,5,8.1,5,10.8,6,10.1,4
2016-01-27 22:00:00,10.4,6,10.2,7,10.4,6,9.6,6,10.0,6,10.2,6,9.5,6,10.1,6,10.0,7,9.9,6,10.5,6,8.7,6,7.7,6,6.9,6,10.3,6,10.3,6,8.7,5,7.7,5,7.0,5,6.3,5,9.1,4,9.0,4,9.6,5,3.2,5.0,10.1,4,8.0,5,4.6,4,7.6,3,9.5,4,9.9,5,8.7,5,10.0,5,7.8,5,10.6,6,9.8,4
2016-01-27 23:00:00,10.2,6,10.0,6,10.4,6,9.6,6,9.8,6,9.9,6,9.5,6,9.8,6,10.0,6,10.0,6,10.6,6,8.7,6,7.6,6,6.8,5,10.1,6,10.2,6,8.5,5,7.5,5,6.8,5,6.2,5,8.8,4,8.8,4,9.4,5,3.2,4.0,9.7,4,7.6,5,4.5,4,7.4,3,9.2,4,9.8,5,8.5,6,9.8,5,7.7,5,10.3,5,9.5,4
2016-01-28 00:00:00,10.0,6,9.8,6,10.3,6,9.4,6,9.4,6,9.5,6,9.4,6,9.4,6,9.8,6,9.8,6,10.5,6,8.5,6,7.6,6,6.8,5,9.8,6,9.9,6,8.3,5,7.4,5,6.6,5,6.2,5,8.5,4,8.6,4,9.2,5,3.3,4.0,9.3,4,7.3,5,4.5,4,7.3,3,8.9,5,9.6,5,8.3,6,9.6,5,7.5,5,10.1,5,9.3,4
2016-01-28 01:00:00,9.7,6,9.5,6,10.0,6,8.8,6,8.7,6,9.1,6,9.0,6,8.9,6,9.4,5,9.4,5,10.3,5,8.1,6,7.5,5,6.9,5,9.6,6,9.4,6,8.0,6,7.4,5,6.4,5,6.3,5,8.0,4,8.2,3,9.1,5,3.5,4.0,9.0,5,7.1,6,4.6,4,7.3,3,8.8,5,9.5,5,8.1,6,9.5,5,7.4,5,9.9,5,9.2,4
2016-01-28 02:00:00,9.4,6,9.2,6,9.6,6,8.1,6,8.0,6,8.7,6,8.4,6,8.3,6,8.8,5,8.8,5,10.0,5,7.6,6,7.5,5,7.0,5,9.3,6,8.8,6,7.7,6,7.3,6,6.4,5,6.5,5,7.6,5,7.8,3,9.1,5,3.7,3.0,8.7,5,6.8,6,4.8,5,7.2,3,8.6,4,9.2,5,7.9,5,9.3,5,7.2,5,9.8,5,9.1,4
2016-01-28 03:00:00,7.2,4,6.7,4,7.8,6,6.7,4,7.3,7,7.4,3,6.1,2,6.7,6,7.5,6,7.9,6,8.7,6,8.1,7,8.6,6,9.0,5,8.6,6,8.2,6,8.1,6,8.6,7,8.0,6,8.5,5,7.7,6,8.6,6,9.5,5,2.4,5.0,9.7,7,8.3,6,5.2,5,8.2,5,8.6,5,9.7,6,9.4,6,10.5,6,8.6,4,10.1,4,9.8,4
2016-01-28 04:00:00,6.9,3,6.3,4,7.3,6,6.2,4,6.9,7,7.1,2,5.9,2,6.4,5,7.0,6,7.4,6,8.1,6,7.8,7,8.5,6,9.0,6,8.3,6,7.8,6,8.0,7,8.5,7,7.9,6,8.4,5,7.6,7,8.3,6,9.1,5,2.2,6.0,9.5,7,8.1,6,5.2,5,8.1,4,8.2,5,9.9,6,9.2,6,10.4,6,8.5,5,9.9,5,9.7,4
2016-01-28 05:00:00,6.6,2,6.0,3,6.8,5,5.7,3,6.8,7,6.8,2,5.7,2,6.2,4,6.6,6,7.1,6,7.7,6,7.7,7,8.4,7,9.0,6,8.1,6,7.6,6,7.9,7,8.3,7,7.7,7,8.3,6,7.6,7,8.2,6,8.8,4,2.2,6.0,9.4,7,8.0,6,5.2,5,8.0,4,8.0,5,10.1,6,9.1,6,10.4,6,8.4,5,9.6,5,9.6,4
2016-01-28 06:00:00,6.4,2,5.8,3,6.4,5,5.5,2,6.9,7,6.7,1,5.7,2,6.1,3,6.3,6,6.9,6,7.3,6,7.6,7,8.2,7,9.0,7,7.9,6,7.6,6,7.8,7,8.2,7,7.7,7,8.3,6,7.4,7,8.2,6,8.6,4,2.3,6.0,9.2,7,8.0,6,5.1,5,7.9,4,7.9,5,10.3,7,9.2,7,10.6,5,8.3,5,9.6,5,9.7,5
2016-01-28 07:00:00,6.2,1,5.9,3,6.2,4,5.7,2,7.0,6,6.9,2,6.0,2,6.2,2,6.0,6,6.7,6,7.0,6,7.4,7,8.0,7,8.9,7,7.7,5,7.6,6,7.5,7,8.1,7,7.8,7,8.3,6,7.1,7,8.4,6,8.7,5,2.7,6.0,9.0,7,8.3,7,5.1,5,8.0,5,7.9,6,10.4,7,9.6,7,11.1,5,8.2,6,9.8,6,9.9,5
2016-01-28 08:00:00,6.2,1,6.1,3,6.3,4,6.3,2,7.2,6,7.4,2,6.4,2,6.5,2,5.9,6,6.6,5,7.0,5,7.3,7,7.7,7,8.8,7,7.7,4,7.7,7,7.2,7,8.0,7,8.0,7,8.4,7,6.7,7,8.8,6,9.0,5,3.4,6.0,9.0,7,8.9,7,5.4,5,8.4,6,8.2,6,10.4,7,10.3,7,11.7,6,8.4,6,10.3,6,10.4,6
2016-01-28 09:00:00,6.3,2,6.6,3,6.6,3,7.0,2,7.4,5,8.0,3,7.0,2,7.1,2,6.0,5,6.8,5,7.2,5,7.4,6,7.6,7,8.7,7,7.9,3,7.8,7,7.1,7,8.1,7,8.2,7,8.6,7,6.7,7,9.2,7,9.5,6,4.6,6.0,9.3,7,9.9,7,6.4,5,9.3,7,9.0,7,10.8,7,11.2,7,12.4,6,9.1,6,11.0,6,11.3,5
2016-01-28 10:00:00,6.7,2,7.2,3,7.2,2,7.8,2,7.5,4,8.6,3,7.6,2,7.9,2,6.5,4,7.3,4,7.8,4,7.9,6,7.6,7,8.6,7,8.5,3,7.9,6,7.2,6,8.3,7,8.3,7,8.9,7,7.1,7,9.7,7,10.2,6,6.3,6.0,10.0,7,11.1,7,8.2,5,10.7,7,10.4,7,11.6,7,12.1,6,13.0,6,10.6,5,12.0,6,12.5,5
2016-01-28 11:00:00,7.1,3,7.8,3,7.9,2,8.4,3,7.7,3,9.0,4,8.1,2,8.6,2,7.2,3,8.0,3,8.5,3,8.5,5,7.7,7,8.6,7,9.3,3,8.1,5,7.5,6,8.5,7,8.4,7,9.2,7,7.8,7,10.1,7,11.0,7,8.2,5.0,10.9,6,12.4,6,10.4,5,12.2,6,11.9,7,12.5,7,13.0,6,13.5,6,12.4,4,13.0,5,13.9,4
2016-01-28 12:00:00,7.5,3,8.3,3,8.5,2,8.9,3,7.8,2,9.4,4,8.5,2,9.3,2,7.8,2,8.6,3,9.0,2,9.1,5,7.8,7,8.6,7,9.9,3,8.3,4,7.9,6,8.8,7,8.6,7,9.5,7,8.5,7,10.6,7,11.7,7,9.6,5.0,11.8,6,13.5,6,12.4,4,13.4,6,13.1,7,13.4,7,13.8,6,14.0,6,14.0,4,13.9,4,14.9,4
2016-01-28 13:00:00,7.7,4,8.5,3,8.7,2,9.1,4,7.9,2,9.6,4,8.7,3,9.6,3,8.1,2,8.8,3,9.1,3,9.4,5,7.9,6,8.5,7,10.1,3,8.6,4,8.2,5,9.0,6,8.9,7,9.6,7,8.9,7,11.0,7,12.1,7,10.2,6.0,12.4,6,14.1,6,13.7,5,13.9,6,13.6,7,13.9,7,14.4,7,14.5,5,15.1,3,14.5,4,15.3,4
2016-01-28 14:00:00,7.8,4,8.4,4,8.6,2,8.9,4,7.9,2,9.7,4,8.7,4,9.6,4,8.0,3,8.6,3,8.8,3,9.3,5,7.9,6,8.3,6,10.0,3,8.8,4,8.3,5,9.0,6,9.2,7,9.4,7,8.9,7,11.1,7,12.1,7,10.0,6.0,12.6,6,14.3,7,14.1,6,13.7,6,13.4,7,14.1,7,14.6,7,14.7,4,15.4,3,14.7,4,15.2,5
2016-01-28 15:00:00,7.9,3,8.2,2,8.5,3,8.5,4,8.3,3,9.8,4,8.6,3,9.5,4,7.8,5,8.4,5,8.8,5,9.4,4,8.2,5,8.7,6,10.2,2,9.0,6,8.9,5,9.4,6,9.3,7,10.0,7,9.1,6,11.5,7,11.4,7,9.0,7.0,12.7,6,14.1,7,14.0,5,12.9,7,12.9,6,14.2,6,14.4,6,14.9,5,16.0,3,14.1,4,14.5,6
2016-01-28 16:00:00,7.7,3,7.5,2,7.8,4,7.7,5,7.4,3,9.3,5,8.1,4,8.7,4,7.1,5,7.6,5,8.1,5,8.3,4,7.4,5,7.7,5,9.4,2,8.4,5,8.2,4,8.6,5,8.6,6,8.7,7,8.6,6,10.6,7,11.1,7,7.7,7.0,12.2,6,13.2,6,12.7,5,11.5,7,12.4,7,13.4,5,13.7,6,14.3,4,14.9,4,13.6,5,13.8,6
2016-01-28 17:00:00,7.5,4,6.8,2,6.9,5,6.7,5,6.2,2,8.7,5,7.6,4,7.6,4,6.2,5,6.7,5,7.3,5,6.9,3,6.4,5,6.6,5,8.5,3,7.5,5,7.2,4,7.4,4,7.6,6,7.3,7,7.9,5,9.4,7,10.5,7,6.3,7.0,11.4,5,12.0,6,10.9,5,9.9,7,11.9,7,12.4,5,12.7,6,13.3,4,13.3,4,12.8,5,13.0,6
2016-01-28 18:00:00,7.3,4,6.2,3,6.2,5,5.9,5,5.2,2,8.1,5,7.1,5,6.8,4,5.4,4,5.8,5,6.7,5,5.6,3,5.5,4,5.7,5,7.6,3,6.7,4,6.2,3,6.3,4,6.8,5,6.3,7,7.2,4,8.2,6,9.8,7,5.1,7.0,10.5,4,10.9,5,9.1,5,8.6,7,11.2,7,11.5,4,11.6,5,12.3,4,11.6,4,12.2,6,12.3,5
2016-01-28 19:00:00,7.2,5,5.9,4,5.8,5,5.5,5,4.6,2,7.8,5,6.9,5,6.4,4,4.9,5,5.2,5,6.3,5,4.6,3,4.9,4,5.1,4,6.9,3,6.0,3,5.5,2,5.4,3,6.3,5,6.1,7,6.7,4,7.4,6,9.2,7,4.4,7.0,9.8,4,10.1,5,7.7,5,8.0,7,10.6,7,10.8,5,10.6,5,11.5,4,10.4,4,11.8,5,11.8,5
2016-01-28 20:00:00,7.3,5,5.9,4,5.6,5,5.4,5,4.4,3,7.8,5,6.8,5,6.2,5,4.6,5,4.7,5,6.1,5,4.0,3,4.6,5,4.9,4,6.5,3,5.6,3,5.1,2,4.8,3,6.1,5,6.4,7,6.4,4,7.0,5,8.8,7,4.1,6.0,9.2,4,9.6,5,6.7,5,7.8,6,10.0,7,10.4,5,9.9,5,11.0,5,9.6,4,11.7,5,11.6,5
2016-01-28 21:00:00,7.3,5,5.8,5,5.4,5,5.3,5,4.0,4,7.8,5,6.7,5,5.9,5,4.2,5,4.3,5,5.7,5,3.6,3,4.4,5,4.8,4,5.9,3,5.1,2,4.7,2,4.3,4,5.9,5,6.6,7,5.9,4,6.8,5,8.5,6,4.0,6.0,8.5,4,9.0,5,6.0,5,7.8,6,9.7,6,9.9,5,9.4,5,10.5,5,8.8,4,11.3,5,11.2,5
2016-01-28 22:00:00,7.3,5,5.7,5,5.2,5,5.3,5,3.7,4,7.9,5,6.6,5,5.7,5,3.9,4,3.9,4,5.4,5,3.4,4,4.3,5,4.8,5,5.4,3,4.6,3,4.3,3,4.0,4,5.6,5,6.4,6,5.5,4,6.6,5,8.2,5,3.9,6.0,7.9,4,8.5,5,5.5,5,7.7,6,9.6,6,9.5,5,9.0,5,10.1,5,8.2,4,11.0,5,10.9,5
2016-01-28 23:00:00,7.4,5,5.7,5,5.1,5,5.3,5,3.3,4,8.0,5,6.6,5,5.4,5,3.6,4,3.5,4,5.0,4,3.2,4,4.1,5,4.7,5,5.0,3,4.1,3,4.0,3,3.7,4,5.2,5,5.9,6,5.2,4,6.4,5,8.0,4,3.9,6.0,7.4,4,8.0,5,5.2,5,7.4,6,9.4,6,9.2,5,8.6,5,9.7,5,7.6,4,10.7,5,10.5,5
2016-01-29 00:00:00,7.4,5,5.6,5,5.0,5,5.3,5,2.9,5,8.1,5,6.5,5,5.0,4,3.2,4,3.1,4,4.6,4,3.0,4,3.8,5,4.5,5,4.6,3,3.6,3,3.6,3,3.5,4,4.7,5,5.4,6,4.8,5,6.1,5,7.8,4,3.8,6.0,6.9,4,7.5,5,4.9,5,7.1,6,9.1,5,8.9,5,8.3,5,9.3,5,7.1,4,10.3,6,10.2,5
2016-01-29 01:00:00,7.4,5,5.5,5,4.9,5,5.2,5,2.5,5,8.3,5,6.4,4,4.6,4,2.9,3,2.7,3,4.1,3,2.6,5,3.4,5,4.1,5,4.2,3,3.1,4,3.2,4,3.3,5,4.0,5,4.9,6,4.6,5,5.6,5,7.6,4,3.7,6.0,6.4,4,7.0,5,4.7,5,6.8,5,8.6,5,8.6,5,8.0,5,8.9,5,6.6,4,10.0,5,9.8,5
2016-01-29 02:00:00,7.4,5,5.4,5,4.8,5,5.1,4,2.1,5,8.5,5,6.4,4,4.1,3,2.5,3,2.3,3,3.7,3,2.1,5,2.9,5,3.6,6,3.8,3,2.6,5,2.8,4,3.0,5,3.4,5,4.5,6,4.4,5,5.1,6,7.3,5,3.5,5.0,6.1,5,6.6,5,4.5,6,6.6,5,8.0,5,8.4,5,7.7,5,8.5,5,6.1,4,9.6,5,9.4,5
2016-01-29 03:00:00,8.4,6,6.3,6,6.1,5,6.0,3,3.6,6,9.1,5,6.9,5,5.2,4,3.8,5,3.5,4,4.7,4,2.5,3,2.4,4,2.6,2,3.9,3,2.6,4,2.3,4,2.6,4,2.6,3,3.6,3,2.7,3,3.9,3,6.4,5,3.4,5.0,5.4,5,7.8,3,4.8,5,6.4,4,8.2,6,8.9,3,9.0,2,9.1,5,6.8,4,10.5,5,10.6,6
2016-01-29 04:00:00,8.7,6,6.6,6,6.6,5,6.0,3,3.6,6,9.2,4,7.0,5,5.3,4,3.7,5,3.5,5,4.6,5,2.4,4,2.3,4,2.3,2,3.8,3,2.5,4,1.9,3,2.2,4,1.9,3,3.1,2,2.5,3,3.6,3,6.0,5,3.3,5.0,5.1,4,7.6,3,4.8,4,6.6,4,8.0,5,8.8,3,8.6,1,8.8,5,6.7,5,10.4,5,10.3,6
2016-01-29 05:00:00,9.0,6,7.1,5,7.1,5,6.2,3,3.7,5,9.2,4,7.2,4,5.4,4,3.6,5,3.5,5,4.6,5,2.3,5,2.2,4,2.1,2,3.7,4,2.6,5,1.5,3,1.9,4,1.4,3,2.7,2,2.3,4,3.5,4,5.6,4,3.2,4.0,5.0,4,7.6,2,4.8,4,6.8,4,7.9,4,8.9,2,8.3,1,8.7,5,6.6,5,10.3,5,10.0,5
2016-01-29 06:00:00,9.1,6,7.5,5,7.5,5,6.4,3,3.9,5,9.3,4,7.4,4,5.5,4,3.6,5,3.6,5,4.7,5,2.3,6,2.3,5,2.2,2,3.9,4,2.9,5,1.3,3,1.9,4,1.2,3,2.5,2,2.2,4,3.6,4,5.3,4,3.0,3.0,5.0,4,7.7,1,5.0,4,6.7,4,7.7,3,9.0,2,8.3,1,8.7,4,6.8,6,10.3,5,10.0,5
2016-01-29 07:00:00,9.0,6,7.8,5,7.7,5,6.9,4,4.3,5,9.4,5,7.7,5,5.8,5,3.9,5,4.0,5,4.9,5,2.5,6,2.6,5,2.7,2,4.5,5,3.3,5,1.4,3,2.2,5,1.4,3,2.7,3,2.2,4,3.9,4,5.1,5,2.6,3.0,5.2,3,8.0,1,5.4,4,6.3,4,7.5,3,9.2,1,8.7,1,8.9,4,7.4,6,10.5,6,10.4,5
2016-01-29 08:00:00,8.8,7,8.2,6,7.9,6,7.5,5,4.9,6,9.7,5,8.1,5,6.3,6,4.5,5,4.6,5,5.4,5,3.0,6,3.1,6,3.5,2,5.5,5,4.0,5,1.9,4,2.8,6,2.0,4,3.3,3,2.4,4,4.3,3,5.2,5,2.4,2.0,5.6,3,8.4,2,6.1,4,5.9,3,7.3,4,9.6,1,9.5,1,9.2,4,8.3,6,10.9,6,11.2,5
2016-01-29 09:00:00,8.8,7,8.6,7,8.2,7,8.3,5,5.6,6,10.0,6,8.7,6,7.2,7,5.3,5,5.6,6,6.2,6,3.9,6,3.9,6,4.5,2,6.7,5,4.8,5,2.7,5,3.6,7,2.9,4,4.2,4,3.0,3,4.8,3,5.4,6,2.9,2.0,6.1,2,9.0,2,7.1,4,6.0,3,7.5,4,10.3,1,10.6,1,9.8,4,9.5,7,11.6,6,12.1,4
2016-01-29 10:00:00,9.0,7,9.2,7,8.9,7,9.1,6,6.5,7,10.5,6,9.5,6,8.4,7,6.3,6,6.8,6,7.3,6,5.1,6,4.9,5,5.5,2,8.0,5,5.8,6,3.8,5,4.6,6,3.9,4,5.3,3,4.0,3,5.4,2,5.8,6,4.3,1.0,6.8,2,9.8,2,8.5,3,7.0,3,8.1,4,11.5,1,11.9,1,10.7,3,11.0,7,12.5,6,13.1,3
2016-01-29 11:00:00,9.4,7,9.9,7,9.7,7,9.9,6,7.4,7,11.0,6,10.4,7,9.6,7,7.3,6,8.0,6,8.5,6,6.5,6,6.0,4,6.5,2,9.3,5,6.8,6,5.0,5,5.6,5,4.9,4,6.3,3,5.1,2,6.0,2,6.4,6,6.1,1.0,7.6,2,10.8,2,10.1,2,8.6,3,8.8,3,12.8,1,13.2,1,11.6,3,12.5,7,13.5,6,14.1,2
2016-01-29 12:00:00,9.7,7,10.4,7,10.4,7,10.5,6,8.1,7,11.4,6,11.0,7,10.6,7,8.2,6,8.9,6,9.5,6,7.6,6,6.9,3,7.2,2,10.2,5,7.7,6,6.0,4,6.5,4,5.8,3,7.1,2,6.2,2,6.7,2,7.0,5,7.7,1.0,8.4,2,11.6,1,11.7,2,10.0,3,9.5,2,14.0,1,14.2,1,12.6,3,13.9,7,14.3,6,14.8,2
2016-01-29 13:00:00,9.9,7,10.7,7,10.8,7,10.8,6,8.5,7,11.7,6,11.2,7,11.1,7,8.7,6,9.2,6,9.9,6,8.2,4,7.3,3,7.6,2,10.6,4,8.3,6,6.7,4,7.1,4,6.5,3,7.4,2,7.0,2,7.4,1,7.5,4,8.4,1.0,9.2,2,12.2,1,13.0,2,10.8,2,9.9,2,14.7,1,14.8,1,13.4,3,14.9,6,14.7,6,15.1,1
2016-01-29 14:00:00,10.0,7,10.7,6,10.8,7,10.8,6,8.6,6,11.8,6,11.1,6,11.1,7,8.9,5,9.1,5,9.9,6,8.3,3,7.4,3,7.7,2,10.5,4,8.6,5,7.0,3,7.4,4,6.7,2,7.2,2,7.3,2,8.0,1,7.8,3,8.2,1.0,9.9,2,12.3,1,13.6,2,11.0,2,10.1,1,14.7,1,14.8,1,13.8,4,15.4,6,14.8,6,15.0,2
2016-01-29 15:00:00,10.6,6,11.1,6,11.2,7,11.0,7,8.7,7,12.1,7,11.4,6,11.3,7,8.9,5,9.1,5,9.7,5,7.9,2,7.4,3,7.4,2,10.7,4,9.0,5,7.3,2,7.2,2,6.6,3,7.5,3,7.3,5,8.2,7,7.6,6,8.3,3.0,9.8,3,12.1,7,13.7,6,9.7,5,10.1,7,14.4,6,14.4,6,13.7,6,15.4,5,14.3,6,14.4,7
2016-01-29 16:00:00,10.5,5,10.7,5,10.8,6,10.6,6,8.4,7,11.7,7,10.9,6,10.8,6,8.6,5,8.8,5,9.4,5,7.3,2,7.0,3,7.0,2,10.0,3,8.5,5,6.9,2,6.5,2,6.0,3,6.9,3,7.1,5,7.8,7,7.3,6,6.8,2.0,9.6,4,11.1,7,12.1,6,8.7,5,9.9,7,13.2,6,13.1,6,13.0,6,14.2,5,13.6,6,13.5,7
2016-01-29 17:00:00,10.3,5,10.3,5,10.3,6,10.0,6,7.9,7,11.2,6,10.2,5,10.2,5,8.2,6,8.4,6,9.1,6,6.5,2,6.3,3,6.5,2,9.3,3,7.9,5,6.3,3,5.5,2,5.3,4,6.1,3,6.6,6,7.0,7,6.9,6,5.1,2.0,9.3,4,9.9,6,9.8,6,7.5,5,9.5,7,11.8,6,11.4,6,11.9,5,12.6,5,12.8,6,12.3,6
2016-01-29 18:00:00,10.1,5,9.9,5,9.8,5,9.4,6,7.4,7,10.7,6,9.7,5,9.7,5,7.8,6,8.0,6,8.9,6,5.5,2,5.6,3,5.9,2,8.6,4,7.2,5,5.7,4,4.5,3,4.5,4,5.3,3,6.1,6,6.2,7,6.4,6,3.6,3.0,8.7,4,8.9,6,7.6,6,6.6,5,9.1,7,10.4,5,9.8,6,10.8,5,11.1,5,12.1,6,11.3,6
2016-01-29 19:00:00,9.9,5,9.7,5,9.5,5,8.9,5,6.9,7,10.5,6,9.4,6,9.4,5,7.6,7,7.6,6,8.8,7,4.6,3,5.0,3,5.2,3,8.1,4,6.7,5,5.2,4,3.8,4,3.9,4,4.6,3,5.8,6,5.6,7,6.0,6,2.8,4.0,8.0,4,8.2,6,6.1,5,6.1,4,8.6,6,9.4,5,8.7,6,9.9,5,10.2,5,11.6,6,10.5,6
2016-01-29 20:00:00,9.8,5,9.5,5,9.3,5,8.6,5,6.4,6,10.4,6,9.2,6,9.3,6,7.5,7,7.3,7,8.7,7,3.9,3,4.4,3,4.5,3,7.7,4,6.3,4,4.8,5,3.4,5,3.5,4,3.9,3,5.5,6,5.3,6,5.7,6,2.5,5.0,7.3,5,7.8,6,5.3,5,5.8,4,8.0,6,8.8,5,8.1,5,9.3,5,9.8,5,11.4,6,10.0,6
2016-01-29 21:00:00,9.7,5,9.3,5,9.0,5,8.3,5,6.0,6,10.3,6,9.0,6,9.0,6,7.1,7,6.8,7,8.3,6,3.4,3,4.0,3,4.0,2,7.4,5,5.9,4,4.3,5,3.1,5,3.0,5,3.3,3,5.1,6,5.2,6,5.4,5,2.2,6.0,6.7,5,7.1,6,4.6,5,5.7,4,7.6,6,8.2,5,7.5,5,8.9,5,9.2,5,11.1,6,9.4,5
2016-01-29 22:00:00,9.6,6,9.0,5,8.8,6,8.1,5,5.7,6,10.3,6,9.0,6,8.8,6,6.7,6,6.3,6,7.8,6,3.2,3,3.7,4,3.6,2,7.1,5,5.6,4,3.7,5,2.9,5,2.6,5,2.8,3,4.7,6,5.1,6,5.2,5,2.0,7.0,6.2,4,6.6,6,4.2,5,5.6,5,7.3,5,7.7,6,7.0,5,8.5,5,8.7,5,10.8,5,8.9,5
2016-01-29 23:00:00,9.6,6,8.9,5,8.7,6,8.0,5,5.5,6,10.4,6,8.9,6,8.6,6,6.3,6,5.9,6,7.3,6,3.3,4,3.5,4,3.2,2,6.9,5,5.4,4,3.1,5,2.7,5,2.3,5,2.5,3,4.3,6,4.9,6,5.0,5,1.9,7.0,5.8,4,6.1,6,3.9,5,5.4,5,7.0,5,7.3,6,6.6,5,8.3,5,8.2,5,10.5,5,8.5,5
2016-01-30 00:00:00,9.6,6,8.7,5,8.6,6,7.9,5,5.4,6,10.4,6,8.9,6,8.3,6,6.1,6,5.6,6,7.0,6,3.4,4,3.4,5,3.0,2,6.8,6,5.1,4,2.8,4,2.6,5,2.0,4,2.3,3,3.8,6,4.5,6,4.8,5,1.8,6.0,5.3,4,5.6,5,3.7,5,5.2,5,6.5,5,7.0,6,6.3,5,8.0,5,7.7,5,10.2,5,8.1,5
2016-01-30 01:00:00,9.6,6,8.7,5,8.7,6,7.8,5,5.3,6,10.5,6,9.0,6,8.2,6,5.9,5,5.5,5,6.9,6,3.5,4,3.5,4,2.9,3,6.8,6,4.9,4,2.6,3,2.6,5,1.8,3,2.2,3,3.4,5,4.0,5,4.7,5,1.7,5.0,4.9,4,5.2,5,3.5,5,5.0,5,6.0,5,6.7,5,6.0,5,7.8,5,7.3,5,9.8,5,7.7,5
2016-01-30 02:00:00,9.6,6,8.8,5,8.7,6,7.7,5,5.2,5,10.6,6,9.0,6,8.0,6,5.9,5,5.5,5,6.9,5,3.5,4,3.5,4,2.9,4,6.9,6,4.7,4,2.6,2,2.6,5,1.6,3,2.2,2,3.1,5,3.3,5,4.6,5,1.5,4.0,4.5,5,4.8,5,3.3,5,4.7,5,5.3,5,6.6,5,5.7,5,7.5,5,6.8,5,9.4,5,7.4,5
2016-01-30 03:00:00,9.7,6,8.7,5,8.8,6,8.2,5,5.5,5,10.9,6,9.1,5,8.3,5,6.3,5,5.7,6,6.6,6,3.0,2,2.9,4,1.7,3,7.5,5,4.6,5,2.2,4,2.2,5,0.7,5,0.7,2,3.2,5,1.8,2,3.4,5,0.1,2.0,4.2,5,5.9,6,4.3,4,5.0,5,6.0,6,7.0,6,6.8,5,8.4,5,8.2,5,10.3,4,9.2,6
2016-01-30 04:00:00,9.7,6,8.6,5,8.6,5,8.1,5,5.1,5,10.9,6,9.1,5,8.4,5,5.9,5,5.5,5,6.4,5,2.8,2,2.6,5,1.6,3,7.5,4,4.5,6,2.1,4,1.9,5,0.6,4,0.5,2,2.9,4,1.5,2,3.4,5,0.1,3.0,3.9,5,5.8,6,4.0,4,4.7,5,5.6,5,6.6,6,6.6,6,8.0,5,8.3,5,10.2,4,8.8,6
2016-01-30 05:00:00,9.7,6,8.4,6,8.4,5,8.0,5,4.9,6,10.9,6,9.0,5,8.4,5,5.5,5,5.3,5,6.2,5,2.6,2,2.4,5,1.7,3,7.4,4,4.6,6,2.0,4,1.5,5,0.5,4,0.5,3,2.5,4,1.3,2,3.5,4,0.2,3.0,3.8,4,5.7,6,3.8,4,4.5,6,5.1,5,6.2,6,6.5,6,7.7,5,8.5,5,10.1,4,8.3,6
2016-01-30 06:00:00,9.6,6,8.3,6,8.2,5,8.0,6,4.8,6,10.9,6,9.0,6,8.4,5,5.2,5,5.1,5,6.0,5,2.7,2,2.5,5,2.1,3,7.4,5,4.7,6,2.0,5,1.4,5,0.7,4,0.9,4,2.3,4,1.4,3,3.7,4,0.6,4.0,4.0,4,5.8,6,3.8,5,4.7,6,4.9,5,6.1,6,6.7,6,7.7,6,8.8,6,10.2,5,8.1,6
2016-01-30 07:00:00,9.4,7,8.2,6,8.1,6,8.2,6,5.0,6,10.9,6,9.1,6,8.5,5,5.2,6,5.0,6,6.0,6,3.1,3,3.0,6,2.8,3,7.5,5,5.0,6,2.2,5,1.8,6,1.2,5,1.7,4,2.4,4,2.1,4,4.2,4,1.2,4.0,4.6,4,6.3,6,4.2,5,5.5,5,5.3,5,6.6,6,7.3,7,8.4,6,9.1,6,10.4,5,8.5,7
2016-01-30 08:00:00,9.1,7,8.1,6,8.1,6,8.5,6,5.5,6,11.0,6,9.3,6,8.6,6,5.4,6,5.2,7,6.2,7,3.7,4,3.9,6,3.8,4,7.9,6,5.4,6,2.7,5,2.7,6,2.0,5,3.0,5,2.8,6,3.2,4,5.0,4,2.2,4.0,5.7,4,7.1,7,5.1,5,6.8,4,6.2,6,7.6,7,8.2,7,9.6,6,9.6,6,10.7,6,9.4,7
2016-01-30 09:00:00,9.0,7,8.3,6,8.3,7,8.9,7,6.1,7,11.1,7,9.7,6,9.0,6,5.9,7,5.8,7,6.7,7,4.7,5,4.9,6,5.1,5,8.6,7,6.0,7,3.5,5,3.9,7,3.0,5,4.5,5,3.6,7,4.8,4,6.1,5,3.7,4.0,7.0,5,8.2,7,6.3,5,8.6,4,7.6,6,8.8,7,9.4,7,10.8,7,10.3,6,11.3,6,10.5,7
2016-01-30 10:00:00,9.1,7,8.8,7,8.8,7,9.4,7,6.7,7,11.3,7,10.2,7,9.6,6,6.6,7,6.8,7,7.5,7,5.9,6,6.0,6,6.6,5,9.6,7,6.8,7,4.6,5,5.3,6,4.3,5,6.2,4,4.7,7,6.7,5,7.4,5,5.7,3.0,8.5,5,9.5,7,7.7,6,10.6,3,9.2,6,9.9,7,10.7,7,11.8,7,11.4,6,12.1,6,11.7,6
2016-01-30 11:00:00,9.4,7,9.4,7,9.4,7,10.0,7,7.3,7,11.6,7,10.8,7,10.4,7,7.4,7,7.9,7,8.5,7,7.1,7,7.0,7,8.1,5,10.6,7,7.7,7,5.9,5,6.6,6,5.6,4,7.8,4,6.0,7,8.6,4,8.7,5,7.8,3.0,10.0,6,10.9,7,9.3,6,12.5,3,10.8,6,10.8,6,11.9,7,12.6,7,12.6,6,12.9,6,12.7,6
2016-01-30 12:00:00,9.7,7,10.0,7,10.0,7,10.6,7,7.8,7,11.8,7,11.3,7,11.2,7,8.1,7,8.8,7,9.3,7,8.2,7,7.8,6,9.1,5,11.5,7,8.5,7,7.0,4,7.8,5,6.7,3,9.0,3,7.1,7,10.1,4,9.8,5,9.5,3.0,11.2,6,12.0,7,10.7,6,13.9,3,12.1,5,11.6,6,12.8,7,13.1,7,13.8,6,13.7,6,13.5,5
2016-01-30 13:00:00,9.9,7,10.5,7,10.4,7,11.1,7,8.3,7,12.0,7,11.7,7,11.8,7,8.7,7,9.3,7,9.8,7,8.9,7,8.2,6,9.5,4,12.0,7,9.2,6,7.8,5,8.6,5,7.5,3,9.5,2,7.8,7,11.0,4,10.6,5,10.4,3.0,12.0,6,12.7,7,11.9,6,14.5,3,12.8,4,12.1,6,13.2,7,13.4,7,14.6,6,14.2,5,13.8,5
2016-01-30 14:00:00,9.9,7,10.8,7,10.5,7,11.5,7,8.7,7,12.1,6,11.8,7,12.3,7,9.1,7,9.5,7,10.1,7,9.2,7,8.3,6,9.3,4,12.1,7,9.7,6,8.3,5,9.0,5,8.0,4,9.5,2,8.2,6,11.3,5,11.0,5,10.4,3.0,12.4,6,12.9,7,12.4,6,14.3,4,13.0,4,12.3,6,13.2,7,13.4,6,15.0,6,14.4,5,13.8,5
2016-01-30 15:00:00,9.9,7,11.0,6,10.4,6,11.1,6,9.0,7,11.7,7,11.1,6,12.2,6,9.3,7,9.5,7,10.2,7,9.3,7,8.7,7,9.2,6,12.3,6,10.2,7,8.7,7,8.9,7,8.3,7,9.5,6,8.7,7,10.9,5,11.1,2,9.6,3.0,12.9,7,12.4,4,12.3,4,13.4,3,12.6,4,12.4,2,13.1,2,13.4,4,14.6,4,13.9,2,13.2,3
2016-01-30 16:00:00,9.7,6,10.5,6,10.1,6,10.5,6,8.9,6,11.3,7,10.5,6,11.7,6,9.3,6,9.5,6,10.3,6,8.8,7,8.3,7,8.7,6,11.9,6,10.1,7,8.6,7,8.5,7,8.0,7,8.6,6,8.5,7,10.1,5,10.7,2,8.1,2.0,12.4,7,11.5,3,11.1,4,11.7,3,12.0,3,11.8,2,12.3,2,12.9,3,13.7,3,13.5,2,12.6,3
2016-01-30 17:00:00,9.4,6,9.9,6,9.7,6,9.9,6,8.6,6,10.8,7,10.0,6,11.1,6,9.3,6,9.5,6,10.3,6,8.2,7,7.7,7,8.1,6,11.5,6,9.9,7,8.4,7,8.0,7,7.5,7,7.6,6,8.1,7,9.2,5,10.1,3,6.2,2.0,11.7,7,10.4,2,9.2,4,9.7,3,11.3,3,11.0,1,11.3,1,12.1,2,12.4,2,13.0,2,11.9,3
2016-01-30 18:00:00,9.2,6,9.4,7,9.3,5,9.4,6,8.5,6,10.5,7,9.6,6,10.7,5,9.2,6,9.5,6,10.2,5,7.8,6,7.3,7,7.6,6,11.1,6,9.7,6,8.1,7,7.7,6,7.1,6,7.1,6,7.7,7,8.5,5,9.5,4,4.6,2.0,11.0,7,9.3,2,7.4,4,8.1,3,10.7,3,10.2,1,10.2,1,11.1,2,11.2,1,12.4,1,11.2,2
2016-01-30 19:00:00,9.0,5,9.2,6,8.9,5,9.3,6,8.5,6,10.6,6,9.6,6,10.7,5,9.1,6,9.5,6,10.0,6,7.8,6,7.1,7,7.3,6,10.9,6,9.6,6,8.0,7,7.8,6,6.8,6,7.2,6,7.5,7,8.3,5,9.0,4,3.6,3.0,10.6,6,8.4,2,6.0,4,7.2,3,10.2,3,9.7,2,9.2,2,10.1,2,10.4,2,11.9,1,10.6,2
2016-01-30 20:00:00,9.0,5,9.1,6,8.7,5,9.4,6,8.5,6,10.9,6,10.0,6,10.9,5,9.1,6,9.5,6,9.9,6,8.0,7,7.1,7,7.2,7,10.8,6,9.6,6,7.9,6,8.0,6,6.5,6,7.7,6,7.6,7,8.4,5,8.7,5,3.1,4.0,10.3,6,7.7,3,5.1,4,6.8,3,9.8,3,9.3,2,8.4,3,9.3,3,9.9,2,11.4,1,10.1,2
2016-01-30 21:00:00,9.0,5,8.9,6,8.5,6,9.6,6,8.5,6,11.1,6,10.4,6,11.0,5,9.1,6,9.4,6,9.7,6,8.1,7,7.2,7,7.1,7,10.8,6,9.7,6,7.9,6,8.0,6,6.5,6,7.6,7,7.6,7,8.3,5,8.6,5,2.7,4.0,10.2,6,7.0,4,4.3,4,6.5,3,9.4,3,9.1,2,7.9,3,8.8,3,9.3,3,10.9,2,9.9,2
2016-01-30 22:00:00,9.0,5,8.8,6,8.4,6,9.8,6,8.3,6,11.2,6,10.8,6,11.2,5,9.1,6,9.3,6,9.6,6,8.0,7,7.3,7,7.1,7,10.9,6,9.8,6,7.9,6,7.6,6,6.5,6,7.5,7,7.6,7,8.3,6,8.6,5,2.5,5.0,10.1,6,6.5,4,3.7,4,6.3,4,9.1,4,8.9,3,7.4,3,8.5,4,8.8,3,10.4,2,9.8,2
2016-01-30 23:00:00,9.1,6,8.8,6,8.4,6,9.9,6,8.0,6,11.4,6,11.0,6,11.2,5,9.1,6,9.1,6,9.6,6,7.8,7,7.3,7,7.1,6,11.1,6,9.9,6,7.8,6,7.2,6,6.5,6,7.5,7,7.6,6,8.3,6,8.7,5,2.5,5.0,10.0,6,6.2,4,3.4,4,6.3,4,8.8,4,8.8,3,7.2,3,8.3,4,8.3,3,10.1,2,9.6,2
2016-01-31 00:00:00,9.2,6,8.8,6,8.5,6,10.0,6,7.7,6,11.5,6,11.2,6,11.2,5,9.2,5,9.1,6,9.7,6,7.6,7,7.4,6,7.3,6,11.3,6,10.0,6,7.8,6,6.9,6,6.5,6,7.5,7,7.5,6,8.4,6,8.8,5,2.7,4.0,9.8,6,6.0,4,3.3,4,6.2,4,8.5,4,8.7,3,7.1,4,8.2,4,7.9,3,9.8,3,9.5,3
2016-01-31 01:00:00,9.3,6,9.0,6,8.6,6,10.1,6,7.6,6,11.6,6,11.1,6,11.2,5,9.3,5,9.2,5,9.8,6,7.5,6,7.4,6,7.4,6,11.4,6,10.0,6,7.9,6,7.2,6,6.7,6,7.5,7,7.5,6,8.5,5,9.0,5,2.9,4.0,9.6,6,6.0,4,3.4,5,6.2,4,8.3,4,8.7,4,7.2,4,8.3,4,7.5,4,9.6,3,9.2,3
2016-01-31 02:00:00,9.4,6,9.2,6,8.7,6,10.2,7,7.7,6,11.8,6,11.1,6,11.3,5,9.4,5,9.4,5,9.9,6,7.6,6,7.5,5,7.6,6,11.6,6,9.9,6,8.0,6,7.7,6,6.8,6,7.6,6,7.5,6,8.6,5,9.2,5,3.2,4.0,9.5,5,6.2,5,3.6,5,6.2,5,8.0,4,8.7,4,7.3,4,8.4,4,7.2,4,9.5,3,8.8,3
2016-01-31 03:00:00,7.8,5,6.8,6,6.5,6,7.4,6,5.5,7,11.7,6,8.7,6,8.5,6,7.0,6,7.3,6,7.9,6,5.7,7,5.6,7,6.0,6,10.5,6,8.8,6,7.6,6,7.1,7,6.2,7,6.2,7,7.6,7,8.4,6,9.0,7,3.8,7.0,11.3,6,7.2,6,3.6,5,8.6,6,10.4,5,10.3,5,8.8,5,9.6,5,8.6,5,10.6,5,9.5,5
2016-01-31 04:00:00,8.0,5,7.0,6,6.7,6,7.7,6,5.6,6,12.0,6,9.2,6,9.2,6,7.3,6,7.6,6,8.2,6,5.9,7,5.5,6,5.9,6,11.1,6,9.3,6,8.0,6,7.7,6,6.3,7,6.0,7,8.0,7,8.9,6,9.2,7,4.0,7.0,11.7,6,7.3,6,3.8,5,9.2,6,10.7,5,10.4,5,8.7,6,9.4,5,8.4,5,10.8,5,9.6,5
2016-01-31 05:00:00,8.2,5,7.1,6,7.0,6,8.1,6,5.9,6,12.2,6,9.7,6,9.9,6,7.6,6,8.0,6,8.6,6,6.3,7,5.5,6,6.0,7,11.7,5,9.8,6,8.4,6,8.4,6,6.5,7,6.0,7,8.4,7,9.6,6,9.4,6,4.3,6.0,12.3,6,7.4,6,4.0,5,9.7,5,11.0,6,10.7,5,8.6,6,9.4,5,8.3,5,11.0,5,9.8,5
2016-01-31 06:00:00,8.3,6,7.3,6,7.2,6,8.5,6,6.3,6,12.2,6,10.1,6,10.6,6,7.8,6,8.2,6,8.8,6,6.8,7,5.7,6,6.2,7,12.0,5,10.2,6,8.8,6,9.0,6,6.9,7,6.2,7,8.7,7,10.2,7,9.6,6,4.4,6.0,12.6,5,7.7,6,4.4,5,10.0,5,11.1,6,11.0,5,8.8,6,9.7,5,8.4,5,11.1,5,10.4,5
2016-01-31 07:00:00,8.2,6,7.4,6,7.3,6,8.9,6,6.7,6,12.2,6,10.5,6,11.0,6,7.8,6,8.1,6,8.7,6,7.3,7,6.0,7,6.6,7,12.0,5,10.3,6,9.0,6,9.4,7,7.4,7,6.6,7,8.8,7,10.4,7,9.7,7,4.3,7.0,12.6,6,8.2,6,4.9,6,10.0,6,11.1,6,11.5,5,9.3,6,10.3,6,8.8,5,11.2,5,11.3,5
2016-01-31 08:00:00,8.1,6,7.5,6,7.4,6,9.3,6,7.2,6,12.2,7,10.8,6,11.2,6,7.7,7,8.0,6,8.6,6,7.8,7,6.5,7,7.1,7,11.9,6,10.4,7,9.1,7,9.6,7,7.9,7,7.1,7,8.8,7,10.5,7,9.8,7,4.2,7.0,12.3,7,9.0,7,5.6,6,10.0,7,11.1,7,12.1,5,10.2,6,11.1,6,9.6,6,11.3,6,12.4,6
2016-01-31 09:00:00,8.1,6,7.8,6,7.7,7,9.7,7,7.7,6,12.3,7,11.2,7,11.4,6,7.8,7,8.1,7,8.7,7,8.5,7,7.3,7,7.7,7,12.0,7,10.5,7,9.3,7,9.9,7,8.4,7,7.8,7,8.9,7,10.7,7,10.1,7,4.5,7.0,12.2,7,9.9,7,6.5,7,10.3,7,11.4,7,12.8,5,11.4,6,12.0,7,10.6,6,11.8,6,13.7,6
2016-01-31 10:00:00,8.4,6,8.4,6,8.3,7,10.2,7,8.1,7,12.5,7,11.7,7,11.8,7,8.2,7,8.7,7,9.2,7,9.3,7,8.3,7,8.5,7,12.4,7,10.8,7,9.7,7,10.4,7,8.9,7,8.5,7,9.3,7,11.3,7,10.6,7,5.5,7.0,12.4,7,11.0,7,7.5,7,11.3,7,12.1,7,13.5,5,12.7,6,12.9,7,11.8,6,12.7,6,14.9,6
2016-01-31 11:00:00,8.7,6,9.1,6,9.1,7,10.7,7,8.6,7,12.7,7,12.4,7,12.3,7,8.8,7,9.7,7,10.0,7,10.3,7,9.4,7,9.2,7,13.0,7,11.3,7,10.3,7,11.1,7,9.5,7,9.2,7,9.9,7,12.1,7,11.2,7,6.9,7.0,12.8,7,12.1,7,8.6,7,12.5,7,13.0,7,14.3,6,14.1,6,13.7,6,13.1,7,13.8,5,16.1,6
2016-01-31 12:00:00,9.1,6,9.8,7,9.8,7,11.2,7,9.1,7,12.9,7,12.9,7,12.9,7,9.6,7,10.6,7,10.9,7,11.2,7,10.3,7,9.9,7,13.6,7,11.9,7,10.9,7,11.8,7,10.1,7,9.9,7,10.5,7,12.9,7,11.9,7,8.1,7.0,13.3,7,13.2,7,9.7,7,13.6,7,13.8,7,14.9,6,15.1,6,14.5,6,14.3,7,14.7,5,16.9,6
2016-01-31 13:00:00,9.3,6,10.4,7,10.3,7,11.7,7,9.7,7,13.1,7,13.3,7,13.4,7,10.3,7,11.3,7,11.6,7,12.0,7,10.8,7,10.4,7,13.9,7,12.4,7,11.5,7,12.3,7,10.7,7,10.5,7,11.0,7,13.5,7,12.6,7,8.7,7.0,13.8,7,14.1,7,10.6,7,14.2,7,14.2,7,15.4,6,15.7,6,15.1,6,15.2,7,15.1,4,17.4,6
2016-01-31 14:00:00,9.4,6,10.7,7,10.5,7,12.2,7,10.1,7,13.3,7,13.4,7,13.7,7,11.0,7,11.7,7,12.2,7,12.5,7,11.0,7,10.6,7,14.0,7,12.8,7,12.0,7,12.7,7,11.2,7,10.9,7,11.4,7,13.8,7,13.1,7,8.8,7.0,14.2,7,14.6,6,11.3,7,14.2,7,14.3,7,15.6,6,15.8,6,15.6,7,15.8,6,15.2,4,17.5,6
2016-01-31 15:00:00,10.2,7,11.5,7,10.6,7,13.2,7,11.2,7,13.8,7,13.6,7,14.2,6,11.7,7,12.3,7,12.7,7,12.9,7,11.6,7,10.5,7,14.2,7,13.3,7,12.6,7,12.7,7,11.4,7,11.5,7,11.5,7,13.5,7,12.9,7,8.5,7.0,14.6,7,13.9,6,12.5,6,13.0,7,13.7,7,15.2,5,15.3,5,15.3,4,16.3,5,15.3,4,16.4,6
2016-01-31 16:00:00,10.8,7,11.8,7,11.2,7,12.9,6,11.7,7,13.6,6,13.2,6,14.0,6,12.1,6,12.7,6,13.2,6,12.8,6,11.6,7,10.6,7,13.8,6,13.1,6,12.4,7,12.4,6,11.5,7,11.4,7,11.2,6,13.0,6,12.8,7,8.1,6.0,14.4,6,13.6,5,12.0,6,12.3,7,13.5,7,14.7,5,14.7,4,14.8,4,15.6,5,14.9,4,15.8,5
2016-01-31 17:00:00,11.4,6,12.0,6,11.9,7,12.5,5,12.0,6,13.2,5,12.8,5,13.6,5,12.4,6,13.0,6,13.6,6,12.6,6,11.3,7,10.5,6,13.2,5,12.8,6,12.1,6,11.9,5,11.3,6,11.0,7,10.7,6,12.4,5,12.5,7,7.5,6.0,14.0,5,13.0,4,11.1,5,11.4,6,13.2,6,14.0,4,13.9,3,14.2,4,14.7,4,14.4,4,15.1,4
2016-01-31 18:00:00,11.8,6,12.1,6,12.2,6,12.0,5,12.2,6,12.8,4,12.3,5,13.2,5,12.5,5,13.1,6,13.7,6,12.2,5,11.1,7,10.4,6,12.7,4,12.4,5,11.6,5,11.4,5,10.9,5,10.8,7,10.3,5,11.8,5,12.0,7,6.9,6.0,13.5,5,12.4,3,10.2,5,10.7,5,12.9,6,13.5,4,13.1,2,13.5,4,13.8,4,14.0,4,14.6,3
2016-01-31 19:00:00,11.8,6,12.1,6,12.0,6,11.6,4,12.2,5,12.4,4,12.0,4,13.0,4,12.4,6,12.8,6,13.5,6,11.9,5,11.1,7,10.4,6,12.4,4,12.2,5,11.2,5,11.2,4,10.6,5,10.9,7,10.1,4,11.5,5,11.5,7,6.4,6.0,13.2,4,11.8,4,9.4,4,10.3,5,12.7,6,13.3,4,12.5,3,13.0,4,13.3,4,13.6,4,14.3,4
2016-01-31 20:00:00,11.5,6,12.0,6,11.6,6,11.4,5,12.0,5,12.1,4,11.7,4,12.8,4,12.2,6,12.4,6,13.1,6,11.6,5,11.2,7,10.4,6,12.2,5,12.0,5,10.9,5,11.1,4,10.3,5,11.1,7,10.0,4,11.4,5,11.1,7,6.0,6.0,13.0,5,11.2,4,8.7,5,10.1,5,12.5,6,13.4,4,12.1,3,12.8,4,13.1,4,13.3,4,14.2,4
2016-01-31 21:00:00,11.5,5,11.9,6,11.6,6,11.1,5,11.8,5,12.0,4,11.6,4,12.6,4,12.1,6,12.3,6,13.0,6,11.3,6,11.1,6,10.4,6,12.0,5,11.8,5,10.7,5,10.8,4,10.1,6,11.1,7,9.9,4,11.3,5,11.2,6,5.9,6.0,12.7,5,10.8,5,8.2,5,10.0,5,12.5,6,13.2,4,11.8,4,12.7,4,12.7,4,12.9,4,13.8,4
2016-01-31 22:00:00,11.5,5,11.9,5,11.6,5,11.0,5,11.6,5,11.9,5,11.5,5,12.3,4,12.0,6,12.1,6,12.9,6,11.1,6,10.9,6,10.4,6,11.9,5,11.7,4,10.5,5,10.5,5,9.9,6,11.0,6,9.8,5,11.2,5,11.3,6,6.0,6.0,12.5,5,10.5,5,7.9,5,9.9,5,12.4,6,13.0,4,11.6,4,12.5,4,12.3,4,12.6,4,13.3,4
2016-01-31 23:00:00,11.5,5,11.8,5,11.6,5,10.8,5,11.3,5,11.8,5,11.4,5,11.9,5,11.8,5,12.0,5,12.8,5,10.9,6,10.8,6,10.4,6,11.8,5,11.5,4,10.3,6,10.2,5,9.7,5,10.8,6,9.8,5,11.1,5,11.5,6,6.2,5.0,12.3,5,10.3,5,7.6,5,9.8,5,12.4,6,12.7,4,11.4,4,12.4,4,12.0,4,12.2,4,12.9,4
2016-02-01 00:00:00,11.5,6,11.7,5,11.6,5,10.7,6,11.0,5,11.7,5,11.3,5,11.5,5,11.7,5,11.8,5,12.6,5,10.6,6,10.7,6,10.3,6,11.7,5,11.4,5,10.2,5,9.9,5,9.5,5,10.4,6,9.8,5,11.0,5,11.8,6,6.4,5.0,12.1,5,10.1,5,7.4,5,9.7,5,12.3,5,12.5,4,11.2,4,12.3,4,11.6,3,11.9,4,12.5,4
2016-02-01 01:00:00,11.5,6,11.6,5,11.6,5,10.6,6,10.8,5,11.7,6,11.1,5,11.1,5,11.5,5,11.6,5,12.5,5,10.4,6,10.6,5,10.3,6,11.6,6,11.2,5,10.1,5,9.9,5,9.4,5,10.1,6,9.8,5,10.9,5,12.0,6,6.5,5.0,11.9,5,9.8,5,7.1,5,9.6,5,12.2,5,12.4,4,10.9,4,12.3,4,11.3,4,11.6,4,12.1,4
2016-02-01 02:00:00,11.5,6,11.5,5,11.5,6,10.5,6,10.5,5,11.6,6,11.0,6,10.9,5,11.4,5,11.5,5,12.4,5,10.3,6,10.5,5,10.2,6,11.6,6,11.1,5,10.1,5,9.9,5,9.3,5,9.8,6,10.0,5,10.9,5,12.3,6,6.5,5.0,11.9,5,9.6,5,6.8,5,9.4,5,12.1,5,12.2,4,10.7,5,12.2,4,11.0,4,11.3,4,11.8,4
2016-02-01 03:00:00,11.1,5,11.1,5,11.5,5,10.6,5,10.2,5,12.3,6,11.1,6,11.0,5,11.0,5,11.3,4,11.9,4,10.4,5,10.6,5,10.7,6,11.4,4,10.5,5,10.0,5,9.7,5,9.3,5,9.6,6,8.8,5,10.0,4,11.5,4,5.8,5.0,11.4,4,10.7,4,8.4,3,9.6,3,12.0,5,13.5,2,12.4,3,13.3,2,12.4,2,11.8,4,13.6,3
2016-02-01 04:00:00,11.0,5,10.9,5,11.4,4,10.4,5,10.3,5,12.2,6,11.0,6,10.8,5,10.9,5,11.4,4,12.0,4,10.6,5,10.6,5,10.9,6,11.4,4,10.4,5,10.0,5,9.9,5,9.0,5,9.7,6,8.7,5,9.9,4,11.2,4,5.6,5.0,11.4,4,10.4,4,8.4,4,9.7,3,11.9,4,13.4,2,11.9,3,13.3,2,12.1,2,11.7,3,13.5,2
2016-02-01 05:00:00,10.8,5,10.8,4,11.4,4,10.3,5,10.6,5,12.0,5,10.9,5,10.7,5,10.9,4,11.6,4,12.1,4,10.8,5,10.7,5,11.2,5,11.5,5,10.5,5,10.1,5,10.0,5,8.9,4,10.0,6,8.7,5,10.0,4,10.9,4,5.5,5.0,11.5,4,10.2,4,8.6,4,9.8,4,11.8,4,13.4,2,11.5,3,13.4,2,11.9,2,11.6,3,13.4,2
2016-02-01 06:00:00,10.7,5,10.7,5,11.3,5,10.3,6,10.9,5,11.7,4,10.7,5,10.6,5,10.8,5,11.6,4,12.0,4,10.9,5,10.9,6,11.6,5,11.5,5,10.7,5,10.1,5,10.2,6,9.0,4,10.4,6,8.6,5,10.2,4,10.8,4,5.4,5.0,11.6,5,10.4,4,9.0,4,9.8,4,11.7,5,13.6,3,11.5,3,13.6,2,12.0,3,11.7,3,13.4,2
2016-02-01 07:00:00,10.5,5,10.6,5,11.0,5,10.3,6,11.1,6,11.5,5,10.5,5,10.6,5,10.5,5,11.3,5,11.7,5,10.9,6,11.1,6,11.9,5,11.5,6,10.8,6,10.0,5,10.3,6,9.4,4,10.8,6,8.4,5,10.6,4,11.0,5,5.3,3.0,11.8,5,11.1,4,9.9,4,9.7,4,11.7,5,13.9,2,12.1,3,14.0,2,12.5,3,11.9,3,13.6,2
2016-02-01 08:00:00,10.3,6,10.5,6,10.8,6,10.5,6,11.1,6,11.4,6,10.4,6,10.7,5,10.2,6,10.9,6,11.3,6,11.0,6,11.3,7,12.2,6,11.4,6,11.0,6,10.0,6,10.4,6,9.9,5,11.3,5,8.3,5,11.0,5,11.4,5,5.5,2.0,11.9,6,12.2,3,11.1,3,9.8,3,11.8,6,14.4,2,13.2,3,14.5,2,13.3,4,12.4,4,14.1,3
2016-02-01 09:00:00,10.3,7,10.6,7,10.7,6,10.9,6,11.2,7,11.5,7,10.6,6,11.0,5,10.1,7,10.7,7,11.2,7,11.2,7,11.6,7,12.6,6,11.6,7,11.2,6,10.0,6,10.6,7,10.5,5,11.8,5,8.5,5,11.4,4,12.1,5,6.4,2.0,12.2,6,13.4,2,12.5,2,10.3,3,12.1,7,15.1,2,14.5,2,15.2,1,14.4,4,13.1,5,14.8,3
2016-02-01 10:00:00,10.4,7,11.0,7,11.0,7,11.5,6,11.3,7,11.8,7,11.2,7,11.5,6,10.5,7,11.0,7,11.6,7,11.8,8,12.1,7,13.1,7,12.0,6,11.5,6,10.2,6,11.0,6,11.0,6,12.4,5,9.0,6,11.8,4,13.0,5,8.2,2.0,12.6,6,14.5,2,13.9,2,11.3,3,12.7,7,15.9,2,15.8,2,16.0,1,15.6,4,14.1,5,15.7,3
2016-02-01 11:00:00,10.7,7,11.6,7,11.6,7,12.1,6,11.5,7,12.2,7,12.0,7,12.2,6,11.1,7,11.7,7,12.2,7,12.5,8,12.6,7,13.5,7,12.6,6,11.8,7,10.6,6,11.6,6,11.4,6,13.0,5,9.8,6,12.2,3,13.8,6,10.4,2.0,13.0,6,15.5,1,15.2,1,12.7,3,13.4,6,16.7,2,16.8,2,16.8,1,16.9,3,15.1,5,16.7,3
2016-02-01 12:00:00,10.9,7,12.1,7,12.2,6,12.7,7,11.8,7,12.6,7,12.6,7,12.8,7,11.8,7,12.3,7,12.9,7,13.2,7,13.1,7,13.9,7,13.1,6,12.2,6,11.1,6,12.1,6,11.8,6,13.4,5,10.6,6,12.8,2,14.5,5,12.1,2.0,13.5,5,16.3,1,16.4,1,13.8,3,14.0,6,17.3,2,17.6,1,17.4,1,18.3,3,16.0,4,17.4,2
2016-02-01 13:00:00,11.1,7,12.4,7,12.7,6,13.0,7,12.2,7,12.8,7,12.9,7,13.3,7,12.3,6,12.7,6,13.3,6,13.7,6,13.4,6,14.0,6,13.4,6,12.6,6,11.6,6,12.5,5,12.1,6,13.6,4,11.2,6,13.5,2,14.8,4,12.7,2.0,14.0,5,16.8,1,17.5,1,14.4,3,14.3,5,17.7,2,17.9,1,17.7,2,19.6,3,16.5,4,17.8,2
2016-02-01 14:00:00,11.2,6,12.6,6,12.9,6,13.1,7,12.6,6,12.9,7,12.8,7,13.5,7,12.5,5,12.9,5,13.5,6,13.8,5,13.4,5,13.9,5,13.4,6,12.8,6,11.9,6,12.7,5,12.2,5,13.5,3,11.4,6,14.0,2,14.6,3,12.4,2.0,14.4,6,16.8,1,18.2,1,14.5,3,14.3,5,17.6,2,17.8,1,17.7,2,20.3,3,16.5,4,17.7,2
2016-02-01 15:00:00,11.1,6,12.5,6,12.8,7,13.1,6,12.6,5,13.1,7,12.8,7,13.3,7,12.6,6,13.0,6,13.5,6,13.2,5,12.8,4,13.7,4,13.2,6,12.7,5,12.0,5,12.4,4,12.1,3,13.4,4,11.2,6,13.7,2,14.5,2,11.7,1.0,14.4,5,16.5,1,18.0,1,13.5,3,14.0,5,17.3,1,17.8,1,17.8,2,20.3,3,15.7,3,17.1,1
2016-02-01 16:00:00,11.1,6,12.2,6,12.6,7,12.7,6,12.3,4,12.9,7,12.4,6,13.0,6,12.4,5,12.8,5,13.4,5,12.5,5,12.0,4,13.0,4,12.7,6,12.3,5,11.6,5,11.8,4,11.4,3,12.5,4,10.6,6,12.9,2,13.8,2,10.2,1.0,13.9,4,15.7,1,16.6,1,12.4,2,13.5,5,16.2,1,16.6,1,17.1,2,18.6,3,15.1,3,16.0,2
2016-02-01 17:00:00,11.1,6,11.9,5,12.3,6,12.1,5,11.8,4,12.6,7,12.0,5,12.5,5,12.1,5,12.5,5,13.1,5,11.6,5,11.1,4,12.1,5,12.2,6,11.6,5,11.0,4,10.9,5,10.5,5,11.4,4,9.8,5,11.7,3,13.1,3,8.5,1.0,13.1,4,14.6,1,14.5,1,11.1,2,12.9,4,14.9,1,15.1,1,16.2,3,16.2,3,14.4,4,14.8,2
2016-02-01 18:00:00,11.0,5,11.6,5,12.0,6,11.5,5,11.3,4,12.3,6,11.5,5,12.1,5,11.7,5,12.0,5,12.8,5,10.8,5,10.3,5,11.3,5,11.8,5,11.1,5,10.4,4,10.2,5,9.7,6,10.5,4,9.2,5,10.6,4,12.3,4,7.1,1.0,12.5,3,13.5,1,12.4,2,9.8,2,12.3,4,13.6,1,13.7,1,15.0,3,13.9,3,13.8,4,13.7,2
2016-02-01 19:00:00,10.9,5,11.5,6,11.8,5,11.0,5,11.0,4,12.0,6,11.2,5,11.9,5,11.4,5,11.5,5,12.5,5,10.4,5,9.9,5,10.7,5,11.6,5,10.8,6,10.0,5,9.8,5,9.3,6,10.0,4,8.9,4,9.9,4,11.7,4,6.2,2.0,12.1,3,12.4,1,10.6,2,9.0,2,11.7,4,12.6,1,12.6,1,13.7,3,12.5,3,13.3,5,12.9,2
2016-02-01 20:00:00,10.8,5,11.4,6,11.6,5,10.7,5,10.8,4,11.8,5,10.9,6,11.8,6,11.2,6,11.1,6,12.1,6,10.3,5,9.9,5,10.4,5,11.6,5,10.8,6,9.7,5,9.6,5,9.1,6,9.8,4,8.9,4,9.5,4,11.1,4,5.8,2.0,11.8,3,11.5,1,9.3,3,8.4,3,11.2,4,12.0,2,11.8,2,12.6,3,11.9,5,13.0,5,12.4,2
2016-02-01 21:00:00,10.7,5,11.3,6,11.4,5,10.6,5,10.6,4,11.6,5,10.8,6,11.7,6,11.0,6,10.8,6,11.8,6,10.2,5,9.9,5,10.1,5,11.5,5,10.8,6,9.5,5,9.4,5,8.9,6,9.6,5,8.7,5,9.1,4,10.5,5,5.6,3.0,11.6,3,10.6,2,8.1,3,8.0,3,10.9,4,11.4,2,11.0,2,11.9,4,11.4,5,12.6,5,11.9,2
2016-02-01 22:00:00,10.6,5,11.1,6,11.3,6,10.7,5,10.4,4,11.4,5,10.7,6,11.5,6,10.9,6,10.7,6,11.5,6,10.0,5,9.9,5,9.9,5,11.3,6,10.7,6,9.3,6,9.0,6,8.7,6,9.2,5,8.5,5,8.8,4,10.0,5,5.3,3.0,11.3,4,9.8,2,7.2,3,7.7,3,10.7,4,10.9,2,10.3,2,11.3,4,11.0,5,12.2,5,11.5,2
2016-02-01 23:00:00,10.5,5,10.8,6,11.1,6,10.7,6,10.1,5,11.2,5,10.6,6,11.2,6,10.8,6,10.7,6,11.2,5,9.6,5,9.8,5,9.7,5,11.1,6,10.6,6,9.1,6,8.5,6,8.4,6,8.7,5,8.3,6,8.7,4,9.7,5,5.0,3.0,11.0,4,9.0,3,6.4,4,7.6,3,10.7,4,10.4,3,9.7,3,10.9,4,10.7,5,11.7,5,11.2,2
2016-02-02 00:00:00,10.4,5,10.5,6,10.9,6,10.5,6,9.8,5,10.9,5,10.4,6,10.9,6,10.6,6,10.7,5,11.0,5,9.3,5,9.6,5,9.5,5,10.9,6,10.4,6,8.9,6,8.2,6,8.1,6,8.3,5,8.3,6,8.7,4,9.6,5,4.7,3.0,10.8,5,8.3,3,5.8,4,7.6,3,10.7,4,10.1,3,9.1,3,10.5,4,10.2,4,11.3,5,10.8,3
2016-02-02 01:00:00,10.3,5,10.2,6,10.6,6,9.9,6,9.3,5,10.6,5,10.0,6,10.4,6,10.3,6,10.4,5,10.9,5,9.0,5,9.4,5,9.3,5,10.7,6,10.2,6,8.9,6,8.3,6,7.9,6,8.0,5,8.4,6,8.8,4,9.7,5,4.5,3.0,10.7,5,7.6,4,5.3,5,7.8,4,10.7,4,9.7,4,8.5,3,10.1,4,9.5,4,10.9,5,10.5,3
2016-02-02 02:00:00,10.1,6,9.9,6,10.3,6,9.3,6,8.9,5,10.2,5,9.6,6,10.0,6,10.0,5,10.1,5,10.9,5,8.9,5,9.2,5,9.2,6,10.6,6,10.0,6,8.9,5,8.6,5,7.9,6,8.0,6,8.5,6,9.0,5,9.9,5,4.4,4.0,10.6,5,7.0,4,4.9,5,7.9,4,10.7,4,9.4,4,8.0,4,9.7,4,8.7,4,10.6,5,10.1,4
2016-02-02 03:00:00,10.2,6,10.3,6,10.6,5,10.2,5,9.3,6,11.8,6,10.2,5,10.5,5,10.1,5,10.2,5,10.9,5,9.2,5,9.2,5,9.4,6,10.7,5,9.6,6,8.8,5,8.5,6,7.9,7,7.6,6,7.9,6,8.2,6,9.1,4,3.5,3.0,10.2,7,8.7,3,5.8,1,7.4,3,9.6,4,9.0,2,9.2,1,9.9,5,10.3,5,11.2,4,10.7,2
2016-02-02 04:00:00,10.2,6,10.2,6,10.5,5,10.1,6,9.3,6,11.7,6,10.2,5,10.6,5,10.0,5,10.2,5,10.9,5,9.3,5,9.1,5,9.5,6,10.8,6,9.7,6,8.7,5,8.5,6,7.8,6,7.8,6,7.7,6,8.0,6,9.0,4,3.3,3.0,10.3,6,8.4,3,5.4,1,7.4,4,9.4,4,8.7,2,8.7,1,9.5,5,9.9,5,11.1,4,10.5,1
2016-02-02 05:00:00,10.2,5,10.1,6,10.3,6,10.1,6,9.5,6,11.5,6,10.0,6,10.6,5,10.0,6,10.3,6,10.9,6,9.4,6,9.2,6,9.6,6,10.9,6,9.9,5,8.7,5,8.6,6,7.9,6,8.3,5,7.4,6,8.0,5,9.0,4,3.2,3.0,10.5,6,8.1,3,5.0,1,7.5,5,9.4,4,8.6,2,8.3,2,9.2,4,9.5,5,11.1,3,10.3,2
2016-02-02 06:00:00,10.0,5,9.9,6,10.1,6,10.0,6,9.7,6,11.2,6,9.8,6,10.5,6,9.8,6,10.3,6,10.8,6,9.5,6,9.4,6,9.9,6,10.9,6,10.0,6,8.7,5,8.7,6,8.0,5,8.8,5,7.2,6,8.2,5,8.9,4,3.2,3.0,10.6,5,8.1,3,4.9,2,7.6,5,9.4,4,8.8,2,8.3,2,9.2,4,9.4,5,11.2,3,10.5,2
2016-02-02 07:00:00,9.6,5,9.6,6,9.7,6,9.9,6,9.8,7,10.8,6,9.5,7,10.3,6,9.5,6,10.1,6,10.5,6,9.6,6,9.6,7,10.2,6,10.8,7,10.0,6,8.8,6,9.0,6,8.3,5,9.3,5,7.1,7,8.5,5,9.0,4,3.5,3.0,10.6,6,8.6,4,5.3,3,7.7,5,9.5,4,9.4,4,9.0,4,9.7,4,9.8,5,11.4,4,11.1,3
2016-02-02 08:00:00,9.2,6,9.3,6,9.4,7,9.9,6,9.9,7,10.4,6,9.2,7,10.2,7,9.2,7,9.8,7,10.3,7,9.7,7,9.8,7,10.6,6,10.7,7,10.1,6,8.9,6,9.3,7,8.8,6,9.8,5,7.2,7,9.0,5,9.2,5,4.2,3.0,10.7,6,9.4,5,6.2,4,8.1,4,9.7,5,10.4,5,10.3,5,10.5,4,10.6,6,11.8,5,12.0,4
2016-02-02 09:00:00,9.0,6,9.3,6,9.3,7,10.0,6,10.0,7,10.1,6,9.1,6,10.2,7,9.1,7,9.8,7,10.2,7,10.1,7,10.2,7,11.0,7,10.8,7,10.2,7,9.2,7,9.8,7,9.3,6,10.3,6,7.6,7,9.5,6,9.8,6,5.4,3.0,10.9,6,10.6,6,7.5,4,8.8,4,10.2,6,11.5,7,11.8,6,11.5,5,11.6,6,12.4,6,13.2,4
2016-02-02 10:00:00,9.1,6,9.6,7,9.6,7,10.2,6,10.2,7,10.0,6,9.3,6,10.4,7,9.3,7,10.1,7,10.4,7,10.8,7,10.7,7,11.5,7,11.2,7,10.5,7,9.6,7,10.3,7,9.9,6,11.0,6,8.2,7,10.1,6,10.7,7,7.2,3.0,11.5,7,11.9,6,9.1,4,10.0,4,11.0,6,12.7,7,13.2,7,12.5,4,12.6,7,13.2,6,14.4,3
2016-02-02 11:00:00,9.3,6,10.1,7,10.1,7,10.5,6,10.4,7,10.0,6,9.7,6,10.9,7,9.7,7,10.6,7,10.9,7,11.7,7,11.2,7,12.1,7,11.6,7,11.0,7,10.0,7,10.9,6,10.5,6,11.6,6,8.9,7,10.8,6,11.8,7,9.1,3.0,12.2,7,13.2,5,10.9,3,11.5,4,12.0,6,13.8,6,14.5,6,13.5,4,13.6,7,14.1,6,15.6,3
2016-02-02 12:00:00,9.5,5,10.5,7,10.6,7,10.7,6,10.7,7,10.1,6,10.0,6,11.3,7,10.1,7,11.1,7,11.3,7,12.4,7,11.6,7,12.5,7,12.1,7,11.4,7,10.5,7,11.4,6,11.0,6,12.2,6,9.6,7,11.5,6,12.8,7,10.7,3.0,12.9,7,14.3,4,12.6,1,12.7,4,12.8,7,14.6,5,15.5,6,14.3,4,14.5,6,14.8,6,16.4,3
2016-02-02 13:00:00,9.5,5,10.6,6,10.9,6,10.8,6,11.0,7,10.1,5,10.0,6,11.6,7,10.4,7,11.3,7,11.5,7,12.8,7,11.9,7,12.7,7,12.4,7,11.7,7,11.0,7,11.8,6,11.4,6,12.5,6,10.1,7,12.3,5,13.4,6,11.5,2.0,13.4,7,15.0,3,14.0,1,13.4,4,13.2,6,15.0,5,16.1,5,15.0,4,15.3,6,15.1,5,16.8,3
2016-02-02 14:00:00,9.4,5,10.4,6,10.9,6,10.7,6,11.1,7,10.0,5,9.6,6,11.7,7,10.5,7,11.3,7,11.6,7,12.9,7,11.9,7,12.7,7,12.3,7,11.8,7,11.3,7,11.9,6,11.5,7,12.5,6,10.3,7,12.8,5,13.6,6,11.5,2.0,13.6,7,15.2,3,14.8,1,13.4,3,13.3,6,15.0,6,16.2,5,15.3,4,15.9,5,15.2,5,16.7,5
2016-02-02 15:00:00,9.4,6,10.0,6,10.6,7,9.8,7,11.2,7,9.6,6,9.1,7,11.2,7,10.4,7,11.3,7,11.6,7,12.3,7,11.7,7,12.4,7,11.9,7,11.4,7,11.4,7,12.2,7,11.7,7,12.2,6,10.1,7,12.9,3,13.0,4,10.4,2.0,13.5,6,14.8,6,14.8,2,12.9,2,12.8,5,14.7,5,16.1,6,15.0,5,15.9,5,14.4,5,15.8,4
2016-02-02 16:00:00,9.1,6,9.3,6,9.9,7,9.0,7,10.8,7,9.2,5,8.5,7,10.4,7,9.9,7,10.9,7,11.2,7,11.6,7,11.1,7,11.7,7,11.4,7,10.8,7,10.9,7,11.5,7,11.1,7,11.4,6,9.6,6,12.0,4,12.3,4,9.0,3.0,13.0,6,13.7,6,13.6,3,11.7,2,12.4,5,13.7,5,14.8,5,14.2,5,15.1,6,14.0,5,14.6,5
2016-02-02 17:00:00,8.8,6,8.6,7,9.1,7,8.1,7,10.2,7,8.6,4,7.8,6,9.4,7,9.3,7,10.4,7,10.7,7,10.7,7,10.4,7,10.7,6,10.7,7,9.9,6,10.1,7,10.5,6,10.3,7,10.4,5,9.0,6,10.7,4,11.5,4,7.5,3.0,12.3,6,12.3,5,11.8,4,10.3,2,11.9,5,12.4,4,13.2,5,13.0,4,13.9,6,13.5,5,13.2,5
2016-02-02 18:00:00,8.5,6,8.0,7,8.4,7,7.3,7,9.4,6,8.1,3,7.2,6,8.4,6,8.7,6,9.7,7,10.2,7,9.7,6,9.5,6,9.8,6,10.0,6,9.2,6,9.4,7,9.6,6,9.4,6,9.4,5,8.4,5,9.6,5,10.6,4,6.1,4.0,11.7,5,11.0,5,9.9,5,9.1,3,11.5,4,11.4,4,11.8,5,11.9,4,12.6,6,13.1,6,12.1,5
2016-02-02 19:00:00,8.3,6,7.6,6,7.9,6,6.7,6,8.5,6,7.7,3,6.8,5,7.8,6,8.2,6,8.9,6,9.8,6,8.8,6,8.6,6,9.1,6,9.4,6,8.7,6,8.8,6,8.9,6,8.7,6,8.7,5,8.1,5,9.0,5,9.9,5,5.3,4.0,11.2,5,10.2,5,8.4,5,8.5,4,11.2,4,11.0,4,10.9,5,11.1,4,11.5,6,12.8,6,11.6,5
2016-02-02 20:00:00,8.1,5,7.4,5,7.6,6,6.4,6,7.7,6,7.5,3,6.5,3,7.4,5,7.9,6,8.2,6,9.4,6,8.0,7,7.9,6,8.6,6,8.8,5,8.4,5,8.4,6,8.4,6,8.3,6,8.4,5,8.0,6,8.9,6,9.4,5,4.9,5.0,11.0,6,9.8,5,7.3,4,8.4,5,10.9,4,11.0,5,10.6,5,10.5,5,10.7,5,12.5,6,11.6,5
2016-02-02 21:00:00,7.9,5,7.1,5,7.3,5,6.3,5,7.0,6,7.3,3,6.2,3,7.0,5,7.5,6,7.6,6,8.9,6,7.4,7,7.4,6,8.2,6,8.3,5,8.2,5,8.0,6,8.1,6,8.0,6,8.1,6,7.7,6,8.7,6,9.1,5,4.8,5.0,10.8,6,9.2,5,6.3,4,8.3,6,10.7,4,10.8,5,10.0,5,10.1,5,9.9,5,12.1,6,11.5,5
2016-02-02 22:00:00,7.6,4,6.7,5,7.0,4,6.3,4,6.5,6,7.2,3,6.0,2,6.5,3,7.1,5,7.2,6,8.3,5,6.9,7,7.2,6,7.8,6,7.7,4,7.9,5,7.6,6,7.8,6,7.8,6,7.9,6,7.5,6,8.7,6,8.9,5,4.8,5.0,10.7,6,8.7,5,5.6,5,8.4,6,10.5,4,10.6,5,9.6,5,9.8,5,9.2,4,11.7,5,11.4,5
2016-02-02 23:00:00,7.3,4,6.3,4,6.7,4,6.3,4,6.0,6,7.2,3,5.8,2,6.1,3,6.7,5,7.0,5,7.7,5,6.6,7,7.1,6,7.4,6,7.2,4,7.6,5,7.2,6,7.6,6,7.6,6,7.6,6,7.3,6,8.6,6,8.9,6,4.8,5.0,10.6,6,8.3,5,5.0,5,8.4,6,10.4,4,10.4,5,9.3,5,9.6,5,8.6,4,11.2,5,11.3,5
2016-02-03 00:00:00,7.0,4,6.0,4,6.4,3,6.3,4,5.6,6,7.1,3,5.7,3,5.6,2,6.3,5,6.7,5,7.3,5,6.3,6,7.0,6,7.1,6,6.8,4,7.2,5,6.9,6,7.3,6,7.2,6,7.3,6,7.2,6,8.5,6,8.9,6,4.6,5.0,10.5,6,8.0,5,4.5,5,8.3,6,10.3,4,10.2,5,9.0,5,9.4,5,8.0,4,10.8,5,11.1,5
2016-02-03 01:00:00,6.8,4,5.9,4,6.2,4,6.1,4,5.2,6,7.1,4,5.7,4,5.3,3,6.0,5,6.3,5,7.0,5,6.0,6,6.8,5,6.8,6,6.6,5,6.8,5,6.8,6,7.0,6,6.8,6,6.8,6,7.2,6,8.3,5,9.1,6,4.2,4.0,10.2,6,7.7,5,4.2,5,8.2,6,10.3,4,9.9,5,8.7,5,9.3,5,7.5,4,10.3,5,10.8,5
2016-02-03 02:00:00,6.6,4,5.9,4,6.0,5,5.8,5,4.8,6,7.2,4,5.6,4,5.0,4,5.6,5,5.9,5,6.9,5,5.7,6,6.5,5,6.6,6,6.4,5,6.4,5,6.6,6,6.8,5,6.3,6,6.4,6,7.2,6,8.1,6,9.2,6,3.8,5.0,9.9,5,7.4,5,4.1,5,8.0,6,10.3,4,9.5,5,8.5,5,9.1,5,7.0,4,9.9,5,10.4,5
2016-02-03 03:00:00,6.5,2,5.9,3,5.7,2,6.1,4,4.7,6,7.2,2,5.4,2,5.3,3,5.1,5,5.2,5,6.1,5,5.3,6,6.1,6,6.6,6,5.9,3,5.5,5,5.8,6,5.6,6,6.0,7,5.9,7,5.4,6,7.0,7,8.9,6,4.2,6.0,8.9,5,8.8,6,4.8,5,8.2,6,10.1,6,11.0,5,10.0,5,10.6,5,8.5,5,10.3,5,11.7,5
2016-02-03 04:00:00,6.1,2,5.6,3,5.3,3,5.7,4,4.4,6,7.0,2,5.1,2,5.0,3,4.9,5,5.0,5,5.9,5,5.1,6,5.6,6,6.2,6,5.7,3,5.1,4,5.3,7,5.2,6,5.4,7,5.4,6,5.0,6,6.6,7,8.6,7,4.2,6.0,8.5,5,8.5,6,4.8,5,8.2,6,10.1,6,11.1,5,9.9,5,10.5,5,8.5,5,10.3,5,11.7,5
2016-02-03 05:00:00,5.7,2,5.1,2,5.0,3,5.4,4,4.3,6,6.8,2,4.8,2,4.7,2,4.7,5,5.0,5,5.7,4,4.8,6,5.2,6,5.8,6,5.4,2,4.7,4,4.7,7,5.0,6,4.9,6,5.0,6,4.6,6,6.3,7,8.3,7,4.0,7.0,8.2,4,8.3,6,5.0,5,8.1,6,10.0,6,11.3,5,9.9,5,10.6,6,8.7,5,10.3,5,11.6,6
2016-02-03 06:00:00,5.4,2,4.8,2,4.7,4,5.2,4,4.3,5,6.7,3,4.7,2,4.6,2,4.5,4,5.0,4,5.5,4,4.7,6,4.9,6,5.6,7,5.3,2,4.6,4,4.4,6,5.0,7,4.8,6,4.9,6,4.4,6,6.2,6,7.9,7,3.7,7.0,8.1,4,8.2,6,5.3,5,8.0,6,9.9,6,11.5,5,10.1,5,10.7,6,8.9,5,10.4,5,11.6,6
2016-02-03 07:00:00,5.3,2,4.7,2,4.6,4,5.4,4,4.6,5,6.8,3,4.8,3,4.8,3,4.4,5,5.0,5,5.4,4,4.8,6,4.9,7,5.6,7,5.5,2,4.7,4,4.4,6,5.2,7,5.0,6,5.1,6,4.3,6,6.3,6,7.6,7,3.1,7.0,8.2,4,8.5,6,5.8,5,7.9,6,9.8,6,11.8,5,10.5,5,10.9,5,9.2,6,10.6,5,11.7,6
2016-02-03 08:00:00,5.4,2,4.8,2,4.8,3,5.8,4,5.0,5,7.0,3,5.2,3,5.3,4,4.4,5,5.2,5,5.5,5,5.1,7,5.3,7,5.9,7,6.1,2,5.1,5,4.6,6,5.6,7,5.5,6,5.5,6,4.4,6,6.4,6,7.5,6,2.5,7.0,8.5,5,9.1,5,6.5,4,7.9,6,9.8,6,12.2,5,11.0,5,11.2,4,9.7,5,11.0,6,12.0,7
2016-02-03 09:00:00,5.7,3,5.2,3,5.3,3,6.3,4,5.6,5,7.4,4,5.8,4,6.0,4,4.7,6,5.5,5,5.9,5,5.7,7,5.8,7,6.4,7,6.9,2,5.7,5,5.1,6,6.1,7,6.1,6,6.0,7,4.7,6,6.7,6,7.6,6,2.6,7.0,9.0,5,10.0,4,7.4,4,8.3,6,9.9,6,12.8,4,11.8,4,11.6,3,10.7,5,11.7,6,12.4,6
2016-02-03 10:00:00,6.1,3,5.9,3,6.1,4,6.8,5,6.2,5,7.9,4,6.5,4,6.9,5,5.3,6,6.1,6,6.6,6,6.4,7,6.5,7,7.1,6,8.0,2,6.3,6,5.7,6,6.6,7,6.6,6,6.6,7,5.2,6,7.1,6,8.0,5,3.6,7.0,9.7,6,11.0,4,8.5,3,9.1,6,10.3,6,13.5,3,12.7,4,12.2,2,12.2,4,12.7,6,13.0,6
2016-02-03 11:00:00,6.6,4,6.6,4,6.9,5,7.2,5,6.7,5,8.4,4,7.2,4,7.9,5,6.1,6,6.8,6,7.4,6,7.2,6,7.1,7,7.7,6,9.0,2,7.0,6,6.3,7,7.1,7,7.0,6,7.1,7,5.9,6,7.5,6,8.6,5,5.0,7.0,10.5,6,12.0,3,9.6,3,10.0,6,10.7,7,14.1,3,13.7,3,12.9,2,14.0,3,13.8,5,13.7,5
2016-02-03 12:00:00,6.9,4,7.2,4,7.5,6,7.5,5,7.0,5,8.9,5,7.7,5,8.7,5,6.7,7,7.4,7,8.1,7,7.8,6,7.5,6,8.2,6,9.8,3,7.6,6,6.8,7,7.6,7,7.3,6,7.5,7,6.4,6,7.9,6,9.0,5,6.1,7.0,11.1,6,12.7,3,10.6,2,10.7,7,11.0,7,14.7,2,14.4,2,13.5,1,15.5,2,14.7,5,14.2,4
2016-02-03 13:00:00,7.0,4,7.5,5,7.7,6,7.7,5,7.1,5,9.2,5,7.9,5,9.2,5,7.0,7,7.8,7,8.4,7,8.1,6,7.6,6,8.3,6,10.1,4,8.1,6,7.2,6,8.0,6,7.5,6,7.6,6,6.7,5,8.3,6,9.1,5,6.4,7.0,11.5,6,12.9,3,11.4,2,11.0,7,11.1,7,15.0,2,14.7,2,13.9,1,16.3,2,15.3,4,14.4,4
2016-02-03 14:00:00,6.9,4,7.4,5,7.5,6,7.8,5,7.0,5,9.2,5,7.9,6,9.3,5,7.0,7,7.8,7,8.2,7,8.0,5,7.3,6,8.0,5,10.0,5,8.3,5,7.3,6,8.2,6,7.4,6,7.4,5,6.7,5,8.5,6,9.0,5,5.9,7.0,11.6,6,12.6,3,11.7,2,10.8,7,10.9,7,15.0,2,14.6,1,14.1,1,16.5,1,15.5,3,14.2,3
2016-02-03 15:00:00,7.0,4,7.1,5,7.0,4,7.2,5,6.9,4,8.6,4,7.2,6,8.4,4,6.6,4,7.4,4,7.9,4,7.4,5,6.0,5,6.9,6,9.1,4,7.8,5,7.2,5,7.5,5,6.6,5,6.3,7,6.3,5,7.7,5,8.0,6,3.8,7.0,11.0,4,11.4,3,10.9,2,9.4,6,9.8,6,13.7,2,13.3,3,13.1,1,15.1,1,15.4,2,13.2,3
2016-02-03 16:00:00,6.9,4,6.6,4,6.3,4,6.6,5,6.1,3,8.1,5,6.8,6,7.6,4,5.9,4,6.6,4,7.1,4,6.4,4,5.1,4,6.0,5,8.3,3,7.1,3,6.5,4,6.6,5,5.7,4,5.5,7,5.8,4,7.2,5,7.4,5,3.1,7.0,10.3,3,10.6,3,9.4,2,8.4,5,9.3,5,12.6,2,12.2,2,12.5,1,13.9,1,14.5,2,12.2,2
2016-02-03 17:00:00,6.8,4,6.1,4,5.6,3,5.9,5,5.1,3,7.6,6,6.3,6,6.7,4,5.1,4,5.6,4,6.1,4,5.3,3,4.2,3,5.0,4,7.4,2,6.3,2,5.6,3,5.4,4,4.6,3,4.6,6,5.2,3,6.5,5,6.7,5,2.5,6.0,9.5,2,9.7,2,7.4,1,7.2,5,8.9,4,11.4,2,10.9,2,11.7,1,12.4,1,13.5,1,11.2,2
2016-02-03 18:00:00,6.7,4,5.7,4,5.0,3,5.3,5,4.2,2,7.3,6,6.0,5,6.0,5,4.4,4,4.7,4,5.4,4,4.2,3,3.4,2,4.2,4,6.7,2,5.5,2,4.7,2,4.3,4,3.5,2,3.8,6,4.7,3,5.7,4,6.1,5,1.9,6.0,8.6,2,8.9,2,5.6,1,6.2,4,8.4,3,10.4,1,9.7,1,10.8,1,10.9,1,12.5,1,10.3,2
2016-02-03 19:00:00,6.6,4,5.4,4,4.6,4,5.0,5,3.5,2,7.5,6,6.0,5,5.6,5,4.0,4,4.2,4,5.1,5,3.5,3,3.0,2,3.7,5,6.3,3,5.0,3,4.1,2,3.5,3,2.8,2,3.3,5,4.2,2,4.9,4,5.6,4,1.4,6.0,7.8,1,8.3,1,4.6,1,5.5,4,7.9,2,9.8,1,9.0,1,10.0,1,9.8,1,11.8,1,9.9,2
2016-02-03 20:00:00,6.4,4,5.2,4,4.3,4,5.0,5,3.1,3,8.0,6,6.2,5,5.5,5,3.9,4,3.9,5,5.0,5,3.1,4,2.9,2,3.5,5,6.1,4,4.6,4,3.7,2,3.0,2,2.4,2,3.1,5,3.8,2,4.2,4,5.3,3,0.9,6.0,7.0,1,7.8,1,4.3,1,5.1,3,7.5,2,9.5,1,8.6,1,9.3,1,9.0,1,11.4,1,9.7,3
2016-02-03 21:00:00,6.3,4,5.1,4,4.2,4,5.1,5,2.7,4,8.3,6,6.4,5,5.6,5,3.8,4,3.6,5,4.7,5,2.8,5,2.8,2,3.3,5,5.9,5,4.3,4,3.3,2,2.6,3,2.1,2,2.7,5,3.4,2,3.8,4,4.9,3,0.5,6.0,6.4,2,7.3,1,3.9,1,4.7,3,7.1,2,9.2,1,8.3,1,8.8,1,8.5,1,11.0,1,9.4,3
2016-02-03 22:00:00,6.2,4,4.9,4,4.1,4,5.2,5,2.4,4,8.6,6,6.6,5,5.7,5,3.7,4,3.4,5,4.5,5,2.7,5,2.8,3,3.1,5,5.6,5,4.1,4,3.0,3,2.4,3,1.8,2,2.4,5,3.1,2,3.4,4,4.5,4,0.2,6.0,5.9,2,6.8,2,3.7,1,4.3,2,6.8,2,8.9,2,8.0,1,8.3,1,8.1,1,10.6,1,9.1,3
2016-02-03 23:00:00,6.2,4,4.7,4,4.0,5,5.4,6,2.2,4,8.9,6,6.7,5,5.7,5,3.6,5,3.2,5,4.3,5,2.6,5,2.8,3,2.8,5,5.4,5,3.9,4,2.7,3,2.3,3,1.7,2,2.1,5,2.8,3,3.2,4,4.2,4,0.0,5.0,5.5,2,6.4,2,3.4,2,3.9,2,6.5,2,8.6,2,7.8,1,8.0,2,7.7,1,10.2,1,8.7,3
2016-02-04 00:00:00,6.1,4,4.6,4,4.0,5,5.6,6,2.1,4,9.1,6,6.8,5,5.8,5,3.6,5,3.2,5,4.2,5,2.6,5,2.9,3,2.7,6,5.3,6,3.8,5,2.5,3,2.4,4,1.6,3,2.0,6,2.7,3,3.1,4,4.1,4,-0.2,5.0,5.2,3,6.1,3,3.1,2,3.7,2,6.2,3,8.2,2,7.4,1,7.7,2,7.4,1,9.8,1,8.4,3
2016-02-04 01:00:00,6.0,4,4.5,5,4.0,5,5.9,6,2.1,4,9.2,5,6.9,5,5.9,5,3.5,5,3.2,4,4.1,5,2.6,5,2.9,4,2.8,6,5.6,6,3.8,5,2.4,4,2.6,4,1.6,3,2.0,6,2.6,4,3.1,5,4.0,4,-0.4,5.0,5.1,3,5.7,3,2.7,2,3.4,3,5.9,3,7.8,2,7.1,1,7.4,2,7.0,1,9.2,1,8.0,4
2016-02-04 02:00:00,5.9,4,4.6,5,4.0,5,6.2,7,2.1,4,9.3,5,7.0,5,6.0,5,3.6,5,3.2,4,4.1,5,2.5,5,2.9,4,3.0,6,6.0,6,3.8,5,2.4,4,2.7,5,1.6,4,2.1,6,2.5,4,3.1,5,4.0,4,-0.6,5.0,5.0,4,5.4,4,2.3,2,3.2,4,5.5,4,7.3,2,6.6,1,7.2,2,6.7,1,8.7,1,7.5,4
2016-02-04 03:00:00,6.7,5,4.9,6,4.4,4,4.5,4,2.8,5,8.4,5,6.1,6,5.3,4,3.0,4,2.9,4,3.9,5,2.7,4,3.2,5,2.9,5,5.5,4,2.4,3,1.1,4,1.8,3,1.8,5,1.4,6,1.5,1,1.7,3,3.5,4,-1.4,5.0,4.9,1,5.2,1,2.2,1,3.4,2,4.7,2,6.3,1,6.2,1,6.5,1,5.8,1,7.5,1,8.4,2
2016-02-04 04:00:00,6.7,5,4.9,6,4.6,5,4.7,5,2.9,5,8.8,5,6.7,6,5.8,4,2.8,4,2.8,4,3.8,5,2.6,4,3.1,5,3.0,5,6.0,4,2.6,3,0.9,4,1.4,3,1.7,5,1.5,6,1.4,1,1.3,3,3.2,4,-1.8,5.0,5.1,1,4.8,1,1.9,1,3.4,2,4.5,2,5.7,1,5.6,1,6.0,1,5.3,1,7.1,1,8.0,2
2016-02-04 05:00:00,6.8,6,5.0,5,4.8,4,5.0,5,3.0,6,9.1,5,7.2,5,6.2,4,2.7,4,2.8,4,3.8,5,2.4,4,3.0,5,3.3,5,6.3,4,2.8,3,0.8,4,1.0,2,1.7,5,1.8,6,1.4,1,1.2,3,2.9,4,-2.1,5.0,5.5,2,4.3,1,1.5,1,3.6,3,4.4,2,5.1,1,5.0,1,5.5,1,4.9,1,6.9,1,7.6,2
2016-02-04 06:00:00,6.9,6,5.3,5,5.1,4,5.4,6,3.2,6,9.3,5,7.6,5,6.6,5,2.8,5,2.9,4,3.9,5,2.4,5,3.0,6,3.5,5,6.6,4,3.2,4,0.9,4,0.9,2,1.8,5,2.1,6,1.5,2,1.2,4,2.8,4,-2.4,4.0,5.9,2,4.0,1,1.5,1,3.9,3,4.4,2,4.9,1,4.9,1,5.3,1,4.8,1,7.0,1,7.5,2
2016-02-04 07:00:00,7.2,6,5.8,5,5.5,5,6.1,6,3.5,6,9.5,5,7.8,5,6.9,5,3.3,5,3.3,5,4.3,5,2.6,5,3.1,6,3.7,6,6.8,5,3.6,4,1.3,5,1.4,4,2.0,5,2.5,6,1.8,3,1.6,4,3.0,5,-2.6,4.0,6.2,3,4.2,1,2.0,1,4.4,3,4.7,3,5.3,1,5.5,1,5.4,1,5.2,1,7.6,1,7.9,2
2016-02-04 08:00:00,7.6,7,6.5,6,6.0,6,6.9,7,3.9,6,9.7,6,8.0,6,7.3,6,4.0,6,3.9,6,5.0,6,3.0,6,3.3,7,3.9,7,7.2,6,4.2,4,2.1,6,2.4,5,2.5,6,3.0,6,2.2,4,2.3,4,3.4,5,-2.4,3.0,6.6,4,4.9,1,2.9,1,5.1,2,5.4,4,6.2,1,6.7,1,6.0,1,6.2,1,8.5,1,8.7,2
2016-02-04 09:00:00,8.1,7,7.3,7,6.7,6,7.8,7,4.5,7,10.0,6,8.4,6,7.9,7,4.9,6,4.8,7,5.8,7,3.8,7,3.7,7,4.3,7,7.9,7,5.1,5,3.0,7,3.5,7,3.0,6,3.5,6,2.9,4,3.3,4,4.1,5,-1.5,3.0,7.3,4,6.0,1,4.2,2,6.1,1,6.4,5,7.6,1,8.1,1,6.9,1,7.6,1,9.7,1,9.8,2
2016-02-04 10:00:00,8.7,7,8.2,7,7.5,7,8.7,7,5.2,7,10.4,7,9.2,7,8.8,7,5.8,7,5.9,7,6.7,7,4.9,7,4.4,7,4.9,7,9.0,7,6.3,6,4.1,7,4.6,7,3.7,6,4.1,6,3.7,5,4.7,4,5.0,5,0.4,3.0,8.4,5,7.4,1,5.8,1,7.5,1,7.8,5,9.2,1,9.6,1,8.1,1,9.5,1,11.1,1,11.0,2
2016-02-04 11:00:00,9.2,7,9.1,7,8.3,7,9.4,7,5.9,7,10.8,7,10.1,7,9.8,7,6.7,7,7.1,7,7.7,7,6.1,7,5.1,7,5.6,7,10.2,7,7.5,7,5.2,7,5.7,6,4.4,7,4.8,7,4.6,5,6.1,4,5.9,4,2.6,3.0,9.7,5,8.9,1,7.5,1,9.1,2,9.2,4,10.7,1,10.9,1,9.4,1,11.4,1,12.4,1,12.2,1
2016-02-04 12:00:00,9.6,7,9.8,7,9.0,7,10.0,7,6.6,7,11.1,7,10.8,7,10.7,7,7.4,7,8.1,7,8.5,7,7.2,7,5.9,7,6.2,7,11.2,7,8.5,7,6.2,7,6.6,5,5.2,7,5.4,7,5.5,5,7.3,4,6.7,4,4.3,3.0,10.8,5,10.0,1,8.9,1,10.4,2,10.2,4,11.9,1,11.8,1,10.5,1,13.1,1,13.4,1,13.0,1
2016-02-04 13:00:00,9.8,7,10.2,7,9.3,7,10.3,7,7.2,7,11.3,7,11.0,7,11.2,7,7.9,7,8.7,7,9.1,7,7.9,7,6.5,7,6.5,7,11.6,7,9.0,7,6.9,7,7.3,6,5.9,7,5.9,7,6.3,6,8.1,5,7.3,4,4.9,3.0,11.5,5,10.5,1,9.8,1,11.2,2,10.5,3,12.4,1,12.3,1,11.1,1,14.2,1,13.9,1,13.3,1
2016-02-04 14:00:00,9.9,7,10.4,7,9.5,7,10.4,7,7.6,7,11.4,7,10.9,7,11.3,6,8.2,7,8.9,7,9.5,7,8.2,7,6.9,7,6.6,7,11.6,7,9.2,7,7.4,7,7.8,7,6.5,7,6.1,7,6.8,6,8.4,6,7.7,4,4.7,3.0,11.8,5,10.5,2,10.2,1,11.3,2,10.4,2,12.4,1,12.2,1,11.4,1,14.6,1,13.9,2,13.2,1
2016-02-04 15:00:00,10.3,7,11.0,7,10.6,7,11.2,7,9.0,7,11.7,7,11.3,7,12.1,7,9.6,6,9.8,7,10.7,7,8.8,7,7.0,7,6.7,7,11.7,6,10.1,7,7.9,7,7.7,7,6.7,7,6.2,7,6.7,7,8.0,7,7.5,7,4.1,5.0,11.6,6,10.4,2,9.5,1,10.0,2,10.1,3,12.1,2,12.1,2,11.6,1,14.0,1,13.7,1,12.5,1
2016-02-04 16:00:00,10.2,7,10.6,6,10.4,7,10.7,6,9.2,7,11.4,7,10.9,6,11.7,6,9.6,6,9.9,6,10.7,6,8.8,7,7.2,7,6.7,7,11.3,5,9.9,7,8.0,7,7.6,7,6.7,6,5.9,7,6.6,6,7.9,6,7.4,7,3.4,5.0,11.1,5,9.8,2,8.9,1,8.9,2,9.6,3,11.4,2,11.3,1,11.4,1,13.2,1,13.2,1,11.8,1
2016-02-04 17:00:00,10.0,6,10.0,6,10.0,7,10.1,6,9.2,6,11.0,6,10.4,6,11.2,5,9.6,5,9.9,6,10.6,6,8.7,7,7.3,7,6.5,6,10.8,5,9.6,6,8.0,6,7.4,7,6.3,6,5.5,7,6.4,6,7.6,6,7.3,7,2.7,6.0,10.5,5,9.3,2,8.0,1,7.4,2,9.0,2,10.6,2,10.3,1,11.0,1,12.2,1,12.5,1,11.0,2
2016-02-04 18:00:00,9.8,6,9.6,6,9.7,6,9.5,6,9.1,6,10.6,6,9.9,6,10.7,5,9.5,5,9.8,5,10.4,5,8.5,7,7.2,7,6.4,6,10.4,4,9.3,6,7.8,6,7.3,7,5.9,5,5.3,7,6.2,5,7.2,6,7.1,7,2.1,6.0,9.8,4,8.8,2,7.2,1,6.1,2,8.4,2,10.0,2,9.5,1,10.5,1,11.0,1,11.6,1,10.3,2
2016-02-04 19:00:00,9.7,5,9.3,6,9.4,6,9.1,6,8.9,6,10.3,6,9.6,6,10.2,5,9.3,5,9.5,6,10.2,6,8.4,7,7.1,7,6.4,6,10.0,4,9.0,6,7.6,6,7.3,7,5.7,6,5.4,6,6.1,5,6.9,6,6.9,7,1.6,6.0,9.1,3,8.6,2,6.7,1,5.1,2,7.9,2,9.7,2,9.0,1,10.1,1,9.9,1,10.7,1,9.8,1
2016-02-04 20:00:00,9.6,5,9.1,6,9.2,6,8.9,6,8.8,5,10.0,6,9.4,6,9.9,6,9.2,6,9.2,6,10.0,6,8.4,6,7.1,7,6.5,6,9.6,5,8.7,6,7.4,6,7.3,7,5.6,6,5.8,6,6.0,5,6.7,6,6.7,7,1.3,5.0,8.4,3,8.6,2,6.4,2,4.4,1,7.4,2,9.7,2,8.8,1,9.8,1,8.9,1,10.0,1,9.5,1
2016-02-04 21:00:00,9.5,5,9.0,6,9.1,5,8.8,6,8.5,5,9.9,6,9.2,6,9.5,6,9.0,6,9.0,7,9.8,6,8.2,6,7.1,7,6.5,6,9.1,5,8.4,6,7.2,6,7.3,6,5.7,6,6.0,6,5.9,5,6.7,6,6.6,6,1.1,5.0,7.8,3,8.3,2,5.6,2,3.9,1,6.9,2,9.3,2,8.5,2,9.4,1,8.0,1,9.3,2,9.0,1
2016-02-04 22:00:00,9.3,6,8.8,6,9.0,5,8.8,6,8.3,5,9.8,6,9.0,6,9.1,6,8.8,6,8.8,7,9.6,6,7.9,6,7.2,6,6.5,6,8.7,5,8.1,6,7.1,6,7.1,6,5.7,6,6.2,6,5.8,5,6.8,6,6.7,6,0.8,5.0,7.2,3,7.9,2,4.8,1,3.6,1,6.4,3,8.9,2,8.2,2,8.9,1,7.2,1,8.7,2,8.5,1
2016-02-04 23:00:00,9.2,6,8.7,6,8.9,5,8.8,6,8.1,5,9.7,6,8.9,6,8.7,6,8.6,6,8.5,7,9.4,6,7.7,6,7.4,6,6.4,6,8.2,5,7.8,6,6.9,6,6.8,6,5.7,6,6.1,6,5.6,5,6.8,6,6.9,6,0.6,5.0,6.8,3,7.4,2,4.0,1,3.4,1,5.9,3,8.3,2,7.8,2,8.3,2,6.3,1,8.2,2,8.0,1
2016-02-05 00:00:00,9.2,6,8.7,6,8.8,5,8.7,6,7.8,5,9.7,6,8.7,6,8.3,6,8.3,6,8.3,6,9.2,6,7.3,6,7.4,6,6.3,6,7.8,5,7.5,6,6.7,6,6.4,6,5.5,6,5.7,6,5.3,5,6.7,6,6.9,6,0.2,5.0,6.4,3,6.7,2,3.2,2,3.4,2,5.4,2,7.7,2,7.4,2,7.6,2,5.5,1,7.7,2,7.5,2
2016-02-05 01:00:00,9.1,6,8.7,6,8.7,6,8.4,6,7.6,5,9.7,6,8.5,6,7.8,6,8.1,5,8.0,5,9.0,5,7.0,6,7.1,5,6.1,6,7.4,6,7.1,6,6.3,6,6.1,6,5.1,6,5.1,6,5.0,5,6.3,6,6.7,6,-0.3,5.0,6.1,3,5.9,3,2.5,3,3.6,2,4.8,2,7.0,2,6.9,3,6.7,2,4.6,1,7.2,2,7.0,2
2016-02-05 02:00:00,9.2,6,8.7,6,8.7,6,8.1,7,7.4,5,9.8,6,8.4,6,7.4,6,7.8,5,7.8,5,8.8,5,6.7,6,6.8,5,5.9,6,7.1,6,6.8,6,5.9,6,5.8,6,4.6,6,4.5,6,4.7,5,5.8,6,6.3,6,-0.9,5.0,5.9,3,5.1,4,1.8,4,3.8,3,4.3,2,6.4,2,6.4,3,5.9,2,3.8,1,6.8,2,6.5,2
2016-02-05 03:00:00,9.1,5,9.0,6,8.9,5,8.9,5,7.7,5,10.3,5,8.9,5,9.2,5,8.4,6,8.7,5,9.3,6,8.1,6,7.4,6,6.9,7,8.8,5,7.8,6,6.7,5,6.8,6,5.7,5,5.6,7,5.3,6,6.5,6,6.7,5,0.7,5.0,5.8,3,8.1,2,5.4,3,3.2,2,4.5,2,8.0,1,8.9,1,8.8,1,6.8,1,8.1,2,7.9,1
2016-02-05 04:00:00,9.1,6,9.0,6,8.8,5,8.8,5,7.7,5,10.3,5,8.9,5,9.2,5,8.5,6,8.7,5,9.4,5,8.0,6,7.3,6,6.9,6,8.8,5,7.7,6,6.7,5,6.7,6,5.6,6,5.6,7,5.1,5,6.3,6,6.8,5,0.5,5.0,5.7,3,8.2,2,5.3,3,2.9,3,4.1,2,7.5,2,8.7,1,8.2,1,6.0,1,7.8,2,7.1,1
2016-02-05 05:00:00,9.1,6,8.9,6,8.8,6,8.7,6,7.9,5,10.2,5,8.9,6,9.2,6,8.6,5,8.8,5,9.4,5,7.8,6,7.2,6,7.1,6,8.8,5,7.8,6,6.7,5,6.7,6,5.6,6,5.7,7,5.1,5,6.2,6,6.8,5,0.3,5.0,5.8,4,8.4,2,5.3,2,2.8,4,3.9,3,7.3,2,8.6,2,7.7,1,5.3,1,7.6,2,6.5,1
2016-02-05 06:00:00,9.1,7,8.9,6,8.8,6,8.7,6,8.1,5,10.1,5,8.8,6,9.2,6,8.5,5,8.7,6,9.3,6,7.7,7,7.2,7,7.3,6,8.9,6,7.9,6,6.9,5,6.8,6,5.7,6,6.0,7,5.2,5,6.3,5,6.9,5,0.2,5.0,6.0,5,8.6,2,5.5,2,3.1,5,4.0,3,7.5,2,8.9,2,7.5,1,5.1,1,7.8,2,6.4,2
2016-02-05 07:00:00,9.0,7,8.9,6,8.8,6,8.8,6,8.3,6,10.0,6,8.7,5,9.1,6,8.2,6,8.4,6,9.1,6,7.7,7,7.4,7,7.6,6,8.9,6,8.0,7,7.1,6,7.2,6,6.0,7,6.4,7,5.6,5,6.7,5,7.0,5,0.1,4.0,6.3,4,9.0,2,6.0,2,4.1,4,4.5,4,8.5,2,9.7,2,8.0,1,5.7,2,8.4,2,7.2,2
2016-02-05 08:00:00,8.9,7,9.0,6,8.9,7,8.9,6,8.5,6,9.9,6,8.8,5,9.1,6,7.9,6,8.2,6,8.9,6,7.9,7,7.7,7,8.0,7,9.0,6,8.1,7,7.5,6,7.9,6,6.5,7,7.0,7,6.3,5,7.3,4,7.2,5,0.6,3.0,6.8,3,9.7,2,6.8,2,5.7,3,5.5,4,9.9,1,10.9,1,9.1,1,7.1,2,9.3,3,8.8,2
2016-02-05 09:00:00,8.9,7,9.3,7,9.2,7,9.3,7,8.8,7,10.0,7,9.0,5,9.3,6,7.9,7,8.2,7,9.0,7,8.3,7,8.1,7,8.5,7,9.3,6,8.4,7,7.9,7,8.6,6,7.0,7,7.6,7,7.1,5,8.1,3,7.8,5,1.9,2.0,7.7,2,10.7,2,8.1,2,7.8,2,7.0,4,11.6,1,12.2,1,10.5,1,9.1,2,10.6,3,10.7,2
2016-02-05 10:00:00,9.1,7,9.8,7,9.7,7,9.8,7,9.1,7,10.3,6,9.5,6,9.9,7,8.3,7,8.7,7,9.5,7,9.0,7,8.6,7,9.2,7,9.8,6,8.9,7,8.5,7,9.3,7,7.6,6,8.2,7,8.1,4,9.1,3,8.8,5,4.4,2.0,9.0,2,11.9,1,9.9,1,10.1,2,9.0,4,13.1,1,13.5,1,12.1,1,11.5,2,12.1,3,12.6,1
2016-02-05 11:00:00,9.3,6,10.3,7,10.3,7,10.4,7,9.4,7,10.6,6,10.1,6,10.6,7,8.9,7,9.5,7,10.2,7,9.9,6,9.1,6,9.8,7,10.4,6,9.5,7,9.1,7,9.9,7,8.2,6,8.8,7,9.0,3,10.1,3,9.9,6,7.3,2.0,10.5,2,13.2,1,11.9,1,12.3,2,11.1,4,14.4,2,14.6,1,13.6,2,14.0,2,13.5,2,14.3,1
2016-02-05 12:00:00,9.6,6,10.8,6,10.8,7,10.9,7,9.8,7,11.0,5,10.7,7,11.2,7,9.6,7,10.3,7,10.9,7,10.7,6,9.6,6,10.4,7,11.0,7,10.1,6,9.8,6,10.5,6,8.8,5,9.4,6,10.0,2,11.3,3,10.9,6,9.6,2.0,11.9,2,14.4,1,13.7,1,13.9,3,12.8,4,15.4,2,15.6,2,14.8,2,16.0,2,14.6,2,15.5,2
2016-02-05 13:00:00,9.8,6,11.1,6,11.1,7,11.2,6,10.1,7,11.2,5,11.0,7,11.5,7,10.1,7,10.8,7,11.3,7,11.2,6,10.0,6,10.7,7,11.4,7,10.7,5,10.5,5,11.1,5,9.3,5,9.9,5,10.8,2,12.4,2,11.5,5,10.5,2.0,12.9,3,15.2,1,14.9,1,14.7,2,13.6,3,15.9,3,16.3,2,15.5,2,17.2,2,15.2,2,16.0,2
2016-02-05 14:00:00,9.9,6,11.1,5,11.2,7,11.2,6,10.3,6,11.3,5,11.0,7,11.5,7,10.3,6,10.9,6,11.4,6,11.4,5,10.3,5,10.7,7,11.6,7,11.1,4,10.9,5,11.5,4,9.7,5,10.2,4,11.4,1,13.2,2,11.7,4,10.1,2.0,13.4,3,15.5,1,15.3,1,14.6,2,13.6,3,15.9,3,16.5,3,15.7,2,17.5,2,15.2,3,15.9,3
2016-02-05 15:00:00,9.9,6,10.8,6,10.7,7,10.9,6,10.7,7,11.2,7,10.5,7,11.3,7,10.6,6,11.1,6,11.5,6,11.0,6,9.8,5,10.0,6,11.4,7,11.1,4,10.9,4,11.1,3,9.3,4,9.7,4,11.2,2,12.9,2,11.1,3,8.4,1.0,13.1,2,14.8,2,15.0,1,13.9,2,13.2,3,15.3,2,16.1,2,15.1,2,17.0,1,15.0,2,15.2,2
2016-02-05 16:00:00,9.9,6,10.5,6,10.4,6,10.5,6,10.3,6,10.9,7,10.1,6,10.7,6,10.3,5,10.7,5,11.1,5,10.3,5,9.2,5,9.3,6,10.8,6,10.6,4,10.4,4,10.2,4,8.7,4,9.0,4,10.7,2,12.2,2,10.6,3,6.8,1.0,12.7,3,13.5,2,13.4,1,12.4,2,12.7,3,14.2,2,14.7,1,14.1,2,15.3,1,14.3,2,14.2,2
2016-02-05 17:00:00,9.8,5,10.0,6,9.9,6,9.9,6,9.7,6,10.5,7,9.7,6,10.0,6,9.7,5,10.1,5,10.6,5,9.4,5,8.5,4,8.4,6,10.1,6,9.9,4,9.6,4,9.0,5,7.8,4,8.0,5,9.9,2,10.9,2,10.1,4,5.1,1.0,12.1,4,12.0,1,11.2,1,10.5,2,11.9,3,12.8,2,12.8,1,12.7,1,13.2,1,13.5,2,13.1,2
2016-02-05 18:00:00,9.7,5,9.6,5,9.5,5,9.3,6,9.0,5,10.2,6,9.3,5,9.4,5,9.2,5,9.5,5,10.1,5,8.5,5,7.7,5,7.5,5,9.5,6,9.2,5,8.8,4,8.0,6,6.9,5,6.8,5,9.1,3,9.6,2,9.5,5,3.7,1.0,11.4,4,10.7,2,9.1,1,8.8,2,11.1,4,11.7,2,11.3,2,11.6,2,11.3,1,12.6,2,12.1,2
2016-02-05 19:00:00,9.6,5,9.3,5,9.1,5,8.9,6,8.3,5,10.0,6,9.0,5,9.2,5,8.8,5,9.0,5,9.8,5,7.7,4,6.9,5,6.8,5,9.3,6,8.8,5,8.2,4,7.6,6,6.3,5,5.7,5,8.6,3,8.7,3,9.1,5,2.8,2.0,10.8,5,10.1,2,7.5,1,7.5,2,10.3,4,11.0,3,10.5,2,11.0,3,10.2,2,11.9,2,11.3,2
2016-02-05 20:00:00,9.4,5,9.1,6,8.9,6,8.6,6,7.8,5,9.9,6,8.9,5,9.1,6,8.5,6,8.5,6,9.6,6,7.1,4,6.3,5,6.1,5,9.3,6,8.6,6,7.8,3,7.5,5,5.8,5,4.7,5,8.4,4,8.2,3,8.9,5,2.3,2.0,10.3,5,9.9,3,6.5,1,6.7,2,9.7,4,10.8,4,10.4,3,10.8,4,9.8,4,11.3,2,10.7,3
2016-02-05 21:00:00,9.2,6,8.8,6,8.6,6,8.4,6,7.3,5,9.8,6,8.8,5,9.0,6,8.2,6,8.2,6,9.3,6,6.7,4,5.8,5,5.6,4,9.2,6,8.4,6,7.4,3,7.3,5,5.5,5,4.0,5,8.0,4,8.1,3,8.6,5,1.9,3.0,9.7,5,9.5,3,5.8,2,6.1,3,9.1,4,10.4,4,10.0,4,10.5,4,9.5,4,10.7,2,10.1,4
2016-02-05 22:00:00,9.0,6,8.5,6,8.4,6,8.2,5,6.9,5,9.7,6,8.8,5,8.9,6,8.0,6,7.9,6,9.0,6,6.4,4,5.6,5,5.1,4,9.1,6,8.3,6,7.1,4,7.1,5,5.2,5,3.6,5,7.6,4,8.1,4,8.3,4,1.6,3.0,9.3,5,9.1,4,5.3,2,5.6,3,8.7,4,10.2,5,9.9,4,10.3,4,9.4,4,10.3,3,9.7,4
2016-02-05 23:00:00,8.8,6,8.3,6,8.2,6,8.1,6,6.5,5,9.7,6,8.8,5,8.8,6,7.7,6,7.8,6,8.7,6,6.2,4,5.4,5,4.7,4,9.0,6,8.1,6,6.8,4,6.9,4,4.9,5,3.3,5,7.2,4,8.2,4,8.1,4,1.5,4.0,8.8,5,8.9,4,5.0,3,5.3,4,8.3,4,10.2,5,9.8,4,10.2,4,9.3,4,9.9,3,9.5,5
2016-02-06 00:00:00,8.7,6,8.2,6,8.1,6,8.1,6,6.3,5,9.6,6,8.9,5,8.7,6,7.5,5,7.6,6,8.5,5,6.1,4,5.4,5,4.4,4,9.0,6,8.0,6,6.6,4,6.8,4,4.8,5,3.0,5,6.8,4,8.2,4,7.9,4,1.4,4.0,8.4,5,8.7,4,4.9,4,5.1,4,8.1,4,10.2,5,9.8,5,10.3,5,9.1,5,9.5,3,9.5,5
2016-02-06 01:00:00,8.6,6,8.2,6,8.0,6,8.2,6,6.1,5,9.5,6,9.0,6,8.8,6,7.4,5,7.5,5,8.2,5,6.2,4,5.5,5,4.2,5,9.1,6,7.7,6,6.4,4,6.6,5,4.9,5,2.8,5,6.5,5,8.0,5,7.7,4,1.5,4.0,8.1,5,8.7,5,4.8,4,5.0,4,7.9,4,10.4,5,9.9,5,10.4,5,8.8,5,9.3,4,9.6,5
2016-02-06 02:00:00,8.5,7,8.3,6,8.0,6,8.3,7,6.0,5,9.5,6,9.1,6,9.1,6,7.4,5,7.4,5,8.1,5,6.3,5,5.5,5,4.1,5,9.3,6,7.5,6,6.3,5,6.5,5,5.0,5,2.6,6,6.2,5,7.6,5,7.5,5,1.6,4.0,7.8,5,8.7,5,4.7,5,5.0,5,7.9,4,10.6,5,10.0,5,10.5,5,8.4,5,9.1,4,9.8,5
2016-02-06 03:00:00,9.0,6,8.5,7,8.5,6,8.8,6,6.8,5,10.7,7,9.6,6,9.6,6,8.1,5,8.2,5,9.0,5,6.8,6,6.1,5,4.8,4,10.1,6,8.3,6,6.7,4,7.4,4,4.7,5,3.2,4,6.5,4,7.8,4,8.4,4,0.8,4.0,7.3,4,8.1,5,4.2,4,5.7,3,7.7,5,10.6,6,9.7,6,10.8,5,8.9,4,9.3,5,9.4,6
2016-02-06 04:00:00,9.1,6,8.6,7,8.5,7,9.0,6,6.8,5,10.8,7,9.7,6,9.9,6,8.1,6,8.3,6,9.1,6,6.8,6,5.9,5,4.9,3,10.2,6,8.4,6,6.5,5,7.0,4,4.8,5,3.2,4,6.2,4,7.3,4,8.3,4,0.8,5.0,7.0,4,8.3,5,4.1,4,5.2,3,7.6,5,10.9,7,9.8,6,10.7,5,9.0,5,9.3,5,9.3,6
2016-02-06 05:00:00,9.2,6,8.6,7,8.4,7,9.1,7,6.9,5,10.7,7,9.7,7,10.1,6,8.1,6,8.5,6,9.1,6,6.8,5,5.8,5,5.0,3,10.1,6,8.5,6,6.4,5,6.7,3,5.2,5,3.4,4,6.0,3,7.0,4,8.1,4,0.8,5.0,6.9,4,8.6,6,4.2,5,4.8,3,7.6,4,11.3,7,9.9,7,10.6,6,9.1,6,9.3,5,9.2,6
2016-02-06 06:00:00,9.2,7,8.6,7,8.4,7,9.3,7,7.2,6,10.5,7,9.6,7,10.1,6,8.2,6,8.6,6,9.1,6,7.0,5,5.9,5,5.3,3,10.0,6,8.6,6,6.6,5,6.7,3,5.6,5,3.9,4,6.0,3,7.0,4,8.1,5,0.9,5.0,7.0,3,8.9,6,4.4,5,5.0,3,7.8,4,11.5,7,10.1,7,10.7,6,9.3,6,9.3,5,9.3,6
2016-02-06 07:00:00,9.2,7,8.5,7,8.3,7,9.4,7,7.6,6,10.2,7,9.4,7,9.9,6,8.3,6,8.6,6,9.1,6,7.6,6,6.3,5,5.9,3,9.8,6,8.7,6,7.1,5,7.2,3,6.2,4,4.8,4,6.3,3,7.4,4,8.3,5,1.1,4.0,7.4,3,9.3,6,4.8,5,6.1,3,8.4,4,11.6,7,10.5,7,11.0,6,9.5,7,9.5,5,9.8,6
2016-02-06 08:00:00,9.1,6,8.5,6,8.3,7,9.5,6,8.2,6,9.9,7,9.2,6,9.6,6,8.4,6,8.6,6,9.2,6,8.4,6,7.0,6,6.7,3,9.8,6,8.8,6,7.9,5,8.2,4,6.9,4,5.9,4,6.9,4,8.1,4,8.8,5,1.8,3.0,8.1,3,9.8,6,5.4,5,7.9,2,9.2,4,11.7,7,11.1,7,11.6,7,9.8,7,9.8,6,10.7,6
2016-02-06 09:00:00,9.1,6,8.7,6,8.4,7,9.7,6,8.8,7,9.8,7,9.2,6,9.6,6,8.7,5,8.9,5,9.5,6,9.4,6,8.0,6,7.9,3,9.9,6,9.1,6,8.8,5,9.3,5,7.9,4,7.3,4,7.7,4,9.2,4,9.7,5,3.0,2.0,9.2,2,10.6,6,6.4,6,10.0,2,10.3,4,12.1,7,11.9,7,12.4,6,10.4,7,10.4,7,11.8,6
2016-02-06 10:00:00,9.2,6,9.1,6,8.8,6,10.0,5,9.5,6,9.9,7,9.5,6,10.0,6,9.2,6,9.5,6,10.1,6,10.5,6,9.1,6,9.3,3,10.3,6,9.7,5,9.8,4,10.5,5,9.1,4,8.7,3,8.7,5,10.5,4,10.9,5,5.0,1.0,10.7,2,11.7,7,7.7,6,12.0,2,11.5,4,12.8,7,12.8,7,13.2,6,11.3,7,11.2,7,13.0,5
2016-02-06 11:00:00,9.5,6,9.6,6,9.4,6,10.4,5,10.1,6,10.0,7,10.0,6,10.5,7,9.8,6,10.3,6,10.9,6,11.5,5,10.3,6,10.7,3,11.0,6,10.5,5,10.9,4,11.7,4,10.4,4,10.1,3,9.8,5,11.9,4,12.1,5,7.1,1.0,12.4,2,12.9,7,9.1,6,13.7,2,12.6,3,13.8,7,13.6,7,14.0,6,12.2,7,12.1,7,14.2,5
2016-02-06 12:00:00,9.7,6,10.1,6,9.9,6,10.8,5,10.7,6,10.2,7,10.4,7,11.1,7,10.3,6,11.0,6,11.5,6,12.5,5,11.3,6,11.8,3,11.6,7,11.3,5,11.8,4,12.7,4,11.4,5,11.2,2,10.8,5,13.1,5,13.1,5,8.8,2.0,13.8,2,13.8,7,10.3,7,14.9,2,13.6,2,14.6,7,14.3,7,14.6,6,13.1,7,12.8,6,15.2,4
2016-02-06 13:00:00,9.9,6,10.4,6,10.2,6,11.0,6,11.2,5,10.3,6,10.5,7,11.4,7,10.7,6,11.5,6,11.9,6,13.3,5,12.0,6,12.3,3,12.1,7,11.9,5,12.5,5,13.5,4,12.0,5,11.9,2,11.5,5,14.0,5,13.7,5,9.5,3.0,14.8,3,14.3,7,11.1,7,15.4,2,14.2,2,15.1,7,14.7,7,15.0,6,13.6,7,13.2,7,15.7,4
2016-02-06 14:00:00,10.0,6,10.5,6,10.5,6,11.0,7,11.6,5,10.2,6,10.3,7,11.5,7,10.9,6,11.7,5,12.1,5,13.7,5,12.4,6,12.4,3,12.3,7,12.3,6,12.9,5,13.9,4,12.1,6,12.1,2,11.8,5,14.4,6,13.9,6,9.3,4.0,15.3,4,14.4,7,11.3,7,15.3,2,14.5,2,15.3,7,14.7,7,15.0,6,13.7,7,13.3,7,15.9,4
2016-02-06 15:00:00,10.6,6,11.6,6,11.4,5,11.4,6,11.7,5,10.6,7,10.4,7,12.1,6,11.3,5,12.0,4,12.6,5,13.2,5,12.0,5,12.4,4,13.1,7,12.3,6,12.7,4,13.4,4,12.1,4,12.2,4,11.9,4,14.1,4,13.6,4,8.5,5.0,15.4,2,14.1,7,11.3,7,14.3,2,14.0,2,14.8,7,14.2,7,14.8,7,13.5,6,13.3,7,15.1,4
2016-02-06 16:00:00,10.8,6,11.4,6,11.4,5,10.9,7,11.7,5,10.0,6,9.9,7,11.6,6,11.3,4,12.0,4,12.6,4,12.7,6,11.4,5,11.6,4,12.6,7,12.0,6,12.3,5,12.8,4,11.5,4,11.2,4,11.5,4,13.3,4,13.1,3,7.5,5.0,15.2,3,13.4,7,10.4,7,13.0,2,13.4,2,14.2,7,13.7,7,14.2,7,12.8,7,12.9,7,14.6,3
2016-02-06 17:00:00,10.9,6,11.1,7,11.2,5,10.2,6,11.5,5,9.3,6,9.4,7,10.9,7,11.2,5,11.8,5,12.5,5,12.0,6,10.5,5,10.6,3,11.8,7,11.4,6,11.7,5,11.9,4,10.6,5,9.8,4,10.9,4,12.2,4,12.6,2,6.5,5.0,14.7,4,12.8,6,9.3,7,11.5,2,12.7,3,13.5,6,13.2,7,13.6,7,12.0,7,12.6,7,13.9,3
2016-02-06 18:00:00,10.9,6,10.7,7,10.9,5,9.4,6,11.2,5,8.7,6,8.8,7,10.2,7,11.0,5,11.5,5,12.3,5,11.2,5,9.8,5,9.6,3,11.0,7,10.8,6,11.0,5,11.1,5,9.9,5,8.6,5,10.2,4,11.3,4,12.0,2,5.5,5.0,14.1,5,12.3,6,8.3,7,10.3,3,12.0,4,13.0,6,12.8,7,13.1,7,11.3,7,12.2,6,13.2,3
2016-02-06 19:00:00,10.6,7,10.2,6,10.5,6,8.7,6,10.8,5,8.3,6,8.2,6,9.5,6,10.6,6,10.9,5,11.9,5,10.6,5,9.5,5,8.9,3,10.4,6,10.3,6,10.4,5,10.6,5,9.5,5,7.9,5,9.7,5,10.8,4,11.6,3,4.8,6.0,13.3,6,12.2,6,7.8,7,9.6,3,11.4,4,12.9,6,12.6,7,13.0,7,10.9,7,11.9,6,12.6,3
2016-02-06 20:00:00,10.2,6,9.7,6,10.0,6,8.1,5,10.3,5,8.1,5,7.7,4,8.9,5,10.1,6,10.2,6,11.5,6,10.1,5,9.4,5,8.4,4,9.8,6,9.8,6,9.9,5,10.4,6,9.4,5,7.5,5,9.3,5,10.7,5,11.3,4,4.4,6.0,12.6,6,12.3,6,7.8,7,9.4,4,11.0,4,13.1,7,12.6,7,13.1,7,10.8,7,11.6,7,12.0,3
2016-02-06 21:00:00,9.9,6,9.1,6,9.6,6,7.7,5,9.9,6,7.9,5,7.2,4,8.2,4,9.5,6,9.7,6,10.9,6,9.7,5,9.5,5,8.1,4,9.3,5,9.3,6,9.4,5,10.3,6,9.4,5,7.2,5,8.9,5,10.8,5,11.4,5,4.3,6.0,11.9,6,12.1,6,7.6,7,9.5,5,10.7,4,13.0,6,12.5,7,13.0,6,10.6,6,11.4,6,11.5,3
2016-02-06 22:00:00,9.5,6,8.7,6,9.3,6,7.4,5,9.6,6,7.7,5,6.8,3,7.6,4,9.0,6,9.2,6,10.4,6,9.4,5,9.6,6,7.9,4,8.8,5,8.8,6,9.0,5,10.1,6,9.5,6,7.0,5,8.5,5,10.9,5,11.6,5,4.4,6.0,11.3,6,11.9,6,7.4,6,9.8,5,10.4,5,12.9,6,12.5,6,13.0,6,10.5,6,11.2,6,11.1,4
2016-02-06 23:00:00,9.2,6,8.3,6,9.0,6,7.2,5,9.2,6,7.6,5,6.5,3,7.1,4,8.6,6,8.8,5,9.9,6,9.1,6,9.5,6,7.8,4,8.4,5,8.4,6,8.6,5,9.9,6,9.5,6,6.9,4,8.1,5,10.8,6,11.7,5,4.5,6.0,10.7,7,11.7,6,7.2,6,10.0,6,10.2,5,12.8,6,12.5,6,12.9,6,10.4,6,11.0,6,10.9,4
2016-02-07 00:00:00,8.9,6,8.0,6,8.7,6,7.1,5,8.7,6,7.6,5,6.4,3,6.7,4,8.2,6,8.6,5,9.5,6,8.8,7,9.3,6,7.6,5,8.0,5,8.1,6,8.3,6,9.4,6,9.2,6,6.6,4,7.9,5,10.5,6,11.6,5,4.6,6.0,10.2,7,11.3,6,7.0,6,10.0,6,9.9,5,12.6,6,12.3,6,12.7,6,10.5,6,10.9,6,10.8,4
2016-02-07 01:00:00,8.6,6,7.9,6,8.5,6,6.9,5,8.1,7,7.6,5,6.5,4,6.4,4,7.9,5,8.3,5,9.3,6,8.4,7,8.8,5,7.3,5,7.8,5,7.8,6,8.0,6,8.7,6,8.7,6,6.2,5,7.8,6,9.8,5,11.2,5,4.4,5.0,9.9,6,10.9,6,6.8,6,9.6,6,9.6,5,12.4,6,12.0,6,12.5,6,10.7,6,10.8,6,10.9,4
2016-02-07 02:00:00,8.3,6,7.7,6,8.3,6,6.6,5,7.5,7,7.7,5,6.6,5,6.2,4,7.6,5,8.0,5,9.0,5,8.1,6,8.3,5,7.0,5,7.7,6,7.5,6,7.7,6,8.0,6,8.0,6,5.9,5,7.6,6,9.0,5,10.7,6,4.2,5.0,9.6,6,10.4,6,6.5,6,9.1,6,9.3,5,12.2,5,11.8,6,12.3,5,11.0,5,10.8,6,11.1,5
2016-02-07 03:00:00,8.9,5,8.4,4,8.9,6,7.2,4,8.2,7,7.4,4,6.4,3,6.7,2,7.8,5,8.4,6,9.5,6,8.8,6,8.9,6,7.0,5,8.1,4,7.5,5,7.9,6,8.6,7,8.3,7,5.2,5,6.9,6,9.5,7,10.8,6,4.1,5.0,9.1,6,11.0,7,6.5,7,7.4,7,9.0,7,12.5,7,11.8,7,12.5,6,9.5,7,10.3,7,10.0,6
2016-02-07 04:00:00,8.3,4,7.7,3,8.2,6,6.6,3,7.9,7,7.4,4,6.2,3,6.6,3,7.2,5,7.8,5,8.8,5,8.5,6,8.7,6,6.6,6,7.9,4,6.9,4,7.3,6,8.1,6,8.3,7,5.3,5,6.3,5,8.8,7,10.8,7,4.3,6.0,8.8,5,11.1,7,6.7,7,7.0,6,8.6,7,12.5,7,11.9,7,12.6,7,9.8,7,10.4,7,10.1,6
2016-02-07 05:00:00,7.7,3,6.9,3,7.6,5,6.1,3,7.7,7,7.3,4,6.0,3,6.5,3,6.7,4,7.4,5,8.3,5,8.1,7,8.5,7,5.9,7,7.6,5,6.5,3,6.8,6,7.6,6,8.3,7,5.4,5,5.8,4,8.2,7,10.9,7,4.3,6.0,8.5,5,11.1,7,7.1,7,6.8,5,8.3,7,12.5,7,12.0,7,12.8,7,10.2,7,10.5,7,10.1,7
2016-02-07 06:00:00,7.3,2,6.4,2,7.1,5,5.8,2,7.7,7,7.3,4,5.9,3,6.4,3,6.5,3,7.2,4,7.9,4,7.8,7,8.2,7,5.5,7,7.4,5,6.3,2,6.5,6,7.3,6,8.3,7,5.5,5,5.5,4,7.8,7,10.7,7,3.9,7.0,8.2,4,11.0,7,7.3,7,6.6,4,8.1,7,12.4,7,12.0,7,12.7,7,10.4,7,10.5,7,10.1,7
2016-02-07 07:00:00,7.3,3,6.4,3,6.9,5,6.0,2,7.8,7,7.4,4,6.0,4,6.5,4,6.5,3,7.1,4,7.7,4,7.7,7,7.9,7,5.5,7,7.4,5,6.5,2,6.5,6,7.3,7,8.2,7,5.5,6,5.4,5,7.6,7,10.1,7,2.9,7.0,8.0,5,10.7,7,7.2,7,6.6,5,8.1,7,12.1,6,11.8,7,12.4,7,10.3,7,10.2,7,10.3,7
2016-02-07 08:00:00,7.5,4,6.7,4,7.0,5,6.5,2,8.0,7,7.6,4,6.4,4,6.7,4,6.7,3,7.3,4,7.9,4,7.9,7,7.7,7,5.9,7,7.7,5,6.9,3,6.9,6,7.5,7,8.0,7,5.6,6,5.6,5,7.6,6,9.4,7,1.9,7.0,8.0,5,10.4,7,6.9,7,6.7,6,8.2,6,11.7,5,11.7,6,11.9,7,10.0,7,10.0,7,10.6,7
2016-02-07 09:00:00,7.8,5,7.3,5,7.4,5,7.3,3,8.3,7,8.0,5,6.9,5,7.3,4,7.2,4,7.7,5,8.3,5,8.4,6,7.6,7,6.5,7,8.2,5,7.5,3,7.4,6,8.0,7,7.9,7,5.7,6,5.9,6,7.9,6,8.9,7,1.6,7.0,8.3,6,10.3,7,6.8,7,7.2,6,8.6,6,11.6,5,11.6,6,11.6,7,9.8,7,10.1,7,11.1,7
2016-02-07 10:00:00,8.1,6,8.0,5,8.0,5,8.1,3,8.7,7,8.5,5,7.6,5,8.2,4,7.9,4,8.5,5,9.0,5,9.1,6,7.8,7,7.2,7,9.0,5,8.2,4,8.1,6,8.6,6,8.0,7,6.0,6,6.3,6,8.4,6,8.8,7,2.5,7.0,9.1,6,10.5,7,7.0,7,8.0,7,9.3,5,11.8,5,11.8,6,11.6,7,10.0,7,10.8,7,11.7,5
2016-02-07 11:00:00,8.5,6,8.7,6,8.8,5,8.9,4,9.0,6,9.0,5,8.3,5,9.3,5,8.6,5,9.3,6,9.8,5,9.8,7,8.2,7,8.0,7,9.9,5,8.9,5,8.7,6,9.3,6,8.3,6,6.5,7,6.8,7,9.0,6,9.0,7,4.0,7.0,10.1,6,10.9,7,7.4,7,9.0,7,10.0,5,12.3,6,12.2,6,11.9,7,10.5,7,11.9,7,12.3,4
2016-02-07 12:00:00,8.7,6,9.2,6,9.3,5,9.5,5,9.4,6,9.5,5,8.9,5,10.2,6,9.1,5,10.0,6,10.4,6,10.4,7,8.7,7,8.6,7,10.6,6,9.6,5,9.3,6,9.9,5,8.6,6,7.0,7,7.3,6,9.6,6,9.3,7,5.2,7.0,11.0,6,11.4,7,8.0,7,9.7,7,10.6,5,12.9,7,12.6,6,12.3,7,11.1,7,12.8,7,12.7,4
2016-02-07 13:00:00,8.9,6,9.4,6,9.5,6,9.8,5,9.7,6,9.8,5,9.4,5,10.7,6,9.2,5,10.2,5,10.6,5,10.7,7,9.2,6,9.0,7,11.0,6,10.1,6,9.7,6,10.4,6,9.0,6,7.5,7,7.7,6,9.9,6,9.6,6,5.5,7.0,11.6,6,11.8,7,8.5,7,10.0,7,10.8,6,13.3,7,12.9,6,12.7,7,11.7,7,13.3,7,12.9,4
2016-02-07 14:00:00,9.0,5,9.4,6,9.5,6,9.7,5,9.9,6,9.9,6,9.6,6,10.8,5,9.0,5,10.1,5,10.5,5,10.6,6,9.4,6,9.1,7,11.1,6,10.4,6,9.8,6,10.5,6,9.2,6,7.8,6,8.0,6,10.0,6,9.7,6,5.2,7.0,11.8,7,11.9,7,8.9,7,9.8,7,10.7,6,13.5,6,13.0,6,12.8,7,12.1,7,13.4,7,12.9,5
2016-02-07 15:00:00,8.9,5,9.3,5,9.0,6,9.5,5,9.7,5,10.2,7,9.6,6,10.6,5,8.8,6,9.5,6,10.1,6,10.2,6,8.7,6,8.5,6,11.2,6,10.3,5,9.5,5,10.0,5,8.8,6,7.4,7,7.7,6,9.6,6,9.4,5,4.2,6.0,11.8,7,11.0,6,8.5,6,8.9,7,10.3,6,12.9,5,12.4,5,12.4,5,11.9,5,12.6,7,12.9,5
2016-02-07 16:00:00,8.9,5,9.0,5,8.7,6,9.0,5,9.1,5,10.3,7,9.4,7,10.0,5,8.5,6,9.0,6,9.7,6,9.3,6,8.1,6,8.0,6,10.8,6,9.7,5,8.9,5,9.1,5,8.1,5,7.0,6,7.3,6,9.0,5,8.9,5,3.6,5.0,11.3,7,10.2,4,7.8,5,8.2,7,9.9,6,12.1,4,11.6,4,11.9,4,11.4,4,12.3,7,12.3,5
2016-02-07 17:00:00,8.9,5,8.7,5,8.5,6,8.4,5,8.3,5,10.3,7,9.1,7,9.3,6,8.2,6,8.6,6,9.4,6,8.3,5,7.3,5,7.4,6,10.3,6,8.9,6,8.1,5,8.1,5,7.1,5,6.5,6,6.8,6,8.3,5,8.2,4,2.9,4.0,10.6,7,9.2,3,6.7,3,7.5,7,9.4,5,11.1,3,10.5,3,11.1,2,10.5,2,11.9,7,11.7,4
2016-02-07 18:00:00,8.9,5,8.4,5,8.2,6,8.0,5,7.7,5,10.2,6,8.8,6,8.8,6,8.0,5,8.2,5,9.0,6,7.5,5,6.6,5,6.9,5,9.9,6,8.4,6,7.5,5,7.3,4,6.2,4,6.0,6,6.5,6,7.7,5,7.6,4,2.1,3.0,10.1,7,8.3,2,5.7,1,7.0,6,9.0,5,10.3,2,9.6,2,10.2,1,9.6,1,11.4,7,11.1,4
2016-02-07 19:00:00,9.0,6,8.4,6,7.9,6,8.1,5,7.4,5,10.1,6,8.7,6,8.7,6,7.8,5,8.0,5,8.8,5,7.3,6,6.3,5,6.6,5,9.7,6,8.3,6,7.3,5,7.2,5,5.7,4,5.7,5,6.4,6,7.5,5,7.2,4,1.3,4.0,10.0,7,7.7,2,4.9,1,6.7,6,8.7,5,9.8,2,9.0,2,9.5,1,8.8,1,10.8,6,10.7,4
2016-02-07 20:00:00,9.1,6,8.5,6,7.8,6,8.5,5,7.4,6,10.0,6,8.7,5,8.9,6,7.8,5,7.9,5,8.7,5,7.4,6,6.2,5,6.4,5,9.8,6,8.6,6,7.3,5,7.5,5,5.5,5,5.6,5,6.6,6,7.6,5,6.9,4,0.7,5.0,10.2,7,7.2,2,4.4,1,6.7,6,8.5,5,9.7,2,8.8,2,8.9,1,8.1,1,10.2,5,10.4,4
2016-02-07 21:00:00,9.1,6,8.5,6,7.8,6,8.8,5,7.2,6,9.9,6,8.8,5,9.2,6,8.0,5,8.0,5,8.8,5,7.3,6,6.1,5,6.1,5,9.9,6,8.8,6,7.3,5,7.4,5,5.3,5,5.4,4,6.7,6,7.7,5,6.7,4,0.2,5.0,10.4,6,6.7,3,4.0,1,6.7,6,8.4,5,9.6,2,8.6,2,8.5,1,7.6,1,9.8,5,10.1,4
2016-02-07 22:00:00,9.1,6,8.6,6,8.0,6,9.2,5,7.1,6,9.8,5,8.9,5,9.5,6,8.3,5,8.2,5,8.9,5,7.2,6,6.1,5,5.7,5,10.1,6,9.1,6,7.3,5,7.2,6,5.0,5,5.0,4,6.8,6,7.7,5,6.5,4,-0.1,5.0,10.5,6,6.4,2,3.6,1,6.7,6,8.4,5,9.5,2,8.4,2,8.2,2,7.2,1,9.4,5,9.9,4
2016-02-07 23:00:00,9.1,6,8.7,6,8.1,6,9.4,5,7.0,6,9.7,5,9.0,5,9.7,6,8.5,5,8.4,5,9.1,5,7.1,6,6.0,6,5.5,5,10.2,6,9.2,6,7.4,6,7.1,6,4.9,5,4.6,3,6.9,6,7.7,5,6.4,5,-0.3,5.0,10.6,6,6.3,2,3.2,2,6.7,5,8.3,5,9.3,3,8.3,3,8.0,2,7.0,1,9.0,5,9.6,4
2016-02-08 00:00:00,9.1,6,8.7,6,8.2,6,9.3,6,6.9,6,9.6,5,9.0,5,9.7,6,8.7,5,8.5,5,9.2,5,7.0,6,6.1,6,5.4,5,10.4,6,9.2,6,7.4,6,7.1,6,4.9,5,4.5,4,6.9,6,7.7,5,6.5,5,-0.3,4.0,10.6,6,6.3,2,2.9,2,6.7,5,8.2,5,9.1,3,8.3,3,8.0,3,6.8,1,8.7,5,9.3,4
2016-02-08 01:00:00,9.0,6,8.6,6,8.2,6,9.0,6,6.9,6,9.5,5,8.9,5,9.6,6,8.8,5,8.6,5,9.3,5,7.0,7,6.3,5,5.8,6,10.5,6,9.2,6,7.5,6,7.3,6,5.1,5,4.8,4,6.9,6,7.8,5,6.6,5,-0.2,4.0,10.6,6,6.5,3,2.8,3,6.8,5,7.9,5,8.9,3,8.5,4,8.1,3,6.8,1,8.5,5,8.9,4
2016-02-08 02:00:00,8.9,6,8.5,6,8.1,6,8.5,6,6.9,6,9.3,5,8.7,5,9.3,6,8.8,5,8.7,5,9.4,5,7.2,7,6.6,5,6.4,6,10.5,6,9.2,6,7.6,6,7.6,5,5.4,5,5.4,5,6.8,6,8.0,5,6.8,5,0.0,4.0,10.7,5,6.7,4,2.7,4,6.8,5,7.7,4,8.7,4,8.6,4,8.2,4,6.8,2,8.3,5,8.6,4
2016-02-08 03:00:00,9.6,7,8.8,6,8.3,6,9.5,5,7.6,7,10.4,5,9.5,5,10.1,6,9.2,6,9.5,6,10.2,6,7.9,7,6.3,5,5.8,6,11.0,5,9.5,6,7.8,6,7.5,6,4.8,5,4.5,3,6.7,7,7.5,4,6.2,2,-0.8,3.0,10.1,6,5.6,4,2.5,2,5.7,3,8.1,4,8.1,3,7.4,4,7.1,1,6.5,1,8.2,3,8.5,2
2016-02-08 04:00:00,9.8,6,9.1,6,8.7,6,9.4,5,8.1,7,10.1,5,9.2,5,10.0,6,9.5,6,10.0,6,10.7,6,8.4,7,6.5,5,6.2,6,11.1,5,9.7,6,8.3,6,8.1,6,5.2,6,4.9,3,7.0,7,7.7,4,6.4,3,-0.9,3.0,10.3,6,5.3,4,2.2,2,5.7,3,8.4,3,7.6,3,6.8,4,6.7,2,6.2,1,7.7,3,7.9,3
2016-02-08 05:00:00,10.0,5,9.4,6,9.1,6,9.3,5,8.6,7,9.8,5,8.9,6,9.9,6,9.8,6,10.5,6,11.0,6,8.7,7,6.9,6,6.7,7,11.2,5,10.0,6,8.8,6,8.6,6,5.7,6,5.5,4,7.4,6,7.9,4,6.6,3,-1.0,3.0,10.6,6,5.0,4,1.9,2,5.9,3,8.7,2,7.2,4,6.3,4,6.4,2,5.8,1,7.4,2,7.3,3
2016-02-08 06:00:00,10.0,5,9.5,6,9.3,6,9.2,5,9.0,7,9.5,5,8.5,6,9.8,6,9.9,6,10.6,7,11.1,7,9.0,7,7.2,7,7.2,7,11.1,5,10.2,6,9.1,6,9.0,6,6.3,6,6.2,5,7.7,6,8.2,5,6.8,4,-0.9,3.0,10.8,6,5.0,5,1.8,2,6.5,3,9.0,2,7.2,4,6.3,4,6.4,3,5.7,2,7.3,2,7.5,4
2016-02-08 07:00:00,9.7,4,9.3,5,9.1,6,9.1,5,9.1,7,9.2,5,8.1,6,9.5,5,9.6,7,10.2,7,10.7,7,9.1,7,7.5,7,7.7,7,10.7,5,10.1,7,9.1,6,9.2,7,6.8,7,7.0,5,7.7,7,8.5,6,7.1,5,-0.5,4.0,10.8,6,5.6,5,2.1,3,7.5,3,9.2,3,7.9,5,7.2,5,7.0,3,5.9,3,7.7,2,8.7,4
2016-02-08 08:00:00,9.2,4,8.9,5,8.7,5,8.9,5,9.1,7,9.0,5,7.9,5,9.3,5,9.2,7,9.7,7,10.2,7,9.3,6,7.9,7,8.2,7,10.3,6,9.9,7,9.0,7,9.3,7,7.2,7,7.8,6,7.6,7,8.8,7,7.6,6,0.3,5.0,10.8,7,6.7,6,2.8,4,8.8,4,9.5,4,9.1,5,8.7,5,8.0,3,6.6,4,8.6,3,10.6,4
2016-02-08 09:00:00,8.8,4,8.7,5,8.5,5,8.9,5,9.2,7,8.9,5,7.9,5,9.3,6,8.9,7,9.4,7,9.9,7,9.6,6,8.5,7,9.0,7,10.2,6,9.8,7,9.0,7,9.5,7,7.7,7,8.6,6,7.6,7,9.3,7,8.3,6,1.8,5.0,11.1,7,8.2,6,4.1,5,10.2,4,10.3,5,10.6,6,10.5,5,9.5,3,7.9,5,9.7,3,12.6,5
2016-02-08 10:00:00,8.7,5,8.7,5,8.8,5,9.0,5,9.4,7,9.1,5,8.2,5,9.6,6,9.0,7,9.6,7,10.0,7,10.2,7,9.3,7,10.1,7,10.5,6,9.9,7,9.3,7,10.0,7,8.3,7,9.5,6,7.9,7,10.0,7,9.3,6,3.9,6.0,11.8,7,10.0,7,5.9,5,11.6,4,11.7,5,12.2,6,12.1,6,11.2,4,9.7,5,11.0,3,14.3,4
2016-02-08 11:00:00,8.8,5,9.0,5,9.4,6,9.3,5,9.8,7,9.3,5,8.7,5,10.1,7,9.3,7,10.1,7,10.5,7,10.9,7,10.1,7,11.2,7,11.1,7,10.1,7,9.9,7,10.6,7,8.9,7,10.3,7,8.4,7,10.8,7,10.4,6,6.1,6.0,12.6,7,11.8,7,7.9,5,12.8,3,13.4,5,13.6,6,13.4,6,12.9,4,11.7,5,12.3,3,15.6,4
2016-02-08 12:00:00,9.0,5,9.3,4,9.9,6,9.5,5,10.1,7,9.6,5,9.2,5,10.6,7,9.6,6,10.6,7,10.9,7,11.5,7,10.7,7,11.9,7,11.6,7,10.5,7,10.4,7,11.2,7,9.5,7,11.0,7,9.0,7,11.5,7,11.4,6,7.7,7.0,13.5,7,13.2,7,9.6,4,13.7,3,14.8,5,14.6,6,14.4,6,14.2,4,13.4,5,13.4,3,16.3,4
2016-02-08 13:00:00,9.1,5,9.5,4,10.0,5,9.7,5,10.3,7,9.7,5,9.4,5,11.0,7,9.8,6,10.8,7,11.1,7,11.8,7,11.0,7,12.0,7,11.9,7,10.9,7,10.8,7,11.6,7,10.1,7,11.5,7,9.4,7,12.1,7,12.0,7,8.3,7.0,14.1,7,14.0,7,10.6,4,14.1,4,15.5,5,15.1,5,15.0,6,14.8,4,14.3,5,14.1,4,16.5,4
2016-02-08 14:00:00,9.2,5,9.6,5,9.9,5,9.7,5,10.4,7,9.7,5,9.5,5,11.1,6,9.8,6,10.7,6,11.0,7,11.8,7,11.0,7,11.7,7,11.9,7,11.2,7,10.9,7,11.8,7,10.4,7,11.7,7,9.7,7,12.3,6,12.3,7,8.0,7.0,14.4,7,14.2,7,11.0,4,14.0,4,15.6,6,15.1,5,15.1,6,14.9,4,14.5,5,14.4,4,16.2,5
2016-02-08 15:00:00,9.5,6,9.8,6,9.6,6,9.9,6,10.6,7,10.4,5,10.0,5,11.2,5,9.1,6,10.3,6,10.6,6,10.9,6,10.4,7,11.2,6,12.0,6,11.1,5,10.6,7,11.1,6,10.0,7,10.8,6,9.6,7,11.4,6,11.7,7,6.1,7.0,13.9,7,13.9,6,10.3,7,13.4,5,15.3,7,15.6,5,16.0,5,14.8,4,14.1,5,14.5,4,16.7,5
2016-02-08 16:00:00,9.7,6,9.7,6,9.4,5,9.5,5,10.2,6,10.0,5,9.6,5,10.7,5,9.1,5,9.9,6,10.4,5,10.2,5,9.7,7,10.4,6,11.5,6,10.6,5,10.0,6,10.3,6,9.5,6,9.9,6,9.2,6,10.7,6,11.1,7,5.3,7.0,13.4,6,13.1,5,9.7,7,12.3,5,14.4,6,15.0,4,15.1,5,14.2,5,13.1,5,14.0,4,15.9,4
2016-02-08 17:00:00,9.8,6,9.4,5,9.3,5,8.9,5,9.6,6,9.5,6,9.1,6,10.0,5,9.0,5,9.5,5,10.2,5,9.5,5,8.9,6,9.6,5,10.9,5,9.9,6,9.3,6,9.3,5,8.8,5,8.9,6,8.6,6,10.0,5,10.5,7,4.6,7.0,12.7,5,12.3,5,8.8,6,11.0,4,13.5,6,14.2,4,13.9,4,13.3,5,11.9,5,13.3,4,14.9,4
2016-02-08 18:00:00,9.8,5,9.1,5,9.1,5,8.4,5,9.0,6,9.0,6,8.6,6,9.3,5,8.9,4,9.1,5,9.9,4,8.8,5,8.2,6,8.9,5,10.2,5,9.3,6,8.7,6,8.6,5,8.0,5,8.2,6,8.1,5,9.4,5,10.0,7,4.0,6.0,12.1,5,11.6,5,8.0,6,9.9,3,12.6,5,13.4,4,12.7,4,12.5,5,10.9,4,12.6,4,13.9,4
2016-02-08 19:00:00,9.6,5,8.7,4,8.7,4,8.0,5,8.5,5,8.6,6,8.1,5,8.8,5,8.7,4,8.7,4,9.6,4,8.4,5,7.8,6,8.5,5,9.7,5,8.9,5,8.3,6,8.4,5,7.4,5,7.9,5,7.8,5,9.2,5,9.6,6,3.5,6.0,11.7,5,11.1,5,7.3,5,9.0,3,11.9,5,12.7,4,11.8,4,11.8,5,10.3,4,12.1,4,12.9,3
2016-02-08 20:00:00,9.4,4,8.3,3,8.3,4,7.7,4,8.1,5,8.2,5,7.6,4,8.5,5,8.4,4,8.4,4,9.4,4,8.2,5,7.6,6,8.3,5,9.4,5,8.8,5,8.2,5,8.6,5,7.0,5,7.9,5,7.6,5,9.2,5,9.4,6,3.0,6.0,11.4,6,10.8,5,6.8,5,8.4,3,11.4,5,12.2,4,11.2,4,11.4,5,10.1,5,11.8,4,12.0,4
2016-02-08 21:00:00,9.2,4,8.0,3,7.9,4,7.6,4,7.7,5,8.0,4,7.3,3,8.2,5,8.1,5,8.2,4,9.2,4,8.0,5,7.4,6,8.0,6,9.1,6,8.7,5,8.0,5,8.4,5,6.7,5,7.9,5,7.5,5,9.1,5,9.2,6,2.7,6.0,11.2,6,10.3,5,6.3,5,8.1,4,11.0,5,11.7,4,10.7,4,11.0,5,9.8,5,11.4,4,11.4,4
2016-02-08 22:00:00,8.9,4,7.8,4,7.7,4,7.5,4,7.3,5,7.9,4,7.1,3,7.9,5,8.0,5,8.1,5,9.1,4,7.8,5,7.3,6,7.8,6,9.0,6,8.6,5,7.9,5,8.2,5,6.6,5,7.7,5,7.5,5,9.0,5,9.0,6,2.6,6.0,11.0,6,9.9,5,5.9,5,8.1,4,10.5,5,11.2,4,10.3,5,10.7,5,9.5,5,11.0,4,10.8,4
2016-02-08 23:00:00,8.7,4,7.6,4,7.7,4,7.4,4,7.0,5,7.9,4,6.9,2,7.6,5,7.8,5,8.1,5,8.9,4,7.6,5,7.3,6,7.5,6,8.9,6,8.4,5,7.7,5,7.9,6,6.5,6,7.3,5,7.5,5,8.8,5,8.9,6,2.6,6.0,10.9,6,9.5,5,5.6,5,8.3,5,10.1,5,10.9,4,10.1,5,10.5,5,9.3,5,10.7,4,10.5,4
2016-02-09 00:00:00,8.4,4,7.4,5,7.6,4,7.2,5,6.6,5,7.9,4,6.9,3,7.4,5,7.6,5,8.0,5,8.7,5,7.4,5,7.2,6,7.3,6,8.8,6,8.2,5,7.6,6,7.7,6,6.4,6,6.9,6,7.4,5,8.7,5,8.9,6,2.7,6.0,10.8,6,9.2,5,5.4,5,8.5,5,9.7,5,10.6,4,10.0,5,10.4,5,9.2,4,10.4,4,10.3,4
2016-02-09 01:00:00,8.1,4,7.3,5,7.4,5,7.0,5,6.3,5,8.0,4,6.9,4,7.4,6,7.4,5,7.7,5,8.4,5,7.2,5,7.1,6,7.1,6,8.8,6,7.9,5,7.4,6,7.6,6,6.4,6,6.6,6,7.3,6,8.6,5,8.9,6,2.8,5.0,10.8,6,9.0,5,5.1,5,8.7,5,9.5,4,10.4,4,10.0,5,10.3,5,9.1,4,10.1,4,10.2,4
2016-02-09 02:00:00,7.8,5,7.2,5,7.1,5,6.7,6,6.0,5,8.0,5,7.0,5,7.4,6,7.1,5,7.4,5,8.0,5,7.0,5,7.0,5,7.0,6,8.8,6,7.7,5,7.3,5,7.6,5,6.3,6,6.4,6,7.1,6,8.5,5,9.0,6,2.9,5.0,10.8,6,9.0,5,5.0,5,8.9,5,9.5,4,10.3,4,10.1,5,10.2,5,9.1,4,9.9,4,10.2,4
2016-02-09 03:00:00,7.4,5,6.6,5,6.4,4,6.7,6,6.1,6,7.5,5,6.5,4,7.1,5,6.9,6,7.3,6,8.2,6,7.3,7,6.8,5,6.9,6,8.9,5,8.0,6,7.8,6,8.1,7,6.7,7,6.5,7,7.9,7,9.0,6,9.1,6,3.0,6.0,11.6,7,8.9,7,5.4,7,10.0,6,10.1,5,10.2,6,10.1,6,10.9,6,9.5,6,9.9,6,9.9,5
2016-02-09 04:00:00,7.2,5,6.4,5,6.3,5,6.6,6,6.1,6,7.4,5,6.4,5,7.2,6,6.8,6,7.3,6,8.2,6,7.4,7,6.8,6,7.1,6,9.1,5,8.1,6,8.0,7,8.4,7,7.0,7,6.6,7,8.2,7,9.3,6,9.3,5,3.3,6.0,11.8,7,8.7,6,5.4,7,10.2,6,10.3,5,10.0,5,9.7,6,11.0,6,9.8,6,9.9,6,9.5,5
2016-02-09 05:00:00,7.0,6,6.3,6,6.2,5,6.4,6,6.2,7,7.3,5,6.2,6,7.2,5,6.8,7,7.4,7,8.1,7,7.5,7,6.8,7,7.4,7,9.2,6,8.2,6,8.2,7,8.6,7,7.4,7,6.9,7,8.5,7,9.5,6,9.6,5,3.6,7.0,11.9,7,8.7,6,5.4,7,10.2,6,10.3,5,9.9,5,9.3,5,11.1,5,10.1,6,10.0,7,9.2,6
2016-02-09 06:00:00,6.8,6,6.1,6,6.1,5,6.3,6,6.4,7,7.0,5,5.9,6,7.1,5,6.7,7,7.4,7,8.0,7,7.5,7,6.9,7,7.6,7,9.0,6,8.1,6,8.1,7,8.7,7,7.8,7,7.2,7,8.5,7,9.7,6,9.8,5,3.7,7.0,11.7,6,8.8,6,5.7,7,10.1,6,10.2,5,10.0,5,9.3,5,11.3,5,10.2,6,10.1,7,9.4,6
2016-02-09 07:00:00,6.6,6,6.0,6,5.9,5,6.2,6,6.5,7,6.5,4,5.5,6,6.8,5,6.5,7,7.1,7,7.6,7,7.5,7,7.1,7,7.7,7,8.5,6,7.9,7,7.7,7,8.6,7,8.0,7,7.5,7,8.1,7,9.7,6,9.9,5,3.5,7.0,11.1,7,9.2,6,6.2,7,10.0,6,9.9,6,10.4,5,9.8,6,11.5,5,10.1,7,10.3,7,10.3,6
2016-02-09 08:00:00,6.6,5,5.9,6,5.7,5,6.1,6,6.7,7,6.1,4,5.1,5,6.6,6,6.3,7,6.7,7,7.3,7,7.6,7,7.3,7,7.8,7,8.0,5,7.6,7,7.3,7,8.4,7,8.2,6,7.8,7,7.6,7,9.7,7,10.0,6,3.5,7.0,10.4,7,9.9,7,6.8,7,9.9,7,9.9,6,11.1,6,10.7,6,11.8,6,10.0,7,10.5,7,11.8,6
2016-02-09 09:00:00,6.6,5,6.1,5,5.9,5,6.2,6,6.8,7,5.8,3,5.0,5,6.5,6,6.3,6,6.7,7,7.2,6,7.8,7,7.6,7,8.1,7,7.7,5,7.4,7,7.2,7,8.4,7,8.4,6,8.3,7,7.3,7,9.8,7,10.4,6,4.0,7.0,10.0,7,10.9,7,7.6,7,10.2,7,10.3,7,12.0,6,11.9,6,12.4,6,10.3,7,11.1,7,13.4,6
2016-02-09 10:00:00,6.8,5,6.5,5,6.5,6,6.4,6,7.0,7,5.9,3,5.2,5,6.8,6,6.6,6,7.2,7,7.6,6,8.3,7,8.0,7,8.6,7,7.8,5,7.5,7,7.6,7,8.7,7,8.8,7,9.0,7,7.4,7,10.1,7,11.1,7,5.3,7.0,10.1,7,12.1,7,8.5,7,10.8,7,11.5,7,13.0,6,13.1,6,13.5,5,11.1,7,12.0,6,14.9,6
2016-02-09 11:00:00,7.1,5,7.0,5,7.3,7,6.7,6,7.2,6,6.2,3,5.6,5,7.2,6,7.1,6,7.9,7,8.2,7,8.9,7,8.5,7,9.2,7,8.2,5,7.8,7,8.2,7,9.2,7,9.2,7,9.7,7,7.8,7,10.5,7,12.0,7,6.9,7.0,10.5,7,13.3,7,9.3,7,11.5,7,12.8,7,14.0,6,14.2,7,14.7,5,12.2,6,13.0,6,16.2,7
2016-02-09 12:00:00,7.4,5,7.4,6,7.8,7,7.0,5,7.4,6,6.5,3,6.0,5,7.6,6,7.5,6,8.5,7,8.7,7,9.3,7,8.8,7,9.7,7,8.6,6,8.2,7,8.8,7,9.7,7,9.5,7,10.3,7,8.2,7,10.9,7,12.5,7,8.0,7.0,11.0,7,14.2,7,10.1,7,12.0,7,13.8,7,14.8,6,15.0,7,15.6,5,13.2,6,13.9,6,16.8,7
2016-02-09 13:00:00,7.6,5,7.5,6,7.8,7,7.1,5,7.7,6,6.6,3,6.2,5,7.8,6,7.6,6,8.6,6,8.8,6,9.4,7,8.9,7,9.8,7,8.8,6,8.6,6,9.1,7,9.9,7,9.6,7,10.7,7,8.4,7,11.0,7,12.4,7,8.1,7.0,11.3,7,14.5,7,10.7,7,11.9,7,13.9,7,15.3,6,15.4,7,15.9,6,13.8,6,14.4,6,16.7,7
2016-02-09 14:00:00,7.6,4,7.3,5,7.5,6,7.1,5,7.8,7,6.4,3,6.1,5,7.7,5,7.3,6,8.4,6,8.6,6,9.2,6,8.8,7,9.6,7,8.7,6,8.7,6,8.9,7,9.8,6,9.5,7,10.6,7,8.2,7,10.7,7,11.9,7,7.3,7.0,11.2,7,14.2,7,11.0,7,11.4,7,13.2,7,15.3,6,15.2,7,15.6,7,14.0,7,14.6,6,16.1,7
2016-02-09 15:00:00,6.5,6,6.4,6,6.6,7,6.7,6,8.0,7,6.7,5,6.0,5,7.7,5,6.7,7,7.8,7,8.1,7,9.5,6,9.1,7,9.9,7,8.6,7,8.5,7,9.2,7,10.0,7,9.4,7,9.8,6,8.2,7,10.3,7,11.2,7,5.7,7.0,12.1,7,13.1,7,10.5,7,11.5,7,12.2,7,13.4,6,13.7,7,14.5,7,14.1,7,14.4,7,14.7,5
2016-02-09 16:00:00,6.3,6,5.9,5,6.1,7,6.0,5,7.4,7,6.4,5,5.5,5,6.9,6,6.2,7,7.1,7,7.6,7,8.6,7,8.1,7,9.2,7,8.0,7,7.7,7,8.2,7,9.0,7,8.8,7,8.8,6,7.4,7,9.5,7,10.3,7,4.8,7.0,11.3,7,12.1,7,9.9,7,10.3,7,11.5,7,12.6,6,12.8,7,13.8,6,13.3,7,13.9,7,13.6,5
2016-02-09 17:00:00,6.1,5,5.4,5,5.6,6,5.1,5,6.6,7,6.0,5,5.0,5,6.1,6,5.7,7,6.4,7,7.0,7,7.6,7,7.1,7,8.4,7,7.2,7,6.8,7,7.0,7,7.9,7,7.9,7,7.7,7,6.4,7,8.5,7,9.4,7,4.2,7.0,10.3,7,11.1,6,8.9,6,9.0,6,10.8,7,11.7,6,11.7,6,13.0,6,12.1,7,13.2,7,12.4,5
2016-02-09 18:00:00,5.9,4,5.0,4,5.2,5,4.5,4,5.7,7,5.8,5,4.6,5,5.3,6,5.3,6,5.7,6,6.5,6,6.6,7,6.1,7,7.6,7,6.6,6,6.0,6,6.0,7,6.8,7,6.9,7,6.8,7,5.5,7,7.6,6,8.6,7,3.7,7.0,9.4,6,10.1,6,8.0,6,7.9,6,10.1,7,10.9,6,10.7,6,12.1,6,11.1,6,12.6,7,11.4,6
2016-02-09 19:00:00,5.9,3,4.8,4,4.9,5,4.2,4,4.9,6,5.7,5,4.5,4,4.8,5,4.9,6,5.0,6,6.1,6,5.7,6,5.3,7,6.8,7,6.2,6,5.4,6,5.3,6,5.9,6,5.8,7,6.2,7,4.9,6,6.7,6,8.0,7,3.3,7.0,8.8,6,9.4,6,7.3,6,7.2,6,9.5,7,10.4,6,9.9,6,11.3,6,10.4,6,12.1,7,10.8,6
2016-02-09 20:00:00,5.9,2,4.7,3,4.6,4,4.3,4,4.2,5,5.7,5,4.7,4,4.6,4,4.6,5,4.4,6,5.8,6,4.9,6,4.7,7,6.0,7,6.0,5,5.1,6,4.9,5,5.3,6,4.7,7,5.9,6,4.6,6,6.0,6,7.5,7,3.0,7.0,8.5,6,9.0,7,6.7,7,6.9,6,9.0,6,10.1,6,9.3,7,10.6,6,10.0,6,11.7,7,10.4,5
2016-02-09 21:00:00,5.9,2,4.6,3,4.4,4,4.3,4,3.6,5,5.8,5,4.8,4,4.3,4,4.2,5,4.0,5,5.5,5,4.3,6,4.3,6,5.3,7,5.7,4,4.7,5,4.4,5,4.7,6,3.9,7,5.6,6,4.3,6,5.5,6,7.1,7,2.7,7.0,8.1,6,8.6,6,6.1,7,6.6,6,8.5,6,9.7,7,8.9,6,10.2,6,9.7,6,11.3,6,10.0,6
2016-02-09 22:00:00,5.8,2,4.6,4,4.1,4,4.4,4,3.1,5,5.9,5,4.9,4,4.2,4,3.9,5,3.8,5,5.2,5,3.8,6,3.9,6,4.7,7,5.5,4,4.4,5,4.0,5,4.3,6,3.3,7,5.2,6,4.0,6,5.2,6,6.6,7,2.3,6.0,7.8,6,8.2,6,5.5,7,6.5,6,8.0,6,9.4,7,8.6,6,9.8,6,9.5,5,11.0,6,9.7,6
2016-02-09 23:00:00,5.6,3,4.5,4,4.0,5,4.5,4,2.8,5,6.1,5,5.0,4,4.1,3,3.7,4,3.6,5,5.0,5,3.5,6,3.7,6,4.2,6,5.4,4,4.2,4,3.6,5,3.9,6,2.9,7,4.8,6,3.7,6,4.9,6,6.2,6,1.9,6.0,7.5,6,7.9,6,4.9,7,6.4,6,7.6,6,9.1,7,8.4,6,9.5,6,9.2,5,10.7,6,9.4,6
2016-02-10 00:00:00,5.5,3,4.4,4,3.8,5,4.6,5,2.5,5,6.3,4,5.1,5,4.1,3,3.5,4,3.5,5,4.7,5,3.2,6,3.5,6,3.8,6,5.3,4,4.1,4,3.3,5,3.6,6,2.5,6,4.3,6,3.5,6,4.7,6,5.9,6,1.5,6.0,7.4,6,7.5,6,4.4,6,6.3,6,7.3,5,8.8,6,8.2,6,9.2,6,9.0,4,10.3,5,9.3,6
2016-02-10 01:00:00,5.3,3,4.4,4,3.7,5,4.7,5,2.4,5,6.5,4,5.3,5,4.2,3,3.4,4,3.5,5,4.5,5,3.1,6,3.4,6,3.4,6,5.3,4,3.9,3,3.1,5,3.4,6,2.3,6,3.7,6,3.4,6,4.5,5,5.5,6,1.0,6.0,7.3,5,7.0,6,3.8,6,6.2,6,7.3,5,8.5,6,8.0,5,9.0,6,8.8,4,9.8,4,9.3,6
2016-02-10 02:00:00,5.1,4,4.3,5,3.6,6,4.7,5,2.2,5,6.6,5,5.4,5,4.3,2,3.3,4,3.5,5,4.4,5,2.9,6,3.3,5,3.1,6,5.4,5,3.9,3,2.9,5,3.3,6,2.2,6,3.1,6,3.3,5,4.3,5,5.2,6,0.5,5.0,7.2,5,6.6,5,3.4,6,6.1,6,7.3,5,8.3,5,7.8,5,8.7,5,8.6,3,9.3,3,9.3,5
2016-02-10 03:00:00,6.0,5,4.3,7,3.7,7,5.6,4,2.6,7,7.6,2,6.0,5,5.3,5,3.7,5,4.0,5,5.0,5,3.2,6,3.3,6,3.1,5,6.2,4,3.9,2,2.9,3,3.2,4,2.3,4,2.5,6,2.5,6,3.5,4,3.9,4,-0.2,7.0,6.9,5,5.1,6,3.3,6,4.4,7,6.2,6,7.3,5,7.2,5,7.5,5,7.1,5,8.6,5,8.0,6
2016-02-10 04:00:00,6.0,5,4.3,7,3.7,7,5.4,4,2.6,6,7.6,2,6.0,5,5.6,5,3.6,5,4.0,5,5.0,5,3.1,6,3.1,6,3.2,5,6.4,4,3.8,2,2.8,2,3.1,3,2.2,3,2.3,7,2.4,6,3.3,4,3.6,4,-0.6,7.0,6.6,6,4.5,6,2.6,4,4.2,7,6.1,6,7.1,5,6.5,5,7.0,5,6.6,5,7.9,4,7.9,6
2016-02-10 05:00:00,6.0,5,4.2,6,3.8,6,5.1,5,2.8,6,7.7,2,6.1,4,5.9,5,3.6,5,4.0,5,5.0,5,3.0,6,2.9,6,3.3,6,6.6,4,3.7,2,2.7,2,3.1,2,2.0,2,2.2,7,2.4,6,3.2,4,3.3,3,-1.1,7.0,6.4,6,4.0,6,1.9,3,4.2,7,5.8,7,7.1,6,5.9,5,6.7,5,6.2,4,7.2,3,7.7,6
2016-02-10 06:00:00,6.0,5,4.3,6,4.0,6,5.1,5,3.0,6,7.7,2,6.1,4,6.1,5,3.7,5,4.1,5,5.0,6,3.0,6,2.8,6,3.5,6,6.7,3,3.8,2,2.8,2,3.2,2,2.0,2,2.3,7,2.5,6,3.2,4,3.1,3,-1.4,6.0,6.3,6,3.9,6,1.6,3,4.2,7,5.7,7,7.1,5,5.8,5,6.6,5,6.1,3,7.1,3,7.7,6
2016-02-10 07:00:00,6.0,4,4.5,6,4.3,6,5.3,5,3.4,6,7.7,2,6.2,4,6.2,5,4.0,6,4.4,6,5.1,6,3.4,6,2.9,7,3.6,7,6.8,3,4.2,3,3.1,3,3.5,3,2.2,2,2.5,7,2.8,6,3.4,5,3.1,3,-1.5,6.0,6.5,6,4.3,6,1.8,3,4.4,7,5.8,7,7.3,5,6.4,5,6.8,5,6.5,3,7.7,3,8.1,6
2016-02-10 08:00:00,6.1,4,4.9,6,4.8,6,5.8,5,4.0,7,7.7,2,6.4,5,6.4,4,4.6,6,4.8,6,5.4,6,4.1,6,3.3,7,3.9,7,6.9,2,4.8,3,3.6,5,4.1,5,2.6,3,2.9,7,3.3,7,3.9,5,3.4,4,-1.2,7.0,7.0,6,5.2,5,2.6,4,4.9,7,6.3,7,7.8,4,7.5,5,7.3,5,7.2,3,8.7,3,8.7,6
2016-02-10 09:00:00,6.2,4,5.5,6,5.4,7,6.5,5,4.7,7,7.8,2,6.7,5,6.8,4,5.2,6,5.4,6,5.9,6,5.1,6,3.9,7,4.3,7,7.4,2,5.7,4,4.4,6,5.0,6,3.4,4,3.4,7,4.0,7,4.7,6,4.1,4,-0.4,7.0,7.7,6,6.4,5,3.7,5,5.7,7,7.0,7,8.7,4,8.9,4,8.2,6,8.2,3,9.9,3,9.6,6
2016-02-10 10:00:00,6.4,4,6.2,6,6.1,7,7.3,5,5.6,7,8.1,3,7.1,5,7.6,4,5.9,7,6.2,7,6.7,7,6.2,6,4.7,7,5.0,7,8.2,2,6.8,5,5.5,7,6.1,6,4.5,5,4.0,7,4.9,7,5.9,6,5.2,4,0.9,7.0,8.7,6,7.9,5,5.0,6,6.7,6,8.0,7,9.9,4,10.3,4,9.3,6,9.4,3,11.0,3,10.5,6
2016-02-10 11:00:00,6.7,4,6.9,6,6.8,7,8.0,6,6.5,6,8.5,3,7.6,4,8.5,4,6.5,7,7.1,7,7.5,7,7.3,6,5.5,7,5.8,7,9.2,2,7.9,6,6.8,7,7.3,6,5.6,5,4.7,6,5.8,7,7.2,6,6.3,3,2.3,7.0,9.7,6,9.4,6,6.2,6,7.8,6,9.1,7,11.2,4,11.4,4,10.5,7,10.5,4,12.0,3,11.4,6
2016-02-10 12:00:00,7.0,4,7.4,6,7.3,7,8.5,6,7.2,6,8.8,3,8.0,4,9.3,4,6.9,7,7.7,7,8.1,7,8.2,6,6.2,7,6.5,7,9.9,2,8.8,7,7.8,7,8.3,6,6.6,6,5.3,6,6.6,7,8.2,6,7.3,3,3.3,7.0,10.6,6,10.5,6,7.2,6,8.8,6,10.0,7,12.3,4,12.3,5,11.5,6,11.5,4,12.7,3,12.1,5
2016-02-10 13:00:00,7.2,3,7.6,6,7.5,6,8.7,5,7.6,6,9.0,3,8.2,4,9.6,4,7.0,7,8.0,7,8.3,7,8.7,6,6.7,7,6.8,7,10.2,3,9.3,7,8.4,7,9.0,6,7.2,6,5.9,7,7.1,7,8.7,6,7.8,4,3.5,7.0,11.1,6,11.1,6,7.7,6,9.4,6,10.4,7,12.9,4,12.7,4,12.0,6,12.1,3,13.2,3,12.4,5
2016-02-10 14:00:00,7.3,3,7.5,6,7.3,6,8.6,5,7.6,6,8.9,3,8.1,4,9.5,4,6.9,7,7.9,6,8.2,6,8.7,6,6.9,7,6.8,7,10.1,4,9.3,6,8.6,7,9.2,6,7.3,6,6.2,7,7.3,7,8.8,6,7.8,5,3.1,7.0,11.3,6,11.1,6,7.7,6,9.5,6,10.4,7,12.9,3,12.7,4,12.1,5,12.4,2,13.4,2,12.5,4
2016-02-10 15:00:00,7.5,4,7.6,5,7.4,6,8.4,4,7.5,5,8.7,4,8.3,5,9.4,5,7.4,2,8.1,2,8.5,2,8.4,3,6.3,5,6.3,5,9.8,5,8.9,5,8.2,4,8.3,5,6.7,5,5.4,6,6.7,6,8.0,7,7.7,6,1.5,6.0,11.1,6,10.4,5,6.5,6,8.4,7,10.1,6,12.3,4,12.0,4,11.5,2,11.2,2,12.8,2,12.7,5
2016-02-10 16:00:00,7.4,4,7.1,5,6.9,5,7.5,4,6.9,4,8.1,4,7.6,5,8.5,4,6.9,2,7.5,2,8.0,2,7.6,2,5.9,4,5.6,4,9.2,5,8.2,5,7.5,4,7.5,4,5.9,4,4.8,6,6.2,6,7.5,6,7.1,6,1.0,5.0,10.4,6,9.4,5,5.6,6,7.5,6,9.5,6,11.3,4,10.9,4,10.8,2,10.5,3,12.3,2,12.0,5
2016-02-10 17:00:00,7.3,4,6.6,5,6.3,3,6.5,4,6.2,4,7.5,4,6.9,6,7.5,4,6.3,2,6.8,2,7.4,2,6.5,2,5.3,4,4.9,3,8.5,5,7.3,6,6.6,4,6.5,4,4.9,3,4.1,4,5.6,6,6.8,6,6.5,5,0.5,5.0,9.5,6,8.1,5,4.7,6,6.6,5,8.8,5,10.1,4,9.7,4,10.0,3,9.5,3,11.5,2,11.2,5
2016-02-10 18:00:00,7.1,4,6.1,5,5.8,3,5.8,4,5.4,4,7.0,4,6.2,5,6.7,4,5.8,2,6.2,2,6.9,2,5.5,2,4.8,4,4.3,3,7.9,5,6.5,6,5.8,4,5.6,4,4.0,2,3.5,3,5.1,6,6.2,5,6.0,5,0.0,5.0,8.8,6,7.0,5,3.8,6,5.9,5,8.2,5,9.1,4,8.5,3,9.1,3,8.5,4,10.6,2,10.5,5
2016-02-10 19:00:00,6.9,3,5.8,5,5.4,3,5.5,5,4.8,5,6.7,4,5.8,5,6.2,4,5.4,3,5.7,3,6.6,3,4.9,2,4.4,5,4.0,3,7.4,5,6.1,5,5.3,4,5.2,4,3.6,2,3.3,3,4.8,6,5.7,5,5.6,5,-0.5,5.0,8.5,6,6.2,5,3.2,6,5.9,5,7.9,4,8.5,4,7.6,4,8.2,3,7.7,4,9.8,1,9.9,5
2016-02-10 20:00:00,6.7,3,5.7,4,5.1,4,5.5,5,4.4,5,6.6,5,5.6,5,5.9,4,5.2,3,5.3,4,6.4,4,4.7,3,4.2,6,3.9,4,7.0,5,5.9,5,5.0,4,5.1,4,3.4,3,3.3,2,4.6,6,5.4,5,5.2,5,-1.0,5.0,8.6,6,5.5,5,2.9,6,6.3,6,7.8,4,8.1,4,6.9,4,7.5,3,7.1,3,9.1,2,9.5,5
2016-02-10 21:00:00,6.5,3,5.5,4,4.9,4,5.5,5,4.0,5,6.6,5,5.5,5,5.7,4,5.0,4,5.1,4,6.2,4,4.4,4,4.0,5,3.7,4,6.8,5,5.7,5,4.8,4,5.0,4,3.2,3,3.1,2,4.4,6,5.2,5,4.9,5,-1.3,5.0,8.5,6,5.0,5,2.4,6,6.4,6,7.6,4,7.8,4,6.5,5,7.1,3,6.6,3,8.6,2,9.0,5
2016-02-10 22:00:00,6.3,3,5.2,5,4.7,4,5.4,5,3.8,5,6.6,5,5.4,5,5.7,4,4.9,4,5.0,5,6.1,5,4.1,4,3.9,5,3.5,4,6.7,5,5.5,5,4.6,4,4.8,4,2.9,4,2.9,2,4.3,6,5.0,5,4.6,5,-1.3,5.0,8.4,6,4.7,5,1.9,6,6.5,6,7.5,5,7.6,5,6.3,5,6.9,4,6.3,4,8.2,3,8.6,5
2016-02-10 23:00:00,6.0,4,4.9,5,4.5,5,5.3,5,3.6,5,6.8,5,5.5,5,5.7,5,4.8,5,4.9,5,5.9,5,4.0,4,3.8,5,3.3,4,6.6,5,5.4,5,4.5,4,4.7,4,2.7,5,2.7,3,4.2,6,4.9,5,4.5,5,-1.3,5.0,8.4,6,4.5,5,1.6,5,6.5,6,7.3,5,7.4,5,6.2,5,6.7,4,6.1,4,7.7,4,8.3,5
2016-02-11 00:00:00,5.7,4,4.5,5,4.2,5,5.3,5,3.3,5,7.0,5,5.7,5,5.9,5,4.6,5,4.7,5,5.7,5,3.8,5,3.8,5,3.2,5,6.7,5,5.3,5,4.3,5,4.6,5,2.6,5,2.5,3,4.1,6,5.0,5,4.4,5,-1.3,5.0,8.4,6,4.5,5,1.3,5,6.5,6,7.2,5,7.2,5,6.3,5,6.6,4,5.9,4,7.3,4,8.1,5
2016-02-11 01:00:00,5.4,4,4.2,5,3.9,5,5.2,6,3.0,5,7.3,6,5.9,5,6.0,5,4.4,5,4.5,5,5.4,5,3.7,5,3.8,5,3.1,5,6.8,6,5.2,5,4.1,5,4.6,5,2.6,6,2.4,4,4.0,6,5.0,5,4.5,5,-1.4,5.0,8.4,6,4.7,5,1.2,5,6.5,5,7.1,4,7.1,5,6.4,5,6.6,4,5.7,4,6.9,5,7.9,5
2016-02-11 02:00:00,5.1,5,4.0,5,3.6,6,5.1,6,2.7,5,7.7,6,6.2,5,6.2,5,4.2,5,4.3,5,5.1,5,3.5,6,3.8,5,3.0,5,6.9,6,5.2,6,3.9,6,4.5,5,2.6,6,2.3,5,4.0,6,5.1,5,4.5,5,-1.6,5.0,8.4,6,4.9,5,1.1,5,6.5,5,7.0,4,7.0,5,6.5,5,6.5,4,5.5,4,6.5,4,7.7,5
2016-02-11 03:00:00,5.1,1,3.5,2,3.4,2,3.0,3,2.4,4,5.2,3,4.1,3,3.1,4,3.0,5,3.1,4,4.4,4,3.7,5,4.0,5,3.4,3,4.8,4,3.1,5,2.9,5,4.0,5,3.1,6,2.8,6,2.5,6,3.3,4,3.3,4,-1.6,6.0,6.4,6,2.5,3,0.2,2,5.1,6,5.6,4,5.2,3,4.8,2,4.6,2,4.8,1,6.2,1,7.5,5
2016-02-11 04:00:00,5.0,2,3.0,2,3.2,2,2.5,3,2.2,4,5.2,3,4.0,4,2.9,4,2.7,5,2.8,4,4.2,4,3.5,5,3.6,4,3.4,3,4.7,4,3.0,5,2.6,4,3.6,4,2.9,6,2.5,6,2.6,6,2.9,4,2.9,4,-2.2,6.0,6.4,6,1.9,3,-0.2,3,5.1,6,5.7,5,5.0,4,4.1,3,4.2,2,4.5,1,5.5,1,7.3,5
2016-02-11 05:00:00,4.9,2,2.6,3,2.9,3,2.1,3,2.1,5,5.2,3,3.9,4,2.8,5,2.5,5,2.6,5,4.0,5,3.3,5,3.2,4,3.4,3,4.6,4,3.0,6,2.4,4,3.2,4,2.5,6,2.3,7,2.7,6,2.7,5,2.7,4,-2.9,6.0,6.3,6,1.3,4,-0.6,3,5.0,6,5.7,5,4.9,4,3.4,4,4.0,2,4.1,2,5.1,1,7.0,6
2016-02-11 06:00:00,4.9,2,2.4,3,2.8,3,2.1,3,2.3,5,5.4,3,4.1,4,2.9,5,2.4,5,2.5,5,3.9,5,3.2,5,2.9,4,3.5,4,4.6,4,3.1,6,2.3,4,3.0,4,2.3,6,2.4,7,2.8,6,2.5,5,2.5,4,-3.3,6.0,6.4,6,1.1,5,-0.8,4,5.1,7,5.7,6,4.9,5,3.2,4,4.0,3,4.0,2,5.1,2,6.9,6
2016-02-11 07:00:00,4.9,2,2.7,4,2.9,3,2.6,4,2.8,6,5.6,3,4.5,5,3.3,6,2.6,6,2.5,6,3.9,6,3.2,6,2.9,5,3.8,4,4.8,5,3.4,6,2.4,5,3.1,5,2.3,7,2.8,6,2.9,7,2.6,5,2.5,4,-3.2,6.0,6.6,6,1.5,5,-0.5,4,5.5,7,5.8,6,5.0,4,3.8,4,4.4,4,4.3,3,5.9,2,7.0,6
2016-02-11 08:00:00,4.9,2,3.4,4,3.2,3,3.6,5,3.4,6,5.9,4,5.0,5,4.0,6,3.0,6,2.8,6,4.0,6,3.5,6,3.2,6,4.2,5,5.3,5,3.8,6,2.7,6,3.5,6,2.5,7,3.5,6,3.0,7,2.9,5,2.7,4,-2.5,6.0,7.0,6,2.5,6,0.2,4,6.2,7,6.2,7,5.5,4,5.0,5,5.2,4,4.9,3,7.2,2,7.4,6
2016-02-11 09:00:00,5.1,2,4.3,4,3.9,3,4.6,5,4.2,7,6.4,4,5.7,5,5.0,5,3.6,7,3.5,7,4.5,7,4.1,7,3.9,6,4.9,5,6.1,4,4.4,7,3.4,7,4.1,7,3.1,7,4.3,6,3.3,7,3.7,5,3.3,4,-1.1,6.0,7.7,7,3.9,6,1.5,4,7.1,7,7.0,7,6.3,4,6.3,5,6.3,5,6.1,4,8.7,2,8.3,7
2016-02-11 10:00:00,5.5,3,5.2,4,4.9,4,5.5,6,5.0,6,7.1,4,6.4,5,6.2,5,4.4,7,4.6,7,5.3,7,5.0,7,4.8,7,5.9,6,7.2,4,5.1,7,4.4,7,5.0,7,3.9,7,5.2,6,4.0,7,4.8,5,4.4,5,0.9,5.0,8.8,7,5.4,5,3.2,3,8.2,7,8.3,7,7.6,5,7.4,5,7.7,5,7.7,3,10.1,3,9.6,7
2016-02-11 11:00:00,6.0,3,6.1,4,6.0,4,6.3,7,5.7,6,7.8,5,7.1,5,7.3,6,5.2,7,5.8,7,6.2,7,6.0,6,5.8,7,6.8,6,8.2,4,5.9,7,5.4,7,5.9,6,4.9,7,6.1,6,4.8,7,6.1,6,5.6,5,3.0,5.0,10.1,7,6.9,5,5.0,2,9.4,7,9.8,7,9.1,6,8.3,5,9.1,5,9.4,3,11.4,3,10.9,7
2016-02-11 12:00:00,6.4,4,6.7,4,6.8,5,6.9,7,6.2,5,8.3,5,7.6,6,8.2,6,5.8,6,6.8,6,6.9,6,6.8,6,6.5,6,7.5,7,9.1,4,6.7,7,6.4,7,6.8,5,5.7,7,6.7,6,5.7,7,7.3,6,6.6,5,4.5,4.0,11.2,7,8.1,4,6.5,2,10.3,7,10.9,7,10.2,6,9.0,5,10.1,5,10.8,2,12.3,3,11.9,7
2016-02-11 13:00:00,6.7,4,7.0,4,7.0,5,7.3,7,6.5,5,8.5,5,7.9,6,8.6,6,6.2,6,7.2,6,7.2,6,7.2,6,6.8,5,7.7,6,9.5,5,7.3,6,7.0,6,7.5,5,6.2,7,6.9,6,6.5,7,8.1,6,7.1,5,4.8,4.0,11.9,7,8.8,4,7.3,1,10.9,7,11.4,7,10.7,6,9.5,4,10.4,5,11.7,2,12.8,3,12.2,7
2016-02-11 14:00:00,6.7,4,7.0,5,6.7,5,7.4,6,6.5,5,8.4,5,8.0,6,8.7,6,6.2,6,7.1,6,7.2,6,7.1,6,6.6,5,7.4,5,9.5,5,7.7,6,7.3,6,7.9,5,6.4,7,6.8,6,7.0,7,8.5,6,7.2,4,4.2,4.0,12.1,7,9.0,4,7.3,1,11.0,7,11.3,7,10.7,5,9.7,3,10.1,5,11.9,1,13.0,3,12.1,7
2016-02-11 15:00:00,7.4,7,7.4,7,6.5,7,8.3,6,6.6,7,9.9,7,9.0,7,8.8,7,6.7,7,7.2,7,7.6,7,7.8,6,6.5,5,6.8,6,9.1,6,7.7,6,7.4,6,8.1,6,7.1,5,6.5,5,6.4,6,8.3,6,7.7,3,3.0,2.0,11.3,6,9.5,3,7.7,2,10.8,7,11.2,7,10.9,4,10.6,3,10.8,3,12.0,2,12.7,3,12.2,6
2016-02-11 16:00:00,7.5,6,7.1,7,6.1,7,7.9,6,6.0,6,9.5,7,8.5,6,8.4,6,6.4,6,6.8,6,7.3,6,6.9,6,5.7,5,5.9,6,8.7,6,7.4,5,6.8,5,7.2,6,6.2,5,5.7,5,6.4,6,7.5,6,7.0,3,2.2,2.0,11.0,5,8.5,2,6.6,2,9.8,7,10.9,6,10.1,3,9.5,2,10.2,2,10.9,2,12.2,4,11.4,5
2016-02-11 17:00:00,7.5,6,6.7,6,5.7,7,7.3,5,5.3,6,9.1,7,8.0,6,8.0,6,6.1,6,6.3,6,7.0,6,5.8,6,4.8,5,4.9,6,8.3,6,6.9,5,6.0,5,6.0,7,5.0,4,4.6,5,6.2,6,6.6,5,6.2,3,1.7,3.0,10.4,5,7.3,1,5.2,1,8.7,6,10.4,5,9.1,2,8.3,2,9.4,1,9.5,2,11.4,4,10.5,4
2016-02-11 18:00:00,7.4,6,6.4,6,5.4,6,6.9,5,4.7,6,8.8,7,7.6,6,7.7,5,5.7,6,5.8,6,6.8,6,4.8,7,4.0,6,4.1,6,8.0,6,6.6,5,5.4,5,5.1,7,4.0,4,3.8,4,6.0,6,5.8,4,5.4,3,1.2,3.0,9.9,5,6.3,1,4.1,1,8.0,5,9.9,4,8.2,2,7.2,1,8.7,1,8.3,2,10.6,3,9.8,3
2016-02-11 19:00:00,7.2,6,6.2,6,5.1,6,6.7,5,4.4,6,8.8,7,7.6,6,7.6,5,5.4,6,5.5,6,6.7,6,4.3,6,3.6,6,3.7,6,7.9,6,6.5,5,5.1,4,4.9,6,3.5,4,3.4,4,5.9,6,5.5,4,4.9,3,0.6,3.0,9.8,5,5.7,2,3.4,1,7.8,5,9.5,4,7.6,1,6.6,1,8.0,1,7.5,2,9.9,3,9.4,3
2016-02-11 20:00:00,7.0,6,6.2,6,5.0,6,6.8,6,4.3,6,9.0,7,7.8,6,7.7,5,5.3,6,5.4,6,6.6,6,4.2,6,3.5,6,3.5,6,7.9,6,6.6,5,5.1,5,5.1,6,3.3,4,3.4,4,5.8,6,5.4,4,4.6,3,-0.1,3.0,10.0,6,5.3,2,3.0,1,8.0,5,9.3,4,7.2,1,6.3,2,7.4,1,7.1,2,9.3,2,9.3,4
2016-02-11 21:00:00,6.9,6,6.0,6,4.9,6,6.7,6,4.1,6,9.0,6,7.8,6,7.8,6,5.2,6,5.3,6,6.6,6,4.1,6,3.3,6,3.2,6,8.1,6,6.7,5,4.9,5,5.2,6,3.0,4,3.3,4,5.8,6,5.5,4,4.4,3,-0.5,3.0,10.2,6,5.2,2,2.6,1,8.0,5,9.1,4,7.3,2,6.2,2,7.4,2,6.8,2,8.8,3,9.2,4
2016-02-11 22:00:00,6.7,6,5.8,6,4.8,6,6.7,6,3.9,6,9.0,6,7.7,6,7.8,6,5.2,6,5.3,6,6.5,6,4.0,6,3.1,6,2.9,6,8.2,6,6.7,5,4.9,5,5.1,6,2.9,4,3.0,4,5.8,7,5.6,4,4.4,3,-0.7,4.0,10.4,6,5.2,2,2.3,1,7.9,5,8.9,4,7.3,2,6.3,3,7.4,2,6.6,2,8.4,3,9.1,4
2016-02-11 23:00:00,6.4,6,5.6,6,4.6,6,6.7,6,3.7,6,9.0,6,7.7,6,7.9,6,5.2,6,5.3,6,6.4,6,4.0,6,3.1,6,2.7,6,8.4,6,6.7,5,4.9,5,4.9,6,3.0,4,2.7,4,5.8,7,5.8,5,4.6,3,-0.8,4.0,10.4,6,5.3,3,2.2,2,7.9,5,8.9,4,7.5,3,6.4,3,7.5,3,6.6,3,8.1,3,9.2,4
2016-02-12 00:00:00,6.2,6,5.4,6,4.5,6,6.6,6,3.5,6,9.0,6,7.7,6,8.0,6,5.3,6,5.3,5,6.3,6,4.1,6,3.2,6,2.6,6,8.6,6,6.6,6,4.9,5,4.9,6,3.1,4,2.5,5,5.8,6,6.0,5,4.9,4,-0.7,4.0,10.4,6,5.5,3,2.2,2,7.9,5,8.9,4,7.7,3,6.7,3,7.7,3,6.8,3,8.0,4,9.3,4
2016-02-12 01:00:00,6.0,6,5.2,6,4.3,6,6.6,6,3.4,6,9.0,6,7.6,6,8.0,6,5.3,6,5.3,5,6.1,6,4.3,6,3.4,5,2.7,6,8.7,6,6.6,6,5.0,6,5.2,6,3.3,5,2.6,5,5.9,6,6.2,5,5.2,4,-0.5,4.0,10.2,6,5.8,4,2.4,3,7.9,5,9.0,4,8.0,3,7.0,4,7.9,4,7.1,4,8.0,4,9.4,4
2016-02-12 02:00:00,5.8,6,5.0,6,4.1,6,6.5,6,3.2,6,9.0,6,7.6,6,8.0,6,5.4,6,5.4,5,6.0,5,4.6,6,3.8,5,2.9,6,8.7,6,6.6,6,5.2,6,5.6,6,3.5,5,2.7,5,5.9,5,6.5,5,5.6,5,-0.2,5.0,10.1,6,6.1,5,2.6,4,7.9,5,9.1,4,8.3,4,7.4,4,8.2,4,7.5,4,8.0,5,9.4,5
2016-02-12 03:00:00,5.1,6,4.5,6,3.3,6,4.9,7,2.3,7,7.9,5,6.3,6,6.4,6,4.3,6,4.6,6,5.4,7,3.3,6,1.9,7,1.2,6,8.2,6,6.1,6,5.2,6,5.2,7,3.1,7,1.6,7,6.7,7,7.4,7,6.3,5,0.7,6.0,10.7,7,5.7,7,2.4,6,8.5,6,9.5,6,9.0,7,7.6,6,9.0,6,7.2,6,8.1,5,9.2,6
2016-02-12 04:00:00,4.9,6,4.2,6,3.1,6,4.8,7,2.3,7,7.8,6,6.2,6,6.4,6,4.3,7,4.8,7,5.4,7,3.4,7,2.2,7,1.6,6,8.4,6,6.4,6,5.6,6,5.5,6,3.5,7,1.9,7,6.9,7,7.6,7,6.6,5,0.8,6.0,10.8,7,5.6,7,2.6,7,8.8,6,9.7,6,9.0,7,7.3,7,8.9,6,7.2,6,8.2,6,9.1,6
2016-02-12 05:00:00,4.7,7,3.9,7,3.0,6,4.9,7,2.3,7,7.7,6,6.2,6,6.5,6,4.2,7,4.9,7,5.5,7,3.5,7,2.6,7,2.0,7,8.5,6,6.6,5,6.0,6,5.9,5,3.9,7,2.3,7,7.0,7,7.8,7,6.8,5,0.8,6.0,10.9,6,5.6,7,3.0,7,9.0,6,9.8,6,9.1,7,7.1,7,8.9,6,7.3,6,8.3,6,9.0,6
2016-02-12 06:00:00,4.6,7,3.6,7,2.9,7,5.0,7,2.5,7,7.6,7,6.2,6,6.5,6,4.3,7,5.0,7,5.5,7,3.7,7,2.9,7,2.4,7,8.5,6,6.7,5,6.2,6,6.2,5,4.3,7,2.6,7,7.1,7,7.9,6,6.9,6,0.7,6.0,10.9,6,5.7,7,3.4,7,9.1,6,9.8,6,9.1,7,7.2,7,9.0,6,7.5,6,8.3,6,9.2,6
2016-02-12 07:00:00,4.6,7,3.5,7,2.8,7,5.3,7,2.8,7,7.6,7,6.3,6,6.6,6,4.4,7,4.9,7,5.4,7,4.0,7,3.0,7,2.7,7,8.4,6,6.6,5,6.2,6,6.5,6,4.5,7,2.8,7,7.1,7,8.0,7,6.8,6,0.5,7.0,10.8,7,6.1,7,3.8,7,9.1,7,9.6,7,9.3,7,7.7,7,9.4,7,7.7,7,8.3,6,9.8,6
2016-02-12 08:00:00,4.7,7,3.6,7,2.8,7,5.6,7,3.3,7,7.8,6,6.5,6,6.8,7,4.6,7,4.7,7,5.4,7,4.4,7,3.0,7,3.0,7,8.4,6,6.6,6,6.1,7,6.8,6,4.6,7,3.1,7,7.1,7,8.1,7,6.8,7,0.5,7.0,10.7,7,6.9,7,4.3,7,9.2,7,9.6,7,9.6,7,8.6,7,10.1,7,8.0,7,8.3,7,10.7,7
2016-02-12 09:00:00,4.9,7,3.9,7,3.2,7,5.9,7,3.8,7,8.1,5,6.8,6,7.2,7,5.0,7,4.9,7,5.6,7,5.1,7,3.3,7,3.4,7,8.6,7,6.8,7,6.4,7,7.3,7,4.9,7,3.5,7,7.3,7,8.6,7,7.2,7,1.2,7.0,10.8,7,8.1,7,5.0,7,9.6,7,10.0,7,10.3,7,9.9,7,11.1,7,8.7,7,8.7,7,11.9,7
2016-02-12 10:00:00,5.2,6,4.4,7,4.0,6,6.2,7,4.4,7,8.6,5,7.3,6,7.8,7,5.5,7,5.5,7,6.2,7,6.1,7,4.0,7,4.0,7,9.1,7,7.3,7,7.1,7,8.1,7,5.6,7,4.2,7,7.8,7,9.5,7,8.1,7,2.8,7.0,11.3,7,9.7,7,5.9,7,10.3,7,11.0,7,11.3,7,11.4,7,12.2,7,9.7,7,9.5,7,13.3,7
2016-02-12 11:00:00,5.5,6,5.0,7,4.9,6,6.4,7,5.0,7,9.1,5,7.8,7,8.5,7,6.0,7,6.4,7,7.0,7,7.2,7,5.0,7,4.7,7,9.7,7,8.1,7,8.1,7,8.9,7,6.5,7,5.1,7,8.5,7,10.7,7,9.3,7,4.8,7.0,12.0,7,11.3,7,7.0,7,11.3,7,12.3,7,12.5,7,13.0,7,13.4,7,10.9,7,10.5,7,14.8,7
2016-02-12 12:00:00,5.9,6,5.6,7,5.6,6,6.7,7,5.6,7,9.5,5,8.3,7,9.1,7,6.5,7,7.2,7,7.7,7,8.2,7,6.0,7,5.3,7,10.4,7,8.8,7,9.1,7,9.7,7,7.3,7,6.0,7,9.2,7,11.6,7,10.3,7,6.1,7.0,12.7,7,12.6,7,7.8,7,12.3,7,13.4,7,13.5,7,14.2,7,14.3,7,11.8,7,11.4,7,15.8,6
2016-02-12 13:00:00,6.3,6,6.0,7,5.9,6,7.0,7,6.1,7,9.6,5,8.7,7,9.6,7,6.8,7,7.6,7,8.1,7,8.8,7,6.7,7,5.8,7,10.9,6,9.4,7,9.7,7,10.2,7,7.9,7,6.7,7,9.8,7,12.1,7,10.8,7,6.2,7.0,13.2,7,13.3,7,8.3,7,13.1,7,14.0,7,14.1,7,14.8,7,14.8,7,12.3,7,12.1,7,16.3,6
2016-02-12 14:00:00,6.6,6,6.3,7,5.8,6,7.3,7,6.3,7,9.4,5,8.8,7,9.8,7,7.0,7,7.7,7,8.2,7,8.9,7,7.2,7,6.1,7,11.2,6,9.6,7,9.9,7,10.3,7,8.2,7,7.2,6,10.2,7,12.0,7,10.9,7,5.5,7.0,13.4,7,13.5,7,8.4,7,13.4,7,14.1,7,14.2,7,14.8,7,14.9,7,12.3,7,12.5,7,16.2,6
2016-02-12 15:00:00,4.9,7,5.0,7,3.8,7,7.7,7,4.8,7,9.1,5,8.2,6,9.2,5,4.9,7,5.5,7,5.9,7,6.0,7,5.0,7,5.2,7,10.3,6,8.6,7,8.0,7,8.3,7,6.5,7,4.7,7,9.1,7,9.8,7,8.1,7,2.5,7.0,13.6,7,10.2,7,4.7,7,12.5,7,12.8,7,10.1,7,10.8,7,11.7,7,9.4,7,10.6,7,12.9,7
2016-02-12 16:00:00,5.0,7,4.8,7,3.7,7,7.1,6,4.6,7,8.7,5,7.8,6,8.6,5,4.9,7,5.2,7,5.8,7,5.6,7,4.6,7,4.5,7,9.7,5,8.3,7,7.7,7,8.0,7,6.1,7,4.2,7,8.7,6,9.4,6,7.7,7,2.0,7.0,13.0,7,9.5,7,4.8,7,11.6,7,12.3,7,9.5,6,10.0,7,11.1,7,9.1,7,10.7,7,12.0,7
2016-02-12 17:00:00,5.0,7,4.5,6,3.6,7,6.4,6,4.2,7,8.3,5,7.2,5,8.0,5,4.9,6,4.8,7,5.7,6,5.0,7,4.0,7,3.9,7,8.9,4,7.8,6,7.1,7,7.4,7,5.5,7,3.7,7,8.1,5,8.7,5,7.2,7,1.8,7.0,12.1,7,8.5,6,4.9,7,10.4,7,11.6,7,8.8,6,9.1,7,10.4,6,8.8,7,10.6,7,11.1,7
2016-02-12 18:00:00,4.9,6,4.3,6,3.5,7,5.7,6,3.8,7,8.0,5,6.7,5,7.4,5,4.7,6,4.5,6,5.6,6,4.5,7,3.5,7,3.4,7,8.2,4,7.2,6,6.6,7,6.9,7,4.9,7,3.5,7,7.5,5,8.1,5,6.8,7,1.7,7.0,11.3,6,7.6,6,4.9,7,9.4,7,11.0,6,8.4,6,8.4,6,9.7,6,8.4,7,10.4,7,10.4,7
2016-02-12 19:00:00,4.8,6,4.2,6,3.3,6,5.3,5,3.5,6,7.8,5,6.4,4,7.1,5,4.4,6,4.3,6,5.4,6,4.3,7,3.4,7,3.3,7,7.9,4,6.7,5,6.2,6,6.5,7,4.6,7,3.7,7,7.2,5,7.6,5,6.6,7,1.5,7.0,10.9,6,7.0,6,4.6,7,9.1,7,10.7,6,8.4,6,8.0,6,9.4,6,8.0,7,9.9,6,10.3,7
2016-02-12 20:00:00,4.8,6,4.2,6,3.1,6,5.0,5,3.3,6,7.6,5,6.2,4,6.9,5,4.1,7,4.3,7,5.3,7,4.3,7,3.5,7,3.4,7,7.9,4,6.4,5,5.9,6,6.2,7,4.4,7,4.1,7,7.1,5,7.3,5,6.6,7,1.3,7.0,10.7,6,6.6,6,4.1,7,9.2,7,10.6,6,8.7,6,7.9,6,9.3,7,7.7,6,9.3,6,10.4,7
2016-02-12 21:00:00,4.7,6,4.0,6,3.0,6,4.6,5,3.1,6,7.6,5,6.1,4,6.6,5,4.1,6,4.2,6,5.3,6,4.2,7,3.4,7,3.4,7,7.8,4,6.2,5,5.6,6,6.0,6,4.2,7,4.0,7,6.9,5,7.0,5,6.4,7,1.2,7.0,10.5,6,6.4,6,3.9,7,9.2,6,10.4,6,8.7,5,7.8,6,9.3,7,7.6,6,8.8,6,10.3,6
2016-02-12 22:00:00,4.6,6,3.8,6,2.9,6,4.4,5,2.8,6,7.5,5,6.0,4,6.4,6,4.0,6,4.2,6,5.2,6,4.1,7,3.3,6,3.3,7,7.8,5,6.0,5,5.3,6,5.8,6,4.0,6,3.9,7,6.8,5,6.9,5,6.3,7,1.0,7.0,10.4,6,6.2,6,3.7,6,9.2,6,10.2,6,8.7,5,7.7,6,9.3,6,7.6,6,8.5,6,10.2,6
2016-02-12 23:00:00,4.5,6,3.7,6,2.8,6,4.2,5,2.6,6,7.6,5,5.9,4,6.3,6,4.0,6,4.2,6,5.1,6,3.9,6,3.2,6,3.2,7,7.7,5,5.8,5,5.1,6,5.6,6,3.7,6,3.8,7,6.6,5,6.8,5,6.2,7,0.8,7.0,10.3,6,6.3,6,3.6,6,9.2,6,10.1,6,8.8,5,7.7,5,9.3,6,7.7,6,8.4,6,10.2,6
2016-02-13 00:00:00,4.4,5,3.6,6,2.7,6,4.3,5,2.4,6,7.6,5,5.9,5,6.2,6,3.9,6,4.1,6,5.0,6,3.8,6,3.2,6,3.1,6,7.7,5,5.8,5,5.0,6,5.5,6,3.5,6,3.5,6,6.4,5,6.7,5,6.1,6,0.6,6.0,10.2,6,6.4,6,3.4,6,9.2,6,10.1,5,8.8,5,7.8,5,9.3,6,7.9,6,8.3,5,10.2,5
2016-02-13 01:00:00,4.4,5,3.5,6,2.7,6,4.4,6,2.3,6,7.6,5,6.0,5,6.3,6,3.9,6,4.2,5,4.9,6,3.8,6,3.3,5,3.1,6,7.6,6,5.7,5,4.9,6,5.4,5,3.5,6,3.2,6,6.2,5,6.6,5,6.1,6,0.4,6.0,10.2,5,6.5,5,3.3,6,9.1,6,10.1,5,9.0,5,7.9,5,9.3,6,8.2,5,8.3,5,10.3,5
2016-02-13 02:00:00,4.3,5,3.4,6,2.6,6,4.7,6,2.2,6,7.7,6,6.1,5,6.4,6,4.0,6,4.2,5,4.8,5,3.9,7,3.4,5,3.0,6,7.6,6,5.7,5,4.8,5,5.4,5,3.5,6,2.9,6,6.0,6,6.6,5,6.1,6,0.2,5.0,10.2,5,6.6,5,3.2,6,9.0,5,10.2,5,9.1,5,8.0,5,9.4,5,8.4,5,8.3,5,10.4,5
2016-02-13 03:00:00,4.6,7,3.7,7,2.7,6,4.6,7,2.6,7,8.0,5,6.8,5,6.1,6,4.4,6,4.7,6,5.5,6,4.6,7,3.4,7,2.5,6,8.0,7,6.9,7,6.0,6,6.6,6,4.3,7,3.0,6,7.1,7,8.0,7,6.8,7,0.1,6.0,12.0,7,5.2,7,2.3,7,10.3,7,11.4,7,8.9,6,7.4,7,8.9,7,7.4,6,7.7,5,9.9,4
2016-02-13 04:00:00,4.5,6,3.6,7,2.6,6,4.6,7,2.4,7,8.1,5,7.0,5,6.3,6,4.3,7,4.7,6,5.4,7,4.5,7,3.5,7,2.8,6,7.8,6,6.6,7,5.8,6,6.4,6,4.5,7,3.1,6,6.9,7,7.6,7,6.8,7,0.1,6.0,11.8,7,5.0,7,2.2,7,10.5,7,11.7,7,8.9,6,7.0,7,8.9,7,7.4,6,7.4,5,10.2,5
2016-02-13 05:00:00,4.5,6,3.5,7,2.5,6,4.7,7,2.2,6,8.3,5,7.1,5,6.5,6,4.2,7,4.7,7,5.4,7,4.2,7,3.7,6,3.2,6,7.6,5,6.3,7,5.6,6,6.2,6,4.6,7,3.3,6,6.7,7,7.2,6,6.7,7,0.1,6.0,11.6,6,5.0,7,2.2,7,10.7,7,11.8,7,8.9,6,6.7,7,8.9,6,7.4,5,7.1,5,10.8,5
2016-02-13 06:00:00,4.5,6,3.5,7,2.5,7,4.8,7,2.3,6,8.4,6,7.1,6,6.6,6,4.3,7,4.8,7,5.5,7,4.2,6,3.7,6,3.4,7,7.6,5,6.3,7,5.6,6,6.1,6,4.8,7,3.5,7,6.7,7,7.0,6,6.7,7,0.0,7.0,11.4,6,5.2,7,2.4,7,10.8,7,11.8,7,9.0,7,6.9,7,9.0,6,7.4,5,7.1,5,11.5,5
2016-02-13 07:00:00,4.6,6,3.5,7,2.6,7,5.0,6,2.8,6,8.5,6,7.0,6,6.5,6,4.6,7,5.0,7,5.6,7,4.6,6,3.6,6,3.4,7,7.8,5,6.7,7,5.8,6,6.3,6,4.9,7,3.8,7,6.8,7,7.2,7,6.8,7,-0.1,7.0,11.5,6,5.8,7,2.9,7,10.8,7,11.7,7,9.4,6,7.9,6,9.3,6,7.5,5,7.4,5,12.4,5
2016-02-13 08:00:00,4.9,7,3.7,7,2.8,7,5.3,6,3.6,7,8.5,6,7.0,5,6.5,5,5.2,7,5.3,7,5.9,7,5.3,6,3.5,7,3.5,7,8.3,6,7.3,7,6.3,7,6.8,7,5.0,7,4.2,7,7.2,7,7.9,7,7.2,7,0.1,7.0,11.8,7,6.8,7,3.8,7,10.9,7,11.7,7,10.1,6,9.4,6,9.9,6,7.8,6,8.1,5,13.4,5
2016-02-13 09:00:00,5.1,7,4.2,7,3.3,7,5.8,6,4.4,7,8.7,6,7.2,5,6.9,5,5.8,7,5.8,7,6.4,7,6.2,6,3.8,7,3.7,7,8.9,7,8.1,7,7.1,7,7.6,7,5.4,7,4.7,7,7.6,7,8.8,7,7.8,7,1.1,7.0,12.2,7,8.2,7,5.0,7,11.3,7,12.0,7,11.2,5,11.1,6,10.9,6,8.7,6,9.2,5,14.6,5
2016-02-13 10:00:00,5.3,7,5.1,7,4.1,7,6.5,6,5.1,7,9.0,6,7.7,5,7.8,5,6.4,7,6.6,7,7.1,7,7.2,7,4.5,7,4.3,7,9.7,7,8.8,7,8.1,7,8.7,7,6.0,7,5.4,7,8.1,7,9.9,7,8.8,7,3.1,7.0,12.7,7,9.9,7,6.5,7,12.0,7,12.8,7,12.7,4,12.7,6,12.3,5,10.2,5,10.6,5,15.9,5
2016-02-13 11:00:00,5.6,7,6.0,7,4.9,7,7.3,6,5.7,7,9.4,6,8.4,5,9.0,6,7.0,7,7.4,7,7.9,7,8.3,7,5.5,7,5.1,7,10.5,7,9.3,7,9.2,7,9.9,6,6.9,7,6.3,7,8.7,7,11.1,7,9.9,6,5.5,7.0,13.3,7,11.6,7,8.1,7,13.0,7,13.9,7,14.2,4,14.1,6,13.7,4,12.0,5,12.0,4,17.0,5
2016-02-13 12:00:00,5.8,7,6.8,7,5.6,7,7.9,6,6.3,7,9.7,6,9.0,6,10.0,7,7.4,7,8.0,7,8.4,7,9.1,7,6.5,7,5.9,7,11.1,7,9.8,7,10.1,7,10.9,6,7.8,7,7.1,7,9.3,7,12.0,7,10.8,6,7.1,7.0,13.8,7,13.0,7,9.3,7,13.8,7,14.8,7,15.4,4,15.1,5,14.9,4,13.5,5,13.1,4,17.9,6
2016-02-13 13:00:00,6.0,7,7.1,7,5.9,7,8.3,5,6.8,7,9.8,6,9.4,6,10.5,7,7.6,7,8.3,7,8.6,7,9.6,7,7.2,7,6.5,7,11.4,6,10.2,7,10.5,7,11.4,6,8.6,7,7.8,7,10.0,7,12.5,7,11.3,6,7.3,7.0,14.3,7,13.9,7,9.9,6,14.3,7,15.3,7,16.0,4,15.7,5,15.5,4,14.4,5,13.7,4,18.2,6
2016-02-13 14:00:00,6.2,7,7.1,6,6.0,7,8.4,5,7.2,7,9.8,6,9.5,6,10.5,7,7.5,7,8.3,7,8.5,7,9.8,7,7.5,7,6.9,7,11.4,6,10.4,7,10.6,6,11.4,6,9.2,7,8.2,7,10.5,7,12.6,6,11.4,6,6.5,7.0,14.5,7,14.3,6,10.0,6,14.3,7,15.4,7,15.9,4,15.9,5,15.6,5,14.6,6,13.9,4,18.1,6
2016-02-13 15:00:00,4.8,7,5.3,7,3.4,7,7.6,7,5.3,7,9.1,5,8.4,5,10.2,5,6.1,7,7.2,7,7.0,7,8.1,7,6.4,7,5.9,7,11.2,6,10.6,6,10.8,6,11.2,6,9.0,6,7.1,7,10.3,6,11.9,5,11.0,6,4.9,7.0,14.3,6,13.1,5,7.5,5,13.3,7,15.0,7,15.6,4,14.8,4,14.2,3,12.0,5,12.8,2,18.0,4
2016-02-13 16:00:00,5.2,7,5.3,7,3.6,7,7.3,7,5.2,7,8.8,5,7.9,6,9.6,5,6.2,6,7.1,6,7.2,6,7.4,6,6.1,7,5.8,7,10.7,6,9.9,6,9.8,6,10.0,5,8.7,6,7.2,7,9.5,5,10.7,5,10.4,6,4.2,7.0,13.5,6,12.4,4,7.5,5,12.3,7,14.3,7,14.9,5,14.3,4,13.9,3,11.7,4,12.6,1,17.1,5
2016-02-13 17:00:00,5.5,7,5.4,7,3.9,7,6.8,7,5.0,7,8.4,5,7.3,6,8.8,5,6.3,5,7.0,5,7.4,5,6.5,5,5.6,6,5.6,7,10.1,5,8.9,6,8.6,6,8.6,5,8.1,5,7.0,7,8.6,4,9.5,5,9.7,6,3.6,7.0,12.6,5,11.5,4,7.4,5,11.0,7,13.6,7,14.0,5,13.5,5,13.4,3,11.2,2,12.4,1,16.1,5
2016-02-13 18:00:00,5.6,7,5.4,7,4.1,6,6.3,7,4.8,7,8.0,5,6.8,6,8.1,5,6.3,5,6.7,5,7.5,5,5.9,4,5.3,6,5.4,7,9.4,5,8.1,6,7.5,6,7.6,5,7.4,5,6.8,7,7.8,4,8.6,5,9.0,6,3.1,7.0,11.7,6,10.5,3,7.2,5,10.0,7,12.8,6,13.1,6,12.5,5,12.7,3,10.8,2,12.0,2,15.1,6
2016-02-13 19:00:00,5.4,7,5.4,7,4.1,6,5.9,6,4.8,7,7.6,5,6.4,5,7.5,5,6.1,5,6.4,5,7.3,5,5.8,4,5.3,6,5.3,6,8.9,5,7.6,6,6.9,6,7.2,5,6.7,5,6.6,7,7.3,5,8.1,4,8.6,6,2.7,7.0,11.1,6,9.8,3,6.7,5,9.4,7,12.2,6,12.4,6,11.6,5,12.0,4,10.5,3,11.6,3,14.3,5
2016-02-13 20:00:00,5.1,7,5.2,7,3.9,6,5.7,6,4.8,7,7.2,5,6.2,4,7.0,4,5.9,5,6.1,5,6.9,5,6.1,4,5.5,6,5.3,6,8.5,4,7.4,6,6.6,5,7.2,5,6.2,5,6.5,7,7.0,6,7.9,4,8.3,5,2.3,7.0,10.8,6,9.2,4,6.0,6,9.1,7,11.7,6,11.9,5,10.9,5,11.5,5,10.2,5,11.1,4,13.6,5
2016-02-13 21:00:00,5.1,7,5.1,7,3.9,6,5.5,6,4.6,6,7.0,4,6.0,3,6.6,4,5.7,5,5.9,5,6.7,5,5.9,4,5.5,6,5.1,6,8.1,4,7.2,6,6.4,5,7.0,5,5.8,6,6.2,6,6.9,6,7.8,4,7.9,5,1.9,7.0,10.6,6,8.6,4,5.7,6,8.9,7,11.2,5,11.3,5,10.4,5,11.1,5,10.1,5,10.8,5,13.1,5
2016-02-13 22:00:00,5.1,7,4.9,7,3.8,6,5.4,6,4.3,6,7.0,4,5.8,2,6.3,3,5.5,5,5.7,5,6.5,5,5.8,4,5.4,6,4.9,6,7.8,4,7.0,6,6.2,5,6.8,5,5.4,6,5.8,6,6.8,6,7.7,4,7.7,5,1.6,6.0,10.4,6,8.2,4,5.3,6,8.6,6,10.6,5,10.9,5,9.9,5,10.7,6,9.9,6,10.5,5,12.5,5
2016-02-13 23:00:00,5.0,7,4.7,7,3.8,6,5.3,6,4.0,6,7.0,4,5.6,3,6.0,3,5.2,6,5.6,5,6.3,5,5.6,5,5.2,6,4.8,6,7.4,4,6.8,6,6.0,6,6.6,5,5.1,6,5.4,6,6.6,6,7.6,4,7.5,5,1.3,6.0,10.1,6,7.8,5,4.9,6,8.3,6,10.1,5,10.4,5,9.6,5,10.4,6,9.8,6,10.2,5,12.1,5
2016-02-14 00:00:00,5.0,7,4.5,7,3.7,6,5.2,6,3.8,6,6.9,4,5.5,3,5.7,4,5.0,5,5.3,5,6.0,5,5.3,5,5.1,6,4.6,6,7.1,4,6.5,6,5.8,6,6.3,5,4.8,6,5.0,6,6.4,6,7.3,4,7.3,5,1.1,6.0,9.7,6,7.5,5,4.5,5,7.9,6,9.5,5,10.0,5,9.3,5,10.1,6,9.6,6,9.9,5,11.6,5
2016-02-14 01:00:00,5.0,7,4.3,7,3.7,6,5.1,6,3.5,6,6.8,4,5.5,4,5.5,4,4.7,5,5.1,5,5.8,5,5.1,5,4.8,6,4.4,6,6.8,5,6.1,6,5.5,6,5.9,5,4.5,6,4.6,6,6.1,6,6.9,5,7.1,5,1.0,6.0,9.3,6,7.4,5,4.2,5,7.5,6,9.0,5,9.6,5,8.9,5,9.8,5,9.4,5,9.6,5,11.1,5
2016-02-14 02:00:00,4.9,7,4.1,7,3.6,6,5.0,6,3.3,6,6.6,4,5.4,5,5.3,5,4.5,5,4.8,5,5.6,5,4.7,6,4.6,5,4.3,6,6.5,5,5.8,6,5.1,6,5.5,5,4.3,6,4.2,6,5.6,5,6.4,5,6.9,5,1.0,5.0,8.9,5,7.2,5,3.9,5,7.1,6,8.6,5,9.3,5,8.6,5,9.6,5,9.2,5,9.2,5,10.6,5
2016-02-14 03:00:00,5.7,6,4.7,7,4.5,7,5.4,5,3.8,7,7.4,5,5.8,4,6.0,5,4.9,6,5.2,6,6.2,6,5.3,5,5.3,5,5.1,6,7.1,4,5.7,2,5.2,4,5.5,4,4.8,4,4.8,5,5.5,7,6.6,6,7.1,6,1.6,7.0,9.3,6,6.5,7,3.3,7,7.5,7,8.9,6,9.3,6,8.4,7,9.2,7,8.2,6,9.1,7,10.9,6
2016-02-14 04:00:00,5.7,6,4.7,7,4.4,7,5.2,5,3.8,7,7.2,5,5.6,4,5.9,4,4.8,6,5.1,6,6.1,6,5.1,5,5.0,5,4.9,6,7.0,4,5.5,2,5.0,4,5.4,3,4.6,4,4.4,6,5.3,7,6.3,6,6.9,6,1.6,7.0,9.1,6,5.9,7,3.0,7,7.4,7,8.9,6,8.9,6,7.6,7,8.9,7,8.0,6,8.6,6,10.7,6
2016-02-14 05:00:00,5.7,7,4.6,7,4.3,7,5.1,5,3.8,7,7.0,5,5.3,4,5.7,3,4.6,6,5.2,6,6.0,6,4.9,6,4.5,4,4.9,6,6.9,4,5.3,3,4.8,5,5.3,2,4.4,5,4.1,6,5.2,7,6.0,5,6.7,7,1.5,7.0,8.9,6,5.4,7,2.8,7,7.4,7,8.8,6,8.6,6,6.9,7,8.7,7,7.7,7,8.2,6,10.4,6
2016-02-14 06:00:00,5.7,7,4.5,7,4.2,6,5.0,6,4.0,7,6.8,5,5.1,3,5.6,3,4.6,6,5.2,6,5.9,6,4.8,7,4.3,4,5.0,6,6.8,4,5.2,3,4.7,5,5.3,2,4.2,5,4.1,6,5.1,7,5.8,5,6.5,7,1.2,7.0,8.6,5,5.3,7,2.8,7,7.3,6,8.6,6,8.5,6,6.8,6,8.7,7,7.5,7,8.0,6,10.3,6
2016-02-14 07:00:00,5.6,7,4.3,7,4.1,7,4.9,6,4.3,7,6.6,5,4.9,4,5.5,3,4.7,6,5.2,6,5.7,6,4.9,7,4.4,5,5.3,6,6.7,4,5.3,3,4.7,5,5.3,3,4.2,5,4.5,5,4.9,7,5.7,5,6.5,7,0.7,7.0,8.4,5,5.7,6,3.2,6,7.1,6,8.3,6,8.7,5,7.5,6,9.0,6,7.5,6,8.1,6,10.4,6
2016-02-14 08:00:00,5.5,7,4.2,7,4.1,7,4.9,6,4.7,7,6.4,5,4.8,4,5.5,4,4.8,6,5.3,7,5.5,6,5.2,7,4.7,6,5.8,6,6.8,4,5.6,4,4.9,5,5.5,5,4.4,6,5.2,5,4.8,6,5.9,6,6.7,7,0.4,7.0,8.3,5,6.7,5,3.9,6,7.0,6,8.1,7,9.2,5,8.8,5,9.7,6,7.9,6,8.5,6,10.8,6
2016-02-14 09:00:00,5.4,7,4.2,7,4.3,7,5.0,6,5.2,7,6.5,5,5.0,5,5.8,5,5.1,6,5.6,6,5.7,6,5.8,7,5.4,7,6.5,7,7.0,4,6.1,4,5.3,5,5.9,6,4.9,6,6.1,5,4.8,6,6.3,6,7.1,7,0.8,7.0,8.5,5,7.9,5,5.0,5,7.2,6,8.3,7,10.1,4,10.3,4,10.6,5,8.6,6,9.3,6,11.5,6
2016-02-14 10:00:00,5.3,7,4.5,7,4.8,7,5.2,6,5.8,7,6.9,4,5.4,5,6.4,5,5.4,6,6.0,6,6.3,6,6.6,7,6.2,7,7.3,7,7.5,4,6.8,5,6.1,5,6.6,6,5.6,6,7.0,6,5.2,6,7.0,7,7.8,6,2.2,7.0,9.0,5,9.3,4,6.3,4,8.0,6,9.0,7,11.4,4,11.5,4,11.6,4,9.7,5,10.5,5,12.5,5
2016-02-14 11:00:00,5.3,7,5.0,7,5.4,7,5.6,6,6.5,7,7.4,4,6.0,6,7.2,6,5.7,6,6.6,6,7.0,6,7.5,7,7.1,7,8.1,7,8.1,5,7.6,5,7.0,6,7.3,6,6.4,6,7.8,6,5.7,6,7.7,7,8.6,6,4.1,7.0,9.6,5,10.6,4,7.5,3,8.9,6,10.0,7,12.7,4,12.5,4,12.5,3,11.0,5,11.8,4,13.5,5
2016-02-14 12:00:00,5.4,7,5.4,7,5.8,7,5.9,6,7.0,7,7.8,4,6.5,6,7.9,6,6.0,6,7.0,5,7.6,6,8.2,7,7.8,7,8.7,7,8.7,5,8.3,6,7.7,6,8.0,5,7.2,6,8.5,6,6.3,6,8.4,6,9.2,6,5.4,7.0,10.2,5,11.7,4,8.5,3,9.7,6,10.8,7,13.8,4,13.1,3,13.2,2,12.0,5,12.8,3,14.3,5
2016-02-14 13:00:00,5.5,7,5.7,7,5.9,7,6.1,6,7.3,7,7.9,4,6.8,6,8.3,6,6.2,6,7.2,6,7.8,6,8.5,6,8.1,7,9.1,6,9.1,5,8.7,6,8.1,6,8.3,5,7.7,6,8.9,6,6.7,6,8.8,6,9.5,5,5.6,7.0,10.6,5,12.3,3,8.9,2,9.9,6,11.1,6,14.4,3,13.5,3,13.5,2,12.6,4,13.3,2,14.6,5
2016-02-14 14:00:00,5.7,7,5.8,7,5.8,7,6.2,6,7.2,7,7.8,5,6.7,6,8.2,6,6.3,6,7.2,6,7.6,6,8.4,6,8.0,6,9.1,6,9.3,5,8.7,6,8.1,6,8.3,5,7.9,6,8.9,6,7.0,6,8.9,6,9.4,5,5.0,7.0,10.7,6,12.4,3,8.8,2,9.5,5,11.0,6,14.4,3,13.4,2,13.4,2,12.7,3,13.2,2,14.4,5
2016-02-14 15:00:00,6.0,6,5.7,7,5.3,7,6.7,5,6.5,6,7.3,3,6.4,5,7.9,4,6.3,7,7.1,7,7.4,7,8.3,5,7.3,6,8.1,6,9.1,3,8.4,5,8.1,6,8.7,5,7.9,6,8.3,7,7.3,6,8.7,6,9.5,7,5.4,7.0,10.7,5,11.6,7,9.4,7,8.5,7,10.0,6,12.6,7,12.5,7,12.8,7,12.9,7,12.7,7,12.9,7
2016-02-14 16:00:00,5.8,6,5.4,7,4.7,6,6.1,4,5.9,6,6.8,3,5.8,5,7.1,4,5.7,6,6.4,6,6.8,6,7.1,4,6.5,5,7.1,6,8.3,2,7.4,4,7.1,5,7.4,4,6.8,6,7.2,7,6.7,5,7.9,5,8.7,7,4.3,7.0,10.0,5,10.6,7,8.5,7,7.2,7,9.4,6,11.8,6,11.5,6,12.1,7,12.0,7,12.3,7,11.9,7
2016-02-14 17:00:00,5.6,6,5.0,6,4.1,5,5.4,4,5.2,6,6.4,4,5.2,5,6.2,4,5.0,4,5.7,5,6.3,5,5.7,3,5.5,4,5.9,6,7.4,2,6.2,3,6.0,3,5.9,4,5.5,6,5.9,7,5.9,4,6.9,5,7.8,7,3.4,7.0,9.0,5,9.3,7,7.3,7,5.9,7,8.7,6,10.8,6,10.3,6,11.1,6,10.8,7,11.8,7,10.9,7
2016-02-14 18:00:00,5.4,5,4.6,6,3.6,4,4.7,4,4.4,6,5.9,5,4.7,4,5.4,4,4.4,3,5.0,4,5.8,4,4.5,2,4.6,4,4.8,6,6.5,2,5.2,2,4.9,2,4.6,3,4.4,6,4.9,7,5.1,3,5.9,5,7.0,7,2.6,7.0,8.0,5,8.2,6,6.1,7,4.9,6,8.0,6,9.7,6,9.1,6,10.0,6,9.6,6,11.1,7,10.0,6
2016-02-14 19:00:00,5.3,5,4.3,6,3.4,4,4.2,4,3.7,6,5.5,5,4.5,4,4.9,3,4.2,3,4.5,4,5.6,4,3.8,2,4.2,4,4.2,6,5.8,2,4.6,2,4.2,2,3.9,2,3.8,6,4.4,7,4.5,2,5.1,4,6.3,6,2.0,7.0,7.4,5,7.4,6,5.1,6,4.5,6,7.4,6,8.8,6,8.2,6,9.0,6,8.6,6,10.4,7,9.5,6
2016-02-14 20:00:00,5.2,5,4.2,5,3.4,4,3.8,4,3.2,6,5.3,4,4.4,3,4.5,3,4.1,3,4.3,4,5.4,4,3.6,3,4.0,4,3.9,6,5.4,2,4.2,2,3.7,2,3.6,2,3.5,5,4.3,7,4.2,2,4.5,4,5.8,6,1.7,7.0,7.0,5,6.8,6,4.4,6,4.6,6,7.0,6,8.1,5,7.5,6,8.2,7,7.9,6,9.7,7,9.2,6
2016-02-14 21:00:00,5.1,5,4.0,6,3.3,4,3.6,4,2.9,6,5.1,4,4.3,3,4.2,3,4.1,4,4.1,5,5.3,5,3.5,3,3.9,4,3.8,6,5.0,2,4.0,3,3.4,2,3.5,2,3.4,4,4.3,7,3.8,2,4.1,3,5.4,6,1.3,6.0,6.6,5,6.4,6,3.6,5,4.6,6,6.5,6,7.6,5,7.0,6,7.6,6,7.3,6,9.2,6,8.9,6
2016-02-14 22:00:00,4.9,5,3.8,6,3.2,4,3.5,4,2.6,6,5.1,4,4.1,4,3.8,3,3.9,4,4.0,5,5.0,5,3.4,4,3.9,5,3.7,6,4.6,2,3.8,3,3.1,2,3.4,3,3.2,4,4.2,7,3.6,2,3.8,3,5.0,5,1.1,6.0,6.3,5,5.9,5,3.0,5,4.5,6,6.0,5,7.2,5,6.6,6,7.1,6,6.9,6,8.8,6,8.6,6
2016-02-14 23:00:00,4.8,5,3.7,6,3.1,5,3.5,4,2.5,6,5.1,4,3.9,4,3.5,3,3.6,5,3.8,5,4.7,5,3.4,4,3.8,5,3.5,6,4.3,2,3.6,3,2.9,3,3.2,3,2.9,4,3.9,7,3.3,2,3.7,3,4.8,5,0.8,6.0,6.1,5,5.5,5,2.4,5,4.3,6,5.6,5,6.9,5,6.3,5,6.8,6,6.5,6,8.5,6,8.3,5
2016-02-15 00:00:00,4.7,6,3.7,6,3.1,5,3.6,4,2.4,6,5.1,4,3.8,4,3.3,4,3.3,5,3.7,5,4.4,5,3.3,5,3.7,5,3.4,6,4.1,3,3.4,4,2.7,3,3.1,4,2.7,5,3.5,6,3.1,3,3.7,4,4.6,5,0.4,6.0,5.9,5,5.2,5,2.0,5,4.1,6,5.4,5,6.8,5,6.1,5,6.5,6,6.2,5,8.2,6,8.0,5
2016-02-15 01:00:00,4.6,6,3.6,6,3.1,5,3.7,5,2.3,6,5.1,4,3.8,5,3.4,4,3.1,5,3.6,5,4.2,5,3.3,5,3.6,5,3.2,6,4.0,4,3.3,4,2.6,4,3.1,4,2.6,5,3.1,6,2.9,4,3.7,4,4.6,5,0.0,6.0,5.7,5,4.9,5,1.6,5,3.8,5,5.2,5,6.6,5,5.9,5,6.3,6,6.0,5,7.9,6,7.8,5
2016-02-15 02:00:00,4.6,6,3.6,6,3.1,5,3.7,5,2.2,6,5.0,4,3.8,5,3.5,5,3.0,5,3.4,5,4.1,5,3.3,6,3.5,5,3.1,6,4.1,5,3.2,5,2.5,5,3.1,5,2.5,6,2.7,6,2.7,5,3.8,5,4.6,5,-0.3,5.0,5.4,5,4.6,5,1.4,5,3.7,5,5.1,5,6.5,5,5.7,5,6.2,5,5.9,5,7.6,5,7.5,5
2016-02-15 03:00:00,4.1,4,2.9,4,3.1,4,4.0,4,2.3,6,4.6,1,3.5,4,3.3,3,3.1,5,3.5,5,4.0,5,3.3,7,3.3,7,3.2,6,3.4,3,2.8,6,2.2,7,2.4,7,2.5,7,2.5,5,2.1,6,3.1,7,4.0,6,-0.9,5.0,5.5,5,3.9,2,0.7,1,2.9,7,4.8,6,6.2,3,5.2,2,5.4,2,5.4,2,7.0,4,7.1,3
2016-02-15 04:00:00,3.8,4,2.7,3,2.8,3,3.6,3,2.1,6,4.4,1,3.2,4,3.2,2,2.9,4,3.3,5,3.8,5,3.0,7,3.2,7,3.1,6,3.4,3,2.7,6,2.1,7,2.3,6,2.3,7,2.3,6,2.0,6,2.8,7,3.9,7,-1.1,5.0,5.3,5,3.3,2,0.4,1,2.8,7,4.8,6,5.8,4,4.5,3,5.0,2,4.8,2,6.4,3,6.7,4
2016-02-15 05:00:00,3.5,3,2.5,3,2.6,3,3.2,3,1.9,5,4.1,1,2.8,4,3.0,2,2.8,4,3.1,5,3.7,5,2.6,7,3.0,7,2.9,6,3.5,2,2.5,5,2.1,7,2.2,6,2.0,7,2.1,6,2.0,7,2.5,7,3.8,7,-1.4,5.0,5.0,5,2.8,3,0.1,1,2.9,7,4.7,7,5.5,4,4.0,4,4.7,2,4.2,2,6.1,2,6.3,4
2016-02-15 06:00:00,3.3,3,2.4,2,2.4,3,3.0,3,1.9,5,3.9,1,2.6,4,2.9,2,2.6,4,2.9,5,3.6,5,2.3,7,2.8,7,2.7,7,3.5,2,2.5,5,2.1,6,2.1,6,1.8,7,2.0,7,1.8,7,2.4,7,3.6,7,-1.8,6.0,4.7,5,2.6,3,0.2,2,3.0,7,4.5,7,5.5,5,3.9,4,4.7,2,3.9,2,6.1,2,6.1,4
2016-02-15 07:00:00,3.3,3,2.4,3,2.4,3,3.0,3,2.0,5,3.8,2,2.6,4,2.9,2,2.5,5,2.8,5,3.5,5,2.2,6,2.5,7,2.6,7,3.6,2,2.6,4,2.0,6,2.1,6,1.8,7,2.0,7,1.5,6,2.4,7,3.2,7,-2.2,6.0,4.5,5,3.2,3,0.7,2,3.1,7,4.2,7,5.9,4,4.7,4,5.1,2,4.2,2,6.7,2,6.4,4
2016-02-15 08:00:00,3.5,4,2.7,3,2.5,3,3.3,3,2.4,5,3.9,2,2.8,4,3.1,3,2.6,5,2.9,5,3.6,5,2.4,6,2.2,7,2.7,7,3.8,2,2.8,4,1.9,5,2.3,6,1.9,7,2.1,7,1.1,6,2.5,7,2.9,7,-2.4,6.0,4.5,5,4.3,3,1.6,2,3.3,7,4.1,7,6.6,4,6.1,4,6.0,2,5.0,2,7.7,2,7.0,4
2016-02-15 09:00:00,3.8,4,3.1,4,2.9,4,3.7,3,2.9,5,4.2,2,3.2,4,3.6,3,2.8,5,3.3,4,3.9,5,2.8,5,2.2,7,2.9,7,4.2,2,3.2,4,2.1,5,2.6,6,2.3,7,2.4,7,1.1,5,2.7,7,3.1,7,-1.7,7.0,4.8,4,5.7,3,3.0,2,3.7,7,4.4,6,7.7,3,7.7,3,7.1,2,6.5,2,8.9,2,7.9,4
2016-02-15 10:00:00,4.1,4,3.7,5,3.6,4,4.1,3,3.6,5,4.7,2,3.7,3,4.5,3,3.3,5,4.0,4,4.5,4,3.4,5,2.5,7,3.3,7,5.0,2,3.7,4,2.7,5,3.1,6,2.8,7,2.9,7,1.5,5,3.0,7,3.9,7,0.0,7.0,5.4,5,7.1,3,4.7,2,4.4,7,5.2,6,8.9,3,9.2,3,8.4,2,8.5,2,10.2,2,9.0,4
2016-02-15 11:00:00,4.4,4,4.4,5,4.3,4,4.4,2,4.2,5,5.3,2,4.2,3,5.5,2,3.8,5,4.8,4,5.2,4,4.1,5,3.1,7,3.9,7,5.8,2,4.3,3,3.4,6,3.8,5,3.5,7,3.4,7,2.2,5,3.4,7,5.0,7,2.1,7.0,6.1,5,8.4,3,6.4,2,5.3,7,6.1,6,10.2,2,10.4,3,9.7,2,10.5,2,11.5,2,10.0,5
2016-02-15 12:00:00,4.7,4,4.9,5,4.9,4,4.7,2,4.7,5,5.7,2,4.5,3,6.3,2,4.2,5,5.3,5,5.7,5,4.6,5,3.6,7,4.4,7,6.5,2,4.8,3,3.9,6,4.3,5,4.0,7,3.9,7,2.8,5,3.7,7,5.9,7,3.7,7.0,6.8,5,9.2,3,7.7,2,6.0,7,6.9,6,11.2,2,11.2,3,10.7,2,12.2,2,12.4,3,10.7,5
2016-02-15 13:00:00,4.9,4,5.1,5,5.2,4,4.8,2,4.9,5,5.8,1,4.6,3,6.6,2,4.3,5,5.3,5,5.8,5,4.8,6,3.9,7,4.7,7,6.8,2,5.1,4,4.1,7,4.6,5,4.3,7,4.1,7,3.1,5,3.9,7,6.1,7,4.1,7.0,7.2,4,9.5,3,8.3,2,6.3,7,7.1,6,11.8,2,11.6,3,11.1,1,13.1,2,12.9,2,11.0,4
2016-02-15 14:00:00,5.1,3,5.1,5,5.2,4,4.9,3,4.8,5,5.7,1,4.6,3,6.4,3,4.1,5,5.0,5,5.5,5,4.7,6,3.9,7,4.9,7,6.8,2,5.1,4,3.9,7,4.6,6,4.4,7,4.2,7,3.1,5,4.0,7,5.9,7,3.6,7.0,7.3,3,9.2,3,8.2,2,6.2,7,6.9,6,11.9,2,11.4,3,11.0,1,13.2,2,13.0,2,10.8,3
2016-02-15 15:00:00,5.0,4,5.0,3,4.7,5,4.9,2,5.0,6,5.5,1,4.5,3,6.1,3,4.1,5,4.8,4,5.3,5,5.0,7,4.4,7,5.3,7,6.6,2,5.2,6,4.1,6,4.9,7,4.9,7,5.3,7,3.4,5,4.6,7,6.0,6,3.1,7.0,7.4,4,9.2,2,8.2,2,6.0,7,6.9,6,12.3,2,11.3,2,11.0,1,13.5,2,13.5,3,10.9,4
2016-02-15 16:00:00,4.9,4,4.7,2,4.2,5,4.6,2,4.5,6,5.2,1,4.2,2,5.4,3,3.7,4,4.3,3,4.8,4,4.3,7,3.9,7,4.8,7,6.2,2,4.8,7,3.6,6,4.1,7,4.2,7,4.7,7,3.0,5,4.1,7,5.4,7,2.3,7.0,6.7,3,8.3,2,7.2,2,4.9,7,6.3,6,11.2,2,10.0,2,10.2,1,12.5,2,12.9,3,9.9,4
2016-02-15 17:00:00,4.7,3,4.4,2,3.5,5,4.3,2,3.8,5,4.9,2,3.9,2,4.7,2,3.2,3,3.8,2,4.3,3,3.4,7,3.4,7,4.2,7,5.6,2,4.2,7,2.9,5,3.2,6,3.4,6,4.1,7,2.5,5,3.5,7,4.8,7,1.7,7.0,5.9,2,7.4,2,6.1,2,3.6,6,5.7,5,9.9,2,8.5,2,9.3,2,11.1,2,12.2,2,8.8,3
2016-02-15 18:00:00,4.5,3,4.0,2,3.0,4,3.9,3,3.0,3,4.6,2,3.6,2,4.0,2,2.9,2,3.4,2,4.0,2,2.6,6,3.0,7,3.7,7,5.0,1,3.7,6,2.4,5,2.5,6,2.8,6,3.5,7,2.0,5,2.9,7,4.3,7,1.1,6.0,5.3,2,6.7,2,5.0,2,2.6,6,5.2,5,8.7,2,7.3,2,8.4,2,9.6,2,11.3,2,7.9,3
2016-02-15 19:00:00,4.4,3,3.6,2,2.6,3,3.5,2,2.3,3,4.2,2,3.3,2,3.5,1,2.7,1,3.1,1,3.9,1,2.1,5,2.7,7,3.3,7,4.3,1,3.3,5,2.0,5,2.2,6,2.5,6,3.2,7,1.6,5,2.5,7,4.0,7,0.6,6.0,5.0,2,6.3,2,4.3,2,2.1,6,4.7,5,7.9,2,6.8,2,7.7,2,8.2,2,10.5,3,7.4,3
2016-02-15 20:00:00,4.3,3,3.3,2,2.4,2,3.3,2,1.7,2,3.8,2,3.1,2,3.1,1,2.6,1,2.8,1,3.9,1,1.8,5,2.5,7,3.0,7,3.7,1,2.9,3,1.8,5,2.1,6,2.3,7,3.0,7,1.2,4,2.3,7,3.9,6,0.3,6.0,4.9,3,6.1,1,3.8,2,2.0,6,4.3,6,7.5,1,6.7,1,7.1,1,7.0,2,9.8,3,7.2,3
2016-02-15 21:00:00,4.2,3,3.0,2,2.1,2,3.1,3,1.2,2,3.6,2,3.0,2,2.7,2,2.3,1,2.5,2,3.6,1,1.5,4,2.3,7,2.7,7,3.3,1,2.6,3,1.5,5,2.0,6,2.1,7,2.7,7,1.0,5,2.1,7,3.8,6,0.0,5.0,4.7,3,6.0,2,3.2,2,2.0,6,4.0,5,7.2,1,6.8,1,6.7,2,6.1,3,9.3,3,6.9,3
2016-02-15 22:00:00,4.1,3,2.8,3,1.9,2,3.1,3,0.8,3,3.4,2,3.0,3,2.5,1,2.0,1,2.2,2,3.3,1,1.3,4,2.1,6,2.4,7,2.9,1,2.2,2,1.2,5,2.0,6,1.9,6,2.5,7,0.8,5,2.1,7,3.6,6,-0.2,5.0,4.5,3,5.8,2,2.7,2,1.9,5,3.7,5,6.9,2,6.8,1,6.3,2,5.4,3,8.8,3,6.6,3
2016-02-15 23:00:00,4.0,4,2.5,3,1.6,2,3.1,4,0.4,3,3.3,3,3.0,3,2.3,1,1.7,1,1.8,3,3.0,1,1.2,4,2.0,6,2.2,7,2.7,1,2.0,2,1.0,5,1.8,5,1.8,6,2.3,7,0.8,5,2.1,7,3.6,6,-0.3,5.0,4.3,3,5.6,3,2.2,2,1.9,5,3.5,5,6.7,2,6.7,2,6.0,3,5.0,3,8.3,3,6.4,4
2016-02-16 00:00:00,3.8,4,2.3,3,1.4,2,3.1,4,0.1,3,3.2,3,3.0,4,2.1,2,1.4,2,1.5,3,2.7,2,1.0,4,1.9,6,2.1,7,2.5,1,1.7,2,0.9,5,1.7,5,1.7,6,2.1,6,0.8,5,2.1,6,3.6,6,-0.3,5.0,4.2,4,5.3,3,1.8,2,1.9,5,3.5,5,6.4,2,6.5,2,5.9,3,4.8,4,8.0,4,6.3,4
2016-02-16 01:00:00,3.7,4,2.1,3,1.2,2,2.9,5,-0.2,4,3.2,4,3.0,4,1.9,2,1.1,2,1.3,4,2.4,2,0.9,4,1.9,6,2.0,6,2.4,1,1.6,3,0.9,6,1.5,4,1.6,6,2.0,6,0.8,5,2.0,6,3.8,6,-0.3,5.0,4.1,4,4.8,4,1.5,3,1.9,5,3.4,5,6.2,3,6.2,3,5.8,4,4.7,4,7.6,4,6.3,4
2016-02-16 02:00:00,3.6,4,1.9,3,1.0,2,2.6,6,-0.4,4,3.2,4,2.9,5,1.8,2,0.9,3,1.0,4,2.2,3,0.7,5,1.8,6,2.0,6,2.4,1,1.4,3,0.8,6,1.3,5,1.5,7,1.9,6,0.8,6,2.0,6,4.0,6,-0.2,5.0,4.0,5,4.3,5,1.3,4,1.8,5,3.4,5,6.1,4,5.8,4,5.7,4,4.8,4,7.3,4,6.4,5
2016-02-16 03:00:00,3.0,2,0.9,2,0.1,1,3.2,2,-1.1,1,2.9,1,2.3,1,1.8,1,0.2,1,0.2,1,1.1,1,0.3,2,1.5,6,1.6,6,1.8,1,0.4,1,-0.4,3,0.3,6,0.7,3,1.2,7,-1.1,3,0.8,6,2.3,7,-0.9,4.0,2.8,2,3.9,2,1.2,1,0.8,6,2.4,6,5.3,1,5.0,1,4.2,1,4.6,2,7.0,1,5.3,3
2016-02-16 04:00:00,2.8,1,0.6,1,-0.2,1,2.8,2,-1.5,1,2.6,1,2.1,1,1.5,1,-0.2,1,-0.1,1,0.8,1,-0.2,2,1.2,6,1.5,6,1.6,1,0.2,1,-0.7,4,-0.2,6,0.6,4,1.0,7,-1.4,2,0.5,6,2.1,7,-1.1,4.0,2.5,2,3.6,2,1.1,1,0.8,6,2.3,6,5.2,1,4.7,1,3.9,1,4.2,2,6.8,2,5.0,3
2016-02-16 05:00:00,2.5,1,0.3,1,-0.5,1,2.3,2,-1.8,1,2.3,1,2.0,1,1.2,1,-0.5,1,-0.4,1,0.6,1,-0.7,2,0.8,6,1.3,6,1.4,1,0.1,1,-1.1,4,-0.7,7,0.4,5,0.8,7,-1.6,2,0.2,6,1.8,7,-1.3,4.0,2.1,2,3.4,2,1.2,1,0.8,6,2.2,6,5.2,1,4.5,1,3.8,1,3.7,2,6.8,2,4.7,3
2016-02-16 06:00:00,2.3,1,0.2,1,-0.6,1,2.1,2,-1.7,1,2.3,1,2.1,1,1.1,1,-0.7,1,-0.5,1,0.5,1,-1.0,2,0.5,6,1.3,7,1.4,1,0.1,1,-1.2,4,-1.0,6,0.2,5,0.8,7,-1.7,3,0.1,7,1.6,7,-1.6,5.0,1.9,2,3.4,2,1.3,2,0.9,6,2.1,6,5.2,1,4.5,1,3.9,2,3.6,2,7.0,2,4.5,3
2016-02-16 07:00:00,2.2,1,0.4,1,-0.4,1,2.3,2,-1.1,1,2.7,1,2.6,1,1.4,1,-0.4,1,-0.2,1,0.8,1,-0.8,2,0.3,6,1.4,7,1.8,1,0.4,1,-1.1,4,-0.8,6,0.1,6,0.9,7,-1.7,2,0.2,7,1.5,7,-1.9,5.0,1.9,2,3.6,2,1.6,2,0.9,6,2.0,5,5.4,1,4.8,1,4.3,2,4.1,2,7.5,2,4.6,2
2016-02-16 08:00:00,2.2,2,1.0,1,0.1,2,2.8,2,-0.2,1,3.4,1,3.3,2,2.1,1,0.2,1,0.4,1,1.4,1,-0.1,2,0.4,6,1.6,7,2.5,1,0.9,1,-0.8,3,-0.2,4,0.2,6,1.2,7,-1.5,2,0.4,7,1.5,7,-2.0,6.0,2.2,2,4.1,2,2.1,2,0.9,5,2.0,5,5.8,1,5.4,1,5.0,2,5.1,2,8.2,2,5.0,2
2016-02-16 09:00:00,2.5,2,1.8,1,0.9,2,3.5,2,0.9,1,4.3,1,4.1,2,3.1,1,1.1,1,1.3,1,2.2,1,0.8,2,0.8,6,2.1,6,3.4,1,1.6,1,-0.2,3,0.5,4,0.7,6,1.6,7,-1.1,2,0.7,7,1.8,7,-1.4,6.0,2.7,2,4.8,2,3.0,2,1.2,5,2.3,5,6.6,1,6.3,1,6.0,1,6.5,2,9.2,2,5.8,2
2016-02-16 10:00:00,3.0,2,2.8,2,2.0,2,4.2,2,2.0,1,5.2,1,4.8,2,4.4,1,2.1,1,2.5,1,3.2,1,1.9,3,1.5,6,2.8,6,4.5,2,2.4,1,0.5,2,1.3,3,1.5,5,2.2,7,-0.4,2,1.0,7,2.4,7,0.0,6.0,3.5,2,5.6,2,4.4,2,2.0,5,2.9,5,7.8,2,7.3,1,7.1,1,8.2,2,10.3,2,6.9,2
2016-02-16 11:00:00,3.5,2,3.7,2,3.1,1,4.7,2,2.9,2,6.1,2,5.3,2,5.6,1,3.0,1,3.7,1,4.1,1,2.9,3,2.3,7,3.5,6,5.4,2,3.2,1,1.3,2,2.0,4,2.5,5,2.7,7,0.4,2,1.3,6,3.1,7,1.6,6.0,4.4,2,6.4,2,5.9,2,2.9,5,3.6,5,9.1,2,8.4,1,8.3,1,9.8,2,11.4,2,8.1,3
2016-02-16 12:00:00,4.0,2,4.3,2,3.9,1,5.1,2,3.5,2,6.7,2,5.6,2,6.5,2,3.6,1,4.4,1,4.7,1,3.6,4,3.0,7,4.1,6,6.1,2,3.8,1,2.0,2,2.5,4,3.3,4,3.2,7,1.1,2,1.6,6,3.7,7,2.8,6.0,5.1,2,7.0,2,7.3,2,3.6,5,4.2,5,10.2,2,9.2,1,9.2,1,11.2,2,12.3,2,9.0,3
2016-02-16 13:00:00,4.2,2,4.5,2,4.2,1,5.3,2,3.7,2,6.9,1,5.6,2,6.8,2,3.6,1,4.5,1,4.8,1,3.9,4,3.3,6,4.4,7,6.3,2,4.1,1,2.4,2,2.8,4,3.7,4,3.5,7,1.4,2,1.9,6,4.1,6,3.1,5.0,5.5,2,7.3,2,8.1,2,3.8,6,4.4,5,10.9,2,9.6,1,9.8,1,12.1,2,12.8,2,9.3,3
2016-02-16 14:00:00,4.3,2,4.3,1,4.0,1,5.2,1,3.7,2,6.8,1,5.4,2,6.5,2,3.3,1,4.1,1,4.4,1,3.7,3,3.4,5,4.4,6,6.0,2,4.2,1,2.6,2,3.0,4,3.8,5,3.5,7,1.4,3,2.1,7,4.3,6,2.6,5.0,5.6,2,7.3,2,8.4,2,3.6,6,4.4,6,11.1,1,9.6,2,10.0,1,12.4,2,12.9,2,9.0,3
2016-02-16 15:00:00,4.2,1,3.7,1,3.7,1,4.9,2,3.2,2,6.5,1,5.1,2,6.0,2,3.2,1,3.6,1,4.0,1,3.0,2,2.3,4,3.0,5,5.9,2,4.3,2,2.6,1,2.9,2,2.9,3,2.5,7,1.6,2,2.4,7,3.8,6,1.9,4.0,5.4,3,6.2,2,8.7,3,3.1,5,4.3,5,10.3,1,8.6,1,9.1,2,12.3,4,12.8,5,8.2,2
2016-02-16 16:00:00,3.8,1,3.0,1,2.7,1,4.1,1,2.5,2,5.8,1,4.5,2,5.2,2,2.4,1,2.8,1,3.2,1,2.3,2,1.9,3,2.7,5,5.3,2,3.8,1,2.1,1,2.4,2,2.5,3,2.4,6,1.4,2,2.2,6,3.6,5,1.2,4.0,5.0,3,5.8,2,7.6,3,2.2,5,4.1,4,9.5,2,7.7,2,8.6,3,11.4,5,12.4,4,7.5,2
2016-02-16 17:00:00,3.3,1,2.3,1,1.5,1,3.2,1,1.6,2,5.1,1,3.7,2,4.3,2,1.5,1,2.1,1,2.6,1,1.4,2,1.5,3,2.3,4,4.5,1,3.1,1,1.5,1,1.7,2,2.0,4,2.2,6,1.1,2,1.9,6,3.3,5,0.5,4.0,4.6,3,5.4,2,6.2,4,1.3,5,3.8,3,8.3,2,6.5,2,8.0,5,10.3,5,11.8,4,6.9,2
2016-02-16 18:00:00,2.8,1,1.7,1,0.6,1,2.3,1,0.8,2,4.3,2,3.0,2,3.4,1,0.8,1,1.5,1,2.1,1,0.6,2,1.1,2,2.0,4,3.7,1,2.3,1,0.9,1,1.1,2,1.6,4,2.0,6,0.8,1,1.4,6,3.0,5,-0.1,4.0,4.0,3,5.0,3,4.8,4,0.5,4,3.5,2,7.2,2,5.5,2,7.3,6,9.2,5,11.1,3,6.3,2
2016-02-16 19:00:00,2.4,1,1.2,1,0.2,1,1.5,1,0.1,2,3.7,2,2.4,2,2.6,1,0.4,1,1.1,1,1.9,1,0.0,2,0.7,3,1.7,4,2.8,1,1.6,1,0.5,1,0.6,2,1.3,3,1.9,6,0.4,1,0.9,6,2.8,4,-0.5,4.0,3.3,2,4.8,3,3.9,4,0.1,4,3.1,2,6.3,2,4.9,2,6.6,6,8.2,5,10.3,3,6.0,2
2016-02-16 20:00:00,2.0,1,0.7,1,0.0,1,0.8,1,-0.5,1,3.3,2,1.9,1,1.9,1,0.1,1,0.8,1,1.9,1,-0.3,2,0.4,3,1.4,4,1.8,1,0.9,1,0.1,1,0.1,2,1.1,3,1.8,6,-0.1,1,0.4,7,2.5,4,-0.9,4.0,2.6,2,4.7,2,3.3,3,-0.2,4,2.5,2,5.7,2,4.5,2,6.0,4,7.3,5,9.6,4,5.7,2
2016-02-16 21:00:00,1.7,1,0.2,1,-0.1,1,0.2,1,-1.1,2,3.1,2,1.5,2,1.3,1,-0.2,1,0.4,1,1.7,1,-0.6,1,0.2,4,1.1,5,1.0,1,0.2,1,-0.3,1,-0.2,2,0.8,2,1.5,6,-0.5,1,0.2,6,2.3,4,-1.1,5.0,2.0,2,4.3,3,2.7,3,-0.5,4,2.2,2,5.1,2,4.4,2,5.5,4,6.6,5,9.0,4,5.4,2
2016-02-16 22:00:00,1.3,1,-0.3,1,-0.4,1,-0.4,1,-1.6,2,3.0,2,1.2,2,0.7,1,-0.7,1,-0.2,1,1.2,1,-0.8,1,0.0,4,0.9,5,0.4,1,-0.4,1,-0.7,1,-0.4,2,0.4,2,1.2,6,-0.8,2,0.1,6,2.0,4,-1.3,5.0,1.6,1,3.9,3,2.3,3,-0.7,3,1.9,2,4.6,2,4.3,2,5.1,3,6.0,4,8.6,4,5.0,2
2016-02-16 23:00:00,1.0,1,-0.7,1,-0.8,1,-0.8,1,-2.0,2,3.1,2,1.0,3,0.1,1,-1.3,1,-0.9,1,0.5,1,-1.0,1,-0.1,4,0.7,5,-0.1,1,-1.0,1,-1.1,1,-0.6,3,0.1,2,1.0,6,-1.1,2,-0.1,6,1.9,4,-1.3,5.0,1.2,1,3.5,4,1.8,3,-0.8,3,1.6,2,4.2,2,4.2,3,4.8,3,5.7,4,8.2,4,4.7,2
2016-02-17 00:00:00,0.7,1,-1.1,1,-1.3,1,-0.9,2,-2.4,2,3.4,3,0.8,4,-0.3,1,-1.8,1,-1.5,1,-0.2,1,-1.2,1,-0.1,5,0.5,5,-0.5,1,-1.4,1,-1.4,1,-0.8,3,-0.1,3,0.7,6,-1.3,2,-0.2,6,1.8,4,-1.4,5.0,1.1,1,3.1,4,1.4,3,-0.8,3,1.3,3,4.0,3,4.1,3,4.5,4,5.4,4,7.8,4,4.4,2
2016-02-17 01:00:00,0.5,1,-1.3,1,-1.7,1,-0.8,2,-2.7,2,3.8,4,0.8,4,-0.7,2,-2.1,1,-1.8,1,-0.6,1,-1.3,1,-0.1,5,0.4,5,-0.8,1,-1.6,1,-1.6,2,-0.9,4,-0.3,3,0.4,6,-1.4,2,-0.2,6,1.8,4,-1.5,5.0,1.0,1,2.6,4,0.9,4,-0.8,3,1.2,4,3.8,3,3.9,3,4.3,4,5.4,4,7.5,4,4.1,2
2016-02-17 02:00:00,0.3,1,-1.6,1,-2.1,1,-0.6,3,-2.9,3,4.2,5,0.8,5,-0.9,2,-2.4,1,-2.0,1,-0.9,1,-1.5,1,-0.1,5,0.4,6,-1.0,1,-1.7,1,-1.8,2,-1.1,4,-0.4,4,0.2,6,-1.5,2,-0.3,6,1.8,5,-1.6,5.0,1.0,1,2.2,5,0.5,5,-0.7,4,1.0,5,3.8,3,3.7,4,4.2,4,5.3,4,7.3,4,3.8,2
2016-02-17 03:00:00,0.3,1,-1.7,1,-2.7,1,-0.8,2,-3.5,1,4.9,5,2.2,4,-0.1,2,-2.9,1,-2.7,1,-1.3,1,-1.7,2,-0.2,2,0.3,4,-0.6,2,-1.9,1,-2.2,1,-1.0,2,-0.5,2,0.0,4,-2.3,2,-0.2,3,1.5,6,-3.0,3.0,-0.8,1,2.4,1,0.2,5,-2.4,2,-1.1,1,3.1,1,3.3,1,3.2,3,4.7,6,6.9,6,4.2,1
2016-02-17 04:00:00,0.0,2,-1.8,2,-3.1,2,-0.8,2,-4.1,2,5.3,5,2.4,4,0.0,3,-3.2,1,-3.1,1,-1.6,1,-2.3,2,-0.6,3,0.0,4,-0.6,2,-2.2,2,-2.5,1,-1.7,3,-0.8,3,-0.4,4,-2.7,2,-0.7,3,1.1,5,-3.1,3.0,-1.0,1,1.8,2,0.2,5,-3.0,2,-1.5,1,2.5,1,2.7,1,2.9,4,4.5,6,6.5,6,3.3,1
2016-02-17 05:00:00,-0.3,2,-1.9,2,-3.3,2,-0.8,3,-4.7,2,5.6,5,2.6,4,0.0,3,-3.3,1,-3.4,1,-1.8,1,-2.9,2,-1.1,4,-0.2,3,-0.5,2,-2.4,2,-2.9,1,-2.3,3,-1.2,4,-0.8,4,-3.0,3,-1.1,3,0.6,5,-3.2,3.0,-1.0,1,1.2,2,0.2,4,-3.4,3,-1.8,2,2.0,1,2.1,1,2.6,4,4.4,6,6.4,6,2.3,2
2016-02-17 06:00:00,-0.4,2,-1.8,2,-3.2,2,-0.7,3,-4.6,2,5.7,5,2.8,4,0.1,3,-3.2,1,-3.4,1,-1.8,1,-3.1,3,-1.5,4,-0.3,3,-0.2,3,-2.4,2,-3.0,2,-2.6,4,-1.5,5,-0.9,4,-3.0,3,-1.3,3,0.1,5,-3.2,3.0,-0.9,1,1.0,2,0.4,4,-3.2,3,-1.7,2,1.9,1,1.9,1,2.6,4,4.5,6,6.5,6,1.9,2
2016-02-17 07:00:00,-0.3,2,-1.5,2,-2.7,2,-0.3,3,-3.7,1,5.6,6,3.0,4,0.3,3,-2.6,1,-2.8,1,-1.3,1,-2.7,3,-1.5,5,-0.1,3,0.2,4,-2.0,1,-2.7,3,-2.3,3,-1.4,6,-0.6,4,-2.6,3,-1.1,3,-0.2,5,-3.1,3.0,-0.5,1,1.4,2,0.8,4,-2.3,2,-1.2,2,2.3,1,2.4,1,3.0,4,5.0,6,7.1,6,2.5,2
2016-02-17 08:00:00,0.1,2,-1.0,2,-1.8,2,0.3,2,-2.1,1,5.5,6,3.3,4,0.7,2,-1.6,1,-1.7,1,-0.4,1,-1.8,4,-1.0,5,0.4,4,0.9,4,-1.3,1,-2.0,4,-1.6,3,-1.0,6,0.0,4,-1.9,2,-0.5,3,-0.1,4,-2.8,3.0,0.2,1,2.2,2,1.5,4,-0.8,2,-0.4,2,3.3,1,3.5,1,3.8,4,5.9,6,8.0,6,3.8,2
2016-02-17 09:00:00,0.7,2,-0.2,2,-0.5,2,1.2,2,-0.5,2,5.7,6,3.7,4,1.5,2,-0.3,1,-0.2,1,0.8,1,-0.5,5,-0.2,5,1.1,5,1.8,4,-0.3,2,-1.1,5,-0.6,3,-0.3,6,0.8,4,-1.0,2,0.3,3,0.3,4,-1.9,3.0,1.2,1,3.4,2,2.5,5,0.9,2,0.9,2,4.6,1,5.0,1,4.9,4,7.0,6,9.0,6,5.6,1
2016-02-17 10:00:00,1.4,2,1.0,1,1.0,2,2.2,2,0.9,3,6.3,6,4.4,4,2.8,2,1.0,1,1.4,2,2.2,2,0.9,6,1.0,6,1.9,5,2.9,3,0.9,2,0.0,5,0.5,3,0.6,6,1.7,5,0.1,1,1.4,2,1.1,4,-0.4,3.0,2.5,1,4.7,1,3.9,5,2.6,2,2.5,2,6.1,1,6.6,1,6.1,4,8.2,6,9.9,6,7.4,1
2016-02-17 11:00:00,2.1,2,2.2,2,2.4,2,3.2,1,2.0,4,7.0,6,5.2,5,4.2,3,2.2,2,2.8,2,3.5,2,2.3,6,2.2,6,2.7,6,4.1,3,2.1,2,1.1,6,1.5,4,1.5,5,2.5,5,1.1,2,2.5,2,2.2,4,1.2,3.0,3.9,2,5.9,1,5.5,6,4.1,2,4.0,2,7.6,1,8.0,1,7.3,4,9.5,6,10.8,6,9.0,1
2016-02-17 12:00:00,2.7,2,3.1,2,3.4,2,3.9,1,2.8,5,7.6,6,5.8,6,5.3,3,3.0,2,3.8,2,4.4,2,3.3,6,3.2,6,3.4,6,5.0,2,3.1,2,2.0,6,2.3,4,2.3,5,3.1,5,2.0,2,3.4,2,3.1,3,2.3,3.0,5.0,2,7.0,1,6.8,6,5.2,2,5.3,2,8.9,1,9.2,1,8.4,4,10.5,6,11.4,6,10.2,1
2016-02-17 13:00:00,3.1,2,3.5,2,3.7,3,4.2,2,3.3,4,7.8,6,6.1,6,5.8,3,3.2,2,4.0,2,4.5,2,3.7,6,3.7,5,4.0,5,5.5,1,3.6,2,2.6,5,2.9,4,2.8,4,3.4,5,2.6,2,4.1,2,3.8,3,2.6,3.0,5.7,2,7.8,2,7.6,7,5.8,2,6.0,2,9.7,1,9.9,1,9.3,4,11.2,6,11.8,7,10.7,1
2016-02-17 14:00:00,3.4,2,3.5,2,3.5,3,4.2,2,3.5,4,7.7,6,6.1,6,5.8,2,3.1,2,3.8,2,4.2,2,3.7,5,3.8,4,4.3,4,5.7,1,3.8,2,2.9,3,3.2,3,3.1,4,3.5,4,2.9,2,4.4,2,4.1,2,2.2,3.0,6.0,2,8.1,2,7.7,7,5.8,2,6.1,2,10.0,1,10.0,1,9.9,4,11.5,6,12.0,7,10.7,1
2016-02-17 15:00:00,3.8,2,3.6,3,3.0,2,4.1,2,3.0,6,7.4,7,5.7,6,5.5,2,2.8,4,3.2,4,3.6,4,3.1,6,3.8,6,4.4,7,5.5,3,3.5,3,2.7,5,2.8,6,3.2,5,3.6,7,2.7,4,3.6,5,3.9,4,2.5,4.0,5.5,1,7.3,2,8.1,3,5.1,1,5.4,3,9.9,1,8.8,1,9.2,1,11.5,2,11.9,4,9.8,2
2016-02-17 16:00:00,3.8,2,3.2,3,2.4,2,3.6,2,2.3,5,6.9,7,5.2,6,5.0,3,2.2,4,2.7,3,3.1,3,2.6,5,3.4,6,4.0,7,5.2,4,3.2,3,2.5,4,2.4,5,3.0,5,3.5,7,2.4,4,3.4,4,3.8,3,1.7,4.0,5.2,1,7.0,2,7.1,3,4.2,1,5.0,2,9.3,1,8.0,1,8.9,2,10.5,2,11.5,4,9.0,2
2016-02-17 17:00:00,3.7,2,2.8,2,1.9,2,3.0,3,1.6,5,6.3,7,4.6,6,4.4,4,1.6,3,2.2,3,2.7,3,1.9,5,2.9,6,3.4,7,4.7,4,2.7,3,2.1,4,1.9,5,2.7,5,3.2,6,2.0,3,2.8,3,3.6,2,1.0,4.0,4.9,2,6.4,2,5.7,3,3.0,2,4.5,2,8.4,1,6.8,1,8.2,2,9.2,2,10.9,3,8.1,1
2016-02-17 18:00:00,3.6,2,2.5,2,1.4,2,2.5,3,0.9,5,5.8,7,4.2,6,3.9,5,1.1,3,1.9,3,2.5,3,1.3,5,2.4,6,2.8,7,4.3,5,2.3,3,1.7,4,1.3,4,2.4,6,2.8,6,1.6,3,2.1,2,3.3,2,0.4,4.0,4.5,2,5.6,2,4.3,3,1.9,2,3.9,2,7.4,1,5.7,2,7.3,2,7.8,2,10.1,3,7.1,1
2016-02-17 19:00:00,3.4,3,2.3,3,1.2,2,2.2,4,0.5,6,5.4,7,4.0,6,3.6,6,1.0,4,1.8,4,2.6,4,0.8,5,1.9,7,2.3,7,3.9,5,1.9,3,1.3,3,0.9,3,2.0,6,2.3,6,1.3,3,1.3,2,3.1,3,-0.1,4.0,4.1,2,4.8,2,3.0,3,1.2,2,3.3,2,6.4,1,4.8,2,6.3,2,6.5,2,9.3,3,6.2,1
2016-02-17 20:00:00,3.2,4,2.1,5,1.1,2,2.1,5,0.3,6,5.1,7,3.9,6,3.4,6,1.0,5,1.7,5,2.7,5,0.4,5,1.6,6,2.0,6,3.5,5,1.5,4,0.9,3,0.5,3,1.6,6,1.7,6,1.0,3,0.7,2,2.8,3,-0.5,3.0,3.8,3,3.9,2,2.0,3,0.8,2,2.7,2,5.5,1,4.1,2,5.3,2,5.3,2,8.5,3,5.3,2
2016-02-17 21:00:00,3.1,4,1.9,5,0.9,3,2.1,6,0.0,6,4.9,6,3.7,6,3.1,6,1.0,5,1.4,6,2.5,5,0.1,5,1.2,6,1.6,6,3.4,5,1.2,4,0.5,3,0.3,3,1.1,6,1.2,6,0.8,3,0.5,2,2.5,3,-0.9,3.0,3.7,3,3.2,2,1.1,4,0.5,2,2.5,2,4.7,2,3.6,2,4.7,2,4.5,2,7.9,3,4.6,2
2016-02-17 22:00:00,3.0,5,1.6,5,0.7,3,2.1,6,-0.3,6,4.8,6,3.5,6,2.9,6,0.7,5,1.2,6,2.2,5,0.0,5,0.9,6,1.2,6,3.3,6,1.0,4,0.0,4,0.1,3,0.6,6,0.8,6,0.6,3,0.4,2,2.1,3,-1.4,3.0,3.7,4,2.7,3,0.4,4,0.4,2,2.2,2,4.1,2,3.2,2,4.2,3,3.9,2,7.3,3,4.1,2
2016-02-17 23:00:00,3.0,5,1.4,5,0.6,4,2.1,6,-0.4,6,4.6,6,3.4,6,2.7,6,0.4,5,1.0,5,1.9,5,0.0,6,0.7,5,1.0,6,3.3,6,0.9,4,-0.3,4,0.1,3,0.2,5,0.5,6,0.5,3,0.4,2,1.7,3,-1.8,4.0,3.7,4,2.3,3,-0.1,4,0.5,2,2.1,3,3.7,2,3.0,3,3.9,3,3.4,3,6.9,3,3.7,3
2016-02-18 00:00:00,2.9,6,1.3,5,0.4,4,2.2,6,-0.6,6,4.5,6,3.2,6,2.6,6,0.2,5,0.8,5,1.7,5,0.1,6,0.6,5,0.8,6,3.3,6,0.9,5,-0.4,4,0.1,4,-0.1,5,0.3,6,0.4,3,0.5,3,1.5,3,-2.2,4.0,3.8,4,2.0,4,-0.4,5,0.8,3,2.0,3,3.4,3,2.9,3,3.6,3,3.2,3,6.6,3,3.5,3
2016-02-18 01:00:00,2.9,6,1.4,6,0.4,5,2.3,6,-0.7,6,4.4,5,3.1,6,2.5,6,0.4,5,0.8,5,1.6,5,0.2,6,0.6,5,0.7,6,3.3,6,1.1,5,-0.3,5,0.3,4,-0.2,5,0.1,6,0.3,4,0.6,3,1.4,3,-2.6,4.0,3.9,5,1.8,4,-0.5,5,1.3,4,1.9,3,3.3,3,2.9,4,3.4,4,3.1,3,6.4,4,3.5,4
2016-02-18 02:00:00,2.9,6,1.6,6,0.3,5,2.5,6,-0.7,6,4.3,5,3.0,6,2.5,6,0.7,5,0.9,5,1.6,5,0.3,6,0.6,5,0.6,6,3.4,6,1.4,5,-0.1,5,0.5,5,-0.2,5,0.0,6,0.3,5,0.7,4,1.5,4,-3.0,5.0,4.0,5,1.7,4,-0.6,5,1.9,5,2.0,4,3.3,4,2.9,4,3.3,4,3.0,4,6.2,4,3.7,4
2016-02-18 03:00:00,1.9,3,0.5,4,0.4,5,0.9,6,0.2,4,3.8,7,2.5,7,1.8,7,0.3,5,0.7,5,1.4,5,0.9,5,1.0,5,0.9,3,2.6,6,1.1,6,0.2,4,0.9,4,0.6,4,0.1,4,0.6,6,1.6,2,2.7,3,-2.4,3.0,4.9,7,3.1,3,0.1,4,2.4,7,2.8,4,4.5,3,3.8,4,5.8,6,3.5,5,6.4,6,4.5,6
2016-02-18 04:00:00,2.0,4,0.5,5,0.3,5,0.9,6,-0.1,4,3.6,7,2.3,7,1.7,6,0.2,5,0.6,5,1.3,5,0.5,5,0.7,5,0.6,2,2.7,6,1.1,6,0.1,4,0.8,3,0.2,4,-0.4,3,0.6,6,1.5,3,2.5,3,-2.6,3.0,4.9,7,3.0,4,0.0,5,2.5,7,3.0,5,4.7,3,3.7,4,5.8,7,3.4,6,6.2,6,4.3,6
2016-02-18 05:00:00,2.0,4,0.5,5,0.3,5,1.0,6,-0.3,5,3.4,7,2.1,7,1.6,6,0.1,6,0.4,6,1.2,6,0.2,4,0.4,5,0.4,2,2.8,7,1.0,6,0.0,5,0.6,3,-0.4,4,-0.8,3,0.7,7,1.4,4,2.3,3,-2.6,4.0,4.8,7,2.9,5,0.0,6,2.6,7,3.2,5,4.8,3,3.8,5,5.8,7,3.5,6,6.2,6,4.1,6
2016-02-18 06:00:00,2.0,5,0.6,6,0.4,5,1.1,6,-0.4,5,3.3,7,2.1,7,1.6,6,0.0,6,0.3,6,1.1,6,0.0,4,0.2,5,0.3,2,2.9,7,1.0,7,-0.1,5,0.4,3,-0.8,4,-0.9,3,0.7,7,1.3,5,2.0,3,-2.5,4.0,4.8,7,3.0,6,0.2,6,2.8,6,3.3,5,4.8,4,4.0,5,5.9,7,3.9,6,6.3,6,4.1,6
2016-02-18 07:00:00,1.9,5,0.6,6,0.4,6,1.4,6,-0.1,6,3.5,7,2.4,7,1.7,6,-0.1,6,0.2,6,1.0,6,0.2,5,0.3,5,0.6,3,2.9,7,1.1,7,0.0,5,0.3,4,-0.9,5,-0.5,3,0.8,7,1.4,5,1.8,4,-2.1,5.0,5.0,6,3.3,7,0.6,6,3.1,7,3.4,6,4.8,5,4.4,6,6.1,7,4.6,7,6.7,6,4.5,6
2016-02-18 08:00:00,1.7,5,0.7,6,0.5,6,1.8,6,0.4,6,3.9,7,2.9,7,2.1,7,-0.1,6,0.3,6,1.0,6,0.7,5,0.8,5,1.3,3,3.1,7,1.3,7,0.2,6,0.4,5,-0.6,5,0.4,4,1.1,7,1.6,6,1.9,5,-1.5,5.0,5.5,6,4.0,7,1.2,6,3.6,7,3.8,6,5.0,6,5.1,7,6.5,7,5.6,7,7.3,6,5.3,6
2016-02-18 09:00:00,1.6,6,1.0,6,0.8,6,2.3,7,1.1,6,4.5,6,3.5,7,2.8,7,0.2,6,0.7,6,1.3,6,1.5,6,1.6,5,2.3,3,3.5,7,1.8,7,0.7,6,0.8,6,0.1,5,1.7,4,1.5,7,2.2,6,2.3,6,-0.4,5.0,6.1,6,4.8,7,2.1,6,4.5,7,4.5,7,5.5,7,5.9,7,7.1,7,6.7,7,8.0,7,6.5,7
2016-02-18 10:00:00,1.7,5,1.5,6,1.4,6,2.8,7,1.8,6,5.2,6,4.1,7,3.8,7,0.9,6,1.5,6,2.1,6,2.5,6,2.7,6,3.6,3,4.4,7,2.5,7,1.5,7,1.6,5,1.1,5,3.1,4,2.1,7,3.1,6,3.1,7,1.1,5.0,6.9,6,5.8,7,3.3,6,5.7,7,5.7,7,6.5,7,6.9,7,8.0,7,7.7,7,8.8,7,8.1,7
2016-02-18 11:00:00,1.9,5,2.2,6,2.0,5,3.4,7,2.5,5,5.9,5,4.6,7,4.9,7,1.8,6,2.5,6,3.0,6,3.6,5,3.8,6,4.9,4,5.4,7,3.2,7,2.4,7,2.6,4,2.3,5,4.5,3,2.8,7,4.1,6,4.1,7,2.6,5.0,7.7,5,6.8,7,4.5,7,7.0,7,7.0,7,7.7,6,7.8,7,8.9,7,8.6,7,9.6,7,9.7,7
2016-02-18 12:00:00,2.3,4,2.8,6,2.5,5,3.8,7,3.1,5,6.5,4,5.0,6,5.8,6,2.5,7,3.2,7,3.6,7,4.3,5,4.7,6,5.9,4,6.3,7,3.9,7,3.2,7,3.5,3,3.3,5,5.5,3,3.4,7,5.0,7,4.9,7,3.7,5.0,8.3,5,7.6,7,5.4,7,7.8,7,7.9,7,8.9,5,8.6,7,9.7,7,9.3,7,10.3,7,10.9,7
2016-02-18 13:00:00,2.7,4,3.2,6,2.7,5,4.1,7,3.4,5,6.8,4,5.2,6,6.2,7,2.7,7,3.4,7,3.7,7,4.6,6,5.1,6,6.4,5,6.8,7,4.3,7,3.7,7,4.0,4,3.9,6,5.9,3,3.7,7,5.5,7,5.4,7,4.0,6.0,8.5,5,8.1,7,5.8,7,7.9,7,8.1,7,9.7,6,9.1,7,10.1,7,9.7,7,10.7,7,11.3,7
2016-02-18 14:00:00,3.1,4,3.3,6,2.6,5,4.2,7,3.5,6,6.8,3,5.2,7,6.1,7,2.6,7,3.1,7,3.4,7,4.4,7,5.0,6,6.5,6,6.9,7,4.5,7,3.9,7,4.2,6,4.2,6,5.9,4,3.8,7,5.6,7,5.6,7,3.7,6.0,8.4,6,8.3,7,5.9,7,7.4,7,7.8,7,10.1,6,9.2,7,10.3,7,9.9,7,10.9,7,11.0,7
2016-02-18 15:00:00,2.6,6,3.0,6,2.7,5,3.6,7,3.8,7,6.5,3,5.2,6,6.0,7,2.0,7,2.8,7,3.2,7,3.8,7,5.5,4,6.7,6,7.0,6,4.2,7,3.3,7,3.9,7,4.9,7,6.3,5,4.2,7,5.5,7,6.8,7,4.0,2.0,8.1,5,9.6,7,7.0,7,6.1,7,7.0,7,10.8,7,9.8,7,11.0,7,10.2,7,11.0,7,10.7,7
2016-02-18 16:00:00,2.6,6,2.8,6,2.5,6,3.3,7,3.3,7,5.9,3,4.7,5,5.3,7,1.9,7,2.6,7,3.0,7,3.2,7,4.9,5,5.9,6,6.3,5,3.9,7,3.0,7,3.5,7,4.6,7,5.7,5,3.7,7,5.0,7,6.5,7,3.2,3.0,7.5,4,9.1,7,6.4,7,5.1,7,6.5,7,10.3,7,9.2,7,10.7,7,9.8,7,10.9,7,9.7,7
2016-02-18 17:00:00,2.5,6,2.7,6,2.2,6,2.8,7,2.8,7,5.2,2,4.1,5,4.4,7,1.8,7,2.5,7,2.9,7,2.6,7,4.2,6,5.0,6,5.3,5,3.3,7,2.6,7,3.0,7,4.2,7,5.0,5,3.0,7,4.5,6,6.1,7,2.4,5.0,6.8,4,8.4,7,5.6,7,4.1,6,6.1,7,9.6,6,8.4,7,10.3,7,9.2,7,10.6,7,8.7,7
2016-02-18 18:00:00,2.5,6,2.6,6,2.0,7,2.4,7,2.4,7,4.6,2,3.6,4,3.6,7,1.8,7,2.4,7,2.9,7,2.2,7,3.6,7,4.2,6,4.4,4,2.8,7,2.2,7,2.7,7,3.8,7,4.4,5,2.3,6,4.0,6,5.7,7,1.7,6.0,5.9,3,7.6,7,4.8,7,3.2,5,5.6,7,8.8,5,7.6,6,9.6,7,8.5,7,10.2,7,7.9,7
2016-02-18 19:00:00,2.5,6,2.5,6,1.8,7,2.3,7,2.2,6,4.0,2,3.2,4,3.0,6,1.8,7,2.3,7,3.0,7,2.2,7,3.4,7,3.8,6,3.7,4,2.4,6,1.9,7,2.6,6,3.5,7,4.0,5,1.9,6,3.5,6,5.4,7,1.1,6.0,5.0,3,6.9,7,4.1,7,2.6,5,5.1,7,8.1,5,6.9,6,8.7,7,7.7,7,9.6,7,7.5,7
2016-02-18 20:00:00,2.4,6,2.4,6,1.6,6,2.3,6,2.1,6,3.6,2,2.9,3,2.6,6,1.9,7,2.2,7,3.0,7,2.4,6,3.3,7,3.6,6,3.2,3,2.0,6,1.6,7,2.6,6,3.2,7,3.7,5,1.6,6,3.1,6,5.2,7,0.7,6.0,4.3,3,6.2,7,3.6,7,2.2,4,4.6,7,7.4,5,6.4,6,7.7,7,6.9,6,8.9,7,7.4,7
2016-02-18 21:00:00,2.4,6,2.2,6,1.5,6,2.3,6,2.0,6,3.3,2,2.7,3,2.1,6,1.8,7,2.1,6,2.9,7,2.3,6,3.2,7,3.3,6,2.7,3,1.8,6,1.4,7,2.5,6,2.9,7,3.4,5,1.2,6,2.8,6,4.9,7,0.4,7.0,3.6,3,5.6,7,3.0,7,1.7,3,4.0,6,6.9,4,5.9,6,7.1,7,6.3,6,8.4,6,7.0,6
2016-02-18 22:00:00,2.4,6,2.0,6,1.4,6,2.3,6,1.9,6,3.1,2,2.5,3,1.8,5,1.5,6,1.9,6,2.7,6,2.2,6,3.0,7,3.1,6,2.2,3,1.5,6,1.2,6,2.2,6,2.6,7,3.1,5,0.9,6,2.5,6,4.7,7,0.2,7.0,3.1,2,5.1,7,2.4,7,1.3,3,3.5,6,6.4,4,5.5,5,6.6,7,5.9,6,8.0,6,6.7,6
2016-02-18 23:00:00,2.4,6,1.7,6,1.2,6,2.2,6,1.7,6,3.1,3,2.4,3,1.4,5,1.2,6,1.7,6,2.4,6,2.0,6,2.9,6,2.9,6,1.8,3,1.3,5,1.0,6,1.9,6,2.3,7,2.8,5,0.5,6,2.3,6,4.4,6,0.0,6.0,2.6,2,4.6,7,2.0,6,0.9,2,3.1,5,5.9,4,5.2,5,6.1,6,5.6,6,7.7,6,6.4,6
2016-02-19 00:00:00,2.4,6,1.5,6,1.1,6,2.0,6,1.3,6,3.1,3,2.2,3,1.0,5,0.8,6,1.3,6,2.0,6,1.6,6,2.7,6,2.7,6,1.4,3,0.9,5,0.8,5,1.5,5,2.0,7,2.6,5,0.2,6,2.0,6,4.1,6,-0.1,6.0,2.3,2,4.1,7,1.5,6,0.7,2,2.8,5,5.6,4,4.9,5,5.7,6,5.4,6,7.5,5,6.1,6
2016-02-19 01:00:00,2.4,6,1.2,6,1.0,6,1.8,5,0.8,5,3.2,4,2.0,4,0.5,5,0.4,5,0.9,6,1.6,6,1.2,6,2.4,6,2.5,6,1.1,4,0.4,5,0.5,5,1.1,5,1.7,6,2.4,5,-0.2,6,1.6,6,3.9,6,-0.2,6.0,2.0,3,3.7,6,1.2,6,0.6,3,2.5,5,5.2,4,4.6,5,5.3,6,5.2,5,7.3,5,5.8,6
2016-02-19 02:00:00,2.4,6,0.9,6,0.8,6,1.4,5,0.2,5,3.3,4,1.8,4,0.0,5,-0.1,5,0.4,6,1.2,6,0.8,6,2.1,6,2.4,6,0.8,4,-0.1,5,0.1,5,0.6,5,1.3,6,2.2,5,-0.5,6,1.2,5,3.6,6,-0.4,5.0,1.7,4,3.3,6,0.9,6,0.6,4,2.3,5,4.9,4,4.3,5,5.0,5,4.9,5,7.1,5,5.4,5
2016-02-19 03:00:00,3.1,3,1.5,3,0.9,5,1.9,2,0.7,6,3.3,2,2.3,3,1.2,2,0.8,2,1.1,2,1.7,2,1.6,6,2.7,7,2.7,7,0.9,2,0.4,2,-0.1,4,1.3,5,1.7,7,2.1,7,-1.0,5,1.6,4,3.0,7,-0.7,7.0,1.5,2,2.9,1,0.8,1,0.3,5,1.6,4,4.3,1,4.0,1,4.2,1,4.5,1,6.2,1,5.5,2
2016-02-19 04:00:00,2.8,3,1.4,3,0.8,5,1.4,2,0.5,7,3.1,3,2.1,3,0.8,2,0.4,2,0.7,2,1.4,2,1.2,6,2.6,7,2.7,7,0.7,2,0.0,2,-0.4,4,0.9,5,1.4,6,2.1,7,-1.3,5,1.1,3,2.7,7,-0.7,7.0,1.2,2,2.3,1,0.4,1,-0.2,6,1.1,4,3.7,2,3.2,1,3.8,1,3.6,1,5.7,2,4.7,3
2016-02-19 05:00:00,2.6,3,1.4,3,0.8,4,0.9,2,0.4,6,3.1,3,2.0,3,0.4,2,0.1,2,0.3,2,1.2,2,0.9,5,2.4,7,2.7,7,0.5,2,-0.3,3,-0.6,3,0.6,4,1.1,5,2.2,7,-1.6,5,0.6,3,2.4,7,-0.8,7.0,1.1,2,1.8,1,0.1,1,-0.5,6,0.6,4,3.3,2,2.5,1,3.5,2,2.8,1,5.5,2,3.9,3
2016-02-19 06:00:00,2.6,3,1.5,3,1.0,4,0.8,2,0.6,6,3.3,4,2.2,3,0.4,3,0.1,2,0.3,2,1.3,2,0.8,5,2.2,7,2.7,7,0.8,2,-0.3,3,-0.6,4,0.4,4,0.8,4,2.3,7,-1.6,5,0.3,3,2.2,6,-1.1,7.0,1.2,3,1.7,2,0.0,1,-0.3,6,0.6,5,3.2,2,2.3,1,3.6,2,2.5,1,5.6,2,3.7,3
2016-02-19 07:00:00,3.0,3,1.9,4,1.5,4,1.5,3,1.1,6,3.9,4,2.9,3,1.0,4,0.6,3,0.7,3,1.8,3,1.1,5,2.2,7,2.9,7,1.7,3,0.4,4,-0.2,4,0.6,5,0.7,4,2.5,7,-1.3,5,0.4,3,2.0,6,-1.6,7.0,1.8,3,2.1,2,0.4,2,0.7,6,1.2,5,3.7,2,3.0,2,4.0,1,3.1,1,6.3,2,4.3,3
2016-02-19 08:00:00,3.7,4,2.6,4,2.3,5,2.7,3,1.9,5,4.7,4,4.0,4,2.2,5,1.6,4,1.6,4,2.6,3,1.8,6,2.3,7,3.2,7,3.1,4,1.5,4,0.5,5,1.2,5,0.8,4,2.7,7,-0.7,6,0.9,3,2.0,6,-2.0,7.0,2.8,4,3.0,2,1.3,2,2.3,6,2.3,6,4.6,2,4.3,2,4.7,1,4.5,1,7.4,2,5.6,3
2016-02-19 09:00:00,4.4,5,3.5,5,3.2,6,4.1,4,2.8,5,5.7,5,5.1,4,3.8,6,2.7,4,2.8,4,3.7,4,2.7,6,2.6,7,3.7,7,4.7,5,2.8,5,1.5,6,2.0,5,1.2,4,3.1,7,0.1,7,1.8,3,2.3,6,-1.8,7.0,4.1,4,4.2,2,2.5,2,4.1,6,3.8,6,5.9,1,5.9,2,5.6,1,6.2,1,8.6,2,7.2,3
2016-02-19 10:00:00,4.9,5,4.5,5,4.2,6,5.3,4,3.7,5,6.7,6,6.1,5,5.7,6,3.9,4,4.2,4,4.9,4,3.6,5,3.2,7,4.4,7,6.3,6,4.1,5,2.6,6,3.0,4,1.9,4,3.6,7,1.1,7,2.9,3,2.8,5,-0.8,7.0,5.6,5,5.5,2,3.9,2,5.8,6,5.4,6,7.4,1,7.5,2,6.7,1,8.0,1,9.8,2,8.9,3
2016-02-19 11:00:00,5.4,6,5.4,5,5.0,6,6.2,4,4.6,6,7.5,6,7.0,5,7.4,5,4.9,3,5.5,3,6.0,3,4.5,4,3.8,7,5.1,7,7.6,6,5.2,6,3.7,6,4.0,3,2.8,5,4.1,7,2.1,6,4.1,2,3.5,5,0.6,6.0,7.1,5,6.7,2,5.4,2,7.2,6,6.7,6,8.9,2,8.8,2,7.8,1,9.6,2,10.8,2,10.4,3
2016-02-19 12:00:00,5.7,6,6.1,6,5.7,6,6.9,5,5.2,7,8.2,7,7.6,6,8.7,5,5.6,3,6.4,3,6.8,3,5.1,4,4.3,6,5.7,6,8.6,6,6.1,6,4.6,6,4.9,2,3.6,6,4.5,6,3.0,6,5.0,2,4.2,5,1.7,6.0,8.2,5,7.7,2,6.6,2,8.0,6,7.7,6,10.1,2,9.8,2,8.8,1,10.8,1,11.7,2,11.4,3
2016-02-19 13:00:00,6.0,6,6.4,6,6.0,6,7.3,5,5.5,7,8.7,7,7.9,6,9.2,5,5.8,3,6.7,4,7.0,3,5.4,4,4.5,6,6.0,6,9.0,6,6.7,6,5.2,6,5.5,3,4.1,6,4.7,6,3.5,6,5.5,3,4.7,5,2.1,6.0,8.7,6,8.3,2,7.3,2,8.2,5,8.0,6,10.8,2,10.3,1,9.4,1,11.5,1,12.3,3,11.8,3
2016-02-19 14:00:00,6.2,6,6.4,6,6.0,6,7.4,5,5.6,7,8.9,6,8.0,7,9.0,6,5.7,4,6.5,4,6.9,4,5.4,5,4.5,6,6.0,5,9.0,7,7.0,6,5.4,6,5.8,4,4.3,6,4.6,5,3.8,6,5.5,4,4.9,5,1.8,6.0,8.6,6,8.4,2,7.4,2,7.8,4,7.9,5,11.1,1,10.4,1,9.7,1,11.6,1,12.5,3,11.6,2
2016-02-19 15:00:00,6.4,6,6.4,6,6.4,5,7.0,6,6.2,5,9.0,7,7.7,7,8.3,6,5.6,6,6.2,6,6.7,6,5.6,4,4.4,6,4.6,6,8.5,6,7.1,6,5.0,3,5.2,4,3.4,5,3.8,7,4.2,2,4.9,2,4.4,4,1.5,7.0,8.4,5,7.9,2,7.2,1,7.2,6,7.6,4,11.3,1,10.0,2,9.6,1,11.5,1,12.5,2,11.1,2
2016-02-19 16:00:00,6.4,6,6.0,6,5.9,6,6.5,5,5.6,5,8.7,7,7.3,6,7.6,6,5.1,6,5.5,6,6.1,6,4.7,4,3.8,6,4.0,5,7.8,6,6.5,6,4.5,3,4.5,4,3.1,4,3.4,7,3.9,2,4.3,2,4.1,3,0.9,6.0,7.8,5,7.2,2,6.1,1,6.1,5,7.1,3,10.5,1,9.0,2,9.1,1,10.6,1,12.0,2,10.2,2
2016-02-19 17:00:00,6.3,6,5.6,6,5.3,6,5.9,5,4.7,5,8.2,6,6.8,5,6.9,6,4.5,6,4.8,6,5.6,6,3.7,5,3.2,5,3.3,4,7.1,5,5.7,6,3.8,3,3.5,4,2.6,3,2.9,7,3.5,3,3.6,2,3.6,2,0.4,5.0,7.1,6,6.4,1,4.7,1,4.8,4,6.6,2,9.4,1,7.6,1,8.4,1,9.3,1,11.2,2,9.2,2
2016-02-19 18:00:00,6.2,6,5.3,6,4.8,7,5.5,5,3.9,5,7.9,6,6.5,5,6.3,6,4.0,6,4.3,6,5.2,6,2.8,5,2.6,5,2.8,3,6.4,5,5.0,6,3.2,3,2.5,4,2.1,2,2.5,6,3.0,3,3.0,2,3.1,2,-0.2,4.0,6.5,6,5.6,1,3.5,1,3.7,4,6.1,2,8.2,1,6.4,1,7.6,1,7.9,1,10.3,2,8.3,2
2016-02-19 19:00:00,6.1,6,5.1,6,4.4,6,5.5,6,3.3,5,7.8,6,6.5,5,6.0,6,3.7,6,4.1,6,5.1,6,2.1,5,2.2,5,2.5,4,6.0,5,4.6,6,2.8,4,1.9,4,1.6,2,2.2,5,2.6,4,2.5,2,2.7,1,-0.8,4.0,6.0,6,4.9,1,2.7,1,2.9,3,5.5,2,7.2,1,5.5,1,6.8,1,6.6,1,9.5,2,7.6,2
2016-02-19 20:00:00,6.0,6,5.0,6,4.2,6,5.7,6,3.0,5,8.0,6,6.7,5,6.0,6,3.5,6,4.0,6,5.0,7,1.8,6,2.0,5,2.4,4,5.9,6,4.5,6,2.6,5,1.5,5,1.1,3,2.0,3,2.2,4,2.1,3,2.3,1,-1.4,3.0,5.7,6,4.4,1,2.2,1,2.4,3,4.8,2,6.3,1,4.8,1,6.0,1,5.6,1,8.7,2,7.0,2
2016-02-19 21:00:00,5.9,6,4.7,6,3.8,6,5.6,6,2.6,5,8.1,6,6.7,5,5.9,6,3.2,6,3.7,7,4.7,6,1.6,6,1.7,5,2.2,4,5.6,6,4.1,6,2.5,6,1.3,5,0.9,3,1.7,3,2.1,5,1.8,3,2.1,1,-1.8,3.0,5.3,6,3.9,1,1.6,1,2.1,3,4.2,2,5.6,1,4.2,1,5.4,1,4.7,1,8.1,2,6.6,2
2016-02-19 22:00:00,5.8,6,4.5,6,3.5,6,5.6,6,2.3,5,8.1,6,6.7,5,5.7,6,3.0,6,3.3,6,4.4,6,1.6,6,1.6,5,2.0,4,5.4,6,3.7,6,2.3,6,1.1,5,0.7,3,1.5,3,2.0,5,1.6,3,1.9,2,-2.2,3.0,5.0,6,3.4,1,1.0,2,1.8,3,3.6,3,5.0,1,3.8,1,4.9,1,4.0,1,7.6,2,6.2,2
2016-02-19 23:00:00,5.7,6,4.3,6,3.3,6,5.5,6,2.0,5,8.2,6,6.7,5,5.6,6,2.8,6,3.0,6,4.0,6,1.7,6,1.5,6,1.9,4,5.2,6,3.3,6,2.0,7,1.0,5,0.5,3,1.3,4,1.8,6,1.5,3,1.7,2,-2.6,3.0,4.6,6,3.1,1,0.5,2,1.6,3,3.1,3,4.5,1,3.5,1,4.5,1,3.5,2,7.3,2,5.9,2
2016-02-20 00:00:00,5.6,6,4.1,6,3.0,6,5.5,6,1.7,5,8.3,6,6.7,6,5.5,6,2.5,6,2.7,5,3.6,6,1.8,6,1.5,6,1.8,4,5.0,6,2.9,6,1.7,6,1.0,5,0.4,3,1.1,4,1.6,6,1.4,3,1.6,3,-3.0,3.0,4.1,5,2.8,1,0.1,3,1.5,4,2.6,4,4.2,1,3.4,1,4.1,1,3.2,2,7.0,2,5.7,2
2016-02-20 01:00:00,5.5,6,4.0,6,2.8,6,5.5,6,1.4,5,8.5,6,6.7,6,5.5,6,2.3,5,2.4,5,3.3,6,1.8,6,1.5,5,1.7,5,4.9,6,2.5,6,1.4,6,1.1,4,0.4,3,1.0,4,1.1,5,1.4,4,1.5,3,-3.4,3.0,3.5,5,2.7,1,-0.2,3,1.5,4,2.1,4,3.9,1,3.4,1,3.8,1,2.9,3,6.7,3,5.4,3
2016-02-20 02:00:00,5.3,7,3.8,6,2.6,6,5.5,6,1.2,5,8.6,6,6.7,6,5.5,6,2.1,5,2.2,5,3.0,5,1.7,6,1.5,5,1.7,5,4.9,6,2.2,6,1.0,5,1.3,4,0.4,4,0.9,5,0.6,5,1.3,4,1.5,4,-3.8,4.0,2.9,5,2.5,1,-0.4,4,1.4,5,1.6,5,3.8,1,3.4,1,3.5,1,2.7,3,6.4,4,5.0,3
2016-02-20 03:00:00,7.9,6,6.7,6,5.8,6,8.1,5,4.4,7,10.1,5,9.1,5,8.8,4,6.2,6,6.3,6,6.7,6,4.0,7,1.9,7,1.7,6,9.4,6,6.6,6,3.6,6,3.2,7,0.8,5,0.9,5,2.9,7,3.0,5,1.2,3,-3.3,3.0,5.1,4,1.6,1,-0.1,1,0.6,1,1.2,1,3.3,1,2.6,1,3.7,1,3.6,1,5.4,2,4.4,1
2016-02-20 04:00:00,8.2,6,7.2,6,6.2,6,8.4,5,4.8,6,10.2,5,9.3,5,9.0,4,6.6,5,6.7,6,7.2,6,4.4,6,2.2,6,2.0,6,9.9,5,7.1,6,4.0,5,3.6,5,1.2,5,1.1,6,3.0,6,3.3,5,1.3,3,-3.3,3.0,5.5,4,1.0,1,-0.5,1,0.3,2,1.1,1,2.8,1,2.0,1,3.3,1,3.1,1,5.0,2,3.6,1
2016-02-20 05:00:00,8.6,5,7.8,5,6.7,6,8.9,5,5.2,6,10.3,5,9.5,5,9.4,4,6.8,5,7.1,5,7.6,5,4.7,6,2.5,6,2.3,7,10.4,5,7.6,6,4.5,5,4.1,4,1.6,5,1.3,6,3.2,6,3.5,5,1.5,3,-3.2,3.0,5.9,4,0.5,1,-0.9,1,0.2,3,1.2,1,2.5,2,1.7,2,3.1,1,2.7,1,4.9,2,2.9,1
2016-02-20 06:00:00,8.8,5,8.3,5,7.2,6,9.3,6,5.7,6,10.4,5,9.8,5,9.7,5,7.1,5,7.3,5,8.0,5,5.0,6,2.8,6,2.6,7,10.9,5,8.1,6,4.9,5,4.6,4,1.9,5,1.7,6,3.3,6,3.8,5,1.6,3,-3.1,3.0,6.3,5,0.5,2,-0.8,1,0.8,3,1.7,1,2.8,2,2.1,2,3.4,1,2.7,1,5.2,2,2.9,1
2016-02-20 07:00:00,8.9,5,8.6,5,7.6,6,9.7,6,6.2,6,10.5,6,10.1,6,10.0,5,7.4,6,7.5,6,8.4,6,5.3,6,3.1,6,3.0,7,11.2,5,8.5,6,5.3,6,5.0,5,2.1,6,2.2,6,3.5,7,4.1,6,1.7,4,-2.8,4.0,6.6,5,1.5,2,0.0,2,2.3,3,2.7,1,3.9,2,3.5,2,4.3,1,3.5,2,6.0,2,4.2,1
2016-02-20 08:00:00,8.9,5,8.9,6,7.9,6,10.0,7,6.7,6,10.6,7,10.5,6,10.4,6,7.8,6,7.8,6,8.7,6,5.7,7,3.5,7,3.5,7,11.3,6,8.9,7,5.7,7,5.3,6,2.2,7,2.9,6,3.8,7,4.7,6,2.0,6,-2.2,5.0,7.0,6,3.2,2,1.4,2,4.4,2,4.1,2,5.6,2,5.5,2,5.6,2,4.9,3,7.2,2,6.3,1
2016-02-20 09:00:00,8.9,6,9.1,7,8.3,6,10.4,7,7.2,7,10.8,7,10.9,6,11.0,7,8.3,7,8.3,7,9.2,7,6.3,7,4.0,7,4.2,7,11.5,7,9.3,7,6.2,7,5.8,7,2.6,7,3.6,6,4.3,7,5.5,7,2.6,7,-1.1,6.0,7.7,7,5.3,2,3.4,2,6.7,2,5.8,2,7.7,2,7.8,2,7.2,2,6.9,3,8.6,2,8.8,1
2016-02-20 10:00:00,8.9,6,9.5,7,8.8,7,10.8,7,7.8,7,11.2,7,11.4,7,11.8,7,8.8,7,9.0,7,9.8,7,7.1,7,4.8,8,5.0,8,11.8,7,9.8,7,6.8,8,6.5,7,3.3,7,4.3,7,4.9,7,6.6,7,3.7,7,0.6,7.0,8.9,7,7.5,2,5.9,2,8.8,2,7.7,2,9.8,2,10.0,2,8.8,2,9.2,3,10.1,2,11.1,1
2016-02-20 11:00:00,9.0,6,9.9,7,9.4,7,11.3,7,8.4,7,11.6,7,12.0,7,12.6,7,9.4,7,9.8,7,10.5,7,8.0,7,5.8,8,5.8,8,12.2,7,10.3,7,7.4,8,7.3,6,4.2,7,5.0,7,5.6,7,7.8,7,5.1,6,2.6,7.0,10.2,7,9.4,2,8.4,2,10.4,3,9.6,3,11.8,2,11.8,2,10.3,1,11.5,2,11.6,2,13.1,1
2016-02-20 12:00:00,9.1,6,10.4,7,9.9,7,11.7,7,9.1,7,12.0,7,12.4,7,13.2,7,9.9,7,10.5,7,11.0,7,8.9,7,6.7,7,6.6,7,12.6,7,10.8,7,8.0,7,8.0,6,5.1,7,5.6,7,6.3,7,8.8,7,6.3,6,4.1,6.0,11.3,7,11.0,2,10.4,2,11.4,3,10.9,3,13.3,2,13.1,2,11.5,1,13.4,1,12.6,1,14.4,1
2016-02-20 13:00:00,9.4,7,10.8,7,10.4,7,12.1,7,9.8,7,12.3,7,12.6,7,13.5,7,10.3,7,10.9,7,11.3,7,9.5,7,7.5,7,7.2,7,12.9,7,11.2,7,8.4,7,8.5,6,5.9,7,6.2,7,6.8,7,9.2,6,7.1,6,4.9,6.0,11.8,7,12.0,3,11.6,2,11.6,3,11.5,4,14.1,2,13.8,2,12.3,1,14.6,1,13.1,1,15.0,1
2016-02-20 14:00:00,9.7,7,11.0,7,10.7,7,12.3,7,10.4,7,12.4,7,12.6,7,13.5,7,10.5,7,11.0,7,11.4,7,9.9,7,8.1,7,7.6,7,12.9,7,11.4,7,8.7,6,8.7,7,6.5,7,6.7,7,7.2,7,9.3,6,7.7,6,5.0,5.0,11.9,7,12.4,3,11.9,1,11.3,3,11.4,4,14.4,2,13.9,2,12.8,1,15.1,1,13.2,1,14.9,1
2016-02-20 15:00:00,9.9,7,11.1,7,11.2,7,12.1,7,10.9,7,12.6,7,12.4,7,13.5,7,10.8,6,11.2,6,11.9,6,9.9,6,8.9,7,7.9,7,13.1,7,12.2,6,9.4,7,9.0,7,7.3,7,7.4,7,7.7,7,9.0,5,8.5,6,5.1,5.0,11.8,7,12.5,3,11.8,2,11.0,3,11.9,2,14.4,2,13.8,2,13.3,1,15.2,1,13.4,2,14.9,1
2016-02-20 16:00:00,10.0,7,11.2,6,11.3,7,12.0,7,11.0,7,12.2,7,12.0,6,13.0,7,11.0,6,11.3,6,12.1,6,9.9,6,9.0,7,8.2,7,12.7,6,12.1,6,9.4,7,8.9,7,7.6,7,7.4,7,7.7,6,8.8,5,8.5,6,4.7,5.0,11.6,6,12.0,2,11.0,1,9.9,2,11.5,2,13.7,2,12.9,1,12.9,1,14.3,1,13.0,2,14.2,1
2016-02-20 17:00:00,10.1,6,11.1,6,11.2,7,11.7,6,10.9,7,11.7,6,11.5,6,12.5,6,11.2,6,11.5,5,12.2,5,9.8,6,9.0,7,8.3,6,12.1,5,11.7,6,9.3,6,8.6,7,7.8,6,7.3,6,7.6,6,8.6,5,8.3,5,4.3,5.0,11.3,5,11.3,2,10.0,1,8.5,2,11.1,2,12.8,2,11.8,1,12.2,1,13.0,1,12.4,2,13.3,1
2016-02-20 18:00:00,10.1,6,11.0,6,11.1,7,11.4,6,10.8,6,11.1,6,11.0,5,12.0,6,11.2,6,11.5,5,12.2,5,9.7,6,9.0,7,8.3,6,11.5,5,11.3,6,9.1,6,8.4,7,7.8,6,7.3,6,7.4,5,8.4,5,8.0,4,3.8,5.0,10.9,5,10.5,1,8.9,1,7.2,1,10.6,2,11.7,2,10.7,1,11.4,1,11.5,1,11.7,2,12.3,1
2016-02-20 19:00:00,10.1,6,10.8,6,10.9,6,11.1,6,10.7,6,10.6,6,10.6,5,11.7,6,11.0,6,11.4,6,12.1,6,9.6,7,9.0,7,8.3,6,11.0,5,10.9,6,9.0,6,8.3,6,7.7,5,7.6,6,7.3,4,8.1,4,7.8,4,3.3,4.0,10.4,4,9.9,1,7.9,1,6.1,1,10.0,2,10.7,1,9.8,1,10.6,1,10.1,1,11.0,2,11.2,1
2016-02-20 20:00:00,10.1,6,10.7,6,10.7,6,10.8,6,10.6,5,10.3,6,10.4,5,11.5,6,10.6,6,11.1,6,11.8,6,9.5,7,9.1,6,8.4,6,10.6,5,10.5,6,8.9,6,8.2,5,7.5,5,7.9,6,7.2,4,7.9,3,7.6,5,2.8,3.0,10.0,5,9.5,1,7.1,1,5.3,1,9.2,2,9.8,1,9.3,1,9.8,1,8.9,1,10.5,2,10.1,1
2016-02-20 21:00:00,10.0,6,10.5,6,10.6,6,10.5,6,10.4,5,10.2,6,10.2,5,11.1,6,10.4,6,11.0,6,11.6,6,9.4,7,9.2,6,8.5,6,10.3,5,10.2,6,8.7,6,8.0,5,7.3,5,8.2,6,7.2,4,7.7,3,7.5,5,2.4,3.0,9.5,4,9.0,1,6.2,2,4.7,1,8.3,2,9.1,1,8.7,1,9.3,1,7.9,1,10.0,2,9.3,1
2016-02-20 22:00:00,10.0,6,10.4,6,10.6,6,10.3,6,10.2,5,10.1,6,10.0,5,10.8,6,10.3,6,10.8,6,11.4,6,9.3,6,9.2,6,8.8,6,10.1,6,9.9,6,8.5,6,7.7,5,7.2,5,8.2,6,7.2,4,7.6,3,7.6,5,2.1,2.0,9.0,5,8.4,1,5.4,2,4.3,1,7.4,2,8.5,1,8.2,1,8.9,1,7.1,2,9.6,2,8.6,1
2016-02-20 23:00:00,10.0,6,10.3,6,10.6,6,10.0,6,9.9,5,10.1,6,9.8,5,10.4,6,10.2,6,10.6,6,11.3,6,9.1,6,9.2,6,9.0,6,10.0,6,9.6,6,8.2,5,7.5,6,7.1,5,8.0,6,7.1,5,7.5,3,7.7,5,2.0,2.0,8.6,5,7.7,2,4.6,2,4.0,1,6.4,2,8.0,2,7.7,2,8.5,1,6.4,2,9.3,2,8.0,1
2016-02-21 00:00:00,10.0,6,10.2,6,10.5,6,9.8,6,9.7,5,10.2,6,9.7,6,10.1,6,10.0,6,10.4,6,11.1,6,9.0,6,9.2,6,9.1,6,10.0,6,9.4,6,7.9,5,7.3,6,7.1,5,7.7,6,6.9,5,7.5,3,7.9,5,1.9,3.0,8.0,5,7.0,2,3.9,3,3.8,2,5.6,3,7.5,2,7.2,2,8.0,1,5.7,2,8.9,3,7.4,2
2016-02-21 01:00:00,10.0,6,10.1,6,10.3,6,9.6,6,9.4,5,10.2,6,9.6,6,9.9,6,9.9,5,10.2,5,11.0,5,8.8,5,9.0,5,8.9,6,10.0,6,9.1,6,7.7,5,7.1,6,7.0,5,7.4,6,6.6,5,7.5,4,8.1,5,1.8,3.0,7.5,5,6.2,2,3.3,3,3.6,2,4.9,4,7.0,2,6.7,2,7.4,1,5.2,2,8.5,3,6.9,2
2016-02-21 02:00:00,10.0,6,10.1,6,10.1,6,9.5,6,9.2,5,10.3,6,9.6,6,9.7,5,9.7,5,10.0,5,10.9,5,8.7,6,8.8,5,8.6,6,10.1,6,9.0,6,7.5,6,7.1,5,7.0,5,7.2,6,6.4,5,7.4,5,8.2,5,1.8,4.0,7.1,5,5.4,3,2.8,4,3.4,2,4.3,4,6.6,2,6.2,2,6.7,1,4.7,2,8.0,3,6.5,3
2016-02-21 03:00:00,9.8,6,9.7,6,9.8,6,9.3,5,9.0,5,10.1,6,9.3,6,9.7,5,9.8,5,10.0,5,10.6,5,8.9,6,8.3,6,8.5,6,10.2,5,8.9,6,7.2,5,7.4,6,6.3,4,7.2,3,6.3,5,6.4,2,5.7,2,0.7,1.0,6.5,3,6.2,1,3.9,1,3.0,1,4.0,1,6.6,1,6.8,1,7.1,1,6.0,1,8.2,2,6.8,1
2016-02-21 04:00:00,9.8,7,9.7,6,9.8,6,9.2,5,9.1,5,10.1,5,9.3,6,9.7,5,9.5,5,9.8,5,10.4,5,8.9,6,8.5,6,8.6,5,10.3,6,8.9,6,7.1,5,7.3,6,6.1,4,7.3,4,6.0,5,6.1,2,5.4,2,0.4,2.0,6.3,2,5.5,1,3.4,1,2.4,1,3.5,1,5.8,1,5.9,1,6.3,1,5.1,1,7.8,2,5.9,1
2016-02-21 05:00:00,9.7,7,9.7,6,9.8,6,9.3,5,9.3,6,10.0,5,9.4,5,9.7,5,9.3,5,9.7,5,10.3,5,8.9,6,8.8,5,8.9,4,10.5,6,9.0,6,7.2,5,7.2,5,6.0,4,7.7,5,5.8,5,5.9,2,5.3,2,0.2,2.0,6.4,2,5.0,1,3.0,1,2.1,1,3.3,2,5.4,1,5.3,1,5.9,1,4.3,1,7.6,2,5.3,1
2016-02-21 06:00:00,9.6,7,9.8,6,9.9,6,9.4,5,9.6,6,9.9,4,9.6,5,9.8,6,9.2,5,9.6,5,10.3,5,9.0,6,9.0,6,9.3,4,10.6,7,9.2,6,7.4,5,7.3,5,6.0,4,8.2,5,5.8,4,6.1,2,5.4,2,0.3,2.0,6.7,2,5.2,1,3.1,1,2.5,2,3.5,2,5.6,2,5.6,2,6.1,2,4.1,2,7.8,2,5.3,1
2016-02-21 07:00:00,9.5,7,9.8,6,9.8,7,9.7,5,9.8,6,10.0,4,9.8,4,9.9,6,9.2,6,9.6,5,10.3,5,9.1,6,9.1,6,9.7,5,10.7,7,9.6,6,7.8,6,7.7,5,6.3,4,8.8,5,6.3,5,6.7,2,5.8,2,0.9,2.0,7.4,2,6.2,1,4.1,1,3.9,1,4.4,2,6.9,2,7.0,2,7.2,2,5.1,3,8.6,2,6.4,2
2016-02-21 08:00:00,9.4,7,9.8,6,9.8,7,10.0,5,9.9,7,10.2,3,10.2,5,10.1,6,9.4,6,9.7,6,10.4,6,9.3,6,9.1,6,10.1,6,10.8,7,10.1,7,8.2,6,8.2,6,6.8,5,9.5,5,7.1,5,7.7,2,6.6,3,2.1,2.0,8.4,1,7.9,1,5.8,1,6.0,1,6.0,2,8.8,2,9.2,2,9.0,2,7.1,3,9.9,2,8.3,2
2016-02-21 09:00:00,9.3,7,9.9,7,9.8,7,10.5,6,10.1,7,10.5,3,10.6,5,10.6,6,9.7,7,10.1,7,10.7,7,9.7,7,9.3,7,10.6,7,11.0,7,10.6,7,8.8,7,8.9,6,7.5,5,10.2,5,8.1,5,8.9,2,7.7,3,4.1,1.0,9.6,2,9.9,1,8.2,1,8.5,1,8.0,2,10.8,2,11.5,1,11.0,1,9.7,4,11.3,2,10.6,2
2016-02-21 10:00:00,9.3,7,10.1,7,10.1,7,11.1,6,10.3,7,11.0,4,11.1,6,11.4,7,10.2,7,10.7,7,11.3,7,10.3,7,9.7,7,11.2,7,11.4,7,11.1,7,9.4,7,9.6,7,8.4,5,10.8,5,9.1,5,10.2,2,9.2,3,6.7,1.0,11.0,2,11.9,2,11.0,1,11.1,1,10.2,2,12.5,2,13.6,1,12.9,1,12.4,4,12.5,2,12.8,2
2016-02-21 11:00:00,9.4,7,10.5,7,10.5,7,11.7,6,10.6,7,11.5,5,11.6,6,12.4,7,10.8,7,11.4,7,11.9,7,10.9,7,10.3,8,11.7,7,11.9,7,11.6,7,10.1,7,10.3,7,9.3,5,11.3,6,10.1,5,11.6,2,10.7,2,9.4,1.0,12.3,2,13.8,2,13.9,1,13.4,1,12.4,2,13.8,2,15.2,1,14.4,1,15.0,3,13.5,3,14.8,2
2016-02-21 12:00:00,9.6,7,10.8,7,10.9,7,12.2,7,11.0,7,11.9,6,12.0,6,13.1,7,11.3,7,11.9,7,12.4,7,11.5,7,10.9,7,12.2,7,12.3,7,12.1,7,10.8,6,10.9,6,10.1,5,11.8,6,11.1,4,12.9,2,12.1,2,11.4,1.0,13.4,2,15.4,2,16.3,1,15.0,1,14.0,2,14.7,2,16.4,2,15.6,1,17.1,2,14.2,3,16.1,1
2016-02-21 13:00:00,9.8,7,11.1,6,11.3,6,12.6,7,11.4,7,12.2,5,12.2,6,13.3,7,11.6,6,12.1,6,12.6,6,11.9,6,11.3,6,12.5,6,12.6,6,12.5,5,11.4,6,11.5,5,10.5,4,12.2,5,12.0,3,14.0,2,13.0,2,12.2,1.0,14.1,2,16.7,1,17.8,1,15.7,1,14.9,2,15.2,2,17.0,2,16.2,2,18.6,2,14.6,3,16.7,1
2016-02-21 14:00:00,10.0,6,11.2,6,11.5,6,12.7,7,11.7,6,12.2,4,12.1,6,13.2,7,11.7,6,12.1,5,12.5,5,12.0,5,11.5,4,12.6,5,12.6,5,12.8,3,11.8,5,11.9,4,10.6,3,12.3,3,12.7,2,14.7,1,13.4,2,11.9,1.0,14.5,1,17.3,1,18.2,1,15.5,1,15.1,2,15.4,2,17.1,2,16.3,2,19.1,2,14.7,3,16.6,1
2016-02-21 15:00:00,10.1,6,11.3,6,11.7,6,11.9,7,12.1,7,11.8,6,11.6,6,12.5,7,11.5,6,11.9,5,12.4,5,12.1,5,11.8,6,12.2,4,12.4,5,12.7,4,12.5,5,12.6,4,11.3,2,12.2,3,12.8,2,14.9,1,13.9,1,10.6,1.0,14.1,1,16.0,1,16.6,1,14.3,1,14.4,2,14.7,2,15.4,2,15.1,1,18.0,1,14.3,1,15.7,2
2016-02-21 16:00:00,10.1,6,11.2,6,11.6,5,11.6,6,11.9,6,11.3,6,11.2,5,12.0,6,11.3,6,11.8,5,12.3,5,11.6,5,11.4,5,11.8,4,11.7,4,12.3,3,11.9,4,11.9,3,10.9,2,11.5,3,12.2,2,14.0,2,13.6,1,9.2,1.0,13.6,2,14.9,1,14.9,1,12.7,1,13.6,2,13.9,1,14.2,1,14.2,1,16.4,1,14.0,1,14.8,2
2016-02-21 17:00:00,10.0,5,11.0,5,11.3,5,11.1,5,11.6,6,10.7,6,10.6,5,11.4,6,11.0,6,11.7,6,12.2,6,10.9,6,10.8,5,11.1,3,10.7,4,11.6,2,11.1,3,10.9,3,10.3,3,10.5,3,11.3,2,12.6,2,12.9,1,7.7,1.0,12.8,2,13.4,2,12.7,2,10.8,2,12.7,2,12.8,1,12.8,1,13.1,2,14.3,1,13.6,2,13.8,3
2016-02-21 18:00:00,9.9,5,10.7,5,11.0,5,10.6,5,11.1,5,10.2,6,10.1,5,10.8,5,10.6,6,11.4,6,12.0,6,10.2,6,10.2,5,10.4,3,9.8,3,10.8,2,10.2,2,9.7,3,9.8,3,9.5,3,10.3,2,11.2,2,12.2,2,6.3,1.0,11.9,3,11.8,2,10.4,2,9.0,2,11.7,2,11.7,2,11.3,1,11.9,2,12.3,1,13.1,2,12.7,4
2016-02-21 19:00:00,9.8,5,10.5,5,10.6,5,10.1,5,10.6,5,9.8,5,9.8,5,10.4,5,10.2,6,10.9,6,11.7,6,9.5,5,9.8,5,9.7,3,9.2,3,10.0,2,9.5,2,8.7,3,9.3,3,8.8,3,9.5,2,10.1,2,11.6,2,5.4,2.0,10.9,4,10.3,2,8.5,2,7.6,2,10.7,2,10.9,4,10.1,2,10.9,2,10.8,2,12.4,2,11.7,5
2016-02-21 20:00:00,9.7,5,10.3,6,10.3,5,9.7,5,10.1,5,9.6,5,9.5,4,10.0,6,9.8,5,10.4,5,11.3,5,8.9,4,9.6,5,9.2,3,8.8,4,9.4,2,8.9,2,7.9,3,8.9,3,8.4,2,8.9,2,9.2,2,11.1,3,4.8,2.0,9.9,4,9.1,2,7.1,2,6.6,2,9.7,2,10.3,5,9.2,3,10.1,2,9.7,2,11.8,2,10.7,5
2016-02-21 21:00:00,9.6,5,10.1,6,10.1,6,9.4,5,9.8,5,9.4,5,9.4,4,9.7,6,9.4,5,9.8,5,10.9,5,8.5,5,9.6,5,8.8,3,8.6,4,8.9,2,8.3,2,7.3,3,8.4,3,8.0,2,8.3,2,8.7,2,10.6,3,4.3,2.0,9.1,4,8.2,2,5.9,2,6.0,2,8.8,2,9.8,6,8.7,4,9.5,2,8.7,2,11.3,2,9.9,6
2016-02-21 22:00:00,9.6,6,10.0,6,10.1,6,9.3,5,9.6,5,9.2,5,9.2,4,9.4,6,9.0,4,9.3,5,10.4,5,8.3,5,9.6,5,8.6,3,8.4,4,8.5,3,7.7,2,6.9,3,7.9,3,7.7,2,7.7,2,8.4,2,10.1,3,4.0,2.0,8.6,3,7.4,2,5.1,2,5.7,2,8.0,2,9.4,7,8.5,4,9.1,2,8.0,3,10.8,3,9.3,6
2016-02-21 23:00:00,9.6,6,9.8,6,10.2,6,9.1,4,9.4,5,9.0,5,9.0,4,9.0,6,8.7,4,8.9,5,10.0,5,8.2,5,9.6,5,8.5,3,8.2,4,8.2,3,7.2,3,6.7,4,7.5,3,7.5,2,7.1,2,8.2,2,9.7,3,3.9,2.0,8.2,3,6.9,3,4.6,2,5.7,2,7.3,3,9.1,7,8.5,5,8.8,3,7.5,3,10.4,3,8.8,6
2016-02-22 00:00:00,9.4,6,9.5,6,10.0,6,8.6,5,9.1,5,8.7,5,8.6,4,8.5,6,8.4,4,8.6,5,9.6,5,8.1,5,9.5,5,8.5,4,8.0,4,8.0,4,6.8,3,6.6,4,7.1,3,7.4,2,6.6,3,8.0,3,9.3,3,3.8,2.0,7.9,2,6.6,4,4.4,2,5.6,3,6.6,3,8.9,7,8.6,5,8.6,3,7.3,4,10.1,4,8.4,5
2016-02-22 01:00:00,9.0,6,9.0,6,9.4,6,8.0,5,8.4,5,8.3,5,8.0,5,7.8,6,8.1,4,8.3,5,9.3,5,7.9,5,9.1,5,8.4,4,7.8,5,7.8,4,6.7,4,6.6,5,6.9,4,7.3,2,6.2,4,7.6,3,9.0,4,3.8,3.0,7.5,3,6.5,4,4.4,2,5.4,4,5.9,4,8.7,6,8.6,5,8.5,4,7.3,4,9.9,4,8.2,5
2016-02-22 02:00:00,8.5,6,8.4,6,8.7,6,7.3,6,7.7,5,7.9,5,7.4,5,7.2,6,7.8,5,8.0,5,9.2,5,7.7,6,8.7,5,8.3,4,7.7,6,7.5,5,6.8,5,6.6,5,6.8,4,7.2,2,5.9,4,7.2,4,8.8,5,3.8,3.0,7.2,4,6.5,5,4.5,3,5.1,4,5.3,4,8.6,5,8.6,5,8.4,4,7.4,4,9.7,4,8.0,4
2016-02-22 03:00:00,8.3,7,9.4,7,8.9,6,9.1,6,8.6,5,9.3,5,8.8,5,9.0,6,8.5,5,8.8,5,9.6,5,8.2,4,8.9,5,9.1,4,9.5,6,8.2,6,6.6,5,7.2,4,6.5,4,7.7,3,6.6,3,6.1,1,8.3,2,2.4,2.0,7.5,5,6.4,3,3.7,4,5.5,2,5.3,3,7.7,5,7.9,6,8.1,5,7.8,4,10.1,4,7.9,3
2016-02-22 04:00:00,7.8,7,8.9,7,8.3,6,8.9,6,8.3,5,8.8,4,8.5,5,8.9,6,8.2,5,8.6,5,9.3,5,8.0,3,8.8,5,9.1,4,9.5,6,8.2,6,6.6,5,7.2,5,6.2,4,7.7,3,6.2,3,5.8,2,7.8,2,2.4,2.0,7.6,5,6.1,3,3.6,4,5.4,2,5.0,3,7.4,6,7.5,6,7.7,5,7.2,5,9.8,4,7.6,4
2016-02-22 05:00:00,7.2,7,8.3,6,7.8,6,8.6,6,8.1,5,8.4,4,8.3,4,8.7,6,8.0,5,8.4,5,9.1,5,7.9,3,8.6,6,9.2,5,9.5,6,8.1,6,6.6,5,7.1,6,5.9,4,7.9,3,5.9,2,5.7,2,7.4,1,2.5,2.0,7.7,5,5.9,3,3.6,3,5.4,2,5.0,4,7.4,6,7.3,6,7.6,5,6.6,6,9.7,4,7.4,5
2016-02-22 06:00:00,6.8,7,7.7,6,7.3,6,8.4,6,8.0,5,8.1,4,8.1,4,8.5,5,7.8,5,8.2,5,9.0,5,7.9,3,8.5,6,9.3,5,9.5,6,8.1,6,6.6,5,7.1,6,5.8,4,8.3,3,5.7,2,5.9,2,7.2,2,2.8,3.0,7.9,5,6.0,3,3.9,3,5.7,2,5.2,4,7.7,6,7.5,6,8.0,6,6.6,6,9.7,5,7.7,6
2016-02-22 07:00:00,6.5,7,7.2,6,6.8,7,8.2,6,8.0,6,8.0,5,8.0,4,8.2,5,7.7,6,8.0,6,8.9,6,8.0,4,8.3,6,9.4,5,9.4,6,8.2,6,6.6,5,7.0,7,6.0,4,9.0,3,5.8,3,6.5,2,7.5,2,3.3,3.0,8.2,5,6.7,4,4.6,4,6.4,2,5.8,5,8.5,7,8.4,6,9.0,6,7.5,6,10.0,5,8.6,6
2016-02-22 08:00:00,6.3,7,6.8,7,6.5,7,8.1,7,8.1,7,8.1,6,8.0,5,8.1,6,7.8,7,7.9,6,8.8,6,8.2,5,8.2,7,9.5,6,9.4,7,8.3,6,6.8,6,7.0,7,6.5,5,9.9,4,6.1,4,7.4,3,8.2,3,4.2,4.0,8.8,5,7.9,5,5.8,5,7.4,2,6.8,5,9.7,7,9.8,7,10.3,6,9.0,6,10.7,6,10.0,6
2016-02-22 09:00:00,6.3,7,6.7,7,6.5,7,8.3,7,8.1,7,8.4,7,8.2,6,8.3,6,8.0,7,8.1,7,9.0,7,8.5,6,8.2,7,9.7,6,9.4,7,8.5,6,7.2,7,7.3,7,7.1,5,10.5,4,6.7,5,8.6,3,9.3,4,5.4,4.0,9.5,5,9.4,6,7.5,6,8.8,2,8.1,5,11.1,7,11.4,7,11.7,6,10.8,6,11.6,7,11.7,5
2016-02-22 10:00:00,6.5,7,7.0,7,6.8,7,8.7,7,8.0,7,8.8,7,8.5,6,9.0,6,8.3,7,8.6,7,9.4,7,8.9,7,8.4,7,10.0,6,9.5,7,8.8,6,7.9,7,7.9,6,7.8,4,10.7,4,7.4,6,9.9,3,10.6,3,7.1,4.0,10.4,6,11.2,6,9.8,7,10.3,2,9.7,5,12.5,6,12.9,7,12.9,6,12.7,6,12.7,7,13.5,4
2016-02-22 11:00:00,6.7,7,7.5,7,7.3,7,9.3,7,7.9,7,9.3,7,8.9,7,9.8,7,8.7,7,9.1,7,9.8,7,9.4,7,8.6,7,10.3,7,9.8,7,9.1,6,8.7,7,8.6,6,8.4,4,10.7,3,8.1,7,11.2,3,11.8,3,8.8,4.0,11.4,6,12.9,7,12.1,6,11.8,3,11.3,5,13.7,5,14.3,6,13.8,7,14.4,6,13.8,7,15.1,3
2016-02-22 12:00:00,7.0,7,8.0,7,7.9,7,9.8,7,8.0,7,9.7,7,9.2,7,10.5,7,8.9,7,9.6,7,10.1,7,9.7,7,8.9,7,10.5,7,10.0,7,9.4,7,9.4,7,9.4,6,8.9,4,10.7,3,8.6,7,12.0,3,12.6,3,10.1,5.0,12.1,6,14.2,7,14.0,6,12.8,4,12.5,5,14.6,5,15.3,6,14.6,7,15.8,6,14.7,6,16.3,2
2016-02-22 13:00:00,7.2,7,8.4,7,8.3,7,10.1,7,8.3,7,9.9,7,9.4,7,10.8,7,9.0,7,9.7,7,10.1,7,9.8,7,9.1,7,10.6,6,10.2,7,9.6,7,9.7,7,10.0,6,9.3,4,10.9,2,8.7,7,12.2,4,12.7,3,10.6,4.0,12.4,6,14.9,6,15.0,6,13.2,4,12.9,4,15.2,5,15.9,6,15.2,7,16.8,7,15.1,6,16.8,2
2016-02-22 14:00:00,7.4,7,8.5,7,8.6,7,10.1,7,8.6,7,9.9,7,9.3,7,10.7,7,8.9,7,9.6,7,9.8,7,9.7,7,9.1,7,10.5,6,10.2,7,9.7,6,9.7,7,10.2,7,9.4,5,11.0,2,8.5,6,11.8,5,12.1,4,10.3,4.0,12.3,6,14.9,6,15.1,6,12.9,4,12.7,3,15.3,5,16.0,6,15.5,6,17.3,7,15.2,6,16.6,3
2016-02-22 15:00:00,8.3,7,8.8,7,9.0,7,9.7,7,9.7,6,9.9,6,8.9,6,10.5,6,8.8,4,9.5,4,9.9,4,10.6,5,10.5,4,12.1,3,11.0,7,11.1,6,10.6,4,11.0,4,10.8,5,12.5,4,9.5,5,13.1,4,13.7,6,10.7,7.0,12.8,4,16.0,7,15.5,7,12.2,5,13.1,5,14.6,7,15.7,7,15.8,7,17.4,7,15.2,7,15.3,7
2016-02-22 16:00:00,8.3,7,8.7,6,8.8,7,9.4,7,9.3,5,9.5,6,8.7,6,10.0,6,8.4,4,9.0,4,9.5,4,9.8,5,9.7,3,11.3,2,10.4,6,10.6,6,10.0,4,10.5,4,10.3,6,11.4,4,9.1,5,12.1,4,13.1,7,9.4,7.0,12.3,3,14.9,7,14.2,7,11.1,5,12.6,5,14.1,7,14.7,7,15.0,7,16.3,7,14.9,7,14.4,7
2016-02-22 17:00:00,8.1,6,8.6,6,8.5,7,8.8,6,8.7,5,8.8,6,8.4,6,9.3,6,8.0,5,8.4,4,9.1,4,8.8,5,8.8,3,10.1,2,9.6,5,9.9,5,9.2,3,9.7,5,9.6,6,10.0,5,8.6,5,11.0,4,12.3,7,8.0,7.0,11.7,3,13.4,7,12.5,7,9.8,5,12.0,6,13.3,7,13.4,7,13.8,7,14.9,7,14.6,7,13.3,7
2016-02-22 18:00:00,7.9,6,8.3,5,8.1,6,8.2,6,8.0,4,8.1,6,8.0,6,8.6,6,7.6,5,8.0,5,8.8,5,7.9,5,7.9,3,8.9,2,8.8,4,9.1,5,8.4,3,8.7,5,8.8,6,8.7,6,8.0,5,9.9,4,11.6,7,6.8,7.0,11.1,2,12.0,7,10.9,7,8.6,5,11.4,6,12.5,7,12.1,7,12.7,7,13.4,7,14.1,6,12.5,7
2016-02-22 19:00:00,7.7,6,7.9,5,7.6,6,7.6,6,7.3,4,7.6,5,7.5,5,8.0,6,7.2,6,7.6,5,8.6,5,7.1,5,7.3,3,7.9,3,8.2,4,8.4,5,7.8,4,7.7,5,8.0,6,7.7,7,7.4,5,9.1,4,11.0,7,6.1,7.0,10.5,3,11.0,7,9.6,7,7.8,4,10.8,6,11.9,7,11.0,7,11.9,7,12.4,7,13.6,6,12.1,7
2016-02-22 20:00:00,7.6,6,7.4,6,7.1,6,7.1,6,6.8,5,7.2,5,7.0,5,7.4,6,6.8,6,7.3,6,8.4,6,6.5,6,6.8,4,7.0,4,7.8,5,7.7,5,7.3,4,6.7,5,7.2,5,7.1,7,6.9,4,8.4,4,10.5,7,5.9,7.0,9.9,4,10.3,7,8.6,7,7.3,3,10.3,5,11.5,6,10.2,6,11.3,7,11.7,6,13.2,7,12.1,7
2016-02-22 21:00:00,7.3,6,7.0,6,6.7,6,6.7,6,6.2,5,7.0,5,6.7,5,6.9,6,6.4,6,7.0,6,8.1,6,6.0,6,6.2,4,6.3,4,7.3,5,7.2,5,6.8,5,6.1,5,6.5,5,6.5,7,6.5,4,7.8,4,9.9,7,5.4,7.0,9.4,4,9.5,7,7.8,7,6.8,3,9.7,5,11.0,6,9.6,6,10.8,7,11.1,6,12.7,6,11.7,7
2016-02-22 22:00:00,7.0,6,6.6,5,6.3,6,6.3,5,5.7,5,6.9,5,6.4,5,6.5,6,6.0,6,6.6,6,7.7,6,5.6,6,5.7,4,5.8,5,6.9,5,6.6,5,6.2,5,5.6,5,6.0,5,5.9,7,6.0,4,7.3,4,9.2,7,4.9,7.0,8.8,5,8.8,6,7.2,7,6.5,4,9.2,4,10.4,6,9.1,6,10.4,7,10.5,6,12.3,6,11.3,6
2016-02-22 23:00:00,6.7,6,6.3,5,5.9,6,6.0,5,5.2,5,6.8,5,6.1,5,6.1,6,5.7,6,6.2,6,7.3,6,5.2,6,5.3,4,5.3,5,6.6,5,6.2,5,5.7,5,5.2,5,5.5,5,5.5,6,5.6,5,6.8,4,8.6,6,4.4,7.0,8.2,5,8.2,6,6.7,6,6.2,4,8.6,4,9.9,5,8.7,6,10.0,7,10.0,6,11.8,6,10.9,6
2016-02-23 00:00:00,6.4,6,5.9,5,5.5,6,5.8,5,4.8,5,6.8,5,6.0,5,5.8,5,5.4,6,5.9,5,7.0,6,4.9,5,5.0,4,5.0,5,6.4,6,5.8,5,5.3,5,4.9,5,5.1,5,5.1,6,5.2,5,6.3,5,8.0,6,3.9,6.0,7.7,5,7.5,6,6.1,6,5.9,4,8.1,4,9.4,5,8.3,6,9.6,6,9.5,5,11.3,5,10.4,6
2016-02-23 01:00:00,6.1,5,5.6,5,5.1,6,5.6,5,4.3,5,6.9,5,5.8,5,5.6,5,5.1,6,5.5,5,6.6,5,4.7,5,4.8,4,4.7,6,6.2,6,5.5,5,4.9,5,4.6,5,4.7,5,4.8,6,4.8,5,5.8,5,7.5,6,3.3,6.0,7.3,5,6.9,6,5.4,6,5.6,4,7.5,4,8.9,5,7.9,5,9.1,6,8.9,5,10.7,5,9.9,5
2016-02-23 02:00:00,5.8,5,5.3,5,4.8,6,5.4,5,4.0,5,6.9,5,5.8,5,5.5,5,4.8,5,5.2,5,6.3,5,4.5,5,4.7,5,4.6,6,6.1,6,5.2,6,4.5,5,4.5,5,4.4,5,4.6,6,4.5,5,5.4,5,6.9,6,2.7,5.0,6.9,5,6.3,5,4.7,6,5.4,5,7.0,4,8.5,4,7.4,5,8.7,5,8.4,5,10.2,5,9.3,5
2016-02-23 03:00:00,6.7,7,6.9,7,6.1,6,7.9,5,6.3,7,9.6,5,8.5,5,8.4,5,7.8,5,8.2,5,9.1,5,7.7,6,7.9,6,8.1,6,9.0,5,8.2,5,7.3,6,7.4,6,7.1,6,7.6,5,6.3,6,7.3,5,8.1,5,3.8,6.0,8.6,6,7.3,3,4.5,2,6.1,3,7.2,4,9.2,3,8.5,3,8.9,3,8.1,3,9.9,3,10.9,3
2016-02-23 04:00:00,6.5,7,6.8,7,6.1,6,8.1,6,6.4,6,9.7,4,8.7,5,8.5,5,7.9,5,8.2,5,9.1,5,7.7,6,7.8,6,8.0,6,9.1,4,8.3,5,7.4,6,7.4,6,6.9,6,7.7,5,6.2,6,7.1,6,7.8,5,3.7,6.0,8.7,5,6.8,3,4.4,2,6.1,4,7.2,4,8.7,3,7.8,3,8.6,2,7.8,2,9.6,3,10.4,3
2016-02-23 05:00:00,6.3,7,6.8,6,6.1,7,8.4,6,6.8,6,9.9,4,8.8,5,8.6,5,8.0,5,8.4,5,9.1,5,7.9,7,7.7,6,7.9,6,9.4,4,8.4,5,7.6,6,7.6,5,6.7,6,7.9,6,6.1,6,7.0,6,7.5,5,3.7,6.0,8.9,5,6.5,3,4.5,2,6.3,4,7.3,4,8.4,2,7.2,3,8.5,2,7.6,2,9.5,3,10.1,3
2016-02-23 06:00:00,6.1,7,6.6,6,6.1,7,8.7,6,7.2,6,9.9,4,8.9,5,8.8,5,8.1,5,8.5,6,9.2,6,8.1,7,7.6,6,8.0,7,9.6,5,8.6,5,7.8,6,7.8,5,6.7,5,8.1,6,6.1,6,7.1,7,7.4,5,3.8,6.0,9.1,5,6.6,3,5.0,2,6.6,4,7.5,5,8.5,2,7.3,3,8.7,2,7.9,2,9.7,3,10.2,3
2016-02-23 07:00:00,5.9,7,6.3,6,5.9,7,9.0,6,7.5,6,9.9,5,9.0,5,9.0,6,8.2,6,8.6,6,9.3,6,8.3,7,7.6,7,8.3,7,9.8,5,8.9,6,8.0,6,8.1,6,7.0,6,8.3,6,6.2,7,7.6,7,7.6,5,4.1,6.0,9.4,5,7.5,4,6.0,2,7.1,4,7.9,5,9.3,3,8.5,4,9.4,2,8.8,2,10.3,4,10.9,3
2016-02-23 08:00:00,5.7,7,6.1,6,5.7,7,9.3,7,7.6,6,9.9,6,9.1,5,9.3,6,8.4,6,8.8,7,9.4,7,8.7,7,7.8,7,8.7,7,10.1,6,9.2,6,8.3,6,8.5,6,7.5,6,8.5,6,6.5,7,8.4,7,8.0,5,4.5,6.0,9.9,6,9.0,4,7.3,2,7.8,5,8.6,6,10.7,4,10.4,4,10.5,2,10.3,3,11.1,4,12.1,4
2016-02-23 09:00:00,5.6,7,6.2,7,5.8,7,9.6,7,7.8,7,10.0,7,9.5,6,9.8,7,8.7,7,9.2,7,9.7,7,9.1,7,8.1,7,9.1,7,10.5,7,9.7,7,8.7,7,9.0,7,8.0,6,8.7,6,7.0,7,9.3,6,8.6,6,5.2,6.0,10.4,7,10.7,4,9.0,3,8.7,6,9.5,6,12.2,4,12.4,5,11.8,2,12.0,3,12.0,4,13.4,4
2016-02-23 10:00:00,5.7,7,6.6,7,6.2,7,10.0,7,8.1,7,10.3,7,10.1,6,10.7,7,9.1,7,9.7,7,10.2,7,9.7,7,8.6,7,9.4,7,11.1,7,10.2,7,9.2,7,9.5,7,8.5,6,9.0,6,7.7,7,10.1,6,9.4,6,6.1,6.0,11.0,7,12.3,5,10.8,3,9.7,6,10.6,6,13.7,5,14.1,5,13.1,3,13.8,3,12.8,5,14.7,4
2016-02-23 11:00:00,6.0,7,7.2,7,6.9,7,10.4,7,8.5,7,10.7,7,10.8,6,11.6,7,9.6,7,10.3,7,10.7,7,10.4,7,9.3,7,9.7,7,11.7,7,10.8,7,9.7,7,10.0,6,8.9,6,9.4,7,8.5,7,10.8,6,10.1,6,7.1,5.0,11.6,6,13.7,5,12.5,4,10.7,7,11.7,7,15.0,5,15.3,4,14.3,3,15.5,2,13.6,5,15.8,4
2016-02-23 12:00:00,6.2,7,7.8,7,7.6,7,10.7,7,8.9,7,11.1,7,11.4,7,12.4,7,10.0,7,10.7,7,11.1,7,10.9,7,9.8,7,10.0,7,12.2,7,11.3,7,10.2,7,10.5,6,9.3,6,9.8,7,9.1,7,11.4,6,10.8,6,8.0,5.0,12.1,6,14.7,5,13.8,4,11.5,7,12.6,7,16.0,4,16.1,4,15.3,3,16.9,2,14.1,4,16.6,4
2016-02-23 13:00:00,6.3,7,8.1,7,8.2,7,10.9,7,9.3,7,11.3,7,11.7,7,12.8,7,10.2,7,10.8,7,11.2,7,11.2,7,10.1,7,10.3,7,12.5,7,11.7,7,10.6,7,11.0,6,9.7,6,10.2,7,9.5,7,11.7,6,11.2,6,8.6,5.0,12.5,6,15.3,5,14.4,4,12.0,6,13.0,6,16.7,4,16.5,4,15.9,3,17.7,1,14.4,4,17.0,4
2016-02-23 14:00:00,6.3,7,8.2,7,8.5,7,11.0,7,9.6,7,11.3,7,11.7,7,12.8,7,10.2,7,10.6,7,11.0,7,11.2,7,10.2,7,10.4,7,12.6,7,12.0,7,10.8,7,11.3,7,10.0,7,10.4,7,9.7,7,11.8,7,11.5,6,8.7,5.0,12.8,7,15.4,5,14.5,3,12.0,6,13.0,6,16.9,3,16.5,4,16.1,2,17.9,2,14.6,4,16.9,4
2016-02-23 15:00:00,5.5,5,6.3,7,6.0,6,7.3,5,7.4,7,8.4,6,7.6,6,10.1,6,8.4,7,9.1,7,9.4,7,9.2,7,8.1,7,9.3,7,11.1,7,10.5,6,9.6,7,10.0,7,9.3,7,9.7,6,9.4,7,11.5,7,12.2,7,8.8,6.0,13.0,7,14.8,5,13.5,4,11.8,6,12.9,7,15.8,4,15.6,4,15.5,2,16.9,4,15.0,3,16.2,5
2016-02-23 16:00:00,5.5,5,5.9,6,5.4,5,6.7,4,6.7,6,7.8,6,7.0,5,8.9,5,7.5,6,8.2,6,8.6,6,8.4,7,7.6,7,8.7,7,10.2,7,9.7,6,8.9,7,9.7,7,9.1,7,9.1,6,9.2,7,11.3,7,12.0,7,7.7,6.0,12.6,7,14.1,5,12.5,3,10.8,6,12.5,6,15.1,5,14.7,4,14.9,3,16.2,4,14.7,3,15.4,5
2016-02-23 17:00:00,5.4,4,5.4,5,4.6,4,6.0,3,5.9,6,7.1,5,6.2,4,7.4,3,6.4,5,7.1,5,7.5,5,7.3,7,7.1,7,8.0,7,9.1,6,8.6,7,8.1,7,9.3,6,8.8,6,8.4,6,8.8,7,10.9,6,11.5,7,6.4,6.0,12.0,7,13.2,4,11.2,2,9.7,6,12.0,5,14.2,5,13.5,4,14.1,3,15.1,4,14.2,3,14.6,4
2016-02-23 18:00:00,5.3,3,4.8,4,3.9,3,5.3,2,5.1,5,6.4,4,5.5,4,6.1,2,5.4,4,6.1,4,6.6,4,6.2,6,6.6,7,7.3,6,8.1,6,7.6,7,7.3,6,8.6,6,8.3,6,7.7,6,8.3,7,10.2,6,11.0,7,5.2,6.0,11.4,6,12.2,4,9.9,2,8.7,5,11.4,5,13.3,5,12.3,4,13.3,3,13.9,3,13.6,4,13.8,4
2016-02-23 19:00:00,5.1,3,4.4,3,3.5,2,4.7,3,4.4,5,5.7,4,5.0,4,5.3,2,4.7,3,5.5,4,6.0,3,5.1,6,6.0,7,6.7,6,7.3,5,6.8,7,6.7,6,7.7,6,7.5,6,7.1,6,7.8,7,9.3,6,10.4,7,4.6,6.0,10.8,6,11.3,4,8.9,3,8.1,5,10.9,5,12.7,5,11.4,4,12.6,2,12.9,3,13.1,4,13.3,4
2016-02-23 20:00:00,5.0,2,4.0,3,3.3,2,4.2,3,3.8,4,5.2,4,4.7,3,4.9,3,4.3,3,5.0,4,5.7,3,4.2,6,5.3,7,6.2,6,6.6,5,6.2,6,6.2,6,6.7,5,6.7,7,6.6,7,7.4,7,8.4,6,9.8,7,4.3,6.0,10.4,7,10.5,5,8.2,4,7.9,5,10.4,5,12.3,5,10.9,4,12.1,2,12.2,3,12.6,4,13.0,4
2016-02-23 21:00:00,4.9,2,3.8,2,3.1,2,4.0,3,3.5,4,5.2,4,4.6,3,4.7,3,4.1,3,4.7,4,5.5,3,3.7,6,4.8,6,5.6,6,6.2,5,5.5,6,5.6,6,6.0,5,6.0,6,6.1,7,6.9,7,7.9,6,9.3,7,4.0,6.0,10.0,6,9.8,5,7.6,4,7.5,5,9.9,5,11.8,5,10.4,4,11.6,2,11.5,4,12.2,5,12.5,4
2016-02-23 22:00:00,4.9,3,3.7,2,3.0,2,4.0,3,3.2,5,5.2,4,4.7,3,4.7,3,3.9,3,4.5,4,5.3,3,3.3,6,4.4,6,5.0,6,5.9,5,5.1,5,5.1,6,5.5,5,5.4,6,5.6,7,6.6,7,7.5,6,8.8,6,3.7,6.0,9.5,6,9.2,5,7.1,4,7.1,5,9.4,5,11.4,5,9.9,4,11.1,3,10.9,4,11.8,5,11.9,4
2016-02-23 23:00:00,4.8,3,3.6,2,2.9,2,3.9,3,2.9,5,5.4,5,4.8,3,4.7,4,3.8,3,4.3,4,5.1,3,3.2,6,4.1,6,4.6,6,5.8,5,4.8,5,4.8,6,5.2,5,5.0,5,5.1,7,6.2,6,7.1,6,8.4,6,3.5,6.0,9.1,6,8.5,5,6.7,4,6.7,5,8.7,5,10.9,5,9.5,4,10.6,3,10.2,4,11.3,4,11.3,4
2016-02-24 00:00:00,4.8,3,3.5,3,2.8,2,4.0,3,2.8,5,5.6,5,4.9,3,4.8,4,3.7,3,4.2,4,5.1,3,3.3,6,4.0,6,4.4,6,5.9,5,4.7,5,4.6,6,4.9,5,4.8,5,4.8,7,6.0,6,6.8,6,8.0,6,3.1,6.0,8.7,6,7.8,5,6.1,4,6.3,5,8.1,5,10.3,5,8.9,5,10.0,3,9.6,4,10.9,4,10.6,4
2016-02-24 01:00:00,4.8,4,3.5,3,2.8,3,4.1,4,2.6,5,5.8,5,5.1,4,5.0,4,3.7,4,4.1,4,5.1,4,3.5,6,4.1,6,4.5,6,6.1,5,4.8,5,4.5,6,4.8,5,4.7,5,4.7,6,5.8,6,6.4,6,7.6,6,2.7,6.0,8.3,6,7.2,5,5.3,4,5.9,5,7.3,5,9.5,5,8.4,5,9.3,4,8.8,4,10.4,4,9.8,4
2016-02-24 02:00:00,4.7,4,3.6,4,2.8,4,4.3,4,2.6,5,6.1,6,5.4,5,5.4,5,3.9,4,4.2,4,5.1,4,3.8,6,4.3,5,4.6,6,6.5,6,5.0,5,4.6,6,4.8,5,4.7,6,4.7,6,5.6,6,6.1,6,7.2,6,2.2,5.0,7.9,6,6.5,5,4.6,5,5.5,5,6.6,4,8.8,5,7.8,5,8.6,4,8.1,4,9.8,4,9.0,4
2016-02-24 03:00:00,3.1,2,1.6,3,1.3,2,2.0,4,1.1,3,3.8,6,3.0,5,1.9,5,0.4,4,0.6,4,2.1,4,2.0,5,2.6,3,2.5,4,2.8,6,1.9,6,1.4,5,2.4,4,2.6,4,2.4,4,3.8,7,3.9,7,4.7,7,3.0,6.0,8.1,6,7.4,6,5.6,3,6.8,4,9.0,5,10.4,4,9.4,5,9.2,3,9.9,3,10.9,4,10.9,4
2016-02-24 04:00:00,2.7,2,1.2,3,0.9,2,1.6,4,0.5,4,3.4,6,2.8,5,1.6,5,0.0,4,0.3,4,1.8,4,1.5,5,2.5,4,2.3,5,2.7,6,1.5,6,1.0,5,1.8,4,2.3,4,2.1,5,3.3,7,3.1,7,4.1,6,2.4,6.0,7.9,6,6.8,6,5.3,3,6.6,5,8.8,5,9.9,5,8.6,5,8.8,4,9.5,3,10.6,4,10.8,4
2016-02-24 05:00:00,2.2,2,0.9,4,0.6,3,1.2,4,0.1,4,3.1,7,2.7,5,1.4,5,-0.2,5,0.2,5,1.5,5,1.1,5,2.3,5,2.0,5,2.8,6,1.3,5,0.7,5,1.2,4,2.0,4,1.8,5,2.8,6,2.4,7,3.5,6,1.7,5.0,7.7,6,6.4,6,5.1,4,6.6,5,8.6,5,9.6,5,7.8,5,8.6,4,9.3,4,10.4,4,10.9,4
2016-02-24 06:00:00,2.0,3,0.8,4,0.6,3,1.2,4,0.1,4,3.1,7,2.8,5,1.3,5,-0.1,5,0.3,5,1.6,5,1.0,5,2.3,6,2.0,5,3.0,6,1.3,5,0.6,5,1.0,4,1.8,4,1.8,5,2.6,6,2.1,7,3.0,6,1.1,5.0,7.7,6,6.3,6,5.2,4,6.8,6,8.6,5,9.6,5,7.5,6,8.8,4,9.4,4,10.6,5,11.2,5
2016-02-24 07:00:00,2.2,3,1.1,4,1.1,3,1.7,4,0.8,5,3.5,7,3.2,5,1.7,5,0.6,6,0.9,6,2.1,6,1.4,5,2.4,6,2.3,5,3.4,6,1.8,6,0.9,6,1.3,4,1.9,4,2.1,5,2.8,7,2.6,7,2.9,6,0.8,5.0,7.9,6,6.5,7,5.6,5,7.3,5,8.9,5,10.0,5,8.0,6,9.2,5,10.0,5,11.1,5,11.7,5
2016-02-24 08:00:00,2.6,3,1.7,4,2.1,4,2.7,4,1.9,6,4.2,7,3.9,5,2.5,5,1.7,6,1.8,6,2.9,6,2.1,6,2.7,6,2.9,6,3.9,6,2.7,6,1.5,6,2.1,5,2.3,5,2.7,5,3.3,7,3.5,7,3.2,6,1.0,5.0,8.3,6,7.1,7,6.4,4,8.1,4,9.4,6,10.7,5,9.0,6,9.8,5,10.9,5,11.9,6,12.5,5
2016-02-24 09:00:00,3.2,3,2.6,4,3.2,4,3.9,4,3.1,6,5.1,7,4.7,4,3.7,5,2.9,6,3.0,6,3.9,6,3.0,6,3.2,6,3.7,6,4.7,6,3.7,7,2.3,6,3.1,6,3.0,5,3.4,4,3.9,7,4.5,7,3.8,6,1.7,5.0,8.7,6,7.9,7,7.5,4,9.2,4,10.1,6,11.5,5,10.3,6,10.5,5,12.1,5,12.7,6,13.5,6
2016-02-24 10:00:00,3.8,3,3.7,4,4.3,4,5.1,4,4.1,6,5.9,6,5.4,4,5.3,5,4.1,6,4.4,6,5.0,6,3.9,6,3.9,6,4.6,6,5.6,7,4.7,6,3.3,6,4.2,6,3.8,5,4.0,5,4.6,7,5.3,7,4.6,6,2.9,5.0,9.1,6,9.0,6,8.8,5,10.6,3,11.0,6,12.3,5,11.5,6,11.1,5,13.3,5,13.4,6,14.6,6
2016-02-24 11:00:00,4.3,4,4.7,5,5.2,4,6.0,4,4.9,6,6.7,5,6.0,4,6.8,5,5.1,6,5.6,6,6.0,6,4.7,6,4.6,6,5.5,6,6.6,7,5.5,6,4.3,5,5.2,6,4.6,4,4.6,5,5.2,7,5.9,7,5.4,7,4.3,5.0,9.5,6,10.1,6,10.2,5,11.9,4,11.8,6,13.1,5,12.5,5,11.8,5,14.5,5,13.9,6,15.6,6
2016-02-24 12:00:00,4.7,4,5.5,5,5.9,5,6.7,4,5.5,6,7.2,5,6.4,4,7.9,5,5.7,6,6.5,6,6.7,6,5.4,6,5.2,6,6.1,6,7.4,7,6.2,6,5.2,4,6.0,6,5.3,4,5.1,5,5.9,7,6.4,7,6.1,7,5.5,6.0,9.9,6,11.1,5,11.4,5,12.9,4,12.4,6,13.8,5,13.4,5,12.4,5,15.5,5,14.4,5,16.4,6
2016-02-24 13:00:00,4.9,4,5.8,5,6.2,5,6.9,5,5.8,5,7.5,5,6.5,4,8.3,5,5.9,6,6.8,6,6.9,6,5.9,6,5.5,6,6.4,6,7.8,7,6.7,6,5.8,5,6.6,6,5.7,3,5.5,5,6.6,7,7.0,7,6.6,7,6.1,6.0,10.3,6,11.8,5,12.2,5,13.3,4,12.7,6,14.5,6,14.1,5,13.0,5,16.3,5,14.9,5,16.7,6
2016-02-24 14:00:00,4.9,4,5.7,5,6.0,6,6.8,5,5.8,5,7.5,5,6.4,5,8.1,4,5.8,5,6.6,5,6.7,5,6.1,6,5.4,5,6.3,6,7.9,6,7.0,6,6.2,5,6.9,5,5.8,3,5.8,5,7.0,7,7.4,7,6.8,7,6.1,6.0,10.5,6,12.0,5,12.4,5,13.1,4,12.7,5,14.9,6,14.3,5,13.5,5,16.7,5,15.1,5,16.6,6
2016-02-24 15:00:00,5.0,5,5.3,6,5.5,6,6.3,7,5.6,7,6.9,7,6.0,6,7.8,7,5.3,7,6.1,7,6.5,7,6.2,7,4.9,7,6.0,7,8.9,7,7.5,7,7.1,7,7.5,7,5.9,7,5.6,7,8.4,7,10.1,7,9.4,7,6.8,7.0,13.0,7,13.8,7,13.5,7,14.0,4,14.3,5,15.1,7,14.8,7,14.3,5,17.0,6,15.0,6,16.0,7
2016-02-24 16:00:00,4.7,5,4.8,6,4.9,6,5.8,7,5.0,7,6.6,7,5.6,6,7.2,6,4.9,7,5.6,7,6.1,7,5.7,7,4.2,7,5.3,7,8.5,7,7.1,7,6.8,7,7.1,7,5.5,7,5.3,7,8.2,7,9.7,6,9.2,7,5.9,7.0,12.3,7,13.2,7,12.4,7,12.6,3,13.6,4,14.2,7,13.9,7,13.7,6,15.8,6,14.5,6,14.9,7
2016-02-24 17:00:00,4.3,5,4.3,7,4.1,6,5.1,7,4.2,7,6.1,6,5.0,6,6.4,5,4.4,7,5.0,7,5.7,7,4.9,7,3.5,7,4.3,7,7.8,7,6.5,7,6.2,7,6.6,7,4.9,7,4.9,7,8.0,6,9.2,6,8.9,7,4.9,7.0,11.4,7,12.2,7,10.9,7,10.9,3,12.8,3,13.1,7,12.6,7,12.8,6,14.2,6,13.9,6,13.7,7
2016-02-24 18:00:00,3.9,5,3.7,7,3.3,6,4.3,6,3.4,7,5.6,6,4.5,6,5.6,5,3.9,6,4.4,6,5.2,6,4.1,7,2.8,7,3.4,7,7.2,6,5.9,7,5.7,6,6.1,7,4.3,7,4.4,7,7.6,6,8.7,6,8.4,7,4.1,7.0,10.6,6,11.1,7,9.4,7,9.4,4,11.9,3,12.0,7,11.3,7,12.0,6,12.7,6,13.3,6,12.7,6
2016-02-24 19:00:00,3.6,5,3.2,6,2.7,5,3.6,6,2.7,7,5.0,6,4.0,6,4.9,5,3.3,6,3.9,6,4.7,6,3.4,7,2.4,7,2.9,7,6.8,6,5.4,6,5.3,6,5.7,6,3.9,7,3.9,6,7.2,6,8.2,6,8.0,7,3.7,7.0,10.0,6,10.0,6,8.3,7,8.4,4,11.2,4,11.3,7,10.3,7,11.3,6,11.7,6,12.7,7,12.0,6
2016-02-24 20:00:00,3.5,4,2.8,6,2.3,5,3.0,6,2.2,7,4.4,6,3.5,6,4.3,6,2.8,7,3.5,7,4.4,7,3.0,6,2.1,7,2.7,7,6.5,6,5.1,6,5.0,6,5.5,6,3.7,7,3.5,6,6.9,6,7.7,6,7.6,7,3.6,7.0,9.7,6,9.1,6,7.5,7,7.9,5,10.6,5,10.9,6,9.6,7,10.8,6,11.1,6,12.3,7,11.5,6
2016-02-24 21:00:00,3.3,4,2.3,5,1.8,5,2.6,6,1.6,7,4.0,6,3.1,6,3.7,6,2.4,7,3.0,7,4.0,6,2.6,6,1.7,7,2.3,7,6.0,6,4.7,6,4.7,6,5.1,6,3.4,7,3.0,6,6.6,6,7.3,6,7.3,7,3.3,6.0,9.5,6,8.4,6,6.8,7,7.6,5,10.0,5,10.5,6,9.1,6,10.3,6,10.6,6,11.9,6,11.1,6
2016-02-24 22:00:00,3.1,4,1.8,5,1.3,5,2.3,6,1.0,7,3.7,5,2.8,6,3.2,6,2.0,6,2.6,6,3.7,6,2.2,6,1.4,7,1.9,7,5.5,6,4.2,5,4.3,6,4.5,6,3.2,6,2.6,6,6.4,6,6.8,6,6.8,7,3.1,6.0,9.2,6,7.7,6,6.2,6,7.4,5,9.4,5,10.0,6,8.6,6,9.9,6,10.2,6,11.5,6,10.8,6
2016-02-24 23:00:00,2.8,4,1.3,4,0.8,6,2.1,6,0.5,7,3.5,4,2.6,6,2.7,6,1.6,6,2.1,6,3.3,6,1.9,6,1.2,6,1.6,7,5.0,6,3.7,5,3.9,6,4.0,5,2.9,6,2.3,6,6.1,6,6.2,6,6.4,6,2.8,6.0,9.0,6,7.1,6,5.7,6,7.2,5,8.9,5,9.5,6,8.3,6,9.5,6,9.9,6,11.1,6,10.4,6
2016-02-25 00:00:00,2.5,4,0.8,4,0.3,6,2.0,6,-0.1,7,3.4,4,2.4,5,2.2,6,1.2,6,1.6,6,2.9,6,1.6,6,1.1,6,1.4,6,4.4,6,3.3,6,3.5,6,3.5,5,2.6,6,2.0,6,5.7,6,5.6,6,5.9,6,2.4,6.0,8.6,6,6.5,6,5.2,6,7.0,5,8.4,5,9.0,5,7.8,6,9.0,6,9.4,5,10.7,6,10.0,5
2016-02-25 01:00:00,2.2,4,0.4,4,-0.2,6,1.8,6,-0.7,7,3.4,4,2.3,5,1.8,5,0.7,5,1.1,5,2.3,6,1.2,6,0.9,6,1.2,6,3.8,7,2.8,6,2.9,6,3.0,5,2.3,6,1.8,6,5.2,6,4.9,6,5.5,6,2.0,6.0,8.2,6,5.9,5,4.7,6,6.7,5,7.9,5,8.5,5,7.4,6,8.6,6,8.9,5,10.2,6,9.5,5
2016-02-25 02:00:00,1.9,4,0.0,4,-0.6,6,1.6,5,-1.2,7,3.3,4,2.2,5,1.5,5,0.2,5,0.6,5,1.8,5,0.8,6,0.8,6,1.2,6,3.2,6,2.3,5,2.3,6,2.5,5,1.9,6,1.6,6,4.7,6,4.2,6,5.1,6,1.5,6.0,7.8,6,5.4,5,4.1,6,6.5,5,7.5,5,8.0,5,6.9,6,8.1,5,8.3,5,9.7,5,9.0,5
2016-02-25 03:00:00,1.6,2,-0.3,2,-0.3,2,2.1,2,-0.3,2,4.4,2,3.4,2,2.6,5,0.9,5,1.1,5,2.4,5,1.9,7,1.5,6,1.9,7,5.2,7,4.3,7,4.2,6,4.3,7,3.5,7,2.6,7,5.8,7,6.5,7,6.5,7,2.5,7.0,8.6,6,7.1,7,4.7,4,6.7,6,8.0,7,9.2,5,8.8,6,9.0,6,8.4,6,9.7,6,10.1,6
2016-02-25 04:00:00,1.3,3,-0.6,2,-0.6,2,1.7,2,-0.8,2,4.2,2,3.2,2,2.3,4,0.5,5,0.8,5,2.0,5,1.5,6,1.2,6,1.7,7,4.9,7,4.0,7,4.0,7,4.2,7,3.3,7,2.6,7,5.8,7,5.9,7,6.2,7,2.3,7.0,8.7,6,6.9,7,4.5,4,6.8,7,7.8,7,9.0,5,8.3,6,8.8,6,8.3,6,9.5,6,10.1,6
2016-02-25 05:00:00,1.1,3,-0.8,3,-0.8,2,1.3,2,-1.2,2,4.0,2,3.1,2,2.3,3,0.2,5,0.7,5,1.7,5,1.2,5,0.9,5,1.5,7,4.8,7,3.7,7,3.9,7,4.1,7,3.2,7,2.6,7,5.7,7,5.4,7,5.9,7,2.3,7.0,8.7,6,6.9,7,4.4,5,6.9,7,7.6,7,8.9,5,7.9,7,8.9,6,8.4,6,9.4,6,10.1,6
2016-02-25 06:00:00,1.1,3,-0.7,3,-0.7,2,1.3,2,-1.1,2,4.0,2,3.1,2,2.4,2,0.3,4,0.8,4,1.7,4,1.1,4,0.8,4,1.5,7,4.8,6,3.6,6,3.8,7,4.1,7,3.2,7,2.7,7,5.6,7,5.2,7,5.6,7,2.2,7.0,8.8,6,7.0,7,4.6,5,7.1,7,7.6,7,9.1,6,8.0,7,9.2,6,8.7,6,9.5,6,10.3,6
2016-02-25 07:00:00,1.4,2,-0.2,2,-0.1,2,1.9,2,-0.2,2,4.3,2,3.4,2,2.8,1,0.8,4,1.1,4,2.0,4,1.5,3,1.0,4,1.7,6,5.0,5,3.7,6,3.7,6,4.1,7,3.2,7,2.7,7,5.3,7,5.5,7,5.4,7,2.1,7.0,8.8,6,7.5,7,5.1,6,7.3,7,8.0,7,9.7,5,8.9,6,9.9,6,9.4,7,9.9,6,10.7,6
2016-02-25 08:00:00,2.0,2,0.7,2,1.0,2,2.9,2,1.3,2,4.8,2,3.8,2,3.4,1,1.6,3,1.7,3,2.6,3,2.2,3,1.5,3,2.1,6,5.2,4,4.0,5,3.7,6,4.2,7,3.3,7,2.8,7,5.0,7,6.1,7,5.4,7,2.1,7.0,8.8,6,8.4,7,6.0,6,7.7,7,8.6,7,10.7,5,10.4,6,10.9,6,10.3,7,10.5,6,11.4,7
2016-02-25 09:00:00,2.7,2,1.9,2,2.2,2,4.0,2,2.8,2,5.4,2,4.4,2,4.3,2,2.7,3,2.6,3,3.5,3,3.1,3,2.2,3,2.8,6,5.7,3,4.4,5,3.9,6,4.4,7,3.6,7,3.1,7,5.0,7,6.8,7,5.8,7,2.6,7.0,8.9,6,9.5,6,7.3,6,8.3,7,9.6,6,11.8,5,11.9,5,11.9,6,11.3,7,11.2,6,12.3,7
2016-02-25 10:00:00,3.3,2,3.2,2,3.5,2,4.9,2,4.1,2,6.1,2,5.0,3,5.5,2,3.8,2,3.9,2,4.7,3,4.1,4,3.0,3,3.7,5,6.3,2,4.9,4,4.3,6,4.9,7,4.0,7,3.6,7,5.4,7,7.5,6,6.6,7,3.8,7.0,9.1,6,10.9,6,8.9,6,9.2,7,10.7,6,13.0,5,13.2,5,12.9,6,12.3,7,11.9,6,13.5,6
2016-02-25 11:00:00,3.9,2,4.5,3,4.6,3,5.6,2,5.0,2,6.7,2,5.6,4,6.6,2,4.8,2,5.1,2,5.8,2,5.1,4,3.8,3,4.6,5,6.9,2,5.4,4,5.0,6,5.5,7,4.6,7,4.2,7,6.0,7,8.2,6,7.6,7,5.3,7.0,9.4,6,12.2,6,10.5,7,10.1,7,11.8,6,14.1,5,14.3,5,13.7,6,13.1,7,12.6,5,14.7,6
2016-02-25 12:00:00,4.3,2,5.4,3,5.4,3,6.1,3,5.6,2,7.2,2,6.0,4,7.5,2,5.4,2,6.0,2,6.5,2,5.8,4,4.4,3,5.3,5,7.5,2,5.9,4,5.6,6,6.1,7,5.1,7,4.8,7,6.6,7,8.8,6,8.5,7,6.7,7.0,9.8,7,13.4,6,11.8,6,10.9,7,12.5,5,15.1,6,15.1,5,14.5,6,13.9,6,13.1,5,15.6,6
2016-02-25 13:00:00,4.5,2,5.7,3,5.8,3,6.3,2,5.7,2,7.4,2,6.1,4,7.8,2,5.5,2,6.2,2,6.6,2,6.1,4,4.8,3,5.7,5,7.8,2,6.4,4,6.2,6,6.7,7,5.6,7,5.3,7,7.0,7,9.4,6,9.1,7,7.5,7.0,10.2,7,14.2,5,12.6,6,11.3,7,12.7,6,15.9,5,15.7,5,15.1,6,14.5,6,13.4,6,16.0,5
2016-02-25 14:00:00,4.6,2,5.5,2,5.8,3,6.3,2,5.5,3,7.2,2,6.0,4,7.6,3,5.2,2,5.8,2,6.2,2,5.9,4,4.9,3,5.7,5,7.9,2,6.7,4,6.5,6,7.0,7,5.9,7,5.5,7,7.1,7,9.7,7,9.3,7,7.6,7.0,10.4,7,14.4,5,12.8,6,11.2,7,12.5,6,16.3,5,15.9,5,15.4,5,14.8,6,13.6,6,15.8,4
2016-02-25 15:00:00,4.1,2,4.6,2,5.2,5,5.4,3,5.5,3,6.6,2,5.2,3,7.0,2,4.5,2,5.2,2,5.6,2,6.2,2,4.8,3,5.7,2,7.7,2,6.2,2,6.2,3,7.0,3,6.5,6,5.3,7,6.9,6,8.5,7,9.3,7,7.0,7.0,10.6,6,13.1,7,10.4,7,10.2,7,11.9,5,14.1,7,14.0,7,14.1,7,13.7,7,13.1,6,14.6,6
2016-02-25 16:00:00,3.8,2,4.0,2,4.4,4,4.8,3,4.9,2,5.9,2,4.6,3,6.3,2,4.1,2,4.8,2,5.2,2,5.4,2,4.1,3,4.9,2,7.2,2,5.8,2,5.7,3,6.3,3,5.9,6,4.7,6,6.4,6,7.9,7,8.9,7,5.9,7.0,9.9,6,12.3,7,9.9,6,9.2,6,11.4,5,13.6,6,13.2,7,13.5,6,13.3,6,12.9,6,13.8,5
2016-02-25 17:00:00,3.5,2,3.5,2,3.4,3,4.1,2,4.1,2,5.1,2,3.9,3,5.5,2,3.7,2,4.4,2,4.9,2,4.4,2,3.2,2,4.0,2,6.4,2,5.3,2,4.9,2,5.2,3,5.0,6,4.0,6,5.7,6,6.9,7,8.1,7,4.6,7.0,8.9,6,11.1,6,9.0,6,8.0,6,10.7,5,12.8,6,12.0,6,12.5,5,12.5,6,12.5,6,12.9,4
2016-02-25 18:00:00,3.2,2,2.9,2,2.5,2,3.3,2,3.1,2,4.2,2,3.2,3,4.6,2,3.3,2,4.0,2,4.7,2,3.4,2,2.4,2,3.1,2,5.5,2,4.6,2,4.1,2,4.2,3,4.2,5,3.3,6,5.0,6,6.0,7,7.4,7,3.5,7.0,8.0,5,9.9,6,8.0,5,7.0,5,10.1,6,11.9,6,10.7,6,11.4,5,11.5,5,12.0,6,12.1,4
2016-02-25 19:00:00,3.1,2,2.4,2,1.9,2,2.5,2,2.0,2,3.4,2,2.6,3,3.7,2,2.9,1,3.6,2,4.4,2,2.4,2,1.7,2,2.5,2,4.7,2,3.9,2,3.5,1,3.5,3,3.6,4,2.9,6,4.4,6,5.3,7,6.8,7,2.8,7.0,7.4,4,8.9,6,7.0,5,6.4,5,9.5,6,11.1,5,9.7,6,10.5,5,10.6,5,11.3,6,11.5,4
2016-02-25 20:00:00,3.0,2,1.9,2,1.5,2,1.7,2,1.0,2,2.7,3,2.1,3,2.8,2,2.4,1,3.0,1,4.1,1,1.5,2,1.2,1,2.2,2,4.0,2,3.2,2,3.0,1,3.0,3,3.2,3,2.6,6,4.0,6,4.9,7,6.4,7,2.4,7.0,6.9,4,8.1,6,6.2,5,6.1,5,8.9,6,10.4,5,8.9,6,9.8,5,9.7,3,10.6,6,11.1,4
2016-02-25 21:00:00,2.8,2,1.5,2,1.0,2,1.4,2,0.2,2,2.7,3,2.0,3,2.5,2,1.8,1,2.4,2,3.7,2,0.9,2,0.7,2,1.7,2,3.7,2,2.9,2,2.7,2,2.5,3,2.7,3,2.3,6,3.6,6,4.5,7,6.0,7,2.0,6.0,6.6,4,7.4,5,5.4,5,5.8,5,8.4,6,9.8,5,8.4,6,9.2,5,9.0,3,10.1,6,10.6,4
2016-02-25 22:00:00,2.5,3,1.1,2,0.5,2,1.3,3,-0.4,2,2.8,4,1.9,3,2.2,2,1.3,2,1.8,2,3.3,2,0.5,2,0.4,2,1.3,2,3.4,2,2.6,3,2.4,2,2.2,3,2.3,2,1.9,6,3.3,6,4.2,7,5.6,7,1.7,6.0,6.4,4,6.8,5,4.7,4,5.5,5,7.9,6,9.3,4,8.1,6,8.8,5,8.4,3,9.6,5,10.1,4
2016-02-25 23:00:00,2.3,3,0.8,3,0.1,3,1.2,3,-0.7,3,2.9,4,1.9,4,1.9,3,0.8,2,1.3,3,2.8,3,0.2,3,0.2,3,1.0,3,3.2,3,2.3,3,2.1,3,2.0,3,2.0,3,1.6,6,3.1,6,4.0,6,5.4,7,1.4,6.0,6.3,4,6.3,5,4.1,3,5.4,5,7.4,5,8.8,4,8.0,5,8.5,5,8.0,2,9.3,5,9.7,4
2016-02-26 00:00:00,2.2,3,0.5,3,-0.3,3,1.2,3,-0.9,3,3.2,4,2.0,4,1.8,3,0.5,3,1.0,3,2.4,3,0.1,3,0.2,3,0.8,3,3.1,3,2.1,4,1.9,3,1.9,4,1.7,3,1.4,6,3.1,6,3.9,6,5.1,6,1.1,6.0,6.2,5,5.8,5,3.6,2,5.3,5,7.1,5,8.3,4,7.8,5,8.1,5,7.6,3,8.9,5,9.3,4
2016-02-26 01:00:00,2.0,4,0.3,4,-0.5,4,1.3,4,-1.0,4,3.5,5,2.1,4,1.8,4,0.3,3,0.8,4,2.1,4,0.1,4,0.2,4,0.7,4,3.0,4,2.0,4,1.7,4,1.9,4,1.4,4,1.2,6,3.1,6,3.7,6,5.0,6,0.7,6.0,6.2,5,5.5,5,3.1,3,5.2,5,6.8,5,7.9,4,7.5,5,7.8,5,7.2,3,8.6,5,8.9,4
2016-02-26 02:00:00,1.9,5,0.2,4,-0.7,5,1.4,4,-1.2,4,3.9,5,2.4,5,1.8,4,0.2,4,0.7,4,1.8,4,0.1,5,0.2,4,0.6,5,3.1,5,2.0,5,1.6,4,2.0,5,1.2,5,1.0,6,3.2,6,3.5,6,4.8,6,0.5,6.0,6.2,5,5.2,5,2.8,4,5.1,5,6.6,5,7.5,4,7.1,5,7.4,5,6.8,3,8.2,5,8.4,5
2016-02-26 03:00:00,1.4,4,-0.7,3,-1.0,4,-0.4,4,-1.9,3,2.4,5,1.2,4,0.3,5,-0.4,4,-0.3,4,1.6,5,-1.2,2,-1.3,2,-0.2,2,2.4,5,0.8,5,-0.2,2,-0.1,3,-0.1,2,0.6,4,0.9,4,1.4,4,3.1,4,0.8,5.0,4.2,6,5.0,1,3.3,2,3.2,5,3.9,4,6.5,2,6.5,2,6.0,2,5.9,2,7.7,3,7.2,4
2016-02-26 04:00:00,1.2,4,-0.8,4,-1.1,5,-0.6,4,-2.3,3,2.4,5,1.3,4,0.2,5,-0.6,5,-0.6,5,1.3,5,-1.6,3,-1.9,2,-0.6,2,2.3,5,0.6,5,-0.5,3,-0.4,3,-0.5,2,0.2,5,0.6,5,0.8,4,2.7,4,0.7,5.0,4.0,6,4.3,1,2.7,3,3.0,6,3.5,4,6.0,2,5.5,1,5.5,2,5.3,2,7.2,3,6.6,5
2016-02-26 05:00:00,1.0,5,-0.8,5,-1.2,5,-0.7,4,-2.6,4,2.4,6,1.4,4,0.3,5,-0.6,5,-0.7,6,1.2,6,-1.9,4,-2.5,2,-1.1,2,2.3,5,0.4,5,-0.7,4,-0.7,3,-0.8,2,-0.2,5,0.4,5,0.2,4,2.2,5,0.5,5.0,3.7,6,3.7,1,2.1,4,2.9,6,3.2,5,5.6,3,4.6,1,5.3,2,4.8,3,6.9,2,6.1,5
2016-02-26 06:00:00,1.0,5,-0.6,6,-0.9,5,-0.6,4,-2.4,4,2.5,6,1.6,4,0.5,5,-0.4,6,-0.6,6,1.2,6,-1.8,5,-2.7,3,-1.2,2,2.3,5,0.5,4,-0.7,5,-0.7,3,-0.9,2,-0.5,5,0.4,6,-0.1,4,1.9,5,0.2,5.0,3.8,6,3.5,2,1.8,4,3.2,6,3.2,5,5.5,3,4.2,2,5.5,2,4.7,3,7.0,3,6.1,5
2016-02-26 07:00:00,1.2,5,-0.2,6,-0.3,6,0.0,4,-1.5,5,2.8,6,1.8,5,0.9,5,0.2,6,0.0,6,1.5,6,-1.0,5,-2.2,3,-0.9,2,2.5,6,0.9,4,-0.4,5,-0.3,3,-0.5,3,-0.5,5,0.6,5,0.1,5,1.7,5,-0.1,5.0,4.3,6,3.9,3,2.1,5,4.0,6,3.7,5,5.8,3,4.8,3,6.0,3,5.3,4,7.5,3,6.7,5
2016-02-26 08:00:00,1.5,5,0.4,6,0.6,6,0.9,4,-0.2,5,3.2,7,2.1,5,1.5,6,1.0,6,0.9,6,2.1,6,0.3,4,-1.1,3,-0.1,2,3.0,6,1.6,4,0.2,5,0.6,4,0.2,3,-0.1,5,1.1,5,0.8,5,1.9,6,-0.2,5.0,5.2,6,4.7,4,2.9,4,5.1,7,4.6,5,6.5,4,6.1,4,6.7,4,6.4,5,8.4,4,7.8,5
2016-02-26 09:00:00,2.0,5,1.2,6,1.7,6,2.0,4,1.3,5,3.8,7,2.7,5,2.5,6,1.9,6,2.0,5,3.0,6,1.7,4,0.4,3,0.9,3,3.7,7,2.4,4,1.1,4,1.6,4,1.2,3,0.6,4,1.7,4,1.8,5,2.4,6,0.4,5.0,6.2,6,5.9,5,4.2,4,6.5,7,5.8,5,7.5,4,7.6,5,7.7,4,7.9,5,9.5,5,9.1,5
2016-02-26 10:00:00,2.5,5,2.2,6,2.9,6,3.1,4,2.7,4,4.6,6,3.5,5,3.9,6,2.8,5,3.1,5,4.0,5,3.0,4,1.9,3,2.1,3,4.8,7,3.3,5,2.2,4,2.7,4,2.4,4,1.6,5,2.5,4,3.0,5,3.3,5,1.9,5.0,7.2,6,7.2,6,5.8,4,8.0,7,7.1,5,8.7,4,8.9,5,8.8,5,9.6,5,10.5,5,10.4,5
2016-02-26 11:00:00,3.1,5,3.2,6,3.9,6,4.1,4,3.9,4,5.3,5,4.4,5,5.4,6,3.6,5,4.1,5,5.0,5,4.2,4,3.3,4,3.3,4,5.9,7,4.3,5,3.2,4,3.8,4,3.5,4,2.7,5,3.3,5,4.2,5,4.4,5,3.7,5.0,8.1,6,8.5,6,7.5,4,9.3,7,8.4,5,9.8,5,10.1,5,9.9,5,11.3,5,11.4,5,11.6,5
2016-02-26 12:00:00,3.5,5,4.0,6,4.6,6,4.8,5,4.7,3,5.9,5,5.1,5,6.6,6,4.2,5,4.8,5,5.6,5,5.0,5,4.3,4,4.2,4,6.9,7,5.1,6,4.2,4,4.7,4,4.4,4,3.6,6,4.1,5,5.2,5,5.4,5,5.2,5.0,8.9,6,9.5,6,8.9,4,10.4,7,9.4,5,10.9,5,11.0,5,10.8,5,12.8,5,12.1,5,12.4,5
2016-02-26 13:00:00,3.7,5,4.5,6,4.8,6,5.2,5,5.1,4,6.1,5,5.5,5,7.1,6,4.5,5,5.1,5,5.7,5,5.4,6,4.7,5,4.7,5,7.4,7,5.7,6,4.9,4,5.4,4,4.9,4,4.2,6,4.8,5,5.8,5,6.1,5,5.8,5.0,9.6,6,10.1,6,9.8,4,11.0,7,10.0,5,11.7,4,11.7,6,11.4,6,13.8,4,12.4,4,12.8,6
2016-02-26 14:00:00,3.9,5,4.5,5,4.7,5,5.4,5,5.1,4,6.0,6,5.5,6,7.1,6,4.5,6,5.0,5,5.5,6,5.5,6,4.5,5,4.9,6,7.6,7,6.0,6,5.2,5,5.7,5,4.9,5,4.5,6,5.2,5,6.0,5,6.3,5,5.6,6.0,10.2,6,10.3,6,10.2,3,11.1,7,10.1,6,12.1,3,12.0,6,11.7,6,14.2,3,12.5,4,12.7,6
2016-02-26 15:00:00,4.3,5,4.7,6,4.8,5,5.2,6,4.9,5,5.7,6,4.0,7,5.8,7,4.5,7,5.3,7,5.5,7,5.3,6,4.2,4,4.8,6,7.2,7,6.0,6,5.6,5,6.0,4,4.8,6,4.6,6,5.8,3,6.6,6,6.2,4,4.7,5.0,10.8,5,10.0,4,9.7,6,11.0,6,10.3,3,12.1,2,11.6,2,11.6,2,14.0,2,12.8,4,12.3,6
2016-02-26 16:00:00,4.2,5,4.2,6,4.0,5,4.8,7,4.1,5,5.4,6,3.7,7,5.4,7,4.0,6,4.6,6,5.1,6,4.4,6,3.3,4,4.2,6,6.9,7,5.5,6,5.1,4,5.2,3,4.1,5,4.1,6,5.6,3,6.0,5,5.7,3,3.6,5.0,10.4,6,9.2,3,8.7,4,9.8,6,9.9,4,11.3,2,10.6,2,10.8,2,13.0,2,12.5,4,11.5,6
2016-02-26 17:00:00,4.1,5,3.5,6,3.1,5,4.2,7,3.1,5,5.0,6,3.5,7,4.8,6,3.5,5,3.9,6,4.7,6,3.4,6,2.3,4,3.4,6,6.5,7,4.8,6,4.3,3,4.0,3,3.2,5,3.3,6,5.1,3,5.2,3,5.1,3,2.4,5.0,9.6,6,8.0,3,7.2,3,8.4,6,9.4,5,10.0,2,9.2,2,9.7,2,11.5,2,12.0,4,10.5,5
2016-02-26 18:00:00,3.9,5,3.0,5,2.4,5,3.6,6,2.1,5,4.6,6,3.3,6,4.3,6,3.1,5,3.4,5,4.4,5,2.4,5,1.4,4,2.7,5,5.9,6,4.1,6,3.6,3,2.8,2,2.3,4,2.5,6,4.6,3,4.2,2,4.5,3,1.4,5.0,8.8,7,6.8,2,5.8,2,7.0,6,8.8,5,8.9,3,7.8,2,8.6,2,10.0,2,11.4,4,9.7,5
2016-02-26 19:00:00,3.7,5,2.7,5,1.9,5,3.1,6,1.3,4,4.2,6,3.2,6,3.8,6,2.7,5,3.1,5,4.2,5,1.6,5,0.9,4,2.2,5,5.4,6,3.5,6,3.0,3,1.9,2,1.7,5,2.0,5,4.1,3,3.3,2,4.1,2,0.8,4.0,8.0,7,5.7,2,4.7,1,6.1,6,8.2,5,8.1,4,6.8,3,7.7,2,8.7,2,10.7,3,9.3,5
2016-02-26 20:00:00,3.4,5,2.4,5,1.6,5,2.8,5,0.6,5,4.0,6,3.2,6,3.4,6,2.4,5,2.9,5,4.0,5,0.9,4,0.6,4,1.8,5,4.9,6,3.1,6,2.5,3,1.3,2,1.2,5,1.7,5,3.7,4,2.6,3,3.7,2,0.5,4.0,7.4,6,4.9,3,3.7,1,5.6,7,7.7,5,7.7,5,6.0,4,7.0,3,7.5,3,10.0,3,9.1,5
2016-02-26 21:00:00,3.0,5,2.0,5,1.2,5,2.5,5,0.0,5,3.8,6,3.0,6,3.1,6,2.0,4,2.4,5,3.7,5,0.5,4,0.3,4,1.4,5,4.6,6,2.7,6,2.2,3,0.8,2,0.8,5,1.2,5,3.3,4,2.4,3,3.5,2,0.1,4.0,6.8,6,4.7,4,2.9,2,5.3,7,7.2,5,7.3,5,5.6,5,6.9,3,6.6,3,9.4,3,9.1,6
2016-02-26 22:00:00,2.7,5,1.7,5,0.7,5,2.2,5,-0.4,5,3.7,6,2.9,6,2.9,6,1.5,4,1.9,4,3.3,4,0.3,4,0.1,4,1.0,5,4.3,6,2.4,6,1.9,3,0.5,3,0.5,5,0.8,5,3.0,4,2.3,4,3.4,3,-0.1,4.0,6.3,6,4.5,4,2.4,2,5.2,7,6.7,6,7.1,6,5.4,5,6.9,4,6.1,3,9.0,3,9.1,6
2016-02-26 23:00:00,2.4,5,1.3,5,0.4,5,2.1,6,-0.8,5,3.6,6,2.8,6,2.6,6,1.2,4,1.6,4,2.9,4,0.3,4,0.0,4,0.7,5,4.0,6,2.1,6,1.6,4,0.5,3,0.3,5,0.3,5,2.8,5,2.1,4,3.2,3,-0.3,4.0,5.9,6,4.5,4,2.1,3,5.0,6,6.3,6,7.0,6,5.4,6,7.0,4,5.9,4,8.6,4,9.1,6
2016-02-27 00:00:00,2.2,5,1.0,5,0.1,5,1.9,6,-0.9,5,3.6,6,2.7,6,2.4,6,0.9,4,1.2,3,2.5,4,0.3,4,0.0,4,0.5,5,3.7,6,2.0,6,1.4,4,0.5,4,0.3,5,0.0,5,2.6,5,2.1,4,3.2,3,-0.3,4.0,5.6,6,4.5,5,2.2,4,4.8,6,5.9,6,7.0,6,5.6,6,7.2,4,6.2,4,8.4,4,9.0,6
2016-02-27 01:00:00,2.0,5,0.9,5,-0.1,6,1.8,6,-1.0,4,3.5,6,2.7,6,2.2,6,0.6,4,1.0,3,2.2,4,0.4,4,0.2,4,0.4,6,3.4,6,1.9,6,1.3,5,0.8,4,0.4,5,-0.1,5,2.5,5,2.1,5,3.2,4,-0.2,5.0,5.5,6,4.7,5,2.5,4,4.4,6,5.6,6,7.2,5,5.8,6,7.5,5,6.8,4,8.3,4,8.9,5
2016-02-27 02:00:00,1.9,5,0.7,5,-0.2,6,1.7,6,-1.0,4,3.5,6,2.6,6,1.9,6,0.5,4,0.9,3,2.0,4,0.6,5,0.4,4,0.4,6,3.1,6,1.8,6,1.3,5,1.1,5,0.5,5,-0.1,5,2.5,5,2.2,5,3.2,4,-0.1,5.0,5.4,6,4.9,5,3.0,5,4.0,6,5.4,5,7.4,5,6.1,5,7.8,5,7.5,5,8.3,5,8.7,5
2016-02-27 03:00:00,0.7,2,-0.8,2,-1.1,3,1.1,5,-1.7,2,2.9,5,2.3,4,1.2,6,-1.2,3,-0.8,3,0.5,3,-0.1,3,-0.6,2,-0.2,4,2.6,6,0.7,6,0.3,4,0.9,5,-0.4,4,-0.7,5,3.0,5,2.3,6,2.2,5,-0.5,4.0,5.2,7,5.7,7,2.2,6,4.6,7,6.9,6,8.2,7,7.1,7,8.1,7,6.1,7,8.3,7,9.7,7
2016-02-27 04:00:00,0.3,3,-1.0,3,-1.4,3,0.8,6,-2.1,2,2.9,5,2.3,4,0.9,6,-1.4,3,-1.0,3,0.2,3,-0.6,3,-1.0,2,-0.6,3,2.4,6,0.6,5,0.3,4,0.5,5,-0.6,4,-1.2,4,3.1,5,1.9,6,2.1,5,-0.5,5.0,5.1,7,5.9,7,2.9,7,4.6,7,6.9,7,8.5,7,7.0,7,8.3,7,6.6,7,8.4,7,10.1,7
2016-02-27 05:00:00,0.1,4,-1.1,5,-1.6,4,0.4,6,-2.3,2,2.9,6,2.3,4,0.7,6,-1.4,4,-1.2,4,0.1,4,-1.0,3,-1.6,3,-0.9,3,2.1,6,0.6,5,0.2,5,0.0,5,-0.7,5,-1.7,3,3.3,6,1.4,7,2.0,6,-0.4,5.0,5.1,7,6.0,7,3.7,7,4.5,7,6.8,7,8.8,7,6.9,7,8.6,7,7.2,7,8.6,7,10.5,7
2016-02-27 06:00:00,0.1,4,-1.0,6,-1.4,4,0.4,6,-2.1,2,2.9,6,2.3,4,0.6,5,-1.2,4,-1.1,4,0.1,4,-1.0,3,-1.8,3,-1.0,2,2.0,6,0.6,5,0.3,6,-0.1,6,-0.5,5,-1.8,3,3.3,6,1.2,7,2.1,6,-0.1,6.0,5.0,7,6.1,7,4.4,7,4.4,7,6.5,7,9.0,7,7.0,7,9.0,7,7.8,7,8.8,7,10.6,7
2016-02-27 07:00:00,0.6,4,-0.6,5,-0.7,4,0.9,5,-1.2,2,2.9,5,2.3,4,0.8,5,-0.6,4,-0.7,4,0.4,4,-0.4,3,-1.4,3,-0.6,2,2.0,6,0.6,5,0.6,6,0.4,6,0.1,5,-1.3,3,3.2,6,1.5,7,2.4,6,0.3,6.0,4.9,7,6.2,7,4.6,7,4.1,7,6.1,7,8.9,7,7.4,7,9.4,7,8.3,7,9.0,7,10.3,7
2016-02-27 08:00:00,1.4,4,0.1,4,0.3,3,1.7,5,0.1,2,3.0,5,2.5,5,1.3,4,0.2,3,0.1,3,1.1,3,0.7,3,-0.5,2,0.2,2,2.1,6,0.9,6,1.1,5,1.5,5,1.1,5,-0.3,4,3.1,6,2.2,6,3.0,6,1.0,7.0,4.7,7,6.5,7,4.7,7,3.9,7,5.7,7,8.7,7,8.0,7,9.9,7,8.7,7,9.3,7,10.0,7
2016-02-27 09:00:00,2.3,3,1.1,3,1.6,2,2.6,4,1.7,2,3.4,4,2.9,5,2.1,3,1.3,3,1.2,3,2.1,3,2.2,3,0.8,2,1.4,3,2.5,6,1.4,6,1.9,4,2.8,5,2.3,5,1.0,4,3.2,6,3.2,6,3.9,6,2.3,7.0,4.8,7,7.0,7,4.9,7,3.9,7,5.7,7,8.7,7,8.6,7,10.3,7,8.9,7,9.7,7,10.0,7
2016-02-27 10:00:00,3.1,3,2.2,3,3.0,2,3.4,4,3.2,3,4.1,4,3.6,4,3.3,3,2.5,4,2.6,4,3.3,3,3.8,2,2.3,3,2.8,3,3.2,5,2.3,5,3.0,4,4.2,4,3.7,4,2.3,4,3.7,6,4.5,6,5.1,6,4.2,6.0,5.1,6,7.9,7,5.6,7,4.4,7,6.1,7,9.1,7,9.0,7,10.7,7,9.0,7,10.2,7,10.6,7
2016-02-27 11:00:00,3.7,2,3.3,3,4.2,2,4.1,4,4.6,3,5.0,4,4.4,3,4.5,4,3.7,4,4.1,4,4.6,4,5.3,2,3.7,3,4.1,3,4.0,5,3.5,4,4.3,4,5.6,3,5.0,4,3.6,4,4.6,6,5.8,6,6.4,7,6.2,6.0,5.7,6,9.0,7,6.6,7,5.2,7,6.9,6,9.8,7,9.3,7,11.0,7,9.1,7,10.7,7,11.5,6
2016-02-27 12:00:00,4.2,2,4.2,3,5.1,2,4.7,5,5.6,3,5.7,3,5.1,3,5.5,4,4.5,5,5.2,5,5.5,5,6.5,2,4.9,3,5.3,3,4.8,4,4.5,3,5.3,4,6.6,2,6.1,3,4.6,4,5.5,6,6.9,6,7.5,7,7.8,6.0,6.4,6,10.0,7,7.5,7,6.1,7,7.7,6,10.7,7,9.6,7,11.2,7,9.3,7,11.1,7,12.4,6
2016-02-27 13:00:00,4.4,2,4.7,4,5.4,2,5.2,5,6.2,3,6.1,3,5.5,3,6.0,4,4.9,5,5.7,5,5.9,5,7.3,3,5.6,3,6.1,4,5.4,5,5.2,3,6.0,5,7.2,3,6.8,3,5.3,4,6.4,6,7.7,6,8.1,7,8.5,6.0,7.2,6,10.6,7,8.1,7,6.8,7,8.3,6,11.5,7,10.0,7,11.3,7,9.8,7,11.2,7,12.9,6
2016-02-27 14:00:00,4.5,3,4.8,4,5.3,2,5.5,5,6.3,3,6.1,3,5.7,3,6.1,3,4.9,5,5.7,5,6.0,5,7.5,4,5.9,4,6.4,4,5.7,5,5.6,3,6.2,6,7.3,5,7.1,3,5.6,5,7.0,6,8.0,6,8.4,6,8.3,6.0,8.0,6,10.9,7,8.2,7,7.1,7,8.6,5,12.0,7,10.3,7,11.3,7,10.4,7,11.1,7,13.0,7
2016-02-27 15:00:00,4.9,2,5.3,3,5.1,2,6.2,4,6.8,6,6.6,3,6.0,3,6.7,3,5.9,5,6.8,5,7.2,5,8.8,7,6.6,4,6.7,5,7.9,5,7.1,6,8.0,6,9.4,6,8.5,5,6.0,5,8.8,6,10.0,6,10.2,6,7.0,6.0,10.0,7,11.5,7,8.4,7,7.3,7,9.8,7,12.6,7,11.6,7,12.3,7,10.9,7,11.2,7,13.7,7
2016-02-27 16:00:00,4.8,2,5.0,3,4.7,2,6.0,4,6.3,6,6.4,3,5.8,2,6.5,3,5.9,5,6.7,5,7.2,5,8.1,6,6.2,4,6.2,5,7.7,5,7.0,6,7.6,6,8.7,7,8.0,6,5.7,6,8.3,6,9.2,6,9.7,6,5.8,6.0,9.7,7,10.6,7,7.9,7,6.7,7,9.2,6,11.9,7,10.8,7,11.7,7,10.9,7,11.3,7,12.6,7
2016-02-27 17:00:00,4.7,2,4.7,2,4.3,2,5.7,4,5.6,6,6.1,2,5.5,2,6.1,2,5.8,5,6.5,5,7.1,5,7.1,6,5.6,5,5.4,5,7.2,4,6.6,6,7.0,6,7.6,6,7.3,5,5.3,5,7.4,7,8.2,7,8.9,6,4.5,6.0,9.2,7,9.4,7,7.2,7,5.9,7,8.6,6,10.9,7,9.8,7,11.0,7,10.8,7,11.3,7,11.3,7
2016-02-27 18:00:00,4.6,2,4.3,2,4.0,2,5.2,4,4.8,6,5.8,2,5.3,2,5.7,2,5.5,5,6.1,6,6.9,6,6.0,6,4.9,5,4.6,5,6.6,4,6.2,6,6.3,6,6.5,6,6.4,5,4.9,5,6.6,7,7.2,7,8.2,6,3.6,6.0,8.6,7,8.3,7,6.6,7,5.2,6,8.0,6,10.0,7,8.9,7,10.4,7,10.5,7,11.2,7,10.2,7
2016-02-27 19:00:00,4.4,2,3.9,2,3.7,2,4.6,3,3.8,5,5.5,2,5.2,2,5.2,2,5.0,5,5.5,6,6.6,6,4.9,6,4.1,5,4.0,5,6.0,4,5.7,6,5.7,6,5.7,6,5.6,6,4.5,5,6.1,7,6.4,7,7.7,6,3.2,5.0,8.2,6,7.7,7,6.2,7,4.7,6,7.5,6,9.4,7,8.3,7,10.1,7,10.2,7,10.8,7,9.6,7
2016-02-27 20:00:00,4.1,2,3.5,2,3.3,2,4.0,3,2.9,5,5.3,2,5.1,2,4.7,2,4.3,5,4.7,5,6.2,5,4.0,6,3.3,5,3.6,5,5.4,4,5.3,6,5.2,6,5.2,7,4.9,6,4.1,6,5.7,7,5.9,7,7.3,6,3.1,5.0,7.9,6,7.4,7,5.9,7,4.4,6,7.0,6,9.1,6,7.9,7,9.9,7,9.9,7,10.3,7,9.3,7
2016-02-27 21:00:00,3.7,2,3.1,2,2.8,3,3.7,3,2.2,5,5.2,2,5.0,2,4.2,2,3.7,5,4.1,5,5.6,5,3.3,6,2.8,5,3.3,5,5.1,4,4.8,6,4.8,6,4.7,6,4.3,6,3.6,6,5.4,7,5.7,7,6.9,6,2.9,5.0,7.5,6,6.9,7,5.5,7,4.1,6,6.6,6,8.7,6,7.6,7,9.6,7,9.7,7,9.9,7,8.8,7
2016-02-27 22:00:00,3.4,2,2.7,3,2.3,3,3.4,2,1.6,5,5.1,2,4.9,2,3.9,3,3.1,5,3.5,5,5.0,5,2.9,6,2.5,5,3.0,5,4.7,4,4.4,6,4.4,6,4.3,6,3.8,6,3.1,5,5.0,6,5.7,7,6.6,6,2.8,5.0,7.3,6,6.5,7,5.2,7,3.9,6,6.2,6,8.4,6,7.3,7,9.2,6,9.5,6,9.5,6,8.4,7
2016-02-27 23:00:00,3.1,2,2.3,3,1.8,4,3.2,2,1.1,5,4.9,2,4.7,2,3.7,3,2.5,5,2.9,5,4.4,5,2.6,6,2.2,5,2.7,6,4.4,4,4.0,6,3.9,6,4.0,5,3.4,6,2.7,5,4.7,6,5.7,6,6.3,6,2.7,5.0,7.0,6,6.1,6,4.9,6,3.7,6,5.8,6,8.1,6,7.1,7,8.9,6,9.3,6,9.3,6,8.1,6
2016-02-28 00:00:00,2.9,3,1.9,4,1.3,4,3.1,2,0.7,5,4.8,3,4.5,2,3.5,4,2.0,5,2.5,5,3.8,5,2.4,6,2.0,5,2.4,6,4.1,5,3.6,6,3.5,6,3.7,5,3.0,6,2.3,5,4.5,6,5.5,6,5.9,6,2.5,5.0,6.8,6,5.8,6,4.6,6,3.6,6,5.5,5,7.9,5,6.9,6,8.6,6,9.2,6,9.0,6,7.8,6
2016-02-28 01:00:00,2.8,3,1.5,4,0.9,5,2.9,3,0.4,5,4.7,4,4.4,3,3.3,4,1.5,5,2.0,5,3.3,5,2.2,6,1.9,5,2.2,6,3.8,5,3.3,6,3.1,6,3.3,5,2.7,6,2.0,5,4.2,6,5.1,6,5.6,6,2.4,5.0,6.7,6,5.5,6,4.3,6,3.5,6,5.3,5,7.7,5,6.6,6,8.3,6,9.0,6,8.8,6,7.5,5
2016-02-28 02:00:00,2.8,4,1.2,4,0.5,5,2.7,4,0.1,5,4.5,5,4.2,4,3.0,5,1.1,5,1.6,5,2.8,5,2.0,6,1.9,5,2.1,6,3.5,6,3.0,6,2.7,6,3.0,5,2.3,6,1.7,5,3.9,6,4.3,6,5.2,6,2.2,5.0,6.5,6,5.2,6,4.0,6,3.5,5,5.1,5,7.5,5,6.3,6,8.1,5,8.9,5,8.6,6,7.2,5
2016-02-28 03:00:00,2.1,3,0.8,4,0.1,5,3.0,6,0.0,6,5.0,2,4.4,5,2.9,6,0.5,6,0.9,6,2.0,6,1.5,6,2.0,6,2.1,6,3.7,7,2.5,6,2.4,6,2.7,7,2.5,7,1.8,5,3.6,7,3.7,7,5.1,7,2.0,6.0,6.1,7,4.9,7,3.3,7,4.2,7,5.6,7,7.2,7,6.6,7,7.9,7,7.9,7,8.3,7,7.7,7
2016-02-28 04:00:00,1.9,3,0.6,5,-0.2,5,2.7,6,-0.4,6,5.0,2,4.3,5,2.8,6,0.2,5,0.6,6,1.7,6,1.0,6,1.6,6,1.7,6,3.5,5,2.1,6,2.1,6,2.4,7,2.2,7,1.5,5,3.2,7,3.2,7,4.8,7,1.9,7.0,5.8,7,4.6,6,3.3,6,4.1,7,5.3,7,7.0,6,6.0,6,7.8,6,7.8,7,8.1,7,7.5,7
2016-02-28 05:00:00,1.6,4,0.5,5,-0.3,5,2.4,6,-0.7,6,5.0,2,4.2,4,2.7,6,0.1,5,0.3,5,1.4,5,0.6,6,1.1,5,1.4,5,3.4,4,1.8,6,1.9,6,2.1,7,1.9,7,1.1,6,2.9,7,2.7,7,4.5,7,1.8,7.0,5.5,7,4.5,5,3.5,6,3.9,7,5.1,7,6.8,6,5.6,5,7.8,5,7.7,6,8.0,7,7.4,7
2016-02-28 06:00:00,1.6,4,0.6,6,-0.2,5,2.4,6,-0.6,5,5.0,2,4.2,4,2.8,5,0.1,5,0.3,5,1.4,5,0.5,6,0.8,5,1.3,5,3.4,3,1.7,6,1.7,6,2.0,7,1.8,7,0.9,6,2.7,7,2.4,7,4.1,7,1.7,7.0,5.3,6,4.7,4,3.8,5,3.8,7,4.9,7,7.0,6,5.6,5,8.0,5,7.9,6,8.2,7,7.5,7
2016-02-28 07:00:00,2.0,4,1.0,6,0.2,5,2.9,5,0.1,4,5.0,2,4.3,4,3.1,5,0.4,4,0.5,5,1.6,5,0.8,5,0.9,4,1.6,5,3.6,3,1.9,6,1.7,7,2.1,7,1.9,7,1.0,5,2.6,7,2.5,7,3.8,7,1.7,7.0,5.2,6,5.3,4,4.3,4,3.9,7,4.8,7,7.5,6,6.5,4,8.6,5,8.3,6,8.8,7,7.8,7
2016-02-28 08:00:00,2.6,4,1.6,6,0.9,5,3.6,5,1.3,4,5.1,2,4.4,4,3.6,4,1.0,4,1.0,5,2.0,5,1.5,4,1.3,4,2.2,6,4.0,3,2.3,6,1.8,7,2.4,7,2.2,7,1.5,5,2.6,7,2.8,7,3.7,7,1.9,7.0,5.3,6,6.3,5,5.0,3,4.1,7,4.9,7,8.4,6,7.9,4,9.4,6,8.9,6,9.5,7,8.3,7
2016-02-28 09:00:00,3.4,4,2.4,5,1.9,5,4.5,4,2.6,3,5.4,2,4.8,4,4.5,3,1.9,4,1.8,5,2.8,5,2.4,4,2.1,4,3.1,6,4.6,3,3.0,6,2.1,7,2.9,7,2.7,7,2.2,5,2.8,7,3.4,7,4.0,7,2.5,7.0,5.5,6,7.6,5,6.0,3,4.7,7,5.4,7,9.3,6,9.3,4,10.4,6,9.6,6,10.3,7,9.0,7
2016-02-28 10:00:00,4.2,3,3.4,5,3.1,4,5.3,4,3.9,2,6.0,2,5.3,4,5.6,3,3.0,4,3.0,5,3.8,4,3.5,4,3.1,4,4.1,6,5.5,3,3.8,6,2.6,6,3.6,6,3.4,7,3.2,5,3.3,6,4.1,7,4.6,7,3.6,7.0,5.8,6,9.0,5,7.2,2,5.5,7,6.4,7,10.3,5,10.4,4,11.4,7,10.2,6,10.9,5,10.0,7
2016-02-28 11:00:00,4.8,3,4.4,4,4.2,4,5.9,4,5.0,2,6.7,2,5.9,3,6.8,3,4.2,3,4.3,4,4.9,4,4.6,5,4.3,4,5.1,6,6.5,3,4.6,6,3.3,6,4.3,6,4.2,6,4.2,6,3.9,6,4.9,7,5.5,7,4.8,6.0,6.3,6,10.3,5,8.5,2,6.4,7,7.6,7,11.2,5,11.3,5,12.2,7,10.8,6,11.3,4,11.0,7
2016-02-28 12:00:00,5.3,2,5.2,4,5.1,4,6.4,4,5.8,2,7.2,2,6.3,3,7.6,3,5.0,3,5.3,4,5.8,3,5.6,6,5.2,4,6.0,5,7.3,2,5.3,7,3.9,6,5.0,6,4.9,6,5.0,6,4.6,6,5.7,7,6.2,7,5.7,6.0,6.8,7,11.3,5,9.5,2,7.1,7,8.5,7,12.1,4,12.0,5,12.9,7,11.4,6,11.6,3,11.9,7
2016-02-28 13:00:00,5.5,2,5.7,4,5.5,4,6.8,4,6.2,3,7.5,2,6.5,3,7.9,3,5.3,3,5.9,4,6.3,3,6.2,6,5.8,5,6.7,5,7.7,2,5.8,7,4.3,6,5.5,6,5.4,5,5.5,6,5.1,6,6.3,7,6.6,7,6.0,7.0,7.3,7,11.9,5,10.1,2,7.4,7,8.9,7,12.9,4,12.6,4,13.3,6,11.9,6,11.8,3,12.4,7
2016-02-28 14:00:00,5.4,3,5.8,4,5.4,4,7.0,4,6.1,3,7.4,2,6.5,2,7.7,2,5.3,4,6.0,4,6.3,4,6.5,6,6.0,5,7.0,4,7.8,2,6.0,7,4.6,7,5.7,6,5.5,5,5.7,6,5.4,7,6.7,7,6.7,7,5.8,7.0,7.8,6,11.9,5,10.2,2,7.3,7,8.9,7,13.5,4,12.9,4,13.4,6,12.2,6,11.9,4,12.4,7
2016-02-28 15:00:00,5.1,4,5.3,3,5.1,4,6.6,4,5.5,4,7.1,3,6.6,2,7.4,3,4.6,4,5.1,4,5.6,4,6.1,7,5.9,4,6.6,5,7.5,3,5.4,6,4.7,7,5.8,7,6.3,5,6.1,6,5.7,7,7.1,7,8.0,7,6.4,6.0,8.1,7,11.3,7,8.8,7,7.4,7,8.8,7,12.7,6,11.9,6,12.5,7,12.0,7,11.9,7,12.5,4
2016-02-28 16:00:00,4.9,4,4.9,3,4.7,3,6.3,4,5.1,4,6.9,2,6.4,2,7.0,2,4.4,4,5.0,4,5.5,4,5.5,7,5.6,5,6.2,5,7.2,2,5.3,6,4.6,6,5.4,7,6.1,5,5.9,6,5.3,7,6.6,7,7.7,7,5.5,6.0,7.8,7,10.4,7,8.3,7,6.4,7,8.4,7,11.8,6,11.0,6,11.6,7,11.7,7,11.7,7,11.4,3
2016-02-28 17:00:00,4.6,4,4.5,3,4.2,3,5.8,3,4.6,3,6.6,2,6.1,2,6.4,2,4.2,3,4.9,3,5.4,3,4.8,6,5.1,5,5.6,6,6.8,2,5.0,6,4.5,6,4.8,6,5.7,5,5.6,6,4.6,7,5.8,7,7.3,7,4.4,6.0,7.3,7,9.2,7,7.6,7,5.4,7,7.9,6,10.7,6,9.7,7,10.5,7,11.1,7,11.5,7,10.0,3
2016-02-28 18:00:00,4.4,3,4.0,3,3.7,3,5.3,3,4.0,3,6.3,1,5.8,2,5.9,1,4.0,3,4.7,3,5.4,3,4.0,6,4.5,5,5.0,6,6.3,2,4.6,6,4.2,6,4.2,6,5.2,4,5.2,5,4.0,7,5.0,7,6.8,6,3.6,6.0,6.7,7,8.2,7,6.9,7,4.5,7,7.3,6,9.6,7,8.6,7,9.6,6,10.4,7,11.2,7,8.9,3
2016-02-28 19:00:00,4.3,3,3.7,2,3.4,3,4.8,2,3.4,3,6.0,1,5.7,2,5.4,2,3.8,2,4.3,3,5.3,3,3.4,5,4.0,5,4.6,6,5.7,2,4.2,5,3.9,5,3.8,6,4.6,4,4.9,6,3.6,6,4.5,7,6.4,6,3.1,6.0,6.2,6,7.6,7,6.4,7,4.1,7,6.7,6,9.0,6,7.9,7,9.0,6,9.8,7,10.8,6,8.4,4
2016-02-28 20:00:00,4.1,2,3.4,2,3.2,3,4.3,2,2.8,3,5.7,1,5.6,2,4.9,2,3.4,2,3.9,3,5.1,3,3.1,4,3.5,5,4.3,6,5.1,2,3.7,5,3.6,5,3.6,5,4.1,4,4.6,6,3.2,6,4.1,7,6.1,6,2.9,6.0,5.9,6,7.3,7,6.0,7,4.0,7,6.1,6,8.7,6,7.6,7,8.6,7,9.2,7,10.4,7,8.2,5
2016-02-28 21:00:00,3.9,2,3.1,2,2.9,3,3.9,2,2.3,3,5.4,2,5.3,1,4.5,2,3.0,2,3.3,3,4.7,3,2.8,4,3.2,5,4.1,6,4.6,2,3.3,4,3.2,5,3.4,5,3.6,4,4.2,6,3.0,6,4.0,7,5.8,6,2.8,6.0,5.6,5,6.9,7,5.5,7,3.9,6,5.6,6,8.3,6,7.2,7,8.4,6,8.8,7,10.1,6,8.2,5
2016-02-28 22:00:00,3.6,2,2.8,2,2.5,3,3.7,3,1.8,4,5.2,2,5.1,1,4.0,2,2.5,2,2.8,3,4.1,3,2.5,4,3.0,5,3.9,6,4.2,2,2.9,4,2.8,5,3.2,5,3.2,4,3.7,6,2.7,6,3.9,7,5.6,6,2.7,5.0,5.3,5,6.6,7,5.1,7,3.8,6,5.2,6,8.0,6,7.0,6,8.3,6,8.4,6,9.8,6,8.1,5
2016-02-28 23:00:00,3.4,2,2.4,2,2.0,2,3.5,3,1.3,4,5.0,3,4.8,1,3.7,3,1.9,3,2.3,4,3.5,3,2.3,4,2.9,5,3.8,6,3.8,3,2.6,3,2.4,5,3.0,5,2.9,4,3.3,6,2.5,6,3.9,6,5.4,6,2.6,5.0,5.0,5,6.2,6,4.7,6,3.6,6,4.9,6,7.7,5,6.7,6,8.1,6,8.1,6,9.4,6,7.9,5
2016-02-29 00:00:00,3.3,2,2.1,3,1.5,2,3.3,3,0.8,4,4.7,3,4.5,2,3.3,3,1.4,3,1.9,4,3.0,3,2.0,5,2.9,5,3.6,6,3.5,3,2.3,4,2.1,5,2.7,5,2.6,4,3.0,6,2.3,6,3.7,6,5.2,6,2.5,5.0,4.8,5,5.8,6,4.3,6,3.5,6,4.7,5,7.4,5,6.5,6,7.9,6,7.8,6,9.1,6,7.6,5
2016-02-29 01:00:00,3.2,3,1.9,3,1.2,2,3.0,4,0.4,5,4.4,4,4.1,3,2.9,4,1.0,3,1.5,4,2.6,3,1.7,5,2.8,5,3.4,6,3.2,3,2.2,4,1.8,5,2.3,5,2.3,5,2.8,6,2.2,6,3.4,6,5.0,6,2.3,5.0,4.5,5,5.4,6,3.9,6,3.3,6,4.4,5,7.1,5,6.2,6,7.5,6,7.6,6,8.8,6,7.4,5
2016-02-29 02:00:00,3.1,4,1.7,3,1.0,2,2.8,5,0.0,5,4.1,4,3.8,4,2.6,5,0.7,4,1.1,4,2.3,3,1.4,6,2.8,5,3.2,6,2.8,4,2.0,5,1.5,6,1.9,5,2.1,6,2.7,6,2.1,6,3.0,6,4.8,5,2.2,5.0,4.4,5,4.9,6,3.6,6,3.1,5,4.2,5,6.8,5,5.8,5,7.2,5,7.4,5,8.5,6,7.2,5
2016-02-29 03:00:00,2.1,2,0.4,2,0.1,4,3.3,2,-0.6,2,4.2,2,3.9,2,2.9,1,-0.3,2,0.0,2,1.1,2,1.2,3,2.7,3,3.4,6,2.7,1,0.9,1,0.7,4,1.8,6,2.2,4,2.1,6,1.0,6,2.5,6,3.9,6,0.9,5.0,3.8,2,5.0,5,4.2,6,3.1,6,3.7,6,6.5,4,6.0,4,6.1,5,7.0,5,8.5,6,6.6,5
2016-02-29 04:00:00,1.9,2,0.0,2,-0.3,5,2.8,2,-1.1,2,3.9,2,3.8,2,2.5,1,-0.8,2,-0.5,2,0.6,2,0.6,3,2.3,4,3.2,7,2.3,1,0.5,2,0.4,5,1.2,6,2.1,4,2.1,7,0.6,6,2.1,6,3.8,6,0.9,5.0,3.2,1,4.8,5,4.0,6,3.0,6,3.5,6,6.3,3,5.7,4,5.9,4,6.6,5,8.3,6,6.5,4
2016-02-29 05:00:00,1.7,2,-0.3,3,-0.7,5,2.3,3,-1.4,1,3.6,2,3.7,2,2.2,1,-1.1,2,-0.9,2,0.3,2,0.1,3,1.9,5,3.0,6,2.0,1,0.3,2,0.1,5,0.6,6,2.0,3,2.2,7,0.2,6,1.7,6,3.7,6,1.0,5.0,2.8,1,4.7,4,3.9,6,2.9,5,3.3,6,6.2,3,5.4,4,6.0,4,6.3,5,8.3,6,6.3,4
2016-02-29 06:00:00,1.7,3,-0.2,3,-0.7,5,2.1,3,-1.3,1,3.6,3,3.8,2,2.2,1,-1.1,2,-0.9,2,0.3,2,-0.2,3,1.5,5,2.8,6,2.0,1,0.3,2,0.0,5,0.4,6,2.0,4,2.2,7,0.0,5,1.4,6,3.5,7,1.0,5.0,2.6,1,4.7,4,4.0,6,2.8,5,3.2,6,6.2,2,5.5,3,6.1,4,6.3,6,8.6,6,6.2,3
2016-02-29 07:00:00,2.1,3,0.5,3,-0.2,5,2.6,3,-0.6,1,3.8,3,4.0,3,2.6,1,-0.5,2,-0.4,2,0.8,2,-0.1,3,1.2,5,2.6,7,2.4,1,0.7,2,0.1,5,0.6,6,2.0,4,2.0,7,0.0,5,1.3,6,3.2,7,0.7,5.0,2.9,2,4.9,4,4.4,5,2.8,4,3.2,6,6.4,2,5.9,3,6.3,4,6.8,5,9.2,5,6.1,3
2016-02-29 08:00:00,2.8,4,1.5,3,0.8,5,3.5,2,0.5,1,4.3,4,4.4,3,3.3,1,0.5,2,0.5,2,1.7,2,0.3,2,1.1,5,2.6,7,3.2,1,1.4,2,0.5,5,1.1,6,2.0,5,1.9,7,0.1,4,1.3,6,2.9,7,0.6,5.0,3.6,2,5.3,4,5.2,5,3.0,4,3.4,6,6.9,2,6.6,3,6.7,4,7.7,5,10.1,5,6.3,3
2016-02-29 09:00:00,3.6,4,2.8,3,1.9,5,4.5,2,1.7,1,5.0,4,4.8,4,4.4,1,1.8,2,1.8,2,2.8,2,1.1,3,1.3,5,2.6,7,4.3,1,2.4,1,1.0,5,1.8,6,2.3,6,1.9,7,0.5,4,1.5,7,2.8,7,0.9,6.0,4.4,3,5.9,4,6.1,4,3.6,3,3.8,6,7.7,2,7.5,3,7.3,3,8.9,5,10.9,5,6.9,3
2016-02-29 10:00:00,4.4,4,4.1,3,3.1,4,5.4,3,2.8,2,5.8,4,5.2,4,5.6,2,3.1,1,3.3,2,4.0,2,2.1,4,1.8,5,2.8,7,5.6,1,3.5,1,1.7,4,2.4,6,2.8,5,2.2,7,1.1,4,1.9,6,3.1,7,2.0,6.0,5.2,2,6.6,3,7.2,4,4.6,3,4.4,6,8.7,2,8.4,3,8.1,3,10.2,4,11.5,5,8.0,4
2016-02-29 11:00:00,5.1,4,5.2,4,4.1,4,6.0,4,3.7,2,6.5,4,5.7,5,6.8,3,4.3,1,4.7,1,5.1,2,3.2,5,2.3,6,3.1,7,6.8,1,4.6,1,2.4,3,3.0,5,3.4,5,2.7,7,1.8,4,2.3,6,3.7,7,3.4,6.0,6.0,2,7.3,3,8.2,4,5.7,3,5.1,6,9.9,2,9.2,2,9.0,2,11.6,4,12.0,5,9.2,4
2016-02-29 12:00:00,5.6,4,6.0,4,4.9,3,6.5,4,4.3,2,7.1,4,6.0,5,7.7,3,5.2,1,5.8,1,6.0,1,4.1,5,2.9,6,3.5,7,7.7,1,5.4,1,3.0,3,3.5,5,3.9,4,3.2,7,2.5,4,2.9,6,4.3,7,4.6,6.0,6.7,2,7.9,2,9.2,3,6.6,3,5.8,5,10.9,2,10.0,2,9.8,1,12.8,4,12.5,5,10.2,4
2016-02-29 13:00:00,5.9,4,6.5,4,5.3,2,6.8,4,4.6,1,7.4,4,6.2,5,8.0,3,5.6,1,6.3,1,6.5,1,4.6,5,3.3,6,3.9,7,8.1,1,5.9,1,3.5,2,4.0,4,4.3,4,3.4,7,3.2,3,3.5,6,4.7,6,5.0,6.0,7.4,2,8.3,2,10.0,3,7.0,3,6.3,5,11.7,2,10.7,2,10.5,1,13.8,3,12.9,5,10.7,3
2016-02-29 14:00:00,5.9,3,6.5,4,5.3,2,6.9,3,4.6,1,7.5,4,6.3,5,7.9,3,5.5,1,6.4,1,6.7,1,4.8,3,3.4,5,4.1,7,8.2,1,6.1,1,3.9,2,4.3,3,4.4,5,3.5,7,3.7,3,3.9,5,4.9,6,4.8,6.0,7.9,2,8.5,2,10.3,2,6.9,2,6.6,5,12.0,1,10.9,1,10.8,1,14.4,3,13.3,4,10.6,3
2016-02-29 15:00:00,5.7,2,6.4,2,5.9,1,7.2,2,5.7,2,8.0,3,6.7,3,8.0,3,6.1,1,6.4,1,7.0,1,5.8,2,4.7,6,5.1,7,8.5,2,7.1,1,5.0,2,5.2,2,5.1,5,4.2,7,4.6,2,5.3,7,5.6,6,4.3,7.0,8.6,2,9.1,3,10.6,5,6.5,4,7.6,4,12.2,2,11.1,2,11.1,2,14.4,5,12.9,5,11.3,2
2016-02-29 16:00:00,5.3,3,5.9,2,5.2,1,6.8,3,5.4,1,7.5,3,6.3,3,7.5,2,5.7,1,6.0,1,6.6,1,5.6,2,4.5,6,4.7,7,8.2,2,7.0,1,5.1,2,5.2,1,4.9,4,4.0,7,4.7,1,5.3,6,5.3,6,3.5,7.0,8.6,2,8.4,3,9.8,5,5.9,4,7.6,3,11.4,2,10.0,1,10.3,2,13.6,6,12.7,5,10.6,2
2016-02-29 17:00:00,4.9,3,5.3,2,4.5,2,6.2,3,4.9,1,6.8,2,5.7,3,6.9,2,5.2,1,5.5,1,6.1,1,5.3,2,4.2,6,4.2,7,7.7,1,6.7,1,5.1,2,5.0,1,4.5,4,3.8,7,4.6,1,5.0,5,4.9,6,2.8,7.0,8.4,2,7.5,2,8.7,4,5.3,3,7.5,2,10.3,1,8.7,1,9.4,2,12.4,6,12.3,5,9.7,2
2016-02-29 18:00:00,4.6,3,4.6,2,3.8,2,5.5,3,4.2,1,6.2,2,5.2,3,6.2,2,4.7,1,5.0,1,5.8,1,4.7,2,3.9,6,3.7,7,7.0,1,6.1,1,4.8,1,4.4,1,4.1,3,3.5,7,4.3,1,4.4,4,4.6,6,2.1,6.0,7.9,2,6.7,2,7.7,3,4.7,3,7.1,2,9.3,1,7.6,1,8.5,2,11.1,6,11.9,5,8.9,2
2016-02-29 19:00:00,4.4,3,4.0,2,3.3,2,4.7,4,3.2,2,5.6,3,4.9,4,5.5,2,4.0,1,4.4,1,5.6,1,3.9,2,3.6,6,3.5,7,6.2,2,5.3,2,4.3,1,3.4,1,3.6,4,3.3,7,3.8,1,3.6,3,4.4,6,1.6,6.0,7.1,2,6.4,2,7.0,3,4.2,3,6.5,2,8.6,1,7.0,1,8.0,2,10.1,6,11.4,5,8.5,2
2016-02-29 20:00:00,4.1,4,3.4,2,3.0,2,3.9,4,2.1,2,5.2,4,4.7,4,4.7,2,3.3,2,3.8,1,5.4,2,3.0,2,3.3,6,3.4,7,5.3,2,4.3,2,3.6,1,2.4,1,3.0,5,3.1,7,3.2,1,2.8,3,4.2,7,1.4,5.0,6.0,2,6.3,2,6.5,3,3.9,3,5.9,1,8.1,1,6.8,1,7.7,2,9.3,5,11.0,5,8.3,2
2016-02-29 21:00:00,3.9,4,2.8,2,2.5,2,3.4,4,1.4,2,4.8,4,4.5,4,4.0,3,2.5,2,3.1,2,4.8,2,2.4,2,3.0,6,3.2,7,4.5,2,3.4,2,2.9,1,1.8,2,2.6,5,3.0,7,2.7,1,2.3,4,4.1,6,1.2,5.0,5.2,2,6.0,2,5.8,3,3.6,3,5.3,2,7.6,1,6.7,1,7.3,2,8.6,5,10.6,5,8.2,2
2016-02-29 22:00:00,3.6,3,2.3,3,1.9,2,2.9,5,0.7,3,4.6,4,4.2,5,3.3,3,1.7,2,2.3,2,4.1,2,2.0,3,2.8,6,3.0,7,3.6,3,2.6,2,2.1,1,1.4,2,2.2,5,2.8,7,2.1,2,1.9,4,4.0,6,1.1,5.0,4.6,2,5.8,2,5.2,3,3.3,3,4.7,2,7.1,1,6.6,1,7.0,2,7.9,5,10.1,5,8.1,2
2016-02-29 23:00:00,3.3,3,1.7,3,1.4,2,2.6,5,0.1,3,4.5,5,3.9,5,2.7,4,0.9,2,1.6,3,3.2,2,1.5,3,2.6,6,2.9,7,2.9,3,2.0,3,1.5,2,1.3,2,1.9,5,2.6,7,1.6,2,1.6,4,4.0,6,1.0,5.0,4.1,2,5.4,2,4.5,3,3.1,3,4.3,2,6.8,1,6.6,2,6.7,2,7.3,5,9.6,5,7.9,3
2016-03-01 00:00:00,3.0,3,1.3,4,0.8,3,2.3,5,-0.4,4,4.8,5,3.6,5,2.3,5,0.2,2,0.9,3,2.4,2,1.1,4,2.4,6,2.8,7,2.3,4,1.4,3,1.0,2,1.2,3,1.7,5,2.5,6,1.3,2,1.4,5,3.9,6,1.0,5.0,3.8,3,5.0,2,3.9,4,2.8,4,4.0,3,6.4,1,6.5,2,6.4,2,6.9,4,9.0,5,7.7,3
2016-03-01 01:00:00,2.8,3,0.9,4,0.3,4,2.2,5,-0.9,4,5.4,5,3.5,5,1.9,6,-0.4,3,0.2,4,1.7,2,0.7,4,2.1,6,2.7,6,1.8,5,1.0,4,0.6,3,1.1,4,1.5,5,2.4,6,1.1,3,1.3,5,3.9,6,0.9,5.0,3.6,3,4.6,3,3.3,4,2.6,4,3.7,3,6.0,2,6.2,3,6.0,2,6.5,4,8.4,5,7.4,3
2016-03-01 02:00:00,2.7,4,0.6,5,-0.2,5,2.1,5,-1.4,5,6.0,6,3.6,5,1.7,6,-0.9,4,-0.5,4,1.1,3,0.3,5,1.9,5,2.6,6,1.4,6,0.6,5,0.4,4,0.8,4,1.3,6,2.3,6,1.0,3,1.2,5,3.9,6,0.8,5.0,3.4,4,4.2,3,2.7,5,2.3,5,3.5,4,5.7,3,5.7,4,5.8,2,6.1,4,7.9,5,7.1,4
2016-03-01 03:00:00,3.5,5,1.5,3,-0.3,3,2.2,6,-2.0,2,6.9,6,4.8,6,2.4,4,-0.9,2,-1.1,3,0.9,2,-0.3,2,1.5,2,2.4,3,1.7,3,0.4,3,-0.9,2,-0.2,2,1.4,2,1.6,7,0.1,1,0.4,2,3.5,4,0.8,5.0,2.4,1,5.0,1,3.9,1,2.3,2,2.3,2,6.3,1,6.2,1,5.7,1,6.7,2,8.0,2,7.3,1
2016-03-01 04:00:00,3.6,5,1.6,3,-0.5,3,2.6,6,-2.6,2,7.6,5,5.4,5,2.8,4,-1.1,3,-1.5,3,0.7,3,-1.2,2,0.7,2,1.9,3,1.7,3,0.3,3,-1.4,2,-1.1,2,0.8,2,1.4,6,-0.3,2,-0.2,2,3.1,4,0.6,5.0,1.9,2,4.7,1,3.5,1,1.8,2,1.7,2,5.9,1,5.7,1,5.4,1,6.0,2,7.5,2,6.9,1
2016-03-01 05:00:00,3.7,6,1.7,4,-0.6,2,3.1,6,-3.0,2,8.0,5,6.0,5,3.3,4,-1.2,3,-1.7,3,0.5,3,-1.9,2,0.0,3,1.5,3,1.8,3,0.3,4,-1.8,3,-1.8,2,0.3,2,1.4,6,-0.7,2,-0.7,3,2.8,4,0.4,4.0,1.6,2,4.6,1,3.2,1,1.5,3,1.3,2,5.6,1,5.4,1,5.4,1,5.3,2,7.3,2,6.5,1
2016-03-01 06:00:00,3.8,6,1.8,5,-0.5,2,3.7,6,-2.9,3,8.3,4,6.5,4,3.8,4,-1.0,4,-1.6,4,0.5,4,-2.1,3,-0.5,3,1.2,3,2.2,3,0.5,4,-1.8,3,-2.0,2,0.1,2,1.4,6,-0.7,3,-0.8,3,2.6,4,0.3,3.0,1.9,3,4.8,1,3.4,1,1.7,3,1.4,2,5.7,1,5.5,1,5.6,1,5.2,2,7.6,2,6.5,2
2016-03-01 07:00:00,4.0,7,2.0,6,-0.2,3,4.3,6,-2.1,3,8.4,5,6.9,5,4.3,5,-0.4,5,-1.0,5,0.8,5,-1.6,4,-0.3,4,1.4,3,3.1,4,1.0,4,-1.3,4,-1.4,3,0.5,3,1.6,6,-0.2,3,-0.4,3,2.7,4,0.4,3.0,3.0,4,5.5,1,4.2,1,2.8,2,2.3,2,6.4,1,6.4,1,6.2,1,6.0,2,8.6,2,7.0,2
2016-03-01 08:00:00,4.3,7,1.6,6,0.3,4,5.1,6,-1.2,4,8.5,6,7.4,6,4.9,5,0.4,6,0.0,5,1.5,5,-0.6,4,-1.5,5,1.5,4,4.4,6,1.1,4,-0.4,4,-0.2,4,0.9,3,1.2,6,0.9,3,0.0,3,3.1,4,0.8,3.0,4.6,5,7.4,2,5.4,1,3.7,2,3.6,2,7.1,1,7.7,1,7.7,1,7.5,2,9.9,2,8.0,2
2016-03-01 09:00:00,4.7,7,2.2,7,1.1,6,5.9,7,0.4,4,8.8,7,8.1,7,5.8,6,1.5,6,1.2,6,2.3,6,0.8,5,-0.2,5,2.5,5,5.9,7,2.3,5,0.8,4,1.2,5,2.1,4,2.0,6,2.1,3,1.3,3,3.8,5,1.8,3.0,6.5,5,8.5,2,6.9,1,5.5,2,5.2,2,8.2,1,9.2,1,8.3,1,9.4,2,11.4,2,9.3,2
2016-03-01 10:00:00,5.1,7,3.2,7,2.1,6,6.8,7,1.9,4,9.5,8,9.0,7,7.1,7,2.6,7,2.6,7,3.3,7,2.2,4,1.3,5,3.7,6,7.6,7,3.6,5,2.1,4,2.5,5,3.3,5,2.9,7,3.4,3,2.9,2,4.7,4,3.3,3.0,8.2,5,9.5,2,8.4,1,7.0,2,6.8,2,9.4,1,10.5,1,9.1,1,11.4,2,12.6,1,10.7,2
2016-03-01 11:00:00,5.6,7,4.1,7,3.0,7,7.7,7,3.1,3,10.3,8,10.0,7,8.5,7,3.7,7,3.9,7,4.3,7,3.5,3,2.6,6,4.9,6,9.1,7,4.9,6,3.3,3,3.6,5,4.4,6,4.0,7,4.6,4,4.5,2,5.6,4,5.0,3.0,9.6,5,10.5,2,9.7,1,8.0,2,8.3,2,10.5,1,11.5,1,9.8,1,13.4,1,13.6,1,12.1,2
2016-03-01 12:00:00,6.1,7,5.2,7,3.9,7,8.5,7,4.0,3,11.0,7,10.8,7,9.6,7,4.5,7,4.9,7,5.2,7,4.5,2,3.6,6,5.8,6,10.3,7,6.1,7,4.3,3,4.5,5,5.2,6,4.8,7,5.6,4,5.9,2,6.4,4,6.4,3.0,10.6,5,11.2,2,10.8,1,8.8,2,9.4,3,11.4,1,12.4,1,10.4,1,15.1,1,14.3,1,13.0,2
2016-03-01 13:00:00,6.5,7,6.0,7,4.5,7,9.1,7,4.6,4,11.3,7,11.1,7,10.1,7,5.0,7,5.5,7,5.8,7,5.0,3,4.1,6,6.3,6,10.9,7,7.1,7,5.0,4,5.3,5,5.6,7,5.3,6,6.4,5,7.0,3,6.9,4,7.0,3.0,11.1,5,11.8,2,11.6,1,9.2,3,9.9,3,12.0,2,13.0,1,11.0,1,16.3,2,14.7,2,13.4,2
2016-03-01 14:00:00,7.0,7,6.6,6,4.8,7,9.5,7,5.0,5,11.3,7,11.1,7,10.3,7,5.4,7,5.8,7,6.3,7,5.1,5,4.2,7,6.2,5,11.0,7,7.7,7,5.5,6,5.8,6,5.5,6,5.3,5,6.8,6,7.5,3,7.1,4,6.9,3.0,11.1,6,12.1,2,11.9,1,9.2,3,10.1,4,12.2,3,13.3,1,11.2,1,16.9,2,14.8,3,13.3,2
2016-03-01 15:00:00,7.6,7,7.7,7,5.5,7,9.6,7,5.0,7,11.4,7,11.2,7,10.6,7,6.3,7,6.7,7,7.2,7,5.6,7,4.9,4,5.6,5,10.8,7,8.5,7,6.6,7,6.4,7,5.3,4,5.4,6,6.7,7,8.0,2,6.8,3,6.5,3.0,10.6,7,10.9,2,12.1,1,8.9,2,10.1,4,13.1,3,13.1,2,12.2,2,17.0,1,14.9,3,12.8,2
2016-03-01 16:00:00,8.0,6,7.9,6,5.7,7,9.7,7,4.8,7,11.3,7,11.0,7,10.6,7,6.5,7,6.7,7,7.5,7,5.2,7,4.5,5,5.0,5,10.7,7,8.5,7,6.7,6,6.0,7,4.9,4,5.0,6,6.5,7,7.6,3,6.5,3,5.5,4.0,10.2,6,10.1,3,11.1,1,8.1,2,9.8,4,12.3,3,12.0,2,11.6,2,15.6,1,14.4,3,12.1,3
2016-03-01 17:00:00,8.4,6,7.9,6,5.9,7,9.7,6,4.6,7,11.1,7,10.8,7,10.6,7,6.8,6,6.8,6,7.7,6,5.0,7,4.0,5,4.4,6,10.5,6,8.4,7,6.6,6,5.6,7,4.5,4,4.6,6,6.2,6,6.9,3,6.2,4,4.4,4.0,9.8,5,9.1,3,9.8,1,7.2,3,9.4,4,11.4,3,10.5,2,10.8,2,13.7,1,13.7,4,11.3,3
2016-03-01 18:00:00,8.7,5,7.9,5,6.1,6,9.6,5,4.6,7,10.8,6,10.5,6,10.5,6,7.0,6,7.0,6,7.9,6,5.0,7,3.8,5,4.0,6,10.3,6,8.4,7,6.6,5,5.4,6,4.2,4,4.2,6,5.9,5,6.4,4,5.8,5,3.4,5.0,9.4,5,8.2,4,8.6,2,6.4,3,8.9,4,10.6,3,9.3,3,10.1,3,12.0,2,12.9,4,10.7,4
2016-03-01 19:00:00,8.8,5,8.0,5,6.4,6,9.4,5,5.0,6,10.4,6,10.2,6,10.3,6,7.1,6,7.2,6,7.8,6,5.5,6,3.9,6,3.9,7,10.0,6,8.5,6,6.7,6,5.8,6,4.1,5,4.1,6,5.8,5,6.3,5,5.5,5,2.7,5.0,9.2,5,7.7,5,7.8,3,6.0,3,8.4,4,10.0,4,8.6,4,9.7,3,10.9,2,12.1,4,10.4,4
2016-03-01 20:00:00,8.7,5,8.0,5,6.6,6,9.2,5,5.5,6,10.0,6,9.9,5,10.1,6,7.1,6,7.4,6,7.7,6,6.2,6,4.2,6,3.9,7,9.7,6,8.6,6,6.9,6,6.3,5,4.0,6,4.0,6,5.8,5,6.3,5,5.3,6,2.2,6.0,9.2,6,7.6,5,7.4,5,6.0,4,8.0,4,9.7,4,8.4,5,9.5,3,10.2,3,11.5,4,10.2,4
2016-03-01 21:00:00,8.6,5,8.0,5,6.9,6,8.9,5,5.8,5,9.7,6,9.6,5,9.9,6,7.1,6,7.4,6,7.9,6,6.3,6,4.3,6,3.8,7,9.6,6,8.5,6,6.8,6,6.5,5,3.9,6,3.8,7,5.8,6,6.3,5,5.1,6,1.8,6.0,9.2,6,7.2,5,6.8,5,5.9,5,7.6,4,9.3,4,8.0,5,9.2,3,9.5,3,10.9,4,10.0,4
2016-03-01 22:00:00,8.5,5,7.9,5,7.2,6,8.6,5,5.9,5,9.4,6,9.2,5,9.6,6,7.2,6,7.4,6,8.0,6,6.4,6,4.1,6,3.7,7,9.6,6,8.5,6,6.8,6,6.4,6,3.8,6,3.6,7,5.9,6,6.3,5,4.9,6,1.5,6.0,9.2,7,6.9,5,6.2,5,6.0,5,7.2,4,8.9,4,7.7,5,8.9,3,8.8,3,10.4,5,9.8,5
2016-03-01 23:00:00,8.3,6,7.8,5,7.4,6,8.3,5,5.7,5,9.1,6,8.9,5,9.3,6,7.2,6,7.4,6,8.1,6,6.3,6,3.9,6,3.6,7,9.5,6,8.4,6,6.8,6,6.3,6,3.7,6,3.5,7,6.0,6,6.3,6,4.8,6,1.4,6.0,9.3,7,6.5,5,5.6,5,6.1,5,7.0,5,8.6,5,7.3,5,8.6,3,8.3,4,9.9,5,9.5,5
2016-03-02 00:00:00,8.1,6,7.7,5,7.5,6,7.9,5,5.5,5,8.8,6,8.5,5,9.0,6,7.2,6,7.3,5,8.1,6,6.2,6,3.7,6,3.6,6,9.5,6,8.3,6,6.8,6,6.2,6,3.6,6,3.4,6,6.1,6,6.4,6,4.8,6,1.3,6.0,9.4,6,6.1,5,5.0,5,6.4,5,7.0,5,8.2,5,7.0,5,8.3,3,7.8,4,9.4,5,9.2,5
2016-03-02 01:00:00,7.9,6,7.6,5,7.5,6,7.6,5,5.3,5,8.5,6,8.2,5,8.6,6,7.1,6,7.3,5,8.2,6,6.1,6,3.8,5,3.7,6,9.3,6,8.3,6,6.8,6,6.2,5,3.5,6,3.4,6,6.2,6,6.4,6,4.9,6,1.3,5.0,9.6,6,5.7,5,4.4,6,6.7,5,7.4,5,7.9,5,6.6,5,8.0,4,7.4,4,8.9,5,8.9,5
2016-03-02 02:00:00,7.6,6,7.4,6,7.3,6,7.3,5,5.3,5,8.2,5,7.8,5,8.2,6,7.1,5,7.2,5,8.2,6,6.0,6,4.1,5,3.8,6,9.2,6,8.2,6,6.7,6,6.5,5,3.5,6,3.5,6,6.3,6,6.5,6,5.1,6,1.2,5.0,9.8,6,5.2,5,3.9,6,7.0,5,7.9,5,7.7,4,6.1,5,7.8,4,7.2,5,8.5,5,8.7,5
2016-03-02 03:00:00,7.7,5,7.4,6,7.0,6,7.9,5,5.3,7,8.1,4,7.5,5,8.1,6,6.9,5,7.1,5,8.1,5,5.5,7,3.1,7,3.5,7,9.1,6,8.3,6,6.5,7,6.0,7,2.8,7,3.0,7,6.1,7,5.7,6,4.9,6,1.5,5.0,9.9,7,6.0,5,5.1,6,7.0,5,7.4,5,8.1,5,7.3,5,7.8,5,7.8,3,9.0,4,9.7,6
2016-03-02 04:00:00,7.4,4,7.1,6,6.9,7,7.7,5,5.6,7,8.0,4,7.3,5,7.7,5,6.7,5,7.0,5,8.0,5,5.9,7,3.3,7,3.8,7,8.9,5,8.2,6,6.9,6,6.6,7,3.1,7,3.3,7,6.4,7,6.0,6,5.1,7,1.8,6.0,10.2,7,5.5,6,4.8,6,7.5,5,7.7,5,7.9,5,6.7,6,7.6,5,7.3,4,8.6,4,9.9,5
2016-03-02 05:00:00,7.1,4,6.9,6,6.8,6,7.5,6,5.9,7,7.9,4,7.2,4,7.5,4,6.6,5,7.1,5,8.0,5,6.4,7,3.6,6,4.1,7,8.7,5,8.1,6,7.3,6,7.3,6,3.6,7,3.8,7,6.6,7,6.3,6,5.3,7,2.3,6.0,10.4,6,5.2,6,4.6,6,7.9,5,7.9,6,7.9,5,6.4,6,7.6,5,6.9,5,8.4,4,10.2,5
2016-03-02 06:00:00,6.9,3,6.7,6,6.7,6,7.4,6,6.2,7,7.9,4,7.2,4,7.4,4,6.6,5,7.1,6,8.0,5,6.8,7,3.8,7,4.5,7,8.7,4,8.0,6,7.7,6,7.8,6,4.1,7,4.2,7,6.8,7,6.6,6,5.5,7,2.6,6.0,10.7,6,5.4,7,4.9,5,8.1,6,8.2,6,8.2,5,6.7,6,7.9,5,6.9,5,8.6,5,10.7,5
2016-03-02 07:00:00,6.8,3,6.7,5,6.6,6,7.4,6,6.4,7,7.9,4,7.2,5,7.6,4,6.5,5,7.1,6,7.8,6,7.0,7,4.0,7,4.9,7,8.8,5,8.0,6,7.8,6,8.1,6,4.6,7,4.6,7,6.9,7,6.9,6,5.7,7,2.7,6.0,10.9,6,6.3,7,5.7,5,8.2,6,8.5,7,9.0,6,8.0,6,8.6,5,7.6,5,9.4,5,11.4,5
2016-03-02 08:00:00,6.8,3,6.8,4,6.7,6,7.6,6,6.6,7,8.0,4,7.3,5,7.9,4,6.5,6,7.1,6,7.6,6,7.0,7,4.4,7,5.4,7,9.0,5,8.2,6,7.8,6,8.3,7,5.2,7,5.0,7,7.0,7,7.4,7,5.9,7,2.9,7.0,11.2,6,7.8,7,7.0,5,8.3,7,8.9,7,10.2,6,10.0,6,9.7,5,8.9,5,10.5,5,12.2,6
2016-03-02 09:00:00,7.0,3,7.0,4,6.9,6,7.9,6,6.8,6,8.2,5,7.6,5,8.4,5,6.6,6,7.3,6,7.7,6,7.2,7,4.9,7,6.0,7,9.3,6,8.4,6,7.9,7,8.4,7,5.8,7,5.6,7,7.2,7,8.0,7,6.5,7,3.6,7.0,11.4,7,9.5,7,8.5,5,8.7,7,9.5,7,11.6,6,11.9,6,10.9,5,10.7,5,11.7,5,13.3,6
2016-03-02 10:00:00,7.3,3,7.3,4,7.3,7,8.3,6,7.1,6,8.6,5,8.0,6,9.0,6,7.0,6,7.8,6,8.2,6,7.6,7,5.7,7,6.6,7,9.8,5,8.7,6,8.1,7,8.5,7,6.5,7,6.4,7,7.6,7,8.9,7,7.4,7,4.9,7.0,11.6,7,11.1,6,10.0,5,9.4,7,10.4,7,13.0,6,13.4,6,12.2,4,12.7,5,12.7,5,14.6,6
2016-03-02 11:00:00,7.6,4,7.6,4,7.9,7,8.7,5,7.4,6,9.0,5,8.5,6,9.6,6,7.6,5,8.4,5,8.8,5,8.2,7,6.7,7,7.3,7,10.3,5,9.0,7,8.5,7,8.7,7,7.2,7,7.2,7,8.0,7,9.8,7,8.5,7,6.4,7.0,11.9,6,12.4,6,11.3,5,10.2,7,11.4,7,14.2,5,14.5,5,13.4,3,14.6,4,13.5,4,15.9,6
2016-03-02 12:00:00,7.8,4,8.0,5,8.3,7,9.0,5,7.7,5,9.4,5,8.8,6,10.0,7,8.1,5,9.0,5,9.4,5,8.7,7,7.5,7,7.9,7,10.7,5,9.3,7,8.8,7,9.0,7,7.8,6,7.9,7,8.3,6,10.4,7,9.3,7,7.5,7.0,12.1,6,13.5,5,12.5,5,10.9,7,12.1,7,15.3,5,15.3,5,14.3,2,16.2,3,14.1,4,16.8,6
2016-03-02 13:00:00,7.9,4,8.3,5,8.5,6,9.2,5,7.9,5,9.5,5,8.9,6,10.2,6,8.3,5,9.3,5,9.7,5,9.1,7,7.9,7,8.4,7,10.8,5,9.6,7,9.0,7,9.3,7,8.1,7,8.3,7,8.4,6,10.6,7,9.7,6,7.7,7.0,12.3,6,14.2,5,13.3,5,11.3,7,12.3,7,16.1,5,15.9,5,14.9,2,17.2,3,14.5,4,17.2,5
2016-03-02 14:00:00,7.9,5,8.5,5,8.4,6,9.3,5,8.0,6,9.5,5,8.8,6,10.1,5,8.3,5,9.3,5,9.7,5,9.2,6,8.0,7,8.6,7,10.7,6,9.7,7,9.0,7,9.5,7,8.2,7,8.3,6,8.2,6,10.3,6,9.6,6,7.3,7.0,12.3,6,14.5,5,13.7,4,11.2,8,12.2,6,16.4,5,16.1,5,15.0,2,17.6,2,14.7,3,17.0,5
2016-03-02 15:00:00,8.2,4,8.8,5,8.5,5,9.2,5,8.5,5,9.4,3,9.2,5,10.1,5,8.2,5,8.8,5,9.4,5,9.0,5,7.6,7,8.7,6,10.5,4,9.4,5,8.5,5,8.7,6,7.8,7,8.1,6,7.3,6,9.2,6,9.4,6,6.7,7.0,11.1,7,14.6,5,13.6,4,10.2,7,11.3,7,15.8,4,15.8,4,15.4,2,17.5,2,15.0,2,15.9,5
2016-03-02 16:00:00,8.1,4,8.3,5,7.9,5,8.7,5,7.8,5,9.0,3,8.9,4,9.7,4,7.8,4,8.3,4,8.9,5,8.1,4,6.8,6,7.8,5,10.1,3,8.9,5,7.9,5,7.8,5,7.0,6,7.2,5,6.7,5,8.2,5,8.7,6,5.5,7.0,10.6,6,13.5,4,12.4,4,9.3,7,10.8,7,14.7,4,14.6,4,14.8,2,16.5,1,14.6,2,14.7,4
2016-03-02 17:00:00,7.8,5,7.7,5,7.2,5,8.1,5,7.0,4,8.6,3,8.5,4,9.1,4,7.4,4,7.6,4,8.3,4,7.0,4,6.0,6,6.6,4,9.5,3,8.2,4,7.1,4,6.7,4,6.1,5,6.1,5,6.0,4,7.1,5,7.9,5,4.4,7.0,9.9,5,12.3,4,11.0,3,8.2,6,10.1,6,13.3,4,13.1,4,13.9,2,15.2,2,14.1,2,13.3,4
2016-03-02 18:00:00,7.5,5,7.0,5,6.6,5,7.5,5,6.1,4,8.2,3,8.1,3,8.5,3,6.9,3,7.0,3,7.8,4,6.0,4,5.3,5,5.7,4,8.8,2,7.5,4,6.3,4,5.8,4,5.3,5,5.1,4,5.4,3,6.2,5,7.2,5,3.4,7.0,9.3,5,11.0,4,9.7,3,7.3,6,9.5,6,12.0,3,11.6,3,12.8,2,13.8,2,13.5,2,12.1,4
2016-03-02 19:00:00,7.2,4,6.5,5,6.2,5,7.0,5,5.3,5,7.8,4,7.8,3,7.9,4,6.4,3,6.5,3,7.5,3,5.5,4,5.0,5,5.2,4,8.1,2,6.9,3,5.8,4,5.5,3,4.7,5,4.5,4,5.0,3,5.7,5,6.7,5,2.8,7.0,8.8,5,9.9,4,8.7,3,6.7,6,8.9,6,11.1,2,10.4,3,11.7,2,12.6,2,12.9,2,11.3,4
2016-03-02 20:00:00,6.8,4,6.2,5,5.9,5,6.7,4,4.7,5,7.5,4,7.6,3,7.4,5,6.0,3,6.1,3,7.3,3,5.4,5,5.0,6,5.1,5,7.4,2,6.5,3,5.6,4,5.6,3,4.3,5,4.2,5,4.7,3,5.4,4,6.4,6,2.4,7.0,8.3,5,9.1,4,8.0,2,6.4,6,8.3,6,10.5,2,9.4,2,10.6,2,11.6,1,12.4,2,10.7,5
2016-03-02 21:00:00,6.5,4,5.8,5,5.4,5,6.4,4,4.2,5,7.3,4,7.2,4,6.9,5,5.6,3,5.7,3,7.0,3,5.0,6,4.7,5,4.7,5,7.0,3,6.1,2,5.3,5,5.3,4,3.8,5,3.9,5,4.4,3,5.3,5,6.0,6,2.1,7.0,7.9,5,8.2,4,7.3,2,6.0,6,7.7,6,9.8,2,8.6,2,9.9,2,10.8,1,11.8,2,10.3,5
2016-03-02 22:00:00,6.3,4,5.5,4,5.1,5,6.2,4,3.8,5,7.2,4,6.9,4,6.5,5,5.2,3,5.4,3,6.6,3,4.7,6,4.5,5,4.4,5,6.7,3,5.8,2,5.0,5,5.0,4,3.5,5,3.6,5,4.1,4,5.1,5,5.7,5,1.9,7.0,7.6,5,7.5,3,6.7,2,5.7,6,7.2,6,9.2,2,8.0,2,9.2,2,10.1,1,11.2,2,9.9,5
2016-03-02 23:00:00,6.0,4,5.3,4,4.8,5,6.0,4,3.5,5,7.1,4,6.6,4,6.2,5,4.9,4,5.0,4,6.3,4,4.4,6,4.2,5,4.1,5,6.4,4,5.5,2,4.7,5,4.6,5,3.2,6,3.3,6,4.0,4,4.9,5,5.3,5,1.6,6.0,7.3,5,6.8,3,6.1,2,5.5,6,6.8,5,8.6,2,7.4,2,8.6,3,9.5,1,10.6,2,9.5,5
2016-03-03 00:00:00,5.8,4,5.1,5,4.6,5,5.8,4,3.3,5,7.1,4,6.4,4,6.0,5,4.6,4,4.7,4,6.0,4,4.1,6,3.9,5,3.8,5,6.3,4,5.2,3,4.4,5,4.3,5,2.9,6,3.0,6,3.8,4,4.7,5,5.0,5,1.4,6.0,7.1,5,6.2,3,5.4,2,5.3,6,6.6,5,8.1,2,7.0,3,8.2,3,9.0,1,9.9,2,9.2,5
2016-03-03 01:00:00,5.6,4,4.9,5,4.4,6,5.6,4,3.0,5,7.1,5,6.2,5,5.9,5,4.3,4,4.4,4,5.7,4,3.8,6,3.6,5,3.5,5,6.3,5,5.0,4,4.0,5,4.0,5,2.6,6,2.7,6,3.8,4,4.5,5,4.7,5,1.2,6.0,6.9,5,5.7,3,4.8,3,5.2,5,6.5,5,7.6,3,6.5,3,7.9,3,8.7,1,9.3,3,9.0,5
2016-03-03 02:00:00,5.4,4,4.8,5,4.3,6,5.4,5,2.9,5,7.2,6,6.1,5,5.8,5,4.1,5,4.1,4,5.4,5,3.6,6,3.3,5,3.2,6,6.3,5,4.9,5,3.7,5,3.7,5,2.4,6,2.4,6,3.7,5,4.2,5,4.4,5,1.0,6.0,6.8,5,5.2,4,4.3,4,5.1,5,6.4,5,7.2,3,6.2,4,7.6,4,8.4,1,8.7,3,8.7,5
2016-03-03 03:00:00,5.2,4,4.8,5,3.5,4,5.8,4,2.5,5,7.4,4,6.2,4,6.2,4,3.6,3,3.6,4,4.9,4,3.0,5,2.9,7,3.4,7,6.8,4,5.2,4,3.5,5,3.9,5,2.5,6,2.1,7,3.2,5,4.1,6,4.4,7,1.3,7.0,7.5,4,6.0,4,4.5,4,5.5,6,6.0,6,8.0,2,7.1,1,7.4,1,8.0,1,9.4,1,9.3,4
2016-03-03 04:00:00,5.0,4,4.6,5,3.3,5,5.6,5,2.3,5,7.3,4,6.1,4,6.1,4,3.4,4,3.3,4,4.7,4,2.7,5,2.4,6,3.0,6,6.6,4,5.0,4,3.4,5,3.8,5,2.3,5,1.8,6,3.1,6,3.7,6,4.2,7,1.0,7.0,7.4,5,5.5,3,4.1,4,5.3,6,5.8,6,7.7,2,6.6,1,7.0,1,7.2,1,8.9,2,9.1,4
2016-03-03 05:00:00,4.9,4,4.4,5,3.3,6,5.5,5,2.1,5,7.1,5,6.0,4,6.0,4,3.4,5,3.2,5,4.5,5,2.5,6,1.9,5,2.6,5,6.3,4,4.8,5,3.4,5,3.8,5,2.2,4,1.6,6,3.1,6,3.4,6,4.0,7,0.7,7.0,7.4,5,5.2,3,3.9,3,5.1,6,5.8,5,7.7,2,6.3,1,6.9,1,6.6,1,8.6,2,9.0,5
2016-03-03 06:00:00,4.9,4,4.3,5,3.4,6,5.5,5,2.3,5,7.1,5,6.1,4,6.0,5,3.5,5,3.4,5,4.6,5,2.5,6,1.7,4,2.4,5,6.3,4,4.8,5,3.6,5,4.0,6,2.3,4,1.7,6,3.2,7,3.3,6,3.9,7,0.5,7.0,7.6,5,5.3,3,3.9,2,5.1,6,6.0,5,7.9,2,6.5,2,7.1,1,6.6,1,8.7,2,9.0,5
2016-03-03 07:00:00,5.1,5,4.5,5,3.8,6,5.8,5,2.8,5,7.2,5,6.3,5,6.2,5,3.9,5,3.9,5,4.9,5,2.9,7,2.0,5,2.6,5,6.6,5,5.1,6,4.1,6,4.4,6,2.6,4,2.0,6,3.5,7,3.6,7,3.9,7,0.6,7.0,7.9,6,6.0,3,4.4,1,5.5,6,6.4,6,8.5,2,7.4,2,7.6,1,7.4,1,9.4,2,9.4,5
2016-03-03 08:00:00,5.5,5,5.0,6,4.5,6,6.4,6,3.6,5,7.3,5,6.7,5,6.6,6,4.5,5,4.7,5,5.5,5,3.7,7,2.7,6,3.2,6,7.2,6,5.8,6,4.9,6,5.0,6,3.2,4,2.6,6,4.0,7,4.3,7,4.2,7,1.0,7.0,8.4,6,7.1,4,5.2,1,6.1,7,7.0,6,9.4,2,8.8,3,8.3,1,8.8,1,10.4,2,10.0,5
2016-03-03 09:00:00,5.9,5,5.6,6,5.3,6,7.0,6,4.5,6,7.7,5,7.2,6,7.2,7,5.3,6,5.7,5,6.3,5,4.7,7,3.6,7,4.0,7,8.0,6,6.5,7,5.7,7,5.7,7,4.0,5,3.4,6,4.6,7,5.2,7,4.8,7,1.7,7.0,9.0,7,8.3,5,6.2,2,6.9,7,7.8,7,10.5,3,10.3,3,9.2,2,10.4,1,11.5,1,10.8,5
2016-03-03 10:00:00,6.3,5,6.3,7,6.2,6,7.6,6,5.4,6,8.2,6,7.7,6,8.1,7,6.2,6,6.7,6,7.2,6,5.8,7,4.5,8,4.9,7,8.9,7,7.2,7,6.5,7,6.3,7,5.0,6,4.3,6,5.3,7,6.2,7,5.8,7,2.7,7.0,9.6,7,9.5,6,7.3,3,7.7,7,8.6,7,11.6,3,11.6,4,10.2,2,11.8,1,12.4,1,11.7,6
2016-03-03 11:00:00,6.7,5,7.1,6,7.1,6,8.2,6,6.3,7,8.8,6,8.2,6,9.0,7,7.0,6,7.6,6,8.1,6,6.9,7,5.3,7,5.8,7,9.7,7,7.9,7,7.2,7,6.9,6,6.0,6,5.1,6,5.9,7,7.1,7,6.9,7,3.8,7.0,10.3,7,10.5,5,8.2,4,8.5,7,9.4,7,12.7,3,12.6,4,11.2,3,13.0,1,13.2,2,12.6,6
2016-03-03 12:00:00,7.0,5,7.7,6,7.8,6,8.7,6,6.9,7,9.3,7,8.7,6,9.8,7,7.6,7,8.3,6,8.8,6,7.8,7,6.0,7,6.5,7,10.4,7,8.5,7,7.8,7,7.5,6,6.9,7,5.8,6,6.4,7,7.8,7,7.9,7,4.6,7.0,10.8,7,11.4,5,8.9,5,9.2,7,10.1,7,13.6,3,13.4,3,12.1,3,13.8,1,13.7,2,13.3,5
2016-03-03 13:00:00,7.3,5,8.1,6,8.1,6,9.1,6,7.3,7,9.6,7,9.0,7,10.3,7,7.9,7,8.6,6,9.1,7,8.3,7,6.4,7,6.9,7,10.8,7,9.0,7,8.2,7,8.1,6,7.4,7,6.2,6,6.7,7,8.2,7,8.4,7,4.9,7.0,11.1,7,12.0,5,9.2,4,9.7,7,10.5,7,14.2,4,14.0,4,12.7,3,14.3,1,14.0,2,13.7,5
2016-03-03 14:00:00,7.5,5,8.3,6,8.0,6,9.4,5,7.3,6,9.6,6,9.3,7,10.6,7,7.9,6,8.6,6,9.1,7,8.4,7,6.6,7,7.0,7,10.9,7,9.4,7,8.3,7,8.4,7,7.5,7,6.2,6,6.8,7,8.2,7,8.6,7,4.7,7.0,11.2,7,12.3,5,9.1,3,9.8,7,10.7,7,14.4,4,14.1,4,12.9,3,14.4,2,14.1,2,13.7,5
2016-03-03 15:00:00,7.0,5,7.3,6,7.2,6,8.8,6,7.3,6,9.7,7,8.9,7,10.4,7,7.4,6,8.1,7,8.6,7,8.1,6,6.6,7,7.1,7,11.0,6,9.3,6,7.9,7,8.2,6,7.0,7,6.2,7,6.7,7,8.0,7,7.8,7,4.0,7.0,10.8,7,12.3,4,9.5,2,9.1,7,10.2,7,13.7,4,14.0,3,13.1,2,14.2,2,14.6,2,13.7,6
2016-03-03 16:00:00,6.9,5,6.8,5,6.6,6,8.3,6,6.6,6,9.6,6,8.9,6,10.1,6,7.0,6,7.5,6,8.1,6,7.2,6,5.9,7,6.4,7,10.6,6,8.7,7,7.3,6,7.3,6,6.4,6,5.5,7,6.3,7,7.3,6,7.3,7,3.5,7.0,10.5,7,11.3,4,8.7,2,8.4,7,9.9,6,12.7,4,12.8,4,12.5,2,13.5,2,14.1,2,12.9,5
2016-03-03 17:00:00,6.8,5,6.2,5,6.0,6,7.6,5,5.8,5,9.5,5,8.8,5,9.6,5,6.5,5,6.8,6,7.5,6,6.1,6,5.1,7,5.6,7,10.0,5,7.9,7,6.6,6,6.2,5,5.5,5,4.7,7,5.9,7,6.6,6,6.8,7,3.0,7.0,10.0,7,10.1,4,7.8,2,7.6,6,9.4,5,11.5,4,11.3,4,11.8,2,12.4,2,13.3,2,12.0,4
2016-03-03 18:00:00,6.6,5,5.7,6,5.4,5,7.0,5,5.0,5,9.2,4,8.6,5,9.1,5,6.0,5,6.2,5,7.0,6,5.2,6,4.5,6,4.9,6,9.3,5,7.3,7,6.1,5,5.5,5,4.7,5,4.1,7,5.5,7,6.1,5,6.2,7,2.3,6.0,9.6,7,8.9,4,6.9,2,7.0,6,9.0,5,10.5,3,9.9,4,10.9,2,11.4,2,12.5,2,11.1,4
2016-03-03 19:00:00,6.4,6,5.5,6,5.0,5,6.8,5,4.5,5,8.9,4,8.3,5,8.6,5,5.6,6,5.9,6,6.7,6,4.9,6,4.3,6,4.5,6,8.8,5,7.1,7,6.0,5,5.5,5,4.1,5,3.8,6,5.3,7,6.1,5,5.8,6,1.6,6.0,9.4,6,8.0,4,6.3,2,6.9,5,8.6,5,9.9,3,9.0,4,10.1,1,10.5,2,11.8,2,10.5,3
2016-03-03 20:00:00,6.2,6,5.4,6,4.8,6,6.8,6,4.1,5,8.7,4,8.0,5,8.1,6,5.4,6,5.8,6,6.6,6,5.0,6,4.3,6,4.4,6,8.4,6,7.2,6,6.2,5,5.8,5,3.7,5,3.6,6,5.3,7,6.3,5,5.5,6,0.9,6.0,9.3,6,7.3,4,5.9,2,7.1,5,8.3,5,9.7,4,8.4,4,9.3,2,9.8,2,11.2,2,10.2,3
2016-03-03 21:00:00,6.0,6,5.2,6,4.4,6,6.6,6,3.7,6,8.5,4,7.8,5,7.7,6,5.1,6,5.6,6,6.4,6,4.7,6,4.0,6,4.1,6,8.1,6,7.0,6,5.9,5,5.6,5,3.3,5,3.3,6,5.3,6,6.3,5,5.2,6,0.5,6.0,9.2,6,6.6,4,5.4,2,7.2,5,8.1,5,9.2,4,7.9,4,8.7,2,9.2,2,10.6,2,9.8,3
2016-03-03 22:00:00,5.7,6,4.9,6,4.1,6,6.4,5,3.3,6,8.3,4,7.6,5,7.4,6,4.8,6,5.4,6,6.2,6,4.4,6,3.8,6,3.8,6,7.9,6,6.7,6,5.6,6,5.3,5,2.9,6,2.9,6,5.3,6,6.2,5,4.9,6,0.1,6.0,9.1,6,6.2,4,4.9,3,7.3,5,7.9,5,8.9,4,7.5,4,8.3,2,8.7,1,10.0,2,9.5,3
2016-03-03 23:00:00,5.3,6,4.6,6,3.8,6,6.2,5,2.9,6,8.1,5,7.4,5,7.2,6,4.5,6,5.1,6,6.0,6,4.2,6,3.5,6,3.5,6,7.7,6,6.4,6,5.2,6,5.1,5,2.7,6,2.6,6,5.3,6,6.0,5,4.7,6,-0.1,6.0,9.1,6,5.8,4,4.5,3,7.3,5,7.8,5,8.6,5,7.2,5,8.0,2,8.3,1,9.4,2,9.2,4
2016-03-04 00:00:00,5.0,5,4.3,6,3.4,6,5.9,5,2.5,6,8.0,5,7.2,5,7.0,6,4.2,6,4.8,6,5.7,6,3.9,6,3.2,5,3.3,6,7.6,6,6.1,6,4.9,6,4.9,5,2.4,6,2.3,6,5.2,6,5.8,5,4.5,5,-0.3,6.0,9.0,6,5.6,5,4.0,4,7.2,5,7.8,5,8.3,5,6.9,5,7.8,3,7.9,1,8.9,2,9.0,4
2016-03-04 01:00:00,4.7,5,3.9,6,3.1,6,5.7,6,2.2,6,7.8,5,7.0,5,6.8,6,3.9,6,4.4,5,5.3,6,3.6,6,2.8,5,3.0,6,7.5,6,5.9,6,4.6,6,4.8,5,2.3,6,2.0,6,5.1,6,5.5,5,4.3,5,-0.4,5.0,8.9,6,5.5,5,3.7,4,7.1,5,7.9,5,8.0,4,6.7,5,7.6,3,7.6,1,8.4,2,8.8,4
2016-03-04 02:00:00,4.4,5,3.6,6,2.8,6,5.5,6,1.9,6,7.6,6,6.8,5,6.8,6,3.7,6,3.9,5,4.8,5,3.3,6,2.5,5,2.7,6,7.5,6,5.7,6,4.4,5,4.6,5,2.1,6,1.8,6,4.9,6,5.3,5,4.0,5,-0.6,5.0,8.9,5,5.4,5,3.4,4,7.0,5,8.1,5,7.8,4,6.6,5,7.5,4,7.3,1,7.9,2,8.6,4
2016-03-04 03:00:00,5.6,5,4.7,6,3.4,5,6.0,6,3.0,7,6.6,5,6.1,5,6.7,6,4.8,6,4.9,6,6.2,6,4.1,6,2.8,6,2.6,6,8.0,5,6.9,6,5.8,6,5.4,6,2.4,6,1.9,7,6.1,5,6.0,5,5.0,6,-0.4,6.0,10.1,6,5.1,6,3.2,4,7.5,5,8.6,5,8.3,5,6.5,6,7.2,4,6.9,1,8.4,2,8.8,5
2016-03-04 04:00:00,5.4,5,4.6,6,3.4,5,5.6,6,3.3,7,6.2,5,5.7,5,6.3,6,4.8,6,4.9,6,6.2,6,4.2,6,3.0,6,2.8,6,7.7,6,6.9,6,6.0,6,6.1,6,2.8,6,2.2,7,6.4,6,6.2,5,5.3,6,-0.1,6.0,10.2,6,5.0,6,3.1,5,7.7,6,8.9,5,8.5,5,6.3,6,7.0,5,6.5,1,8.0,2,8.6,5
2016-03-04 05:00:00,5.1,5,4.5,6,3.5,5,5.3,6,3.7,7,5.9,6,5.3,6,6.0,6,4.8,6,5.0,6,6.3,6,4.4,6,3.1,7,3.0,7,7.5,6,6.9,6,6.3,6,6.8,6,3.3,6,2.5,7,6.7,6,6.5,5,5.5,6,0.2,6.0,10.3,6,4.9,7,3.2,5,7.9,6,9.3,6,8.7,5,6.2,6,6.9,5,6.2,2,7.7,3,8.8,5
2016-03-04 06:00:00,4.9,4,4.3,5,3.7,5,5.2,6,4.0,7,5.8,6,5.1,6,5.9,6,4.9,7,5.2,6,6.3,6,4.6,7,3.2,7,3.3,7,7.4,6,6.9,6,6.5,6,7.2,6,3.8,6,2.8,7,6.9,6,6.7,6,5.6,6,0.6,6.0,10.4,6,5.2,7,3.5,5,8.0,7,9.5,6,9.1,5,6.5,7,7.1,5,6.3,2,7.9,4,9.3,5
2016-03-04 07:00:00,4.7,4,4.2,5,3.9,4,5.3,6,4.2,7,5.9,6,5.0,6,5.9,6,5.0,7,5.3,6,6.2,6,4.9,7,3.1,7,3.6,7,7.4,6,6.9,7,6.6,6,7.2,6,4.2,7,3.1,7,6.7,7,6.8,6,5.6,6,1.1,7.0,10.3,7,6.0,7,4.1,5,8.1,7,9.5,7,9.7,6,7.5,7,7.7,6,6.9,3,8.7,5,10.3,5
2016-03-04 08:00:00,4.6,3,4.1,4,4.1,4,5.6,6,4.5,6,6.1,5,5.1,6,6.1,6,5.1,6,5.4,6,6.2,6,5.2,7,3.1,7,3.9,7,7.5,6,6.9,7,6.6,7,7.0,7,4.5,7,3.3,7,6.4,7,7.0,7,5.7,7,1.7,7.0,10.2,7,7.3,7,4.9,5,8.3,7,9.5,7,10.4,6,9.1,7,8.7,6,8.0,4,9.8,5,11.6,5
2016-03-04 09:00:00,4.6,3,4.3,4,4.5,4,6.0,6,4.7,6,6.4,5,5.3,6,6.5,7,5.4,6,5.7,6,6.3,6,5.7,7,3.4,7,4.3,7,7.8,6,7.0,7,6.7,7,6.9,7,5.0,7,3.8,7,6.2,7,7.4,7,6.2,7,2.7,7.0,10.1,7,8.9,7,5.8,6,8.7,7,9.7,7,11.4,6,10.8,7,10.0,6,9.3,5,11.0,5,13.1,5
2016-03-04 10:00:00,4.8,3,4.7,4,5.0,4,6.3,6,5.0,6,6.8,4,5.7,5,7.0,7,5.8,7,6.2,6,6.7,6,6.3,7,4.1,7,4.9,7,8.3,6,7.2,7,7.0,7,7.0,8,5.7,7,4.5,7,6.2,7,8.2,7,7.3,7,4.1,7.0,10.1,7,10.5,7,6.8,6,9.4,7,10.4,7,12.5,6,12.4,7,11.5,6,10.8,6,12.1,5,14.6,5
2016-03-04 11:00:00,5.2,3,5.3,4,5.5,4,6.6,5,5.4,6,7.1,4,6.0,5,7.5,7,6.3,7,6.8,7,7.3,7,6.9,7,5.0,7,5.6,7,8.9,6,7.6,7,7.4,7,7.3,7,6.6,7,5.3,7,6.5,7,9.0,7,8.5,7,5.5,7.0,10.1,7,12.0,7,7.9,7,10.2,6,11.3,7,13.7,6,13.7,6,12.9,5,12.2,6,12.9,5,15.8,6
2016-03-04 12:00:00,5.5,4,5.9,4,5.8,5,6.8,5,5.7,6,7.4,4,6.4,5,8.0,7,6.7,7,7.3,7,7.8,7,7.5,7,5.8,7,6.3,7,9.4,5,8.0,7,7.8,7,7.8,7,7.3,7,6.0,7,6.8,7,9.7,7,9.6,7,6.4,7.0,10.3,7,13.2,7,8.7,7,10.9,6,12.1,7,14.8,7,14.7,6,14.0,5,13.3,6,13.6,5,16.7,6
2016-03-04 13:00:00,5.7,4,6.3,4,5.8,5,7.0,5,6.0,6,7.5,4,6.6,5,8.3,6,6.9,7,7.6,7,8.0,7,7.9,7,6.3,7,6.8,7,9.7,5,8.4,7,8.1,7,8.3,7,7.7,7,6.5,7,7.1,7,9.9,7,10.1,7,6.4,7.0,10.6,7,14.0,7,9.2,7,11.2,6,12.4,7,15.6,7,15.3,7,14.7,5,14.0,6,14.0,5,17.0,6
2016-03-04 14:00:00,5.8,4,6.4,4,5.5,5,7.0,5,6.0,6,7.5,4,6.7,5,8.3,5,6.8,7,7.6,6,8.0,6,8.0,7,6.4,7,7.0,7,9.7,5,8.5,7,8.2,7,8.5,6,7.8,7,6.6,7,7.4,7,9.6,7,10.1,7,5.8,7.0,10.8,7,14.2,7,9.5,7,11.1,7,12.4,7,15.9,7,15.4,7,14.8,6,14.2,6,14.2,6,16.8,7
2016-03-04 15:00:00,6.3,2,7.1,5,6.7,5,7.4,5,7.2,6,6.9,5,7.1,6,8.3,5,6.8,6,7.7,6,8.0,6,8.1,6,6.1,7,6.9,7,9.0,5,8.4,6,7.9,7,8.3,7,7.4,7,6.2,7,7.4,7,9.0,7,9.7,7,6.2,7.0,10.6,7,13.4,7,9.6,7,11.6,7,13.1,7,14.7,7,14.9,7,14.1,6,14.3,6,14.1,6,15.8,6
2016-03-04 16:00:00,6.0,2,6.2,5,6.1,5,6.6,5,6.3,6,6.6,5,6.4,6,7.5,4,6.1,6,6.9,5,7.4,5,7.1,6,5.5,7,6.4,7,8.3,5,7.7,5,7.1,7,7.4,7,7.0,7,5.5,7,6.7,7,8.2,7,9.3,7,5.6,7.0,9.9,6,12.7,7,9.3,7,10.2,7,12.3,7,14.0,7,14.1,7,13.6,6,13.6,6,13.6,6,15.2,6
2016-03-04 17:00:00,5.6,3,5.2,5,5.3,5,5.6,5,5.1,6,6.2,5,5.6,6,6.5,3,5.3,5,6.0,5,6.7,5,5.8,7,4.9,7,5.8,7,7.4,4,6.7,4,6.0,7,6.3,7,6.3,7,4.7,7,5.9,6,7.3,7,8.8,7,4.9,7.0,9.0,6,11.9,7,8.8,7,8.6,7,11.4,7,13.0,7,13.0,7,12.9,6,12.8,6,12.9,6,14.4,6
2016-03-04 18:00:00,5.3,3,4.2,4,4.6,5,4.7,5,4.0,6,5.8,5,5.0,5,5.6,3,4.6,4,5.1,4,6.1,5,4.7,7,4.4,7,5.2,7,6.4,3,5.7,4,5.1,6,5.3,7,5.6,7,4.1,7,5.1,6,6.6,7,8.3,7,4.3,7.0,8.2,6,11.0,7,8.4,7,7.3,7,10.5,7,12.0,7,11.9,7,12.3,6,12.0,7,12.3,6,13.3,7
2016-03-04 19:00:00,5.1,4,3.6,5,4.0,5,4.1,5,3.2,6,5.5,5,4.7,5,4.8,3,4.0,4,4.4,4,5.7,4,4.2,6,4.1,7,4.8,7,5.6,3,5.0,4,4.5,6,4.8,7,5.0,7,3.8,7,4.6,5,6.0,7,7.9,7,3.9,7.0,7.6,6,10.3,7,8.1,7,6.5,7,9.6,7,11.3,7,10.9,7,11.9,6,11.4,7,11.9,7,12.1,7
2016-03-04 20:00:00,4.9,4,3.3,5,3.5,5,3.7,5,2.7,6,5.2,5,4.6,5,4.2,4,3.7,4,4.0,4,5.5,4,4.0,6,3.8,7,4.5,7,4.9,2,4.6,4,4.3,5,4.6,7,4.6,7,3.6,7,4.2,6,5.6,7,7.6,7,3.6,7.0,7.2,6,9.8,7,7.9,7,6.1,7,8.9,6,10.8,7,10.2,7,11.7,6,11.1,7,11.7,7,10.9,6
2016-03-04 21:00:00,4.5,4,2.9,5,2.9,5,3.3,5,2.2,6,5.1,5,4.5,5,3.7,4,3.2,4,3.5,5,5.1,4,3.7,6,3.6,7,4.1,7,4.3,2,4.2,5,4.1,5,4.3,6,4.2,7,3.5,7,3.9,5,5.3,6,7.3,7,3.4,7.0,6.9,6,9.3,7,7.7,7,5.8,7,8.1,6,10.4,7,9.6,7,11.3,6,10.7,6,11.4,6,10.1,6
2016-03-04 22:00:00,4.2,4,2.5,5,2.4,5,2.9,5,1.7,6,4.9,4,4.3,4,3.3,4,2.8,5,3.0,5,4.6,5,3.4,5,3.3,6,3.8,7,3.8,2,3.9,5,3.9,5,4.2,6,3.7,7,3.3,7,3.6,5,5.0,6,6.9,7,3.2,6.0,6.7,6,8.8,7,7.4,7,5.5,6,7.4,6,10.0,6,9.1,6,11.0,6,10.4,6,11.1,6,9.5,6
2016-03-04 23:00:00,3.8,4,2.2,5,1.9,5,2.7,5,1.3,6,4.8,3,4.1,5,2.9,4,2.3,5,2.6,5,4.2,5,3.1,6,3.0,6,3.5,7,3.4,3,3.5,5,3.7,5,3.9,6,3.4,7,3.1,7,3.3,5,4.7,5,6.6,7,3.1,6.0,6.5,5,8.3,6,7.0,6,5.2,6,6.7,6,9.7,6,8.6,6,10.6,6,10.1,6,10.8,6,9.0,6
2016-03-05 00:00:00,3.5,4,1.9,5,1.5,5,2.5,5,0.9,6,4.7,3,3.9,5,2.6,4,1.9,5,2.1,5,3.7,5,2.7,6,2.7,6,3.3,6,3.1,3,3.2,6,3.3,6,3.6,6,2.9,7,2.9,6,3.1,5,4.3,5,6.2,6,2.9,6.0,6.2,5,7.7,6,6.6,6,4.9,6,6.2,5,9.3,6,8.2,6,10.1,6,9.8,6,10.5,6,8.7,5
2016-03-05 01:00:00,3.1,4,1.7,5,1.1,5,2.4,5,0.5,6,4.6,3,3.6,5,2.4,5,1.5,5,1.7,5,3.1,5,2.3,6,2.4,6,3.1,6,2.9,4,2.8,6,2.8,6,3.1,5,2.5,7,2.7,6,3.0,5,3.9,5,5.8,6,2.7,6.0,5.9,5,7.1,6,6.0,6,4.7,6,5.9,5,8.9,6,7.7,6,9.6,5,9.5,6,10.2,6,8.5,5
2016-03-05 02:00:00,2.8,4,1.6,5,0.9,6,2.3,5,0.2,6,4.5,4,3.4,5,2.2,5,1.0,5,1.2,5,2.6,5,1.9,6,2.1,5,3.0,6,2.7,5,2.4,6,2.3,6,2.6,5,2.1,7,2.5,6,2.8,5,3.4,5,5.3,6,2.5,6.0,5.6,5,6.5,6,5.5,6,4.5,6,5.7,5,8.4,5,7.2,5,9.0,5,9.2,5,9.8,5,8.5,5
2016-03-05 03:00:00,3.7,7,2.1,7,1.8,6,2.6,6,1.8,7,4.8,3,3.0,4,2.7,5,1.6,7,1.9,7,3.6,7,3.5,6,4.4,6,4.2,6,3.5,3,2.8,4,2.5,5,3.5,5,3.4,6,3.5,7,2.3,6,3.1,5,5.2,7,3.0,7.0,6.0,6,6.3,6,6.2,7,4.5,7,5.6,6,7.4,6,7.3,5,8.6,7,9.3,6,10.1,7,8.0,6
2016-03-05 04:00:00,3.3,6,1.6,7,1.4,6,2.2,6,1.5,7,4.5,4,2.7,3,2.5,4,1.1,7,1.5,7,3.2,7,3.2,6,3.7,6,3.8,6,3.3,2,2.4,4,2.2,5,3.2,6,3.0,6,3.1,7,2.1,6,2.7,6,4.8,6,2.5,7.0,5.7,5,5.6,6,5.5,7,4.1,7,5.2,6,7.1,6,6.5,5,7.8,6,8.3,6,9.7,7,7.7,5
2016-03-05 05:00:00,3.0,6,1.1,7,1.1,6,1.9,5,1.3,7,4.2,4,2.5,3,2.3,4,0.8,7,1.3,7,2.9,7,2.9,6,3.0,7,3.5,6,3.0,2,2.0,4,2.0,6,2.9,6,2.5,4,2.8,7,1.9,7,2.2,6,4.5,5,2.0,7.0,5.4,4,5.1,6,5.0,7,3.8,6,4.9,6,6.9,6,5.9,6,7.2,6,7.5,7,9.5,7,7.6,4
2016-03-05 06:00:00,2.9,6,0.9,7,1.1,6,1.8,5,1.3,7,4.1,4,2.5,3,2.3,4,0.8,6,1.4,7,2.8,7,2.7,7,2.6,7,3.3,6,3.0,2,1.9,4,2.0,6,2.8,7,2.2,4,2.8,6,1.9,7,2.0,7,4.3,4,1.6,7.0,5.3,4,5.1,6,4.8,7,3.7,6,4.9,5,7.0,6,5.9,6,7.1,6,7.1,7,9.4,6,7.7,3
2016-03-05 07:00:00,3.2,5,1.3,6,1.6,7,2.2,5,1.7,6,4.3,4,2.7,3,2.6,4,1.3,6,1.8,6,3.0,6,2.8,7,2.7,7,3.5,6,3.3,2,2.2,5,2.2,6,3.0,7,2.3,4,3.2,6,2.0,7,2.1,7,4.3,5,1.5,7.0,5.5,5,5.7,5,5.2,7,4.1,6,5.2,6,7.4,5,6.8,5,7.6,5,7.6,6,9.5,6,8.3,3
2016-03-05 08:00:00,3.7,5,2.1,6,2.6,6,2.9,5,2.4,6,4.7,3,3.2,3,3.2,4,2.0,6,2.5,6,3.5,6,3.2,7,3.2,7,3.9,6,4.0,2,2.8,5,2.6,7,3.4,7,2.7,5,3.9,5,2.3,7,2.7,7,4.5,5,1.8,7.0,6.0,6,6.7,5,6.0,7,4.8,6,5.9,6,8.1,5,8.2,5,8.6,5,8.6,5,9.8,6,9.2,3
2016-03-05 09:00:00,4.3,5,3.2,5,3.7,6,3.7,5,3.3,6,5.3,3,3.8,4,4.1,4,3.0,6,3.4,6,4.2,6,3.8,6,3.9,6,4.5,6,5.0,3,3.7,6,3.2,7,4.0,7,3.3,5,4.6,5,2.7,7,3.5,7,5.1,6,2.3,7.0,6.7,6,8.0,5,7.0,6,5.7,7,6.8,6,9.0,5,9.6,4,9.7,4,9.7,4,10.4,5,10.3,3
2016-03-05 10:00:00,4.9,5,4.3,5,4.8,6,4.5,6,4.1,6,6.1,3,4.5,4,5.3,4,4.0,6,4.5,6,5.1,6,4.5,6,4.6,6,5.2,6,6.1,4,4.6,6,3.9,7,4.7,7,4.0,6,5.2,4,3.3,6,4.6,7,6.1,6,3.1,6.0,7.6,6,9.4,5,7.9,5,6.7,7,7.9,6,10.1,5,10.7,4,10.7,3,10.6,3,11.2,4,11.5,4
2016-03-05 11:00:00,5.4,5,5.3,4,5.8,6,5.3,6,4.8,6,6.8,2,5.2,4,6.6,4,4.8,6,5.5,6,6.0,6,5.2,6,5.3,6,6.0,5,7.2,4,5.5,7,4.7,7,5.4,6,4.8,7,5.8,3,4.0,6,5.7,7,7.2,6,3.9,4.0,8.5,6,10.6,5,8.6,4,7.6,7,9.0,6,11.2,4,11.5,4,11.4,3,11.4,2,12.1,2,12.6,4
2016-03-05 12:00:00,5.7,5,6.1,5,6.4,6,5.8,6,5.4,6,7.3,2,5.8,4,7.6,3,5.4,6,6.2,6,6.6,6,5.9,7,5.9,6,6.7,5,8.1,5,6.3,7,5.4,7,6.0,6,5.4,7,6.2,3,4.6,6,6.6,7,8.1,6,4.6,4.0,9.2,6,11.5,5,9.2,3,8.3,7,9.8,7,12.2,4,12.1,4,12.0,2,12.1,2,12.8,2,13.4,5
2016-03-05 13:00:00,5.9,5,6.5,5,6.6,6,6.1,5,5.7,6,7.5,2,6.1,4,8.0,3,5.6,7,6.4,6,6.8,6,6.4,7,6.3,7,7.3,5,8.6,5,6.8,7,6.0,7,6.4,7,5.8,7,6.5,4,5.1,6,7.0,7,8.4,6,4.9,4.0,9.7,6,11.9,5,9.5,2,8.7,7,10.2,7,13.0,3,12.6,4,12.3,2,12.8,2,13.2,1,13.8,5
2016-03-05 14:00:00,5.9,4,6.5,5,6.5,6,6.1,5,5.8,6,7.3,3,6.1,5,8.0,4,5.5,7,6.3,7,6.7,7,6.5,7,6.3,7,7.5,6,8.6,4,7.0,6,6.2,7,6.5,7,5.8,7,6.6,5,5.3,6,6.9,7,8.3,7,4.9,4.0,9.8,6,11.9,5,9.5,3,8.7,7,10.3,7,13.4,3,12.7,4,12.3,2,13.3,3,13.2,2,13.7,6
2016-03-05 15:00:00,5.8,3,6.2,5,6.4,6,6.3,5,6.0,6,6.9,3,6.1,5,7.4,5,5.8,6,6.5,6,6.9,6,6.4,5,5.5,7,6.6,6,8.3,4,6.9,5,6.1,6,6.3,6,5.8,6,5.8,7,5.1,5,6.2,6,7.1,6,3.5,7.0,9.2,4,11.4,5,8.8,4,7.9,7,8.9,5,12.7,2,12.5,3,12.2,2,12.7,2,13.2,1,12.7,5
2016-03-05 16:00:00,5.4,3,5.5,4,5.6,6,5.7,4,5.2,6,6.5,3,5.6,4,6.6,4,5.2,5,5.8,5,6.3,5,5.6,5,5.0,7,5.9,5,7.6,4,6.2,5,5.4,6,5.4,6,5.2,6,5.0,7,4.6,6,5.5,6,6.4,6,2.8,7.0,8.7,5,10.1,4,7.8,3,7.0,6,8.3,4,11.7,2,11.2,2,11.4,2,12.0,2,12.6,2,11.7,5
2016-03-05 17:00:00,5.0,3,4.7,4,4.7,6,4.9,4,4.3,6,5.9,4,5.0,3,5.6,4,4.6,4,5.0,4,5.6,4,4.5,4,4.3,7,5.0,4,6.7,3,5.3,5,4.5,6,4.3,6,4.3,6,4.1,7,3.9,6,4.7,6,5.6,5,2.0,7.0,7.9,5,8.6,3,6.6,3,5.9,6,7.6,3,10.4,2,9.5,2,10.4,2,11.0,2,11.7,2,10.5,4
2016-03-05 18:00:00,4.6,4,3.9,3,3.9,6,4.2,4,3.3,6,5.4,5,4.5,3,4.7,3,3.9,2,4.2,2,5.0,2,3.4,3,3.7,7,4.2,4,5.7,3,4.4,5,3.7,6,3.2,6,3.5,6,3.3,7,3.2,7,3.9,6,4.9,5,1.2,6.0,7.1,4,7.1,2,5.5,2,4.8,5,6.8,3,9.2,2,7.9,2,9.3,2,9.9,2,10.8,1,9.4,4
2016-03-05 19:00:00,4.4,3,3.4,3,3.5,6,3.7,4,2.5,6,4.9,5,4.2,3,4.0,3,3.3,2,3.6,2,4.7,2,2.5,4,3.2,7,3.7,4,4.9,3,3.6,5,3.2,6,2.4,5,2.9,6,2.8,7,2.6,7,3.3,6,4.4,5,0.6,6.0,6.3,3,6.1,2,4.8,2,4.1,5,6.1,3,8.3,2,6.9,2,8.3,2,8.9,2,10.0,1,8.7,4
2016-03-05 20:00:00,4.3,3,3.0,3,3.2,5,3.3,4,1.9,6,4.5,4,3.9,3,3.4,3,2.8,2,3.1,2,4.5,2,2.0,5,2.7,7,3.4,4,4.2,2,3.1,4,2.9,5,2.0,4,2.5,6,2.5,7,2.1,7,3.0,7,4.0,6,0.1,6.0,5.7,3,5.4,2,4.4,2,3.6,5,5.5,4,7.6,2,6.2,2,7.4,1,7.9,1,9.3,1,8.3,4
2016-03-05 21:00:00,4.0,3,2.6,3,2.8,5,2.9,4,1.4,6,4.2,4,3.6,3,2.8,3,2.3,2,2.5,2,4.2,2,1.5,5,2.3,7,3.0,5,3.5,2,2.5,3,2.4,5,1.6,3,2.0,5,2.3,7,1.7,7,2.6,6,3.7,6,-0.2,6.0,5.1,3,4.7,2,3.7,2,3.1,5,5.0,5,7.0,2,5.6,2,6.7,2,7.2,2,8.7,1,7.7,4
2016-03-05 22:00:00,3.7,3,2.3,3,2.3,5,2.7,4,1.0,6,4.1,4,3.3,3,2.3,3,1.7,2,2.0,2,3.8,2,1.2,5,1.9,6,2.6,5,2.9,2,2.1,3,1.9,4,1.4,3,1.6,5,2.0,7,1.3,6,2.3,6,3.3,6,-0.4,6.0,4.5,3,4.2,2,3.2,1,2.8,5,4.5,5,6.4,2,5.1,2,6.1,2,6.6,2,8.1,2,7.2,4
2016-03-05 23:00:00,3.4,3,2.1,4,1.9,5,2.5,3,0.7,6,4.0,4,3.1,4,1.9,3,1.3,3,1.5,3,3.3,2,0.9,5,1.6,6,2.3,5,2.4,2,1.7,3,1.5,4,1.2,3,1.3,4,1.8,6,1.0,6,2.0,6,3.0,6,-0.6,6.0,4.1,3,3.8,2,2.7,2,2.5,5,4.0,5,6.0,3,4.7,2,5.7,2,6.2,2,7.7,2,6.8,4
2016-03-06 00:00:00,3.2,3,2.0,4,1.6,5,2.3,4,0.4,6,3.9,5,2.9,4,1.7,4,0.9,3,1.1,3,2.9,3,0.8,5,1.4,6,2.1,5,2.1,2,1.4,4,1.2,4,1.1,3,0.9,4,1.5,6,0.7,6,1.7,6,2.7,6,-0.6,6.0,3.7,4,3.5,2,2.4,2,2.3,5,3.7,5,5.6,3,4.5,3,5.4,2,5.8,3,7.3,2,6.5,5
2016-03-06 01:00:00,2.9,4,1.9,5,1.4,5,2.2,4,0.1,6,3.9,5,2.7,4,1.5,4,0.6,4,0.8,4,2.4,3,0.6,6,1.3,6,1.9,5,2.0,3,1.2,4,0.9,5,1.0,4,0.7,5,1.3,6,0.5,6,1.5,6,2.6,6,-0.7,5.0,3.4,4,3.3,3,2.1,3,2.2,5,3.4,5,5.3,3,4.3,3,5.2,2,5.5,3,7.0,2,6.2,5
2016-03-06 02:00:00,2.7,5,1.8,5,1.3,6,2.2,5,-0.1,5,3.9,5,2.6,5,1.5,4,0.4,4,0.5,4,2.1,4,0.5,6,1.1,6,1.8,6,1.9,3,1.0,5,0.7,5,0.9,5,0.4,6,1.0,6,0.3,6,1.3,6,2.6,6,-0.8,5.0,3.2,4,3.2,3,1.9,4,2.1,5,3.2,5,5.1,4,4.2,4,5.2,3,5.4,3,6.8,3,6.1,5
2016-03-06 03:00:00,3.6,4,1.9,6,1.5,6,3.1,4,0.7,7,3.8,1,2.9,2,2.1,2,0.9,5,1.1,5,2.8,5,1.3,6,1.6,7,2.2,6,2.2,2,1.7,6,1.0,7,1.2,6,1.0,7,1.2,7,0.4,7,1.5,7,2.2,7,-0.8,6.0,3.7,2,2.7,2,1.8,1,2.7,7,3.6,7,5.0,4,3.7,2,4.4,2,5.3,1,6.0,1,6.4,5
2016-03-06 04:00:00,3.4,4,1.9,6,1.4,6,2.7,4,0.5,7,3.6,1,2.5,2,1.7,2,0.6,4,0.7,4,2.4,5,0.8,7,1.2,7,1.9,6,1.7,2,1.4,6,0.8,6,1.0,6,0.7,7,1.0,7,0.2,6,1.1,7,2.1,7,-1.2,6.0,3.3,2,2.2,2,1.2,1,2.3,7,3.3,7,4.5,4,2.9,3,3.9,2,4.6,1,5.5,1,6.1,5
2016-03-06 05:00:00,3.1,4,2.0,5,1.5,6,2.2,4,0.5,7,3.5,1,2.1,2,1.4,2,0.5,3,0.5,4,2.0,4,0.3,7,0.7,7,1.7,7,1.2,2,1.1,6,0.6,6,0.9,6,0.3,7,0.9,7,0.2,6,0.7,7,2.1,7,-1.7,6.0,3.1,2,1.7,3,0.8,1,2.0,7,3.1,7,4.1,5,2.3,4,3.6,3,3.9,1,5.0,1,5.8,5
2016-03-06 06:00:00,3.0,4,2.2,5,1.8,6,2.1,4,0.6,7,3.6,2,2.1,2,1.4,2,0.6,3,0.6,3,2.0,4,0.2,7,0.6,7,1.6,7,1.2,2,1.1,5,0.7,6,1.0,6,0.2,7,0.9,7,0.2,6,0.6,7,2.0,7,-1.9,6.0,3.2,2,1.7,3,0.7,1,2.1,6,3.1,7,4.1,5,2.3,4,3.7,3,3.8,2,5.1,1,5.9,5
2016-03-06 07:00:00,3.1,4,2.5,5,2.3,6,2.5,4,1.1,7,3.9,2,2.6,2,1.8,2,1.1,3,1.1,4,2.4,4,0.7,7,1.0,7,1.9,7,1.9,2,1.5,5,1.1,6,1.4,6,0.6,7,1.2,7,0.4,6,0.9,7,1.9,7,-1.7,6.0,3.7,2,2.4,3,1.3,2,2.6,6,3.5,7,4.7,4,3.4,4,4.2,3,4.4,2,5.9,1,6.4,4
2016-03-06 08:00:00,3.3,4,3.5,5,3.1,6,3.2,5,1.9,7,4.5,2,3.4,3,1.7,3,1.8,3,1.9,4,2.6,4,1.8,7,0.4,7,2.1,7,2.5,2,2.3,4,1.6,7,1.9,6,0.6,7,1.0,6,0.8,6,1.5,7,0.5,7,-1.6,7.0,4.5,3,4.3,3,2.5,2,3.1,6,4.2,7,6.5,3,5.2,3,4.5,3,5.7,2,7.1,2,7.3,4
2016-03-06 09:00:00,3.7,4,4.0,6,3.9,6,4.1,5,2.8,7,5.2,3,4.3,3,2.9,4,2.7,4,3.0,4,3.6,4,3.0,7,1.1,7,2.8,7,4.1,2,3.2,4,2.3,7,2.6,7,1.8,7,1.7,6,1.3,6,2.3,7,1.2,7,-0.6,7.0,5.5,3,5.7,3,4.0,2,3.8,6,5.1,7,7.3,2,7.1,3,5.9,3,7.3,2,8.5,2,8.2,4
2016-03-06 10:00:00,4.2,4,4.6,6,4.8,6,4.9,5,3.7,7,6.0,3,5.1,3,4.4,4,3.7,4,4.2,5,4.5,4,4.2,7,1.9,7,3.6,7,5.7,2,4.2,4,3.1,7,3.3,7,3.0,7,2.6,6,2.0,6,3.2,7,2.4,7,0.6,6.0,6.6,3,7.2,3,5.5,2,4.6,5,6.1,6,8.4,2,8.8,3,7.5,2,9.0,2,9.8,2,9.1,4
2016-03-06 11:00:00,4.6,5,5.2,6,5.5,6,5.6,5,4.5,7,6.7,3,5.6,4,5.8,3,4.6,5,5.3,5,5.5,5,5.1,7,2.5,7,4.4,7,7.0,2,5.2,5,3.9,7,3.9,7,4.2,7,3.6,7,2.7,5,4.1,7,3.7,7,1.7,6.0,7.7,3,8.5,3,6.9,2,5.3,5,6.9,6,9.5,2,10.1,3,9.0,2,10.5,2,10.9,2,9.8,4
2016-03-06 12:00:00,5.0,5,5.6,6,6.0,6,6.1,5,5.0,6,7.3,4,6.0,4,6.8,3,5.3,5,6.1,5,6.2,5,5.8,7,3.0,7,5.0,7,8.1,3,6.0,5,4.6,7,4.5,7,5.1,7,4.2,7,3.3,5,4.8,6,4.9,7,2.5,6.0,8.5,4,9.5,3,7.9,2,5.9,6,7.6,6,10.5,3,11.0,3,10.1,2,11.8,2,11.7,2,10.4,4
2016-03-06 13:00:00,5.2,5,5.8,6,6.1,6,6.3,5,5.2,6,7.5,4,6.2,4,7.2,4,5.6,5,6.4,5,6.6,5,6.1,7,3.3,7,5.2,7,8.7,4,6.6,6,5.0,7,5.0,7,5.4,7,4.3,7,3.8,4,5.1,7,5.3,7,2.9,6.0,8.9,4,10.0,3,8.5,2,6.3,6,8.0,6,11.1,2,11.5,3,10.7,2,12.7,2,12.2,2,10.7,4
2016-03-06 14:00:00,5.2,4,5.8,6,5.9,7,6.2,5,5.1,7,7.5,4,6.1,4,7.2,4,5.5,6,6.2,6,6.5,6,6.0,7,3.3,7,5.1,7,8.8,5,6.8,6,5.2,6,5.3,7,5.2,7,4.0,7,4.1,4,5.1,7,5.1,7,2.7,6.0,9.0,5,10.0,3,8.5,2,6.3,6,8.0,6,11.2,2,11.6,2,10.7,2,13.0,2,12.3,2,10.8,3
2016-03-06 15:00:00,5.6,5,6.0,6,6.0,7,6.0,4,5.6,7,6.9,4,5.9,6,7.6,4,5.4,5,6.1,6,6.5,6,6.1,6,4.9,7,6.0,7,8.5,5,6.9,5,5.4,5,5.4,6,5.2,6,4.5,7,4.4,4,5.1,5,5.9,6,2.8,7.0,8.3,6,9.6,3,7.9,2,7.0,7,7.5,6,12.1,2,11.3,3,10.7,1,12.5,1,12.3,3,10.6,2
2016-03-06 16:00:00,5.3,5,5.3,6,5.3,7,5.6,4,5.1,7,6.6,5,5.4,5,6.9,4,4.9,5,5.4,5,5.9,5,5.3,6,4.4,7,5.3,7,7.8,4,6.3,5,4.7,5,4.6,6,4.6,6,3.9,7,4.0,4,4.6,5,5.3,6,2.0,7.0,7.8,6,8.6,2,7.0,2,6.1,7,7.0,6,11.0,3,10.1,3,10.1,1,11.5,1,11.8,3,10.0,2
2016-03-06 17:00:00,5.0,5,4.4,5,4.6,6,5.0,4,4.4,6,6.1,5,4.9,5,6.2,4,4.2,4,4.6,5,5.3,5,4.2,6,3.7,7,4.5,6,6.9,3,5.5,5,3.7,5,3.6,5,3.8,6,3.1,6,3.5,4,3.9,5,4.6,6,1.2,6.0,7.2,5,7.4,2,5.8,1,4.9,6,6.3,6,9.6,3,8.5,3,9.2,1,10.1,1,11.0,3,9.2,1
2016-03-06 18:00:00,4.7,5,3.6,5,3.9,6,4.4,4,3.6,6,5.8,6,4.6,4,5.4,4,3.6,4,3.9,4,4.8,4,3.1,6,3.1,7,3.7,6,6.0,3,4.6,5,2.9,4,2.6,5,2.9,6,2.4,6,2.9,4,3.2,5,4.0,6,0.4,6.0,6.5,5,6.3,2,4.8,1,4.0,6,5.7,6,8.3,4,7.0,3,8.3,1,8.7,1,10.1,4,8.4,2
2016-03-06 19:00:00,4.5,5,3.2,5,3.4,6,3.9,5,2.7,6,5.6,6,4.5,4,4.7,5,3.1,4,3.4,3,4.5,4,2.3,6,2.8,6,3.1,6,5.3,4,3.9,5,2.5,4,1.9,5,2.1,6,1.8,6,2.4,4,2.6,5,3.6,7,-0.3,6.0,6.0,5,5.5,2,4.1,1,3.5,6,5.1,6,7.4,4,6.0,3,7.4,1,7.7,1,9.2,4,7.9,2
2016-03-06 20:00:00,4.4,5,3.0,5,3.1,5,3.5,5,1.9,6,5.6,5,4.7,5,4.2,5,2.6,4,3.0,3,4.3,4,1.9,6,2.6,6,2.7,7,4.8,5,3.4,5,2.3,4,1.5,6,1.5,6,1.5,6,2.0,4,2.2,5,3.2,7,-0.7,6.0,5.5,5,4.9,2,3.7,2,3.3,6,4.6,6,6.9,3,5.4,3,6.6,1,6.9,1,8.4,5,7.5,3
2016-03-06 21:00:00,4.2,5,2.8,5,2.6,6,3.1,6,1.4,6,5.5,5,4.5,4,3.8,5,2.1,4,2.5,3,3.9,4,1.6,6,2.4,6,2.3,7,4.3,6,2.8,5,1.9,5,1.1,6,1.0,6,1.1,6,1.6,4,1.9,5,2.9,6,-1.1,6.0,5.2,5,4.4,2,3.2,1,3.0,6,4.1,5,6.2,3,4.9,3,5.9,1,6.2,2,7.8,5,7.0,3
2016-03-06 22:00:00,3.9,5,2.5,5,2.2,6,2.9,6,0.9,6,5.4,4,4.4,4,3.4,5,1.6,4,2.1,4,3.5,4,1.4,6,2.1,6,2.0,7,3.9,6,2.3,5,1.6,5,0.9,5,0.5,6,0.7,6,1.3,4,1.6,5,2.5,6,-1.5,6.0,4.9,5,3.9,3,2.7,1,2.8,6,3.7,5,5.7,2,4.6,3,5.4,1,5.7,2,7.3,5,6.6,3
2016-03-06 23:00:00,3.6,5,2.3,5,1.8,6,2.6,7,0.6,6,5.3,4,4.2,4,3.1,5,1.2,4,1.7,4,3.0,5,1.2,6,1.9,6,1.7,7,3.5,7,1.9,5,1.2,5,0.7,5,0.2,6,0.4,6,1.0,4,1.5,5,2.2,6,-1.8,6.0,4.7,5,3.6,3,2.3,1,2.6,6,3.4,5,5.2,2,4.5,3,4.9,2,5.3,2,6.8,5,6.3,3
2016-03-07 00:00:00,3.3,5,2.0,6,1.6,6,2.4,7,0.3,6,5.1,4,3.9,4,2.8,5,0.7,5,1.3,4,2.6,5,1.0,6,1.6,6,1.5,6,3.1,7,1.5,5,0.9,6,0.5,5,-0.1,6,0.2,6,0.8,5,1.3,5,1.8,6,-2.1,5.0,4.5,5,3.3,3,1.8,2,2.5,6,3.1,5,4.9,2,4.4,4,4.6,2,5.0,3,6.4,5,6.0,4
2016-03-07 01:00:00,3.0,5,1.8,6,1.4,6,2.2,7,0.1,6,4.8,5,3.6,4,2.4,5,0.4,5,1.0,5,2.2,5,0.8,6,1.3,6,1.2,6,2.8,7,1.1,6,0.5,5,0.3,5,-0.3,6,-0.1,6,0.6,5,1.1,5,1.5,5,-2.4,5.0,4.3,5,3.2,3,1.5,3,2.5,5,3.0,5,4.6,3,4.2,4,4.3,2,4.8,3,6.1,5,5.8,4
2016-03-07 02:00:00,2.6,5,1.6,6,1.2,6,2.0,7,-0.1,6,4.5,5,3.3,5,2.1,6,0.1,5,0.6,5,1.8,5,0.5,6,0.9,5,1.1,6,2.6,6,0.8,6,0.1,5,0.1,5,-0.5,6,-0.4,6,0.3,5,0.9,5,1.1,5,-2.7,5.0,4.2,5,3.0,4,1.1,4,2.5,5,3.0,5,4.4,3,4.0,4,4.2,2,4.5,3,5.7,5,5.6,4
2016-03-07 03:00:00,2.8,3,1.1,5,0.7,5,2.2,6,0.0,6,4.0,4,2.7,5,2.1,5,-0.3,5,0.0,4,1.5,4,0.8,6,1.9,7,2.1,7,3.2,5,1.7,6,0.0,4,0.7,5,0.3,6,0.2,7,0.3,7,0.6,6,1.3,6,-2.9,5.0,4.8,7,2.0,2,0.7,1,2.8,7,3.2,5,4.0,3,3.1,3,3.6,2,3.8,1,5.5,1,5.7,5
2016-03-07 04:00:00,2.4,3,0.6,4,0.3,5,1.7,5,-0.6,6,3.8,5,2.5,5,1.8,5,-0.6,5,-0.3,4,1.2,5,0.2,7,1.5,7,1.7,7,2.9,4,1.3,6,-0.2,4,0.0,6,0.1,6,0.1,7,0.1,7,0.2,7,1.3,6,-3.2,6.0,4.7,7,1.3,4,0.1,2,2.7,7,3.3,6,3.4,4,2.4,4,3.1,3,3.1,1,4.9,1,5.4,6
2016-03-07 05:00:00,2.1,3,0.2,4,0.0,5,1.3,4,-1.0,7,3.7,6,2.4,5,1.5,5,-0.7,5,-0.4,5,1.1,5,-0.4,7,1.0,7,1.4,7,2.5,3,0.9,6,-0.4,4,-0.6,6,-0.1,6,0.1,7,0.0,7,-0.1,7,1.2,6,-3.4,6.0,4.5,7,0.6,5,-0.4,2,2.7,6,3.3,6,3.0,4,1.8,5,2.8,4,2.4,2,4.5,2,5.2,6
2016-03-07 06:00:00,1.9,2,0.1,3,0.0,4,1.2,4,-0.9,7,3.8,6,2.4,6,1.5,5,-0.6,6,-0.2,5,1.2,5,-0.5,7,0.8,6,1.3,7,2.3,3,0.8,6,-0.4,4,-0.8,6,-0.1,6,0.3,7,0.1,7,-0.2,7,1.3,6,-3.4,6.0,4.4,6,0.5,5,-0.4,2,2.8,6,3.3,7,3.0,5,1.8,5,2.9,4,2.2,2,4.6,2,5.2,6
2016-03-07 07:00:00,2.1,2,0.4,3,0.6,4,1.7,4,-0.2,7,4.1,6,2.7,6,1.8,6,0.0,6,0.3,5,1.6,6,0.0,7,1.0,6,1.6,7,2.6,3,1.1,5,-0.1,5,-0.3,6,0.3,6,0.8,7,0.4,7,0.2,6,1.5,6,-3.1,5.0,4.5,6,1.3,5,0.3,2,3.1,6,3.3,7,3.6,4,2.8,5,3.5,4,2.8,2,5.4,2,5.7,6
2016-03-07 08:00:00,2.5,2,1.1,2,1.7,4,2.6,5,1.0,7,4.5,5,3.2,5,2.4,6,1.0,6,1.1,6,2.4,6,1.0,7,1.4,6,2.1,7,3.2,4,1.8,5,0.4,5,0.8,6,1.0,6,1.5,6,1.0,6,0.9,6,2.0,6,-2.5,5.0,4.8,5,2.7,5,1.6,2,3.5,7,3.4,7,4.8,4,4.5,4,4.5,4,4.1,2,6.7,2,6.4,6
2016-03-07 09:00:00,3.1,3,2.1,3,2.9,3,3.6,5,2.3,7,5.1,4,3.8,5,3.3,6,2.2,6,2.3,6,3.4,6,2.2,7,2.1,6,2.9,7,4.0,4,2.8,4,1.4,6,2.0,6,2.0,6,2.3,6,1.6,6,1.9,5,2.7,6,-1.4,5.0,5.2,5,4.5,4,3.2,2,4.1,7,3.8,7,6.2,3,6.4,3,5.8,4,5.9,2,8.1,3,7.4,6
2016-03-07 10:00:00,3.7,3,3.3,3,4.1,3,4.5,5,3.5,6,5.8,4,4.5,5,4.5,6,3.5,5,3.8,5,4.6,5,3.4,7,2.8,6,3.8,7,4.8,4,3.9,4,2.7,6,3.1,6,3.1,6,3.1,6,2.2,5,3.0,5,3.8,5,0.1,4.0,5.7,5,6.2,3,4.9,2,4.8,7,4.6,7,7.7,3,8.1,3,7.3,4,7.9,2,9.4,2,8.4,6
2016-03-07 11:00:00,4.3,4,4.5,4,5.2,4,5.2,5,4.4,6,6.4,4,5.2,5,5.7,6,4.7,5,5.2,5,5.8,5,4.4,7,3.5,6,4.6,6,5.7,3,5.0,3,4.1,6,4.1,6,4.2,5,3.9,5,2.8,4,4.1,5,4.9,5,1.7,4.0,6.4,5,7.7,3,6.4,2,5.5,7,5.5,6,9.0,4,9.4,3,8.7,4,9.8,3,10.5,2,9.3,6
2016-03-07 12:00:00,4.8,5,5.4,4,5.9,4,5.7,4,5.0,6,6.8,4,5.7,5,6.7,5,5.5,5,6.2,5,6.6,5,5.2,7,4.1,6,5.3,6,6.4,3,5.9,3,5.3,5,4.9,6,5.1,5,4.4,5,3.4,3,4.9,5,5.9,5,3.0,4.0,7.0,6,8.9,3,7.6,3,6.1,7,6.4,6,10.1,4,10.4,3,9.8,4,11.4,3,11.3,3,10.1,6
2016-03-07 13:00:00,5.0,4,5.7,4,6.2,5,6.0,4,5.3,6,7.0,4,5.8,5,7.1,5,5.8,5,6.5,5,6.8,5,5.6,7,4.5,6,5.7,7,7.0,3,6.5,4,6.0,5,5.6,6,5.5,5,4.6,5,4.0,3,5.3,5,6.4,5,3.6,5.0,7.6,5,9.6,3,8.3,3,6.6,7,7.1,6,10.7,5,11.0,3,10.4,4,12.3,4,11.6,4,10.7,5
2016-03-07 14:00:00,5.0,3,5.6,4,6.0,6,6.0,3,5.2,6,6.9,4,5.7,4,7.1,4,5.6,5,6.2,5,6.6,5,5.7,6,4.7,6,5.8,7,7.4,4,6.7,4,6.2,4,6.1,5,5.5,5,4.6,6,4.4,4,5.4,5,6.5,5,3.6,5.0,8.0,4,9.7,3,8.4,3,6.8,7,7.4,5,10.9,5,11.0,3,10.5,4,12.6,5,11.6,5,10.9,4
2016-03-07 15:00:00,4.5,4,5.1,5,4.9,7,5.5,3,4.9,7,6.4,2,5.0,3,6.6,2,4.7,7,5.7,7,6.0,7,5.4,5,4.5,5,5.5,5,7.6,3,6.0,5,5.5,6,5.8,7,4.5,7,4.1,6,4.5,6,5.3,7,5.8,6,2.9,4.0,7.7,4,10.0,6,7.8,6,7.3,7,7.6,6,11.3,4,11.0,5,10.7,6,12.1,4,12.1,3,11.6,6
2016-03-07 16:00:00,4.3,4,4.4,5,4.2,7,5.0,2,4.2,6,5.9,2,4.5,2,5.7,2,4.2,6,4.9,6,5.4,6,4.5,4,4.0,4,4.8,5,6.9,2,5.4,4,4.8,5,4.8,5,4.0,6,3.5,5,4.1,6,4.7,7,5.3,6,2.1,5.0,7.5,5,9.1,6,6.9,6,6.4,7,7.3,6,10.6,5,10.2,5,10.2,5,11.2,4,11.6,3,10.9,6
2016-03-07 17:00:00,4.0,4,3.6,5,3.6,6,4.3,2,3.4,5,5.3,1,4.0,2,4.6,2,3.6,4,4.0,4,4.8,5,3.2,3,3.2,3,4.0,4,6.0,2,4.6,5,3.7,3,3.4,4,3.3,6,2.8,4,3.4,6,3.9,7,4.7,7,1.2,5.0,7.0,5,7.9,6,5.8,6,5.3,6,6.9,6,9.7,5,9.1,5,9.5,5,10.0,3,10.9,2,10.1,6
2016-03-07 18:00:00,3.8,4,2.9,5,3.0,5,3.6,2,2.5,5,4.6,1,3.5,2,3.7,2,3.0,3,3.2,3,4.2,3,2.0,2,2.4,3,3.3,2,5.1,1,3.7,4,2.7,2,2.1,3,2.5,6,2.1,3,2.7,5,2.9,7,4.0,7,0.4,5.0,6.4,5,6.7,6,4.8,5,4.3,6,6.4,6,8.7,5,7.9,5,8.6,5,8.7,3,10.0,2,9.2,5
2016-03-07 19:00:00,3.6,3,2.5,4,2.6,5,3.1,2,1.7,5,3.9,2,3.1,2,3.0,2,2.4,2,2.6,3,3.9,3,1.2,3,1.8,3,2.8,2,4.3,1,3.0,4,2.0,2,1.3,2,1.7,6,1.6,2,2.2,5,2.1,6,3.4,7,-0.3,5.0,5.7,4,5.8,6,4.1,5,3.6,6,5.9,6,7.8,5,6.8,5,7.6,5,7.5,3,9.1,2,8.5,5
2016-03-07 20:00:00,3.5,3,2.4,4,2.4,5,2.8,3,1.0,6,3.2,2,2.8,2,2.5,1,2.0,2,2.3,3,3.7,3,0.8,4,1.4,4,2.4,2,3.6,1,2.4,3,1.4,3,0.8,2,0.8,6,1.2,2,1.7,5,1.4,6,2.8,7,-0.8,4.0,5.0,3,5.3,6,3.5,6,3.2,5,5.4,6,7.1,5,5.9,5,6.6,4,6.5,3,8.2,2,7.9,5
2016-03-07 21:00:00,3.4,3,2.1,4,2.0,5,2.5,4,0.6,6,2.9,2,2.4,2,1.9,2,1.5,2,1.8,3,3.4,3,0.4,5,1.0,4,1.9,2,2.9,1,1.8,3,0.9,3,0.4,2,0.2,5,0.7,3,1.2,5,1.0,6,2.3,7,-1.4,4.0,4.5,2,4.8,6,2.9,6,2.8,5,4.8,6,6.4,5,5.3,5,5.8,4,5.5,3,7.5,2,7.2,5
2016-03-07 22:00:00,3.2,3,1.8,4,1.6,5,2.3,4,0.2,6,2.8,2,2.0,2,1.4,2,1.0,2,1.2,3,3.0,3,0.1,5,0.6,4,1.5,3,2.2,1,1.4,2,0.4,3,0.0,2,-0.3,5,0.2,3,0.7,5,0.7,6,1.8,7,-2.0,4.0,4.0,1,4.3,6,2.3,6,2.5,5,4.3,6,5.8,5,4.9,5,5.2,4,4.7,3,7.0,2,6.7,5
2016-03-07 23:00:00,3.1,3,1.6,4,1.3,5,2.1,5,-0.2,6,2.7,3,1.8,3,0.9,2,0.6,2,0.7,3,2.5,3,-0.1,5,0.3,4,1.1,3,1.6,1,1.0,2,0.0,3,-0.2,3,-0.7,4,-0.2,3,0.4,5,0.4,6,1.5,6,-2.5,5.0,3.6,1,4.0,6,1.7,6,2.2,5,3.8,6,5.4,5,4.6,5,4.6,3,4.0,2,6.6,2,6.2,5
2016-03-08 00:00:00,2.9,3,1.3,4,0.9,5,2.0,5,-0.6,6,2.6,3,1.5,4,0.6,2,0.2,3,0.2,3,2.0,3,-0.4,6,0.0,4,0.7,4,1.2,2,0.6,2,-0.3,3,-0.4,3,-1.0,4,-0.6,4,0.1,5,0.3,6,1.1,6,-3.0,5.0,3.2,2,3.7,6,1.2,6,1.9,5,3.3,6,5.1,5,4.5,5,4.2,3,3.5,2,6.3,2,5.9,5
2016-03-08 01:00:00,2.6,4,1.0,4,0.5,5,1.9,5,-1.0,6,2.7,4,1.4,4,0.3,3,-0.2,3,-0.3,3,1.5,3,-0.6,6,-0.3,5,0.5,4,0.9,2,0.4,2,-0.5,4,-0.6,4,-1.1,4,-0.9,4,-0.1,5,0.1,6,0.8,6,-3.4,5.0,2.9,3,3.4,5,0.7,6,1.7,5,3.0,5,4.8,4,4.3,4,3.9,3,3.1,2,6.0,2,5.6,5
2016-03-08 02:00:00,2.4,4,0.7,4,0.2,6,1.7,5,-1.5,6,2.8,4,1.3,5,0.1,3,-0.7,3,-0.7,3,1.0,3,-0.8,6,-0.6,5,0.3,5,0.6,2,0.2,2,-0.7,4,-0.7,4,-1.1,5,-1.1,5,-0.3,5,-0.1,6,0.6,6,-3.8,5.0,2.7,4,3.1,5,0.3,6,1.5,6,2.7,5,4.6,4,4.0,4,3.6,3,2.8,2,5.7,2,5.4,5
2016-03-08 03:00:00,2.6,4,0.6,6,0.5,5,1.6,4,-0.3,5,2.9,2,2.2,3,2.0,3,-1.0,2,-0.8,2,1.3,2,0.1,2,-0.3,6,0.4,7,2.5,4,1.2,6,-0.7,3,-0.1,4,-1.3,3,-1.3,7,-0.2,5,0.1,6,-0.3,4,-3.8,5.0,2.8,3,2.7,1,1.1,1,1.6,5,2.0,6,4.2,2,3.7,1,3.5,2,3.7,1,5.5,3,6.1,4
2016-03-08 04:00:00,2.3,4,0.4,6,0.2,5,0.8,4,-0.8,5,2.5,2,1.7,3,1.3,3,-1.2,2,-1.2,2,1.0,2,-0.4,4,-0.6,6,0.3,7,2.2,4,1.0,6,-0.9,3,-0.6,4,-1.4,4,-1.4,7,-0.4,5,-0.3,6,-0.7,4,-4.5,5.0,2.5,4,2.1,1,0.6,1,0.9,4,1.4,6,3.6,1,3.0,1,2.8,1,3.1,1,5.0,3,5.5,3
2016-03-08 05:00:00,2.0,5,0.2,5,-0.1,6,0.1,4,-1.2,5,2.4,3,1.5,3,0.6,3,-1.1,2,-1.3,2,0.7,2,-0.9,5,-0.9,6,0.2,7,1.9,4,0.8,5,-1.0,4,-1.0,4,-1.4,4,-1.4,7,-0.5,5,-0.7,6,-1.0,5,-5.2,5.0,2.3,4,1.5,1,0.2,1,0.4,4,1.0,6,3.1,1,2.4,1,2.3,1,2.6,1,4.7,3,4.9,3
2016-03-08 06:00:00,2.0,5,0.3,5,0.1,6,-0.1,4,-1.1,5,2.6,4,1.6,3,0.4,3,-0.7,2,-1.1,3,0.7,3,-1.0,6,-0.9,6,0.3,6,1.9,3,0.8,4,-0.7,4,-1.0,4,-1.3,5,-1.2,7,-0.5,5,-0.7,6,-1.0,5,-5.5,4.0,2.4,5,1.5,1,0.2,1,0.4,4,1.0,5,3.2,2,2.5,1,2.3,1,2.6,1,4.9,3,4.9,2
2016-03-08 07:00:00,2.4,5,1.0,5,1.0,6,0.8,4,-0.4,5,3.3,4,2.3,3,0.9,4,0.1,3,-0.3,3,1.2,3,-0.4,6,-0.4,6,0.7,7,2.3,3,1.3,4,0.1,4,-0.3,4,-0.9,5,-0.7,7,-0.1,6,-0.1,6,-0.7,5,-5.1,4.0,2.9,5,2.2,1,0.7,1,1.2,4,1.6,6,4.0,2,3.5,1,3.1,1,3.3,1,5.9,3,5.6,2
2016-03-08 08:00:00,3.0,5,2.0,5,2.3,6,2.3,4,0.9,5,4.3,4,3.5,3,2.1,4,1.1,4,0.9,4,2.1,4,0.7,6,0.5,6,1.3,7,3.2,3,2.1,4,1.1,3,1.0,3,-0.1,5,0.1,6,0.5,6,0.8,5,0.0,4,-3.9,4.0,3.8,5,3.4,2,1.7,1,2.6,5,2.7,6,5.3,2,5.1,1,4.5,1,4.7,1,7.3,3,6.8,2
2016-03-08 09:00:00,3.7,5,3.3,6,3.8,6,4.0,4,2.3,5,5.4,4,4.7,4,3.6,5,2.4,4,2.5,4,3.3,4,2.0,5,1.4,7,2.1,7,4.3,4,3.1,4,2.3,3,2.3,4,1.0,5,1.0,6,1.2,7,2.0,4,1.1,4,-2.3,3.0,4.9,5,5.0,2,3.2,1,4.1,6,4.0,6,7.0,1,6.9,1,6.1,1,6.5,1,8.9,3,8.1,2
2016-03-08 10:00:00,4.4,4,4.6,6,5.1,7,5.4,4,3.6,5,6.5,5,5.8,4,5.3,5,3.8,5,4.2,5,4.7,5,3.2,5,2.2,7,3.0,6,5.6,4,4.2,4,3.3,3,3.5,4,2.3,5,1.9,6,2.0,7,3.1,5,2.4,3,-0.3,3.0,6.1,5,6.6,2,5.1,1,5.3,7,5.4,7,8.7,2,8.6,1,7.8,1,8.5,2,10.2,3,9.3,2
2016-03-08 11:00:00,4.9,4,5.8,5,6.1,7,6.4,4,4.8,6,7.4,6,6.6,5,6.9,5,5.0,5,5.7,5,6.0,5,4.2,6,2.8,7,3.8,6,6.8,4,5.3,4,4.2,3,4.5,5,3.6,6,2.7,6,2.7,7,4.1,5,3.8,3,1.5,3.0,7.2,4,8.1,2,6.9,1,6.3,7,6.6,7,10.3,2,9.9,1,9.2,1,10.4,2,11.3,3,10.2,2
2016-03-08 12:00:00,5.4,4,6.6,5,6.8,7,7.1,5,5.5,6,8.1,6,7.2,5,8.0,5,5.9,5,6.8,5,7.0,5,5.1,6,3.4,7,4.5,6,7.8,4,6.2,5,4.9,4,5.2,5,4.6,6,3.3,6,3.4,6,4.8,6,4.9,3,2.9,2.0,8.0,4,9.2,3,8.3,1,6.9,7,7.5,7,11.5,2,10.9,1,10.3,1,11.9,2,11.9,4,10.8,2
2016-03-08 13:00:00,5.8,4,6.9,5,7.1,6,7.5,5,5.8,6,8.4,6,7.5,6,8.5,5,6.3,5,7.3,5,7.4,5,5.7,6,4.0,7,4.9,6,8.3,4,6.8,5,5.5,4,5.7,5,5.1,6,3.5,6,3.9,6,5.1,6,5.5,3,3.4,2.0,8.4,4,9.8,3,8.8,1,7.2,7,8.0,6,12.2,2,11.4,1,10.9,1,12.7,2,12.1,4,11.1,2
2016-03-08 14:00:00,6.0,4,6.8,6,6.9,6,7.5,5,5.7,6,8.5,6,7.6,6,8.5,5,6.3,6,7.1,5,7.4,6,6.1,6,4.4,7,5.0,6,8.5,5,7.1,5,5.8,4,5.8,4,5.1,6,3.5,6,4.3,6,5.0,6,5.6,2,3.2,2.0,8.4,5,9.8,2,8.6,1,7.2,7,8.1,6,12.2,1,11.4,1,10.9,1,12.8,2,12.1,4,11.1,2
2016-03-08 15:00:00,6.1,5,6.6,5,6.5,4,7.8,6,6.0,5,8.8,6,7.8,7,8.6,5,6.1,5,6.8,5,7.1,5,5.7,7,4.5,5,5.5,5,9.2,5,7.5,5,5.7,4,5.7,6,4.6,4,4.2,6,4.3,3,4.4,7,4.7,5,2.8,5.0,8.1,3,8.2,6,6.4,7,6.5,6,6.9,4,11.6,5,10.0,5,9.3,6,9.8,6,10.7,7,9.6,2
2016-03-08 16:00:00,5.9,5,5.9,4,5.7,4,7.2,6,5.5,4,8.6,6,7.5,7,7.9,5,5.5,4,6.0,5,6.5,5,5.0,6,4.0,4,4.8,5,8.5,4,6.9,4,5.2,4,5.1,5,4.1,4,3.6,5,4.1,3,4.2,6,4.5,4,2.1,5.0,7.7,3,7.6,4,6.0,6,5.9,5,6.5,4,10.7,4,9.1,4,8.9,6,9.7,5,10.7,5,9.0,2
2016-03-08 17:00:00,5.6,5,5.0,4,4.7,4,6.4,5,4.7,4,8.3,6,7.1,6,7.3,4,4.8,3,5.2,4,5.9,4,4.0,6,3.1,3,4.1,4,7.6,3,6.1,3,4.5,3,4.2,4,3.5,3,3.0,5,3.7,2,3.8,5,4.2,3,1.3,4.0,7.1,2,6.7,3,5.5,5,5.1,4,6.0,3,9.5,4,7.9,3,8.3,5,9.1,4,10.5,4,8.3,2
2016-03-08 18:00:00,5.4,4,4.4,4,4.0,4,5.8,5,3.9,4,8.1,6,6.9,6,6.7,4,4.2,3,4.4,4,5.4,4,2.9,5,2.3,2,3.5,3,6.8,3,5.3,3,3.7,3,3.1,4,2.8,3,2.5,5,3.2,2,3.2,5,3.8,2,0.6,4.0,6.4,2,6.0,1,5.0,5,4.1,3,5.4,2,8.4,3,6.8,2,7.5,5,8.3,4,10.0,3,7.6,2
2016-03-08 19:00:00,5.3,4,4.2,4,3.6,4,5.5,5,3.0,4,8.1,5,6.9,6,6.4,5,3.7,3,3.9,4,5.2,4,2.0,5,1.6,2,3.0,3,6.1,3,4.6,3,3.0,4,1.9,4,2.1,3,2.1,4,2.7,2,2.4,5,3.3,2,0.0,3.0,5.6,2,5.6,1,4.5,4,3.2,3,4.8,2,7.6,2,6.0,2,6.8,4,7.3,3,9.2,3,7.2,2
2016-03-08 20:00:00,5.2,4,4.2,5,3.5,5,5.5,5,2.2,5,8.3,5,7.0,6,6.2,5,3.3,4,3.6,4,5.1,4,1.3,4,1.1,2,2.6,3,5.6,4,4.1,4,2.5,4,0.8,5,1.3,3,1.7,4,2.2,2,1.5,5,2.8,2,-0.5,3.0,4.7,2,5.4,1,4.0,4,2.4,3,4.2,2,7.0,2,5.5,1,6.2,3,6.3,3,8.3,4,7.0,2
2016-03-08 21:00:00,5.1,5,4.1,5,3.4,5,5.3,6,1.7,5,8.4,5,7.0,6,6.1,5,3.0,4,3.2,4,4.8,4,0.9,4,0.7,3,2.1,3,5.2,5,3.6,4,1.9,4,0.2,5,0.7,3,1.1,4,1.7,2,0.8,5,2.4,2,-0.9,3.0,4.4,3,5.1,1,3.6,3,1.8,3,3.9,2,6.6,2,5.3,1,5.6,2,5.4,3,7.6,4,6.8,1
2016-03-08 22:00:00,5.0,5,4.0,5,3.3,5,5.3,6,1.2,4,8.4,5,7.0,6,6.1,5,2.7,4,2.9,4,4.4,4,0.7,3,0.4,3,1.6,3,5.0,5,3.2,4,1.4,4,-0.2,5,0.1,3,0.6,5,1.3,2,0.3,5,2.0,3,-1.4,3.0,4.2,3,4.9,1,3.2,3,1.4,3,3.5,2,6.1,2,5.2,2,5.1,2,4.7,3,7.3,4,6.6,1
2016-03-08 23:00:00,4.9,5,3.9,5,3.1,5,5.2,6,0.9,4,8.4,6,7.0,6,6.1,5,2.4,4,2.6,4,4.0,4,0.6,3,0.1,3,1.1,3,5.0,5,2.9,4,1.0,5,-0.4,5,-0.4,3,0.0,5,0.9,3,0.1,5,1.7,3,-1.8,3.0,4.0,3,4.6,2,2.8,3,1.2,2,3.2,3,5.7,2,5.2,2,4.7,2,4.2,3,7.2,4,6.5,2
2016-03-09 00:00:00,4.8,5,3.7,5,2.9,6,5.2,6,0.6,4,8.4,6,7.0,6,6.2,5,2.2,4,2.3,4,3.6,5,0.6,3,0.0,4,0.8,3,5.1,5,2.8,5,0.8,5,-0.4,5,-0.7,4,-0.6,5,0.7,4,0.1,5,1.4,3,-2.3,3.0,4.0,4,4.2,2,2.4,4,1.1,2,3.0,3,5.4,3,5.0,3,4.4,2,4.0,4,7.2,4,6.3,2
2016-03-09 01:00:00,4.6,5,3.5,5,2.6,6,5.2,6,0.5,4,8.5,6,7.1,6,6.3,5,2.0,5,2.1,4,3.2,5,0.7,4,-0.1,4,0.5,4,5.5,6,2.8,5,0.6,5,-0.2,5,-0.9,4,-1.1,5,0.5,4,0.2,5,1.1,4,-2.8,4.0,4.0,4,3.7,3,1.8,4,1.2,3,2.8,3,5.0,3,4.7,3,4.2,2,3.8,4,7.0,4,6.0,3
2016-03-09 02:00:00,4.5,6,3.3,5,2.4,6,5.2,6,0.3,4,8.5,6,7.1,6,6.5,5,1.9,5,1.9,4,3.0,5,0.7,5,-0.1,4,0.3,5,5.9,6,2.9,5,0.6,5,0.0,6,-1.0,4,-1.6,5,0.4,4,0.5,5,0.7,4,-3.5,4.0,4.2,5,3.2,4,1.2,5,1.4,4,2.7,4,4.7,4,4.2,4,3.9,3,3.6,4,6.7,4,5.7,3
2016-03-09 03:00:00,5.3,6,4.7,6,3.4,7,6.7,7,1.8,7,8.9,4,8.1,5,8.1,6,4.1,6,3.6,7,4.4,6,1.9,7,-1.0,5,-0.7,3,9.0,6,5.6,6,2.3,6,1.9,7,-1.1,5,-2.9,2,2.0,7,1.8,6,-0.6,3,-4.4,1.0,6.1,7,3.0,4,1.1,2,3.0,6,3.2,5,5.2,4,4.1,5,3.7,2,2.0,1,5.4,1,6.6,4
2016-03-09 04:00:00,5.5,6,4.9,6,3.7,7,7.0,6,1.8,7,8.7,3,8.1,4,8.2,5,4.5,7,3.9,7,4.9,7,1.9,7,-0.8,5,-0.9,3,9.4,6,6.2,6,2.7,6,2.1,6,-0.9,6,-3.0,2,2.4,7,1.9,6,-0.7,3,-5.0,2.0,6.8,6,2.4,5,0.5,2,3.1,6,3.2,6,4.6,5,3.4,5,3.1,3,1.5,1,4.9,1,6.2,5
2016-03-09 05:00:00,5.6,6,5.0,6,4.1,7,7.3,6,1.8,7,8.6,2,8.1,4,8.3,4,4.7,7,4.1,7,5.3,7,1.8,7,-0.5,5,-1.0,3,9.6,5,6.8,6,3.0,6,2.3,6,-0.7,6,-3.0,2,2.9,7,2.0,6,-0.6,4,-5.5,2.0,7.5,6,1.9,6,0.1,2,3.2,6,3.1,6,4.0,5,2.8,6,2.6,4,1.1,1,4.6,1,5.8,5
2016-03-09 06:00:00,5.5,7,4.9,7,4.1,7,7.4,6,1.8,6,8.5,2,8.1,3,8.3,4,4.7,7,4.3,6,5.4,6,1.8,7,-0.2,5,-0.9,3,9.5,5,7.1,7,3.4,6,2.6,6,-0.6,6,-2.6,3,3.3,7,2.2,7,-0.5,5,-5.6,2.0,8.1,5,1.7,7,-0.1,2,3.5,6,3.3,6,3.8,5,2.6,6,2.5,5,1.1,2,4.8,1,5.7,5
2016-03-09 07:00:00,5.3,7,4.6,7,3.7,7,7.3,6,1.8,6,8.4,2,7.8,4,8.2,4,4.5,7,4.3,6,5.1,6,1.9,7,0.1,6,-0.6,4,9.2,5,6.9,7,3.8,6,3.0,6,-0.6,7,-1.8,4,3.6,7,2.6,7,-0.3,6,-4.8,3.0,8.4,5,2.1,7,0.2,3,4.3,6,3.8,7,4.2,6,3.2,6,3.1,5,1.8,3,5.8,2,6.2,6
2016-03-09 08:00:00,5.0,7,4.2,7,3.2,7,7.0,7,2.0,6,8.3,2,7.5,4,8.1,4,4.2,7,4.4,7,4.7,7,2.2,7,0.4,6,0.1,6,8.9,5,6.5,7,4.2,7,3.4,6,-0.4,7,-0.7,4,4.0,7,3.2,7,0.2,7,-3.4,3.0,8.6,5,3.0,7,0.9,4,5.5,7,4.8,7,5.1,6,4.5,6,4.3,6,3.1,4,7.3,2,7.1,6
2016-03-09 09:00:00,4.8,7,4.0,7,3.0,7,6.8,7,2.3,6,8.2,2,7.3,4,8.1,5,4.1,7,4.5,7,4.6,7,2.7,7,1.0,7,1.0,7,8.8,5,6.3,6,4.6,7,4.1,7,0.2,7,0.6,4,4.3,7,4.1,7,1.1,7,-1.5,3.0,8.9,6,4.2,7,2.2,5,6.8,7,6.0,7,6.3,7,6.0,6,5.7,7,5.0,5,8.9,2,8.2,7
2016-03-09 10:00:00,4.8,7,4.3,7,3.3,7,6.8,6,2.8,6,8.2,2,7.4,4,8.4,5,4.4,6,4.9,6,5.1,7,3.5,7,1.8,7,2.2,7,9.0,4,6.5,6,5.1,7,4.9,7,1.4,7,2.0,4,4.7,7,5.4,7,2.6,7,0.5,4.0,9.5,5,5.7,7,4.0,6,7.9,7,7.5,7,7.6,7,7.6,7,7.2,7,7.4,5,10.4,3,9.4,7
2016-03-09 11:00:00,5.1,7,4.9,7,3.9,7,6.9,6,3.4,7,8.4,2,7.6,4,8.8,6,4.9,6,5.4,6,5.8,6,4.4,7,2.8,7,3.5,7,9.4,4,7.1,6,5.6,7,5.8,7,2.9,7,3.3,4,5.2,6,6.7,7,4.4,7,2.3,5.0,10.3,5,7.1,7,6.0,7,8.9,7,8.9,7,8.8,7,9.0,7,8.6,7,9.9,5,11.5,3,10.5,7
2016-03-09 12:00:00,5.4,7,5.6,7,4.6,7,7.2,5,3.9,7,8.5,3,7.9,4,9.2,6,5.5,6,6.0,6,6.6,6,5.3,7,3.7,7,4.5,6,9.9,4,7.8,7,6.2,7,6.5,7,4.2,7,4.2,4,5.6,6,7.7,7,5.8,7,3.6,6.0,10.9,5,8.4,7,7.6,7,9.6,7,10.0,7,9.8,7,10.0,7,9.7,7,11.9,5,12.3,4,11.3,7
2016-03-09 13:00:00,5.8,7,6.2,7,5.1,7,7.5,5,4.3,7,8.6,3,8.0,4,9.3,6,5.9,6,6.5,6,7.0,7,6.0,7,4.4,7,5.0,7,10.2,4,8.4,7,6.7,7,7.0,7,4.9,7,4.5,4,5.9,6,8.0,6,6.6,7,4.1,7.0,11.1,6,9.2,7,8.5,7,10.1,8,10.5,7,10.4,7,10.6,7,10.4,7,13.0,6,12.7,5,11.8,7
2016-03-09 14:00:00,6.0,7,6.5,7,5.3,7,7.8,5,4.6,7,8.6,4,7.9,5,9.2,6,6.1,7,6.8,7,7.1,7,6.4,7,4.8,7,5.2,7,10.3,5,8.7,6,7.1,7,7.1,7,5.0,7,4.4,6,6.1,6,7.7,6,6.7,7,3.9,7.0,11.0,6,9.5,7,8.7,7,10.2,8,10.5,7,10.6,7,10.6,7,10.7,7,13.1,6,12.7,6,11.8,6
2016-03-09 15:00:00,5.7,7,6.1,7,5.0,7,7.4,6,4.7,7,8.5,3,7.5,5,8.9,6,5.8,7,6.3,7,6.6,7,5.2,7,4.9,6,6.4,6,10.0,5,8.7,7,7.3,7,6.8,7,4.4,7,5.0,4,6.7,6,7.5,7,6.4,7,4.0,7.0,10.6,7,9.7,7,8.2,7,9.6,7,10.1,7,11.0,6,10.4,7,11.0,7,12.5,7,12.9,6,12.0,5
2016-03-09 16:00:00,5.3,7,5.5,7,4.7,7,7.1,6,4.5,7,8.2,3,7.3,4,8.3,5,5.3,7,5.8,7,6.2,7,4.7,7,4.6,7,5.9,6,9.4,4,8.0,7,6.5,7,6.2,7,4.2,7,4.5,5,6.0,6,6.7,7,6.0,7,2.9,7.0,10.0,7,9.1,7,7.2,7,8.6,7,9.4,6,10.7,6,9.9,7,10.5,7,11.4,7,12.3,6,11.6,4
2016-03-09 17:00:00,5.0,7,4.7,7,4.3,7,6.5,6,4.2,7,7.8,3,7.1,3,7.5,4,4.7,7,5.1,7,5.8,7,4.2,7,4.2,7,5.3,6,8.5,3,6.9,7,5.4,7,5.4,7,4.0,7,4.0,5,5.2,7,5.8,7,5.4,7,1.9,7.0,9.2,6,8.1,7,6.0,7,7.5,7,8.7,5,10.2,6,9.1,7,9.8,7,10.1,7,11.6,6,10.8,3
2016-03-09 18:00:00,4.8,6,4.1,7,3.9,7,6.0,6,3.8,7,7.4,3,6.8,3,6.9,3,4.2,7,4.4,7,5.4,7,3.8,7,3.7,7,4.7,6,7.7,3,6.0,7,4.5,7,4.7,7,3.7,7,3.6,5,4.5,7,5.0,7,4.8,7,1.1,7.0,8.5,6,7.2,7,4.9,7,6.5,7,8.0,5,9.5,5,8.2,7,9.0,7,8.8,7,10.7,6,10.1,3
2016-03-09 19:00:00,4.8,6,4.0,6,3.7,6,5.7,6,3.5,7,7.1,3,6.6,3,6.5,3,3.8,7,3.9,7,5.1,7,3.6,7,3.4,7,4.3,6,7.1,2,5.5,6,4.0,7,4.2,7,3.4,7,3.2,6,4.1,7,4.5,7,4.3,7,0.7,7.0,8.0,6,6.5,7,4.3,7,5.9,7,7.5,5,8.9,5,7.5,6,8.2,7,7.9,7,9.9,6,9.6,3
2016-03-09 20:00:00,5.0,5,4.2,6,3.7,5,5.6,5,3.2,7,6.9,2,6.4,3,6.3,3,3.5,7,3.6,7,4.9,7,3.6,7,3.1,7,3.9,7,6.7,2,5.3,6,3.8,7,3.9,7,3.1,7,2.8,6,4.0,7,4.3,7,4.0,7,0.5,7.0,7.7,5,5.9,7,3.9,7,5.5,7,7.0,6,8.4,4,7.0,6,7.5,7,7.2,7,9.2,6,9.2,4
2016-03-09 21:00:00,5.0,4,4.1,5,3.6,5,5.5,4,2.9,7,6.8,2,6.2,3,6.0,3,3.4,7,3.4,6,4.8,6,3.4,7,3.0,7,3.6,6,6.4,2,5.0,6,3.6,7,3.5,6,2.9,7,2.4,6,3.8,6,3.9,7,3.8,7,0.1,6.0,7.4,5,5.5,7,3.4,7,5.2,7,6.6,6,8.0,4,6.5,6,7.0,7,6.7,7,8.5,6,8.7,4
2016-03-09 22:00:00,4.9,3,4.2,5,3.5,5,5.4,4,2.7,6,6.7,1,6.1,3,5.8,3,3.3,6,3.3,6,4.7,6,3.2,7,2.9,6,3.2,6,6.1,2,4.8,6,3.4,7,3.2,6,2.7,7,2.1,6,3.6,6,3.7,7,3.7,7,-0.2,6.0,7.2,5,5.1,7,3.0,7,4.9,6,6.2,5,7.6,4,6.1,6,6.6,7,6.2,6,7.9,6,8.3,4
2016-03-09 23:00:00,4.9,3,4.2,5,3.4,5,5.3,5,2.4,6,6.6,2,6.0,3,5.7,3,3.3,6,3.3,6,4.6,6,3.1,7,2.8,6,2.9,6,6.0,3,4.7,6,3.2,7,2.9,6,2.4,7,1.8,6,3.5,6,3.5,6,3.7,6,-0.4,6.0,7.0,5,4.8,6,2.6,6,4.7,6,5.9,5,7.2,4,5.9,6,6.3,7,5.9,6,7.5,6,8.0,4
2016-03-10 00:00:00,4.9,3,4.3,5,3.4,6,5.2,5,2.3,6,6.6,2,5.9,3,5.6,4,3.3,5,3.2,6,4.6,6,3.0,6,2.7,6,2.6,6,6.0,4,4.6,6,3.1,7,2.7,6,2.2,7,1.5,6,3.4,6,3.4,6,3.7,6,-0.7,6.0,6.9,5,4.6,6,2.4,6,4.7,6,5.8,5,6.9,5,5.7,6,6.2,6,5.7,6,7.1,6,7.8,4
2016-03-10 01:00:00,4.9,4,4.3,5,3.3,6,5.1,5,2.2,6,6.6,3,5.9,4,5.6,4,3.3,5,3.2,6,4.6,6,2.9,6,2.6,6,2.5,6,6.0,4,4.6,6,3.1,7,2.5,6,1.9,7,1.2,6,3.3,6,3.2,6,3.6,6,-1.0,6.0,6.8,5,4.4,6,2.1,6,4.7,6,5.7,5,6.7,5,5.6,5,6.0,6,5.5,5,6.8,5,7.7,4
2016-03-10 02:00:00,4.9,5,4.4,6,3.3,6,5.0,5,2.1,7,6.6,4,5.8,5,5.5,4,3.4,5,3.2,6,4.6,5,2.8,6,2.5,5,2.3,6,6.0,5,4.6,6,3.0,6,2.4,6,1.7,7,1.0,6,3.3,6,3.1,6,3.4,6,-1.2,6.0,6.8,5,4.2,6,2.0,6,4.8,6,5.7,5,6.4,5,5.4,5,5.8,5,5.3,5,6.7,5,7.8,4
2016-03-10 03:00:00,4.8,6,4.8,7,4.2,6,5.2,2,2.1,6,6.5,4,5.2,2,4.5,4,3.7,5,3.7,6,4.8,6,3.3,7,2.8,6,2.2,6,4.8,3,4.0,2,3.3,7,3.0,7,1.9,7,0.7,4,2.2,6,3.3,6,3.2,7,-1.3,6.0,6.1,2,3.5,2,1.8,6,4.3,6,4.8,4,5.7,2,4.3,1,5.0,4,4.1,7,6.7,7,6.9,4
2016-03-10 04:00:00,4.6,6,4.7,6,4.1,6,4.6,2,1.9,6,6.3,4,4.9,2,4.2,4,3.6,5,3.5,6,4.7,6,2.9,7,2.1,6,1.7,5,4.3,3,3.6,3,3.1,7,3.1,6,1.7,6,0.2,4,2.0,5,2.9,7,2.9,7,-1.7,6.0,5.6,2,2.9,2,1.3,5,4.0,6,4.6,4,5.2,1,3.7,1,4.6,5,3.7,7,6.4,6,6.6,3
2016-03-10 05:00:00,4.4,5,4.6,6,4.0,6,4.2,2,1.7,6,6.2,4,4.9,3,4.0,4,3.5,5,3.5,6,4.6,6,2.4,7,1.5,6,1.2,5,3.9,3,3.3,3,3.1,7,3.3,6,1.5,5,-0.2,5,1.9,4,2.6,7,2.7,7,-2.0,5.0,5.3,2,2.5,2,1.0,3,3.8,5,4.6,4,4.9,1,3.3,2,4.4,5,3.4,6,6.2,6,6.4,3
2016-03-10 06:00:00,4.4,5,4.6,5,4.1,6,4.1,2,1.8,6,6.4,4,5.2,3,4.1,4,3.6,6,3.7,6,4.7,6,2.1,7,1.2,7,1.2,5,3.9,2,3.3,4,3.3,7,3.6,6,1.5,4,0.0,6,1.9,4,2.6,7,2.7,7,-1.9,5.0,5.4,2,2.6,3,1.2,2,4.0,5,4.7,5,5.0,2,3.6,2,4.6,5,3.6,5,6.7,6,6.4,3
2016-03-10 07:00:00,4.5,6,4.9,5,4.5,6,4.7,3,2.2,6,6.9,4,5.9,3,4.8,5,3.9,6,4.2,6,5.0,6,2.3,7,1.5,7,1.8,5,4.6,2,3.8,4,3.7,7,3.9,6,1.8,5,1.0,6,2.2,4,3.0,7,3.0,7,-1.3,5.0,6.1,3,3.5,4,2.1,2,4.6,5,5.1,5,5.8,2,4.8,2,5.3,5,4.6,5,8.0,5,6.8,3
2016-03-10 08:00:00,4.8,6,5.4,6,5.2,6,5.9,3,2.9,7,7.6,4,6.8,4,5.8,6,4.3,6,4.8,6,5.4,6,2.9,7,2.2,7,3.0,5,5.8,3,4.8,4,4.3,7,4.3,6,2.4,6,2.5,5,2.6,4,3.6,7,3.6,7,-0.2,5.0,7.2,4,4.9,5,3.6,3,5.4,6,5.7,6,7.1,3,6.5,3,6.5,4,6.2,4,9.7,4,7.5,3
2016-03-10 09:00:00,5.2,6,6.0,7,5.9,7,7.1,4,3.7,7,8.3,5,7.8,4,7.1,6,4.9,6,5.6,6,6.0,6,3.8,7,3.1,7,4.5,5,7.2,3,5.9,4,4.9,7,4.8,6,3.3,7,4.2,5,3.3,4,4.4,7,4.4,7,1.4,5.0,8.4,4,6.5,5,5.4,3,6.2,6,6.5,6,8.6,3,8.4,3,7.9,4,8.2,3,11.3,3,8.3,4
2016-03-10 10:00:00,5.6,6,6.7,7,6.7,7,8.2,4,4.6,7,9.0,5,8.6,5,8.4,7,5.7,7,6.4,6,6.7,7,4.7,7,4.0,7,6.0,5,8.6,4,7.0,4,5.4,7,5.4,6,4.5,7,5.6,5,4.1,4,5.2,6,5.2,7,3.2,4.0,9.4,4,8.1,4,7.3,3,6.8,7,7.3,6,10.1,2,10.0,2,9.4,3,10.4,3,12.5,3,9.0,3
2016-03-10 11:00:00,6.0,6,7.5,7,7.3,7,9.0,4,5.6,7,9.6,6,9.3,6,9.5,7,6.5,7,7.2,7,7.3,7,5.6,7,4.9,7,7.4,5,9.8,5,8.0,5,5.8,7,6.0,6,5.7,7,6.7,5,4.8,4,5.9,6,6.0,6,4.9,3.0,10.2,4,9.5,3,9.0,2,7.3,6,8.0,6,11.5,2,11.1,2,10.8,2,12.5,2,13.2,2,9.7,3
2016-03-10 12:00:00,6.4,6,8.0,6,7.9,7,9.6,4,6.3,7,10.0,6,9.7,6,10.4,7,7.2,7,7.8,7,7.9,7,6.4,7,5.6,7,8.4,5,10.7,5,8.8,5,6.3,7,6.6,6,6.5,7,7.3,6,5.5,4,6.4,6,6.6,6,6.1,3.0,10.8,4,10.6,2,10.3,1,7.8,6,8.7,6,12.5,2,12.0,1,11.8,2,14.2,2,13.7,2,10.2,3
2016-03-10 13:00:00,6.7,6,8.2,6,8.3,7,9.9,5,6.8,7,10.3,6,9.9,6,10.8,6,7.7,6,8.2,6,8.3,6,7.0,7,6.1,7,8.9,6,11.1,6,9.3,6,6.9,7,7.0,7,6.8,7,7.4,6,5.9,5,6.7,6,7.0,6,6.4,3.0,11.1,5,11.2,2,10.8,1,8.2,6,9.2,6,13.0,1,12.5,1,12.3,1,15.2,2,14.1,2,10.6,2
2016-03-10 14:00:00,6.9,6,8.2,5,8.3,7,9.9,5,7.0,7,10.4,6,10.0,6,10.9,6,7.8,5,8.3,5,8.6,5,7.2,7,6.3,7,8.8,6,11.1,6,9.5,5,7.4,6,7.2,7,6.6,7,7.2,7,6.1,5,6.8,6,7.2,6,6.0,3.0,11.1,5,11.2,2,10.8,1,8.5,6,9.4,6,13.0,2,12.6,1,12.4,2,15.4,1,14.3,2,10.8,2
2016-03-10 15:00:00,7.2,4,8.5,3,8.1,4,9.2,7,7.5,5,10.0,4,9.1,6,9.9,6,7.9,6,8.4,6,8.6,6,7.3,5,7.6,4,8.6,4,10.4,4,8.9,4,7.5,5,7.5,4,7.2,4,7.4,6,6.4,2,7.1,4,7.8,6,5.9,3.0,10.0,5,11.4,2,11.3,3,7.9,6,9.4,2,13.5,2,13.1,2,12.9,5,15.3,5,14.2,5,11.8,2
2016-03-10 16:00:00,7.1,3,7.9,3,7.5,3,8.7,6,7.1,4,9.6,4,8.8,5,9.4,5,7.7,5,8.1,5,8.4,5,6.9,4,7.3,4,8.1,4,9.7,3,8.6,4,7.2,4,7.0,3,6.6,3,6.7,5,6.2,2,6.8,4,7.3,5,5.1,3.0,9.6,4,10.5,2,10.3,3,7.4,5,9.0,2,12.6,2,11.9,2,12.2,4,14.4,5,13.8,5,11.2,2
2016-03-10 17:00:00,6.9,2,7.2,2,6.8,3,8.1,5,6.5,3,9.0,4,8.5,3,8.8,4,7.2,3,7.6,3,8.2,3,6.1,3,6.8,3,7.5,3,8.9,3,7.9,3,6.6,3,6.1,2,6.0,3,5.9,4,5.7,2,6.3,3,6.7,4,4.3,3.0,9.1,2,9.3,2,9.2,2,6.7,5,8.3,2,11.5,3,10.4,2,11.3,3,13.0,4,13.1,4,10.4,2
2016-03-10 18:00:00,6.7,2,6.6,2,6.1,2,7.6,4,5.7,2,8.5,4,8.1,3,8.2,3,6.7,2,6.9,2,7.9,2,5.1,2,6.0,2,6.8,3,8.1,3,7.1,2,5.8,2,5.0,2,5.3,2,5.1,4,5.2,2,5.5,3,6.1,3,3.5,3.0,8.4,1,8.4,2,8.1,1,5.9,4,7.7,2,10.4,3,9.0,2,10.4,3,11.5,4,12.3,4,9.7,2
2016-03-10 19:00:00,6.6,2,6.3,2,5.6,2,7.2,4,4.7,2,8.0,4,7.7,3,7.7,3,6.1,1,6.2,1,7.6,1,4.1,2,5.0,2,6.1,3,7.4,3,6.3,2,5.1,1,4.0,1,4.5,2,4.4,4,4.8,2,4.6,3,5.6,3,2.7,3.0,7.6,2,7.9,1,7.3,1,5.2,4,7.3,2,9.6,3,8.2,2,9.7,2,10.1,3,11.4,3,9.3,2
2016-03-10 20:00:00,6.5,3,6.1,2,5.4,3,6.9,5,3.6,2,7.6,4,7.2,3,7.3,4,5.5,1,5.5,1,7.3,1,3.1,2,4.0,2,5.4,3,6.7,2,5.6,2,4.5,1,3.1,1,3.8,2,3.8,4,4.4,2,3.6,2,5.1,3,2.0,3.0,6.6,2,7.8,1,6.8,1,4.5,5,6.9,2,9.1,2,7.9,2,9.1,2,8.9,2,10.6,3,9.2,2
2016-03-10 21:00:00,6.5,3,6.1,3,5.2,3,6.7,5,3.0,2,7.7,4,6.9,3,6.9,4,4.9,2,4.8,2,6.9,2,2.8,2,3.4,2,4.7,3,6.5,3,5.0,2,4.1,1,2.8,2,3.2,2,3.2,4,3.9,2,3.3,3,4.7,3,1.3,3.0,6.3,2,7.3,2,6.2,1,4.1,5,6.5,2,8.7,2,7.6,2,8.5,2,7.9,2,9.9,3,8.9,2
2016-03-10 22:00:00,6.5,3,6.0,3,5.0,3,6.5,5,2.5,2,7.8,4,6.8,4,6.5,4,4.4,2,4.3,2,6.4,2,2.7,2,3.0,2,4.1,3,6.3,3,4.6,2,3.8,1,2.6,2,2.6,2,2.7,4,3.5,2,3.0,3,4.4,4,0.8,3.0,6.1,3,6.8,2,5.7,1,3.7,5,6.1,2,8.3,2,7.4,2,8.0,1,7.0,2,9.5,3,8.6,3
2016-03-10 23:00:00,6.6,4,5.9,3,4.9,4,6.4,5,2.2,2,7.9,5,6.8,4,6.4,5,4.0,2,3.9,2,6.0,2,2.6,3,2.8,3,3.6,4,6.3,4,4.4,3,3.6,2,2.4,3,2.2,2,2.2,5,3.1,3,2.9,4,4.2,4,0.3,3.0,6.0,3,6.2,2,5.2,1,3.5,5,5.8,3,8.0,3,7.2,2,7.5,1,6.2,2,9.3,2,8.4,3
2016-03-11 00:00:00,6.6,4,5.8,4,4.8,4,6.5,6,2.0,2,8.1,5,6.9,5,6.3,5,3.9,3,3.8,3,5.6,3,2.7,4,2.7,3,3.1,4,6.3,4,4.5,3,3.4,2,2.4,3,1.9,3,1.8,5,3.0,3,2.8,4,4.0,4,0.0,4.0,5.9,3,5.6,3,4.5,2,3.5,5,5.6,3,7.6,3,6.8,3,7.0,2,5.6,2,9.1,2,8.1,3
2016-03-11 01:00:00,6.6,5,5.8,4,4.8,5,6.7,6,2.1,3,8.4,5,7.1,5,6.4,5,4.0,4,3.8,3,5.4,4,2.8,4,2.7,4,2.8,5,6.4,5,4.6,4,3.3,3,2.4,4,1.7,4,1.5,5,3.0,4,2.8,4,3.8,5,-0.3,4.0,6.0,4,4.9,3,3.9,3,3.5,5,5.4,4,7.1,3,6.3,3,6.5,2,5.0,1,8.7,2,7.9,4
2016-03-11 02:00:00,6.7,6,5.8,5,4.8,5,7.0,6,2.3,4,8.7,6,7.4,5,6.6,5,4.2,4,4.0,4,5.4,4,3.0,5,2.6,4,2.5,5,6.6,6,4.8,5,3.3,4,2.6,5,1.5,5,1.2,5,3.1,5,2.9,5,3.7,5,-0.6,4.0,6.1,4,4.3,3,3.1,4,3.7,5,5.3,4,6.6,4,5.7,3,6.0,3,4.5,1,8.2,2,7.6,4
2016-03-11 03:00:00,5.4,6,4.1,6,3.2,6,3.4,5,2.1,3,5.8,2,5.0,3,3.6,4,3.3,6,3.3,6,4.5,6,3.1,3,2.8,6,2.7,5,4.5,5,4.1,6,3.2,6,2.9,6,1.8,4,1.3,6,2.3,6,3.5,6,2.7,5,-2.2,1.0,4.9,2,5.4,1,3.2,1,3.9,5,4.0,6,6.2,1,5.8,1,5.6,1,4.7,1,7.9,1,8.2,2
2016-03-11 04:00:00,5.3,6,3.9,6,2.8,6,3.2,5,1.4,3,5.9,2,4.9,3,3.4,3,3.0,6,3.0,6,4.2,7,2.6,2,2.3,6,2.5,4,4.1,5,3.8,6,3.0,5,2.8,6,1.7,4,1.0,6,2.1,6,3.0,6,2.3,5,-2.5,1.0,4.7,2,4.9,1,2.6,1,3.5,5,3.8,6,5.6,1,5.3,1,5.2,1,4.2,1,7.3,1,7.9,2
2016-03-11 05:00:00,5.2,6,3.8,6,2.4,6,3.2,4,0.7,2,6.0,3,5.0,3,3.4,2,2.9,6,3.0,6,4.0,6,2.2,2,1.9,6,2.3,4,3.7,4,3.7,6,2.8,5,2.8,5,1.7,5,0.8,6,2.0,6,2.5,6,2.1,5,-2.7,1.0,4.7,2,4.7,1,2.3,1,3.3,5,3.6,6,5.3,1,5.0,1,5.0,1,3.9,1,7.0,1,7.6,2
2016-03-11 06:00:00,5.3,6,3.9,6,2.5,6,3.6,4,0.7,2,6.4,4,5.4,3,3.6,2,3.0,6,3.3,6,4.2,6,2.1,2,1.9,5,2.5,4,3.7,4,3.8,6,3.0,5,3.1,4,2.0,5,1.0,6,2.1,6,2.5,6,2.2,5,-2.5,2.0,4.9,3,4.9,1,2.4,1,3.4,5,3.8,6,5.5,1,5.4,1,5.2,1,4.2,1,7.3,2,7.7,2
2016-03-11 07:00:00,5.6,7,4.5,6,3.2,5,4.6,4,1.6,2,7.0,5,6.2,3,4.3,2,3.5,5,4.0,5,4.8,5,2.6,3,2.5,5,3.2,4,4.4,4,4.3,6,3.6,5,3.7,4,2.7,5,1.9,5,2.5,6,3.1,7,2.6,5,-1.8,2.0,5.5,3,5.7,1,3.3,1,4.1,6,4.3,6,6.6,1,6.6,1,6.0,1,5.5,1,8.5,2,8.3,2
2016-03-11 08:00:00,6.1,7,5.4,7,4.3,5,5.9,5,3.2,2,7.9,5,7.3,2,5.3,3,4.3,5,5.1,4,5.6,5,3.5,4,3.6,5,4.2,3,5.6,4,5.1,6,4.4,5,4.5,4,3.7,5,3.2,5,3.1,6,4.2,7,3.4,6,-0.5,2.0,6.4,4,7.0,1,4.8,1,5.1,7,5.2,6,8.2,1,8.3,1,7.3,1,7.5,2,10.3,2,9.3,2
2016-03-11 09:00:00,6.7,7,6.5,7,5.7,5,7.3,5,4.9,2,8.8,6,8.5,3,6.7,4,5.3,4,6.2,4,6.6,4,4.7,5,4.7,4,5.5,3,7.0,4,6.1,5,5.3,5,5.4,4,4.9,5,4.6,4,3.9,6,5.2,7,4.5,6,1.3,2.0,7.4,4,8.4,1,6.8,1,6.2,7,6.2,7,10.0,1,10.1,1,8.9,1,9.9,2,12.1,2,10.4,2
2016-03-11 10:00:00,7.2,6,7.7,6,7.1,4,8.6,5,6.4,2,9.7,6,9.5,4,8.2,4,6.3,4,7.3,3,7.5,3,5.8,5,5.6,4,6.8,3,8.3,4,7.0,6,6.0,5,6.2,4,6.0,5,5.8,4,4.7,5,5.9,7,5.8,6,3.6,2.0,8.3,4,9.8,1,8.9,1,7.0,7,7.3,7,11.6,1,11.6,1,10.6,1,12.3,1,13.5,2,11.5,2
2016-03-11 11:00:00,7.7,5,8.8,6,8.2,3,9.5,5,7.6,2,10.5,5,10.3,5,9.6,5,7.2,3,8.2,3,8.3,3,6.8,6,6.3,4,8.0,4,9.5,4,7.9,6,6.6,4,6.9,4,7.0,4,6.7,5,5.4,5,6.4,7,7.1,6,5.9,2.0,9.1,5,11.1,1,10.9,1,7.7,7,8.2,7,12.9,1,12.8,1,12.1,1,14.5,1,14.5,2,12.4,3
2016-03-11 12:00:00,8.0,4,9.5,5,9.1,2,10.2,5,8.3,2,11.1,5,10.8,5,10.7,5,7.9,2,8.8,2,8.9,2,7.6,5,6.9,3,8.8,5,10.3,4,8.6,6,7.1,3,7.5,3,7.7,3,7.3,5,6.0,5,6.7,7,8.1,6,7.7,2.0,9.7,5,12.1,1,12.5,1,8.1,7,9.0,7,13.8,1,13.7,1,13.3,1,16.2,2,15.1,2,13.1,3
2016-03-11 13:00:00,8.1,4,9.7,4,9.5,2,10.5,5,8.6,2,11.4,4,10.9,5,11.2,5,8.4,2,9.1,2,9.3,2,8.1,5,7.5,3,9.2,5,10.8,5,9.1,6,7.5,2,7.9,3,8.0,4,7.5,6,6.3,5,6.9,6,8.7,6,8.6,2.0,10.1,5,12.7,1,13.4,2,8.4,7,9.5,7,14.4,1,14.2,1,14.0,1,17.2,3,15.4,3,13.4,2
2016-03-11 14:00:00,8.0,4,9.5,4,9.6,2,10.3,5,8.6,2,11.4,4,10.7,4,11.2,5,8.6,2,9.1,2,9.4,2,8.2,4,8.0,3,9.2,5,11.0,5,9.4,5,7.7,2,7.9,2,7.9,4,7.3,6,6.4,5,7.1,6,8.8,5,8.7,2.0,10.3,4,12.8,2,13.6,3,8.5,8,9.6,7,14.5,1,14.3,1,14.3,1,17.4,5,15.4,4,13.3,2
2016-03-11 15:00:00,7.4,5,8.7,5,8.8,2,8.8,3,9.2,3,10.4,3,8.7,2,10.0,5,8.9,3,9.3,3,9.7,3,9.0,2,8.2,3,8.2,4,10.7,3,9.6,4,8.7,3,9.1,2,8.1,2,6.9,5,7.5,3,8.6,5,9.1,3,6.9,1.0,10.6,5,12.9,1,13.7,1,8.7,5,10.3,3,15.0,1,14.6,1,14.2,1,17.1,3,15.4,4,13.4,2
2016-03-11 16:00:00,6.9,5,7.9,5,8.1,2,8.1,3,8.4,3,10.0,3,8.1,2,9.4,4,8.4,3,8.7,2,9.3,2,8.3,2,7.7,2,7.8,4,10.1,3,9.2,3,8.2,3,8.4,2,7.6,2,6.5,5,7.1,3,8.2,5,8.7,3,5.9,1.0,10.3,4,12.1,1,12.4,1,8.2,5,9.9,3,14.4,1,13.6,1,13.6,1,15.8,3,14.7,4,12.7,2
2016-03-11 17:00:00,6.2,4,6.9,4,7.3,2,7.2,3,7.3,2,9.3,3,7.5,2,8.6,3,7.7,2,7.9,2,8.8,2,7.3,2,6.9,3,7.2,4,9.4,2,8.5,2,7.3,2,7.3,2,6.8,2,5.9,5,6.5,2,7.6,4,8.0,2,4.7,2.0,9.8,3,11.1,1,10.7,1,7.4,4,9.3,3,13.4,1,12.2,1,12.7,1,14.2,3,13.9,4,11.8,2
2016-03-11 18:00:00,5.7,4,6.0,4,6.4,2,6.4,3,6.1,2,8.5,3,6.7,2,7.8,3,6.9,2,7.1,2,8.3,2,6.1,2,5.9,3,6.6,4,8.5,2,7.6,2,6.4,2,6.0,2,6.0,2,5.2,4,5.9,2,6.7,3,7.3,2,3.6,2.0,9.1,2,10.1,1,9.1,1,6.5,4,8.7,2,12.4,1,10.8,1,11.7,1,12.5,4,12.9,4,11.0,1
2016-03-11 19:00:00,5.4,4,5.3,4,5.7,3,5.8,4,4.8,2,7.5,3,5.9,2,7.0,2,6.1,2,6.4,2,7.9,2,4.8,2,4.8,3,5.8,4,7.6,2,6.7,2,5.6,2,4.7,2,5.1,2,4.5,4,5.4,2,5.6,3,6.6,2,2.7,2.0,8.3,3,9.4,1,8.0,1,5.8,4,8.1,2,11.4,1,9.8,1,10.7,1,11.1,4,12.0,4,10.5,2
2016-03-11 20:00:00,5.1,5,4.8,5,5.1,3,5.2,5,3.7,2,6.5,2,5.1,2,6.2,2,5.3,2,5.8,2,7.4,2,3.6,1,3.8,2,5.0,4,6.7,2,5.9,2,5.0,2,3.6,1,4.3,2,3.8,4,5.0,2,4.5,3,5.8,2,1.9,1.0,7.4,3,8.9,1,7.2,1,5.2,4,7.6,2,10.4,1,9.0,1,9.7,1,9.9,5,11.1,5,10.2,2
2016-03-11 21:00:00,4.8,5,4.2,5,4.4,3,4.5,5,2.8,2,6.2,3,4.7,2,5.4,2,4.6,2,5.1,3,6.8,2,2.9,2,3.3,3,4.4,4,5.9,2,5.2,3,4.3,2,2.9,2,3.7,2,3.2,4,4.5,3,3.8,4,5.3,2,1.0,2.0,6.7,3,8.2,1,6.3,1,4.8,4,7.0,2,9.5,1,8.5,1,8.9,1,8.8,5,10.5,5,9.7,2
2016-03-11 22:00:00,4.6,5,3.7,5,3.9,3,4.0,6,2.0,2,5.9,3,4.4,3,4.7,2,3.9,2,4.4,3,6.1,3,2.3,2,2.9,3,3.8,4,5.2,3,4.6,3,3.7,3,2.3,2,3.1,2,2.6,4,4.0,3,3.3,4,4.7,3,0.3,2.0,6.1,3,7.5,1,5.4,1,4.5,4,6.4,3,8.6,1,8.0,1,8.1,1,7.8,5,10.0,5,9.2,2
2016-03-11 23:00:00,4.4,5,3.3,5,3.3,4,3.5,6,1.4,3,5.7,4,4.2,3,4.1,2,3.3,3,3.8,3,5.5,3,2.0,2,2.5,3,3.3,5,4.7,3,4.1,3,3.2,3,1.9,3,2.6,2,2.1,5,3.6,3,3.0,4,4.3,3,-0.4,2.0,5.7,2,6.7,1,4.6,1,4.4,4,5.8,3,7.9,1,7.6,1,7.3,1,6.9,5,9.6,5,8.7,2
2016-03-12 00:00:00,4.3,5,2.9,4,2.8,4,3.2,6,1.0,3,5.5,4,4.0,4,3.6,3,2.8,3,3.3,4,4.9,3,1.8,3,2.2,4,2.8,5,4.3,4,3.7,4,2.8,4,1.7,4,2.2,2,1.6,5,3.2,3,2.7,4,3.9,3,-0.9,2.0,5.3,2,6.0,1,3.9,1,4.2,4,5.3,3,7.2,1,7.2,1,6.7,1,6.2,5,9.3,5,8.2,2
2016-03-12 01:00:00,4.2,5,2.6,4,2.3,4,2.9,6,0.7,4,5.5,5,3.9,5,3.3,3,2.4,3,2.8,4,4.4,4,1.8,3,2.0,4,2.4,5,4.1,5,3.5,4,2.4,4,1.5,4,1.9,2,1.2,5,3.0,3,2.6,5,3.6,3,-1.3,3.0,5.1,3,5.2,1,3.2,2,4.0,5,4.8,4,6.6,1,6.8,1,6.1,1,5.5,5,8.9,5,7.6,2
2016-03-12 02:00:00,4.2,4,2.4,4,1.9,5,2.8,6,0.5,4,5.5,5,3.9,5,3.1,4,2.1,4,2.4,4,3.9,4,1.8,4,1.9,4,2.1,6,4.0,6,3.3,5,2.2,5,1.4,5,1.7,2,0.9,5,2.9,3,2.4,5,3.3,3,-1.6,3.0,5.0,4,4.5,1,2.6,2,3.8,5,4.4,4,6.1,1,6.2,1,5.6,1,5.0,5,8.4,4,7.0,2
2016-03-12 03:00:00,4.0,4,2.7,3,2.4,2,2.5,6,0.9,2,2.9,2,3.1,5,1.7,3,2.1,3,2.3,4,3.8,3,1.7,2,1.3,4,1.7,4,3.0,2,2.7,3,2.3,2,1.2,3,1.0,2,0.7,4,1.9,3,2.2,4,2.1,5,-2.2,1.0,4.6,2,5.1,1,3.5,1,3.6,5,3.7,5,6.0,1,6.1,1,5.5,1,5.9,1,8.9,2,8.5,2
2016-03-12 04:00:00,3.8,3,2.4,4,2.0,3,2.0,6,0.3,2,2.6,3,3.0,5,1.4,3,1.6,4,1.6,4,3.3,4,1.2,3,1.0,5,1.5,5,2.2,2,2.0,3,1.7,2,0.7,4,0.7,2,0.4,5,1.4,4,1.5,4,1.7,5,-2.3,1.0,4.0,2,4.5,1,2.9,1,3.0,5,3.3,5,5.3,1,5.3,1,5.1,1,5.2,1,8.3,2,8.1,2
2016-03-12 05:00:00,3.7,3,2.3,5,1.7,4,1.5,6,-0.1,3,2.6,3,3.2,5,1.3,3,1.2,4,1.2,4,2.9,4,0.7,4,0.8,6,1.3,5,1.6,2,1.4,2,1.2,2,0.5,4,0.6,3,0.2,6,1.0,4,1.0,4,1.4,5,-2.3,1.0,3.6,2,4.1,1,2.5,1,2.6,5,3.2,5,4.8,1,4.7,1,5.0,1,4.7,1,7.9,2,7.8,2
2016-03-12 06:00:00,3.7,4,2.4,5,1.8,5,1.7,6,0.1,3,3.1,4,3.5,4,1.6,3,1.3,4,1.3,4,3.0,4,0.8,4,0.9,6,1.5,6,1.7,2,1.4,2,1.2,2,0.7,5,0.8,3,0.4,7,1.1,4,1.0,4,1.4,5,-1.9,1.0,3.8,2,4.2,1,2.6,1,2.8,5,3.4,5,5.1,1,4.9,1,5.2,1,4.8,1,8.1,2,7.8,2
2016-03-12 07:00:00,4.0,4,3.0,6,2.4,6,2.7,5,1.1,3,4.2,3,4.1,4,2.5,3,2.1,4,2.3,4,3.7,4,1.6,3,1.5,6,2.1,6,2.8,2,2.3,2,2.0,2,1.7,5,1.6,4,1.1,7,1.8,4,1.8,4,1.9,5,-0.9,2.0,4.8,2,5.1,1,3.4,1,3.8,5,4.1,5,6.4,1,6.2,1,5.9,1,5.8,2,9.0,2,8.4,2
2016-03-12 08:00:00,4.6,4,3.9,5,3.5,6,4.3,5,2.6,2,5.8,3,4.9,4,3.8,3,3.4,4,3.8,4,4.9,5,2.9,2,2.5,5,3.1,6,4.6,2,3.8,3,3.3,2,3.2,4,2.9,4,2.2,7,3.0,3,3.2,5,2.9,5,0.5,2.0,6.4,2,6.5,1,4.8,2,5.3,5,5.3,5,8.3,1,8.2,1,7.0,1,7.6,2,10.4,2,9.4,2
2016-03-12 09:00:00,5.3,4,5.1,5,4.8,5,6.0,5,4.3,2,7.3,2,5.9,4,5.4,3,4.9,4,5.5,4,6.3,5,4.4,2,3.7,5,4.2,6,6.5,2,5.5,3,4.7,2,4.8,3,4.4,4,3.5,7,4.3,3,4.7,5,4.1,5,2.2,2.0,8.0,2,8.1,1,6.7,2,6.8,6,6.6,5,10.4,1,10.2,1,8.5,1,9.8,2,11.9,2,10.6,2
2016-03-12 10:00:00,6.1,4,6.5,5,6.2,5,7.4,4,5.9,2,8.6,3,7.0,5,7.1,3,6.3,4,7.0,4,7.6,5,5.9,3,4.8,5,5.3,6,8.1,3,7.0,3,6.0,2,6.3,2,5.9,4,4.7,7,5.6,3,6.0,4,5.5,5,4.0,2.0,9.4,2,9.7,1,8.8,1,7.9,6,7.9,5,12.1,1,11.8,1,10.2,1,12.2,2,13.1,2,11.8,2
2016-03-12 11:00:00,6.9,4,7.7,4,7.5,4,8.4,4,7.2,3,9.5,3,8.0,5,8.7,3,7.5,4,8.3,4,8.8,4,7.2,5,5.8,6,6.4,6,9.4,4,8.3,3,7.1,3,7.5,2,7.1,4,5.7,7,6.8,3,7.1,4,6.9,6,5.8,2.0,10.5,2,11.0,1,10.8,1,8.7,6,9.1,5,13.5,1,13.0,1,11.8,1,14.4,2,14.0,2,12.8,2
2016-03-12 12:00:00,7.5,4,8.7,4,8.5,4,9.1,4,8.1,3,10.1,3,8.7,5,9.9,4,8.4,3,9.3,4,9.7,4,8.2,6,6.7,6,7.1,7,10.3,5,9.2,4,7.9,3,8.4,2,8.0,4,6.3,7,7.6,3,7.9,4,8.0,6,7.1,2.0,11.2,3,12.1,1,12.4,1,9.2,6,10.1,4,14.4,1,13.9,1,13.1,1,16.2,2,14.6,2,13.5,2
2016-03-12 13:00:00,7.7,3,9.1,4,9.0,4,9.4,4,8.6,4,10.4,3,8.9,5,10.4,4,9.0,3,9.9,4,10.3,4,8.7,6,7.3,7,7.5,7,10.8,4,9.8,4,8.5,3,8.9,2,8.4,4,6.5,7,8.0,3,8.5,5,8.7,6,7.8,2.0,11.5,3,12.8,1,13.4,2,9.5,7,10.8,4,14.9,1,14.5,1,13.9,1,17.2,2,15.0,2,13.9,2
2016-03-12 14:00:00,7.7,3,9.1,4,9.0,5,9.3,4,8.7,4,10.4,3,8.6,4,10.4,3,9.3,3,10.1,4,10.6,4,8.8,6,7.7,7,7.5,7,11.0,3,10.0,4,8.8,3,9.1,3,8.3,4,6.3,7,8.1,4,8.7,5,9.0,6,7.9,2.0,11.6,2,13.0,1,13.7,2,9.6,6,11.1,3,15.0,1,14.7,1,14.0,1,17.5,3,15.2,3,13.9,2
2016-03-12 15:00:00,7.0,3,8.6,3,7.9,2,9.0,4,8.3,3,10.0,4,8.5,4,10.4,4,9.3,2,9.6,2,10.1,2,8.7,3,7.9,4,8.3,5,11.0,2,10.0,2,8.9,4,9.3,2,8.4,4,6.6,6,8.3,2,8.7,5,9.0,6,7.5,2.0,11.8,3,12.9,2,13.9,2,9.2,5,11.4,2,15.0,1,14.7,1,14.0,2,17.1,3,15.0,2,13.7,2
2016-03-12 16:00:00,6.5,2,7.9,2,7.4,2,8.2,4,7.9,3,9.6,4,7.9,4,9.7,4,8.8,2,9.2,2,9.7,2,8.1,4,7.8,4,8.2,4,10.5,2,9.7,2,8.5,3,8.6,2,7.9,3,6.4,6,7.9,2,8.3,5,8.8,5,6.5,2.0,11.4,2,12.0,2,12.6,2,8.6,5,11.0,2,14.3,1,13.7,1,13.3,2,15.9,3,14.5,2,13.1,2
2016-03-12 17:00:00,5.9,2,7.0,2,6.9,2,7.2,3,7.3,3,9.1,4,7.2,4,8.9,3,8.1,2,8.6,2,9.2,2,7.2,4,7.5,4,7.9,4,9.9,2,9.1,2,7.8,2,7.6,2,7.3,3,6.2,6,7.3,2,7.7,4,8.3,4,5.3,2.0,10.7,2,10.9,1,11.0,2,7.9,4,10.4,2,13.2,2,12.2,1,12.3,2,14.3,3,13.9,3,12.4,2
2016-03-12 18:00:00,5.4,2,6.1,2,6.4,2,6.3,3,6.5,3,8.4,4,6.6,4,8.1,3,7.4,2,7.9,2,8.7,2,6.3,4,6.8,4,7.5,5,9.1,2,8.3,2,7.0,2,6.5,2,6.6,2,5.9,5,6.6,2,6.8,3,7.7,4,4.1,2.0,9.8,1,9.8,1,9.4,2,7.1,4,9.6,2,12.2,2,10.8,1,11.3,2,12.7,3,13.1,3,11.8,2
2016-03-12 19:00:00,5.1,2,5.4,2,5.9,3,5.6,4,5.4,3,7.6,4,6.1,5,7.3,4,6.7,2,7.1,2,8.2,2,5.4,3,5.9,4,6.9,5,8.3,2,7.4,2,6.3,1,5.4,2,5.9,2,5.6,5,6.0,2,5.8,3,7.0,4,3.2,2.0,8.8,1,9.2,1,8.3,2,6.4,4,8.8,2,11.3,1,9.8,1,10.6,2,11.3,2,12.3,3,11.3,2
2016-03-12 20:00:00,4.9,2,4.9,2,5.3,3,5.1,5,4.3,2,6.7,4,5.8,5,6.6,5,6.0,2,6.4,2,7.6,2,4.5,3,4.9,4,6.2,5,7.5,2,6.5,2,5.6,1,4.4,2,5.2,3,5.2,6,5.4,2,4.7,4,6.2,4,2.5,2.0,7.9,2,8.9,1,7.6,2,5.9,4,8.0,2,10.6,1,9.3,1,10.0,1,10.1,2,11.6,3,11.0,2
2016-03-12 21:00:00,4.6,2,4.4,2,4.9,3,4.6,5,3.5,2,6.2,4,5.4,5,5.9,6,5.3,2,5.6,2,6.9,2,4.0,3,4.2,4,5.7,5,6.8,2,5.7,2,5.0,1,3.8,2,4.5,3,4.9,6,4.9,2,4.2,4,5.8,4,1.8,2.0,7.1,2,8.2,2,6.7,2,5.4,3,7.3,2,9.8,2,8.8,2,9.5,2,9.1,2,11.1,3,10.5,2
2016-03-12 22:00:00,4.4,3,4.0,2,4.5,3,4.2,5,3.0,2,5.8,4,5.1,5,5.2,6,4.5,2,5.0,3,6.2,2,3.5,3,3.8,4,5.2,5,6.2,3,5.1,3,4.4,2,3.3,3,3.9,3,4.5,6,4.4,2,3.8,4,5.4,4,1.1,2.0,6.4,2,7.5,2,5.9,3,4.8,3,6.6,2,9.0,2,8.4,2,9.0,2,8.3,3,10.7,3,10.0,2
2016-03-12 23:00:00,4.3,4,3.7,3,4.2,3,3.9,5,2.6,2,5.5,5,4.9,5,4.6,6,3.9,2,4.4,3,5.5,3,3.2,3,3.5,4,4.8,6,5.6,4,4.5,3,3.9,2,2.9,3,3.4,2,4.2,6,4.0,2,3.5,5,5.1,5,0.6,3.0,5.8,3,6.8,2,5.1,3,4.3,3,6.0,3,8.2,2,7.9,3,8.4,3,7.7,3,10.4,3,9.4,2
2016-03-13 00:00:00,4.2,4,3.5,3,3.8,4,3.7,5,2.4,3,5.2,5,4.7,5,4.0,5,3.3,3,4.0,4,5.0,3,3.1,4,3.4,4,4.6,6,5.2,4,4.1,4,3.6,2,2.7,4,3.0,3,3.8,6,3.6,2,3.3,5,4.8,5,0.2,3.0,5.4,3,5.9,3,4.4,4,3.9,3,5.5,3,7.5,3,7.4,3,7.9,3,7.3,4,10.1,3,8.8,3
2016-03-13 01:00:00,4.2,5,3.4,4,3.4,5,3.6,5,2.2,4,4.9,5,4.6,5,3.5,5,2.9,4,3.6,4,4.7,4,3.0,4,3.3,4,4.3,6,4.8,5,3.8,4,3.3,3,2.6,4,2.7,3,3.4,6,3.4,2,3.2,5,4.6,5,-0.1,3.0,5.1,4,5.0,3,3.7,4,3.4,3,5.0,3,6.8,3,6.6,4,7.3,4,6.9,4,9.8,4,8.1,3
2016-03-13 02:00:00,4.2,5,3.3,4,3.0,6,3.5,5,1.9,5,4.6,5,4.5,5,3.1,5,2.6,5,3.3,5,4.4,5,3.0,4,3.2,5,4.2,6,4.4,5,3.5,5,3.2,4,2.5,5,2.6,4,3.1,6,3.2,2,3.2,5,4.4,5,-0.3,3.0,4.9,4,4.2,3,3.1,5,3.0,4,4.6,3,6.1,4,5.7,4,6.7,4,6.6,4,9.4,4,7.4,3
2016-03-13 03:00:00,3.5,2,2.4,2,2.9,2,3.0,2,1.0,1,4.5,5,4.5,5,3.0,3,1.9,2,2.2,2,3.3,2,2.6,2,2.6,4,3.5,5,4.0,3,3.0,2,2.4,2,2.4,3,2.5,4,2.5,5,2.1,4,2.8,4,3.3,4,-0.8,2.0,4.0,1,5.3,1,3.7,2,2.5,2,3.5,2,6.0,1,6.1,1,6.0,1,5.9,2,9.4,2,8.9,2
2016-03-13 04:00:00,3.3,2,2.2,4,2.5,3,2.5,2,0.5,2,4.2,6,4.4,5,2.5,3,1.5,2,1.7,2,3.0,2,2.0,2,2.2,4,3.0,5,3.4,2,2.4,2,2.1,2,2.0,3,2.2,4,2.1,6,1.5,5,2.3,5,2.9,4,-1.0,2.0,3.3,1,4.8,1,3.3,2,1.7,3,2.9,3,5.3,1,5.5,1,5.6,1,5.2,2,8.8,2,8.4,1
2016-03-13 05:00:00,3.2,3,2.1,5,2.2,5,2.1,2,0.2,2,4.1,6,4.4,4,2.2,2,1.4,2,1.5,2,2.9,2,1.5,2,1.8,4,2.6,5,2.8,2,2.0,3,1.9,2,1.7,3,2.0,3,1.9,6,1.1,5,1.8,5,2.7,5,-1.0,2.0,2.9,2,4.5,2,3.1,2,1.3,3,2.7,3,4.9,1,5.1,1,5.4,2,4.8,2,8.5,2,8.1,1
2016-03-13 06:00:00,3.4,3,2.3,6,2.3,6,2.3,2,0.6,2,4.3,6,4.5,4,2.3,2,1.6,2,1.8,2,3.1,2,1.6,2,1.8,3,2.6,5,2.7,2,2.0,3,2.0,2,1.9,3,2.2,3,2.1,6,1.1,5,1.9,6,2.8,6,-0.6,2.0,3.1,2,4.8,2,3.3,2,1.6,3,3.0,4,5.2,1,5.4,1,5.5,2,4.9,3,8.7,2,8.1,1
2016-03-13 07:00:00,3.9,4,3.1,6,2.9,6,3.3,2,1.7,1,5.1,4,4.9,4,3.1,2,2.3,2,2.7,2,3.8,2,2.5,2,2.5,3,3.3,5,3.5,2,2.7,2,2.7,2,2.8,3,3.0,3,2.8,6,1.7,5,2.7,6,3.3,5,0.3,2.0,4.1,2,5.8,2,4.2,2,2.9,3,4.0,3,6.5,1,6.6,1,6.2,2,6.0,3,9.7,2,8.7,1
2016-03-13 08:00:00,4.7,5,4.3,5,3.8,5,4.8,2,3.4,1,6.3,3,5.6,3,4.5,2,3.5,2,4.0,1,4.8,2,3.9,1,3.6,2,4.5,5,4.9,2,3.9,2,3.7,2,4.1,2,4.3,3,3.9,5,2.8,5,3.9,6,4.2,5,1.5,3.0,5.7,1,7.2,2,5.6,2,4.8,2,5.4,3,8.3,1,8.4,2,7.3,2,7.9,3,11.2,3,9.8,1
2016-03-13 09:00:00,5.7,5,5.6,4,5.1,5,6.4,2,5.1,1,7.6,2,6.4,3,6.1,2,4.9,2,5.5,1,6.1,1,5.5,1,4.9,2,5.8,5,6.6,2,5.4,2,4.9,2,5.5,2,5.7,3,5.1,5,4.2,4,5.2,6,5.4,5,3.0,3.0,7.4,1,8.7,2,7.4,3,6.7,2,6.9,2,10.3,1,10.3,2,8.7,2,10.2,2,12.7,3,11.0,1
2016-03-13 10:00:00,6.7,5,6.9,3,6.5,4,7.6,2,6.6,2,8.7,1,7.3,3,7.7,2,6.4,2,7.0,2,7.5,2,6.9,2,6.1,2,7.0,5,8.1,2,6.9,1,6.1,2,6.8,2,7.1,3,6.1,5,5.6,4,6.2,6,6.7,4,4.6,3.0,8.8,1,10.1,2,9.4,4,8.1,3,8.3,2,11.9,2,11.8,2,10.3,2,12.5,3,13.7,3,12.1,1
2016-03-13 11:00:00,7.5,4,8.1,2,7.9,3,8.5,2,7.9,3,9.6,1,8.1,3,9.1,2,7.8,2,8.3,2,8.8,2,8.0,2,7.1,3,8.0,6,9.4,2,8.2,1,7.2,2,7.9,2,8.2,2,6.9,6,6.8,3,7.0,6,8.0,4,6.1,3.0,9.9,2,11.3,2,11.3,5,8.9,4,9.5,2,13.2,2,12.9,1,11.8,2,14.5,3,14.4,4,13.0,1
2016-03-13 12:00:00,8.0,4,8.9,2,8.9,2,9.1,2,8.8,3,10.2,1,8.7,3,10.1,2,8.9,2,9.3,2,9.9,2,8.9,2,8.0,3,8.7,6,10.3,2,9.3,2,8.1,3,8.7,2,9.0,2,7.4,7,7.7,3,7.7,6,9.0,4,7.2,3.0,10.7,2,12.2,2,12.8,5,9.4,5,10.4,3,14.0,2,13.7,1,13.0,2,16.0,3,14.8,4,13.7,1
2016-03-13 13:00:00,8.2,4,9.4,2,9.4,2,9.4,2,9.4,3,10.5,2,8.9,3,10.6,2,9.5,2,10.0,2,10.6,2,9.5,3,8.7,4,9.1,7,10.8,2,10.0,2,8.8,3,9.3,3,9.3,2,7.6,7,8.1,4,8.3,6,9.5,5,7.8,3.0,11.2,2,12.8,2,13.7,5,9.6,6,11.1,3,14.5,2,14.3,2,13.7,2,16.9,4,15.1,4,14.1,1
2016-03-13 14:00:00,8.0,4,9.4,3,9.5,2,9.4,2,9.6,3,10.5,2,8.7,2,10.6,2,9.7,2,10.3,2,10.9,2,9.8,3,9.2,5,9.2,7,10.9,2,10.3,2,9.3,3,9.6,3,9.1,3,7.5,7,8.2,4,8.7,5,9.7,5,7.9,3.0,11.5,2,13.1,2,13.9,4,9.5,6,11.4,3,14.5,2,14.5,2,14.0,2,17.0,4,15.1,4,14.2,2
2016-03-13 15:00:00,7.8,2,9.4,2,9.3,2,9.0,2,9.8,3,10.4,1,8.8,1,10.3,1,10.0,2,10.3,2,10.9,2,9.5,4,9.2,6,9.5,5,10.7,1,9.9,2,8.9,2,8.9,4,8.3,3,7.7,6,7.3,2,8.0,6,9.2,3,7.6,3.0,11.5,2,12.3,4,12.1,4,8.8,6,10.5,2,13.5,2,13.3,2,13.1,6,15.2,5,14.7,5,13.2,3
2016-03-13 16:00:00,7.2,2,8.7,2,8.8,2,8.6,2,9.4,2,9.8,1,8.3,1,9.9,1,9.7,2,10.1,2,10.7,2,9.3,4,8.9,6,9.3,4,10.3,1,9.8,2,8.7,2,8.5,4,8.0,2,7.5,5,7.1,2,7.8,5,8.9,3,6.8,4.0,11.1,2,11.8,4,11.2,4,8.0,5,9.9,2,12.7,3,12.6,2,12.6,6,14.4,6,14.3,5,12.3,3
2016-03-13 17:00:00,6.5,2,7.8,2,8.2,2,8.1,2,8.8,2,9.0,1,7.7,1,9.3,2,9.1,2,9.6,2,10.3,2,8.8,3,8.4,5,8.9,4,9.9,1,9.4,2,8.2,3,7.9,3,7.7,2,7.3,4,6.8,2,7.3,4,8.5,3,5.8,4.0,10.5,2,10.9,4,10.0,4,7.1,5,9.1,2,11.8,3,11.5,3,11.9,6,13.3,6,13.8,4,11.4,4
2016-03-13 18:00:00,5.9,2,7.0,2,7.5,2,7.5,2,7.9,2,8.2,2,7.2,1,8.7,2,8.5,2,9.1,2,9.9,2,8.0,3,7.6,4,8.3,4,9.3,1,8.9,2,7.6,3,7.2,2,7.2,2,6.9,3,6.4,2,6.6,3,7.8,2,4.8,4.0,9.8,2,10.0,4,8.8,4,6.1,4,8.3,2,10.8,3,10.4,3,11.0,6,12.1,6,13.1,4,10.5,4
2016-03-13 19:00:00,5.6,2,6.4,2,6.9,2,6.9,2,6.7,2,7.4,2,6.8,1,8.0,2,7.9,2,8.5,2,9.5,2,7.0,2,6.7,3,7.5,4,8.7,2,8.3,2,7.0,3,6.5,2,6.6,2,6.4,3,5.9,2,5.9,3,7.1,2,4.0,4.0,9.0,2,9.2,4,7.8,4,5.2,4,7.6,2,9.9,3,9.4,4,10.2,7,11.1,6,12.3,3,9.9,4
2016-03-13 20:00:00,5.4,2,5.8,2,6.3,2,6.3,2,5.5,2,6.8,2,6.4,2,7.3,2,7.3,2,7.8,2,9.0,2,6.0,2,5.7,2,6.7,5,8.1,2,7.7,2,6.5,3,5.8,1,5.9,2,5.9,4,5.4,2,5.2,4,6.3,3,3.3,4.0,8.3,2,8.6,4,7.0,4,4.4,4,6.9,1,9.2,3,8.6,4,9.5,6,10.1,6,11.6,3,9.6,4
2016-03-13 21:00:00,5.0,2,5.2,2,5.7,2,5.8,2,4.5,2,6.2,2,6.1,2,6.6,2,6.6,2,7.1,2,8.3,2,5.3,2,5.0,2,6.0,5,7.4,2,7.1,2,6.0,2,5.2,1,5.3,2,5.3,4,5.0,2,4.9,4,5.7,3,2.5,5.0,7.5,2,7.8,4,6.1,4,3.7,3,6.2,1,8.5,3,8.0,4,8.9,6,9.2,6,10.9,3,9.1,4
2016-03-13 22:00:00,4.7,2,4.7,2,5.1,2,5.3,2,3.8,1,5.7,2,5.8,2,6.1,2,5.9,2,6.4,2,7.6,2,4.8,2,4.4,2,5.3,5,6.8,3,6.6,3,5.6,2,4.7,2,4.6,2,4.6,4,4.7,2,4.6,4,5.3,3,1.8,5.0,6.8,2,7.0,4,5.4,4,3.1,3,5.6,1,7.8,4,7.4,4,8.4,6,8.4,5,10.4,3,8.7,4
2016-03-13 23:00:00,4.5,1,4.3,2,4.6,1,4.8,2,3.2,1,5.3,3,5.5,3,5.5,2,5.2,2,5.7,2,6.9,2,4.4,2,3.9,2,4.7,4,6.4,3,6.1,3,5.2,2,4.1,2,4.0,3,3.9,5,4.4,2,4.5,5,4.9,3,1.1,5.0,6.2,2,6.2,4,4.7,4,2.7,3,5.0,1,7.3,4,7.0,4,7.9,6,7.7,5,10.0,3,8.2,5
2016-03-14 00:00:00,4.4,1,3.9,2,4.1,1,4.4,2,2.7,1,4.8,3,5.3,3,5.1,2,4.5,3,4.9,3,6.2,2,4.1,2,3.5,2,4.1,4,5.9,4,5.7,3,4.7,3,3.6,2,3.4,3,3.2,5,4.1,2,4.3,5,4.5,4,0.5,5.0,5.7,2,5.3,4,4.0,4,2.3,3,4.4,2,6.7,4,6.4,4,7.4,6,7.1,4,9.6,4,7.7,5
2016-03-14 01:00:00,4.3,1,3.6,2,3.6,1,4.1,2,2.3,1,4.4,3,5.1,3,4.6,3,3.8,3,4.2,3,5.5,3,3.8,2,3.1,2,3.5,5,5.6,4,5.3,4,4.2,3,3.1,2,2.8,4,2.5,5,3.8,3,4.0,5,4.2,4,-0.1,5.0,5.3,3,4.4,4,3.5,4,2.1,4,4.0,2,6.1,4,5.7,4,6.9,5,6.5,4,9.3,4,7.2,5
2016-03-14 02:00:00,4.3,1,3.2,2,3.1,1,3.8,2,1.8,1,4.1,4,4.9,3,4.2,3,3.2,3,3.5,3,5.0,3,3.3,2,2.7,2,2.9,5,5.3,5,4.9,4,3.7,4,2.6,2,2.3,4,1.9,5,3.5,4,3.5,5,3.9,5,-0.6,5.0,5.0,4,3.5,4,3.0,4,2.0,4,3.6,2,5.6,4,4.9,4,6.3,5,6.1,5,9.0,4,6.6,5
2016-03-14 03:00:00,3.9,2,3.6,2,3.4,2,4.5,2,1.8,1,5.4,3,5.2,2,4.0,2,3.1,1,3.4,1,4.3,1,3.4,1,2.8,1,3.6,2,4.7,1,4.3,2,3.4,1,3.0,2,3.1,1,2.6,4,3.1,1,2.6,3,2.4,2,-0.8,2.0,4.2,1,4.6,1,3.7,2,2.0,3,2.8,2,5.5,2,5.5,1,5.8,2,6.4,2,9.4,6,7.4,5
2016-03-14 04:00:00,3.4,2,3.0,2,2.8,2,3.9,2,1.1,1,5.2,2,5.0,3,3.5,2,2.5,1,2.8,1,3.8,1,2.7,1,2.1,1,3.1,2,4.2,2,3.6,2,2.8,1,2.4,2,2.6,1,2.0,4,2.5,1,1.7,3,1.8,2,-1.2,3.0,3.6,1,3.8,2,3.1,2,1.4,3,2.2,2,4.7,2,4.6,2,5.3,2,6.0,3,9.1,6,6.7,5
2016-03-14 05:00:00,2.9,2,2.6,2,2.3,2,3.3,3,0.6,1,5.0,2,4.8,3,3.1,2,2.3,1,2.5,2,3.5,1,2.1,1,1.5,2,2.6,2,3.8,2,3.1,2,2.4,2,2.0,2,2.3,1,1.7,5,2.0,1,0.9,3,1.5,2,-1.4,3.0,3.3,1,3.4,2,2.7,2,1.0,3,1.8,2,4.1,2,4.0,2,5.1,2,5.8,4,8.9,6,6.1,4
2016-03-14 06:00:00,2.9,2,2.5,2,2.2,2,3.3,3,0.8,1,5.1,2,4.8,3,3.1,2,2.4,2,2.7,2,3.6,2,2.2,1,1.5,2,2.6,2,3.9,2,3.0,2,2.5,2,2.2,2,2.5,1,1.8,5,2.0,1,0.9,3,1.7,3,-1.0,4.0,3.5,1,3.7,3,2.9,2,1.4,3,2.1,2,4.4,2,4.3,2,5.5,2,6.2,5,9.2,6,6.3,4
2016-03-14 07:00:00,3.5,2,3.0,2,2.8,2,4.1,3,1.9,1,5.7,2,5.1,3,3.8,2,3.0,1,3.4,2,4.3,1,3.1,1,2.3,2,3.3,3,4.6,2,3.6,2,3.4,2,3.2,2,3.5,1,2.7,4,2.7,1,2.0,3,2.5,3,0.4,4.0,4.5,1,5.1,3,4.0,2,2.8,2,3.2,2,5.9,2,6.0,2,6.6,3,7.5,6,10.1,6,7.5,4
2016-03-14 08:00:00,4.5,2,4.1,2,3.9,2,5.4,2,3.5,1,6.7,2,5.8,2,4.9,2,4.1,1,4.5,1,5.4,1,4.5,1,3.7,2,4.5,3,5.8,2,4.8,2,4.7,2,4.7,2,4.9,1,4.2,4,4.0,1,3.8,2,3.9,3,2.5,4.0,5.9,1,7.2,4,5.7,3,4.9,2,4.9,2,8.1,2,8.6,2,8.2,4,9.4,5,11.4,6,9.2,4
2016-03-14 09:00:00,5.6,1,5.4,1,5.4,1,6.8,2,5.3,1,7.8,1,6.5,2,6.4,2,5.4,1,5.9,1,6.7,1,6.1,1,5.2,2,5.8,4,7.2,2,6.1,2,6.0,2,6.3,1,6.5,1,5.7,4,5.4,1,5.7,2,5.7,3,4.8,4.0,7.6,1,9.5,4,7.9,4,6.9,2,6.8,2,10.5,2,11.2,2,10.1,5,11.4,5,12.7,5,11.1,4
2016-03-14 10:00:00,6.6,1,6.8,1,7.0,1,7.9,2,6.8,1,8.8,1,7.3,2,7.9,2,6.8,1,7.3,1,8.0,1,7.5,1,6.6,2,7.0,4,8.5,2,7.4,2,7.1,2,7.6,1,7.9,1,7.0,4,6.7,1,7.3,2,7.6,3,7.0,4.0,9.2,1,11.6,5,10.1,4,8.5,3,8.7,2,12.5,2,13.2,2,11.9,6,13.1,5,13.7,6,12.6,4
2016-03-14 11:00:00,7.4,2,8.0,1,8.5,1,8.7,2,8.1,1,9.6,1,7.9,2,9.3,2,8.1,1,8.6,1,9.2,1,8.6,2,7.7,2,8.1,4,9.7,2,8.5,2,8.0,2,8.5,2,8.9,2,7.9,4,7.9,1,8.7,3,9.4,2,8.8,3.0,10.5,2,13.3,5,12.2,5,9.6,3,10.4,2,14.0,2,14.6,3,13.5,6,14.5,5,14.5,6,13.6,3
2016-03-14 12:00:00,8.0,2,9.0,1,9.5,1,9.2,2,9.0,1,10.1,1,8.4,2,10.2,2,9.1,2,9.6,2,10.1,2,9.4,2,8.6,2,8.9,3,10.5,2,9.4,2,8.7,3,9.3,2,9.6,2,8.5,4,8.8,2,9.7,3,10.8,2,10.2,3.0,11.5,2,14.7,6,13.7,6,10.3,4,11.7,2,14.9,3,15.5,4,14.7,7,15.5,5,14.9,6,14.3,3
2016-03-14 13:00:00,8.3,2,9.5,2,9.9,1,9.6,2,9.6,1,10.3,1,8.5,2,10.6,2,9.7,2,10.3,2,10.7,2,10.0,2,9.3,2,9.4,3,10.9,3,10.0,3,9.4,3,10.0,2,9.9,2,8.7,3,9.5,2,10.5,3,11.6,2,10.9,3.0,12.1,2,15.7,6,14.5,7,10.7,4,12.6,2,15.3,3,16.1,4,15.4,7,16.0,6,15.1,6,14.6,3
2016-03-14 14:00:00,8.3,2,9.6,2,9.8,1,9.7,2,9.8,1,10.3,1,8.4,2,10.6,2,9.9,2,10.6,2,11.0,2,10.4,2,9.6,1,9.7,2,11.0,3,10.3,3,9.9,3,10.4,2,10.0,2,8.6,2,9.8,2,11.1,2,11.9,2,11.0,3.0,12.4,2,16.0,6,14.5,7,10.7,4,12.9,2,15.1,4,16.2,5,15.5,7,16.1,6,15.1,6,14.6,4
2016-03-14 15:00:00,8.3,2,9.4,1,9.5,1,9.2,1,10.0,1,10.3,1,8.4,2,10.7,1,9.9,1,10.5,1,10.9,1,10.0,1,9.3,1,9.3,1,11.0,1,10.4,2,10.1,3,10.2,5,9.7,1,8.2,2,10.1,2,10.6,2,11.0,2,10.0,3.0,12.6,2,15.6,4,14.0,6,10.8,5,13.0,2,15.1,2,16.0,3,15.6,5,15.5,4,14.7,2,14.5,6
2016-03-14 16:00:00,7.9,2,8.9,2,9.1,1,9.1,1,9.6,1,9.9,1,8.2,2,10.4,1,9.6,1,10.1,1,10.7,1,9.6,1,9.0,1,9.1,1,10.7,1,10.1,2,9.7,3,9.7,4,9.2,1,7.9,2,9.7,2,10.1,3,10.6,2,8.6,2.0,12.2,2,14.6,4,12.6,7,10.1,5,12.5,2,14.4,2,14.9,3,14.8,5,14.6,3,14.3,2,14.0,5
2016-03-14 17:00:00,7.4,3,8.3,2,8.6,2,8.8,1,8.8,1,9.4,1,8.0,2,10.0,1,9.0,1,9.6,1,10.3,1,8.9,1,8.3,1,8.7,1,10.3,1,9.6,2,9.0,4,8.8,3,8.5,1,7.4,1,8.9,1,9.1,3,9.9,2,7.0,2.0,11.5,2,13.2,5,10.8,6,9.2,5,11.6,2,13.4,3,13.4,3,13.7,5,13.4,3,13.8,2,13.2,4
2016-03-14 18:00:00,6.9,4,7.7,2,8.1,2,8.2,1,7.7,1,8.7,1,7.6,2,9.4,1,8.4,1,8.9,1,9.8,1,7.9,1,7.3,1,8.0,1,9.7,1,8.9,2,8.1,4,7.6,2,7.6,1,6.6,1,8.1,1,7.9,3,9.0,2,5.5,2.0,10.6,2,11.7,5,9.1,6,8.1,5,10.6,2,12.4,3,11.9,4,12.6,6,12.2,3,13.1,2,12.2,3
2016-03-14 19:00:00,6.5,4,7.0,3,7.6,2,7.4,1,6.3,1,7.9,1,7.1,2,8.6,1,7.8,1,8.2,1,9.3,1,6.6,1,6.1,2,7.0,2,9.0,2,8.1,2,7.2,3,6.3,2,6.6,1,5.6,1,7.4,1,6.6,3,8.1,2,4.5,2.0,9.5,2,10.4,5,7.9,5,7.0,5,9.7,2,11.4,4,10.7,3,11.7,6,11.1,3,12.3,2,11.2,4
2016-03-14 20:00:00,6.3,4,6.3,3,7.0,3,6.6,1,4.9,1,7.1,1,6.5,2,7.8,1,7.2,1,7.6,1,8.8,1,5.3,1,4.9,1,5.9,2,8.2,2,7.4,2,6.4,2,5.1,2,5.5,1,4.6,2,6.8,1,5.4,2,7.1,1,3.9,2.0,8.4,1,9.4,4,7.1,5,6.0,5,8.8,2,10.5,4,9.8,3,10.9,6,10.1,3,11.4,2,10.3,4
2016-03-14 21:00:00,5.9,4,5.7,3,6.3,3,5.9,2,3.9,2,6.6,2,6.2,2,7.0,1,6.5,2,6.9,2,8.2,2,4.4,2,3.9,2,5.0,2,7.4,2,6.6,2,5.7,3,4.3,2,4.5,1,3.7,2,6.0,1,4.4,2,6.2,2,2.8,2.0,7.5,1,8.4,4,6.3,4,5.2,5,7.9,2,9.6,4,8.8,3,10.0,6,9.2,3,10.8,2,9.6,4
2016-03-14 22:00:00,5.6,3,5.1,3,5.6,3,5.3,2,3.2,2,6.1,2,5.9,2,6.3,1,5.7,2,6.2,2,7.4,2,3.8,2,3.2,2,4.2,3,6.7,2,5.9,3,5.1,3,3.7,2,3.7,1,2.8,1,5.3,1,3.9,2,5.3,2,1.8,2.0,6.9,1,7.5,4,5.5,4,4.8,5,7.0,2,8.7,4,7.9,3,9.2,6,8.4,3,10.2,2,9.1,4
2016-03-14 23:00:00,5.3,2,4.6,4,4.9,2,4.9,3,2.6,3,5.6,3,5.8,3,5.7,1,5.0,3,5.4,3,6.7,3,3.4,3,2.7,3,3.4,3,6.1,2,5.3,3,4.6,3,3.2,3,3.1,2,2.1,1,4.7,1,3.6,2,4.6,2,0.9,2.0,6.4,1,6.7,3,4.9,4,4.5,5,6.1,2,7.9,4,7.1,3,8.4,5,7.6,3,9.7,2,8.7,4
2016-03-15 00:00:00,5.0,2,4.1,4,4.1,2,4.5,3,2.2,4,5.1,3,5.6,3,5.2,1,4.3,3,4.7,3,6.0,3,3.1,4,2.4,3,2.8,4,5.8,2,4.9,4,4.2,4,2.8,3,2.6,2,1.5,2,4.0,1,3.4,2,4.0,2,0.1,2.0,5.9,1,5.8,3,4.3,4,4.2,5,5.3,2,7.2,4,6.3,3,7.6,5,6.9,4,9.3,2,8.4,4
2016-03-15 01:00:00,4.7,3,3.6,5,3.3,3,4.1,4,1.8,4,4.6,4,5.4,4,4.7,2,3.5,4,4.0,4,5.3,4,2.8,4,2.2,3,2.2,4,5.5,2,4.5,4,3.6,4,2.4,4,2.1,3,0.9,3,3.4,1,3.2,2,3.5,2,-0.6,2.0,5.3,1,4.9,3,3.6,4,3.7,5,4.5,2,6.5,4,5.5,3,6.8,5,6.3,4,8.9,2,8.0,4
2016-03-15 02:00:00,4.5,4,3.1,5,2.6,4,3.7,4,1.4,5,4.1,4,5.1,4,4.3,4,2.8,4,3.2,4,4.7,4,2.3,5,2.0,4,1.7,5,5.3,2,4.0,5,2.9,4,1.9,5,1.6,3,0.4,4,2.8,1,2.8,2,3.0,2,-1.2,2.0,4.6,1,4.1,2,3.1,4,3.1,5,3.7,2,5.9,3,4.8,2,6.0,5,5.7,4,8.6,2,7.5,4
2016-03-15 03:00:00,4.0,2,2.8,2,3.2,3,3.8,2,0.8,1,4.0,1,4.2,2,3.5,2,2.1,1,2.5,1,3.8,1,1.4,1,1.4,1,1.7,2,4.2,1,3.1,2,2.2,1,1.4,1,1.6,1,0.4,2,3.6,1,2.6,2,2.6,2,-0.8,2.0,4.4,1,5.8,3,4.7,2,1.9,2,4.3,3,7.0,4,6.6,4,6.8,6,7.0,2,8.4,1,8.5,7
2016-03-15 04:00:00,3.7,2,2.4,2,2.9,2,2.9,2,0.1,1,3.4,1,3.7,2,2.8,2,1.5,1,1.8,1,3.2,1,0.5,1,0.7,1,1.2,2,3.5,1,2.4,2,1.6,1,0.6,1,1.0,1,-0.1,2,3.1,1,1.7,2,1.9,2,-1.4,1.0,3.7,2,5.0,2,3.9,2,1.2,3,3.6,3,6.2,3,5.7,3,6.1,5,6.1,2,7.7,1,8.0,7
2016-03-15 05:00:00,3.5,2,2.1,2,2.7,2,2.2,2,-0.2,2,3.0,1,3.3,2,2.3,2,1.1,1,1.4,1,2.8,1,0.0,1,0.2,2,0.9,2,2.9,1,2.0,1,1.2,1,0.1,1,0.5,1,-0.5,2,2.9,1,0.9,2,1.4,2,-1.8,1.0,3.3,2,4.6,2,3.1,2,0.9,3,3.1,3,5.6,2,5.1,3,5.8,4,5.3,2,7.3,1,7.7,6
2016-03-15 06:00:00,3.7,3,2.3,2,2.9,2,2.1,2,0.2,2,3.3,1,3.4,1,2.3,2,1.4,1,1.6,1,3.0,1,0.3,1,0.2,2,1.0,2,3.0,1,2.1,1,1.5,1,0.4,1,0.7,1,-0.3,2,3.2,1,1.0,2,1.4,2,-1.5,2.0,3.7,2,4.8,2,3.1,2,1.7,3,3.4,2,5.9,2,5.4,2,6.0,3,5.2,2,7.5,1,7.8,6
2016-03-15 07:00:00,4.4,2,3.2,2,3.6,2,3.1,1,1.6,2,4.5,1,4.1,1,3.2,2,2.5,1,2.6,1,4.0,1,1.7,1,1.2,2,1.9,3,4.1,1,3.1,1,2.6,1,1.8,1,1.8,1,0.7,2,4.2,1,2.3,2,2.2,2,-0.2,2.0,5.1,2,6.0,2,4.2,2,3.9,3,4.8,2,7.3,2,7.0,2,7.0,3,6.3,2,8.6,1,8.8,6
2016-03-15 08:00:00,5.4,2,4.5,2,4.8,2,4.7,1,3.6,2,6.2,1,5.2,2,4.7,2,4.2,1,4.3,1,5.5,1,3.8,1,3.0,2,3.4,3,5.8,1,4.8,1,4.2,1,3.9,1,3.6,1,2.3,2,5.7,1,4.4,2,3.7,2,1.9,2.0,7.2,2,7.9,2,6.1,2,6.8,2,6.8,2,9.5,3,9.4,2,8.5,2,8.2,2,10.3,1,10.3,5
2016-03-15 09:00:00,6.5,2,6.1,2,6.2,2,6.5,1,5.7,1,7.9,1,6.4,2,6.5,1,6.0,1,6.2,1,7.2,1,6.1,1,4.9,2,5.0,2,7.7,1,6.7,1,6.0,1,6.2,2,5.6,1,4.2,2,7.4,1,6.7,2,5.6,2,4.3,2.0,9.5,2,10.0,1,8.4,2,9.6,2,9.1,2,11.7,3,11.9,2,10.2,2,10.6,2,11.9,1,11.9,4
2016-03-15 10:00:00,7.6,1,7.7,1,7.8,2,8.0,1,7.6,1,9.1,1,7.5,2,8.3,1,7.7,1,8.1,1,8.8,1,8.0,1,6.6,1,6.5,2,9.4,2,8.4,1,7.6,2,8.1,2,7.5,2,6.0,2,8.9,1,8.8,2,7.6,2,6.7,2.0,11.6,2,12.1,1,10.6,2,11.5,2,11.1,2,13.4,2,13.9,2,11.9,2,12.9,2,13.1,1,13.2,4
2016-03-15 11:00:00,8.4,1,9.1,1,9.2,1,9.2,1,9.1,1,9.9,1,8.5,1,9.8,1,9.1,1,9.8,1,10.2,1,9.5,2,8.0,1,7.9,1,10.8,2,9.9,2,9.0,2,9.6,2,9.0,2,7.5,2,10.1,1,10.4,3,9.5,2,8.8,2.0,13.3,2,13.8,2,12.4,2,12.7,2,12.8,2,14.6,2,15.4,2,13.4,2,15.0,2,14.0,1,14.2,3
2016-03-15 12:00:00,9.0,2,10.1,1,10.3,1,10.0,1,10.1,1,10.3,1,9.1,1,10.9,1,10.2,1,11.0,1,11.3,1,10.5,2,9.1,2,8.9,1,11.7,2,11.0,2,10.1,2,10.7,2,10.1,2,8.5,2,11.0,2,11.6,3,11.0,2,10.3,2.0,14.6,2,15.2,2,13.8,2,13.3,3,14.0,2,15.3,2,16.4,2,14.6,2,16.5,2,14.5,1,14.9,2
2016-03-15 13:00:00,9.2,3,10.6,2,10.8,1,10.4,2,10.6,1,10.5,1,9.4,1,11.5,1,10.8,1,11.6,1,12.0,1,11.1,2,9.9,3,9.6,2,12.2,2,11.7,2,10.9,2,11.4,2,10.7,3,9.0,3,11.5,2,12.3,3,11.8,2,11.0,3.0,15.3,2,16.0,2,14.6,2,13.6,3,14.8,2,15.7,1,17.1,2,15.4,2,17.3,2,14.8,2,15.4,2
2016-03-15 14:00:00,9.1,4,10.6,2,10.7,2,10.5,2,10.7,2,10.6,1,9.4,2,11.7,1,11.1,1,11.8,1,12.3,1,11.3,2,10.4,4,10.0,3,12.3,2,12.0,2,11.4,2,11.7,2,10.8,3,9.0,3,11.7,2,12.4,3,12.0,3,11.0,3.0,15.6,2,16.2,2,14.8,2,13.6,3,15.1,2,15.8,1,17.3,2,15.7,1,17.5,2,15.0,2,15.7,3
2016-03-15 15:00:00,9.4,2,10.7,2,10.7,2,9.8,2,11.4,2,11.1,1,9.4,2,11.7,2,11.2,1,11.6,1,12.2,1,11.5,2,10.9,2,10.9,6,12.7,2,12.0,2,11.4,2,11.7,1,10.8,2,9.7,5,11.6,2,12.4,2,12.2,3,10.0,3.0,14.8,2,16.3,1,14.7,2,12.0,5,14.7,2,15.3,4,16.2,2,15.4,3,16.8,2,14.3,1,14.5,6
2016-03-15 16:00:00,8.6,2,10.2,2,10.3,2,9.4,2,10.9,2,10.8,1,9.2,2,11.4,2,10.8,1,11.2,1,11.8,1,10.9,2,10.5,3,10.6,7,12.3,2,11.7,2,11.0,2,10.9,1,10.3,2,9.4,5,11.0,2,11.7,2,11.7,3,8.7,3.0,14.2,2,15.3,1,13.5,2,11.3,5,14.1,2,14.7,3,15.2,2,14.8,3,15.9,2,13.9,1,14.3,6
2016-03-15 17:00:00,7.6,2,9.5,2,9.8,2,8.8,2,10.1,3,10.4,1,8.8,2,10.8,2,10.2,2,10.6,2,11.4,2,10.1,2,9.9,4,10.0,7,11.7,2,11.2,2,10.2,2,9.8,1,9.5,2,8.8,5,10.3,2,10.8,2,10.9,2,7.3,4.0,13.4,2,13.9,1,11.9,2,10.4,5,13.1,2,13.8,4,13.9,2,14.0,2,14.6,2,13.4,1,13.8,5
2016-03-15 18:00:00,6.8,2,8.7,2,9.3,2,8.2,2,9.1,3,9.6,1,8.2,2,10.1,2,9.6,2,10.0,2,10.9,2,9.1,2,9.1,6,9.2,7,10.9,2,10.4,2,9.3,2,8.5,1,8.7,3,8.0,5,9.4,2,9.6,2,10.0,2,6.1,4.0,12.5,2,12.5,1,10.4,1,9.4,4,12.0,2,12.9,4,12.6,2,13.0,2,13.3,2,12.8,2,13.2,5
2016-03-15 19:00:00,6.3,3,7.9,3,8.8,3,7.6,2,8.1,4,8.5,2,7.5,2,9.2,2,9.0,2,9.4,2,10.4,2,8.2,3,8.2,7,8.3,7,10.1,2,9.4,2,8.4,2,7.4,2,7.8,3,7.2,6,8.5,2,8.4,2,9.1,2,5.3,5.0,11.5,2,11.5,1,9.4,1,8.3,4,11.0,2,12.1,3,11.5,2,12.1,2,12.0,2,12.2,2,12.5,5
2016-03-15 20:00:00,6.1,5,7.2,3,8.3,5,7.1,2,7.3,4,7.4,2,6.7,2,8.2,2,8.4,2,8.7,2,9.9,2,7.4,3,7.2,7,7.5,7,9.3,2,8.3,2,7.5,2,6.5,3,7.0,2,6.3,6,7.6,2,7.2,2,8.4,3,4.8,5.0,10.6,2,10.8,1,8.7,1,7.4,4,10.0,2,11.5,2,10.7,2,11.3,2,10.8,2,11.6,3,11.8,5
2016-03-15 21:00:00,5.9,5,6.7,4,7.8,5,6.7,3,6.6,4,6.7,2,6.3,2,7.6,2,7.7,2,8.1,2,9.2,2,6.7,3,6.5,6,6.8,6,8.5,2,7.5,2,6.8,2,5.8,4,6.3,2,5.6,6,6.8,2,6.3,2,7.6,3,4.1,5.0,9.7,2,10.0,2,8.1,2,6.6,4,9.2,2,10.8,2,9.9,2,10.6,2,9.8,2,11.1,4,11.2,5
2016-03-15 22:00:00,5.7,6,6.2,4,7.3,5,6.3,3,5.9,4,6.1,3,5.9,3,6.9,2,7.0,3,7.5,3,8.6,3,6.2,3,5.8,6,6.0,6,7.7,3,6.7,3,6.1,3,5.2,4,5.7,2,4.8,6,6.2,2,5.6,3,6.9,3,3.4,5.0,8.9,2,9.1,2,7.5,2,5.9,4,8.5,2,10.1,3,9.1,2,9.8,3,9.1,3,10.8,4,10.6,5
2016-03-15 23:00:00,5.6,6,5.8,4,6.8,6,6.0,4,5.3,4,5.7,3,5.6,3,6.2,2,6.4,3,6.9,3,8.0,3,5.7,3,5.2,5,5.4,5,7.0,4,6.1,3,5.6,4,4.7,4,5.0,2,4.1,6,5.6,3,5.1,3,6.3,3,2.7,5.0,8.2,3,8.3,3,6.9,3,5.2,4,7.8,3,9.4,3,8.3,3,9.1,3,8.5,3,10.5,4,10.0,5
2016-03-16 00:00:00,5.5,6,5.6,5,6.3,6,5.7,5,4.7,5,5.3,4,5.4,4,5.6,3,5.8,3,6.3,4,7.4,4,5.2,4,4.6,5,4.7,5,6.3,4,5.6,4,5.0,4,4.3,5,4.4,3,3.5,6,5.1,4,4.7,4,5.7,4,2.1,5.0,7.6,3,7.3,3,6.2,3,4.7,4,7.2,3,8.7,3,7.6,3,8.4,3,8.1,3,10.3,5,9.4,5
2016-03-16 01:00:00,5.6,7,5.4,5,5.9,6,5.5,5,4.1,5,5.1,5,5.3,4,5.1,4,5.2,4,5.7,4,6.8,4,4.7,4,4.1,5,4.1,5,5.8,5,5.2,5,4.6,5,3.9,5,3.8,3,2.9,6,4.6,4,4.4,4,5.2,4,1.5,5.0,7.0,4,6.4,3,5.5,4,4.2,4,6.6,3,8.0,3,6.8,4,7.8,4,7.7,4,9.9,5,8.9,5
2016-03-16 02:00:00,5.6,7,5.2,6,5.4,6,5.3,6,3.6,5,4.9,6,5.3,5,4.6,5,4.8,4,5.2,5,6.3,5,4.3,4,3.5,5,3.5,6,5.3,6,5.0,5,4.2,5,3.6,5,3.3,4,2.4,6,4.2,5,4.2,5,4.8,4,0.9,5.0,6.4,4,5.4,4,4.8,5,3.8,5,6.1,4,7.4,4,6.0,4,7.3,4,7.3,4,9.4,5,8.4,5
2016-03-16 03:00:00,5.7,7,5.9,7,6.4,6,6.1,6,5.2,2,5.9,3,5.8,6,5.5,6,5.7,3,6.1,3,7.0,3,5.2,2,4.1,2,4.0,3,5.9,3,5.2,6,4.8,4,4.2,3,4.2,1,3.0,4,4.1,5,4.2,6,4.5,5,1.7,6.0,5.7,2,7.1,6,5.4,7,4.1,6,6.5,4,8.5,4,7.9,5,7.9,5,7.3,6,10.1,7,10.9,3
2016-03-16 04:00:00,5.7,7,5.9,7,6.2,6,6.1,7,4.6,1,6.0,4,5.9,6,5.5,6,5.6,3,6.0,3,6.9,3,4.6,1,3.0,2,3.2,2,5.8,3,5.1,6,4.7,4,4.1,2,3.7,1,2.2,3,3.8,6,3.8,6,4.1,4,1.0,6.0,5.4,2,6.8,6,5.1,7,3.7,5,6.1,4,8.3,5,7.6,5,7.6,5,7.6,6,9.9,7,10.9,4
2016-03-16 05:00:00,5.6,7,5.9,7,6.0,6,6.2,7,4.1,1,6.1,5,6.0,6,5.6,6,5.5,3,5.9,3,6.8,3,4.1,1,2.1,2,2.4,3,5.6,3,5.1,6,4.7,4,4.2,2,3.2,2,1.6,3,3.5,6,3.6,7,3.9,4,0.5,6.0,5.3,2,6.7,7,5.1,7,3.4,5,5.8,4,8.3,5,7.5,5,7.5,6,8.1,6,9.7,7,10.9,4
2016-03-16 06:00:00,5.7,6,6.0,6,6.0,5,6.4,6,4.0,1,6.3,6,6.2,6,5.8,6,5.6,3,6.1,3,6.9,3,4.1,1,1.8,2,2.1,3,5.7,3,5.3,5,4.9,4,4.5,2,3.2,2,1.4,3,3.5,5,3.7,7,3.9,4,0.4,6.0,5.5,3,6.9,7,5.2,7,3.7,5,5.8,4,8.5,5,7.8,6,7.8,7,8.7,6,9.7,7,10.9,5
2016-03-16 07:00:00,5.9,6,6.2,5,6.2,4,6.8,6,4.5,1,6.8,6,6.4,6,6.1,6,5.9,3,6.5,2,7.2,2,4.7,1,2.5,2,2.6,3,6.1,4,5.7,4,5.4,3,5.1,2,3.9,2,2.0,3,3.8,5,4.3,6,4.2,5,1.0,6.0,6.1,4,7.5,7,5.6,7,4.6,5,6.3,5,9.0,5,8.5,6,8.5,7,9.3,7,9.9,7,11.0,6
2016-03-16 08:00:00,6.3,6,6.6,4,6.7,3,7.3,6,5.5,1,7.4,6,6.7,6,6.5,6,6.4,2,7.1,2,7.6,2,5.8,1,3.9,2,3.7,3,6.8,5,6.2,3,6.0,3,5.9,1,5.0,2,3.2,3,4.4,4,5.3,6,4.9,5,2.2,6.0,7.0,5,8.3,7,6.2,7,5.9,6,7.0,6,9.7,5,9.5,6,9.4,7,9.8,7,10.2,7,11.1,6
2016-03-16 09:00:00,6.8,5,7.1,3,7.4,2,7.9,6,6.6,1,8.1,5,7.0,7,7.2,5,7.1,1,7.8,1,8.3,1,7.0,1,5.4,2,5.0,3,7.7,6,6.9,2,6.6,2,6.8,1,6.3,2,4.5,4,5.2,4,6.2,5,5.7,5,3.7,6.0,8.0,6,9.1,7,6.9,7,7.2,7,7.9,7,10.4,6,10.4,7,10.2,7,10.2,7,10.4,7,11.4,6
2016-03-16 10:00:00,7.4,4,7.8,2,8.3,1,8.5,6,7.7,1,8.7,5,7.4,7,8.1,5,7.9,1,8.6,1,9.1,1,8.0,1,6.6,2,6.3,2,8.6,6,7.7,1,7.2,2,7.6,1,7.5,2,5.7,3,6.1,4,7.0,6,6.7,5,5.2,6.0,8.9,7,9.8,7,7.6,7,8.2,7,8.7,7,11.0,6,11.1,7,10.7,7,10.3,7,10.5,7,11.8,6
2016-03-16 11:00:00,8.0,3,8.5,2,9.2,1,8.9,5,8.6,1,9.3,6,7.9,7,9.0,4,8.8,1,9.4,1,9.9,1,8.8,1,7.4,2,7.5,2,9.4,6,8.5,1,7.7,2,8.3,1,8.5,1,6.6,3,6.9,4,7.5,6,7.7,5,6.6,7.0,9.7,7,10.4,7,8.2,7,8.9,7,9.3,7,11.4,7,11.5,7,10.9,7,10.4,7,10.5,7,12.2,6
2016-03-16 12:00:00,8.4,3,9.2,1,9.9,1,9.3,5,9.3,1,9.7,6,8.2,7,9.8,3,9.5,1,10.1,1,10.7,1,9.4,2,8.1,2,8.4,3,10.1,6,9.2,2,8.3,2,9.0,2,9.2,1,7.2,2,7.7,4,8.0,6,8.6,5,7.6,7.0,10.4,6,10.9,7,8.9,7,9.4,7,9.9,6,11.8,7,11.9,7,11.1,7,10.4,7,10.5,7,12.6,6
2016-03-16 13:00:00,8.6,2,9.7,1,10.3,1,9.5,4,9.8,1,9.9,6,8.3,6,10.3,3,10.0,1,10.7,1,11.3,1,9.9,2,8.7,2,9.0,3,10.5,5,9.8,2,8.9,2,9.6,2,9.6,1,7.5,2,8.2,3,8.4,5,9.2,6,8.2,7.0,10.9,6,11.3,7,9.5,7,9.7,7,10.4,6,12.1,7,12.3,7,11.4,7,10.6,7,10.6,7,12.8,6
2016-03-16 14:00:00,8.6,2,9.8,1,10.3,2,9.5,3,9.9,1,10.0,6,8.3,5,10.4,3,10.3,1,11.0,1,11.5,1,10.2,2,9.2,2,9.3,3,10.7,5,10.2,2,9.4,2,9.9,2,9.7,2,7.5,2,8.5,3,8.7,5,9.4,6,8.2,7.0,11.3,6,11.5,7,9.8,7,9.7,7,10.7,7,12.2,7,12.5,7,11.5,7,10.7,7,10.8,7,12.8,6
2016-03-16 15:00:00,7.6,2,8.7,2,8.9,2,8.7,2,8.7,2,9.6,1,8.2,2,10.1,1,9.3,2,9.8,2,10.2,2,8.7,4,7.9,6,8.2,5,10.6,2,9.5,2,8.6,5,9.0,5,8.2,6,6.3,7,7.3,4,7.6,7,8.2,7,6.4,7.0,11.0,6,10.4,7,9.4,7,8.6,7,9.5,7,12.2,7,12.5,7,11.2,6,10.9,7,11.2,7,12.2,6
2016-03-16 16:00:00,7.1,2,8.2,2,8.4,2,8.2,2,8.3,2,9.1,1,7.7,2,9.6,1,8.9,2,9.4,2,9.9,2,8.4,5,7.6,6,7.8,5,10.3,1,9.2,3,8.3,5,8.4,5,7.8,7,6.1,7,6.9,3,7.1,7,7.6,7,5.2,6.0,10.7,5,9.4,7,8.3,7,7.8,7,9.0,7,10.8,7,11.1,7,10.4,6,10.6,7,11.2,7,11.3,5
2016-03-16 17:00:00,6.3,2,7.5,2,7.8,2,7.6,2,7.7,2,8.5,1,7.2,2,8.9,1,8.3,2,8.7,2,9.4,2,7.9,6,7.0,7,7.2,5,9.8,1,8.7,4,7.6,5,7.5,4,7.3,7,5.7,6,6.4,3,6.4,7,6.8,7,3.7,6.0,10.1,4,8.1,7,6.9,7,6.7,6,8.4,6,9.2,7,9.2,7,9.4,6,10.0,7,11.2,7,10.3,5
2016-03-16 18:00:00,5.7,2,6.8,2,7.2,2,6.9,2,6.9,2,7.8,1,6.6,2,8.2,1,7.6,2,8.0,2,8.9,2,7.2,6,6.2,6,6.4,5,9.2,1,8.1,5,6.9,4,6.5,4,6.6,7,5.3,6,5.8,2,5.7,6,6.0,7,2.6,6.0,9.5,3,7.0,7,5.8,7,5.7,6,7.7,6,8.0,7,7.6,7,8.5,7,9.5,7,11.0,7,9.4,5
2016-03-16 19:00:00,5.4,2,6.2,1,6.6,2,6.4,2,5.9,2,7.1,1,6.1,2,7.5,2,7.0,2,7.5,2,8.5,2,6.3,6,5.4,6,5.6,4,8.6,1,7.5,5,6.2,5,5.7,5,5.9,7,4.8,6,5.3,3,5.3,6,5.4,7,2.1,6.0,8.8,3,6.5,7,5.4,7,5.1,6,7.2,6,7.5,7,6.9,7,8.2,7,9.2,7,10.7,7,9.0,5
2016-03-16 20:00:00,5.2,2,5.6,1,6.1,2,6.0,2,4.9,2,6.4,1,5.7,2,6.8,2,6.5,3,7.0,2,8.1,2,5.4,5,4.7,4,4.9,3,7.9,2,6.9,4,5.7,5,5.1,6,5.1,7,4.2,5,4.8,4,5.1,6,4.9,7,2.0,6.0,8.1,4,6.5,7,5.5,7,4.8,6,6.9,6,7.6,7,6.8,7,8.3,7,9.1,7,10.3,7,8.8,5
2016-03-16 21:00:00,4.9,2,5.0,1,5.6,2,5.6,2,4.0,1,5.8,2,5.4,2,6.1,2,6.0,2,6.6,2,7.6,2,4.7,4,4.1,4,4.4,3,7.2,2,6.3,4,5.3,5,4.7,6,4.4,7,3.6,5,4.3,4,4.9,6,4.6,7,1.9,6.0,7.4,4,6.1,7,5.2,7,4.4,5,6.4,6,7.2,7,6.3,7,8.0,6,8.8,7,9.9,7,8.7,5
2016-03-16 22:00:00,4.7,2,4.4,1,5.1,1,5.2,2,3.5,1,5.4,3,5.1,3,5.4,3,5.4,2,6.1,2,6.9,2,4.3,4,3.6,4,4.1,3,6.6,2,5.8,3,5.0,5,4.3,5,3.8,7,3.0,5,3.9,4,4.7,6,4.3,6,1.8,6.0,6.7,4,5.7,7,4.8,7,4.0,5,6.0,6,6.8,7,5.9,7,7.7,6,8.5,6,9.6,6,8.4,5
2016-03-16 23:00:00,4.5,1,3.9,1,4.6,1,4.9,2,3.1,1,5.1,3,4.8,3,4.9,3,4.9,2,5.6,2,6.3,2,4.1,4,3.2,3,3.7,2,6.0,2,5.4,3,4.8,5,3.9,5,3.4,7,2.4,5,3.5,5,4.4,6,4.1,6,1.7,6.0,6.1,4,5.2,7,4.5,7,3.7,5,5.6,6,6.4,7,5.4,7,7.3,6,8.1,6,9.3,6,8.0,5
2016-03-17 00:00:00,4.4,1,3.6,1,4.1,1,4.5,2,2.9,1,4.7,4,4.7,4,4.4,3,4.4,2,5.0,2,5.7,2,3.9,4,2.8,3,3.3,2,5.5,3,5.0,3,4.4,5,3.4,5,2.9,7,1.8,5,3.3,5,4.0,6,3.8,6,1.3,6.0,5.6,4,4.6,6,4.1,6,3.4,5,5.2,5,6.0,7,4.9,6,6.9,6,7.8,6,9.0,6,7.7,5
2016-03-17 01:00:00,4.4,1,3.3,1,3.7,1,4.1,2,2.6,1,4.4,4,4.5,4,3.9,3,3.8,2,4.4,1,5.3,1,3.4,3,2.5,2,2.8,2,5.1,4,4.6,2,3.9,5,2.8,4,2.4,7,1.2,5,3.1,5,3.5,6,3.5,6,0.8,6.0,5.2,4,4.0,6,3.6,6,3.1,5,4.8,5,5.6,6,4.4,6,6.4,6,7.3,6,8.6,6,7.5,5
2016-03-17 02:00:00,4.4,1,3.1,1,3.2,1,3.6,2,2.1,1,4.1,5,4.4,5,3.5,4,3.2,1,3.7,1,4.9,1,2.8,3,2.2,2,2.1,2,4.7,5,4.1,2,3.2,5,2.1,4,1.8,7,0.5,5,2.9,5,2.9,6,3.1,6,0.1,5.0,4.8,4,3.3,6,3.1,6,3.0,5,4.4,5,5.3,5,3.9,6,5.9,5,7.0,5,8.3,5,7.3,5
2016-03-17 03:00:00,3.8,1,3.1,1,2.9,2,4.3,2,1.5,1,3.8,2,3.9,2,3.6,2,2.8,2,3.3,2,4.2,2,2.3,2,2.0,2,2.2,2,4.5,2,3.6,2,2.9,3,2.2,3,1.9,6,0.7,2,2.7,5,3.0,7,2.7,6,0.8,4.0,4.6,1,4.2,7,4.0,7,2.4,2,5.0,3,6.3,7,5.1,7,7.7,7,8.5,7,9.6,7,7.5,7
2016-03-17 04:00:00,3.3,1,2.4,2,2.2,2,3.6,2,0.7,1,3.4,1,3.5,2,2.9,2,2.2,2,2.5,2,3.6,2,1.6,1,1.2,2,1.5,2,3.9,2,3.0,2,2.3,3,1.6,3,1.4,5,0.1,2,2.5,6,2.3,7,2.4,6,0.2,4.0,4.1,2,4.0,7,3.7,7,2.0,3,4.7,3,6.2,7,5.1,7,7.5,7,8.3,7,9.5,7,7.2,7
2016-03-17 05:00:00,2.8,2,1.8,2,1.7,2,3.0,2,0.3,1,3.1,1,3.2,2,2.3,2,1.9,2,2.1,2,3.3,2,1.2,1,0.6,1,1.0,2,3.5,2,2.5,2,2.0,3,1.3,3,1.1,3,-0.4,3,2.4,6,1.8,7,2.2,6,-0.4,4.0,3.8,2,4.0,7,3.5,7,1.9,4,4.5,4,6.1,7,5.2,7,7.4,7,8.3,7,9.5,7,6.8,7
2016-03-17 06:00:00,2.8,2,1.7,2,1.8,2,2.9,2,0.5,1,3.4,1,3.3,2,2.3,2,2.1,2,2.2,2,3.4,2,1.5,1,0.6,1,1.0,2,3.5,2,2.6,2,2.2,3,1.7,3,1.3,2,-0.2,3,2.7,5,1.8,7,2.4,6,-0.2,4.0,4.0,2,4.4,7,3.8,7,2.4,5,4.6,4,6.2,7,5.6,7,7.5,7,8.7,7,9.8,7,6.7,7
2016-03-17 07:00:00,3.6,2,2.5,2,2.7,2,3.8,2,1.8,1,4.3,1,3.8,2,3.1,2,3.1,2,3.2,2,4.3,2,2.7,1,1.7,1,1.9,2,4.3,2,3.5,2,3.1,3,3.0,3,2.3,2,1.0,3,3.3,5,2.6,7,3.1,5,1.0,4.0,4.8,2,5.2,7,4.6,7,3.5,6,5.3,4,6.7,7,6.5,7,8.2,7,9.4,7,10.4,7,7.1,7
2016-03-17 08:00:00,5.0,2,3.9,2,4.1,1,5.2,2,3.7,1,5.6,1,4.6,2,4.5,2,4.5,1,4.8,1,5.7,1,4.5,1,3.4,1,3.5,2,5.7,2,4.9,2,4.5,2,4.9,2,3.9,2,2.8,3,4.3,4,4.1,7,4.2,5,3.0,4.0,6.1,2,6.4,7,5.8,7,5.0,6,6.3,4,7.6,7,7.7,7,9.3,7,10.4,7,11.1,7,7.8,7
2016-03-17 09:00:00,6.4,2,5.6,1,5.9,1,6.7,1,5.8,1,7.0,1,5.6,2,6.2,2,6.2,1,6.6,1,7.3,1,6.4,1,5.3,1,5.4,2,7.2,2,6.5,2,6.1,2,6.8,2,5.8,2,4.7,3,5.4,3,5.7,7,5.5,4,5.3,4.0,7.5,2,7.8,7,7.2,7,6.6,6,7.3,4,8.5,7,8.9,7,10.5,7,11.4,7,11.9,7,8.6,7
2016-03-17 10:00:00,7.6,2,7.3,1,7.7,1,7.9,1,7.7,1,8.1,1,6.6,2,7.9,2,7.8,1,8.3,1,8.9,1,8.1,1,6.9,1,7.2,2,8.7,2,8.1,2,7.6,2,8.4,2,7.6,2,6.4,3,6.6,2,7.3,6,7.0,4,7.6,4.0,8.8,2,9.2,7,8.6,7,8.0,6,8.1,4,9.3,7,9.9,7,11.5,7,12.2,7,12.5,7,9.4,7
2016-03-17 11:00:00,8.5,2,8.8,1,9.3,1,8.8,2,9.2,1,8.9,1,7.4,2,9.4,2,9.2,1,9.7,1,10.4,1,9.5,2,8.2,2,8.7,1,9.9,2,9.5,2,9.0,2,9.6,2,9.1,2,7.7,2,7.7,2,8.6,5,8.4,3,9.6,3.0,10.0,2,10.6,7,9.9,7,9.0,5,8.6,4,10.0,7,10.7,7,12.2,7,12.9,7,12.9,7,10.1,7
2016-03-17 12:00:00,9.0,2,9.9,1,10.5,1,9.4,2,10.2,1,9.5,1,8.0,2,10.5,2,10.3,1,10.8,2,11.5,1,10.6,2,9.2,2,9.9,1,10.9,2,10.6,2,10.1,2,10.5,2,10.2,2,8.6,2,8.6,3,9.6,5,9.6,2,11.1,3.0,11.0,2,11.6,7,11.0,7,9.7,5,9.1,4,10.6,7,11.3,7,12.8,7,13.4,7,13.2,7,10.8,7
2016-03-17 13:00:00,9.2,2,10.5,1,11.1,1,9.8,2,10.8,1,9.8,1,8.3,2,11.2,2,11.0,1,11.6,2,12.2,1,11.4,2,10.0,1,10.7,1,11.5,2,11.4,2,10.9,2,11.2,2,10.8,1,9.1,1,9.2,4,10.2,5,10.5,2,11.9,3.0,11.7,2,12.2,7,11.7,7,10.0,5,9.6,5,11.0,7,11.7,7,13.2,7,13.7,7,13.3,7,11.4,7
2016-03-17 14:00:00,9.1,2,10.6,2,11.1,2,10.0,2,10.9,1,10.0,2,8.3,2,11.4,2,11.2,1,12.0,1,12.4,1,11.9,1,10.5,1,11.2,1,11.9,2,11.9,2,11.4,2,11.7,2,10.9,1,9.3,1,9.4,5,10.4,6,11.0,2,11.9,3.0,12.1,2,12.4,7,11.9,7,9.9,6,10.0,6,11.2,7,11.8,7,13.4,7,13.7,7,13.4,7,11.8,7
2016-03-17 15:00:00,9.0,2,10.4,1,10.7,1,9.4,2,11.0,1,10.0,2,8.6,2,11.8,2,11.1,1,11.8,1,12.2,1,11.8,1,10.6,1,10.8,1,12.1,2,12.1,2,11.0,2,11.7,2,10.5,2,9.3,2,9.7,3,11.1,6,11.7,2,11.4,3.0,12.2,3,12.5,7,11.7,7,10.0,2,11.7,3,11.6,7,11.7,7,13.3,6,13.8,7,13.7,5,11.8,7
2016-03-17 16:00:00,8.3,2,9.7,1,10.2,1,9.0,2,10.4,1,9.8,2,8.4,3,11.4,4,10.7,1,11.3,1,11.8,1,11.3,1,10.1,2,10.3,2,11.7,3,11.7,3,10.6,2,11.2,2,10.1,2,8.9,2,9.3,4,10.7,7,11.3,2,9.6,3.0,11.7,2,11.8,7,10.7,6,9.2,2,11.1,3,11.3,7,11.2,7,12.8,5,13.1,7,13.6,5,11.4,6
2016-03-17 17:00:00,7.4,2,8.9,1,9.6,1,8.4,2,9.4,1,9.5,2,8.0,4,10.8,6,10.1,1,10.5,1,11.2,1,10.3,1,9.1,2,9.5,2,11.0,3,11.0,3,9.9,3,10.2,2,9.5,2,8.2,2,8.8,6,10.0,7,10.6,2,7.6,3.0,10.9,2,10.9,6,9.5,5,8.2,2,10.3,4,10.8,7,10.7,6,12.0,5,12.3,7,13.3,4,10.7,6
2016-03-17 18:00:00,6.6,2,7.9,2,8.8,1,7.7,2,8.0,1,8.9,2,7.6,4,9.9,6,9.3,1,9.6,1,10.6,1,8.9,1,7.9,2,8.4,2,10.1,3,10.1,3,9.1,3,8.8,2,8.6,2,7.2,2,8.1,6,9.0,6,9.6,2,5.7,2.0,10.1,3,9.8,6,8.3,5,7.2,3,9.5,4,10.2,6,10.0,6,11.1,4,11.2,6,12.8,3,10.1,5
2016-03-17 19:00:00,6.0,2,6.9,2,8.0,2,7.0,2,6.4,1,8.0,3,7.1,4,8.9,5,8.5,1,8.6,1,10.0,1,7.1,1,6.5,2,7.2,2,9.2,3,9.1,3,8.2,3,7.2,1,7.5,2,6.1,2,7.4,6,7.9,5,8.6,2,4.5,2.0,9.4,4,8.8,5,7.2,4,6.4,3,8.9,4,9.6,6,9.3,5,10.1,3,10.1,5,11.9,3,9.7,5
2016-03-17 20:00:00,5.6,3,6.0,2,7.1,2,6.3,2,4.8,1,7.1,3,6.6,3,7.9,3,7.6,1,7.7,1,9.3,1,5.2,1,5.1,1,5.9,2,8.4,3,8.2,3,7.4,2,5.6,1,6.2,2,4.9,2,6.7,5,6.9,4,7.7,2,3.7,2.0,8.7,5,7.9,4,6.4,5,5.8,3,8.6,4,9.2,5,8.7,4,9.2,3,8.9,4,10.9,3,9.4,5
2016-03-17 21:00:00,5.1,4,5.2,1,6.3,2,5.7,2,3.6,1,6.5,3,6.1,3,7.0,2,6.7,1,6.8,1,8.5,1,4.0,1,3.9,2,4.8,2,7.7,3,7.3,2,6.6,2,4.4,1,5.2,2,3.8,2,6.2,4,6.0,3,6.8,2,2.5,2.0,8.2,5,7.3,4,5.7,4,5.3,4,8.1,4,8.8,5,8.2,3,8.4,3,8.0,4,10.2,3,9.3,5
2016-03-17 22:00:00,4.5,4,4.5,1,5.4,2,5.0,2,2.8,1,6.0,4,5.7,3,6.3,2,5.8,1,5.9,1,7.6,1,3.2,1,3.1,2,3.9,3,7.2,3,6.4,2,5.7,2,3.6,1,4.2,2,3.0,3,5.8,3,5.3,3,6.0,2,1.5,2.0,7.8,5,6.9,4,5.2,4,4.9,4,7.5,4,8.5,5,7.9,2,7.8,2,7.2,4,9.6,3,9.3,5
2016-03-17 23:00:00,4.1,5,3.8,1,4.6,3,4.4,1,2.3,1,5.7,4,5.4,4,5.7,3,4.9,1,5.0,2,6.7,1,2.7,1,2.5,3,3.3,3,6.7,3,5.5,2,4.9,2,3.0,1,3.4,2,2.4,3,5.4,3,4.8,3,5.3,3,0.6,2.0,7.3,5,6.6,4,4.8,3,4.5,5,6.9,4,8.2,5,7.6,2,7.2,2,6.7,4,9.2,3,9.2,5
2016-03-18 00:00:00,3.8,5,3.3,2,3.9,3,3.9,2,2.0,2,5.2,4,5.1,4,5.0,3,4.0,2,4.2,2,5.8,1,2.5,1,2.2,3,2.8,4,6.3,3,4.7,2,4.0,1,2.5,1,2.7,2,2.0,4,5.0,2,4.3,3,4.6,3,-0.2,2.0,6.8,5,6.3,4,4.5,3,4.1,6,6.2,4,7.8,5,7.2,3,6.8,3,6.3,4,8.9,3,9.1,5
2016-03-18 01:00:00,3.8,6,3.0,3,3.3,4,3.4,3,1.6,2,4.7,4,4.9,5,4.3,3,3.1,2,3.4,2,5.0,2,2.2,2,2.0,4,2.5,5,5.8,4,3.9,1,3.0,1,1.9,1,2.1,2,1.7,4,4.5,2,3.6,3,4.0,3,-0.9,1.0,6.1,5,5.7,4,4.1,3,3.7,6,5.5,4,7.2,5,6.6,4,6.4,3,6.0,4,8.7,3,8.7,5
2016-03-18 02:00:00,3.9,6,2.7,5,2.8,5,3.0,4,1.2,2,4.1,5,4.6,6,3.5,3,2.4,2,2.7,2,4.2,2,1.7,3,1.8,4,2.3,5,5.2,4,3.3,1,2.2,1,1.3,1,1.4,2,1.5,5,3.8,2,2.8,2,3.5,2,-1.4,1.0,5.3,5,5.0,4,3.6,2,3.2,6,4.7,4,6.5,5,5.8,5,6.0,4,5.7,4,8.4,2,8.2,5
2016-03-18 03:00:00,3.7,4,2.4,3,2.9,5,3.6,2,1.0,1,4.2,2,4.3,2,3.9,2,2.2,2,2.4,2,4.0,2,1.2,1,0.6,1,1.2,1,5.4,2,3.7,2,2.5,2,1.6,2,1.3,2,0.8,2,3.9,2,2.6,2,2.3,2,-1.0,1.0,5.2,2,4.8,4,3.4,2,1.8,3,5.0,3,6.0,2,5.7,3,5.4,4,5.8,4,8.2,2,7.4,7
2016-03-18 04:00:00,3.5,4,2.1,4,2.7,6,2.9,2,0.3,2,3.7,2,4.0,3,3.3,2,1.6,2,1.7,2,3.4,2,0.4,1,0.0,1,0.7,1,4.8,2,3.1,1,1.7,2,0.6,2,0.7,2,0.3,2,3.4,1,1.5,2,1.8,2,-1.4,2.0,4.8,2,3.9,4,2.7,3,1.4,4,4.4,3,5.2,2,4.7,3,4.7,4,5.0,4,7.4,2,7.0,6
2016-03-18 05:00:00,3.3,5,1.9,5,2.6,6,2.2,3,-0.1,2,3.5,2,3.8,4,2.7,2,1.3,2,1.3,3,2.9,3,-0.1,1,-0.4,1,0.5,2,4.3,2,2.7,1,1.2,2,0.0,1,0.4,2,0.0,2,3.2,1,0.5,2,1.6,2,-1.7,2.0,4.6,2,3.2,4,2.2,4,1.4,5,4.1,2,4.6,2,4.0,3,4.4,4,4.4,4,6.8,2,6.9,6
2016-03-18 06:00:00,3.2,5,2.0,7,2.8,6,2.2,3,0.1,2,4.0,3,4.0,4,2.8,2,1.4,2,1.4,3,2.8,3,0.2,1,0.0,2,0.9,2,4.4,1,2.8,1,1.5,2,0.2,1,0.8,2,0.4,2,3.5,1,0.5,2,1.8,3,-1.2,2.0,5.1,2,3.4,4,2.3,4,2.2,5,4.4,2,4.9,2,4.4,3,4.7,4,4.4,4,6.9,2,7.2,5
2016-03-18 07:00:00,3.5,6,2.6,7,3.4,6,3.1,4,1.3,1,5.3,3,4.6,4,3.8,2,2.2,2,2.3,3,3.4,3,1.6,1,1.7,2,2.2,2,5.3,1,3.7,1,2.7,2,1.8,1,2.1,2,1.9,2,4.5,1,1.9,2,2.7,3,0.3,2.0,6.4,2,4.8,3,3.5,4,3.9,6,5.7,2,6.4,2,6.3,3,6.0,3,5.5,4,8.1,2,8.1,6
2016-03-18 08:00:00,4.2,6,3.7,6,4.3,6,4.6,4,3.1,1,6.9,2,5.5,3,5.4,2,3.5,2,3.7,3,4.5,3,3.7,1,4.1,2,4.1,2,6.9,1,5.3,1,4.5,1,4.2,1,4.1,2,4.1,2,5.9,1,4.3,2,4.1,2,2.5,2.0,8.2,2,7.1,3,5.4,4,6.1,6,7.5,3,8.6,3,9.1,2,8.0,3,7.4,4,10.1,2,9.5,6
2016-03-18 09:00:00,5.1,6,4.9,6,5.4,6,6.0,5,5.2,1,8.6,2,6.5,2,7.2,2,5.0,2,5.4,2,5.9,3,5.9,1,6.5,2,6.3,1,8.6,1,7.0,1,6.5,1,6.8,2,6.4,1,6.4,2,7.6,1,6.9,2,6.0,2,5.3,1.0,10.1,2,9.6,2,7.7,3,8.3,6,9.4,3,10.9,3,11.8,2,10.1,3,9.9,4,12.0,2,10.9,7
2016-03-18 10:00:00,6.1,6,6.1,5,6.6,6,7.0,5,7.1,2,9.8,2,7.4,2,8.8,1,6.5,2,7.0,2,7.3,2,7.8,1,8.3,2,8.4,1,10.2,1,8.7,1,8.3,1,9.0,2,8.6,1,8.4,2,9.2,1,9.1,2,8.1,2,8.2,1.0,11.8,2,11.9,2,10.0,3,10.0,6,11.0,3,12.7,3,13.8,2,12.0,3,12.6,4,13.4,2,12.1,6
2016-03-18 11:00:00,6.9,5,7.2,4,7.7,5,7.6,5,8.7,2,10.6,1,8.2,2,10.0,1,7.8,2,8.4,2,8.6,2,9.4,2,9.5,2,10.1,1,11.5,2,10.1,1,9.9,2,10.7,2,10.4,1,9.9,2,10.6,1,10.8,2,10.1,2,10.8,2.0,13.2,2,13.8,2,12.1,2,11.2,5,12.3,2,14.0,3,15.0,2,13.6,3,15.1,4,14.4,2,13.1,6
2016-03-18 12:00:00,7.5,5,8.0,4,8.5,5,8.0,5,9.7,2,11.1,1,8.7,2,11.0,1,8.9,1,9.6,1,9.8,1,10.5,2,10.4,2,11.5,1,12.5,2,11.3,1,11.1,2,12.0,2,11.7,2,11.0,2,11.7,1,12.1,2,11.8,2,12.8,2.0,14.2,2,15.2,2,13.7,2,12.0,5,13.3,2,14.8,3,15.8,2,14.8,3,16.9,4,14.9,2,13.9,6
2016-03-18 13:00:00,7.7,6,8.5,4,8.9,5,8.4,4,10.1,2,11.3,1,8.9,2,11.6,1,9.7,1,10.5,1,10.7,1,11.2,2,11.1,2,12.3,1,13.0,2,12.1,1,12.0,2,12.9,2,12.2,2,11.7,2,12.5,1,12.9,3,12.8,2,13.8,2.0,14.9,2,16.1,2,14.7,2,12.5,4,14.1,2,15.2,3,16.4,2,15.5,3,17.6,3,15.1,2,14.4,5
2016-03-18 14:00:00,7.6,6,8.7,5,9.0,6,8.6,3,9.9,2,11.3,1,8.8,2,11.9,2,10.2,1,11.1,1,11.2,1,11.6,2,11.4,1,12.7,1,13.2,2,12.5,1,12.4,2,13.3,2,12.2,2,12.0,2,12.9,1,13.3,3,13.2,2,13.7,3.0,15.2,2,16.3,2,14.9,2,12.7,4,14.7,3,15.2,2,16.5,2,15.7,3,17.4,2,15.1,2,14.6,5
2016-03-18 15:00:00,7.6,6,8.9,3,9.2,5,8.4,2,9.5,2,10.9,2,8.7,2,11.7,2,9.8,1,10.6,1,10.8,1,11.1,1,11.0,1,12.3,2,12.7,1,11.8,1,11.7,1,12.3,1,11.4,2,11.4,2,12.0,1,12.3,2,12.6,2,11.9,2.0,14.9,1,15.6,2,14.7,2,12.5,4,13.8,2,15.1,2,16.3,1,15.5,2,17.3,1,15.2,2,14.5,4
2016-03-18 16:00:00,7.0,6,8.4,3,8.8,5,7.9,1,9.3,2,10.2,2,8.0,2,11.1,2,9.6,1,10.3,1,10.6,1,10.5,1,10.3,2,11.5,2,12.2,2,11.5,1,11.1,1,11.5,1,10.9,2,10.7,2,11.6,1,11.6,1,12.1,2,10.2,2.0,14.5,1,14.4,1,13.4,2,11.7,4,13.5,2,14.3,2,15.1,2,14.8,2,16.2,1,14.8,2,13.9,3
2016-03-18 17:00:00,6.3,5,7.8,3,8.2,4,7.3,1,8.9,2,9.4,2,7.2,2,10.3,2,9.2,1,9.8,1,10.4,1,9.5,1,9.3,2,10.4,2,11.5,2,10.8,1,10.2,1,10.2,1,10.1,2,9.6,1,10.9,1,10.6,2,11.2,2,8.4,2.0,13.7,1,12.9,1,11.7,2,10.7,4,12.8,2,13.2,2,13.4,2,13.8,2,14.7,2,14.2,2,13.0,3
2016-03-18 18:00:00,5.7,4,7.1,3,7.6,4,6.7,2,8.2,2,8.4,2,6.5,2,9.3,2,8.7,1,9.2,1,10.0,1,8.3,1,8.1,2,9.1,2,10.7,2,9.9,1,9.2,1,8.6,1,9.1,2,8.4,1,10.0,1,9.4,2,10.3,1,6.7,2.0,12.7,1,11.4,1,10.1,2,9.5,4,11.9,2,12.0,2,11.8,2,12.6,2,13.2,2,13.4,2,11.9,3
2016-03-18 19:00:00,5.4,4,6.5,4,7.1,4,6.2,2,7.1,2,7.3,2,6.1,2,8.3,2,8.1,1,8.5,1,9.6,1,6.9,1,7.0,2,7.9,2,9.9,2,8.9,1,8.2,1,6.9,1,7.8,1,7.2,1,9.1,1,8.2,2,9.4,1,5.5,1.0,11.6,1,10.3,1,8.8,2,8.3,4,10.9,2,10.9,2,10.4,2,11.4,1,11.8,2,12.5,2,10.9,3
2016-03-18 20:00:00,5.3,4,5.9,4,6.8,4,5.8,2,5.9,2,6.3,2,5.8,2,7.4,2,7.4,1,7.7,1,9.1,2,5.6,1,6.0,1,6.9,2,9.0,2,7.8,1,7.4,1,5.4,1,6.5,1,6.0,1,8.2,1,6.9,2,8.4,1,4.7,1.0,10.5,1,9.5,1,7.8,2,7.3,4,9.9,2,9.9,2,9.4,2,10.2,1,10.5,1,11.5,1,9.9,3
2016-03-18 21:00:00,5.3,4,5.5,4,6.4,5,5.5,3,4.9,2,5.6,2,5.6,3,6.6,2,6.7,2,6.9,2,8.4,2,4.6,2,5.1,2,5.9,2,8.2,2,6.9,2,6.6,1,4.2,1,5.5,2,4.9,1,7.4,1,5.8,2,7.5,1,3.7,1.0,9.6,2,8.9,1,7.0,2,6.4,4,8.9,2,9.1,2,8.7,2,9.2,1,9.3,1,10.7,2,9.1,3
2016-03-18 22:00:00,5.2,4,5.1,5,6.0,5,5.1,3,4.2,3,5.2,2,5.3,3,5.9,1,6.0,2,6.2,2,7.6,2,4.0,2,4.3,2,5.0,2,7.4,2,6.2,2,5.7,1,3.5,1,4.6,2,3.9,2,6.6,1,4.9,2,6.6,1,2.8,1.0,8.8,2,8.3,1,6.2,2,5.8,4,7.9,2,8.4,2,8.2,2,8.4,1,8.2,1,10.2,2,8.5,3
2016-03-18 23:00:00,5.1,4,4.9,5,5.6,5,4.8,4,3.8,3,5.0,2,4.9,4,5.3,2,5.3,2,5.6,3,6.8,3,3.7,3,3.6,3,4.3,2,6.6,2,5.6,3,5.0,1,3.0,2,3.7,2,3.1,2,5.8,1,4.2,2,5.8,2,1.9,1.0,8.0,2,7.7,1,5.6,2,5.4,5,7.0,2,7.9,2,7.9,1,7.8,1,7.3,1,9.8,2,8.2,3
2016-03-19 00:00:00,5.0,5,4.7,5,5.3,5,4.6,4,3.6,4,4.9,3,4.6,4,4.7,2,4.7,2,5.1,3,6.0,3,3.5,3,3.2,3,3.8,2,5.9,2,5.0,3,4.2,1,2.7,2,3.0,2,2.4,2,5.1,1,3.6,2,5.0,2,1.1,1.0,7.3,2,7.1,1,5.0,3,5.1,5,6.2,2,7.5,1,7.7,1,7.2,1,6.5,1,9.6,2,8.1,2
2016-03-19 01:00:00,4.9,6,4.6,6,5.0,6,4.4,5,3.4,4,4.6,4,4.4,5,4.2,3,4.2,3,4.6,4,5.4,4,3.4,4,3.0,4,3.5,3,5.3,2,4.6,4,3.5,2,2.3,2,2.4,3,1.9,3,4.4,1,3.1,3,4.3,2,0.4,1.0,6.4,2,6.6,1,4.6,3,4.9,5,5.5,2,7.2,1,7.4,1,6.7,1,5.9,1,9.3,2,8.0,2
2016-03-19 02:00:00,4.8,6,4.5,6,4.8,6,4.2,6,3.3,5,4.3,5,4.4,5,3.6,5,3.8,4,4.3,5,5.1,4,3.2,5,3.0,5,3.4,5,4.8,2,4.1,4,2.8,2,1.9,2,1.9,3,1.6,3,3.7,1,2.6,3,3.7,2,-0.3,1.0,5.6,2,6.0,1,4.1,3,4.6,5,4.7,2,6.8,1,6.9,1,6.3,1,5.4,1,8.9,2,8.0,2
2016-03-19 03:00:00,5.2,4,4.9,3,5.2,3,5.2,5,3.5,5,5.1,2,5.3,6,4.5,2,4.5,3,5.1,3,5.7,3,2.9,2,2.9,2,2.8,3,5.5,2,4.5,2,3.6,2,1.5,2,2.1,1,1.7,2,4.8,1,2.5,2,3.1,1,0.0,1.0,5.5,1,5.4,1,4.3,1,4.4,5,4.7,2,5.8,1,5.9,1,5.4,2,6.2,1,8.5,1,6.9,3
2016-03-19 04:00:00,5.1,3,4.7,4,5.0,4,4.9,6,3.3,5,4.9,2,5.2,5,4.2,2,4.3,4,4.9,4,5.6,4,2.8,2,2.5,3,2.7,3,5.1,2,4.1,3,3.2,2,1.2,2,1.6,1,1.2,2,4.2,1,1.6,2,2.6,1,-0.6,1.0,5.0,1,4.4,1,3.5,1,4.0,5,4.0,2,5.0,1,4.9,1,4.7,1,5.5,1,7.9,1,6.4,3
2016-03-19 05:00:00,4.9,3,4.5,5,4.9,4,4.7,6,3.3,5,4.8,2,5.1,5,3.9,3,4.1,4,4.7,5,5.5,5,3.0,2,2.1,5,2.8,4,4.8,3,3.9,4,3.1,3,1.2,2,1.3,1,0.9,2,3.9,1,0.8,2,2.4,1,-1.0,1.0,4.9,1,3.8,1,2.8,1,3.9,5,3.5,2,4.4,1,4.2,1,4.4,1,5.0,2,7.5,2,6.1,3
2016-03-19 06:00:00,4.8,3,4.5,6,4.9,5,4.8,6,3.6,5,4.9,2,5.1,4,3.9,3,4.1,5,4.7,5,5.6,5,3.5,3,2.3,6,3.2,4,4.8,4,4.0,5,3.4,3,1.8,2,1.6,2,1.2,2,4.1,1,1.0,2,2.7,2,-0.6,2.0,5.4,1,4.1,1,2.9,1,4.4,5,3.8,2,4.8,1,4.7,2,4.8,2,5.2,2,7.7,2,6.4,4
2016-03-19 07:00:00,4.9,4,4.8,6,5.1,5,5.3,6,4.2,5,5.4,2,5.3,4,4.4,3,4.4,4,5.0,5,5.8,5,4.4,3,3.2,5,4.0,4,5.4,3,4.6,4,4.2,2,3.0,2,2.8,2,2.3,2,5.1,1,2.5,2,3.7,2,0.9,2.0,6.8,1,5.7,1,4.3,2,5.7,5,5.2,2,6.5,2,6.7,2,6.2,2,6.5,2,8.9,2,7.7,4
2016-03-19 08:00:00,5.3,5,5.3,5,5.5,5,6.1,5,5.1,4,6.2,2,5.7,4,5.2,2,4.9,4,5.7,4,6.3,4,5.5,3,4.4,5,5.1,4,6.3,2,5.5,3,5.4,2,4.7,2,4.5,1,4.0,2,6.6,1,4.8,2,5.3,2,3.3,1.0,8.8,1,8.1,1,6.5,2,7.5,5,7.4,3,8.9,2,9.5,1,8.3,2,8.6,2,10.7,3,9.5,4
2016-03-19 09:00:00,5.8,5,6.0,5,6.2,4,6.9,4,6.0,4,7.1,2,6.1,5,6.3,2,5.7,3,6.5,3,6.9,3,6.7,3,5.7,4,6.3,3,7.5,2,6.6,1,6.6,1,6.5,1,6.4,1,5.7,2,8.4,1,7.3,2,7.2,2,6.2,1.0,10.8,1,10.7,1,9.1,2,9.4,5,9.8,3,11.3,2,12.4,1,10.6,2,11.1,2,12.4,3,11.3,4
2016-03-19 10:00:00,6.4,5,6.8,4,7.1,4,7.5,4,6.8,3,7.9,2,6.6,5,7.4,2,6.7,3,7.4,3,7.7,3,7.7,3,6.6,5,7.5,3,8.7,1,7.6,1,7.8,1,8.1,1,8.1,1,7.1,2,10.0,1,9.4,2,9.3,2,9.2,1.0,12.5,1,12.9,1,11.5,1,11.0,5,11.9,2,13.0,2,14.5,1,12.7,2,13.7,2,13.5,2,12.7,5
2016-03-19 11:00:00,7.0,5,7.7,4,8.0,4,7.8,4,7.5,3,8.6,2,7.0,6,8.4,2,7.7,3,8.4,4,8.7,3,8.6,4,7.2,5,8.6,4,9.7,1,8.6,1,8.8,2,9.4,2,9.5,2,8.1,2,11.5,1,11.1,2,11.2,2,11.9,1.0,13.8,2,14.7,1,13.6,1,12.2,5,13.7,2,14.2,2,15.9,1,14.3,2,16.0,2,14.1,2,13.6,6
2016-03-19 12:00:00,7.5,4,8.5,4,8.7,4,8.2,4,8.0,2,9.1,2,7.4,6,9.2,2,8.6,3,9.2,4,9.5,3,9.3,4,7.8,5,9.4,4,10.5,1,9.5,1,9.8,2,10.6,2,10.6,2,8.9,2,12.7,1,12.3,2,12.7,2,13.9,1.0,14.9,2,16.0,1,15.2,1,13.0,5,15.0,2,14.8,2,16.8,2,15.5,1,17.7,2,14.4,2,14.3,6
2016-03-19 13:00:00,7.7,4,9.1,3,9.0,4,8.6,4,8.3,2,9.4,2,7.7,5,9.7,2,9.2,3,9.8,3,10.1,3,9.9,4,8.4,4,9.9,3,10.9,1,10.3,1,10.7,2,11.5,2,11.3,2,9.5,2,13.6,1,13.1,2,13.6,1,14.9,1.0,15.7,2,16.8,1,16.2,1,13.4,5,15.9,3,15.1,2,17.3,2,16.1,2,18.5,2,14.5,2,14.8,6
2016-03-19 14:00:00,7.7,3,9.3,3,9.0,4,8.9,3,8.5,2,9.5,2,7.8,4,10.0,2,9.6,2,10.2,2,10.5,2,10.2,3,8.9,3,10.2,3,11.0,1,10.9,1,11.4,2,12.1,2,11.5,2,9.8,2,14.1,1,13.5,2,13.9,1,14.8,1.0,16.2,2,17.2,1,16.6,1,13.5,5,16.4,4,15.1,2,17.4,2,16.2,2,18.5,2,14.6,2,15.0,6
2016-03-19 15:00:00,7.4,4,8.8,4,8.6,3,8.2,2,9.0,2,9.6,2,8.0,2,10.7,2,9.4,1,10.0,1,10.5,1,11.2,1,9.7,2,10.2,1,12.3,2,11.8,1,12.3,1,12.8,1,12.2,1,10.4,2,14.2,2,14.4,2,14.6,2,14.3,1.0,15.8,7,16.5,5,15.9,4,13.0,4,15.5,6,14.5,7,16.3,6,15.4,5,17.8,4,14.7,3,14.9,6
2016-03-19 16:00:00,7.0,3,8.3,4,8.3,2,8.1,2,8.8,2,9.2,2,7.7,2,10.5,2,9.1,1,9.8,1,10.2,1,10.8,1,9.3,2,9.9,1,12.1,2,11.7,1,12.0,1,12.2,1,11.8,2,10.0,2,13.6,3,13.7,2,14.0,2,12.5,1.0,15.3,7,15.4,5,14.5,4,12.3,4,14.8,7,13.7,6,15.1,6,14.5,5,16.4,4,14.4,4,14.2,6
2016-03-19 17:00:00,6.5,3,7.5,3,7.9,2,7.9,2,8.4,2,8.7,2,7.3,2,10.1,2,8.7,2,9.4,2,9.9,2,10.1,1,8.5,2,9.4,2,11.6,2,11.4,1,11.3,1,11.1,1,11.2,2,9.2,2,12.6,3,12.7,2,12.9,2,10.4,1.0,14.5,7,13.8,5,12.6,4,11.3,4,13.8,7,12.7,6,13.5,6,13.3,5,14.8,5,14.0,4,13.3,6
2016-03-19 18:00:00,6.0,3,6.8,2,7.5,2,7.5,2,7.7,2,8.1,2,6.9,2,9.5,2,8.3,2,8.9,2,9.5,2,9.0,1,7.5,2,8.7,2,11.0,2,10.7,2,10.5,1,9.8,1,10.2,2,8.3,2,11.5,3,11.4,2,11.8,2,8.4,1.0,13.6,7,12.2,5,10.8,4,10.2,4,12.8,6,11.7,6,11.9,5,12.2,5,13.2,5,13.4,4,12.4,6
2016-03-19 19:00:00,5.7,3,6.3,2,7.1,3,7.1,2,6.7,2,7.5,2,6.7,2,8.8,2,7.9,1,8.3,2,9.1,2,7.7,1,6.5,1,7.7,2,10.3,2,9.8,2,9.6,1,8.4,1,8.9,1,7.2,2,10.4,4,10.2,2,10.7,1,7.0,1.0,12.7,6,10.8,6,9.5,4,9.3,4,12.0,6,11.0,5,10.7,5,11.4,5,11.9,5,12.7,3,11.8,6
2016-03-19 20:00:00,5.5,3,6.0,2,6.7,4,6.6,2,5.6,2,6.9,2,6.7,2,8.0,2,7.5,1,7.7,1,8.7,1,6.3,1,5.6,1,6.7,2,9.5,2,8.7,2,8.6,1,7.1,1,7.6,1,6.1,2,9.4,4,9.0,2,9.7,1,5.9,1.0,11.8,6,9.8,6,8.5,5,8.5,4,11.5,6,10.6,5,9.9,5,10.8,4,10.8,4,11.9,3,11.6,6
2016-03-19 21:00:00,5.3,3,5.6,2,6.3,5,6.2,2,5.0,2,6.5,2,6.5,3,7.3,2,6.9,1,7.2,2,8.2,2,5.6,2,5.0,2,5.9,2,8.8,2,8.0,2,7.7,2,6.1,1,6.5,2,5.1,1,8.5,4,8.0,3,8.7,2,4.8,1.0,11.0,6,8.9,6,7.6,5,8.0,4,10.9,6,10.1,5,9.4,5,10.4,4,9.7,4,11.3,2,11.2,6
2016-03-19 22:00:00,5.2,3,5.2,3,6.0,5,5.8,3,4.5,2,6.1,2,6.3,3,6.6,2,6.3,1,6.6,2,7.6,2,4.8,3,4.3,2,5.2,3,8.1,2,7.2,2,6.8,2,5.1,2,5.4,2,4.2,1,7.7,4,7.0,3,7.7,2,3.8,1.0,10.2,6,8.2,6,6.8,4,7.6,4,10.3,6,9.6,5,9.1,5,9.9,4,8.6,4,10.8,2,10.8,6
2016-03-19 23:00:00,5.1,4,4.9,4,5.6,5,5.3,3,4.0,3,5.7,2,6.1,3,5.9,3,5.7,1,5.9,3,7.1,3,4.1,3,3.7,3,4.5,3,7.3,2,6.5,3,5.9,3,4.3,2,4.5,2,3.4,2,6.9,4,6.1,3,6.8,3,2.9,1.0,9.4,6,7.7,6,6.1,4,7.3,5,9.7,5,9.1,5,8.9,6,9.5,4,7.8,4,10.4,2,10.4,5
2016-03-20 00:00:00,5.0,4,4.6,4,5.2,5,5.0,4,3.5,4,5.3,3,5.8,4,5.3,3,5.2,2,5.4,3,6.6,3,3.5,4,3.2,4,3.9,4,6.6,3,5.8,3,5.1,3,3.6,2,3.6,3,2.6,2,6.2,4,5.2,3,5.9,3,2.2,1.0,8.7,6,7.3,5,5.6,4,7.0,5,9.2,5,8.6,5,8.6,6,9.1,4,7.2,4,10.1,2,10.1,5
2016-03-20 01:00:00,5.0,5,4.3,5,4.8,6,4.6,5,3.1,4,4.8,4,5.5,5,4.8,4,4.6,2,4.8,4,6.1,4,3.0,4,2.8,4,3.3,5,6.0,4,5.1,4,4.3,4,2.9,2,2.8,3,2.0,3,5.6,4,4.4,3,5.2,3,1.5,1.0,8.0,6,6.8,5,5.2,3,6.6,5,8.6,5,8.2,5,8.1,5,8.6,4,6.7,4,9.8,2,9.8,5
2016-03-20 02:00:00,4.9,6,4.1,5,4.5,6,4.3,5,2.8,5,4.4,5,5.2,5,4.3,5,4.1,3,4.3,5,5.7,4,2.6,5,2.4,5,2.8,5,5.4,5,4.5,5,3.6,4,2.3,2,2.1,4,1.5,4,5.0,4,3.6,4,4.6,4,1.1,1.0,7.3,6,6.3,5,4.8,2,6.1,5,8.1,5,7.8,5,7.4,5,8.0,5,6.4,4,9.5,3,9.5,5
2016-03-20 03:00:00,4.8,4,4.3,2,4.6,3,4.9,5,2.8,2,5.9,2,5.7,4,4.7,2,3.9,1,4.4,1,5.3,1,2.3,1,2.2,1,2.6,2,6.4,4,4.8,3,4.5,2,2.6,3,2.9,2,2.2,2,6.0,6,4.7,3,4.8,5,1.5,2.0,8.7,7,5.8,4,4.1,4,6.9,7,9.7,6,8.4,6,7.5,5,7.2,5,6.1,4,9.5,4,9.9,6
2016-03-20 04:00:00,4.6,5,4.0,3,4.4,4,4.4,6,2.4,2,5.5,2,5.4,4,4.1,2,3.5,2,3.9,2,4.9,2,1.7,1,1.7,2,2.3,2,5.8,3,4.3,4,4.0,2,2.1,4,2.4,2,1.7,2,5.7,5,3.9,3,4.3,5,0.7,2.0,8.3,7,4.9,4,3.6,5,6.6,7,9.3,7,8.2,6,6.7,5,6.5,5,5.4,4,8.9,4,9.8,6
2016-03-20 05:00:00,4.3,6,3.8,4,4.4,5,4.0,6,2.1,2,5.2,2,5.0,4,3.6,2,3.2,2,3.5,2,4.5,2,1.4,2,1.4,2,2.1,2,5.3,3,3.9,4,3.6,3,1.9,5,2.1,2,1.5,2,5.5,4,3.3,4,4.0,5,0.2,2.0,8.0,7,4.4,5,3.4,5,6.5,7,9.0,7,8.1,6,6.2,5,6.2,5,4.8,5,8.4,4,10.0,6
2016-03-20 06:00:00,4.2,6,3.8,5,4.5,5,4.0,5,2.4,2,5.2,2,4.9,4,3.6,2,3.3,2,3.5,2,4.5,2,1.7,2,1.7,3,2.5,2,5.2,2,3.9,4,3.7,3,2.4,5,2.5,2,1.8,2,5.7,4,3.5,4,4.1,5,0.5,2.0,8.1,7,4.6,5,3.9,5,6.8,7,9.0,7,8.4,7,6.5,5,6.5,5,5.0,6,8.5,5,10.3,7
2016-03-20 07:00:00,4.5,6,4.2,4,4.9,5,4.7,4,3.3,2,5.7,2,5.1,4,4.3,2,3.8,2,4.1,2,5.0,2,2.9,1,2.9,3,3.5,2,5.7,2,4.5,4,4.5,3,3.8,4,3.7,2,3.0,2,6.4,4,4.7,4,4.8,4,2.2,2.0,8.7,6,6.0,5,5.3,5,7.5,7,9.5,6,9.3,7,7.9,5,7.8,5,6.4,6,9.6,5,10.9,7
2016-03-20 08:00:00,5.2,6,4.9,4,5.6,5,5.7,4,4.7,2,6.5,2,5.5,4,5.6,2,4.8,1,5.2,2,5.8,2,4.8,1,4.7,2,4.9,1,6.7,2,5.7,3,5.7,2,5.7,3,5.4,2,4.7,2,7.4,5,6.5,4,6.1,3,4.8,2.0,9.7,6,8.0,6,7.2,5,8.4,7,10.3,6,10.5,7,10.0,6,9.6,5,8.5,7,11.1,6,11.6,7
2016-03-20 09:00:00,6.0,6,5.8,3,6.5,4,6.8,3,6.2,2,7.4,2,6.1,4,7.0,2,5.9,1,6.5,2,6.9,2,6.7,1,6.4,2,6.5,1,7.9,2,7.0,2,7.2,2,7.8,2,7.2,2,6.5,2,8.6,6,8.6,3,7.7,3,7.7,2.0,10.8,6,10.3,7,9.4,5,9.5,7,11.3,5,11.8,7,12.1,7,11.5,6,10.9,7,12.6,6,12.3,7
2016-03-20 10:00:00,6.8,5,6.9,3,7.5,4,7.6,4,7.5,2,8.2,2,6.7,4,8.3,2,7.1,2,7.8,2,8.1,2,8.4,2,7.7,2,7.9,1,9.1,2,8.4,2,8.7,2,9.6,2,8.9,2,8.0,2,9.9,7,10.5,3,9.5,2,10.5,2.0,11.8,6,12.3,7,11.4,5,10.5,7,12.2,5,12.9,7,13.7,7,13.0,6,13.1,6,13.5,6,13.0,7
2016-03-20 11:00:00,7.5,5,7.9,3,8.4,3,8.1,5,8.6,2,8.9,2,7.3,4,9.4,2,8.3,3,9.0,3,9.2,3,9.7,2,8.6,2,9.1,1,10.2,2,9.7,2,10.0,3,11.1,2,10.3,2,9.1,2,11.0,7,12.1,4,11.2,2,12.8,2.0,12.6,6,13.9,7,13.1,5,11.3,6,13.0,5,13.7,7,14.8,7,14.1,6,14.8,6,13.9,6,13.6,7
2016-03-20 12:00:00,8.0,4,8.8,4,9.1,3,8.5,6,9.3,2,9.4,1,7.7,4,10.3,2,9.3,3,10.0,3,10.3,3,10.8,3,9.3,2,10.1,1,11.1,2,10.8,2,11.2,4,12.3,2,11.3,2,9.9,2,11.9,6,13.3,4,12.6,3,14.6,3.0,13.3,6,15.1,6,14.4,5,11.9,6,13.7,5,14.3,7,15.5,7,14.9,6,16.0,6,14.1,6,14.2,7
2016-03-20 13:00:00,8.2,4,9.4,3,9.5,3,8.9,5,9.6,2,9.7,1,8.0,4,10.9,2,10.1,3,10.8,3,11.1,3,11.5,3,9.9,2,10.8,1,11.6,3,11.6,2,12.1,4,13.1,3,12.0,2,10.5,1,12.4,6,14.0,5,13.6,3,15.7,3.0,13.8,6,16.0,6,15.3,5,12.3,6,14.3,5,14.6,7,15.9,7,15.4,7,16.6,7,14.2,7,14.6,7
2016-03-20 14:00:00,8.0,3,9.7,3,9.5,3,9.2,4,9.7,2,9.8,2,8.1,3,11.1,2,10.5,2,11.3,2,11.7,2,12.0,2,10.4,2,11.2,1,11.9,4,12.2,3,12.7,4,13.5,3,12.2,2,10.9,1,12.5,6,14.3,6,14.2,4,16.0,3.0,14.1,6,16.4,7,15.6,6,12.4,7,14.6,6,14.6,7,16.0,7,15.5,7,16.6,7,14.2,7,14.8,7
2016-03-20 15:00:00,7.8,2,9.4,3,9.2,3,8.5,2,9.7,2,9.6,2,8.2,3,11.0,2,10.2,2,10.7,2,11.4,2,12.0,2,10.2,2,11.0,2,12.1,4,11.6,6,11.9,7,13.1,6,12.3,3,11.0,2,12.0,7,14.4,5,14.3,6,14.9,6.0,13.7,7,15.5,7,15.0,7,11.3,6,13.8,5,14.2,7,15.3,7,15.3,7,16.5,7,14.4,7,14.9,7
2016-03-20 16:00:00,7.4,2,8.8,2,8.8,3,8.3,2,9.4,2,9.2,2,7.8,3,10.6,2,9.9,3,10.4,2,11.0,2,11.5,3,9.8,2,10.6,2,11.8,5,11.3,6,11.6,6,12.5,5,12.0,4,10.6,2,11.3,7,13.5,6,13.7,6,13.2,6.0,13.4,7,14.6,7,14.0,7,10.7,6,13.2,5,13.7,7,14.4,7,14.8,7,15.5,7,14.3,7,14.3,6
2016-03-20 17:00:00,6.8,2,8.0,2,8.3,3,8.0,2,8.9,2,8.8,2,7.3,2,10.0,2,9.3,3,9.9,3,10.5,3,10.6,4,9.0,2,10.0,2,11.3,5,10.8,6,11.0,6,11.5,4,11.5,5,9.9,3,10.4,7,12.4,6,12.8,6,11.0,6.0,12.8,6,13.5,6,12.7,7,10.0,6,12.4,6,13.1,7,13.3,7,14.1,7,14.2,7,14.0,6,13.4,5
2016-03-20 18:00:00,6.4,2,7.2,2,7.8,3,7.6,2,8.1,2,8.2,2,6.9,2,9.3,2,8.8,3,9.3,3,9.9,3,9.5,5,8.1,3,9.2,2,10.6,6,10.1,6,10.2,6,10.4,3,10.7,5,9.0,3,9.4,7,11.2,6,11.9,7,9.1,6.0,12.1,6,12.3,6,11.3,7,9.2,6,11.6,6,12.4,7,12.1,6,13.4,7,13.1,7,13.7,6,12.6,4
2016-03-20 19:00:00,6.1,3,6.7,2,7.4,3,7.2,2,7.1,2,7.6,2,6.7,2,8.6,2,8.4,3,8.7,3,9.5,3,8.2,4,7.1,3,8.2,3,9.8,6,9.4,6,9.4,6,9.4,4,9.7,5,7.9,3,8.6,7,10.4,6,11.1,7,7.9,6.0,11.4,6,11.3,5,10.1,7,8.4,6,11.0,6,11.8,6,11.2,6,12.8,7,12.3,6,13.2,6,12.1,4
2016-03-20 20:00:00,6.0,4,6.3,3,7.2,4,6.7,2,6.1,2,7.1,2,6.7,2,7.8,2,8.0,3,8.2,4,9.1,3,7.0,3,6.1,3,7.2,3,9.1,6,8.7,6,8.6,6,8.5,5,8.6,5,6.8,3,8.0,6,9.8,6,10.4,7,7.1,6.0,10.7,6,10.6,5,9.3,7,7.7,6,10.7,6,11.3,6,10.6,6,12.4,7,11.8,5,12.7,6,11.9,5
2016-03-20 21:00:00,5.7,4,5.9,3,6.7,4,6.3,2,5.5,2,6.6,2,6.5,3,7.2,3,7.4,3,7.6,4,8.5,3,6.2,3,5.3,3,6.4,4,8.4,6,8.0,6,7.9,6,7.6,6,7.5,4,6.0,3,7.4,6,9.0,6,9.6,7,6.1,6.0,10.1,6,9.8,5,8.5,6,7.3,5,10.4,6,10.9,6,10.1,6,11.8,6,11.2,5,12.4,6,11.5,5
2016-03-20 22:00:00,5.5,5,5.5,4,6.3,4,5.9,3,5.0,3,6.2,3,6.3,3,6.5,3,6.7,3,6.9,4,7.9,3,5.4,4,4.6,4,5.7,4,7.8,6,7.2,6,7.2,6,6.6,5,6.5,4,5.0,3,6.9,6,8.1,6,8.8,7,5.2,6.0,9.6,6,9.0,5,7.8,6,7.1,5,10.1,5,10.4,6,9.8,6,11.3,6,10.7,5,12.0,6,11.1,5
2016-03-20 23:00:00,5.3,5,5.1,4,5.9,5,5.5,3,4.4,3,5.8,3,6.0,3,5.9,4,6.0,3,6.3,4,7.3,3,4.6,4,4.0,4,4.9,4,7.1,6,6.5,6,6.5,6,5.6,5,5.5,4,4.2,3,6.5,6,7.2,6,8.1,6,4.4,5.0,9.1,6,8.3,5,7.3,6,6.9,5,9.7,5,10.0,6,9.5,6,10.7,6,10.2,5,11.8,6,10.7,5
2016-03-21 00:00:00,5.1,6,4.8,5,5.5,5,5.1,4,3.9,4,5.3,4,5.7,4,5.3,5,5.3,3,5.6,5,6.7,3,3.9,5,3.4,4,4.2,5,6.4,6,5.8,5,5.7,6,4.7,4,4.5,4,3.3,4,6.1,6,6.3,6,7.3,6,3.7,5.0,8.7,6,7.7,5,6.7,6,6.6,5,9.4,5,9.6,5,9.1,6,10.2,6,9.8,5,11.6,6,10.4,5
2016-03-21 01:00:00,5.0,6,4.6,5,5.1,5,4.8,4,3.5,4,4.8,4,5.4,4,4.7,5,4.7,3,5.0,5,6.2,3,3.2,5,3.0,5,3.6,5,5.8,6,5.1,6,4.8,6,3.9,4,3.6,4,2.6,4,5.6,6,5.4,6,6.5,6,3.0,5.0,8.3,6,7.1,5,6.3,6,6.2,5,9.1,5,9.2,5,8.5,5,9.7,6,9.5,5,11.4,5,10.1,5
2016-03-21 02:00:00,4.9,6,4.4,6,4.8,6,4.5,5,3.2,5,4.4,5,5.2,5,4.2,5,4.1,4,4.4,5,5.7,4,2.7,5,2.6,5,3.1,5,5.2,6,4.5,6,4.0,6,3.2,4,2.8,4,2.0,5,5.3,6,4.6,6,5.7,6,2.5,4.0,7.8,6,6.6,5,5.9,6,5.8,5,8.7,5,8.9,5,7.9,5,9.3,5,9.3,5,11.1,5,9.8,5
2016-03-21 03:00:00,5.8,5,5.1,5,5.8,5,5.4,4,4.3,2,5.8,2,5.7,3,5.1,2,4.6,2,4.9,2,6.1,2,3.6,2,2.6,3,3.4,3,6.4,2,5.7,2,5.5,5,3.7,3,3.4,3,2.4,2,5.8,5,5.6,7,5.7,6,2.9,4.0,7.6,6,7.3,3,5.9,2,5.5,3,8.5,6,9.7,6,8.9,6,8.9,5,8.7,4,10.9,4,10.7,6
2016-03-21 04:00:00,5.5,5,5.0,6,5.6,5,5.0,5,4.1,2,5.6,2,5.5,3,4.6,2,4.4,2,4.6,3,6.0,3,3.2,3,2.2,4,3.1,3,6.0,2,5.3,2,5.1,4,3.2,3,2.9,3,2.0,2,5.4,5,4.8,7,5.2,6,2.2,4.0,7.4,5,6.6,3,5.5,2,5.2,4,8.1,6,9.3,6,8.3,5,8.4,4,8.3,4,10.5,4,10.6,7
2016-03-21 05:00:00,5.2,6,4.9,6,5.5,5,4.7,5,4.0,2,5.4,2,5.3,3,4.3,2,4.3,2,4.5,3,5.9,3,3.0,3,2.1,5,3.1,4,5.7,2,4.9,2,4.8,4,3.0,3,2.6,3,1.7,3,5.2,5,4.3,7,4.9,6,1.7,4.0,7.4,5,6.2,2,5.4,3,5.1,5,7.9,6,9.1,6,7.9,4,8.2,4,8.0,3,10.2,5,10.5,7
2016-03-21 06:00:00,5.2,6,5.1,6,5.6,6,4.8,5,4.2,2,5.5,2,5.3,3,4.4,2,4.5,3,4.7,3,6.0,3,3.3,3,2.6,5,3.4,4,5.7,2,4.9,2,4.8,4,3.3,3,2.8,2,2.0,4,5.4,5,4.4,7,5.0,6,1.9,4.0,7.8,5,6.5,2,5.7,3,5.6,5,8.0,6,9.3,5,8.1,3,8.5,4,8.4,4,10.4,5,10.7,7
2016-03-21 07:00:00,5.6,6,5.6,6,6.0,6,5.4,5,4.8,2,6.1,2,5.7,3,5.1,2,5.0,3,5.3,3,6.3,3,4.2,3,3.8,5,4.3,3,6.3,2,5.4,2,5.3,3,4.4,3,3.8,2,3.0,3,6.0,5,5.4,7,5.7,6,3.2,4.0,8.7,4,7.6,2,6.7,3,6.7,5,8.7,6,10.1,5,9.3,3,9.5,3,9.6,4,11.2,5,11.1,7
2016-03-21 08:00:00,6.3,6,6.4,5,6.7,6,6.3,5,5.2,2,7.1,2,6.3,3,5.7,2,5.7,3,6.2,3,6.9,3,5.6,3,4.7,4,5.5,2,7.2,1,6.3,2,5.3,3,5.5,2,5.3,2,4.5,2,6.4,5,6.2,7,6.4,5,5.3,4.0,9.3,3,10.6,3,8.2,2,8.2,5,9.7,5,11.4,5,11.2,3,10.7,3,11.4,5,12.0,5,11.8,7
2016-03-21 09:00:00,7.0,6,7.3,4,7.5,6,7.3,4,6.4,2,8.3,2,7.0,3,7.1,2,6.5,3,7.2,2,7.6,2,7.1,2,6.1,4,6.9,2,8.4,1,7.4,2,6.5,2,7.3,2,7.1,2,6.2,2,7.7,4,7.9,7,7.9,5,7.7,4.0,10.8,3,12.4,3,10.0,2,9.7,4,10.9,5,12.6,5,13.1,3,12.5,3,13.2,6,13.3,5,12.5,7
2016-03-21 10:00:00,7.6,6,8.2,4,8.2,5,8.1,3,7.5,2,9.5,1,7.7,3,8.5,2,7.4,3,8.2,2,8.4,2,8.4,2,7.2,4,8.1,2,9.6,1,8.5,2,7.7,2,8.9,2,8.8,2,7.7,1,9.0,4,9.3,6,9.4,4,10.1,4.0,12.0,4,13.9,3,11.7,2,10.8,4,12.1,5,13.6,4,14.5,3,14.1,3,14.6,6,14.3,5,13.1,7
2016-03-21 11:00:00,8.0,5,9.1,5,8.9,4,8.8,3,8.6,2,10.4,1,8.3,3,9.8,2,8.2,3,9.1,2,9.3,2,9.5,2,7.8,4,9.2,3,10.6,2,9.6,2,8.7,2,10.2,2,10.3,2,8.9,2,10.2,4,10.4,6,10.7,4,12.2,4.0,13.1,4,15.1,3,13.3,2,11.7,5,13.2,4,14.3,4,15.4,3,15.2,4,15.6,6,14.8,5,13.8,6
2016-03-21 12:00:00,8.4,5,9.7,5,9.6,4,9.2,3,9.4,2,10.9,1,8.7,3,10.7,2,9.0,3,9.9,3,10.1,3,10.3,3,8.3,5,10.0,4,11.4,2,10.5,2,9.8,2,11.2,2,11.3,2,9.7,2,11.1,4,11.2,6,11.8,4,13.8,4.0,14.0,5,16.1,3,14.4,3,12.3,5,14.1,4,14.8,5,16.1,3,16.1,4,16.3,6,15.0,5,14.4,6
2016-03-21 13:00:00,8.7,5,10.1,5,10.2,5,9.5,3,9.9,4,11.3,1,8.9,3,11.3,2,9.7,4,10.6,3,10.8,4,10.9,3,8.8,5,10.6,4,11.9,2,11.1,3,10.7,2,12.1,2,11.8,2,10.2,2,11.7,3,11.9,6,12.7,3,14.6,5.0,14.6,5,16.8,3,15.0,3,12.8,6,14.9,4,15.1,5,16.7,3,16.8,4,16.7,6,15.1,5,14.9,5
2016-03-21 14:00:00,8.9,5,10.1,5,10.6,5,9.6,3,10.1,5,11.3,1,9.0,2,11.5,2,10.2,4,11.0,4,11.3,4,11.2,3,9.3,5,10.8,3,12.1,2,11.4,3,11.3,2,12.6,2,11.8,3,10.3,2,11.8,3,12.2,6,13.2,3,14.6,5.0,15.1,4,17.1,3,15.1,3,13.0,6,15.3,3,15.2,5,17.1,3,17.1,4,16.7,6,15.1,5,15.3,5
2016-03-21 15:00:00,8.3,4,9.7,6,10.0,7,8.9,4,9.7,6,10.4,3,9.1,4,11.0,3,9.9,5,10.7,5,11.0,5,11.1,5,10.1,6,11.0,5,12.0,2,11.6,3,11.7,3,12.6,2,11.6,3,10.4,4,12.0,2,12.8,3,13.6,3,14.0,5.0,15.1,4,17.1,2,16.2,4,12.7,6,15.3,3,16.3,3,17.5,2,17.0,4,17.9,5,15.1,5,15.9,6
2016-03-21 16:00:00,8.0,4,9.1,5,9.5,6,8.7,4,9.4,5,9.9,3,8.7,4,10.5,2,9.7,4,10.4,4,10.8,4,10.6,5,9.6,5,10.5,5,11.7,2,11.4,3,11.4,3,11.8,2,11.2,3,9.9,4,11.4,1,12.1,3,13.2,3,12.4,5.0,14.6,3,16.3,2,15.1,3,12.2,5,14.8,2,15.5,3,16.6,3,16.3,4,16.9,5,14.9,5,15.2,6
2016-03-21 17:00:00,7.6,4,8.3,5,8.8,5,8.4,4,8.9,4,9.3,2,8.2,3,9.9,2,9.4,3,9.9,4,10.6,4,9.8,5,8.8,5,9.6,5,11.1,2,10.9,2,10.7,2,10.5,2,10.5,2,9.2,4,10.7,1,11.2,3,12.4,2,10.4,4.0,13.9,3,15.2,2,13.8,3,11.4,5,14.0,2,14.5,3,15.2,3,15.3,4,15.6,5,14.6,5,14.3,6
2016-03-21 18:00:00,7.2,4,7.4,4,8.0,4,8.0,4,8.2,3,8.5,2,7.5,3,9.1,3,8.8,3,9.3,3,10.2,4,8.8,4,7.8,4,8.7,5,10.4,2,10.2,2,9.8,2,9.1,2,9.5,2,8.3,4,9.8,1,10.1,3,11.5,2,8.6,4.0,13.0,2,14.0,1,12.4,2,10.4,5,13.2,2,13.5,3,13.8,3,14.3,3,14.3,5,14.2,4,13.5,5
2016-03-21 19:00:00,6.8,4,6.6,4,7.2,3,7.4,4,7.2,2,7.6,2,6.9,3,8.2,3,8.1,3,8.6,3,9.8,4,7.7,4,6.8,4,7.9,5,9.5,2,9.3,2,8.9,2,7.9,2,8.4,2,7.5,4,8.9,1,9.1,3,10.5,2,7.5,3.0,12.0,2,12.8,1,11.3,2,9.4,4,12.4,2,12.7,3,12.6,3,13.5,3,13.2,4,13.7,4,13.0,5
2016-03-21 20:00:00,6.4,3,6.0,4,6.5,3,6.9,4,6.2,2,6.7,2,6.3,3,7.4,4,7.4,3,8.0,4,9.4,4,6.6,4,5.8,3,7.1,5,8.5,2,8.3,2,8.0,2,6.9,2,7.2,2,6.6,3,8.0,1,8.3,2,9.6,2,6.7,3.0,11.0,2,11.9,1,10.4,2,8.4,4,11.7,2,12.1,3,11.7,2,12.9,3,12.2,4,13.3,4,12.7,5
2016-03-21 21:00:00,6.0,3,5.4,4,6.0,3,6.4,5,5.5,2,6.1,3,5.8,3,6.7,5,6.8,3,7.3,4,8.8,4,5.8,4,5.0,4,6.3,5,7.7,2,7.5,2,7.3,2,5.9,2,6.3,2,5.8,3,7.2,2,7.4,3,8.7,3,5.9,3.0,10.1,2,11.0,1,9.6,2,7.7,4,11.0,2,11.4,3,10.8,2,12.2,3,11.4,3,12.9,4,12.2,5
2016-03-21 22:00:00,5.7,3,4.8,4,5.4,3,6.0,5,4.8,2,5.5,3,5.4,4,6.0,5,6.2,3,6.7,4,8.2,4,5.1,4,4.3,4,5.5,5,7.0,3,6.8,3,6.5,3,5.1,3,5.4,2,5.1,3,6.6,2,6.5,3,7.8,3,5.0,4.0,9.3,2,10.1,1,8.8,3,7.2,5,10.3,3,10.8,3,10.1,2,11.5,3,10.7,3,12.7,4,11.8,5
2016-03-21 23:00:00,5.4,3,4.4,5,5.0,4,5.5,5,4.2,2,5.0,4,5.1,4,5.4,5,5.6,3,6.1,4,7.5,4,4.4,4,3.8,4,4.8,6,6.5,4,6.2,3,5.8,3,4.3,3,4.6,2,4.3,3,6.0,3,5.7,3,6.9,3,4.2,4.0,8.6,3,9.3,2,8.1,3,6.7,5,9.7,3,10.2,3,9.5,2,10.9,3,10.2,3,12.5,4,11.3,5
2016-03-22 00:00:00,5.2,3,4.1,5,4.5,4,5.1,5,3.7,3,4.7,4,4.9,4,4.9,5,5.1,4,5.5,5,6.9,4,3.9,4,3.3,4,4.2,6,6.0,4,5.7,4,5.1,4,3.6,4,3.9,3,3.6,4,5.5,3,4.9,4,6.2,4,3.5,4.0,7.9,3,8.4,2,7.4,4,6.4,5,9.1,3,9.7,4,8.8,3,10.2,4,9.9,3,12.3,4,10.9,5
2016-03-22 01:00:00,5.0,3,3.8,5,4.2,5,4.7,5,3.2,4,4.4,5,4.7,5,4.5,5,4.5,4,4.9,5,6.3,5,3.5,5,2.9,5,3.7,6,5.6,5,5.3,4,4.5,4,3.0,5,3.3,4,3.0,4,5.0,4,4.1,4,5.5,4,3.1,5.0,7.4,4,7.5,3,6.8,4,6.1,5,8.6,4,9.3,4,8.1,3,9.7,4,9.7,4,12.2,5,10.4,5
2016-03-22 02:00:00,4.9,4,3.6,5,3.9,5,4.3,6,2.8,4,4.2,5,4.7,5,4.2,5,4.0,4,4.4,5,5.8,5,3.1,5,2.6,5,3.2,6,5.4,5,4.9,5,3.9,5,2.5,5,2.8,4,2.6,5,4.7,5,3.5,5,5.0,4,2.9,5.0,7.1,4,6.7,4,6.4,5,5.9,5,8.2,4,8.9,4,7.4,4,9.2,5,9.7,4,12.0,5,10.0,5
2016-03-22 03:00:00,5.1,2,3.1,4,3.7,3,3.8,3,2.9,2,4.7,5,4.5,3,3.9,4,3.3,3,3.7,2,5.1,2,2.9,2,2.4,2,3.0,4,5.1,2,4.4,2,3.9,2,2.7,2,3.0,1,2.9,5,4.1,1,3.8,4,4.2,2,3.1,5.0,6.3,1,6.7,2,6.1,4,6.2,5,7.2,5,8.6,2,8.0,1,7.9,5,8.0,6,11.4,5,10.9,5
2016-03-22 04:00:00,4.8,2,2.8,5,3.4,4,3.3,3,2.6,3,4.5,5,4.2,3,3.4,4,2.9,3,3.2,2,4.7,3,2.5,2,2.2,3,3.0,5,4.6,2,3.9,2,3.3,2,2.3,2,2.6,1,2.5,5,3.6,1,2.9,5,3.9,2,2.7,5.0,5.9,1,6.1,2,5.8,5,5.8,5,6.6,4,7.8,1,7.3,1,7.6,5,7.7,6,11.2,5,10.6,4
2016-03-22 05:00:00,4.6,3,2.7,6,3.3,5,3.0,3,2.5,4,4.3,5,4.0,4,3.2,4,2.7,4,3.0,3,4.4,3,2.4,3,2.2,4,3.1,4,4.2,2,3.6,2,3.0,2,2.2,2,2.5,1,2.2,5,3.1,1,2.1,5,3.8,2,2.4,5.0,5.7,1,5.8,2,5.7,5,5.5,5,6.2,4,7.2,1,6.8,1,7.4,5,7.7,6,11.2,6,10.4,4
2016-03-22 06:00:00,4.6,3,2.9,5,3.6,6,3.2,3,2.9,4,4.5,5,4.2,4,3.4,4,2.9,4,3.3,3,4.5,3,2.7,3,2.7,4,3.6,4,4.3,2,3.7,2,3.1,2,2.5,2,2.8,1,2.4,5,3.1,1,2.1,5,3.9,2,2.9,5.0,5.9,1,6.0,2,6.1,6,5.6,5,6.1,3,7.2,1,7.0,1,7.7,5,8.3,6,11.5,6,10.4,3
2016-03-22 07:00:00,5.0,3,3.7,5,4.4,6,4.2,3,3.9,4,5.3,5,5.0,4,4.2,4,3.6,3,4.1,3,5.1,3,3.6,3,3.8,4,4.5,4,5.0,1,4.4,2,3.9,2,3.4,1,3.8,1,3.3,4,3.7,1,3.2,4,4.3,2,4.4,4.0,6.6,1,7.0,3,7.1,6,6.1,5,6.5,3,8.2,2,8.2,2,8.5,5,9.6,6,12.2,6,10.7,3
2016-03-22 08:00:00,5.7,3,4.9,3,5.6,5,5.6,3,5.2,3,6.6,5,6.2,4,5.5,3,4.7,2,5.3,2,6.0,2,4.9,2,5.3,3,5.6,3,6.3,1,5.6,2,5.1,2,4.7,1,5.2,1,4.8,4,4.8,1,4.9,4,5.0,2,6.5,4.0,7.7,2,8.4,3,8.6,5,6.8,6,7.3,2,9.9,3,10.0,3,9.6,5,11.3,5,13.2,6,11.1,3
2016-03-22 09:00:00,6.5,3,6.4,2,7.0,4,7.1,3,6.6,2,7.9,5,7.4,4,7.1,2,5.9,2,6.6,2,7.1,2,6.3,2,6.8,3,7.0,3,7.7,1,6.9,2,6.3,2,6.1,1,6.8,1,6.4,3,6.0,1,6.7,4,6.2,2,8.5,3.0,8.8,2,10.0,4,10.2,5,7.5,7,8.2,3,11.6,4,11.8,3,10.9,5,13.1,5,14.2,6,11.6,3
2016-03-22 10:00:00,7.2,3,8.0,2,8.4,4,8.3,3,7.9,2,9.0,5,8.3,4,8.7,2,7.1,2,7.8,2,8.1,2,7.6,2,8.0,3,8.4,3,9.1,1,8.0,2,7.3,2,7.3,1,8.2,1,7.9,3,7.1,1,8.1,3,7.8,2,9.8,3.0,9.8,1,11.4,4,11.7,4,8.0,7,9.1,3,13.0,4,13.1,4,12.2,5,14.6,5,14.9,6,12.1,3
2016-03-22 11:00:00,7.8,3,9.5,2,9.5,3,9.2,3,8.9,3,9.9,5,8.9,3,10.1,2,8.1,2,9.0,2,9.0,2,8.7,2,8.9,3,9.8,3,10.2,2,9.0,2,8.1,2,8.4,1,9.4,1,9.1,3,7.9,1,9.1,3,9.5,2,10.5,3.0,10.6,1,12.6,4,12.9,4,8.3,7,9.8,4,14.0,5,14.1,5,13.4,5,15.8,5,15.3,6,12.6,3
2016-03-22 12:00:00,8.3,3,10.6,2,10.4,3,9.8,3,9.7,3,10.5,4,9.2,3,11.1,2,9.0,2,9.9,2,9.9,2,9.6,3,9.6,3,10.9,3,11.1,2,9.8,2,8.8,2,9.4,2,10.3,1,10.1,3,8.6,1,9.8,3,10.9,2,11.0,3.0,11.2,1,13.6,4,13.9,4,8.6,7,10.5,5,14.8,5,14.8,5,14.5,5,16.7,5,15.6,6,13.1,3
2016-03-22 13:00:00,8.6,3,11.0,2,10.8,3,10.1,2,10.1,3,10.8,5,9.3,2,11.7,2,9.7,2,10.6,2,10.7,2,10.3,3,10.2,3,11.6,4,11.6,2,10.4,2,9.4,2,10.2,2,10.8,1,10.7,4,9.1,1,10.2,3,11.8,2,11.5,3.0,11.7,1,14.3,4,14.6,5,9.0,7,11.0,5,15.4,5,15.4,5,15.3,5,17.2,6,15.7,7,13.6,3
2016-03-22 14:00:00,8.7,3,10.8,2,10.9,3,10.1,2,10.3,3,10.7,5,9.3,2,11.8,2,10.1,1,11.0,2,11.3,2,10.8,2,10.5,2,11.9,4,11.7,2,10.8,2,9.9,2,10.8,2,11.0,1,10.9,3,9.3,1,10.3,3,12.2,2,11.7,3.0,12.0,2,14.6,3,14.8,6,9.2,7,11.3,5,15.7,5,15.7,4,15.7,6,17.4,7,15.7,7,13.9,4
2016-03-22 15:00:00,9.1,3,10.6,3,10.2,4,9.9,2,10.0,2,10.9,3,9.6,3,12.1,3,10.9,2,11.4,1,11.7,2,11.3,1,10.3,3,11.0,3,12.7,2,11.8,2,11.5,2,12.2,3,11.2,2,10.4,2,10.8,1,11.5,2,13.0,1,12.2,2.0,13.2,1,16.2,1,16.9,2,10.1,6,13.6,3,17.5,1,17.5,1,17.1,2,19.3,2,17.0,2,16.4,4
2016-03-22 16:00:00,8.8,3,10.0,2,9.9,4,9.4,2,9.9,2,10.3,3,9.0,3,11.6,3,10.5,1,11.0,1,11.5,1,10.9,1,9.7,3,10.5,2,12.3,2,11.5,2,11.2,2,11.5,3,10.8,1,9.8,2,10.4,1,11.1,2,12.4,1,10.9,2.0,12.9,1,15.6,1,15.7,3,9.4,6,13.3,2,16.8,1,16.6,1,16.4,2,18.3,2,16.6,2,15.8,3
2016-03-22 17:00:00,8.3,2,9.2,2,9.4,5,8.7,2,9.6,2,9.5,2,8.2,3,10.8,2,9.9,1,10.4,1,11.2,1,10.2,1,8.8,2,9.8,2,11.7,2,10.9,1,10.6,2,10.4,2,10.1,1,8.9,1,9.8,1,10.3,2,11.6,1,9.4,2.0,12.3,1,14.6,1,14.2,5,8.5,5,12.6,2,15.9,1,15.2,1,15.5,2,17.0,2,15.9,2,14.9,3
2016-03-22 18:00:00,7.8,2,8.2,2,8.8,5,8.0,2,8.8,1,8.6,2,7.4,3,9.8,2,9.1,1,9.7,1,10.7,1,9.1,1,7.6,2,8.9,2,10.9,2,10.2,1,9.8,1,9.1,1,9.3,1,7.8,1,9.1,1,9.4,1,10.6,1,8.0,2.0,11.5,2,13.5,1,12.6,5,7.6,4,11.8,2,14.8,1,13.7,1,14.4,2,15.6,2,15.2,2,13.9,2
2016-03-22 19:00:00,7.3,2,7.2,2,8.1,5,7.2,2,7.5,1,7.7,3,6.8,2,8.7,2,8.4,1,8.9,1,10.1,1,7.7,1,6.4,1,7.9,2,9.9,2,9.3,1,8.9,1,7.8,1,8.2,1,6.8,1,8.3,1,8.4,1,9.7,1,7.1,2.0,10.6,2,12.4,1,11.3,5,7.0,4,10.9,2,13.8,1,12.4,1,13.4,1,14.1,2,14.5,2,13.1,2
2016-03-22 20:00:00,6.8,2,6.4,2,7.4,4,6.5,2,6.0,1,6.8,4,6.3,2,7.6,2,7.7,1,8.2,1,9.5,1,6.3,1,5.2,1,6.9,2,8.8,2,8.4,1,7.9,1,6.6,1,7.0,1,5.8,2,7.6,1,7.4,1,8.9,1,6.4,2.0,9.7,2,11.5,1,10.3,3,6.5,4,10.1,2,12.7,1,11.3,1,12.4,1,12.8,1,13.8,2,12.4,2
2016-03-22 21:00:00,6.4,2,5.6,2,6.6,4,5.8,2,4.9,2,6.1,4,5.8,3,6.6,2,7.0,1,7.4,2,8.8,2,5.3,1,4.3,2,6.0,2,7.9,2,7.5,2,7.1,1,5.6,1,6.1,1,4.9,2,6.9,2,6.5,2,8.0,1,5.4,2.0,9.0,2,10.5,1,9.2,3,6.2,4,9.3,2,11.8,1,10.4,1,11.4,2,11.6,2,13.2,2,11.7,2
2016-03-22 22:00:00,6.0,2,4.9,3,5.8,4,5.3,3,4.0,2,5.6,4,5.3,3,5.8,2,6.2,2,6.6,2,8.1,2,4.4,1,3.5,2,5.1,2,7.1,3,6.8,2,6.3,1,4.7,1,5.2,1,4.0,2,6.2,2,5.6,2,7.1,1,4.5,2.0,8.3,2,9.5,1,8.2,2,6.0,4,8.6,2,10.9,1,9.5,1,10.6,2,10.6,2,12.6,1,11.0,2
2016-03-22 23:00:00,5.7,3,4.4,3,5.1,4,4.9,3,3.4,2,5.1,5,4.9,4,5.1,2,5.5,2,5.8,3,7.4,3,3.7,1,2.9,2,4.3,3,6.3,3,6.0,3,5.5,1,3.9,1,4.3,1,3.3,3,5.6,3,4.7,2,6.3,2,3.6,3.0,7.6,3,8.6,1,7.3,2,5.7,4,7.9,3,10.0,1,8.7,1,9.8,2,9.8,3,12.1,1,10.4,2
2016-03-23 00:00:00,5.4,3,3.9,4,4.5,5,4.5,4,2.9,2,4.8,5,4.5,4,4.4,3,4.7,3,5.0,3,6.6,3,3.1,1,2.5,2,3.6,3,5.7,4,5.3,3,4.7,1,3.1,1,3.6,1,2.6,3,5.0,3,4.0,2,5.5,2,2.9,3.0,7.0,3,7.6,1,6.5,2,5.5,4,7.3,3,9.2,1,7.9,1,9.1,3,9.2,3,11.7,2,9.7,3
2016-03-23 01:00:00,5.1,4,3.5,4,3.9,5,4.2,4,2.6,2,4.5,5,4.2,5,3.9,4,3.9,3,4.3,4,5.9,4,2.6,1,2.1,3,3.0,3,5.2,5,4.7,4,4.0,1,2.3,1,2.9,1,2.1,3,4.4,3,3.2,2,4.8,2,2.2,3.0,6.4,4,6.6,1,5.8,3,5.2,5,6.7,3,8.5,1,7.1,1,8.5,3,8.7,4,11.4,3,9.1,3
2016-03-23 02:00:00,4.9,4,3.2,5,3.5,6,3.8,5,2.2,2,4.3,5,4.0,5,3.4,5,3.3,4,3.6,4,5.2,4,2.1,1,1.9,3,2.6,3,4.7,6,4.1,4,3.3,1,1.7,1,2.4,1,1.7,4,3.9,4,2.6,3,4.3,2,1.8,4.0,5.9,4,5.7,1,5.3,3,4.9,5,6.3,4,7.9,2,6.4,2,8.1,3,8.5,4,11.2,3,8.5,3
2016-03-23 03:00:00,5.6,1,2.9,2,3.8,5,3.0,2,2.5,1,3.5,3,4.4,3,3.5,2,3.0,2,3.6,2,5.2,2,2.6,1,2.7,2,2.8,2,4.7,2,3.8,2,3.4,1,1.7,1,3.3,1,2.0,4,3.9,1,2.1,2,3.5,1,2.0,1.0,5.5,1,6.3,1,5.8,1,4.6,2,5.8,2,7.9,1,7.4,1,7.6,1,8.4,1,11.1,1,10.2,1
2016-03-23 04:00:00,5.3,1,2.6,2,3.5,5,2.3,2,2.1,2,3.1,5,4.0,3,3.0,2,2.4,3,3.0,3,4.8,3,2.0,2,2.3,2,2.7,2,4.2,2,3.3,2,2.8,1,1.0,1,2.8,1,1.5,5,3.2,1,1.4,2,3.1,2,1.3,1.0,4.9,1,5.6,1,5.3,1,4.0,2,5.1,2,7.3,1,6.8,1,7.1,1,7.7,1,10.5,1,9.8,1
2016-03-23 05:00:00,5.0,1,2.5,2,3.5,5,1.7,2,2.0,2,2.9,6,3.7,4,2.6,2,2.2,4,2.8,4,4.6,4,1.7,2,2.1,2,2.7,3,3.8,2,3.1,2,2.4,2,0.6,1,2.4,1,1.0,5,2.6,1,1.0,2,3.0,2,0.9,1.0,4.7,1,5.2,1,5.0,1,3.5,2,4.6,2,6.9,1,6.6,1,6.8,1,7.3,1,10.1,1,9.5,1
2016-03-23 06:00:00,5.1,1,2.9,2,3.9,6,1.7,2,2.6,2,3.4,6,3.9,4,2.9,2,2.6,5,3.1,5,4.8,5,2.0,2,2.4,3,3.0,3,4.0,2,3.3,2,2.7,2,1.1,1,2.6,1,1.1,5,2.7,1,1.3,2,3.2,2,1.3,1.0,5.0,1,5.5,1,5.2,1,3.7,3,4.7,2,7.2,1,7.0,1,7.0,1,7.6,1,10.3,1,9.5,1
2016-03-23 07:00:00,5.8,2,3.9,2,4.8,6,2.9,2,3.9,2,4.6,5,4.8,4,4.0,2,3.8,5,4.1,5,5.5,5,3.2,2,3.4,3,3.7,4,4.8,2,4.2,2,3.7,1,2.6,1,3.6,1,2.0,5,3.7,1,2.7,2,3.8,2,2.7,2.0,6.0,1,6.7,1,6.0,1,4.8,3,5.5,2,8.5,1,8.4,1,7.9,1,8.8,1,11.2,1,10.1,1
2016-03-23 08:00:00,6.9,2,5.4,2,6.0,5,4.8,2,5.7,2,6.3,3,6.2,3,5.7,2,5.4,5,5.7,5,6.6,5,4.9,2,4.8,3,4.7,4,6.2,2,5.6,2,5.2,1,4.7,1,5.1,2,3.4,5,5.3,1,4.7,2,4.8,2,4.8,2.0,7.6,1,8.5,1,7.4,1,6.4,4,6.9,2,10.5,1,10.3,1,9.4,1,10.6,1,12.6,1,11.0,1
2016-03-23 09:00:00,7.9,2,7.2,2,7.5,5,6.9,2,7.5,2,8.0,2,7.6,2,7.6,2,7.0,4,7.3,4,7.8,4,6.8,1,6.3,4,5.9,5,7.8,2,7.2,2,6.8,1,6.8,1,6.8,2,5.0,5,7.0,1,6.8,2,6.2,2,7.0,2.0,9.2,1,10.4,1,9.0,2,8.0,4,8.5,1,12.5,1,12.3,1,10.9,1,12.4,2,13.7,2,12.2,1
2016-03-23 10:00:00,8.7,2,9.0,2,9.0,5,8.7,2,8.9,2,9.3,1,8.8,2,9.5,2,8.3,4,8.8,3,9.0,3,8.4,2,7.5,4,7.1,5,9.4,2,8.8,2,8.2,2,8.4,1,8.4,2,6.4,6,8.5,1,8.5,2,7.9,2,8.7,2.0,10.7,1,12.0,1,10.7,2,9.2,5,9.9,1,14.1,1,13.8,1,12.3,1,13.7,2,14.2,2,13.4,1
2016-03-23 11:00:00,9.1,3,10.5,2,10.4,5,10.1,2,10.0,2,10.1,2,9.6,3,11.1,2,9.3,3,10.0,3,10.1,3,9.7,2,8.4,4,8.2,6,10.9,2,10.2,2,9.3,2,9.6,1,9.7,2,7.5,6,9.6,1,9.9,2,9.6,2,10.0,3.0,11.9,1,13.4,1,12.2,2,10.1,5,11.2,1,15.2,1,14.9,1,13.5,1,14.6,2,14.3,3,14.6,1
2016-03-23 12:00:00,9.4,3,11.5,2,11.4,5,10.9,3,10.7,2,10.7,2,10.1,3,12.3,3,10.1,3,11.0,3,11.1,3,10.7,2,9.1,5,9.2,6,12.1,2,11.4,2,10.2,2,10.6,2,10.6,2,8.4,6,10.5,1,10.8,2,11.0,2,11.0,2.0,12.8,1,14.4,1,13.4,2,10.6,5,12.2,2,16.1,1,15.8,1,14.5,1,15.2,3,14.2,4,15.5,1
2016-03-23 13:00:00,9.5,3,11.9,2,12.0,6,11.2,2,11.2,2,11.0,2,10.3,3,12.9,3,10.7,3,11.7,3,11.8,3,11.3,3,9.8,5,9.9,7,12.8,2,12.2,2,11.0,2,11.5,2,11.1,2,9.0,7,11.1,2,11.4,2,11.9,2,11.7,2.0,13.4,1,15.1,1,14.1,2,10.9,5,13.0,2,16.7,1,16.5,1,15.4,1,15.7,3,14.2,4,16.1,1
2016-03-23 14:00:00,9.5,3,11.7,2,12.1,6,11.1,2,11.3,2,11.1,2,10.2,3,13.0,3,11.1,4,12.0,4,12.3,4,11.6,3,10.2,5,10.3,7,13.1,2,12.5,3,11.5,2,12.1,2,11.1,2,9.3,7,11.3,2,11.6,2,12.3,2,12.0,2.0,13.8,2,15.5,1,14.3,2,11.0,5,13.4,2,17.0,1,16.8,1,15.9,1,15.9,4,14.2,4,16.3,1
2016-03-23 15:00:00,9.6,4,11.6,3,12.0,6,10.9,4,11.3,6,10.8,2,9.9,5,12.8,3,11.6,3,12.3,4,12.6,4,11.5,5,10.5,4,10.5,5,13.6,2,12.9,3,11.8,2,12.3,4,11.3,3,9.9,6,11.0,2,11.5,4,12.5,2,11.4,1.0,13.9,2,15.7,1,15.5,1,10.5,4,13.6,2,17.1,1,17.1,1,16.4,1,17.7,1,15.1,1,15.9,2
2016-03-23 16:00:00,9.1,3,10.7,3,11.4,6,10.6,4,10.9,5,10.5,2,9.5,5,12.2,3,11.3,3,11.9,3,12.3,3,11.2,4,10.0,4,10.2,5,13.2,2,12.5,3,11.5,2,11.7,4,10.8,2,9.5,5,10.6,1,11.0,3,12.0,2,10.0,1.0,13.5,2,15.1,1,14.4,1,10.0,3,13.4,1,16.5,1,16.2,1,15.8,1,16.7,1,14.7,1,15.2,2
2016-03-23 17:00:00,8.5,2,9.7,2,10.6,5,10.1,4,10.3,4,9.9,2,9.0,4,11.5,3,10.7,2,11.2,3,11.9,3,10.6,3,9.1,4,9.7,5,12.5,2,11.8,3,10.9,2,10.6,3,10.1,2,8.8,4,10.0,1,10.3,2,11.1,1,8.3,1.0,12.9,1,14.1,1,13.0,1,9.3,2,12.9,1,15.6,1,14.8,1,14.9,1,15.4,1,14.2,1,14.4,1
2016-03-23 18:00:00,7.9,2,8.6,2,9.7,5,9.4,4,9.3,3,9.2,2,8.4,4,10.5,3,10.0,2,10.4,2,11.4,2,9.6,2,8.0,4,9.0,5,11.4,3,10.9,3,10.0,2,9.3,2,9.1,2,7.8,3,9.3,1,9.4,2,10.2,1,6.7,1.0,12.0,1,12.9,1,11.6,1,8.6,2,12.2,2,14.6,1,13.3,1,13.8,1,13.9,1,13.5,1,13.7,1
2016-03-23 19:00:00,7.5,3,7.8,2,8.9,4,8.3,4,8.0,3,8.5,2,7.7,4,9.4,3,9.2,2,9.6,2,10.8,2,8.2,3,6.9,3,8.2,5,10.1,2,10.0,3,9.0,2,7.9,1,7.9,2,6.7,3,8.6,1,8.4,1,9.3,1,5.7,1.0,11.0,2,11.9,1,10.5,1,8.0,2,11.3,2,13.6,1,12.1,1,12.8,1,12.4,1,12.8,1,13.2,1
2016-03-23 20:00:00,7.2,4,7.2,3,8.1,4,7.1,4,6.6,3,7.8,2,7.0,4,8.4,3,8.3,2,8.8,2,10.3,3,6.7,4,5.8,2,7.3,4,8.8,2,9.1,3,8.1,2,6.6,1,6.7,2,5.6,3,7.9,1,7.5,2,8.4,1,5.1,1.0,10.0,2,11.0,1,9.6,1,7.5,2,10.5,2,12.7,1,11.2,1,11.9,1,11.1,1,12.1,1,12.9,1
2016-03-23 21:00:00,6.9,5,6.4,3,7.3,4,6.3,4,5.7,3,7.3,3,6.5,4,7.5,4,7.6,3,8.0,3,9.6,3,5.8,4,5.0,3,6.5,5,8.0,3,8.3,3,7.3,2,5.5,2,5.7,2,4.8,4,7.2,1,6.6,2,7.5,1,4.3,1.0,9.3,2,10.1,1,8.6,2,7.0,2,9.8,2,11.8,1,10.3,1,11.0,1,9.9,2,11.5,1,12.3,1
2016-03-23 22:00:00,6.6,5,5.8,3,6.5,5,5.5,4,4.9,4,6.8,3,5.9,4,6.7,4,6.8,3,7.3,3,8.9,3,5.0,5,4.4,3,5.6,5,7.3,3,7.5,4,6.5,2,4.6,2,4.8,2,4.0,4,6.6,2,5.9,2,6.7,2,3.5,1.0,8.6,2,9.3,1,7.6,2,6.6,2,9.1,2,10.9,1,9.5,1,10.2,1,8.8,2,11.0,2,11.7,2
2016-03-23 23:00:00,6.3,5,5.2,4,5.8,5,5.0,4,4.2,4,6.3,4,5.5,5,6.0,4,6.1,3,6.5,3,8.2,3,4.3,5,3.8,4,4.8,5,6.7,4,6.8,4,5.7,3,3.8,3,4.0,2,3.4,4,6.0,2,5.2,3,6.0,2,2.7,2.0,8.0,3,8.4,1,6.7,3,6.2,3,8.4,3,10.0,1,8.8,1,9.4,2,8.0,3,10.5,2,11.1,2
2016-03-24 00:00:00,6.0,6,4.8,4,5.1,5,4.6,4,3.6,5,5.9,4,5.0,5,5.3,4,5.4,4,5.8,4,7.5,4,3.7,5,3.4,4,4.1,5,6.2,4,6.0,4,5.0,3,3.2,3,3.3,2,2.9,5,5.4,3,4.6,3,5.3,2,2.0,2.0,7.4,3,7.5,1,5.9,3,5.7,3,7.8,3,9.2,1,8.0,1,8.7,2,7.4,3,10.1,2,10.3,2
2016-03-24 01:00:00,5.8,6,4.4,4,4.6,6,4.3,5,3.1,5,5.6,5,4.6,5,4.6,5,4.7,4,5.1,4,6.7,4,3.2,6,2.9,4,3.4,6,5.7,5,5.4,5,4.3,4,2.6,4,2.7,2,2.4,5,4.8,3,4.0,4,4.7,2,1.4,3.0,6.8,4,6.6,1,5.2,4,5.3,4,7.3,4,8.5,2,7.3,1,8.1,2,7.0,3,9.8,2,9.4,3
2016-03-24 02:00:00,5.5,5,4.1,5,4.1,6,4.0,5,2.6,6,5.4,6,4.3,5,4.1,5,4.1,5,4.4,5,6.0,5,2.7,6,2.5,5,2.9,6,5.3,6,4.8,5,3.7,5,2.1,5,2.3,3,1.9,5,4.3,4,3.4,4,4.2,3,0.9,3.0,6.3,4,5.7,1,4.6,4,4.9,4,6.8,4,7.9,2,6.6,1,7.7,2,6.7,4,9.5,3,8.6,3
2016-03-24 03:00:00,6.6,5,4.6,6,4.7,4,3.5,6,2.5,2,5.0,4,4.9,4,4.2,4,3.5,4,3.9,4,5.7,4,2.0,1,1.5,2,2.6,3,5.7,3,5.1,4,3.9,2,2.5,2,2.7,1,2.3,4,4.9,3,3.0,4,4.0,2,2.0,2.0,7.8,4,7.3,1,5.5,1,6.0,3,7.9,2,8.9,1,8.6,1,8.4,1,6.5,1,9.8,1,10.6,1
2016-03-24 04:00:00,6.3,6,4.3,6,4.3,5,3.4,6,2.0,2,5.1,4,4.9,4,3.7,4,3.1,5,3.3,4,5.2,4,1.6,2,1.3,3,2.5,3,5.3,3,4.6,5,3.2,3,1.9,2,2.1,2,1.8,4,4.3,3,2.3,4,3.5,2,1.4,2.0,7.5,3,6.7,1,5.2,1,5.5,3,7.4,2,8.2,1,8.0,1,7.9,1,6.1,1,9.3,1,10.2,1
2016-03-24 05:00:00,6.1,6,4.1,6,4.1,5,3.5,5,1.6,3,5.2,4,5.1,4,3.3,4,2.9,5,3.0,4,4.8,4,1.4,2,1.3,4,2.6,3,5.0,4,4.2,5,2.8,3,1.5,1,1.6,3,1.4,4,3.7,3,1.8,4,3.2,3,1.1,2.0,7.4,3,6.4,1,5.2,1,5.1,4,7.1,3,7.6,1,7.6,1,7.5,1,6.1,1,9.0,1,10.0,1
2016-03-24 06:00:00,6.0,6,4.2,6,4.1,6,3.9,5,1.9,4,5.6,5,5.4,4,3.4,5,3.1,5,3.2,5,4.7,5,1.8,2,1.7,5,3.0,3,5.1,4,4.2,5,2.9,4,1.8,2,1.8,3,1.6,4,3.7,4,2.0,4,3.4,3,1.5,2.0,7.6,3,6.7,1,5.7,1,5.3,4,7.1,4,7.8,1,7.9,1,7.7,1,6.6,1,9.3,1,10.2,2
2016-03-24 07:00:00,6.3,6,4.8,6,4.7,6,4.8,6,2.9,4,6.2,5,6.0,4,4.2,5,3.8,5,3.9,5,5.1,5,2.9,3,2.7,5,3.8,3,5.6,5,4.7,5,3.8,4,3.1,2,2.9,3,2.5,4,4.4,4,3.2,4,4.1,3,2.9,2.0,8.3,4,7.8,1,6.9,1,6.4,4,7.7,4,9.0,1,9.1,1,8.6,1,8.0,1,10.5,1,10.9,2
2016-03-24 08:00:00,6.8,6,5.8,6,5.6,6,6.0,6,4.5,5,7.1,6,6.8,5,5.5,6,4.9,5,5.1,5,5.8,5,4.5,4,4.0,5,4.9,2,6.5,5,5.7,4,5.3,5,4.9,3,4.5,3,4.0,3,5.6,5,5.1,4,5.3,2,4.9,2.0,9.3,5,9.5,1,8.6,1,8.0,5,8.8,4,10.8,1,11.0,1,10.0,1,10.1,1,12.1,1,11.9,2
2016-03-24 09:00:00,7.3,6,6.9,6,6.8,6,7.3,6,6.2,5,8.0,6,7.7,5,7.1,6,6.1,6,6.4,5,6.8,6,6.2,4,5.5,4,6.2,2,7.7,5,7.0,4,6.8,5,6.9,4,6.4,3,5.6,2,7.1,5,7.1,4,6.7,2,7.2,2.0,10.5,5,11.2,1,10.5,1,9.6,5,10.0,5,12.8,1,12.9,1,11.6,1,12.4,1,13.6,1,13.1,2
2016-03-24 10:00:00,7.8,6,7.9,6,8.0,6,8.4,6,7.7,5,8.9,6,8.5,5,8.7,6,7.2,6,7.7,6,8.0,6,7.8,5,6.9,4,7.5,2,9.1,4,8.4,5,8.1,5,8.5,4,8.1,3,7.1,2,8.5,4,8.7,4,8.2,2,9.3,2.0,11.6,4,12.7,1,12.3,1,10.7,5,11.2,5,14.5,1,14.5,1,13.0,1,14.7,1,14.6,1,14.2,2
2016-03-24 11:00:00,8.1,6,8.8,6,9.0,7,9.3,6,9.0,5,9.6,6,9.2,6,10.0,6,8.2,6,8.9,6,9.1,6,9.2,5,8.2,5,8.7,2,10.4,4,9.7,6,9.2,5,9.8,4,9.5,4,8.3,2,9.6,4,9.9,5,9.7,2,11.1,2.0,12.5,3,13.9,2,13.9,1,11.4,6,12.2,5,15.8,1,15.7,1,14.2,1,16.6,1,15.2,1,15.1,2
2016-03-24 12:00:00,8.4,6,9.5,7,9.8,7,9.9,6,9.9,5,10.2,6,9.7,7,11.1,6,9.0,7,9.8,7,10.1,7,10.2,5,9.2,5,9.7,3,11.5,4,10.8,6,10.1,6,10.9,5,10.6,4,9.3,3,10.4,4,10.8,5,11.0,2,12.4,2.0,13.3,3,14.8,2,15.1,1,11.8,6,13.0,6,16.6,1,16.6,1,15.2,1,18.1,1,15.5,1,15.8,2
2016-03-24 13:00:00,8.6,6,9.9,7,10.3,7,10.2,6,10.5,6,10.5,6,9.9,7,11.7,6,9.7,7,10.5,7,10.8,7,10.9,5,9.9,5,10.5,4,12.1,5,11.5,6,10.9,6,11.7,5,11.3,4,10.1,3,10.7,4,11.4,5,11.9,2,13.2,2.0,13.9,4,15.4,2,15.7,1,12.1,7,13.6,6,17.0,1,17.2,1,15.9,1,18.9,1,15.7,1,16.3,2
2016-03-24 14:00:00,8.7,6,10.0,7,10.4,7,10.3,6,10.6,6,10.5,7,9.9,7,11.8,6,10.2,7,10.8,7,11.2,7,11.1,6,10.3,6,10.9,5,12.1,5,11.7,6,11.4,6,12.2,5,11.6,4,10.5,3,10.7,5,11.8,6,12.3,2,13.4,2.0,14.1,5,15.7,1,15.8,1,12.2,7,13.9,5,17.0,1,17.4,1,16.3,1,19.0,1,15.7,1,16.4,2
2016-03-24 15:00:00,8.6,7,9.7,7,10.2,7,9.7,6,10.0,6,10.5,7,9.5,7,10.8,7,9.6,7,10.4,7,10.7,7,9.9,7,9.1,5,10.0,4,11.0,6,10.7,6,10.7,5,11.3,5,10.3,5,8.9,4,9.6,6,11.3,7,11.1,3,11.8,2.0,12.7,6,15.0,2,15.0,1,10.6,6,13.0,6,16.6,3,16.8,3,15.5,2,17.7,2,15.4,2,15.7,3
2016-03-24 16:00:00,8.4,7,9.2,7,9.7,7,9.2,6,9.5,6,9.9,7,9.0,7,10.2,7,9.4,7,10.0,7,10.5,7,9.4,7,8.6,5,9.7,5,10.6,6,10.3,6,10.3,4,10.6,5,10.0,5,8.3,4,9.2,6,10.8,6,10.7,2,10.3,2.0,12.2,6,14.2,2,13.8,1,10.1,5,12.6,5,15.8,4,15.7,3,14.8,2,16.5,2,15.0,2,15.1,3
2016-03-24 17:00:00,8.1,7,8.6,7,9.0,7,8.6,6,8.9,6,9.3,7,8.5,7,9.4,6,8.9,6,9.4,6,10.1,6,8.7,7,7.9,5,9.0,5,10.0,6,9.8,6,9.7,4,9.6,4,9.4,4,7.4,4,8.7,6,9.9,5,10.0,2,8.4,2.0,11.5,6,13.1,2,12.3,1,9.5,4,12.1,4,14.8,3,14.1,3,13.8,2,15.0,3,14.3,2,14.3,3
2016-03-24 18:00:00,7.9,6,8.1,7,8.3,7,8.1,6,8.3,5,8.8,7,8.1,6,8.7,6,8.4,6,8.8,6,9.7,6,7.9,6,7.1,5,8.2,5,9.3,5,9.2,6,9.0,4,8.5,4,8.5,4,6.4,3,8.1,5,9.0,4,9.2,2,6.6,1.0,10.8,6,12.0,2,10.8,1,8.9,4,11.5,4,13.8,3,12.6,3,12.8,2,13.4,4,13.6,2,13.5,4
2016-03-24 19:00:00,7.8,6,7.7,6,7.8,6,7.8,6,7.7,6,8.7,7,7.9,7,8.3,6,7.8,5,8.4,5,9.3,6,7.2,6,6.4,5,7.4,5,8.6,5,8.7,6,8.3,4,7.6,4,7.4,4,5.4,3,7.6,5,8.3,3,8.3,3,5.5,2.0,10.2,5,11.0,3,9.6,2,8.4,4,10.9,4,12.8,3,11.4,3,12.0,2,11.9,4,12.8,3,12.9,4
2016-03-24 20:00:00,7.7,7,7.5,6,7.6,6,7.7,6,7.1,6,8.8,7,8.0,7,8.1,6,7.3,5,8.2,5,9.0,5,6.7,6,5.9,5,6.6,5,8.1,5,8.2,6,7.7,4,7.0,5,6.2,4,4.4,2,7.1,5,7.8,4,7.5,3,4.8,2.0,9.7,5,10.3,3,8.7,3,7.9,4,10.4,4,12.0,3,10.5,3,11.4,2,10.6,4,12.0,3,12.4,4
2016-03-24 21:00:00,7.7,7,7.2,6,7.3,6,7.6,6,6.7,6,8.7,7,8.1,7,8.0,6,7.1,5,7.9,5,8.8,5,6.2,6,5.4,5,5.9,4,7.8,5,7.8,6,7.3,5,6.4,6,5.4,4,3.6,2,6.7,5,7.3,5,6.8,4,3.9,2.0,9.3,5,9.4,3,7.6,3,7.4,4,9.9,4,11.1,3,9.6,3,10.6,2,9.5,4,11.4,3,11.9,4
2016-03-24 22:00:00,7.6,6,7.0,6,7.2,6,7.4,6,6.3,6,8.5,7,8.2,7,7.9,6,6.9,5,7.7,5,8.6,5,5.8,6,4.9,5,5.2,4,7.8,6,7.6,6,7.0,5,5.8,6,4.7,4,3.0,3,6.4,5,6.7,5,6.2,4,3.1,3.0,8.9,5,8.6,3,6.7,3,7.0,4,9.5,4,10.3,3,8.8,3,9.9,3,8.5,4,10.8,3,11.3,5
2016-03-24 23:00:00,7.5,6,6.9,6,7.2,6,7.4,6,6.0,6,8.3,7,8.2,6,7.9,6,6.8,5,7.5,5,8.5,5,5.5,6,4.5,5,4.6,3,7.8,6,7.4,6,6.7,5,5.4,6,4.2,4,2.5,3,6.2,5,6.2,5,5.6,4,2.3,3.0,8.5,5,7.8,3,5.9,3,6.7,5,9.1,4,9.4,4,8.1,4,9.2,3,7.7,4,10.4,3,10.8,5
2016-03-25 00:00:00,7.5,6,6.8,6,7.1,6,7.3,6,5.8,6,8.1,6,8.2,6,7.9,5,6.7,5,7.3,5,8.3,5,5.3,6,4.2,5,4.1,4,8.0,6,7.3,6,6.5,5,5.1,6,3.8,5,2.3,3,6.0,6,5.8,6,5.2,4,1.7,3.0,8.3,5,7.0,4,5.1,4,6.4,5,8.7,4,8.7,4,7.4,4,8.5,3,7.0,4,9.9,3,10.2,5
2016-03-25 01:00:00,7.5,6,6.8,6,7.1,6,7.2,6,5.6,6,7.8,6,8.1,6,7.9,5,6.7,5,7.2,5,8.3,5,5.1,6,3.9,5,3.7,4,8.3,6,7.3,6,6.3,5,4.9,6,3.6,5,2.1,4,5.8,6,5.4,6,4.8,4,1.1,4.0,8.1,5,6.2,4,4.4,4,6.2,5,8.5,4,8.0,4,6.8,4,7.9,4,6.5,4,9.5,4,9.6,5
2016-03-25 02:00:00,7.4,6,6.9,6,7.1,6,7.2,6,5.5,6,7.5,6,7.9,6,7.9,5,6.8,5,7.2,5,8.2,5,5.1,6,3.8,5,3.4,5,8.5,6,7.3,6,6.1,6,4.8,5,3.4,5,2.1,5,5.5,6,5.1,5,4.6,5,0.6,4.0,8.0,5,5.4,4,3.9,5,6.0,5,8.3,4,7.5,4,6.2,4,7.4,4,6.0,4,9.1,4,9.1,5
2016-03-25 03:00:00,7.9,7,7.1,7,7.3,7,7.3,7,5.8,7,8.8,6,8.3,5,8.1,6,6.7,7,6.8,6,8.0,7,4.7,7,4.0,6,4.0,6,8.3,6,6.8,6,5.4,6,4.4,6,3.7,4,2.4,6,5.1,6,4.7,6,4.3,5,2.5,4.0,7.7,6,7.7,4,5.5,4,5.9,3,8.2,5,9.1,3,8.8,2,8.5,4,7.0,4,10.1,4,10.5,4
2016-03-25 04:00:00,7.8,7,7.2,7,7.4,7,7.4,7,5.8,7,8.6,5,8.4,5,8.1,6,6.6,7,6.9,6,8.0,7,4.8,7,4.1,6,4.1,6,8.4,6,6.9,6,5.3,6,4.2,6,3.6,5,2.5,6,4.8,6,4.2,7,4.1,5,1.9,4.0,7.9,6,7.0,4,5.1,4,5.6,3,7.8,5,8.6,3,8.3,3,8.0,4,6.7,5,9.7,5,10.0,4
2016-03-25 05:00:00,7.8,7,7.3,7,7.5,7,7.6,7,5.9,7,8.4,4,8.5,5,8.2,6,6.6,7,6.9,6,8.1,6,5.0,7,4.3,7,4.3,6,8.4,6,6.9,6,5.3,6,4.0,6,3.7,6,2.8,6,4.6,7,3.8,7,4.1,6,1.5,4.0,8.2,5,6.6,5,4.9,4,5.5,4,7.5,4,8.2,4,8.1,4,7.8,5,6.6,5,9.6,5,9.8,4
2016-03-25 06:00:00,7.7,7,7.5,7,7.6,7,7.8,7,6.1,7,8.5,4,8.7,5,8.3,6,6.5,7,7.0,6,8.1,6,5.2,7,4.7,7,4.7,7,8.5,6,7.0,7,5.4,6,4.1,6,4.0,6,3.3,6,4.5,7,3.9,7,4.2,6,1.9,4.0,8.4,5,6.8,5,5.3,4,5.8,5,7.5,5,8.4,4,8.4,5,8.2,5,7.1,5,9.9,5,9.9,3
2016-03-25 07:00:00,7.7,7,7.7,7,7.6,7,8.1,7,6.4,7,8.9,5,8.9,5,8.5,6,6.4,7,7.0,7,7.9,6,5.5,7,5.2,7,5.3,7,8.7,6,7.1,7,5.6,6,4.5,6,4.6,7,4.1,6,4.8,7,4.6,7,4.5,6,3.3,5.0,8.6,5,7.9,6,6.5,5,6.7,5,7.8,5,9.3,4,9.5,5,9.2,5,8.4,5,10.9,5,10.5,4
2016-03-25 08:00:00,7.8,7,7.8,7,7.6,7,8.4,7,6.7,7,9.5,6,9.2,5,8.9,7,6.5,7,7.1,7,7.8,7,5.8,7,5.7,7,6.1,7,9.0,7,7.3,7,5.9,7,5.3,7,5.3,7,5.1,7,5.3,7,5.8,6,5.0,6,5.3,5.0,8.9,6,9.6,6,8.2,5,7.9,5,8.5,6,10.8,3,11.0,5,10.6,6,10.4,6,12.3,5,11.5,5
2016-03-25 09:00:00,8.0,7,8.1,7,7.8,7,8.8,7,7.0,7,10.1,6,9.6,5,9.4,7,6.6,7,7.2,7,7.7,7,6.3,7,6.3,7,7.0,7,9.4,7,7.6,7,6.3,7,6.1,7,6.2,7,6.2,7,6.0,7,7.0,6,5.9,6,7.3,6.0,9.3,6,11.3,6,10.1,5,9.1,5,9.3,7,12.4,3,12.7,4,12.1,6,12.5,6,13.5,5,12.5,5
2016-03-25 10:00:00,8.2,6,8.5,7,8.2,7,9.3,7,7.3,7,10.6,6,10.0,6,10.1,7,6.9,7,7.5,7,7.9,7,6.9,7,6.9,7,8.0,7,9.9,7,8.1,7,6.9,7,6.9,7,7.1,7,7.2,7,6.8,7,7.9,6,7.1,6,8.9,6.0,10.0,6,12.7,5,11.9,6,10.1,4,10.3,6,13.8,3,14.1,4,13.4,6,14.5,6,14.3,5,13.4,6
2016-03-25 11:00:00,8.5,5,9.0,7,8.7,7,9.8,7,7.7,7,10.9,5,10.4,7,10.9,7,7.3,7,8.0,7,8.3,7,7.6,7,7.4,7,8.9,7,10.5,7,8.7,7,7.6,7,7.6,7,7.9,7,8.1,7,7.6,7,8.6,7,8.5,6,10.1,6.0,10.8,6,13.8,5,13.5,6,10.9,3,11.2,5,14.9,4,15.2,4,14.4,7,16.1,6,14.7,5,14.2,6
2016-03-25 12:00:00,8.8,5,9.5,7,9.2,7,10.2,7,8.1,7,11.2,5,10.8,7,11.6,6,7.9,7,8.5,7,8.8,7,8.2,7,8.0,7,9.7,7,11.2,7,9.4,7,8.3,7,8.4,7,8.6,7,8.8,7,8.2,7,9.1,7,9.6,7,11.0,6.0,11.6,6,14.5,4,14.7,6,11.5,2,12.0,4,15.6,5,16.0,4,15.2,6,17.2,6,14.9,5,14.9,6
2016-03-25 13:00:00,9.1,4,10.0,7,9.6,7,10.5,7,8.6,7,11.4,5,11.0,6,12.2,6,8.5,7,9.0,7,9.4,7,8.8,7,8.5,7,10.2,7,11.8,7,10.0,7,8.9,7,9.2,7,9.1,7,9.2,7,8.5,7,9.6,7,10.3,7,11.6,6.0,12.3,7,14.9,4,15.4,7,12.1,4,12.6,4,15.9,5,16.5,4,15.8,6,17.7,6,15.0,5,15.5,5
2016-03-25 14:00:00,9.3,3,10.4,6,9.9,7,10.6,7,9.0,7,11.4,6,11.1,5,12.6,6,9.0,7,9.4,7,9.9,7,9.1,7,8.8,7,10.4,7,12.3,7,10.4,7,9.3,7,9.7,7,9.3,7,9.3,7,8.6,7,9.9,7,10.5,7,11.7,6.0,12.7,7,15.0,5,15.5,7,12.4,5,12.8,5,15.9,5,16.7,5,16.2,5,17.7,6,15.0,6,15.8,5
2016-03-25 15:00:00,9.4,2,10.8,3,10.7,4,10.9,2,10.3,6,12.6,2,11.3,2,12.7,4,9.7,4,10.1,4,10.8,4,9.7,6,9.4,7,10.5,7,12.5,6,11.1,7,9.7,7,9.9,7,9.6,7,9.2,7,8.6,7,9.9,7,10.3,7,11.8,7.0,12.8,7,15.1,6,15.1,6,11.8,7,12.7,7,16.1,5,16.6,6,16.6,6,17.5,6,14.9,5,15.5,6
2016-03-25 16:00:00,9.1,2,10.3,3,10.5,3,10.6,2,10.1,5,12.4,3,11.1,2,12.5,4,9.8,3,10.1,3,11.0,3,9.4,5,8.8,6,10.0,6,12.4,6,10.9,6,9.6,6,9.4,7,9.1,6,8.5,7,8.3,6,9.4,6,9.8,6,10.3,6.0,12.4,7,14.3,5,14.4,5,11.2,7,12.4,6,15.4,5,15.5,6,16.1,6,16.6,6,14.7,5,15.0,6
2016-03-25 17:00:00,8.7,2,9.5,2,10.1,3,10.2,2,9.6,3,12.0,3,10.8,2,12.1,4,9.7,2,10.0,2,11.0,2,9.0,4,8.0,6,9.1,6,12.0,5,10.5,5,9.2,5,8.5,6,8.5,5,7.7,7,7.8,5,8.6,5,9.1,6,8.4,5.0,11.8,6,13.3,4,13.5,5,10.4,6,11.9,5,14.6,4,14.1,5,15.2,5,15.5,5,14.3,5,14.2,6
2016-03-25 18:00:00,8.4,2,8.7,2,9.6,2,9.9,2,9.0,2,11.5,4,10.4,3,11.6,5,9.5,2,9.9,2,10.8,2,8.5,4,7.2,5,8.2,6,11.4,5,10.0,5,8.7,5,7.9,6,7.8,4,7.0,6,7.3,5,8.1,4,8.4,5,6.7,4.0,11.3,6,12.3,4,12.5,4,9.6,6,11.4,5,13.7,4,12.8,5,14.3,5,14.2,5,13.9,5,13.5,5
2016-03-25 19:00:00,8.2,2,8.2,2,9.1,2,9.6,2,8.4,2,11.0,4,10.1,3,11.2,5,9.2,2,9.7,2,10.5,2,8.2,4,6.7,5,7.5,5,10.8,5,9.7,5,8.3,5,7.8,5,7.2,4,6.7,6,7.0,5,8.1,4,7.9,5,5.7,4.0,11.0,6,11.5,3,11.4,3,9.0,6,10.9,5,13.0,4,11.8,4,13.5,4,13.0,5,13.4,5,13.0,5
2016-03-25 20:00:00,7.9,3,8.0,2,8.6,2,9.3,3,7.8,3,10.5,5,10.0,3,10.8,5,9.0,2,9.5,2,10.2,3,8.0,4,6.4,5,6.9,5,10.2,5,9.5,5,8.1,6,7.9,5,6.8,5,6.5,6,7.0,5,8.3,5,7.5,5,5.2,3.0,10.9,5,10.8,2,10.4,2,8.6,6,10.5,6,12.4,4,11.1,3,12.9,3,11.8,5,12.9,5,12.6,4
2016-03-25 21:00:00,7.8,4,7.7,3,8.3,2,9.0,4,7.5,3,10.2,5,9.7,4,10.6,5,8.7,3,9.2,3,9.9,3,7.7,5,6.1,5,6.6,5,9.8,5,9.5,5,8.0,5,7.9,5,6.5,5,6.2,6,7.0,4,8.4,5,7.2,5,4.9,3.0,10.8,5,10.1,2,9.3,2,8.4,6,10.1,6,11.7,4,10.4,3,12.1,3,10.7,5,12.4,5,12.3,4
2016-03-25 22:00:00,7.7,4,7.6,3,8.1,2,8.6,4,7.2,3,9.9,6,9.5,4,10.3,5,8.5,4,8.9,3,9.6,4,7.3,5,5.9,5,6.4,6,9.7,5,9.5,5,8.1,5,7.5,5,6.3,5,5.9,6,7.1,4,8.1,5,7.0,4,4.6,3.0,10.5,5,9.4,2,8.3,2,8.3,6,9.8,5,11.0,4,9.7,3,11.3,3,9.8,4,12.0,5,12.0,4
2016-03-25 23:00:00,7.7,4,7.5,4,8.0,3,8.3,5,7.0,4,9.6,6,9.3,5,10.1,6,8.4,5,8.7,3,9.5,5,7.0,5,5.8,5,6.3,6,9.9,5,9.5,5,8.2,5,6.8,5,6.2,5,5.6,5,7.1,4,7.6,5,6.8,4,4.4,3.0,10.2,5,8.7,2,7.4,2,8.2,6,9.5,5,10.4,4,9.2,3,10.6,3,9.0,4,11.7,5,11.7,4
2016-03-26 00:00:00,7.6,5,7.4,5,7.9,4,8.1,5,6.9,4,9.4,6,9.1,5,9.9,6,8.3,5,8.6,4,9.4,5,6.7,5,5.7,5,6.3,6,10.1,6,9.5,6,8.3,5,6.3,5,6.1,5,5.5,5,7.2,4,7.2,5,6.7,4,4.1,4.0,9.8,5,8.0,2,6.5,2,8.1,6,9.3,5,9.7,4,8.6,4,9.9,4,8.5,4,11.3,5,11.3,4
2016-03-26 01:00:00,7.7,5,7.4,5,7.8,4,8.2,6,6.8,4,9.1,6,8.9,5,9.7,6,8.3,5,8.6,4,9.5,5,6.7,6,5.8,5,6.4,6,10.2,6,9.4,6,8.2,5,6.2,5,6.1,5,5.4,5,7.3,5,7.1,5,6.7,4,3.9,4.0,9.5,5,7.3,3,5.8,2,7.9,6,9.1,4,9.2,4,8.1,4,9.3,4,8.0,4,10.9,5,10.8,4
2016-03-26 02:00:00,7.7,5,7.5,5,7.9,5,8.4,6,6.8,5,8.9,6,8.8,6,9.5,6,8.4,5,8.7,4,9.7,5,6.8,6,5.9,5,6.4,6,10.3,6,9.3,6,8.0,5,6.2,5,6.0,5,5.4,5,7.3,5,7.1,5,6.7,5,3.7,4.0,9.3,5,6.7,4,5.2,3,7.6,5,8.9,4,8.7,4,7.6,4,8.7,4,7.6,3,10.4,5,10.4,4
2016-03-26 03:00:00,7.0,4,5.8,5,5.7,5,6.9,6,4.2,5,8.8,6,8.4,6,8.1,6,7.0,6,7.4,6,8.4,6,5.1,4,4.6,4,5.4,3,9.2,6,8.6,6,7.2,4,5.0,5,5.3,4,4.7,4,7.0,5,5.8,4,5.7,4,3.1,2.0,9.3,4,7.8,1,5.9,1,6.9,2,8.7,2,9.2,1,8.9,1,8.9,1,7.8,2,10.6,2,9.9,2
2016-03-26 04:00:00,6.9,5,6.1,6,5.8,6,7.2,7,4.5,5,8.8,6,8.7,6,8.0,6,7.1,6,7.6,6,8.4,6,5.2,4,4.2,4,4.9,3,9.1,6,8.5,6,6.9,4,5.1,4,5.0,4,4.3,4,6.8,5,5.3,4,5.4,4,2.1,2.0,9.1,4,7.3,1,5.5,1,6.2,3,8.4,1,8.7,1,8.5,1,8.4,1,7.0,2,10.0,2,9.6,2
2016-03-26 05:00:00,6.9,6,6.5,7,6.0,6,7.6,6,5.0,5,8.8,6,8.9,5,8.1,6,7.2,6,7.7,6,8.5,6,5.6,4,4.0,4,4.5,3,9.1,6,8.4,5,6.8,4,5.4,4,5.0,4,4.1,4,6.7,5,5.1,3,5.3,4,1.5,2.0,9.1,4,7.1,1,5.3,1,6.0,3,8.2,2,8.4,1,8.4,1,8.1,1,6.5,2,9.7,2,9.5,2
2016-03-26 06:00:00,7.1,6,7.0,7,6.4,6,8.2,6,5.8,6,8.9,6,9.2,5,8.4,5,7.5,6,8.1,6,8.8,6,6.1,4,4.1,5,4.7,3,9.3,6,8.6,5,7.1,4,6.2,3,5.3,4,4.4,4,6.9,5,5.5,3,5.5,3,1.9,2.0,9.4,4,7.5,1,5.7,1,6.5,4,8.5,2,8.7,1,8.8,1,8.4,1,6.7,1,10.0,2,10.1,2
2016-03-26 07:00:00,7.8,6,7.7,7,7.2,7,9.1,6,6.8,6,9.2,6,9.4,5,9.0,5,8.2,6,8.8,6,9.4,6,6.9,4,4.8,5,5.6,3,9.7,7,9.0,6,7.9,5,7.4,3,6.2,5,5.5,4,7.6,5,6.7,3,6.1,3,3.7,2.0,10.1,4,8.8,1,7.0,1,8.2,3,9.4,2,10.0,1,10.2,1,9.6,1,8.1,1,11.2,2,11.4,2
2016-03-26 08:00:00,8.7,6,8.5,6,8.3,7,10.1,6,8.0,6,9.7,6,9.5,6,9.9,5,9.1,6,9.6,6,10.1,6,7.9,5,6.0,5,7.1,2,10.4,7,9.7,6,8.9,5,8.8,4,7.5,5,7.0,4,8.5,5,8.5,3,7.0,3,6.4,2.0,11.0,3,10.8,1,9.0,2,10.5,2,10.8,2,11.9,1,12.1,1,11.3,1,10.3,2,12.9,1,13.1,2
2016-03-26 09:00:00,9.6,5,9.6,5,9.5,7,11.1,6,9.3,6,10.3,7,9.9,6,10.9,5,10.0,6,10.5,6,10.9,6,9.0,5,7.4,4,8.6,2,11.1,7,10.6,6,10.0,5,10.1,4,8.8,5,8.6,3,9.6,6,10.3,2,8.1,2,9.2,1.0,12.1,3,12.8,1,11.2,2,12.9,2,12.3,2,13.8,1,14.2,1,13.1,1,12.8,2,14.3,1,14.7,2
2016-03-26 10:00:00,10.3,5,10.8,5,10.7,6,11.8,6,10.5,6,10.8,7,10.5,6,11.9,5,10.7,6,11.3,7,11.6,7,10.2,6,8.7,3,9.9,2,11.9,7,11.6,6,11.0,4,11.2,4,9.9,4,9.8,3,10.6,6,11.9,2,9.4,2,11.5,1.0,13.3,4,14.6,1,13.4,2,14.8,2,13.8,2,15.3,1,15.9,1,14.6,2,15.3,2,15.1,1,15.9,2
2016-03-26 11:00:00,10.8,5,12.0,5,11.8,6,12.3,6,11.6,6,11.3,7,11.1,7,12.8,6,11.3,6,12.0,7,12.2,7,11.3,6,9.9,3,11.1,2,12.7,7,12.6,6,11.8,4,12.1,3,10.9,3,10.8,3,11.6,6,13.2,2,10.8,2,13.3,1.0,14.6,5,16.0,2,15.3,2,16.2,2,15.2,2,16.3,1,17.3,1,15.8,2,17.3,2,15.3,1,16.8,2
2016-03-26 12:00:00,11.2,5,13.0,5,12.7,5,12.6,6,12.5,6,11.6,7,11.6,6,13.5,6,11.9,6,12.6,6,12.8,6,12.3,5,11.0,2,12.0,2,13.5,7,13.5,6,12.6,4,13.0,3,11.8,2,11.6,3,12.5,6,14.3,2,12.2,2,14.7,1.0,15.8,5,17.3,2,16.7,2,17.2,2,16.4,2,16.8,1,18.3,1,16.7,3,18.8,2,15.4,1,17.3,2
2016-03-26 13:00:00,11.6,6,13.6,5,13.2,5,12.7,6,13.1,6,11.7,7,11.7,6,13.9,7,12.5,5,13.1,6,13.4,6,13.1,5,11.9,2,12.8,2,14.2,7,14.3,6,13.4,4,13.9,3,12.6,2,12.4,3,13.4,6,15.3,2,13.4,2,15.7,1.0,16.9,4,18.4,2,17.4,2,17.8,2,17.4,2,17.0,1,19.0,1,17.3,3,19.5,2,15.5,2,17.6,2
2016-03-26 14:00:00,11.9,6,13.9,5,13.5,5,12.7,7,13.4,6,11.5,7,11.4,6,14.0,7,13.1,5,13.5,5,13.9,5,13.6,4,12.4,1,13.2,2,14.7,7,14.8,6,14.1,5,14.7,4,13.2,2,12.9,3,14.1,6,16.0,2,14.4,2,16.1,1.0,17.8,3,19.0,1,17.5,2,18.0,2,18.1,2,16.7,2,19.2,1,17.4,2,19.4,3,15.7,3,17.6,2
2016-03-26 15:00:00,12.2,5,14.1,6,14.2,6,13.0,7,13.5,5,11.9,6,12.0,6,13.6,7,13.8,6,14.5,5,15.2,5,14.2,5,13.2,3,13.4,1,14.3,7,14.7,7,15.1,5,15.6,4,14.2,2,13.4,1,14.7,4,16.3,3,15.6,1,17.2,1.0,19.9,4,19.3,1,18.7,1,19.1,2,19.6,2,16.9,2,19.1,1,17.7,1,19.6,1,16.1,1,17.5,2
2016-03-26 16:00:00,12.2,6,13.7,6,14.1,6,12.2,7,13.4,6,11.1,5,11.3,6,12.9,7,13.9,6,14.5,5,15.3,5,14.0,5,12.6,3,12.9,2,13.8,7,14.5,7,15.0,4,15.2,5,13.6,2,12.7,2,14.6,4,15.8,3,15.3,1,15.5,1.0,19.8,5,18.3,1,17.5,1,18.7,2,19.1,2,15.9,1,17.7,1,16.7,1,18.4,1,15.8,1,16.8,1
2016-03-26 17:00:00,12.1,6,12.9,7,13.8,6,11.3,7,13.2,6,10.3,4,10.5,6,11.9,7,13.8,6,14.3,6,15.1,6,13.3,5,11.4,3,12.1,2,12.9,7,14.1,6,14.5,4,14.2,6,12.5,3,11.5,2,14.2,3,14.8,3,14.7,2,13.1,1.0,19.2,5,16.7,1,15.8,1,17.9,2,18.2,2,14.6,1,15.8,1,15.4,1,16.8,1,15.3,1,15.9,1
2016-03-26 18:00:00,11.9,7,12.1,7,13.4,6,10.3,7,12.6,6,9.5,4,9.8,5,11.0,7,13.4,6,13.8,6,14.7,6,12.5,5,10.3,3,11.1,2,11.9,7,13.4,6,13.7,4,13.1,6,11.4,3,10.0,2,13.5,3,13.8,3,13.8,2,10.9,1.0,18.2,6,14.9,1,14.0,1,16.5,2,17.1,2,13.5,2,14.0,1,14.2,1,15.2,1,14.7,2,15.0,2
2016-03-26 19:00:00,11.6,7,11.3,7,12.8,6,9.5,6,11.7,6,9.0,3,9.1,4,10.2,6,12.7,6,13.1,6,14.1,6,11.6,5,9.5,4,10.1,3,11.0,7,12.5,6,12.7,4,12.2,6,10.4,3,8.5,2,12.6,3,13.1,3,13.0,3,9.5,1.0,16.9,6,13.2,1,12.3,1,14.7,3,16.0,2,12.9,2,12.6,2,13.3,2,13.7,1,13.9,2,14.1,2
2016-03-26 20:00:00,11.1,7,10.6,7,12.1,6,9.0,6,10.6,6,8.7,3,8.6,3,9.6,6,11.9,6,12.3,6,13.4,6,10.7,6,8.9,4,9.1,3,10.1,6,11.4,6,11.6,4,11.5,6,9.5,4,7.2,2,11.5,4,12.6,3,12.2,3,8.6,2.0,15.4,6,11.8,1,10.7,1,12.9,5,15.0,3,12.5,3,11.7,2,12.8,2,12.3,1,13.1,2,13.2,3
2016-03-26 21:00:00,10.6,7,9.9,6,11.5,6,8.4,5,9.9,6,8.5,3,8.1,3,9.1,6,11.2,6,11.8,6,12.8,6,10.0,6,8.4,4,8.2,4,9.6,6,10.8,6,11.0,5,10.9,6,8.9,4,6.3,3,10.6,5,12.2,3,11.6,3,7.7,2.0,13.8,6,10.7,2,9.3,2,11.4,5,14.1,4,12.0,4,10.9,3,12.2,3,11.1,2,12.5,2,12.6,4
2016-03-26 22:00:00,10.1,7,9.4,6,10.9,6,7.9,5,9.4,6,8.2,3,7.7,2,8.6,6,10.5,6,11.3,6,12.3,6,9.4,6,8.0,4,7.5,4,9.1,5,10.2,6,10.5,5,10.4,6,8.4,4,5.5,3,9.9,5,11.8,4,11.0,4,6.8,3.0,12.2,6,9.8,2,8.1,2,10.6,5,13.3,4,11.5,4,10.4,3,11.7,3,10.1,2,11.9,3,12.1,4
2016-03-26 23:00:00,9.6,7,9.0,6,10.5,6,7.5,5,8.9,6,7.9,3,7.4,3,8.3,6,9.9,6,10.8,6,11.8,6,8.9,6,7.6,5,7.0,4,8.8,5,9.7,6,10.1,5,10.0,6,8.1,4,5.0,3,9.4,5,11.3,5,10.5,4,6.0,3.0,11.0,6,9.2,3,7.3,3,10.2,5,12.6,5,11.2,4,10.0,4,11.3,4,9.4,3,11.6,3,11.8,4
2016-03-27 00:00:00,9.4,6,8.7,6,10.2,6,7.2,5,8.5,6,7.5,4,7.1,3,8.0,6,9.5,6,10.4,6,11.5,6,8.4,6,7.4,5,6.8,5,8.6,5,9.4,6,9.7,6,9.4,6,7.8,5,4.7,4,9.2,6,10.7,5,10.1,4,5.3,4.0,10.2,6,8.8,3,6.8,3,9.9,5,12.0,5,10.9,4,9.9,4,11.1,4,9.1,3,11.3,3,11.7,5
2016-03-27 01:00:00,9.2,6,8.6,5,9.9,6,6.9,5,8.3,6,7.2,4,6.9,4,7.7,6,9.3,6,10.0,6,11.3,6,8.1,7,7.3,5,6.6,5,8.5,5,9.2,6,9.5,6,8.8,6,7.7,5,4.6,5,9.1,6,9.9,5,9.6,5,4.8,4.0,9.9,6,8.6,4,6.7,4,9.5,5,11.5,5,10.8,4,9.9,4,10.9,5,9.0,4,11.2,4,11.8,5
2016-03-27 02:00:00,9.1,6,8.5,5,9.8,6,6.8,5,8.1,6,6.9,5,6.7,4,7.4,6,9.1,6,9.7,5,11.1,6,7.9,7,7.2,5,6.6,6,8.5,6,9.0,6,9.2,6,8.1,5,7.5,5,4.7,5,9.0,6,9.1,5,9.1,5,4.6,4.0,10.0,6,8.5,4,6.8,5,8.9,5,11.0,5,10.7,5,9.9,5,10.7,5,9.0,4,11.0,4,11.9,5
2016-03-27 03:00:00,8.7,5,8.3,4,9.1,6,7.1,6,7.3,7,6.7,5,6.0,3,7.0,3,8.4,7,8.6,7,9.9,7,6.5,6,5.5,6,6.1,5,8.1,5,8.3,6,8.3,6,7.0,6,5.9,6,4.8,5,7.5,6,8.3,5,9.3,6,3.8,3.0,9.3,6,8.6,6,5.7,4,8.3,6,10.8,7,10.9,6,10.2,6,11.1,6,7.9,5,11.0,5,11.5,4
2016-03-27 04:00:00,8.2,5,7.8,4,8.4,6,6.7,6,7.1,7,6.3,5,5.9,3,6.6,4,7.7,7,8.0,7,9.2,7,6.3,6,6.1,6,6.2,6,7.8,5,7.8,5,7.4,5,6.2,5,6.2,6,5.1,6,6.5,6,7.4,5,9.0,6,3.7,4.0,9.1,6,8.6,7,5.9,5,7.6,7,10.2,7,10.9,6,10.3,6,11.3,6,7.8,6,10.7,6,11.5,5
2016-03-27 05:00:00,7.7,5,7.2,4,7.8,6,6.4,6,7.1,7,6.2,4,5.8,4,6.3,4,7.2,7,7.6,7,8.7,7,6.5,5,6.9,7,6.4,7,7.5,5,7.3,5,6.6,5,5.8,4,6.7,7,5.6,7,5.6,6,6.6,5,8.7,7,3.9,5.0,9.1,6,8.7,7,6.3,6,7.2,7,9.7,6,11.0,6,10.4,6,11.4,6,7.9,6,10.6,6,11.8,5
2016-03-27 06:00:00,7.5,5,7.0,4,7.5,6,6.4,6,7.4,7,6.4,4,6.0,4,6.3,5,6.9,7,7.5,7,8.4,7,7.0,5,7.7,7,6.7,7,7.4,5,7.1,5,6.4,5,5.9,3,7.4,7,6.3,7,5.3,5,6.5,5,8.5,7,4.4,6.0,9.2,6,9.1,7,7.0,6,7.3,7,9.6,6,11.3,6,10.7,7,11.7,6,8.4,6,11.0,6,12.2,5
2016-03-27 07:00:00,7.7,5,7.2,4,7.8,6,6.8,5,7.9,7,7.0,4,6.4,5,6.7,5,7.1,7,7.8,7,8.5,7,7.8,5,8.2,7,7.3,7,7.7,5,7.4,5,6.8,5,6.6,4,8.2,7,7.1,7,5.7,6,7.1,5,8.5,7,5.2,6.0,9.6,6,9.8,7,8.0,6,8.1,6,10.0,6,11.7,6,11.2,7,12.2,6,9.4,6,12.0,6,12.8,6
2016-03-27 08:00:00,8.2,5,7.9,5,8.6,6,7.6,5,8.6,7,7.8,5,7.0,5,7.5,5,7.6,7,8.4,6,9.0,6,8.7,5,8.5,7,8.0,7,8.4,5,8.0,5,7.6,5,7.7,6,8.9,7,8.0,6,6.5,6,8.2,6,8.8,7,6.2,7.0,10.1,6,10.7,7,9.1,6,9.2,6,10.7,6,12.3,6,12.0,7,12.8,6,10.9,6,13.2,6,13.4,6
2016-03-27 09:00:00,8.8,5,8.7,5,9.5,6,8.4,5,9.3,7,8.7,5,7.7,5,8.5,5,8.3,6,9.1,6,9.6,6,9.5,6,8.7,7,8.8,7,9.2,4,8.7,6,8.6,6,8.9,7,9.5,6,8.8,6,7.6,6,9.3,6,9.1,6,7.2,7.0,10.9,5,11.6,7,10.3,6,10.4,6,11.6,5,13.0,6,12.8,7,13.3,6,12.5,6,14.3,6,14.1,6
2016-03-27 10:00:00,9.3,4,9.6,4,10.3,5,9.1,6,10.0,7,9.4,6,8.5,5,9.6,5,9.0,6,9.8,6,10.2,6,10.1,6,9.0,7,9.5,7,10.1,4,9.4,6,9.5,6,9.9,7,9.9,6,9.3,5,8.6,6,10.1,6,9.5,6,8.1,7.0,11.8,6,12.3,7,11.4,6,11.3,6,12.4,5,13.7,6,13.6,7,13.7,6,14.2,6,14.9,6,14.7,6
2016-03-27 11:00:00,9.6,4,10.4,4,10.9,5,9.7,6,10.5,6,9.9,6,9.2,5,10.6,6,9.6,6,10.5,6,10.9,6,10.6,6,9.4,7,10.2,6,10.9,5,10.1,6,10.3,6,10.6,6,10.2,6,9.7,5,9.3,6,10.7,6,9.9,6,8.8,7.0,12.7,6,12.8,7,12.4,7,12.0,6,13.2,4,14.4,6,14.4,7,14.1,6,15.6,7,15.0,5,15.3,6
2016-03-27 12:00:00,9.9,4,11.0,4,11.3,5,10.1,6,11.0,6,10.2,6,9.8,5,11.4,7,10.2,6,11.0,6,11.4,6,11.1,6,9.9,7,10.8,6,11.6,5,10.8,7,10.9,6,11.3,5,10.6,6,10.1,6,9.9,6,11.2,6,10.4,6,9.5,7.0,13.5,6,13.4,7,13.1,7,12.6,6,13.9,4,14.9,6,15.1,7,14.5,6,16.6,6,15.1,5,15.7,7
2016-03-27 13:00:00,10.1,4,11.4,4,11.6,5,10.4,6,11.3,6,10.4,6,10.2,6,11.9,7,10.7,6,11.4,6,11.8,6,11.6,6,10.4,7,11.3,6,12.2,5,11.4,6,11.4,6,11.9,5,11.1,6,10.6,6,10.2,6,11.6,6,11.0,6,10.1,7.0,14.1,5,14.1,7,13.5,7,13.2,6,14.5,5,15.2,6,15.6,6,15.0,6,17.0,5,15.2,5,16.0,7
2016-03-27 14:00:00,10.2,5,11.5,5,11.7,5,10.5,6,11.5,6,10.5,7,10.4,6,12.1,7,11.0,6,11.6,6,12.0,6,11.9,6,10.8,7,11.5,5,12.5,5,11.8,6,11.7,5,12.2,5,11.6,6,10.9,6,10.3,6,11.9,6,11.6,6,10.5,7.0,14.5,5,14.6,6,13.6,7,13.5,6,14.8,5,15.2,6,15.9,6,15.5,6,16.9,4,15.3,5,16.2,7
2016-03-27 15:00:00,9.8,5,10.8,6,11.0,5,10.3,6,11.8,6,10.3,7,9.9,5,11.4,6,10.6,7,11.3,7,12.0,7,11.8,5,10.7,6,11.6,5,12.1,5,11.5,5,11.3,5,11.9,5,11.3,6,10.5,5,9.4,6,11.1,6,11.6,5,10.4,7.0,14.1,5,13.7,6,12.0,5,13.9,5,14.9,6,14.4,3,14.9,5,14.4,4,15.6,5,14.7,6,15.9,6
2016-03-27 16:00:00,9.5,6,10.2,6,10.7,5,9.8,6,11.3,6,9.8,7,9.4,6,10.7,6,10.3,6,10.8,6,11.7,6,11.3,5,10.1,5,11.1,4,11.5,6,10.8,5,10.8,4,11.2,5,10.9,5,10.0,4,9.0,6,10.5,6,11.3,4,9.5,6.0,13.7,5,13.4,4,11.6,4,13.2,5,14.7,6,14.2,2,14.5,4,14.0,3,14.9,3,14.6,6,15.7,5
2016-03-27 17:00:00,9.2,6,9.5,6,10.4,6,9.1,6,10.6,5,9.3,7,8.8,6,9.9,7,9.7,5,10.2,5,11.1,5,10.5,4,9.0,4,10.3,3,10.7,6,9.9,5,9.9,4,10.2,5,10.0,5,9.0,3,8.6,6,9.7,5,10.6,4,8.2,5.0,13.0,5,12.7,3,10.9,3,12.2,5,14.1,5,13.8,2,13.7,3,13.2,2,14.0,2,14.3,6,15.3,4
2016-03-27 18:00:00,8.9,6,8.8,6,9.9,6,8.6,6,9.7,5,8.8,7,8.3,7,9.1,7,9.1,5,9.5,5,10.4,5,9.6,4,8.1,2,9.4,3,9.9,6,9.1,5,9.0,4,9.2,4,9.1,5,7.9,2,8.1,5,9.0,5,9.7,3,6.9,4.0,12.3,5,11.8,2,10.0,1,11.1,5,13.3,4,13.2,2,12.7,2,12.3,2,13.0,2,13.8,5,14.7,3
2016-03-27 19:00:00,8.8,6,8.4,5,9.3,5,8.3,6,8.9,5,8.7,7,8.2,7,8.6,6,8.6,4,9.0,4,9.9,4,8.7,3,7.5,2,8.6,3,9.2,6,8.7,5,8.3,4,8.5,4,8.2,4,6.9,2,7.7,5,8.7,5,8.9,3,5.9,4.0,11.6,6,10.8,2,9.0,1,10.2,4,12.4,3,12.5,2,11.6,2,11.5,2,12.0,2,13.1,5,13.9,3
2016-03-27 20:00:00,8.8,6,8.2,5,8.8,5,8.3,6,8.1,5,8.8,7,8.3,6,8.4,6,8.3,5,8.8,5,9.6,5,7.9,3,7.3,2,8.0,3,8.8,6,8.5,5,7.9,4,8.0,4,7.4,4,6.1,2,7.3,5,8.6,5,8.2,3,5.1,3.0,11.1,6,9.9,3,8.0,1,9.5,4,11.5,4,11.8,2,10.5,3,10.8,3,11.0,3,12.3,4,13.0,4
2016-03-27 21:00:00,8.6,6,7.9,5,8.4,5,8.0,6,7.5,5,8.9,7,8.3,6,8.3,6,8.0,5,8.5,5,9.3,5,7.3,3,7.1,3,7.5,3,8.6,6,8.4,5,7.7,4,7.5,4,6.8,4,5.5,2,7.1,5,8.2,5,7.8,3,4.5,3.0,10.6,6,9.0,3,7.1,2,8.8,4,10.8,4,11.0,2,9.6,3,10.2,4,10.1,3,11.7,4,12.2,4
2016-03-27 22:00:00,8.5,6,7.7,5,8.1,5,7.8,6,7.0,5,8.9,7,8.2,6,8.2,6,7.8,5,8.2,5,9.2,5,6.9,3,7.0,3,7.1,3,8.5,6,8.3,5,7.6,4,7.1,4,6.3,4,5.0,2,7.0,5,7.6,5,7.5,3,3.9,4.0,10.2,5,8.2,3,6.4,2,8.1,4,10.1,4,10.2,3,8.9,3,9.8,4,9.4,4,11.2,4,11.5,4
2016-03-27 23:00:00,8.3,6,7.5,6,7.8,6,7.7,6,6.6,5,8.9,7,8.2,6,8.2,6,7.6,5,8.0,5,9.1,5,6.5,4,6.8,4,6.7,2,8.6,6,8.2,5,7.5,4,6.7,5,5.9,4,4.6,2,6.8,6,7.1,5,7.3,3,3.4,4.0,9.9,5,7.6,4,5.8,3,7.5,5,9.4,4,9.4,3,8.3,3,9.5,5,9.0,4,10.9,4,10.7,4
2016-03-28 00:00:00,8.1,6,7.3,6,7.6,6,7.6,6,6.2,5,8.9,6,8.2,6,8.2,6,7.4,5,7.8,5,9.0,5,6.2,4,6.4,5,6.4,2,8.8,6,8.1,5,7.3,4,6.3,5,5.5,4,4.3,3,6.6,5,6.6,5,7.0,4,3.1,4.0,9.6,5,7.1,4,5.5,4,6.9,5,8.7,4,8.8,3,7.8,3,9.3,5,8.7,4,10.8,4,10.1,4
2016-03-28 01:00:00,7.9,6,7.2,6,7.4,6,7.5,6,5.8,5,8.8,6,8.1,6,8.3,6,7.2,5,7.6,5,8.8,5,5.9,5,5.8,5,6.0,3,8.9,6,8.0,6,7.0,5,5.8,5,5.2,4,4.1,3,6.4,5,6.0,5,6.5,4,3.0,4.0,9.3,5,6.7,4,5.3,4,6.4,5,8.2,4,8.2,4,7.4,3,9.0,4,8.5,4,10.8,4,9.5,4
2016-03-28 02:00:00,7.7,6,7.2,6,7.3,6,7.4,7,5.6,5,8.7,6,8.1,6,8.3,6,7.1,5,7.5,5,8.7,5,5.6,5,5.2,5,5.6,4,9.0,6,7.9,6,6.6,5,5.3,5,4.7,4,3.8,4,6.0,5,5.6,5,5.8,5,2.9,4.0,9.1,5,6.4,4,5.2,5,5.9,5,7.7,4,7.7,4,7.1,3,8.6,4,8.3,4,10.8,4,9.0,4
2016-03-28 03:00:00,9.1,7,7.9,6,8.0,6,8.0,6,6.6,7,8.4,5,8.1,5,8.7,6,8.2,6,8.7,6,9.7,6,6.3,6,5.4,5,5.9,3,9.4,6,8.8,6,7.2,6,6.2,6,4.5,5,4.0,3,6.8,6,6.1,6,6.0,5,2.5,4.0,10.0,6,6.1,5,4.6,5,7.6,5,9.2,5,8.2,5,7.8,5,8.9,6,7.3,4,10.1,5,9.8,5
2016-03-28 04:00:00,9.2,7,8.1,6,8.0,6,8.0,5,6.6,7,7.9,6,8.0,5,8.6,5,8.1,6,8.8,6,9.8,6,6.4,6,5.4,5,5.4,3,9.5,6,8.9,6,7.1,6,6.1,6,4.4,6,3.8,4,6.7,6,5.9,6,5.8,5,2.2,5.0,10.0,7,5.7,6,4.4,5,7.3,5,9.0,5,7.9,6,7.5,6,8.4,6,6.6,5,9.8,5,9.6,5
2016-03-28 05:00:00,9.2,7,8.2,6,8.1,5,8.1,5,6.8,7,7.6,6,7.9,4,8.4,5,8.0,6,8.8,6,9.8,6,6.7,6,5.5,5,5.0,4,9.5,6,8.9,7,7.1,5,6.1,6,4.5,6,3.8,5,6.8,6,6.0,6,5.8,6,2.3,5.0,10.2,7,5.4,6,4.5,5,7.2,6,8.8,5,7.7,6,7.4,6,8.1,5,6.2,5,9.7,5,9.6,5
2016-03-28 06:00:00,9.1,7,8.3,6,8.2,5,8.3,4,7.1,7,7.6,6,7.9,4,8.4,4,8.0,6,8.9,6,9.8,6,7.1,7,6.0,6,5.1,5,9.5,6,8.9,7,7.3,5,6.4,6,5.1,7,4.3,6,7.0,6,6.5,7,6.1,6,3.0,6.0,10.4,7,5.8,7,5.1,5,7.6,6,9.0,5,8.1,6,7.9,7,8.4,6,6.5,6,10.0,5,10.0,5
2016-03-28 07:00:00,9.1,6,8.3,6,8.4,5,8.6,4,7.7,6,7.8,6,7.9,4,8.5,4,8.1,6,9.1,6,9.7,6,7.7,7,6.8,6,6.0,6,9.5,6,9.0,7,7.7,5,7.3,6,6.2,7,5.7,6,7.4,6,7.6,7,6.7,6,4.6,6.0,10.7,7,7.1,7,6.5,5,8.9,7,9.7,6,9.1,7,9.3,7,9.6,6,7.9,6,11.0,5,10.9,6
2016-03-28 08:00:00,9.0,6,8.3,6,8.7,5,8.9,3,8.4,6,8.3,6,8.0,5,8.8,4,8.3,6,9.3,6,9.6,6,8.5,7,7.8,6,7.5,6,9.5,5,9.1,7,8.3,6,8.4,7,7.6,7,7.5,5,8.1,7,9.0,7,7.7,6,6.8,6.0,11.1,7,9.1,7,8.3,5,10.8,7,10.8,6,10.7,7,11.2,7,11.4,6,10.1,6,12.3,5,12.2,6
2016-03-28 09:00:00,9.1,6,8.5,6,9.1,6,9.3,3,9.1,6,8.7,5,8.2,5,9.3,5,8.5,6,9.5,6,9.6,6,9.4,6,8.9,7,9.2,6,9.7,5,9.4,7,9.1,6,9.7,6,9.1,7,9.4,5,8.9,7,10.5,7,9.1,6,8.9,6.0,11.7,6,11.2,7,10.3,6,12.7,7,12.4,7,12.3,7,13.1,7,13.2,7,12.5,6,13.6,6,13.6,6
2016-03-28 10:00:00,9.2,6,8.9,5,9.7,6,9.6,4,9.8,6,9.0,5,8.6,5,9.9,6,8.7,6,9.7,7,9.7,6,10.3,6,10.1,7,10.7,7,10.1,6,9.8,7,10.1,7,10.8,6,10.6,6,10.9,5,9.9,7,11.9,7,10.7,6,10.6,7.0,12.6,6,13.1,7,12.1,6,14.2,6,14.2,7,13.8,7,14.6,7,14.7,7,14.7,6,14.4,6,14.8,7
2016-03-28 11:00:00,9.4,6,9.4,5,10.3,6,9.9,4,10.4,7,9.3,5,9.1,5,10.5,6,9.0,7,9.8,7,10.0,7,11.0,7,11.2,7,12.0,7,10.6,6,10.3,7,11.1,7,11.7,6,11.8,6,12.1,6,10.8,7,13.0,7,12.3,6,11.8,7.0,13.6,6,14.6,7,13.7,7,15.3,5,15.9,6,14.9,7,15.6,7,15.7,7,16.4,6,14.9,6,15.8,7
2016-03-28 12:00:00,9.6,6,9.9,5,10.8,6,10.1,5,10.8,7,9.4,5,9.5,5,11.0,7,9.3,7,10.1,7,10.4,7,11.6,7,12.1,7,12.9,7,11.2,6,10.8,6,11.9,7,12.5,6,12.6,6,12.9,6,11.4,7,13.7,7,13.6,6,12.7,7.0,14.4,6,15.7,7,14.8,7,15.9,5,16.9,6,15.6,7,16.4,7,16.4,7,17.5,6,15.1,6,16.5,7
2016-03-28 13:00:00,9.8,5,10.3,4,11.1,6,10.2,5,11.1,7,9.5,5,9.6,6,11.3,7,9.7,7,10.5,7,10.9,7,11.9,7,12.6,7,13.5,7,11.7,6,11.4,6,12.3,7,13.1,6,12.9,6,13.4,6,11.4,7,14.0,7,14.3,7,13.4,7.0,14.8,7,16.4,7,15.5,7,16.0,5,17.0,6,15.8,7,16.9,7,16.7,7,17.9,6,15.3,6,16.8,7
2016-03-28 14:00:00,9.9,5,10.4,4,11.0,5,10.2,5,11.1,7,9.4,5,9.4,6,11.3,6,10.0,7,10.8,7,11.3,7,11.9,7,12.6,7,13.7,7,11.9,6,11.7,6,12.3,7,13.2,6,12.8,7,13.6,7,11.0,7,13.8,6,14.4,7,13.8,7.0,14.7,7,16.6,7,15.6,7,15.6,6,16.4,7,15.7,7,17.1,7,16.7,7,17.6,6,15.3,6,16.9,7
2016-03-28 15:00:00,10.0,5,10.9,6,11.7,6,9.9,5,11.5,7,9.2,5,9.1,5,11.2,6,11.2,6,11.8,6,12.4,6,12.4,6,11.6,7,13.4,7,12.0,5,11.8,6,12.0,6,13.3,6,12.2,7,13.0,7,10.5,6,12.9,7,13.5,7,13.5,7.0,15.1,7,16.3,7,15.2,7,15.4,6,16.9,7,16.0,6,17.2,7,16.5,5,17.0,6,15.1,6,17.0,6
2016-03-28 16:00:00,9.5,5,10.2,6,11.0,5,9.3,6,11.0,6,8.7,5,8.4,5,10.5,6,10.5,5,11.0,6,11.8,6,11.7,6,11.3,7,12.9,6,11.3,5,10.9,6,11.0,6,12.1,5,11.7,7,12.3,7,9.5,5,11.7,7,13.2,7,12.2,7.0,14.0,7,15.6,6,14.3,6,14.0,7,15.8,7,15.3,6,16.2,6,15.8,5,15.9,5,14.9,6,16.4,6
2016-03-28 17:00:00,8.9,5,9.2,6,10.1,4,8.6,6,10.3,6,8.1,5,7.7,5,9.4,5,9.4,5,10.0,5,10.8,5,10.7,6,10.7,6,12.1,5,10.4,4,9.7,6,9.7,6,10.5,5,11.0,7,11.4,6,8.5,4,10.4,7,12.6,7,10.4,7.0,12.7,7,14.5,6,13.0,5,12.3,7,14.6,7,14.4,6,14.8,6,15.0,5,14.6,5,14.6,6,15.7,6
2016-03-28 18:00:00,8.4,5,8.3,6,9.3,3,7.9,5,9.5,6,7.5,5,7.1,5,8.4,5,8.5,4,9.0,5,9.9,4,9.7,6,10.0,6,11.3,4,9.5,4,8.7,5,8.6,6,9.1,5,10.1,7,10.4,6,7.6,4,9.3,7,11.9,7,8.7,7.0,11.5,7,13.4,5,11.8,5,10.9,7,13.6,7,13.6,6,13.5,5,14.2,5,13.5,5,14.1,6,14.9,5
2016-03-28 19:00:00,8.1,5,7.8,6,8.7,3,7.3,5,8.7,6,7.1,5,6.7,5,7.6,4,8.0,4,8.4,4,9.3,4,8.8,6,9.3,6,10.7,4,8.8,4,8.1,5,7.8,5,8.3,5,9.3,7,9.7,6,7.0,4,8.7,6,11.2,7,7.6,7.0,10.8,6,12.4,5,10.9,5,9.9,7,12.9,6,13.1,6,12.5,4,13.5,5,12.6,5,13.5,5,14.1,5
2016-03-28 20:00:00,8.0,4,7.5,5,8.4,4,6.9,5,7.9,6,6.9,5,6.5,4,7.0,4,7.8,3,8.1,4,9.0,4,8.1,6,8.8,6,10.2,4,8.3,4,7.9,4,7.4,5,7.9,5,8.5,7,9.1,6,6.7,4,8.5,6,10.5,7,7.0,7.0,10.5,6,11.5,5,10.2,5,9.4,6,12.4,6,12.7,6,11.7,4,13.0,6,11.9,4,12.9,5,13.4,5
2016-03-28 21:00:00,7.9,4,7.1,5,7.9,4,6.5,4,7.3,6,6.7,5,6.2,3,6.5,3,7.4,3,7.8,4,8.7,4,7.4,6,8.2,6,9.6,5,8.0,4,7.6,4,7.0,4,7.3,5,8.0,7,8.4,6,6.3,4,7.9,5,9.8,7,6.4,6.0,10.2,6,10.7,4,9.5,5,9.0,6,11.8,6,12.1,5,11.2,3,12.4,6,11.3,4,12.4,5,12.8,5
2016-03-28 22:00:00,7.7,5,6.7,5,7.5,5,6.2,4,6.8,6,6.4,4,5.9,3,6.2,3,7.1,4,7.5,4,8.4,4,6.8,6,7.8,6,9.1,5,7.8,4,7.3,4,6.8,5,6.8,5,7.5,6,7.9,6,6.1,5,7.4,5,9.1,6,6.0,6.0,10.0,5,10.1,3,8.9,4,8.7,6,11.1,5,11.5,5,10.7,3,11.9,6,10.7,4,12.0,5,12.2,5
2016-03-28 23:00:00,7.5,5,6.5,5,7.3,5,6.0,4,6.4,6,6.2,4,5.8,3,5.9,3,6.8,4,7.3,4,8.3,4,6.3,6,7.3,6,8.6,5,7.7,4,7.1,4,6.6,5,6.3,5,7.0,6,7.3,6,5.9,5,6.9,5,8.6,6,5.7,6.0,9.7,5,9.4,3,8.4,4,8.4,6,10.3,5,10.9,4,10.3,3,11.4,5,10.3,4,11.8,5,11.8,5
2016-03-29 00:00:00,7.3,5,6.3,6,7.1,6,5.8,5,6.0,6,6.1,4,5.6,4,5.8,4,6.6,4,7.1,5,8.1,4,6.0,6,6.9,6,8.2,5,7.6,5,6.9,4,6.5,5,5.9,5,6.7,6,6.9,6,5.8,5,6.5,4,8.1,6,5.6,6.0,9.5,5,8.8,3,8.0,4,8.1,6,9.6,5,10.4,4,10.0,3,10.9,5,10.1,3,11.7,5,11.4,5
2016-03-29 01:00:00,7.2,5,6.3,6,7.0,6,5.6,5,5.8,6,5.9,4,5.6,4,5.7,4,6.5,4,7.0,5,8.1,5,5.7,5,6.6,5,7.8,5,7.5,5,6.8,5,6.4,5,5.5,5,6.4,6,6.5,6,5.7,5,6.2,4,7.8,6,5.4,6.0,9.1,5,8.2,3,7.6,4,7.7,6,9.2,5,9.9,4,9.6,4,10.4,5,9.9,4,11.8,5,11.0,5
2016-03-29 02:00:00,7.2,6,6.3,6,7.0,6,5.5,5,5.6,6,5.8,5,5.5,5,5.6,4,6.3,5,6.9,5,8.0,5,5.6,5,6.4,5,7.6,6,7.4,6,6.7,5,6.3,5,5.3,5,6.1,6,6.3,6,5.6,6,6.0,5,7.5,6,5.3,6.0,8.8,5,7.8,4,7.3,5,7.3,5,8.9,5,9.5,4,9.2,4,10.1,5,9.8,4,11.9,5,10.8,5
2016-03-29 03:00:00,7.1,5,6.3,5,6.8,5,5.7,3,5.9,4,6.2,3,5.3,3,6.1,3,6.3,3,6.9,3,7.9,3,5.7,4,6.0,4,7.3,4,7.4,2,6.9,3,6.5,4,5.2,4,5.7,4,5.9,5,5.8,5,5.7,4,7.4,4,4.8,6.0,9.3,7,8.2,5,6.6,6,7.3,6,10.1,5,10.1,5,9.7,5,10.0,7,8.7,5,11.8,5,11.9,6
2016-03-29 04:00:00,6.9,5,6.1,5,6.5,5,5.5,2,5.7,4,5.8,3,5.1,3,5.7,4,5.9,3,6.5,3,7.5,3,5.6,4,5.8,4,6.9,4,7.1,3,6.5,4,6.1,4,5.0,3,5.4,3,5.5,5,5.7,6,5.3,4,6.9,4,4.1,6.0,9.0,7,7.5,4,6.2,7,7.0,6,9.9,5,9.6,5,9.0,5,9.5,6,8.4,5,11.7,5,11.6,6
2016-03-29 05:00:00,6.7,5,5.9,5,6.2,6,5.5,2,5.7,5,5.6,3,5.0,3,5.5,4,5.7,3,6.3,3,7.3,3,5.7,4,5.6,5,6.7,5,6.9,4,6.1,5,5.9,4,5.0,3,5.3,4,5.4,5,5.6,6,5.2,5,6.6,5,3.6,6.0,8.9,7,7.1,4,6.2,7,6.9,5,9.7,5,9.2,5,8.4,5,9.3,6,8.4,6,11.8,5,11.5,6
2016-03-29 06:00:00,6.6,5,5.9,4,6.2,6,5.7,2,6.0,5,5.7,4,5.1,3,5.5,4,5.7,4,6.4,3,7.3,3,6.1,5,5.9,6,6.9,6,6.9,4,6.1,5,6.0,4,5.5,3,5.6,4,5.7,5,5.8,7,5.6,5,6.7,5,3.8,6.0,9.1,7,7.4,4,6.8,7,7.3,6,9.9,5,9.5,5,8.7,4,9.7,6,9.1,6,12.3,5,11.8,6
2016-03-29 07:00:00,6.7,5,6.2,5,6.6,6,6.2,3,6.6,6,6.2,4,5.5,4,6.1,5,6.1,4,6.9,4,7.6,4,6.8,5,6.6,6,7.7,6,7.4,5,6.6,6,6.6,5,6.5,3,6.5,5,6.8,5,6.3,7,6.6,5,7.4,5,5.1,7.0,9.8,6,8.7,4,8.3,6,8.4,6,10.5,5,10.6,4,10.2,4,10.9,5,10.7,5,13.3,4,12.6,6
2016-03-29 08:00:00,7.1,5,6.8,5,7.2,6,7.0,3,7.4,6,6.9,5,6.2,4,7.0,5,6.8,5,7.7,5,8.2,5,7.8,5,7.6,7,8.9,6,8.2,5,7.6,6,7.6,5,7.8,5,7.7,6,8.2,5,7.0,7,8.0,5,8.5,5,7.1,7.0,10.9,6,10.6,4,10.5,5,10.0,6,11.5,5,12.3,4,12.4,4,12.5,5,13.0,4,14.6,4,13.6,6
2016-03-29 09:00:00,7.5,5,7.5,5,8.0,6,7.9,3,8.3,6,7.7,5,7.1,5,8.2,5,7.5,6,8.5,6,8.9,5,8.8,5,8.6,7,10.1,6,9.2,5,8.6,6,8.6,5,9.1,6,8.9,6,9.6,6,7.9,7,9.4,5,9.8,5,9.1,7.0,12.0,6,12.7,4,12.7,4,11.7,6,12.7,5,14.0,4,14.7,4,14.3,5,15.4,3,15.8,3,14.6,7
2016-03-29 10:00:00,8.0,5,8.2,5,8.8,6,8.7,4,9.2,6,8.3,5,8.0,5,9.4,5,8.2,6,9.2,6,9.5,6,9.8,6,9.3,6,11.2,6,10.2,5,9.5,6,9.5,6,10.1,6,9.9,6,10.5,6,8.8,7,10.6,5,11.1,5,10.6,7.0,13.0,5,14.5,4,14.7,4,13.1,7,13.8,5,15.4,4,16.5,4,15.8,5,17.5,2,16.6,2,15.4,7
2016-03-29 11:00:00,8.5,5,8.8,5,9.4,6,9.5,4,10.0,6,8.8,5,8.9,5,10.6,6,8.8,6,9.8,6,10.1,6,10.6,6,9.9,6,12.0,6,11.0,5,10.3,6,10.3,6,10.9,6,10.7,5,11.2,6,9.7,7,11.7,5,12.3,5,11.7,6.0,14.0,5,16.0,4,16.2,4,14.3,7,14.9,6,16.4,4,17.8,4,16.9,5,19.2,2,17.1,2,16.0,6
2016-03-29 12:00:00,8.9,5,9.4,5,9.9,6,10.0,5,10.6,6,9.1,5,9.5,5,11.5,7,9.4,6,10.4,6,10.7,6,11.3,6,10.3,6,12.6,7,11.8,6,10.9,6,11.0,6,11.6,5,11.4,5,11.6,6,10.5,6,12.4,6,13.3,5,12.6,6.0,14.8,5,17.2,5,17.3,3,15.1,7,15.8,6,16.9,5,18.6,4,17.7,4,20.3,2,17.5,2,16.4,6
2016-03-29 13:00:00,9.1,5,10.0,5,10.2,6,10.3,5,11.0,6,9.3,5,9.7,5,12.1,7,9.9,6,10.9,6,11.2,6,11.8,6,10.7,7,12.9,6,12.4,6,11.5,6,11.5,6,12.3,5,11.9,6,12.0,6,11.0,6,12.9,6,14.1,5,13.5,6.0,15.5,5,18.0,5,17.8,3,15.6,7,16.5,6,17.0,5,19.1,4,18.2,4,20.7,2,17.8,2,16.6,6
2016-03-29 14:00:00,9.2,5,10.4,5,10.2,6,10.3,5,11.0,6,9.3,5,9.6,5,12.2,7,10.3,6,11.3,6,11.5,6,12.0,6,10.8,7,12.9,6,12.6,6,11.8,6,11.9,6,12.8,5,12.2,7,12.3,6,11.3,6,13.1,6,14.7,5,14.0,6.0,16.0,4,18.4,5,17.8,2,15.8,7,16.9,6,16.8,4,19.2,5,18.3,3,20.6,2,18.0,2,16.7,6
2016-03-29 15:00:00,9.2,5,10.3,5,10.2,4,10.7,5,11.1,5,10.2,6,9.7,7,12.2,6,10.9,5,11.8,5,12.4,5,12.2,5,11.2,6,12.4,5,12.7,6,12.5,6,12.4,6,13.0,5,12.7,6,11.9,5,11.3,6,13.2,7,14.5,6,13.8,5.0,15.1,7,17.7,6,16.8,4,15.2,6,16.8,6,16.6,5,18.2,5,18.0,5,19.7,5,17.0,3,16.6,6
2016-03-29 16:00:00,9.0,5,9.9,5,10.0,4,10.2,6,10.7,5,9.7,6,9.3,7,11.5,5,10.8,5,11.5,5,12.2,5,11.6,5,10.6,6,11.7,5,12.1,6,12.0,5,11.9,5,12.4,5,12.1,6,11.2,5,11.0,6,12.6,6,14.1,6,12.4,5.0,14.8,7,16.8,6,16.0,4,14.5,6,16.4,6,15.8,4,17.2,4,17.2,5,18.6,5,16.6,4,16.1,6
2016-03-29 17:00:00,8.7,5,9.3,5,9.7,4,9.6,6,10.1,5,9.1,7,8.8,6,10.5,5,10.5,5,10.9,5,11.8,5,10.7,5,9.6,5,10.8,5,11.3,6,11.3,5,11.1,5,11.5,5,11.1,5,10.2,5,10.5,5,11.7,5,13.4,5,10.3,5.0,14.3,7,15.7,5,14.9,4,13.4,6,15.7,5,14.9,4,15.8,4,16.2,4,17.2,5,16.1,4,15.5,6
2016-03-29 18:00:00,8.5,5,8.7,5,9.3,4,8.9,6,9.4,4,8.4,6,8.3,6,9.6,5,9.9,5,10.3,5,11.2,5,9.8,5,8.8,5,9.9,5,10.4,7,10.5,5,10.3,4,10.5,5,10.1,4,9.1,5,9.9,5,11.0,4,12.6,5,8.4,5.0,13.6,6,14.4,5,13.8,4,12.4,5,14.9,5,14.0,4,14.4,4,15.2,4,15.9,4,15.6,4,14.7,6
2016-03-29 19:00:00,8.3,5,8.3,5,8.8,4,8.4,6,8.8,5,7.8,6,7.8,6,8.9,5,9.2,5,9.7,5,10.6,5,9.1,5,8.4,5,9.3,4,9.7,6,9.9,5,9.6,4,9.7,5,9.3,4,8.3,5,9.4,5,10.6,4,11.8,5,7.1,5.0,12.9,6,13.3,5,12.8,4,11.6,5,14.2,4,13.4,4,13.2,5,14.4,5,14.8,4,15.1,4,13.9,6
2016-03-29 20:00:00,8.3,4,8.0,4,8.3,5,8.0,6,8.3,5,7.4,6,7.4,6,8.4,5,8.6,5,9.3,5,10.2,5,8.5,6,8.2,5,8.9,4,9.1,6,9.5,5,9.2,4,9.1,5,8.7,4,7.6,5,9.0,5,10.5,4,11.1,5,6.4,5.0,12.3,6,12.3,5,11.8,4,11.0,5,13.5,4,13.0,5,12.2,5,13.8,5,13.8,4,14.6,4,13.1,5
2016-03-29 21:00:00,8.1,5,7.7,5,7.9,5,7.6,6,7.8,5,7.0,6,7.0,6,8.0,5,8.2,5,9.0,5,9.9,5,8.0,6,7.9,5,8.4,5,8.7,6,9.2,5,8.8,5,8.5,5,8.1,4,7.2,5,8.7,5,10.1,4,10.5,5,5.8,5.0,11.8,6,11.5,5,10.8,4,10.4,5,12.9,4,12.6,5,11.5,5,13.2,5,12.8,4,14.1,4,12.6,5
2016-03-29 22:00:00,7.9,5,7.3,5,7.6,5,7.2,6,7.4,5,6.7,6,6.7,6,7.6,6,8.0,5,8.8,5,9.8,6,7.6,6,7.6,5,7.9,5,8.4,6,9.1,5,8.5,5,8.1,5,7.7,4,6.8,5,8.5,5,9.6,4,10.1,5,5.4,5.0,11.3,6,10.7,5,9.8,5,9.8,5,12.3,4,12.3,5,10.9,5,12.6,5,11.9,4,13.7,4,12.2,5
2016-03-29 23:00:00,7.7,5,7.0,5,7.3,5,6.8,6,7.0,5,6.4,6,6.3,6,7.2,6,7.9,5,8.6,6,9.8,6,7.3,6,7.2,5,7.5,5,8.1,6,8.9,5,8.3,5,7.6,5,7.3,4,6.5,5,8.2,5,9.1,4,9.8,5,5.2,5.0,10.8,6,10.2,5,9.0,5,9.3,6,11.8,4,11.9,5,10.5,5,12.1,5,11.2,4,13.2,4,11.9,5
2016-03-30 00:00:00,7.5,5,6.7,5,7.1,5,6.4,6,6.6,5,6.1,6,6.0,6,6.7,6,7.7,5,8.3,6,9.7,6,7.0,6,6.9,5,7.3,5,7.8,6,8.6,5,8.0,5,7.3,5,7.1,5,6.3,5,8.0,5,8.6,5,9.5,5,5.2,5.0,10.4,6,9.8,5,8.5,5,8.8,6,11.3,4,11.6,5,10.3,5,11.7,5,10.7,4,12.8,4,11.7,5
2016-03-30 01:00:00,7.3,5,6.4,5,6.8,6,6.0,6,6.2,5,5.9,6,5.7,6,6.3,6,7.4,5,8.0,5,9.4,5,6.7,6,6.7,5,7.1,5,7.5,6,8.3,5,7.8,6,7.0,5,6.9,6,6.3,5,7.7,6,8.2,5,9.2,5,5.4,5.0,10.0,6,9.5,5,8.1,5,8.4,6,10.9,4,11.4,5,10.2,5,11.4,5,10.3,4,12.5,5,11.6,5
2016-03-30 02:00:00,7.0,6,6.2,6,6.6,6,5.6,6,5.9,5,5.7,6,5.5,6,5.8,6,7.1,5,7.6,5,9.0,5,6.5,6,6.5,5,7.1,6,7.3,6,7.8,5,7.6,6,6.7,5,6.9,6,6.3,6,7.5,6,7.8,5,8.9,5,5.6,5.0,9.7,6,9.4,5,7.9,5,8.1,6,10.5,5,11.2,5,10.1,5,11.2,5,10.1,4,12.2,5,11.7,5
2016-03-30 03:00:00,7.2,4,6.4,4,6.5,4,6.1,4,6.3,7,6.0,4,5.5,4,6.2,6,6.9,5,7.5,5,8.7,6,6.8,7,6.4,7,7.6,7,8.0,5,7.8,6,8.0,6,7.1,7,6.6,7,6.1,7,8.2,7,8.1,7,9.5,6,5.5,6.0,9.9,7,9.7,7,7.9,7,8.5,4,11.2,7,10.6,6,10.6,6,11.3,7,9.2,6,12.3,5,10.6,4
2016-03-30 04:00:00,7.0,4,6.3,4,6.3,5,6.0,4,6.2,6,5.7,4,5.5,4,6.0,6,6.7,5,7.3,5,8.6,5,6.9,7,6.4,7,7.4,7,7.7,6,7.5,6,7.6,6,6.9,7,6.6,7,6.2,7,8.0,7,7.8,7,9.3,7,5.2,7.0,9.7,7,9.2,7,7.5,6,8.0,4,10.6,7,10.4,6,10.1,7,11.0,6,8.7,6,12.0,5,10.3,5
2016-03-30 05:00:00,6.9,5,6.2,5,6.1,5,6.0,4,6.3,5,5.5,4,5.7,4,5.9,6,6.5,6,7.3,5,8.5,5,7.2,7,6.5,7,7.3,7,7.5,6,7.3,5,7.5,7,7.0,7,6.8,7,6.6,7,8.0,7,7.9,7,9.3,7,5.3,7.0,9.7,7,8.9,7,7.2,6,7.8,5,10.2,7,10.4,6,9.8,7,11.0,5,8.6,6,12.0,6,10.4,5
2016-03-30 06:00:00,6.7,5,6.2,5,6.1,5,6.1,5,6.7,5,5.7,4,5.9,4,6.1,6,6.6,6,7.5,6,8.6,5,7.8,7,7.0,7,7.6,7,7.6,7,7.5,5,7.8,7,7.6,7,7.5,7,7.2,7,8.3,7,8.4,7,9.6,7,6.1,7.0,10.1,7,9.3,7,7.7,6,8.3,4,10.3,7,10.9,7,10.2,7,11.4,4,9.2,6,12.4,6,10.8,6
2016-03-30 07:00:00,6.6,5,6.5,5,6.5,6,6.4,5,7.4,5,6.4,4,6.2,4,6.6,5,7.1,6,8.1,6,8.8,5,8.7,7,7.9,7,8.3,7,8.1,6,8.3,6,8.6,7,8.9,7,8.7,7,8.1,7,9.0,7,9.5,7,10.3,7,7.8,7.0,11.0,7,10.6,7,9.2,6,9.8,4,11.2,7,11.9,7,11.6,7,12.5,4,10.8,6,13.4,6,11.8,6
2016-03-30 08:00:00,6.6,5,6.9,5,7.1,5,6.9,5,8.4,5,7.3,5,6.6,5,7.3,5,7.8,6,9.0,5,9.2,5,9.9,7,8.9,7,9.2,7,8.9,6,9.4,6,9.8,6,10.6,7,10.2,7,9.1,7,10.0,7,11.0,7,11.4,7,10.0,7.0,12.2,7,12.5,6,11.3,6,11.9,4,12.8,6,13.1,7,13.5,7,13.9,5,13.0,6,14.6,5,13.0,6
2016-03-30 09:00:00,6.7,5,7.4,5,7.8,5,7.6,5,9.4,5,8.3,5,7.1,5,8.2,5,8.6,5,9.9,5,9.8,5,11.1,6,10.0,6,10.2,7,9.8,5,10.5,7,11.2,6,12.3,7,11.8,7,10.1,7,11.2,7,12.5,7,12.5,7,12.1,7.0,13.5,7,14.5,6,13.6,6,14.0,4,14.6,6,14.3,7,15.5,7,15.5,5,15.2,6,15.6,5,14.2,6
2016-03-30 10:00:00,7.0,5,7.8,5,8.6,5,8.3,4,10.3,5,9.0,5,7.8,5,9.1,5,9.4,6,10.7,6,10.6,6,12.2,6,10.9,6,11.0,7,10.5,5,11.4,7,12.6,6,13.7,7,13.2,7,11.1,7,12.4,7,13.7,7,13.5,7,13.7,7.0,14.6,7,16.1,6,15.6,6,15.7,4,16.3,6,15.1,7,17.0,7,16.8,5,17.0,6,16.0,5,15.2,6
2016-03-30 11:00:00,7.3,5,8.1,5,9.2,5,9.0,4,11.2,5,9.5,4,8.5,5,10.0,5,10.1,6,11.4,6,11.5,6,13.2,6,11.6,6,11.7,6,11.1,5,12.2,7,13.8,6,14.8,7,14.4,7,12.1,7,13.5,7,14.7,6,14.5,7,14.9,7.0,15.5,7,17.4,6,17.2,6,16.9,4,17.8,5,15.6,7,17.9,7,17.9,5,18.4,5,15.9,5,15.9,6
2016-03-30 12:00:00,7.6,5,8.3,5,9.6,5,9.4,4,11.8,5,9.8,4,9.0,5,10.8,5,10.8,6,12.0,6,12.2,6,14.0,6,12.3,6,12.5,6,11.7,5,12.8,7,14.8,7,15.6,7,15.3,7,13.1,7,14.3,7,15.6,6,15.4,7,16.0,7.0,16.3,7,18.3,6,18.4,5,17.9,5,18.8,5,15.8,7,18.5,7,18.5,5,19.2,5,15.7,5,16.5,6
2016-03-30 13:00:00,7.7,5,8.5,5,9.7,5,9.5,5,12.2,6,9.9,4,9.1,5,11.3,5,11.3,6,12.5,7,12.6,6,14.6,6,13.0,6,13.3,6,12.3,5,13.3,7,15.4,7,16.1,7,15.8,7,14.0,7,14.7,7,16.4,6,16.2,7,17.1,6.0,17.1,7,19.0,6,19.2,5,18.6,5,19.3,5,15.8,7,18.7,7,18.7,4,19.5,4,15.6,5,17.0,6
2016-03-30 14:00:00,7.7,5,8.6,5,9.5,5,9.4,6,12.4,6,9.8,4,9.0,5,11.5,5,11.6,7,12.8,7,12.8,7,14.9,7,13.6,7,14.0,7,12.7,5,13.5,7,15.5,7,16.3,7,15.9,7,14.6,7,14.7,7,16.9,6,16.8,7,17.8,6.0,17.5,7,19.3,6,19.5,4,19.0,5,19.3,6,15.7,7,18.5,7,18.6,4,19.2,3,15.6,5,17.2,6
2016-03-30 15:00:00,9.2,7,10.2,6,10.4,6,9.7,7,10.8,7,9.5,6,8.9,5,10.5,7,10.2,7,11.2,7,11.6,7,13.3,6,12.5,7,13.7,5,12.2,7,12.5,6,15.2,5,16.3,5,16.2,5,14.9,5,17.0,4,19.0,6,19.6,4,19.4,3.0,20.3,4,19.3,5,20.0,4,21.0,2,20.2,4,15.5,7,17.8,6,18.1,4,19.4,2,15.7,4,16.9,6
2016-03-30 16:00:00,8.9,7,9.6,6,9.9,6,9.2,7,10.4,6,8.9,7,8.3,6,9.7,6,10.0,6,10.9,6,11.5,6,12.8,6,12.2,7,13.3,5,11.5,7,12.2,6,14.8,5,15.8,5,15.7,5,14.3,5,16.4,4,18.1,5,18.9,3,17.7,3.0,19.8,5,18.4,4,18.9,4,20.4,2,19.4,4,15.2,6,17.0,6,17.5,4,18.2,2,15.6,4,16.2,6
2016-03-30 17:00:00,8.6,7,8.8,6,9.2,6,8.5,7,9.9,6,8.1,7,7.6,6,8.6,6,9.6,6,10.3,6,11.0,6,12.0,5,11.6,6,12.6,5,10.5,6,11.6,6,14.0,5,14.9,6,15.0,5,13.4,6,15.5,4,16.9,4,18.0,3,15.3,3.0,18.8,5,17.3,4,17.4,4,19.2,2,18.3,4,14.8,6,16.0,5,16.9,4,16.8,2,15.3,5,15.4,6
2016-03-30 18:00:00,8.2,7,8.1,7,8.5,6,7.8,7,9.4,5,7.4,7,6.9,7,7.6,6,9.0,5,9.7,5,10.4,5,11.2,4,10.9,6,11.8,5,9.5,6,11.0,6,13.1,5,13.8,6,14.0,5,12.3,6,14.5,4,15.6,3,17.0,2,13.0,2.0,17.7,5,16.0,4,15.7,4,17.6,2,17.1,4,14.4,6,15.0,5,16.2,4,15.4,2,15.0,5,14.7,6
2016-03-30 19:00:00,7.9,6,7.6,7,8.0,6,7.2,6,8.9,5,6.8,7,6.3,7,6.9,6,8.5,5,9.2,5,9.8,5,10.5,4,10.3,6,11.0,5,8.7,6,10.5,5,12.2,5,12.7,6,13.0,5,11.4,5,13.7,4,14.6,3,16.1,2,11.4,2.0,16.5,5,14.7,4,14.1,4,15.8,2,16.1,4,14.1,6,14.0,5,15.6,4,14.3,3,14.6,5,14.2,6
2016-03-30 20:00:00,7.7,6,7.2,6,7.7,6,6.7,6,8.5,5,6.4,7,5.8,7,6.5,6,8.0,5,8.8,5,9.4,5,9.8,5,9.9,6,10.4,5,8.1,6,10.2,5,11.4,5,11.8,5,12.1,5,10.6,5,13.1,4,13.8,3,15.4,3,10.3,2.0,15.4,5,13.6,4,12.7,4,14.2,2,15.3,4,13.9,6,13.1,5,15.0,4,13.5,4,14.3,5,14.0,5
2016-03-30 21:00:00,7.4,6,6.7,6,7.3,6,6.2,5,8.0,6,6.1,7,5.5,6,6.0,6,7.7,5,8.5,5,9.2,5,9.2,5,9.4,6,9.9,5,7.6,6,9.7,5,10.8,5,11.0,5,11.4,5,9.9,5,12.5,4,13.1,3,14.6,3,9.2,3.0,14.5,5,12.6,4,11.5,4,13.1,3,14.7,4,13.6,6,12.4,5,14.6,4,12.7,4,14.0,5,13.8,5
2016-03-30 22:00:00,7.2,6,6.3,6,7.0,6,5.8,5,7.5,6,5.9,6,5.2,6,5.7,6,7.4,5,8.2,5,8.9,5,8.7,5,9.0,6,9.6,5,7.3,6,9.2,5,10.4,5,10.3,5,10.6,5,9.4,5,11.9,5,12.4,3,13.9,3,8.4,3.0,13.8,5,11.7,4,10.6,4,12.4,3,14.3,4,13.3,6,11.8,5,14.2,4,12.0,4,13.8,5,13.6,5
2016-03-30 23:00:00,7.0,6,6.0,6,6.7,5,5.6,4,7.0,6,5.8,6,5.0,6,5.4,6,7.1,5,7.9,5,8.7,5,8.2,5,8.6,6,9.3,6,7.0,6,8.7,5,10.1,5,9.7,5,10.0,5,8.9,5,11.3,5,11.7,3,13.2,4,7.8,3.0,13.1,5,11.1,4,9.9,4,12.0,4,14.0,4,13.1,6,11.5,5,13.9,4,11.7,4,13.8,5,13.5,5
2016-03-31 00:00:00,6.8,6,5.8,6,6.4,5,5.4,4,6.5,6,5.7,6,4.9,6,5.2,6,6.9,5,7.6,5,8.5,5,7.7,6,8.1,5,8.9,6,6.8,6,8.3,6,9.8,5,9.1,5,9.4,5,8.5,6,10.6,5,11.0,4,12.6,4,7.4,4.0,12.4,5,10.7,5,9.6,5,11.5,4,13.5,4,13.0,5,11.3,5,13.7,4,11.8,4,13.8,5,13.5,5
2016-03-31 01:00:00,6.6,6,5.6,6,6.2,6,5.3,4,6.1,6,5.6,6,4.8,6,5.0,6,6.7,5,7.4,5,8.3,5,7.2,6,7.7,5,8.5,6,6.6,6,7.9,6,9.3,5,8.4,5,9.0,5,8.1,6,9.9,5,10.3,4,11.9,4,7.3,4.0,11.6,5,10.6,5,9.5,5,10.5,4,12.8,4,13.0,5,11.3,5,13.7,4,12.3,5,14.0,5,13.5,5
2016-03-31 02:00:00,6.4,6,5.5,6,6.0,6,5.2,5,5.8,6,5.4,6,4.7,6,4.9,6,6.5,5,7.2,5,8.1,5,6.9,6,7.4,5,8.1,6,6.5,6,7.6,6,8.6,5,7.8,5,8.6,5,7.7,6,9.3,5,9.6,5,11.4,5,7.4,5.0,10.8,5,10.7,5,9.8,5,9.4,5,12.0,4,13.1,5,11.5,5,13.7,5,12.9,5,14.2,5,13.6,5
2016-03-31 03:00:00,6.4,6,5.9,7,6.3,7,5.4,6,6.0,7,4.9,4,4.7,4,5.2,6,6.3,7,7.1,7,8.4,7,7.1,7,8.6,6,9.0,5,6.1,7,7.4,7,8.8,6,8.6,5,10.2,5,8.2,5,9.8,6,10.2,4,13.2,5,7.6,3.0,10.6,7,10.7,6,8.8,7,9.8,6,13.0,6,12.1,6,11.3,5,14.5,6,10.8,5,13.4,6,11.9,6
2016-03-31 04:00:00,6.3,6,5.8,7,6.1,7,5.2,7,6.0,7,4.5,4,4.5,5,4.8,6,6.3,7,7.1,7,8.3,7,7.1,6,8.4,7,8.7,5,5.9,7,7.1,7,8.4,7,8.3,5,9.8,5,8.0,5,9.6,7,9.9,5,12.9,5,7.6,4.0,10.4,7,10.6,5,8.7,7,9.7,6,12.8,7,11.9,6,11.0,5,14.5,6,10.5,6,13.2,6,12.0,6
2016-03-31 05:00:00,6.2,6,5.7,7,6.0,7,5.0,7,6.2,7,4.4,3,4.5,6,4.6,6,6.3,7,7.2,7,8.2,7,7.3,6,8.3,7,8.6,5,5.7,7,6.8,7,8.1,7,8.3,6,9.6,6,8.0,5,9.5,7,9.9,5,12.5,4,7.9,4.0,10.2,7,10.7,5,8.9,7,9.7,7,12.4,7,11.9,7,11.0,5,14.5,6,10.5,6,13.3,6,12.2,7
2016-03-31 06:00:00,6.2,6,5.7,7,6.0,6,5.1,6,6.5,7,4.7,3,4.9,7,4.7,6,6.3,7,7.2,7,8.0,7,7.6,6,8.6,7,9.0,6,5.8,7,6.6,7,8.0,7,8.6,6,9.7,6,8.7,5,9.3,7,10.3,6,12.5,4,9.0,5.0,10.0,7,11.3,5,9.7,7,9.6,7,12.0,7,12.3,7,11.6,6,14.8,6,11.3,7,13.8,6,12.6,7
2016-03-31 07:00:00,6.3,6,6.0,6,6.2,6,5.6,6,7.0,6,5.6,2,5.6,6,5.3,6,6.1,7,7.0,7,7.7,7,8.1,6,9.4,7,10.0,6,6.2,6,6.6,7,8.0,7,9.1,7,10.4,7,10.2,5,9.0,7,11.1,6,13.0,5,11.0,5.0,9.6,7,12.5,5,11.2,7,9.1,7,11.6,7,13.3,7,13.0,6,15.6,6,13.0,7,14.9,6,13.2,7
2016-03-31 08:00:00,6.5,6,6.5,6,6.6,6,6.4,5,7.5,6,6.9,2,6.6,5,6.3,6,6.0,7,6.8,7,7.3,7,8.8,6,10.6,6,11.4,6,7.0,5,6.8,7,8.3,7,9.8,7,11.5,6,12.1,5,8.7,7,12.3,6,13.9,5,13.5,6.0,9.3,7,14.2,6,13.2,7,8.6,7,11.4,7,14.5,7,14.9,7,16.7,7,15.1,7,16.1,6,13.9,6
2016-03-31 09:00:00,6.8,5,7.1,5,7.2,6,7.3,5,8.2,6,8.2,2,7.5,4,7.4,5,6.0,7,6.8,7,7.2,7,9.6,6,11.8,6,13.0,6,7.8,5,7.1,7,8.7,7,10.5,7,12.8,6,14.1,5,8.8,7,13.4,6,15.1,6,15.9,6.0,9.1,7,16.0,7,15.3,7,8.3,7,11.5,7,15.7,7,16.7,7,17.9,7,17.0,7,17.0,7,14.7,6
2016-03-31 10:00:00,7.3,4,7.6,5,7.8,6,8.0,5,8.9,6,9.1,1,8.2,4,8.5,5,6.4,7,7.2,7,7.4,7,10.5,7,12.7,6,14.4,5,8.7,5,7.6,7,9.4,7,11.3,7,14.0,6,15.8,5,9.4,7,14.3,6,16.3,5,17.8,6.0,9.2,7,17.7,7,17.1,7,8.5,7,12.1,7,16.5,7,18.1,7,18.9,7,18.2,7,17.2,7,15.6,7
2016-03-31 11:00:00,7.7,4,8.0,6,8.4,5,8.6,6,9.4,7,9.7,2,8.6,3,9.4,5,7.0,7,7.8,7,7.9,7,11.3,7,13.4,6,15.7,4,9.5,6,8.1,7,10.1,7,12.0,7,14.9,5,17.1,4,10.3,7,15.0,6,17.4,5,19.1,6.0,9.6,7,19.0,7,18.5,7,9.0,7,12.8,7,17.0,7,19.0,7,19.7,7,18.7,7,17.0,7,16.5,7
2016-03-31 12:00:00,8.2,3,8.4,6,8.9,5,9.0,6,9.7,7,10.0,2,8.8,3,10.1,5,7.6,7,8.5,7,8.5,7,11.9,7,13.9,6,16.6,3,10.2,6,8.6,7,10.6,7,12.5,7,15.6,5,17.9,4,11.0,7,15.5,6,18.2,5,19.9,7.0,10.1,7,20.0,7,19.5,7,9.5,7,13.4,7,17.3,7,19.5,7,20.2,7,18.8,7,16.7,7,17.1,7
2016-03-31 13:00:00,8.5,3,8.7,6,9.1,5,9.2,6,9.6,7,10.0,2,8.9,3,10.5,5,8.1,7,9.0,7,9.1,7,12.0,7,14.2,6,17.2,4,10.8,6,9.1,7,10.8,7,12.8,7,15.9,6,18.2,5,11.1,7,15.8,6,18.6,5,20.1,7.0,10.5,7,20.4,7,20.0,7,9.8,7,13.5,7,17.5,7,19.6,7,20.3,7,18.8,7,16.7,7,17.4,7
2016-03-31 14:00:00,8.7,4,9.0,5,9.1,6,9.1,5,9.3,7,9.9,2,8.8,2,10.6,5,8.4,7,9.3,7,9.4,7,11.7,7,14.3,7,17.4,5,11.1,5,9.3,7,10.6,7,12.7,7,15.9,6,18.0,5,10.8,7,15.6,7,18.7,6,19.8,7.0,10.7,7,20.4,7,20.1,7,9.8,7,13.2,7,17.5,7,19.3,7,20.2,7,18.6,7,16.8,7,17.3,6
2016-03-31 15:00:00,8.2,5,8.8,5,8.9,5,8.7,4,9.5,7,8.8,2,8.1,4,9.8,4,8.1,7,9.0,7,9.2,7,11.8,7,12.7,7,15.1,6,9.8,5,8.4,7,9.6,7,12.2,7,14.8,7,15.0,6,8.8,7,14.4,7,17.9,6,17.1,7.0,9.2,7,19.2,7,18.1,7,7.5,7,9.9,7,16.0,7,17.7,7,18.9,7,18.0,7,16.3,7,15.5,6
2016-03-31 16:00:00,8.0,4,8.4,4,8.5,4,8.5,4,9.1,7,8.3,2,7.8,3,9.3,3,7.7,7,8.5,7,9.0,7,10.8,7,11.9,7,14.0,7,9.5,4,8.1,7,8.7,7,11.2,7,13.9,7,14.4,6,7.7,7,13.0,7,17.5,7,16.0,7.0,9.0,7,18.2,7,17.3,7,7.0,7,8.6,7,15.0,7,16.4,7,18.2,7,17.4,7,16.2,7,13.8,6
2016-03-31 17:00:00,7.7,4,7.8,4,8.0,4,8.2,3,8.6,7,7.8,1,7.3,2,8.5,3,7.0,7,7.8,7,8.5,7,9.6,7,10.8,7,12.5,7,9.0,4,7.6,7,7.6,7,10.0,7,12.7,7,13.5,6,6.5,7,11.3,7,16.8,6,14.4,7.0,8.5,7,16.9,7,16.2,7,6.3,7,7.3,7,13.9,7,14.9,7,17.2,7,16.6,7,16.0,7,12.0,7
2016-03-31 18:00:00,7.3,4,7.1,4,7.5,4,7.6,2,8.0,6,7.1,1,6.7,2,7.6,2,6.4,6,7.2,6,8.1,6,8.5,7,9.7,7,11.1,7,8.3,3,7.1,7,6.7,7,8.8,7,11.6,7,12.5,7,5.5,7,9.7,7,15.9,6,12.9,6.0,8.0,7,15.3,7,14.9,7,5.7,7,6.4,7,12.8,7,13.3,7,16.1,7,15.8,7,15.7,7,10.5,7
2016-03-31 19:00:00,6.9,3,6.4,4,7.1,3,6.8,2,7.3,7,6.2,1,6.0,1,6.7,1,6.1,6,6.9,6,7.8,6,7.7,7,8.9,6,10.3,7,7.5,2,6.8,7,6.1,7,7.7,7,10.7,7,11.5,7,5.0,7,8.7,7,15.0,7,11.7,6.0,7.7,6,13.6,7,13.5,7,5.4,7,6.2,7,11.9,6,11.7,7,14.7,7,15.0,7,15.4,7,9.9,6
2016-03-31 20:00:00,6.5,2,5.8,4,6.8,3,6.0,2,6.6,7,5.3,1,5.2,1,5.9,1,6.0,6,6.8,6,7.6,6,7.1,7,8.3,6,9.9,7,6.7,2,6.5,6,5.6,7,6.8,6,10.1,7,10.6,7,4.8,7,7.9,7,14.1,7,10.9,6.0,7.6,6,11.9,7,12.1,7,5.3,7,6.3,7,11.1,5,10.3,6,13.3,7,14.2,7,15.2,7,9.8,6
2016-03-31 21:00:00,6.1,2,5.2,3,6.3,3,5.4,2,6.0,7,4.8,2,4.8,1,5.3,1,5.6,5,6.4,6,7.3,6,6.5,7,7.6,6,9.2,7,6.1,2,6.1,6,5.3,7,6.0,6,9.6,7,9.7,7,4.6,7,7.0,7,13.1,7,10.1,6.0,7.4,6,10.4,7,10.9,7,5.1,6,6.3,7,10.6,5,9.3,6,12.3,7,13.5,7,15.0,7,9.6,6
2016-03-31 22:00:00,5.8,2,4.6,3,5.7,3,4.9,2,5.6,7,4.4,2,4.5,1,4.8,1,5.2,4,6.0,6,6.9,6,6.1,7,7.0,6,8.6,7,5.6,2,5.7,6,5.1,7,5.4,6,9.0,7,8.9,7,4.4,7,6.3,7,12.2,7,9.4,6.0,7.2,6,9.2,7,9.9,7,5.0,6,6.4,6,10.2,5,8.6,6,11.5,6,12.8,6,14.7,6,9.5,5
2016-03-31 23:00:00,5.7,2,4.2,3,5.2,4,4.7,2,5.1,7,4.1,2,4.3,2,4.4,2,4.7,4,5.6,5,6.6,5,5.7,7,6.5,6,8.0,6,5.2,3,5.3,6,5.0,7,4.9,6,8.5,7,8.2,6,4.3,7,5.7,7,11.2,7,8.8,6.0,7.1,6,8.4,6,9.1,6,4.9,6,6.5,6,9.9,5,8.2,6,11.0,6,12.2,6,14.5,6,9.4,5
2016-04-01 00:00:00,5.6,3,4.0,3,4.8,4,4.6,2,4.7,7,3.9,3,4.1,2,4.0,2,4.3,3,5.2,5,6.2,5,5.3,7,6.1,6,7.6,6,4.9,3,5.0,6,5.0,6,4.6,6,7.9,7,7.7,6,4.3,6,5.4,6,10.4,7,8.3,6.0,7.0,5,8.0,6,8.5,6,4.9,6,6.7,6,9.7,5,8.0,6,10.6,6,11.7,6,14.3,6,9.5,5
2016-04-01 01:00:00,5.6,3,4.0,3,4.5,5,4.4,3,4.2,7,3.9,3,3.9,3,3.6,3,4.0,3,4.8,5,5.9,5,5.0,7,5.8,6,7.3,6,4.6,3,4.8,6,5.0,6,4.3,6,7.3,7,7.4,6,4.4,6,5.3,6,9.6,6,7.7,6.0,6.9,5,7.9,6,8.1,6,4.9,6,7.0,5,9.7,4,8.1,5,10.5,6,11.3,6,14.2,6,9.6,5
2016-04-01 02:00:00,5.6,4,4.0,4,4.2,5,4.0,4,3.8,8,3.9,4,3.6,3,3.1,4,3.7,4,4.5,5,5.6,5,4.7,7,5.6,5,7.1,6,4.3,4,4.5,6,5.0,6,4.2,6,6.8,7,7.1,6,4.6,6,5.4,6,8.9,6,7.3,6.0,6.9,5,8.0,6,8.0,6,5.0,5,7.3,5,9.7,4,8.3,5,10.6,6,11.1,5,14.0,6,9.9,5
2016-04-01 03:00:00,5.1,1,3.3,1,3.0,1,3.1,2,2.8,2,3.3,2,3.0,1,2.3,2,2.8,1,3.1,1,4.7,1,3.5,5,5.6,5,6.9,6,3.0,1,3.3,2,3.7,4,3.2,6,5.6,6,6.5,7,2.7,6,3.4,7,6.0,7,5.7,6.0,5.1,2,7.7,7,8.0,7,3.7,7,6.6,7,8.2,6,8.0,7,10.8,7,10.9,6,13.6,6,8.2,6
2016-04-01 04:00:00,4.8,1,2.9,1,2.5,2,2.5,3,2.2,2,3.1,3,2.6,1,1.7,2,2.4,1,2.6,2,4.4,2,3.2,5,5.2,4,6.6,5,2.2,1,2.6,2,3.3,5,2.9,5,5.2,6,6.0,7,2.4,5,3.2,7,5.7,7,4.9,6.0,4.5,2,7.3,7,7.7,7,3.6,7,6.4,7,7.8,6,7.6,7,10.4,7,10.5,7,13.5,6,7.9,6
2016-04-01 05:00:00,4.7,2,2.6,2,2.2,2,2.1,3,2.0,2,3.2,3,2.5,2,1.3,2,2.1,1,2.4,2,4.2,2,3.3,4,4.8,4,6.4,4,1.6,2,2.1,2,3.1,5,2.9,5,4.7,6,5.5,7,2.3,4,3.3,7,5.3,7,4.3,7.0,4.1,1,7.2,7,7.7,7,3.7,6,6.1,7,7.5,6,7.3,6,10.1,7,10.2,7,13.5,6,7.8,6
2016-04-01 06:00:00,4.8,2,2.8,2,2.5,2,2.2,4,2.3,2,3.8,3,3.0,2,1.5,2,2.3,2,2.7,2,4.4,2,3.7,4,4.8,3,6.5,4,1.7,2,2.2,2,3.2,5,3.3,4,4.6,6,5.5,7,2.6,4,3.6,6,5.2,7,4.5,7.0,4.3,1,7.3,6,8.2,7,4.2,6,6.0,7,7.7,7,7.5,6,10.2,7,10.6,7,14.0,6,7.9,6
2016-04-01 07:00:00,5.4,2,3.7,2,3.6,2,3.3,3,3.4,2,5.0,3,4.3,2,2.7,2,3.2,2,3.8,2,5.1,2,4.5,3,5.3,3,7.0,3,3.0,2,3.2,2,3.9,5,4.3,4,5.0,5,6.1,6,3.5,4,4.4,6,5.4,7,5.8,7.0,5.3,1,7.8,6,9.2,7,5.3,6,6.4,7,8.4,7,8.3,6,10.9,7,11.8,7,14.9,7,8.4,6
2016-04-01 08:00:00,6.2,2,5.2,2,5.1,2,5.0,3,5.0,1,6.5,3,6.0,2,4.6,2,4.7,2,5.3,2,6.1,2,5.6,3,6.2,3,7.8,3,5.1,2,4.9,2,4.9,5,5.7,3,5.7,5,7.0,6,4.7,4,5.4,6,5.9,6,7.7,6.0,6.8,1,8.5,6,10.6,7,6.6,6,7.2,7,9.4,7,9.4,7,11.8,7,13.4,7,16.0,7,9.1,6
2016-04-01 09:00:00,7.2,2,6.8,2,6.8,2,7.0,2,6.6,2,8.0,3,7.7,2,6.9,1,6.2,2,7.0,2,7.4,2,6.8,3,7.1,4,8.7,4,7.4,2,6.8,2,6.2,5,7.2,3,6.6,5,8.0,6,6.1,4,6.5,7,6.6,6,9.6,5.0,8.5,1,9.4,6,11.9,7,8.0,7,8.1,7,10.5,7,10.6,7,12.7,7,15.0,7,16.8,7,10.0,6
2016-04-01 10:00:00,8.1,2,8.3,2,8.2,2,8.8,2,8.0,3,9.3,3,9.1,2,9.2,1,7.5,2,8.4,2,8.7,2,7.9,3,7.9,4,9.4,4,9.3,2,8.6,2,7.5,5,8.4,3,7.4,4,8.7,6,7.3,4,7.4,7,7.3,6,11.0,5.0,10.1,1,10.3,6,13.0,7,9.1,7,8.9,7,11.3,7,11.5,7,13.3,7,16.1,7,17.0,7,10.8,6
2016-04-01 11:00:00,8.8,2,9.6,2,9.4,2,10.3,2,9.0,4,10.3,3,10.0,2,11.1,2,8.6,2,9.6,3,9.9,2,8.9,4,8.5,4,10.0,4,10.8,2,10.1,2,8.6,5,9.4,4,8.1,4,9.2,6,8.4,4,8.2,7,7.9,6,12.0,4.0,11.5,1,11.2,7,13.7,7,9.9,7,9.7,7,11.9,7,12.2,7,13.6,7,16.8,6,16.9,7,11.6,6
2016-04-01 12:00:00,9.3,2,10.6,2,10.3,2,11.3,2,9.8,4,10.9,4,10.6,3,12.4,2,9.5,2,10.5,3,10.9,3,9.7,5,9.0,4,10.6,4,11.8,1,11.1,2,9.5,5,10.2,4,8.7,4,9.7,5,9.2,4,8.8,7,8.6,6,12.5,4.0,12.5,2,11.9,7,14.3,7,10.4,7,10.4,7,12.4,7,12.8,7,14.0,7,17.2,6,16.8,6,12.2,6
2016-04-01 13:00:00,9.6,2,11.1,2,10.9,2,11.7,2,10.3,4,11.1,4,10.9,2,12.9,2,10.2,2,11.1,3,11.6,3,10.3,5,9.5,5,11.1,5,12.4,1,11.6,3,10.1,5,10.8,4,9.3,4,10.3,4,9.7,4,9.4,6,9.3,7,12.7,4.0,13.1,3,12.3,7,14.7,7,10.7,7,11.0,6,12.8,7,13.2,7,14.5,7,17.5,6,16.9,7,12.7,6
2016-04-01 14:00:00,9.8,2,11.2,2,11.2,2,11.8,2,10.6,3,11.0,4,10.8,2,12.8,2,10.7,3,11.5,3,11.9,3,10.7,6,9.8,5,11.5,6,12.6,1,11.7,4,10.4,5,11.2,5,9.8,5,10.8,4,10.0,5,9.8,6,9.9,6,12.6,4.0,13.3,4,12.5,7,14.8,7,10.9,6,11.5,6,13.0,7,13.5,7,15.0,7,17.6,7,17.0,7,13.1,6
2016-04-01 15:00:00,9.7,2,11.3,2,11.4,1,11.9,2,11.3,3,10.7,5,10.5,5,12.2,2,11.0,2,11.5,2,11.9,2,10.6,4,10.3,6,11.8,5,12.6,2,11.8,2,9.8,4,10.4,6,10.4,5,10.7,7,8.9,3,8.9,7,9.3,7,9.1,7.0,13.2,2,10.2,7,11.5,7,10.5,3,11.9,5,12.2,6,11.8,6,12.4,6,14.1,7,13.5,6,12.6,6
2016-04-01 16:00:00,9.4,2,11.0,2,11.1,2,11.5,2,11.0,2,10.3,5,10.2,5,11.7,2,10.7,2,11.2,2,11.6,2,10.3,4,10.0,5,11.5,5,12.0,2,11.5,2,9.7,4,10.0,7,10.2,5,10.7,7,8.7,3,8.8,7,9.3,7,8.4,7.0,12.8,2,10.0,7,11.1,6,10.2,3,11.6,4,11.6,6,11.1,6,11.9,6,13.5,6,13.3,6,12.2,5
2016-04-01 17:00:00,9.1,1,10.5,1,10.6,2,10.9,2,10.3,2,9.8,6,9.8,5,11.0,3,10.1,2,10.7,2,11.2,2,9.8,4,9.4,4,10.9,5,11.1,2,11.0,2,9.3,3,9.2,7,9.6,5,10.4,6,8.3,3,8.3,7,9.0,7,7.6,6.0,12.1,2,9.6,6,10.6,5,9.7,3,11.0,3,10.9,6,10.2,5,11.3,5,12.6,6,12.9,6,11.5,5
2016-04-01 18:00:00,8.8,1,9.7,1,10.0,2,10.0,2,9.4,2,9.2,6,9.3,4,10.1,3,9.4,2,10.0,2,10.8,2,9.0,4,8.7,3,10.2,4,10.0,2,10.3,2,8.7,4,8.4,6,9.0,4,9.9,6,7.9,2,7.8,7,8.6,7,6.8,6.0,11.1,1,9.2,6,9.9,4,9.0,2,10.3,3,10.4,6,9.4,5,10.7,4,11.6,6,12.5,6,10.9,4
2016-04-01 19:00:00,8.5,2,8.7,2,9.3,2,8.7,2,8.3,2,8.7,6,8.5,4,9.0,3,8.6,2,9.3,2,10.4,2,8.1,3,8.0,3,9.4,3,8.7,3,9.3,1,7.9,4,7.7,5,8.4,4,9.3,6,7.5,2,7.3,7,8.2,7,6.1,6.0,9.9,1,8.8,6,9.3,4,8.0,2,9.5,3,10.1,6,8.9,5,10.5,4,10.9,6,12.2,6,10.5,5
2016-04-01 20:00:00,8.2,2,7.6,2,8.5,2,7.3,2,7.1,2,8.2,6,7.7,5,7.8,3,7.7,2,8.6,2,10.0,2,7.2,3,7.2,2,8.7,3,7.5,4,8.1,1,7.1,4,7.2,4,7.9,3,8.7,6,7.1,2,6.8,7,7.8,6,5.5,6.0,8.7,1,8.5,6,8.7,4,6.9,2,8.8,3,9.9,7,8.6,5,10.5,5,10.4,6,12.0,7,10.2,5
2016-04-01 21:00:00,7.8,2,6.5,2,7.7,2,6.3,2,6.1,2,7.9,6,7.2,5,6.7,4,6.8,2,7.8,3,9.5,2,6.5,3,6.6,2,8.1,3,6.4,4,7.0,2,6.4,4,6.7,4,7.5,3,8.1,6,6.6,2,6.5,7,7.5,6,5.0,6.0,7.6,2,8.0,5,8.0,4,5.7,1,8.1,3,9.5,6,8.1,5,10.2,5,9.9,6,11.8,6,9.9,5
2016-04-01 22:00:00,7.4,2,5.7,2,6.9,2,5.5,3,5.4,2,7.7,6,6.8,5,6.0,4,5.9,2,6.8,3,8.8,2,6.0,4,6.1,2,7.7,3,5.5,4,6.1,2,5.9,4,6.3,3,7.1,2,7.5,6,6.0,3,6.3,6,7.4,6,4.8,6.0,6.7,2,7.6,5,7.4,5,4.8,1,7.5,2,9.2,6,7.8,5,9.9,5,9.5,6,11.8,6,9.7,5
2016-04-01 23:00:00,7.0,2,5.2,2,6.1,3,5.0,3,5.0,3,7.5,6,6.5,5,5.5,4,5.2,2,5.9,3,8.0,3,5.6,4,5.7,2,7.3,4,5.0,5,5.4,2,5.6,4,5.8,3,6.7,3,7.1,6,5.4,3,6.1,6,7.3,6,4.8,6.0,6.1,2,7.2,5,6.9,5,4.2,2,7.1,2,8.8,5,7.5,5,9.6,5,9.1,6,11.8,6,9.5,5
2016-04-02 00:00:00,6.8,2,5.0,2,5.6,3,4.8,3,4.7,4,7.2,6,6.2,5,5.3,5,4.8,2,5.3,4,7.4,3,5.3,5,5.4,3,7.0,4,4.8,5,5.1,2,5.4,5,5.4,3,6.4,3,6.7,6,4.9,4,5.9,6,7.3,6,4.9,6.0,5.7,3,6.8,5,6.5,5,4.0,2,6.8,2,8.6,5,7.3,5,9.4,5,9.0,6,11.8,6,9.3,5
2016-04-02 01:00:00,6.7,3,5.0,3,5.4,4,4.7,4,4.5,4,7.0,6,5.9,6,5.2,5,4.7,3,5.1,4,7.0,3,5.0,6,5.3,3,6.6,5,4.8,5,5.1,2,5.4,5,5.0,4,6.1,4,6.4,6,4.7,4,5.7,6,7.3,6,5.1,6.0,5.5,3,6.5,5,6.3,5,4.1,3,6.6,3,8.4,5,7.1,5,9.3,5,8.9,6,12.0,6,9.1,5
2016-04-02 02:00:00,6.7,4,5.0,3,5.4,5,4.7,4,4.2,5,6.8,6,5.6,6,5.0,5,4.6,4,5.1,5,6.8,4,4.7,6,5.2,4,6.2,5,5.0,5,5.1,2,5.2,6,4.5,4,5.7,6,6.2,6,4.6,4,5.4,6,7.2,6,5.3,6.0,5.5,4,6.4,5,6.3,5,4.3,4,6.4,5,8.3,5,7.1,5,9.2,5,9.0,5,12.1,6,8.9,5
2016-04-02 03:00:00,6.6,4,5.4,6,5.2,5,4.5,4,3.5,3,6.1,3,5.0,3,4.0,2,4.3,6,5.0,6,6.6,6,4.9,6,5.8,5,6.5,5,4.4,2,4.5,6,4.3,3,4.1,6,6.0,7,6.4,5,4.1,4,4.2,6,7.4,6,5.2,6.0,4.4,1,7.8,6,7.6,7,2.8,1,5.8,2,9.1,7,8.7,7,9.7,7,9.1,6,12.9,7,9.4,7
2016-04-02 04:00:00,6.4,4,5.0,6,4.8,5,4.1,5,3.1,3,5.8,3,4.8,3,3.4,3,4.0,6,4.6,6,6.1,6,4.4,5,5.5,5,6.4,5,4.1,3,4.0,6,3.8,5,3.2,6,5.5,7,6.1,5,3.8,3,3.8,6,7.1,6,4.7,6.0,4.1,1,7.4,6,7.2,7,2.3,1,5.2,4,8.8,7,8.5,6,9.6,7,8.9,6,13.0,7,9.2,7
2016-04-02 05:00:00,6.3,5,4.8,6,4.8,5,3.8,5,3.0,3,5.6,3,4.8,2,3.0,3,3.8,6,4.4,6,5.8,6,4.0,5,5.3,6,6.7,5,3.8,5,3.6,6,3.4,6,2.6,6,5.2,7,6.0,4,3.6,3,3.7,6,6.9,6,4.4,6.0,4.0,2,7.3,6,7.0,7,2.1,1,4.7,5,8.6,7,8.4,6,9.6,7,9.0,7,13.2,6,9.0,7
2016-04-02 06:00:00,6.5,5,5.0,6,5.2,5,4.1,6,3.6,3,5.9,3,5.3,2,3.2,4,4.2,6,4.7,6,6.0,6,4.3,4,5.6,5,7.3,6,4.1,6,3.8,7,3.5,6,2.9,6,5.5,6,6.4,4,4.0,4,4.1,6,7.0,6,4.8,7.0,4.6,2,7.7,6,7.3,6,3.0,2,4.8,6,8.9,7,8.8,6,10.0,7,9.6,7,13.8,6,9.2,7
2016-04-02 07:00:00,7.1,5,6.0,6,6.3,5,5.3,5,5.1,3,6.8,3,6.4,2,4.4,4,5.2,6,5.7,6,6.8,6,5.6,4,6.6,5,8.3,5,5.3,5,4.8,6,4.5,6,4.4,7,6.7,6,7.5,4,5.1,4,5.2,6,7.5,6,6.3,7.0,6.0,2,8.6,6,8.4,6,5.2,2,5.9,6,10.0,7,9.9,6,10.9,7,11.0,7,14.8,6,9.8,7
2016-04-02 08:00:00,7.9,5,7.4,6,7.8,5,7.0,5,7.1,3,8.1,2,7.8,2,6.3,3,6.7,6,7.1,6,8.1,6,7.6,5,8.0,5,9.7,5,7.0,4,6.5,6,6.1,6,6.6,6,8.3,6,8.9,5,6.8,5,6.8,6,8.3,6,8.5,7.0,8.0,1,10.0,7,9.9,7,8.2,2,7.8,6,11.4,7,11.3,7,12.2,7,12.8,6,15.9,7,10.7,7
2016-04-02 09:00:00,8.9,6,9.0,7,9.5,5,8.9,4,9.2,3,9.4,2,9.1,2,8.5,2,8.4,6,8.8,6,9.7,6,9.7,5,9.5,4,11.0,5,9.0,3,8.4,6,7.9,5,9.0,6,10.0,6,10.4,5,8.7,6,8.5,5,9.3,6,10.8,7.0,10.2,1,11.4,7,11.7,7,11.1,2,9.9,5,12.8,7,12.9,7,13.5,7,14.6,6,16.8,7,11.6,7
2016-04-02 10:00:00,9.9,6,10.4,7,11.0,5,10.6,4,11.0,4,10.4,2,10.1,3,10.5,2,10.0,6,10.5,6,11.3,6,11.5,5,10.9,4,12.2,4,10.8,3,10.2,5,9.7,5,10.9,5,11.3,5,11.6,5,10.5,6,10.2,6,10.4,6,12.7,6.0,12.4,1,12.7,7,13.4,7,13.2,2,12.0,5,13.7,7,14.2,7,14.7,7,16.1,5,17.2,7,12.4,7
2016-04-02 11:00:00,10.7,6,11.6,7,12.3,5,11.9,3,12.5,4,11.0,2,10.8,3,12.1,3,11.4,6,11.9,6,12.7,6,12.8,4,12.0,4,13.3,4,12.3,3,11.7,5,11.3,5,12.4,4,12.3,5,12.6,4,12.0,7,11.7,6,11.5,7,14.2,6.0,14.3,1,14.0,7,14.8,7,14.5,2,13.8,6,14.2,7,15.3,7,15.6,7,17.1,5,17.2,7,13.1,7
2016-04-02 12:00:00,11.3,6,12.5,6,13.3,5,12.8,3,13.5,4,11.4,2,11.2,3,13.2,4,12.4,6,13.0,7,13.7,6,13.9,4,13.0,3,14.3,4,13.4,3,12.8,5,12.6,5,13.5,4,13.0,5,13.4,4,13.2,7,13.2,6,12.5,7,15.2,7.0,15.9,2,15.1,7,15.9,7,15.5,2,15.3,6,14.5,7,16.0,7,16.4,7,17.8,5,17.2,7,13.7,7
2016-04-02 13:00:00,11.6,6,13.0,6,14.1,5,13.3,4,14.2,4,11.5,2,11.4,3,13.7,4,13.0,7,13.6,7,14.2,7,14.7,5,13.7,3,15.2,4,14.2,3,13.5,5,13.6,6,14.4,4,13.6,5,14.0,4,14.0,7,14.6,7,13.4,7,15.7,7.0,17.0,2,16.1,7,16.5,7,16.4,2,16.4,6,14.7,7,16.4,7,17.0,7,18.1,6,17.3,7,14.3,7
2016-04-02 14:00:00,11.6,6,13.2,7,14.5,5,13.4,4,14.5,3,11.4,3,11.3,4,13.7,4,13.3,7,13.8,7,14.3,7,15.1,6,14.2,3,15.9,4,14.5,2,13.9,5,14.1,6,15.0,6,14.1,6,14.5,4,14.4,7,15.6,7,14.0,7,15.6,7.0,17.6,2,16.8,7,16.7,7,17.0,2,17.0,6,14.7,7,16.5,7,17.3,7,18.0,6,17.4,7,14.7,7
2016-04-02 15:00:00,11.9,6,13.5,6,14.7,7,13.1,4,15.3,5,10.9,6,11.3,4,13.6,6,12.8,7,13.7,7,14.1,7,15.5,7,15.9,3,17.9,6,13.9,4,13.3,4,13.3,7,13.7,7,15.5,6,16.9,5,13.0,7,14.7,7,15.3,6,16.7,6.0,17.0,3,15.4,7,15.0,7,15.8,4,16.2,5,14.0,7,14.9,7,15.5,7,17.3,6,17.8,7,14.9,7
2016-04-02 16:00:00,11.7,7,13.0,6,14.4,7,12.4,4,14.9,6,10.3,7,10.6,4,12.8,6,12.9,6,13.6,7,14.2,6,14.9,6,15.5,4,17.3,7,13.2,5,13.1,4,13.1,7,13.5,7,14.8,7,16.6,6,12.7,7,14.3,7,15.2,6,15.6,6.0,16.6,4,15.2,7,14.7,7,15.3,3,15.8,6,13.9,7,14.6,7,15.3,7,17.0,6,17.3,5,14.6,6
2016-04-02 17:00:00,11.4,7,12.4,6,14.0,6,11.6,5,14.3,6,9.7,7,9.9,5,11.9,6,12.8,6,13.4,6,14.1,6,13.8,6,14.6,5,16.2,7,12.2,6,12.7,5,12.6,7,13.1,7,13.9,7,15.8,7,12.3,6,13.6,7,14.8,6,14.3,5.0,15.9,6,14.5,7,14.2,7,14.4,3,15.0,6,13.8,7,14.1,7,14.8,7,16.3,5,16.6,4,14.2,6
2016-04-02 18:00:00,11.0,7,11.7,6,13.4,6,10.8,5,13.5,6,9.1,7,9.2,6,10.9,6,12.5,6,13.0,6,14.0,6,12.7,6,13.6,6,15.0,7,11.2,7,12.3,5,12.0,7,12.5,7,13.0,7,14.9,7,11.8,6,12.8,6,14.2,6,13.0,5.0,15.0,7,13.6,7,13.4,7,13.2,3,14.2,6,13.5,7,13.3,7,14.2,7,15.4,5,16.0,3,13.6,6
2016-04-02 19:00:00,10.6,7,11.1,6,12.7,6,10.0,5,12.6,6,8.8,7,8.6,6,10.0,6,12.0,6,12.5,6,13.7,6,11.9,6,12.8,7,14.0,7,10.3,7,11.9,5,11.3,6,11.9,7,12.4,7,13.9,7,11.3,6,12.1,6,13.7,6,11.9,5.0,14.1,7,12.6,7,12.4,7,11.9,3,13.4,6,13.2,7,12.2,7,13.6,7,14.5,5,15.5,3,13.0,6
2016-04-02 20:00:00,10.3,6,10.6,6,12.1,6,9.3,6,11.7,6,8.6,7,8.1,6,9.2,5,11.3,6,11.9,6,13.2,6,11.3,6,12.1,6,13.4,6,9.5,6,11.5,5,10.7,6,11.4,7,12.0,7,13.0,7,10.8,6,11.6,6,13.2,6,10.9,5.0,13.3,6,11.6,7,11.4,7,10.7,4,12.7,5,12.9,7,11.1,7,13.0,7,13.8,4,15.2,4,12.5,6
2016-04-02 21:00:00,10.0,6,10.2,6,11.6,6,8.8,5,11.0,6,8.5,7,7.8,5,8.7,5,10.7,6,11.4,6,12.7,6,10.9,6,11.5,6,12.6,6,9.0,6,11.0,6,10.3,6,10.9,7,11.4,7,12.2,6,10.4,6,11.2,6,12.8,6,10.0,5.0,12.6,6,10.7,7,10.6,6,9.7,4,12.1,5,12.4,6,10.3,7,12.5,6,13.1,4,14.7,4,12.0,6
2016-04-02 22:00:00,9.7,6,9.8,6,11.3,6,8.4,5,10.3,6,8.4,6,7.6,4,8.4,4,10.3,5,11.1,6,12.3,6,10.5,6,11.0,6,11.8,6,8.8,5,10.5,6,10.1,6,10.5,6,10.8,7,11.5,6,10.1,6,10.9,6,12.4,6,9.2,5.0,12.1,5,10.1,7,9.8,6,9.1,4,11.6,5,11.9,6,9.8,6,12.1,6,12.5,4,14.2,5,11.5,6
2016-04-02 23:00:00,9.4,6,9.5,6,10.9,6,8.2,5,9.6,6,8.3,6,7.4,3,8.2,4,9.9,5,10.8,5,11.9,6,10.2,7,10.5,7,11.1,6,8.7,5,10.0,6,9.9,6,10.1,6,10.2,7,10.8,6,9.8,6,10.6,5,12.0,6,8.5,5.0,11.6,5,9.6,6,9.2,6,8.8,4,11.1,5,11.4,6,9.5,6,11.7,6,11.9,4,13.7,5,11.2,6
2016-04-03 00:00:00,9.2,6,9.2,6,10.6,6,8.1,5,9.0,6,8.2,6,7.4,3,8.0,4,9.6,5,10.5,5,11.6,6,9.8,7,10.0,6,10.3,6,8.8,5,9.7,6,9.8,6,9.7,6,9.6,7,10.2,6,9.4,6,10.3,5,11.6,6,8.0,5.0,11.2,4,9.3,6,8.7,6,8.6,4,10.8,5,11.1,5,9.5,6,11.4,6,11.3,4,13.3,5,11.0,5
2016-04-03 01:00:00,9.0,7,9.0,6,10.1,6,8.0,5,8.4,6,8.0,6,7.3,4,7.7,5,9.3,5,10.1,5,11.3,6,9.3,7,9.4,6,9.6,6,8.8,5,9.4,6,9.5,6,9.0,5,9.0,7,9.5,6,8.9,5,9.8,5,11.1,6,7.5,5.0,10.7,4,9.1,6,8.1,6,8.3,5,10.5,5,10.9,5,9.5,6,11.2,6,10.7,5,12.9,5,11.0,5
2016-04-03 02:00:00,8.9,7,8.8,6,9.5,6,7.9,5,7.9,6,7.8,6,7.3,5,7.4,5,8.9,5,9.6,5,10.9,6,8.9,7,8.9,5,8.9,6,8.8,6,9.2,6,9.2,6,8.4,5,8.6,7,8.9,6,8.4,5,9.2,5,10.7,6,7.1,5.0,10.2,5,8.9,6,7.7,6,8.0,5,10.2,5,10.8,5,9.6,5,10.9,5,10.0,5,12.6,5,11.0,5
2016-04-03 03:00:00,9.7,7,9.7,7,10.0,7,8.5,7,9.7,5,8.1,7,7.5,4,8.3,7,9.7,7,10.4,6,11.2,6,10.5,5,10.3,6,10.5,4,8.9,7,9.4,6,9.3,6,9.6,6,10.4,6,9.3,2,10.0,6,10.4,5,12.7,4,8.5,4.0,10.4,7,10.6,5,10.5,4,8.3,7,12.3,6,13.1,7,11.8,5,15.1,5,13.6,4,15.2,4,11.6,6
2016-04-03 04:00:00,9.5,7,9.3,7,9.8,7,8.0,7,9.2,5,7.9,7,7.3,4,7.9,7,9.2,7,9.8,6,10.7,6,9.9,5,9.9,5,10.3,4,8.6,7,8.9,6,8.7,7,9.0,6,10.0,6,9.0,2,9.8,7,10.1,6,12.3,4,7.8,4.0,10.1,6,10.4,5,10.1,4,7.8,6,12.0,6,12.8,7,11.6,5,14.8,5,13.1,5,14.9,4,11.8,6
2016-04-03 05:00:00,9.4,7,8.8,7,9.7,7,7.5,6,9.0,6,7.8,7,7.2,5,7.6,7,8.9,7,9.4,7,10.5,7,9.4,4,9.8,5,10.5,3,8.4,7,8.6,6,8.5,7,8.7,6,9.8,6,9.0,2,9.9,7,10.0,6,12.0,4,7.3,4.0,10.0,6,10.6,5,9.9,4,7.6,5,11.7,7,12.7,7,11.6,6,14.9,6,12.9,5,14.9,5,12.3,6
2016-04-03 06:00:00,9.6,7,8.9,7,10.1,7,7.6,6,9.3,6,8.1,7,7.6,6,7.8,6,9.1,7,9.5,7,10.7,7,9.6,4,10.3,4,11.2,3,8.6,7,8.8,7,8.7,7,9.0,6,10.1,6,9.8,2,10.2,7,10.5,6,12.2,4,7.8,4.0,10.2,6,11.3,5,10.5,4,8.2,5,11.9,7,12.9,7,12.1,6,15.4,6,13.3,6,15.2,5,12.9,6
2016-04-03 07:00:00,10.2,7,9.8,7,11.0,6,8.7,7,10.5,6,9.0,7,8.5,6,8.7,6,10.0,6,10.4,6,11.5,6,10.7,4,11.6,4,12.5,3,9.5,6,9.7,7,9.6,6,10.2,6,11.2,5,11.4,2,10.9,6,11.6,5,13.0,4,9.7,4.0,11.0,5,12.5,5,12.0,5,9.9,5,12.7,6,13.7,7,13.2,6,16.3,7,14.7,6,16.1,5,13.6,7
2016-04-03 08:00:00,11.1,7,11.3,7,12.1,6,10.4,7,12.2,5,10.1,6,9.8,6,10.1,6,11.4,6,11.8,6,12.7,6,12.5,4,13.3,4,14.2,3,10.8,6,11.2,6,11.1,5,12.1,6,12.7,5,13.5,2,12.0,6,13.1,5,14.3,3,12.4,4.0,12.3,5,14.1,5,14.0,5,12.3,5,13.9,5,14.8,7,14.7,7,17.4,7,16.6,5,17.2,6,14.3,7
2016-04-03 09:00:00,12.1,7,12.9,7,13.4,6,12.2,6,13.9,5,11.2,5,11.1,5,11.8,6,12.9,5,13.3,5,14.1,5,14.2,4,14.9,4,15.8,3,12.2,5,12.9,6,12.8,5,14.1,6,14.2,4,15.6,2,13.3,5,14.8,4,15.7,3,15.3,4.0,13.8,4,15.6,5,16.1,6,14.6,6,15.2,4,15.8,7,16.1,7,18.4,7,18.5,5,18.1,6,15.0,7
2016-04-03 10:00:00,13.0,7,14.2,6,14.6,7,13.7,5,15.3,5,11.9,5,12.2,4,13.5,6,14.2,5,14.6,5,15.4,5,15.5,4,16.0,4,17.1,3,13.5,5,14.5,5,14.6,4,15.9,5,15.4,3,17.2,2,14.8,5,16.4,3,16.9,3,17.8,4.0,15.3,4,16.9,6,17.8,6,16.3,6,16.4,3,16.4,7,17.3,7,19.0,7,19.9,4,18.6,6,15.7,6
2016-04-03 11:00:00,13.6,6,15.1,6,15.6,7,14.8,4,16.4,4,12.3,4,12.9,3,14.9,6,15.2,6,15.8,6,16.5,6,16.5,4,16.6,3,18.2,3,14.5,5,15.9,5,16.2,4,17.3,4,16.3,3,18.3,2,16.1,4,17.7,3,17.9,3,19.6,3.0,16.7,4,18.0,6,19.0,6,17.3,6,17.5,3,16.6,7,18.1,7,19.3,6,20.8,4,18.7,5,16.4,6
2016-04-03 12:00:00,14.1,6,15.8,5,16.4,7,15.5,4,17.2,4,12.6,4,13.3,3,15.8,6,16.0,6,16.7,6,17.4,6,17.3,3,17.2,3,19.2,2,15.2,6,16.9,5,17.5,4,18.5,3,17.1,2,19.1,2,17.0,4,18.9,3,18.7,4,20.8,3.0,17.8,4,18.8,6,19.9,6,18.1,5,18.4,2,16.7,7,18.7,7,19.5,6,21.3,4,18.7,5,17.0,6
2016-04-03 13:00:00,14.3,6,16.2,6,17.1,7,15.7,4,17.7,5,12.9,3,13.2,4,16.1,6,16.6,7,17.4,6,18.0,6,18.0,3,17.9,3,20.2,2,15.5,5,17.4,5,18.3,4,19.4,3,18.0,3,19.7,2,17.2,4,19.8,3,19.3,4,21.2,3.0,18.4,4,19.4,6,20.4,6,18.7,5,19.1,2,16.8,7,19.0,7,19.6,6,21.5,5,18.7,5,17.3,6
2016-04-03 14:00:00,14.3,6,16.4,6,17.4,7,15.5,5,18.0,5,13.0,4,12.8,5,15.9,6,16.8,7,17.7,6,18.2,7,18.5,4,18.4,3,20.9,2,15.4,5,17.3,6,18.5,5,19.8,3,18.7,3,20.0,3,16.8,4,20.2,4,19.6,5,20.9,4.0,18.5,5,19.6,7,20.5,6,18.9,5,19.4,2,16.8,7,19.0,7,19.6,6,21.4,5,18.7,6,17.4,6
2016-04-03 15:00:00,14.2,4,16.4,4,17.5,5,15.9,7,18.3,6,12.0,7,12.6,7,15.6,7,17.0,3,17.5,4,18.0,4,18.4,5,18.7,6,20.3,7,15.5,7,17.4,5,17.6,3,18.2,4,17.9,6,19.3,6,15.9,5,18.1,4,17.8,6,18.1,7.0,19.1,7,17.5,7,16.4,7,18.1,5,18.7,5,15.5,7,16.8,7,17.5,7,17.8,7,16.9,7,16.6,6
2016-04-03 16:00:00,14.2,5,15.8,5,17.2,5,15.0,7,17.6,6,11.5,7,11.9,7,14.7,7,16.3,4,16.8,5,17.4,4,17.5,6,17.9,7,19.4,7,14.7,7,16.5,6,16.9,4,17.4,4,17.3,6,18.7,7,15.2,6,17.2,4,17.3,6,16.7,6.0,17.8,7,16.6,7,15.9,7,16.7,5,18.1,5,15.0,7,15.9,6,16.7,6,17.2,6,16.5,7,16.1,6
2016-04-03 17:00:00,14.0,5,15.0,5,16.6,5,13.9,7,16.5,6,10.8,7,11.2,7,13.6,7,15.3,5,15.9,5,16.5,5,16.3,6,16.8,7,18.0,7,13.6,7,15.4,6,15.9,5,16.2,5,16.3,6,17.7,6,14.3,6,15.9,3,16.5,5,14.9,6.0,16.2,7,15.4,7,15.3,7,15.0,4,17.1,6,14.3,7,14.8,6,15.8,6,16.4,6,16.1,7,15.5,6
2016-04-03 18:00:00,13.7,6,14.2,5,15.8,5,12.8,7,15.4,6,10.2,6,10.4,7,12.5,7,14.3,5,14.9,5,15.7,5,15.0,5,15.6,7,16.6,7,12.5,7,14.3,6,14.7,6,14.8,5,15.2,6,16.6,6,13.4,6,14.7,3,15.6,4,13.2,6.0,14.7,7,14.3,7,14.5,6,13.3,4,16.1,6,13.7,7,13.8,6,15.1,6,15.7,6,15.7,7,14.7,6
2016-04-03 19:00:00,13.3,6,13.4,5,14.9,6,11.8,6,14.3,6,9.6,6,9.7,7,11.4,6,13.6,5,14.2,5,15.1,5,14.0,4,14.6,7,15.5,6,11.5,6,13.5,6,13.6,6,13.6,5,14.3,6,15.3,6,12.6,6,13.7,3,14.8,4,12.0,6.0,13.5,6,13.4,7,13.7,6,11.9,5,15.1,6,13.5,6,13.0,6,14.9,6,15.2,6,15.4,7,13.8,6
2016-04-03 20:00:00,12.8,6,12.7,5,14.1,6,10.9,6,13.4,5,9.0,6,9.0,7,10.5,6,13.0,5,13.6,5,14.6,5,13.3,4,13.9,7,14.6,6,10.6,6,12.8,6,12.7,6,12.6,6,13.5,6,14.1,6,11.9,6,12.9,3,14.1,5,11.2,6.0,12.7,6,12.9,7,12.9,6,10.8,6,14.2,6,13.4,6,12.6,6,15.0,6,14.8,6,15.2,7,13.0,5
2016-04-03 21:00:00,12.4,6,12.1,5,13.4,6,10.3,6,12.8,5,8.6,6,8.5,6,9.8,6,12.4,6,13.1,5,14.0,5,12.5,3,13.1,6,13.7,6,10.0,6,12.2,6,12.0,6,12.0,6,12.7,6,13.0,6,11.2,6,12.3,3,13.8,5,10.5,6.0,11.9,6,12.3,7,12.2,6,9.8,6,13.3,6,13.2,6,12.2,6,14.8,6,14.3,6,15.0,6,12.5,5
2016-04-03 22:00:00,12.1,6,11.5,5,12.9,6,9.9,6,12.4,5,8.4,5,8.1,6,9.4,5,11.8,6,12.6,6,13.6,5,11.9,4,12.5,6,13.0,6,9.5,6,11.7,6,11.5,6,11.4,6,12.1,6,12.1,5,10.5,6,11.8,4,13.5,5,10.0,6.0,11.3,5,11.8,7,11.6,6,8.9,6,12.5,6,13.0,6,11.9,6,14.5,6,13.8,6,14.7,6,12.2,5
2016-04-03 23:00:00,11.7,6,11.1,5,12.5,6,9.7,6,12.1,5,8.2,5,7.8,6,9.1,5,11.4,6,12.1,6,13.2,5,11.5,4,12.0,6,12.3,6,9.1,5,11.2,6,11.1,6,10.8,6,11.6,6,11.2,5,10.0,6,11.3,4,13.2,5,9.7,6.0,10.8,5,11.4,7,11.0,6,8.3,6,11.8,6,12.8,6,11.7,6,14.2,6,13.4,6,14.5,6,12.1,5
2016-04-04 00:00:00,11.4,6,10.8,6,12.1,6,9.5,6,11.8,5,8.1,5,7.5,6,8.8,5,11.0,6,11.7,6,12.9,5,11.1,5,11.6,6,11.7,6,8.9,5,10.9,6,10.8,6,10.3,6,11.2,7,10.6,5,9.6,6,10.9,4,13.0,5,9.4,6.0,10.4,5,11.0,7,10.5,6,7.8,6,11.3,5,12.6,6,11.5,6,13.9,5,13.1,6,14.4,6,12.0,5
2016-04-04 01:00:00,11.0,6,10.7,6,11.8,6,9.2,6,11.4,5,7.9,5,7.4,6,8.4,5,10.7,6,11.4,6,12.6,5,10.8,5,11.3,5,11.2,6,8.7,6,10.6,6,10.6,6,10.0,6,10.9,7,10.0,5,9.3,6,10.6,5,12.9,5,9.2,5.0,10.1,5,10.7,6,10.1,6,7.5,6,10.9,5,12.5,6,11.4,6,13.7,5,12.8,5,14.2,6,12.1,5
2016-04-04 02:00:00,10.8,7,10.7,6,11.6,6,8.9,6,10.9,5,7.7,6,7.3,6,7.9,5,10.4,5,11.2,5,12.4,5,10.7,6,11.1,5,10.8,6,8.6,6,10.3,6,10.4,6,9.7,5,10.7,7,9.7,5,9.1,6,10.4,5,12.8,6,9.0,5.0,10.0,5,10.6,6,9.8,6,7.3,5,10.7,5,12.5,5,11.4,5,13.4,5,12.6,5,14.2,6,12.2,5
2016-04-04 03:00:00,9.9,6,9.3,6,10.5,7,7.4,5,9.6,7,7.0,5,6.9,5,7.2,4,8.8,7,9.4,7,10.5,7,9.2,6,11.1,6,11.7,7,7.4,5,7.8,6,8.2,5,7.9,6,8.9,7,10.5,7,6.8,5,8.2,5,11.0,7,8.2,6.0,8.4,6,10.2,7,9.0,6,7.0,4,10.2,5,11.8,6,10.8,7,12.6,6,11.2,6,13.5,5,10.8,5
2016-04-04 04:00:00,9.5,6,8.7,6,10.2,7,6.9,5,9.3,7,6.7,5,6.9,5,6.8,5,8.2,7,8.9,7,10.0,7,9.0,6,10.7,6,11.5,7,7.0,5,7.2,6,7.6,5,7.4,5,8.4,7,10.4,7,6.5,5,7.8,5,10.6,7,7.6,7.0,8.4,7,10.1,7,8.7,6,7.0,5,9.9,5,11.8,6,10.8,7,12.3,6,10.7,6,13.2,5,10.7,5
2016-04-04 05:00:00,9.1,6,8.3,6,10.0,7,6.4,5,9.3,7,6.5,6,6.9,5,6.6,5,7.8,7,8.6,7,9.7,7,9.0,6,10.5,6,11.6,7,6.8,6,6.6,6,7.3,4,7.2,3,8.0,7,10.5,7,6.4,5,7.7,4,10.2,6,7.4,7.0,8.5,7,10.1,7,8.8,6,7.0,5,9.6,6,11.9,7,11.0,7,12.2,6,10.5,7,13.2,5,10.8,6
2016-04-04 06:00:00,9.0,6,8.3,6,10.2,7,6.4,5,9.7,7,6.8,6,7.2,4,6.7,6,7.9,6,8.7,6,9.7,6,9.4,6,10.6,6,12.0,7,6.9,6,6.6,6,7.5,4,7.6,3,8.2,7,11.0,7,6.8,5,8.1,4,10.2,6,7.9,7.0,8.8,7,10.6,7,9.3,6,7.5,6,9.7,6,12.3,7,11.5,7,12.7,6,11.0,7,13.5,6,11.3,6
2016-04-04 07:00:00,9.3,6,8.9,6,11.1,7,7.1,5,9.7,7,7.7,5,7.8,4,7.6,6,8.6,6,9.4,6,10.1,6,10.3,6,10.3,6,12.8,7,8.3,6,7.4,6,8.4,4,8.7,3,9.2,7,12.0,7,7.7,6,9.0,4,10.6,6,10.5,7.0,9.5,7,12.6,7,10.4,6,8.1,6,10.4,6,13.4,7,13.1,7,13.5,7,12.5,7,14.4,6,12.1,7
2016-04-04 08:00:00,9.9,6,9.9,6,11.7,7,8.4,5,10.9,7,8.8,5,8.6,5,8.9,6,9.7,5,10.4,5,10.8,5,11.5,6,11.1,5,13.8,7,9.2,6,8.7,6,9.7,4,10.2,4,10.7,6,13.1,7,9.0,6,10.2,5,11.4,6,12.5,7.0,10.5,7,13.4,7,11.9,6,9.6,7,11.7,6,13.9,7,14.1,7,14.4,7,14.5,7,15.4,7,13.1,7
2016-04-04 09:00:00,10.6,6,11.0,5,12.2,6,9.8,5,12.1,6,10.0,4,9.5,5,10.3,6,10.8,5,11.6,5,11.7,5,12.7,5,11.8,5,14.8,6,10.3,6,10.2,6,11.2,4,11.9,4,12.2,6,14.1,6,10.5,6,11.7,5,12.6,6,14.3,7.0,11.6,7,14.3,7,13.3,7,11.1,7,13.1,6,14.2,7,15.1,7,15.2,7,16.2,7,16.1,7,14.2,7
2016-04-04 10:00:00,11.2,5,11.9,5,12.7,6,11.1,5,13.3,5,10.8,5,10.4,5,11.5,5,11.7,5,12.6,5,12.6,5,13.7,5,12.4,4,15.6,5,11.2,7,11.5,6,12.7,4,13.4,5,13.4,6,14.7,6,11.9,6,13.1,6,14.0,6,15.3,6.0,12.9,7,15.1,7,14.4,7,12.2,6,14.5,6,14.2,7,15.9,7,15.5,7,17.1,7,16.2,7,15.2,6
2016-04-04 11:00:00,11.6,5,12.6,4,13.2,5,12.0,5,14.3,5,11.4,5,11.1,5,12.3,5,12.5,5,13.5,5,13.4,5,14.5,4,12.8,4,16.2,4,12.1,7,12.5,6,13.9,4,14.7,5,14.3,5,15.0,6,13.0,7,14.4,5,15.3,6,15.8,6.0,14.1,7,15.8,7,15.2,7,13.0,6,15.7,6,14.1,7,16.5,7,15.5,7,17.3,7,15.8,7,16.2,6
2016-04-04 12:00:00,11.9,4,13.0,4,13.6,4,12.6,5,14.9,4,11.6,5,11.5,5,12.9,5,13.0,6,14.1,5,14.0,5,15.1,4,13.2,5,16.8,4,12.9,7,13.3,6,14.8,5,15.6,5,15.0,5,15.3,6,13.8,7,15.4,5,16.4,6,16.3,6.0,15.0,7,16.3,7,15.8,7,13.7,6,16.7,6,14.1,7,17.0,7,15.3,7,17.3,7,15.5,7,16.9,6
2016-04-04 13:00:00,12.1,5,13.2,5,14.0,4,12.7,5,15.3,5,11.6,5,11.5,6,13.2,5,13.4,6,14.4,6,14.2,6,15.5,5,13.8,5,17.6,4,13.3,7,13.8,6,15.2,5,16.1,6,15.6,6,15.8,6,14.1,7,15.8,6,16.9,7,16.9,6.0,15.8,7,16.7,7,16.2,7,14.1,6,17.5,6,14.1,7,17.2,7,15.2,7,17.3,6,15.4,7,17.4,6
2016-04-04 14:00:00,12.1,5,13.1,5,14.1,4,12.5,6,15.4,6,11.4,5,11.1,6,13.2,6,13.5,7,14.5,7,14.2,7,15.7,6,14.2,6,18.1,5,13.5,7,14.0,7,15.2,6,16.1,6,16.0,6,16.3,6,13.9,7,15.9,7,17.1,7,17.4,7.0,16.1,7,16.9,7,16.3,7,14.3,6,17.9,6,14.1,7,17.3,7,15.0,7,17.2,6,15.5,7,17.6,7
2016-04-04 15:00:00,11.8,7,13.5,7,14.9,5,12.4,7,15.6,6,11.1,7,10.7,7,12.8,7,13.4,7,13.9,7,14.5,7,16.0,6,16.0,6,18.2,6,13.0,7,13.5,7,15.2,7,16.2,7,16.6,5,17.3,5,13.5,7,16.7,7,17.0,6,17.5,6.0,15.9,7,17.3,7,16.4,7,15.0,7,17.7,7,15.3,7,16.5,7,17.1,6,17.7,6,15.7,7,16.7,6
2016-04-04 16:00:00,11.5,7,13.1,7,14.5,6,11.8,7,15.1,7,10.6,6,10.1,7,12.2,7,13.2,7,13.6,7,14.3,7,15.3,6,15.3,6,17.4,6,12.6,7,13.1,7,14.6,7,15.4,7,16.1,6,16.8,5,13.0,7,15.8,7,16.6,6,16.3,6.0,15.3,7,16.7,7,16.0,7,14.1,7,17.1,7,14.9,7,15.9,7,16.6,6,17.1,6,15.6,7,16.3,7
2016-04-04 17:00:00,11.2,7,12.4,7,13.9,6,11.0,7,14.4,7,10.0,5,9.5,7,11.5,7,12.7,7,13.2,7,14.0,7,14.1,7,14.2,6,16.3,6,11.9,7,12.6,7,13.8,7,14.3,7,15.1,6,16.1,6,12.5,7,14.6,7,16.0,6,14.6,5.0,14.5,7,15.8,6,15.4,7,13.0,7,16.2,7,14.5,7,15.0,7,15.9,6,16.3,7,15.4,7,15.8,7
2016-04-04 18:00:00,10.8,7,11.7,7,13.2,6,10.2,7,13.5,7,9.3,5,8.8,7,10.6,7,12.2,7,12.8,7,13.6,7,12.8,7,13.1,6,15.1,6,11.1,7,12.0,7,12.8,7,13.1,7,14.0,7,15.1,6,11.9,7,13.5,6,15.2,5,13.0,4.0,13.6,7,14.8,6,14.6,7,11.9,6,15.3,7,14.1,7,14.2,7,15.5,7,15.4,7,15.1,7,15.1,7
2016-04-04 19:00:00,10.4,7,11.0,7,12.5,6,9.4,7,12.5,7,8.7,5,8.1,6,9.7,7,11.7,7,12.4,7,13.1,7,11.8,7,12.4,6,14.2,6,10.2,6,11.5,6,12.0,6,12.2,7,12.8,6,14.1,6,11.4,7,12.8,6,14.4,5,11.9,5.0,12.8,6,14.0,6,13.7,7,11.0,7,14.5,7,14.0,7,13.6,7,15.4,7,14.7,6,14.8,7,14.4,7
2016-04-04 20:00:00,10.1,7,10.4,7,11.9,6,8.7,6,11.7,6,8.1,5,7.4,6,8.8,6,11.2,6,12.0,6,12.7,6,11.1,7,12.0,6,13.5,6,9.4,6,11.2,6,11.4,6,11.6,7,11.8,6,13.2,7,11.0,6,12.3,6,13.8,6,11.1,5.0,12.1,6,13.4,7,12.9,7,10.3,7,13.9,7,14.1,7,13.2,7,15.5,7,14.2,6,14.5,7,13.9,6
2016-04-04 21:00:00,9.9,7,9.8,7,11.4,6,8.0,6,10.9,6,7.7,5,6.9,6,8.1,6,10.7,6,11.5,6,12.3,6,10.6,7,11.6,6,12.9,6,8.8,6,10.8,6,10.8,6,10.9,7,11.0,6,12.4,6,10.5,6,11.9,7,13.2,6,10.4,5.0,11.5,6,12.9,7,12.2,7,9.8,7,13.3,6,13.9,7,12.8,7,15.1,6,13.6,6,14.3,7,13.5,6
2016-04-04 22:00:00,9.6,6,9.3,6,10.8,6,7.5,6,10.2,6,7.4,5,6.6,6,7.7,6,10.1,6,11.0,6,11.9,6,10.1,7,11.3,6,12.4,6,8.4,6,10.5,6,10.3,6,10.2,6,10.4,6,11.7,6,9.9,6,11.5,7,12.8,6,9.8,5.0,11.0,6,12.4,6,11.5,7,9.3,6,12.8,6,13.6,6,12.5,6,14.8,6,13.1,6,14.2,6,13.3,6
2016-04-04 23:00:00,9.4,6,8.8,6,10.2,6,7.2,6,9.5,6,7.2,5,6.3,6,7.4,6,9.6,6,10.5,6,11.4,6,9.8,7,10.9,6,12.0,6,8.3,6,10.1,6,9.8,6,9.6,6,10.0,6,11.1,6,9.4,6,11.1,6,12.4,6,9.3,5.0,10.7,6,11.9,6,11.0,6,8.9,6,12.3,6,13.4,6,12.2,6,14.4,6,12.8,6,14.1,6,13.1,6
2016-04-05 00:00:00,9.0,6,8.3,6,9.6,6,7.0,6,8.9,6,7.0,5,6.1,6,7.2,6,9.0,6,9.9,6,10.9,6,9.5,7,10.5,6,11.5,6,8.2,6,9.7,6,9.4,6,9.1,6,9.8,6,10.6,6,8.9,6,10.6,6,12.2,6,9.0,5.0,10.3,6,11.5,6,10.5,6,8.6,6,11.8,6,13.1,6,11.9,6,14.1,6,12.5,5,14.0,6,12.9,6
2016-04-05 01:00:00,8.7,6,7.9,6,9.1,6,6.9,6,8.4,6,6.9,5,6.1,6,7.0,6,8.5,5,9.4,5,10.3,6,9.2,7,10.1,5,11.0,6,8.2,6,9.2,6,9.0,6,8.6,6,9.5,6,10.2,6,8.4,6,10.1,6,12.0,6,8.9,5.0,10.0,6,11.0,6,10.0,6,8.3,6,11.4,5,12.9,6,11.7,6,13.8,6,12.4,5,14.0,6,12.7,5
2016-04-05 02:00:00,8.4,6,7.6,6,8.6,6,6.9,6,7.9,6,6.8,5,6.1,5,6.7,6,8.0,5,8.9,5,9.8,6,8.9,7,9.8,5,10.6,6,8.0,6,8.6,6,8.7,6,8.2,6,9.3,7,9.9,6,8.0,6,9.6,6,11.8,6,8.9,5.0,9.7,6,10.7,6,9.7,6,8.0,6,11.0,5,12.6,5,11.5,6,13.6,5,12.4,5,14.0,5,12.6,5
2016-04-05 03:00:00,10.0,7,9.7,7,10.6,7,8.1,7,10.3,7,6.8,5,6.9,5,7.3,6,9.7,7,10.6,7,11.5,7,10.7,7,10.2,7,10.6,7,7.7,6,9.1,7,9.2,7,9.6,7,10.1,7,10.1,6,7.8,7,9.7,7,12.3,7,8.6,6.0,9.2,7,11.5,7,10.0,7,7.0,7,10.1,7,12.7,7,12.3,7,13.8,7,11.8,7,14.0,7,11.0,7
2016-04-05 04:00:00,10.0,7,9.6,7,10.6,7,7.9,7,10.4,7,6.6,6,6.7,6,6.9,6,9.6,7,10.4,7,11.3,7,10.6,7,10.1,7,10.4,7,7.4,6,8.7,7,8.9,7,9.3,7,9.9,7,9.9,6,7.5,7,9.4,7,11.9,7,8.1,6.0,9.1,6,11.3,7,9.8,7,6.9,7,9.8,7,12.4,7,12.2,7,13.7,7,11.6,7,14.0,7,10.5,7
2016-04-05 05:00:00,10.0,7,9.6,7,10.7,7,7.8,7,10.7,7,6.5,6,6.6,6,6.7,6,9.5,7,10.3,7,11.3,7,10.7,7,10.2,7,10.5,7,7.3,6,8.4,7,8.8,7,9.1,7,9.9,7,10.0,6,7.4,7,9.2,7,11.5,7,8.0,7.0,9.1,6,11.4,7,9.8,7,6.9,7,9.5,7,12.2,7,12.2,7,13.8,7,11.7,7,14.1,7,10.3,7
2016-04-05 06:00:00,10.0,7,9.8,7,11.1,7,8.0,7,11.2,6,6.7,6,6.8,6,7.0,6,9.6,7,10.4,7,11.3,7,11.1,6,10.5,7,11.1,7,7.5,6,8.4,7,8.9,7,9.3,7,10.2,7,10.5,7,7.4,7,9.3,7,11.5,7,8.4,7.0,9.3,6,11.7,7,10.2,7,7.2,7,9.4,7,12.3,7,12.3,7,14.2,7,12.3,7,14.4,7,10.3,7
2016-04-05 07:00:00,10.1,7,10.3,7,11.6,7,8.7,7,11.8,6,7.4,5,7.4,6,8.0,7,9.8,7,10.6,7,11.4,7,11.7,6,11.2,7,12.2,7,8.3,6,8.9,7,9.3,7,10.0,7,10.8,7,11.6,7,7.7,7,9.8,7,11.8,7,9.7,7.0,9.8,6,12.3,7,11.1,7,7.9,7,9.7,7,12.7,7,12.6,7,14.9,7,13.4,7,15.0,7,10.5,7
2016-04-05 08:00:00,10.2,7,11.0,7,12.2,7,9.7,7,12.5,6,8.5,5,8.2,6,9.3,7,10.1,7,11.0,7,11.6,7,12.5,5,12.0,6,13.7,7,9.4,6,9.7,7,9.9,7,10.9,7,11.7,7,13.1,7,8.2,7,10.5,7,12.4,7,11.5,7.0,10.6,6,13.1,7,12.1,7,8.9,7,10.3,7,13.3,7,13.0,7,15.5,7,14.8,7,15.6,7,10.8,7
2016-04-05 09:00:00,10.4,7,11.7,7,12.8,7,10.6,7,13.2,6,9.5,4,9.1,6,10.6,7,10.6,7,11.6,7,12.0,7,13.3,5,12.9,6,15.2,6,10.6,6,10.6,7,10.6,7,11.9,7,12.5,7,14.6,6,8.9,7,11.3,7,12.9,7,13.3,7.0,11.4,6,13.7,7,13.1,7,9.7,7,11.0,7,13.7,7,13.4,7,16.0,7,15.8,7,16.1,7,11.2,7
2016-04-05 10:00:00,10.8,7,12.2,7,13.4,7,11.2,7,13.9,6,10.3,5,9.8,6,11.6,6,11.2,7,12.3,7,12.7,7,13.9,4,13.7,6,16.5,6,11.6,6,11.3,7,11.4,7,12.7,7,13.2,6,15.9,6,9.7,7,12.0,7,13.3,7,14.6,7.0,12.2,5,14.0,7,13.8,7,10.2,7,11.6,7,13.9,7,13.7,7,16.0,7,16.2,7,16.3,7,11.6,7
2016-04-05 11:00:00,11.2,7,12.7,7,13.9,7,11.5,7,14.6,6,10.8,5,10.3,6,12.3,6,12.0,7,12.9,7,13.6,7,14.3,5,14.4,6,17.6,5,12.3,5,11.8,7,12.1,7,13.4,7,13.7,6,17.0,6,10.5,7,12.5,7,13.6,7,15.4,7.0,13.0,5,14.1,7,14.3,7,10.5,6,12.2,7,13.9,7,14.0,7,15.8,7,16.2,7,16.2,7,11.9,7
2016-04-05 12:00:00,11.6,7,13.0,7,14.4,7,11.7,7,15.1,6,11.1,5,10.6,7,12.8,6,12.6,7,13.5,7,14.2,7,14.8,5,15.0,6,18.5,5,12.9,5,12.2,7,12.7,7,13.9,7,14.2,6,17.8,7,11.1,7,13.1,7,13.9,7,15.9,7.0,13.7,5,14.3,7,14.7,7,10.8,6,12.7,7,13.9,7,14.3,7,15.8,7,16.2,7,16.1,7,12.4,7
2016-04-05 13:00:00,11.8,7,13.3,7,14.9,7,11.8,7,15.5,6,11.2,5,10.7,7,13.2,6,13.1,7,13.8,7,14.5,7,15.4,5,15.6,6,19.2,5,13.4,5,12.6,7,13.1,7,14.3,7,14.7,6,18.2,7,11.4,7,13.7,7,14.4,7,16.1,7.0,14.2,5,14.7,7,15.2,7,11.2,7,13.1,7,14.0,7,14.7,7,16.1,7,16.4,7,16.1,7,13.0,7
2016-04-05 14:00:00,11.8,7,13.5,7,15.3,7,11.7,7,15.7,6,11.0,5,10.7,6,13.3,6,13.4,7,14.0,7,14.4,7,15.8,6,16.0,7,19.6,5,13.6,6,12.9,7,13.4,7,14.6,7,15.0,7,18.2,7,11.5,7,14.1,7,14.8,7,16.1,7.0,14.6,6,15.2,7,15.6,7,11.6,7,13.4,7,14.1,7,15.1,7,16.5,7,16.8,7,16.2,7,13.5,7
2016-04-05 15:00:00,10.8,6,12.8,5,15.0,5,12.4,5,14.9,7,11.5,5,11.2,5,14.2,4,13.1,7,13.9,7,14.0,7,15.1,7,16.1,7,18.6,7,15.0,3,14.7,6,14.1,7,14.6,7,15.8,7,17.6,7,13.3,7,15.7,7,16.4,7,17.8,7.0,15.7,7,17.8,7,18.1,7,12.2,7,14.2,7,15.0,7,16.6,7,18.8,7,18.6,7,17.1,7,15.3,7
2016-04-05 16:00:00,10.3,6,12.0,5,14.3,4,11.7,5,14.4,7,11.0,4,10.6,5,13.6,3,12.8,6,13.5,6,13.8,6,14.7,7,15.3,7,17.5,7,14.6,3,14.4,6,13.7,7,14.2,7,15.3,7,16.8,7,13.0,7,15.1,7,16.2,7,16.5,7.0,15.4,7,17.3,7,17.5,7,12.0,7,14.0,7,15.0,7,16.3,7,18.3,7,18.0,7,16.9,7,15.0,7
2016-04-05 17:00:00,9.8,6,11.1,4,13.3,3,10.8,4,13.7,7,10.5,4,9.9,4,12.7,3,12.4,6,13.0,5,13.5,5,13.9,7,14.3,7,16.0,7,13.9,4,13.9,5,13.2,7,13.7,7,14.6,7,15.7,7,12.6,7,14.2,7,15.7,7,14.7,7.0,14.9,7,16.6,7,16.5,7,11.5,7,13.4,7,14.9,7,15.8,7,17.7,7,17.1,7,16.6,7,14.5,7
2016-04-05 18:00:00,9.3,5,10.2,4,12.2,2,9.8,4,12.8,7,9.8,4,9.2,4,11.5,3,11.8,5,12.4,5,13.1,5,12.9,7,13.3,7,14.6,7,13.0,4,13.2,5,12.5,7,13.0,7,13.7,7,14.5,7,12.0,7,13.3,7,15.1,7,12.9,7.0,14.2,6,15.7,7,15.4,7,10.8,7,12.8,7,14.7,7,15.1,7,17.0,7,16.3,7,16.2,7,13.8,6
2016-04-05 19:00:00,9.0,4,9.4,4,11.2,2,8.8,5,11.8,6,9.1,3,8.5,4,10.2,4,11.2,5,11.9,4,12.7,5,12.0,6,12.6,7,13.7,7,11.8,4,12.4,4,11.9,7,12.4,7,12.9,7,13.5,7,11.4,7,12.7,7,14.4,7,11.5,7.0,13.6,5,14.9,7,14.3,7,10.1,7,12.3,7,14.5,7,14.4,7,16.5,7,15.6,7,15.9,6,13.3,6
2016-04-05 20:00:00,8.7,4,8.6,5,10.3,3,7.9,6,10.8,5,8.4,3,7.9,5,8.9,5,10.7,5,11.4,5,12.3,5,11.2,6,12.1,7,13.3,7,10.5,3,11.6,3,11.3,6,11.9,7,12.2,7,12.6,7,10.9,7,12.4,7,13.8,7,10.5,7.0,13.0,4,14.3,7,13.2,7,9.6,7,11.9,6,14.2,6,13.8,7,16.0,7,15.1,7,15.6,7,13.0,6
2016-04-05 21:00:00,8.5,3,8.0,5,9.5,3,7.2,6,10.0,5,7.8,2,7.4,5,7.9,5,10.0,5,10.8,5,11.7,5,10.7,6,11.7,6,12.7,7,9.4,2,10.8,3,10.9,6,11.3,7,11.5,7,12.0,7,10.5,7,12.2,7,13.3,7,9.5,6.0,12.4,4,13.7,7,12.4,7,9.2,7,11.7,6,13.9,6,13.3,6,15.6,7,14.7,7,15.4,6,12.7,6
2016-04-05 22:00:00,8.3,3,7.4,5,8.7,3,6.6,6,9.3,5,7.4,3,6.9,5,7.1,5,9.4,5,10.2,5,11.2,5,10.2,6,11.3,6,12.1,7,8.6,2,10.1,3,10.4,6,10.8,6,11.0,7,11.4,7,10.2,7,11.9,7,13.0,7,8.8,6.0,11.9,4,13.3,6,11.8,7,9.0,6,11.7,6,13.6,6,13.0,6,15.1,7,14.3,6,15.3,6,12.5,6
2016-04-05 23:00:00,8.1,3,7.0,5,8.1,4,6.2,6,8.6,5,7.1,3,6.6,5,6.4,5,8.8,5,9.6,5,10.7,5,9.8,6,10.9,6,11.7,7,7.9,2,9.4,4,10.1,6,10.2,6,10.5,7,11.0,6,10.0,6,11.6,6,12.6,7,8.4,6.0,11.5,4,12.8,6,11.4,6,8.9,6,11.7,6,13.2,6,12.8,6,14.6,7,13.9,6,15.2,6,12.3,6
2016-04-06 00:00:00,7.9,3,6.7,5,7.7,4,5.9,6,8.0,5,6.8,3,6.3,4,5.9,5,8.3,5,9.1,5,10.2,5,9.4,6,10.6,6,11.4,6,7.5,3,9.0,4,9.7,6,9.6,6,10.2,7,10.6,6,9.9,6,11.2,6,12.4,7,8.2,6.0,11.2,5,12.2,6,11.1,6,8.9,6,11.8,6,13.0,6,12.6,6,14.1,6,13.6,6,15.2,5,12.2,6
2016-04-06 01:00:00,7.8,4,6.5,5,7.3,5,5.8,6,7.6,6,6.5,4,6.1,5,5.5,6,7.8,5,8.7,4,9.8,5,9.1,7,10.3,6,11.1,6,7.2,4,8.7,5,9.4,6,9.1,5,9.9,7,10.4,6,9.8,6,10.8,6,12.2,6,8.3,5.0,11.1,5,11.5,6,10.7,6,8.9,6,11.9,5,12.7,5,12.2,6,13.7,6,13.4,6,15.2,5,12.3,5
2016-04-06 02:00:00,7.7,4,6.4,5,7.1,5,5.7,5,7.3,6,6.4,5,5.9,5,5.1,6,7.5,5,8.4,5,9.5,5,8.9,7,10.2,5,11.0,6,6.9,5,8.4,5,9.2,6,8.7,5,9.7,7,10.2,6,9.6,6,10.3,6,12.0,6,8.4,5.0,11.1,5,10.6,5,10.2,6,8.9,5,11.8,5,12.5,5,11.7,5,13.4,5,13.1,5,15.1,5,12.3,5
2016-04-06 03:00:00,7.6,7,6.4,7,6.8,6,6.4,5,6.0,6,7.6,3,6.7,5,6.3,2,5.7,4,6.2,4,7.6,5,7.0,6,9.3,7,10.7,7,7.2,3,6.8,6,6.7,5,7.0,6,8.7,7,10.3,7,6.4,6,7.5,5,10.8,7,8.4,7.0,8.3,3,10.6,7,9.3,7,6.4,6,9.6,7,11.3,4,11.0,5,12.4,7,11.0,7,13.4,7,10.6,6
2016-04-06 04:00:00,7.5,7,6.3,7,6.7,6,6.3,5,5.9,5,7.6,3,6.7,4,6.2,3,5.5,5,6.0,4,7.3,4,6.8,5,8.9,6,10.4,7,7.1,4,6.4,6,6.2,5,6.5,5,8.2,7,10.2,7,6.0,5,7.1,6,10.4,7,8.1,7.0,8.0,2,10.4,7,9.1,7,6.2,6,9.2,7,10.8,4,10.7,5,12.4,7,10.7,7,13.1,7,10.4,6
2016-04-06 05:00:00,7.5,7,6.4,7,6.7,7,6.2,6,6.0,5,7.8,3,6.9,3,6.2,3,5.4,5,6.0,4,7.2,4,6.7,4,8.7,6,10.4,7,7.1,4,6.1,5,5.9,4,6.3,5,7.8,7,10.3,7,5.8,5,7.0,6,10.2,7,7.9,7.0,8.0,2,10.4,7,9.2,7,6.1,6,8.9,6,10.6,4,10.7,5,12.7,7,10.6,7,13.1,6,10.4,6
2016-04-06 06:00:00,7.6,7,6.6,7,6.9,6,6.4,6,6.5,5,8.1,3,7.2,3,6.6,4,5.6,5,6.3,4,7.3,4,7.1,4,8.7,5,10.6,7,7.4,5,6.2,5,6.0,4,6.6,5,7.9,6,10.6,7,5.9,5,7.3,6,10.2,7,8.1,7.0,8.2,2,10.9,7,9.9,7,6.6,5,8.9,6,11.1,4,11.2,5,13.3,7,11.3,7,13.6,6,10.8,7
2016-04-06 07:00:00,7.7,7,7.1,7,7.4,6,7.2,6,7.3,5,8.7,2,7.8,2,7.4,4,6.1,5,6.9,4,7.7,4,7.9,4,9.1,5,11.1,7,8.2,5,6.8,4,6.6,5,7.5,5,8.7,6,11.0,7,6.4,5,8.2,6,10.6,7,8.9,7.0,8.9,3,12.0,7,11.2,7,7.7,6,9.5,6,12.5,5,12.5,5,14.3,7,12.8,7,14.6,7,11.6,7
2016-04-06 08:00:00,7.9,7,7.7,6,8.2,6,8.2,5,8.3,6,9.3,2,8.6,3,8.5,4,7.0,6,7.7,5,8.3,5,8.9,5,9.8,6,11.7,7,9.2,6,7.8,5,7.5,6,8.7,6,9.9,5,11.5,7,7.2,6,9.5,6,11.2,7,10.1,7.0,9.9,5,13.5,7,12.9,7,9.2,6,10.4,6,14.4,5,14.3,6,15.4,6,14.8,7,15.8,7,12.6,6
2016-04-06 09:00:00,8.2,6,8.4,6,8.9,6,9.3,5,9.3,7,10.0,2,9.4,3,9.7,4,7.9,6,8.6,6,9.2,6,9.9,6,10.6,6,12.3,7,10.3,6,8.9,5,8.6,7,10.0,6,11.2,5,12.0,7,8.2,7,10.8,5,12.0,7,11.3,7.0,11.0,6,14.9,7,14.7,7,10.5,6,11.5,6,16.2,6,16.0,6,16.4,6,16.9,7,16.9,7,13.7,6
2016-04-06 10:00:00,8.6,6,9.1,5,9.5,6,10.1,5,10.1,7,10.6,3,10.2,3,10.8,5,8.9,6,9.6,6,10.2,6,10.7,6,11.3,6,12.8,7,11.2,5,9.9,6,9.7,7,11.2,6,12.2,5,12.6,7,9.2,7,12.0,5,12.8,6,12.3,7.0,12.1,7,16.0,6,16.3,7,11.3,7,12.5,5,17.3,6,17.3,6,17.2,6,18.7,7,17.5,6,14.6,6
2016-04-06 11:00:00,9.0,5,9.8,5,10.0,6,10.6,4,10.8,7,11.0,4,10.8,4,11.7,5,9.7,7,10.6,7,11.1,6,11.3,7,11.9,6,13.3,7,11.9,4,10.8,6,10.7,7,12.1,6,13.0,5,13.2,7,10.1,7,13.0,4,13.6,6,13.2,7.0,13.0,7,16.9,6,17.6,7,11.7,6,13.4,5,17.9,6,18.1,6,17.7,7,20.1,6,17.8,6,15.2,5
2016-04-06 12:00:00,9.3,5,10.3,5,10.4,6,10.9,4,11.3,7,11.2,5,11.2,4,12.3,5,10.4,7,11.3,7,11.8,6,11.8,7,12.3,6,13.8,6,12.5,4,11.5,7,11.5,7,12.7,6,13.5,5,13.8,7,10.8,7,13.8,5,14.3,5,14.0,7.0,13.8,7,17.6,6,18.8,7,11.9,6,14.1,5,18.2,6,18.7,6,18.2,7,21.2,6,17.8,6,15.8,5
2016-04-06 13:00:00,9.5,5,10.6,5,10.8,7,10.9,4,11.6,7,11.2,5,11.2,4,12.6,5,10.8,6,11.7,6,12.1,6,12.2,7,12.6,6,14.3,6,12.9,4,12.0,6,12.0,7,13.0,6,13.9,5,14.4,7,11.2,6,14.5,5,14.9,5,14.7,7.0,14.3,7,18.2,6,19.7,7,12.2,6,14.7,5,18.3,6,19.2,7,18.7,7,21.8,6,17.8,6,16.3,5
2016-04-06 14:00:00,9.6,5,10.6,5,11.0,7,10.7,4,11.7,6,11.1,4,10.9,5,12.6,5,11.0,6,11.8,6,12.1,6,12.5,7,12.7,6,14.7,6,13.1,4,12.2,5,12.3,6,13.1,6,14.1,6,14.8,7,11.3,6,14.8,5,15.3,5,15.2,7.0,14.5,6,18.6,7,20.3,7,12.4,6,15.0,6,18.2,6,19.3,6,19.0,7,22.0,7,17.8,7,16.5,6
2016-04-06 15:00:00,9.8,3,10.8,4,11.7,5,11.0,4,12.8,6,11.0,4,10.2,4,12.5,4,11.4,6,12.5,6,12.6,6,13.1,5,13.4,6,14.8,7,13.1,3,12.3,7,12.8,6,13.8,6,14.0,6,15.0,7,11.4,6,14.9,6,15.0,7,17.5,7.0,14.9,6,19.1,7,21.6,7,12.4,7,14.7,6,18.4,6,19.9,7,20.9,7,23.2,5,19.1,5,16.3,7
2016-04-06 16:00:00,9.5,3,10.3,3,11.2,5,10.4,4,12.4,6,10.5,4,9.8,5,12.1,4,11.1,5,12.1,5,12.2,5,12.6,5,12.8,5,14.2,7,12.8,3,12.0,7,12.3,6,13.3,6,13.4,5,14.2,6,11.1,6,14.3,5,14.7,7,16.1,7.0,14.5,6,18.2,7,20.6,6,12.2,6,14.4,6,17.5,6,18.8,7,20.1,6,22.1,4,18.7,5,15.8,7
2016-04-06 17:00:00,9.0,4,9.7,3,10.5,5,9.7,4,11.9,5,9.9,4,9.3,5,11.4,4,10.6,5,11.4,5,11.7,5,11.9,5,11.9,5,13.4,7,12.1,3,11.5,6,11.7,6,12.6,6,12.6,5,13.1,5,10.6,5,13.3,4,14.2,6,14.3,7.0,13.9,5,17.0,7,19.1,6,11.6,5,13.8,5,16.5,6,17.3,7,19.0,6,20.7,4,18.1,4,15.0,6
2016-04-06 18:00:00,8.6,4,9.1,3,9.8,4,8.9,4,11.1,4,9.2,4,8.7,5,10.5,4,10.0,4,10.7,4,11.2,4,11.1,5,11.0,5,12.5,6,11.2,3,10.9,6,10.9,6,11.7,6,11.7,4,12.1,5,10.1,5,12.3,4,13.6,6,12.5,7.0,13.1,5,15.8,7,17.6,5,10.9,4,13.1,5,15.6,5,15.8,6,17.9,5,19.2,3,17.6,4,14.1,5
2016-04-06 19:00:00,8.3,4,8.5,3,9.2,3,8.1,4,10.1,4,8.6,4,8.0,5,9.5,4,9.4,4,10.0,3,10.8,4,10.3,4,10.3,4,11.8,6,10.2,3,10.3,6,10.1,6,10.8,6,10.8,4,11.4,5,9.6,5,11.5,4,12.9,6,11.3,7.0,12.3,4,14.9,7,16.2,5,10.1,4,12.4,5,15.0,5,14.7,6,17.1,5,17.8,3,17.1,4,13.5,5
2016-04-06 20:00:00,8.0,4,7.9,3,8.6,3,7.5,4,9.1,3,8.0,4,7.4,4,8.5,4,8.8,4,9.4,3,10.4,3,9.5,4,9.8,4,11.2,5,9.2,3,9.6,5,9.4,6,9.9,6,10.1,4,10.9,5,9.1,4,10.8,4,12.2,5,10.5,7.0,11.5,4,14.3,7,15.0,5,9.2,4,11.8,5,14.6,5,14.0,6,16.5,5,16.6,3,16.6,4,13.1,5
2016-04-06 21:00:00,7.7,4,7.3,3,8.1,3,6.9,4,8.3,3,7.5,4,6.8,4,7.7,4,8.3,4,8.8,3,9.8,3,8.9,4,9.3,4,10.7,6,8.3,3,9.0,5,8.9,6,9.2,5,9.4,4,10.4,5,8.6,5,10.2,4,11.6,5,10.0,6.0,10.8,4,13.7,6,14.0,5,8.6,4,11.2,5,14.0,5,13.4,6,16.0,5,15.4,3,16.3,4,12.8,5
2016-04-06 22:00:00,7.4,4,6.8,4,7.5,3,6.5,4,7.7,3,7.1,5,6.4,4,7.0,4,7.7,4,8.3,3,9.3,3,8.3,5,9.0,4,10.2,6,7.7,4,8.4,4,8.5,6,8.7,5,8.9,4,9.9,5,8.2,5,9.6,4,11.1,5,9.6,6.0,10.2,4,13.2,6,13.0,5,8.0,4,10.8,5,13.5,5,13.0,6,15.4,5,14.4,3,16.0,4,12.5,5
2016-04-06 23:00:00,7.1,5,6.3,5,7.1,3,6.2,4,7.2,3,6.7,5,6.2,4,6.3,5,7.1,4,7.8,3,8.8,4,7.9,5,8.6,4,9.8,6,7.3,4,7.9,4,8.1,6,8.3,5,8.5,4,9.5,5,7.8,5,9.0,4,10.6,5,9.3,6.0,9.7,5,12.6,6,12.2,5,7.5,4,10.4,5,13.0,4,12.7,6,14.8,5,13.6,3,15.7,4,12.1,5
2016-04-07 00:00:00,6.8,5,6.0,5,6.7,4,5.9,5,6.8,4,6.4,5,6.0,4,5.7,5,6.6,4,7.3,4,8.4,4,7.4,5,8.3,4,9.4,6,7.0,4,7.4,4,7.7,6,7.9,5,8.2,4,9.2,5,7.5,5,8.5,5,10.3,5,9.1,6.0,9.4,5,12.0,5,11.5,5,7.2,5,10.1,5,12.6,4,12.4,6,14.2,5,13.1,4,15.5,4,11.9,5
2016-04-07 01:00:00,6.5,5,5.7,5,6.4,4,5.7,5,6.2,4,6.1,5,5.8,5,5.1,5,6.2,5,6.8,4,8.0,4,7.0,5,8.0,4,9.1,6,6.8,5,7.0,5,7.4,6,7.4,5,7.9,4,8.9,5,7.2,5,8.0,5,10.0,5,9.0,6.0,9.1,5,11.4,5,10.8,5,7.1,5,9.8,5,12.1,4,12.1,5,13.5,5,12.9,4,15.2,4,11.6,5
2016-04-07 02:00:00,6.2,5,5.5,5,6.2,5,5.4,5,5.7,5,5.9,5,5.6,5,4.6,5,5.8,5,6.4,4,7.6,4,6.7,5,7.7,5,8.9,6,6.5,5,6.6,5,7.1,6,6.9,5,7.7,5,8.6,6,6.9,5,7.6,5,9.8,5,8.9,6.0,9.0,5,10.8,5,10.2,5,7.1,5,9.7,5,11.8,4,11.7,5,13.0,5,12.8,4,14.9,4,11.5,5
2016-04-07 03:00:00,6.5,3,5.8,4,6.3,4,5.6,4,6.0,7,6.1,4,5.3,4,5.4,5,5.9,5,6.6,6,7.4,6,7.3,6,8.3,6,9.1,6,6.8,4,6.9,5,7.4,6,7.1,6,7.5,4,8.2,3,6.6,5,7.1,4,8.8,4,6.7,2.0,9.2,4,10.3,1,9.3,2,6.5,4,9.0,4,11.0,1,10.9,1,11.9,3,10.9,5,14.0,4,10.9,4
2016-04-07 04:00:00,6.2,3,5.4,5,6.0,5,5.0,3,5.7,6,5.7,4,4.9,4,4.7,4,5.6,6,6.3,6,7.1,6,6.9,6,8.0,6,8.8,6,6.3,4,6.4,5,6.9,6,6.6,6,7.2,4,8.1,3,6.1,6,6.8,4,8.6,4,6.3,3.0,8.9,5,10.1,1,8.9,2,6.5,5,9.0,5,10.6,2,10.6,1,11.7,3,10.7,5,13.8,4,10.7,4
2016-04-07 05:00:00,6.0,4,4.9,6,5.8,6,4.5,3,5.5,6,5.4,4,4.5,3,4.2,3,5.4,7,6.2,7,7.0,7,6.7,6,7.6,7,8.7,7,5.8,4,5.9,6,6.5,7,6.4,6,7.0,4,8.1,4,5.8,6,6.8,5,8.5,4,6.0,3.0,8.7,6,10.1,1,8.8,3,6.7,6,9.1,5,10.5,2,10.5,1,11.7,4,10.9,5,13.9,4,10.6,3
2016-04-07 06:00:00,6.0,4,4.9,6,5.9,6,4.4,3,5.7,6,5.5,4,4.5,3,4.2,2,5.4,7,6.3,7,7.0,7,6.8,6,7.5,7,8.9,7,5.9,4,5.9,6,6.5,7,6.6,6,7.1,5,8.4,4,5.7,6,7.1,6,8.6,4,6.4,3.0,8.7,7,10.5,1,9.3,4,7.0,7,9.2,6,10.9,2,10.9,1,12.1,4,11.8,5,14.4,4,10.8,3
2016-04-07 07:00:00,6.3,4,5.5,6,6.5,7,5.1,3,6.2,6,6.1,4,5.0,3,5.1,3,5.7,6,6.8,6,7.3,6,7.2,6,7.7,7,9.4,7,6.7,4,6.4,5,7.0,6,7.2,6,7.7,5,8.9,4,6.0,6,7.8,6,8.9,4,7.6,3.0,9.0,7,11.4,2,10.7,4,7.6,7,9.4,6,12.1,2,12.0,1,13.1,4,13.5,6,15.3,5,11.4,3
2016-04-07 08:00:00,6.7,4,6.6,6,7.4,6,6.3,3,7.1,6,6.9,4,6.0,4,6.5,4,6.3,5,7.4,6,7.8,5,7.9,6,8.2,7,10.1,6,7.9,4,7.3,4,7.7,5,8.1,5,8.4,6,9.7,4,6.5,6,8.6,7,9.3,3,9.3,3.0,9.6,7,12.6,2,12.6,4,8.2,7,9.6,6,13.8,2,13.4,2,14.4,4,15.7,5,16.3,5,12.3,3
2016-04-07 09:00:00,7.3,4,7.7,5,8.4,6,7.5,3,8.0,6,7.8,5,7.0,5,8.1,5,7.0,4,8.2,5,8.4,5,8.6,6,8.7,6,10.8,6,9.2,4,8.3,3,8.4,4,9.0,4,9.2,6,10.4,4,7.1,5,9.4,7,9.9,3,10.9,3.0,10.2,6,13.8,2,14.5,4,8.9,7,10.0,7,15.4,2,14.9,2,15.7,4,17.9,5,17.2,5,13.2,4
2016-04-07 10:00:00,7.9,4,8.6,5,9.2,5,8.5,4,8.9,6,8.4,5,7.9,5,9.4,6,7.8,4,8.9,4,9.1,4,9.2,5,9.1,6,11.4,6,10.2,3,9.1,4,8.9,4,9.7,4,9.7,6,11.0,4,7.6,5,9.9,7,10.5,4,12.0,3.0,10.8,6,14.9,2,16.1,4,9.4,7,10.6,7,16.5,3,16.1,2,16.7,4,19.7,5,17.8,5,14.1,4
2016-04-07 11:00:00,8.4,5,9.3,5,9.8,5,9.2,4,9.7,6,8.8,5,8.6,6,10.3,6,8.5,3,9.6,3,9.8,3,9.8,5,9.5,6,11.8,6,11.0,3,9.8,4,9.3,4,10.2,4,10.0,6,11.5,5,8.1,5,10.3,7,11.1,4,12.7,3.0,11.3,5,15.7,2,17.3,5,9.8,7,11.3,7,17.1,3,17.0,3,17.5,4,20.9,6,18.2,6,14.8,4
2016-04-07 12:00:00,8.8,5,9.7,4,10.3,5,9.6,5,10.2,5,9.1,5,9.1,6,10.8,6,9.0,3,10.0,3,10.3,3,10.2,5,9.8,6,12.2,6,11.5,3,10.3,5,9.6,4,10.5,5,10.3,6,11.8,5,8.4,5,10.7,7,11.6,5,13.3,4.0,11.8,5,16.2,3,18.3,6,10.2,7,11.9,7,17.4,3,17.6,3,18.1,5,21.8,6,18.4,6,15.3,5
2016-04-07 13:00:00,9.1,4,10.0,4,10.6,4,9.8,5,10.4,6,9.3,5,9.2,6,10.9,6,9.3,4,10.2,3,10.5,4,10.5,5,10.2,6,12.5,6,11.8,3,10.6,5,9.9,4,10.7,5,10.6,6,12.0,6,8.6,5,11.1,6,11.9,5,13.9,5.0,12.2,5,16.4,3,19.0,6,10.6,7,12.4,7,17.5,3,18.0,4,18.5,5,22.2,6,18.6,6,15.6,5
2016-04-07 14:00:00,9.3,4,10.0,4,10.6,4,9.7,6,10.4,6,9.3,5,9.1,6,10.7,6,9.4,4,10.2,4,10.5,4,10.7,5,10.4,7,12.7,6,11.8,4,10.8,5,10.2,4,10.8,5,10.9,6,12.0,6,8.7,5,11.5,6,12.1,5,14.2,6.0,12.5,6,16.2,3,19.4,6,10.8,7,12.7,7,17.4,3,17.9,4,18.6,5,22.2,6,18.7,6,15.7,6
2016-04-07 15:00:00,9.3,4,9.9,3,10.7,5,9.5,4,10.8,6,8.9,5,8.6,6,10.7,5,9.7,4,10.4,4,10.9,4,10.7,6,10.2,6,11.6,7,11.3,3,10.7,4,10.4,4,11.1,6,11.1,6,11.8,6,8.9,7,12.0,7,12.3,5,14.0,6.0,12.2,6,16.4,4,19.9,4,11.2,7,12.5,6,17.7,2,18.3,2,18.8,4,22.1,6,19.0,7,16.4,5
2016-04-07 16:00:00,9.0,4,9.5,3,10.2,4,8.9,5,10.4,5,8.5,5,8.2,6,9.9,4,9.4,3,9.9,3,10.5,3,10.4,5,9.8,6,11.1,7,10.8,3,10.3,4,10.1,4,10.9,5,10.6,6,11.2,6,8.6,6,11.6,7,12.1,5,12.9,7.0,11.9,5,15.6,3,18.6,5,10.7,7,12.2,6,17.0,1,17.1,2,18.0,4,21.0,7,18.2,7,15.9,5
2016-04-07 17:00:00,8.6,5,9.0,3,9.5,3,8.2,5,9.7,4,8.0,5,7.6,6,9.0,4,8.9,3,9.2,3,9.9,3,9.7,4,9.0,5,10.4,6,10.0,3,9.6,4,9.5,4,10.3,4,9.8,6,10.3,6,8.1,5,10.8,7,11.7,5,11.4,7.0,11.4,4,14.6,3,17.0,5,9.8,7,11.6,7,16.1,2,15.5,2,16.8,4,19.5,6,17.3,7,15.1,4
2016-04-07 18:00:00,8.2,5,8.3,3,8.8,2,7.4,5,8.7,3,7.5,5,7.0,5,7.9,3,8.2,2,8.5,2,9.3,2,8.6,3,8.1,5,9.6,6,9.1,3,8.7,4,8.7,3,9.3,3,8.9,6,9.3,6,7.5,5,9.8,7,11.1,5,9.9,7.0,10.7,4,13.6,3,15.3,5,8.8,7,10.9,7,15.1,2,13.9,2,15.7,4,18.0,6,16.5,7,14.2,4
2016-04-07 19:00:00,7.9,4,7.6,3,8.1,2,6.5,4,7.3,2,7.0,4,6.5,4,6.9,3,7.5,2,7.8,2,8.8,2,7.2,2,7.2,5,8.8,6,8.0,3,7.8,4,7.8,3,7.8,3,7.9,6,8.4,6,6.8,5,8.7,7,10.4,5,9.0,6.0,9.9,3,12.8,3,14.1,4,7.8,6,10.2,7,14.2,2,12.7,2,14.8,4,16.6,6,16.0,6,13.3,4
2016-04-07 20:00:00,7.6,4,6.9,3,7.5,2,5.7,4,5.8,2,6.7,3,6.0,4,6.0,3,6.7,2,7.2,2,8.3,2,5.7,2,6.4,5,8.1,6,6.9,3,6.8,3,6.9,2,6.1,3,7.0,5,7.7,6,6.1,5,7.7,7,9.6,5,8.5,6.0,9.0,3,12.1,3,13.1,4,6.8,6,9.4,6,13.4,2,11.8,2,14.1,4,15.5,5,15.7,7,12.4,5
2016-04-07 21:00:00,7.3,3,6.3,3,6.8,2,5.0,4,4.9,2,6.5,3,5.7,4,5.3,3,6.0,2,6.4,2,7.6,2,4.7,2,5.7,5,7.5,6,6.1,2,6.1,4,6.0,2,5.1,3,6.2,5,7.1,6,5.5,5,6.9,6,9.0,5,7.8,6.0,8.1,3,11.3,3,12.2,4,5.9,6,8.7,6,12.4,2,10.9,2,13.3,4,14.5,5,15.4,6,11.6,5
2016-04-07 22:00:00,6.9,3,5.6,3,6.1,2,4.6,4,4.0,2,6.5,3,5.5,4,4.8,3,5.2,2,5.6,2,6.9,2,4.0,2,5.1,5,6.9,6,5.4,3,5.4,4,5.3,3,4.3,3,5.4,5,6.7,6,4.9,5,6.1,6,8.3,5,7.2,6.0,7.4,3,10.5,3,11.3,4,5.1,6,8.0,6,11.5,2,10.1,3,12.4,4,13.7,4,15.1,6,10.8,5
2016-04-07 23:00:00,6.5,4,5.0,3,5.4,2,4.3,4,3.3,2,6.5,4,5.3,4,4.5,4,4.4,2,4.9,2,6.3,2,3.4,3,4.6,5,6.3,6,4.9,3,4.8,4,4.6,3,3.7,3,4.7,6,6.5,6,4.3,5,5.4,6,7.6,5,6.6,6.0,6.8,3,9.7,3,10.4,5,4.5,6,7.4,6,10.6,3,9.4,3,11.6,4,12.9,4,14.7,6,10.1,5
2016-04-08 00:00:00,6.1,4,4.5,3,4.8,2,4.2,4,2.7,3,6.5,4,5.2,5,4.2,4,3.7,2,4.2,2,5.6,2,3.0,3,4.2,5,5.9,6,4.6,4,4.2,5,3.9,4,3.2,3,4.1,6,6.3,6,3.8,5,4.7,6,7.0,5,6.1,6.0,6.4,4,8.8,3,9.4,5,4.0,6,6.9,6,9.8,3,8.8,3,10.7,4,12.0,4,14.2,6,9.5,5
2016-04-08 01:00:00,5.7,4,4.0,4,4.2,2,4.3,5,2.2,3,6.3,4,5.0,5,3.8,5,3.1,2,3.6,2,4.9,2,2.7,3,3.9,5,5.6,6,4.3,4,3.7,5,3.4,4,2.8,4,3.7,6,6.0,6,3.3,5,4.1,6,6.4,5,5.6,6.0,6.0,4,7.9,4,8.3,5,3.6,6,6.4,5,9.0,4,8.2,3,9.9,4,10.9,4,13.7,6,8.9,5
2016-04-08 02:00:00,5.3,4,3.6,4,3.8,2,4.2,5,1.8,3,5.9,4,4.7,5,3.5,5,2.7,3,3.1,3,4.3,3,2.5,4,3.7,5,5.4,6,4.1,5,3.2,5,3.0,5,2.5,5,3.3,6,5.7,6,2.9,6,3.5,6,5.9,5,5.2,6.0,5.7,4,7.1,5,7.3,5,3.4,6,6.1,5,8.2,4,7.7,4,9.2,4,9.8,5,13.1,5,8.4,5
2016-04-08 03:00:00,6.5,4,5.4,5,5.5,4,4.9,5,3.8,5,6.3,2,5.2,3,4.0,3,4.4,5,4.9,5,5.9,5,4.1,4,4.3,4,5.0,4,4.6,2,4.7,5,3.6,5,3.1,5,3.3,3,5.1,6,3.0,5,4.0,5,5.7,7,6.0,7.0,5.8,2,8.1,4,7.4,5,3.6,5,6.1,6,8.9,2,8.7,3,9.6,3,10.2,3,13.4,5,8.2,6
2016-04-08 04:00:00,6.2,5,5.0,5,5.3,5,4.4,5,3.6,6,5.9,2,4.8,3,3.5,3,4.1,5,4.5,5,5.5,5,3.9,5,4.1,5,5.0,5,4.3,2,4.1,5,3.2,6,2.7,6,3.1,3,4.9,7,2.6,5,3.5,5,5.4,7,5.5,7.0,5.2,2,7.8,3,7.1,4,3.2,5,5.8,6,8.4,1,8.4,3,9.3,3,9.6,3,13.2,5,7.9,5
2016-04-08 05:00:00,6.0,5,4.6,4,5.2,6,4.1,5,3.6,6,5.7,2,4.5,3,3.2,3,3.8,5,4.3,5,5.3,6,3.8,6,3.9,6,5.1,6,4.1,2,3.5,5,2.9,6,2.5,6,3.0,4,4.8,7,2.3,5,3.2,5,5.3,6,5.0,7.0,4.7,2,7.6,2,7.0,3,3.0,5,5.5,6,8.1,1,8.3,2,9.2,3,9.2,4,13.2,6,7.7,5
2016-04-08 06:00:00,6.0,6,4.7,4,5.4,6,4.3,5,3.9,7,5.8,2,4.7,3,3.5,3,4.0,5,4.4,6,5.4,6,4.1,7,4.0,6,5.6,6,4.4,2,3.5,5,3.1,6,2.8,6,3.4,4,5.1,6,2.5,5,3.3,5,5.5,6,5.1,7.0,4.8,2,7.9,2,7.5,3,3.3,4,5.6,5,8.4,2,8.6,2,9.6,3,9.6,4,13.5,6,7.8,4
2016-04-08 07:00:00,6.4,5,5.5,4,6.1,6,5.3,5,4.8,7,6.4,3,5.6,3,4.7,4,4.7,5,5.2,5,6.1,6,4.9,7,4.7,6,6.3,5,5.5,4,4.4,5,4.0,6,3.9,6,4.3,4,5.9,5,3.3,4,4.1,5,6.0,6,5.9,7.0,5.7,3,8.7,1,8.6,4,4.5,5,6.2,4,9.4,2,9.5,1,10.4,2,11.0,4,14.0,6,8.3,4
2016-04-08 08:00:00,7.0,4,6.7,4,7.2,6,6.7,5,6.0,7,7.4,4,6.9,4,6.5,5,5.8,5,6.4,5,7.2,5,6.1,7,5.7,6,7.2,4,7.1,5,6.0,5,5.4,6,5.4,6,5.6,4,7.1,4,4.6,3,5.3,6,6.7,6,7.2,7.0,7.3,4,9.9,1,10.1,5,6.2,5,7.2,3,11.0,2,10.8,1,11.6,1,13.0,4,14.6,6,9.2,4
2016-04-08 09:00:00,7.7,4,8.1,4,8.4,6,8.2,5,7.4,7,8.4,5,8.2,4,8.4,5,7.0,5,7.7,5,8.4,5,7.4,6,6.9,5,8.2,3,8.8,6,7.6,5,6.9,6,7.0,6,7.0,4,8.2,3,5.9,3,6.6,6,7.5,5,8.4,7.0,8.9,4,11.1,2,11.6,6,7.8,6,8.4,3,12.6,2,12.1,1,12.7,1,15.0,4,15.2,7,10.3,4
2016-04-08 10:00:00,8.3,3,9.2,3,9.5,6,9.4,5,8.7,6,9.2,5,9.2,5,10.0,5,8.0,5,8.9,4,9.4,4,8.5,6,8.0,6,9.2,3,10.3,6,9.0,4,8.1,6,8.3,6,8.3,4,9.0,2,7.0,2,7.7,6,8.4,5,9.1,7.0,10.3,4,12.1,2,12.7,6,8.9,6,9.6,3,13.9,2,13.2,1,13.6,1,16.6,4,15.5,7,11.5,3
2016-04-08 11:00:00,8.9,3,10.1,3,10.4,5,10.2,4,9.8,6,9.8,5,10.0,5,11.2,5,8.7,4,9.8,4,10.1,4,9.4,6,9.0,6,10.2,3,11.5,5,10.0,4,9.0,6,9.3,6,9.4,4,9.7,3,7.8,2,8.5,6,9.2,5,9.6,7.0,11.5,4,12.8,3,13.5,6,9.6,7,10.6,3,14.9,1,14.0,2,14.3,1,17.7,5,15.7,6,12.6,3
2016-04-08 12:00:00,9.3,3,10.7,3,11.1,5,10.7,4,10.6,6,10.2,5,10.4,5,11.9,5,9.3,4,10.5,4,10.7,4,10.0,6,9.8,7,11.0,4,12.3,5,10.7,4,9.6,6,10.0,6,10.2,5,10.2,4,8.4,2,9.2,6,10.0,5,9.9,7.0,12.3,4,13.4,3,14.2,6,10.0,7,11.4,4,15.5,1,14.6,2,14.9,1,18.5,5,15.7,6,13.5,2
2016-04-08 13:00:00,9.6,4,11.0,3,11.5,5,10.9,4,11.1,6,10.4,6,10.6,6,12.1,6,9.8,4,10.8,4,11.1,4,10.4,5,10.4,7,11.6,5,12.6,5,11.2,4,9.9,6,10.5,6,10.6,5,10.7,4,8.8,3,9.8,5,10.6,6,10.3,7.0,12.8,4,13.8,4,14.8,6,10.4,7,11.9,5,15.8,1,15.0,2,15.4,1,18.9,5,15.7,6,14.0,2
2016-04-08 14:00:00,9.8,4,11.1,3,11.7,5,10.8,5,11.2,6,10.3,6,10.6,6,11.9,6,10.1,5,10.9,5,11.2,5,10.6,4,10.8,7,12.0,6,12.5,6,11.4,4,10.0,5,10.7,6,10.7,6,11.0,5,8.9,4,10.3,5,10.9,6,10.6,7.0,12.9,4,13.9,4,15.1,6,10.6,7,12.1,6,15.7,1,15.2,2,15.7,1,18.9,5,15.6,6,14.1,2
2016-04-08 15:00:00,10.1,5,11.1,6,11.9,6,10.8,5,11.7,5,10.3,7,10.5,7,11.6,5,10.5,6,11.1,6,11.8,6,10.8,5,10.8,5,12.1,4,12.2,5,11.5,6,10.4,5,10.8,5,10.6,5,11.4,4,9.1,5,10.7,5,10.8,6,11.0,7.0,12.3,6,14.1,5,14.7,7,9.9,7,11.7,6,15.9,2,15.3,2,15.9,4,16.2,5,15.6,5,14.0,2
2016-04-08 16:00:00,9.8,5,10.6,6,11.3,6,10.2,5,11.3,4,10.0,7,10.0,7,10.9,5,10.3,6,10.8,6,11.5,6,10.5,4,10.3,4,11.7,4,11.6,5,11.2,6,10.1,5,10.6,5,10.2,4,10.9,4,8.9,6,10.4,4,10.7,5,10.4,7.0,12.0,6,13.5,5,14.2,7,9.6,6,11.3,5,15.2,2,14.5,2,15.2,5,15.6,5,15.2,5,13.7,2
2016-04-08 17:00:00,9.4,5,9.9,5,10.5,5,9.4,4,10.6,4,9.5,7,9.3,7,10.2,6,9.9,6,10.3,6,11.0,6,9.9,3,9.4,3,10.9,3,10.8,4,10.7,6,9.6,5,10.2,4,9.6,4,10.1,3,8.5,6,9.8,4,10.5,4,9.4,7.0,11.6,5,12.8,4,13.4,7,9.1,5,10.7,4,14.3,3,13.4,3,14.2,5,14.8,4,14.8,4,13.1,2
2016-04-08 18:00:00,9.0,5,9.2,5,9.6,5,8.6,4,9.6,3,8.9,6,8.6,7,9.4,6,9.3,5,9.8,5,10.5,5,8.9,2,8.4,2,10.0,3,9.9,4,10.0,6,9.0,5,9.3,4,8.7,4,9.1,3,8.0,6,9.0,4,10.1,3,8.3,6.0,11.1,5,12.0,4,12.5,6,8.5,5,10.1,4,13.5,3,12.3,3,13.3,5,13.9,3,14.3,4,12.5,2
2016-04-08 19:00:00,8.6,5,8.5,5,8.8,5,7.9,4,8.3,3,8.3,6,7.9,6,8.7,6,8.7,5,9.2,5,10.1,5,7.6,2,7.3,2,9.0,2,9.0,4,9.2,5,8.2,5,7.9,4,7.7,4,8.1,4,7.3,6,8.2,3,9.5,2,7.5,6.0,10.5,5,11.4,3,11.7,5,7.8,5,9.5,4,12.8,3,11.5,3,12.8,4,13.1,4,13.8,4,11.8,2
2016-04-08 20:00:00,8.3,5,7.9,5,8.2,5,7.4,5,6.9,3,7.7,6,7.3,6,8.0,6,8.0,5,8.6,5,9.7,5,6.2,3,6.3,2,7.9,2,8.2,5,8.4,5,7.5,5,6.3,4,6.6,4,7.2,5,6.6,5,7.4,3,8.8,2,6.8,5.0,9.8,5,11.0,3,10.9,3,7.2,5,9.0,4,12.3,3,11.0,2,12.5,3,12.4,4,13.4,4,11.2,2
2016-04-08 21:00:00,8.0,5,7.3,5,7.6,5,6.9,5,6.0,3,7.3,5,6.9,6,7.5,6,7.4,5,8.0,5,9.2,5,5.3,3,5.5,2,7.0,2,7.7,5,7.8,5,6.9,5,5.1,4,5.5,4,6.3,6,6.0,5,6.8,3,8.1,2,6.3,5.0,9.4,5,10.4,2,10.0,3,6.5,5,8.5,4,11.6,3,10.5,2,11.9,2,11.8,4,13.0,4,10.7,2
2016-04-08 22:00:00,7.7,5,6.8,5,7.0,5,6.5,5,5.2,3,6.9,5,6.8,5,7.1,6,6.9,5,7.4,5,8.6,5,4.6,3,4.9,2,6.2,3,7.4,5,7.3,5,6.4,5,4.5,4,4.6,4,5.6,6,5.7,4,6.4,3,7.5,2,5.8,5.0,9.0,5,9.9,2,9.1,3,6.0,5,8.1,4,10.9,4,10.2,2,11.3,2,11.2,4,12.6,4,10.3,2
2016-04-08 23:00:00,7.4,5,6.4,5,6.5,5,6.2,5,4.6,4,6.6,4,6.8,5,6.8,6,6.4,5,6.8,5,8.1,5,4.3,4,4.5,2,5.7,3,7.1,6,6.9,5,6.0,5,4.4,4,4.0,4,5.0,5,5.4,4,6.1,4,7.0,3,5.5,5.0,8.6,5,9.2,2,8.3,3,5.6,5,7.8,4,10.3,4,9.8,2,10.7,2,10.6,4,12.2,4,9.9,3
2016-04-09 00:00:00,7.1,6,6.0,5,6.1,5,5.9,6,4.1,4,6.3,4,6.7,5,6.4,6,6.0,5,6.4,5,7.6,5,4.2,4,4.4,3,5.4,4,7.0,6,6.6,5,5.6,5,4.5,5,3.6,4,4.8,5,5.2,3,5.9,4,6.6,3,5.3,5.0,8.3,5,8.6,2,7.4,3,5.4,5,7.6,4,9.6,4,9.5,3,10.1,3,10.1,4,11.8,4,9.6,3
2016-04-09 01:00:00,6.9,6,5.7,6,5.7,6,5.6,6,3.8,4,6.0,4,6.6,5,6.0,6,5.6,5,6.0,5,7.1,5,4.3,4,4.5,4,5.4,5,6.9,6,6.3,5,5.2,5,4.5,4,3.6,4,4.8,5,4.9,4,5.6,4,6.3,4,5.2,5.0,8.0,5,8.0,3,6.7,4,5.5,5,7.5,4,9.1,4,9.0,3,9.6,3,9.6,4,11.4,5,9.2,3
2016-04-09 02:00:00,6.6,6,5.4,6,5.4,6,5.3,6,3.5,5,5.7,5,6.2,5,5.7,5,5.4,5,5.7,5,6.7,5,4.3,5,4.6,4,5.4,5,6.9,6,6.2,6,4.9,5,4.4,4,3.7,4,5.0,5,4.6,4,5.2,4,6.1,4,5.1,5.0,7.8,5,7.4,4,6.1,4,5.6,5,7.4,4,8.6,5,8.5,4,9.2,4,9.1,4,11.1,5,8.9,4
2016-04-09 03:00:00,6.8,7,5.6,7,5.2,5,6.0,5,4.0,4,6.2,5,5.9,3,6.1,6,5.3,6,5.7,5,7.1,6,4.1,2,3.0,2,3.5,5,7.2,5,6.3,6,4.7,4,4.3,5,2.7,3,3.3,6,4.5,6,4.4,4,4.9,6,4.4,6.0,8.1,6,8.3,2,6.5,2,5.3,6,7.0,5,9.0,2,8.8,2,9.5,2,8.5,1,11.0,3,8.3,2
2016-04-09 04:00:00,6.8,7,5.6,7,5.1,5,5.9,6,3.9,4,5.6,6,5.3,3,5.4,5,5.3,6,5.7,6,6.9,6,4.0,4,2.7,3,3.5,5,7.0,4,6.2,7,4.4,4,4.2,5,2.5,3,3.0,7,4.3,6,4.0,4,4.7,6,4.0,6.0,8.1,6,8.0,2,6.2,2,5.3,6,6.9,6,8.7,2,8.6,2,9.3,1,8.0,2,10.8,3,8.1,3
2016-04-09 05:00:00,6.9,7,5.7,7,5.2,6,5.9,6,3.9,4,5.1,6,4.9,3,4.9,4,5.2,6,5.6,6,6.7,6,4.1,5,2.5,4,3.7,4,6.9,4,6.1,7,4.3,4,4.2,4,2.5,3,3.0,7,4.2,6,3.8,5,4.7,5,3.8,6.0,8.2,6,8.0,2,6.2,2,5.4,6,6.9,6,8.5,2,8.5,2,9.2,1,7.9,2,10.9,3,8.2,3
2016-04-09 06:00:00,7.0,7,5.9,7,5.4,6,6.0,6,4.2,5,5.1,6,4.9,4,4.9,4,5.3,7,5.7,6,6.7,7,4.6,6,2.9,4,4.4,4,7.1,4,6.2,7,4.6,4,4.4,4,2.9,3,3.6,6,4.4,7,4.0,5,5.1,5,4.1,6.0,8.5,6,8.4,2,6.8,2,5.8,6,7.1,7,9.0,2,9.0,2,9.6,2,8.5,2,11.4,3,8.7,3
2016-04-09 07:00:00,7.1,7,6.2,7,6.0,6,6.3,6,5.1,5,5.7,6,5.6,4,5.6,4,5.5,7,6.0,7,6.9,7,5.7,6,4.1,4,5.5,3,7.7,5,6.7,6,5.3,5,5.0,5,4.0,3,4.9,5,5.0,7,4.9,5,5.8,4,5.3,6.0,9.1,6,9.4,2,8.1,2,6.8,6,7.8,7,10.3,2,10.3,2,10.6,2,10.1,3,12.5,3,9.8,3
2016-04-09 08:00:00,7.2,7,6.6,7,6.8,6,6.9,6,6.4,5,6.7,5,6.6,4,6.7,4,5.9,7,6.5,7,7.2,7,7.1,6,5.8,3,6.9,2,8.6,6,7.4,5,6.3,6,6.1,5,5.5,3,6.7,4,6.0,7,6.2,5,6.9,4,7.1,6.0,10.0,7,10.8,3,9.9,2,8.2,7,8.8,7,12.2,2,12.1,2,12.0,1,12.3,3,13.9,3,11.3,2
2016-04-09 09:00:00,7.4,6,7.1,7,7.7,6,7.6,5,7.8,5,7.8,5,7.6,4,8.0,5,6.5,7,7.2,7,7.8,7,8.5,6,7.6,3,8.4,2,9.5,6,8.3,5,7.5,6,7.3,6,7.3,3,8.6,2,6.9,7,7.8,5,8.2,4,8.9,6.0,10.9,7,12.3,3,11.9,3,9.4,7,9.9,7,14.0,2,13.9,2,13.5,1,14.7,3,15.1,3,13.0,3
2016-04-09 10:00:00,7.7,6,7.7,6,8.6,6,8.4,4,9.1,6,8.7,4,8.3,4,9.1,5,7.2,7,8.0,7,8.5,7,9.7,5,9.2,3,9.9,2,10.1,7,9.1,5,8.6,7,8.7,6,9.1,3,10.2,2,7.7,6,9.3,6,9.7,4,10.3,5.0,11.7,7,13.6,2,13.7,3,10.2,7,11.0,7,15.5,2,15.3,2,14.7,1,16.8,3,15.8,3,14.6,3
2016-04-09 11:00:00,8.1,5,8.2,6,9.3,7,9.2,4,10.3,6,9.3,4,8.8,5,10.0,6,7.8,7,8.9,7,9.2,7,10.6,5,10.4,3,11.4,2,10.6,7,9.8,5,9.5,7,9.9,6,10.6,3,11.5,2,8.3,6,10.6,6,11.1,4,11.3,5.0,12.4,6,14.8,2,15.2,4,10.7,7,12.0,7,16.5,2,16.4,2,15.7,1,18.4,2,16.2,2,16.0,4
2016-04-09 12:00:00,8.5,4,8.7,6,9.8,7,9.8,4,11.0,7,9.6,4,9.1,5,10.6,7,8.4,7,9.5,7,9.8,7,11.3,5,11.4,4,12.5,2,11.0,7,10.3,6,10.2,7,10.8,6,11.8,4,12.5,3,8.9,5,11.6,6,12.3,4,12.1,5.0,12.9,6,15.7,2,16.3,4,11.1,7,12.9,7,17.2,2,17.2,2,16.5,1,19.5,2,16.3,2,17.0,4
2016-04-09 13:00:00,8.8,4,9.0,6,10.1,7,10.0,4,11.3,7,9.6,4,9.4,5,10.8,7,8.8,7,9.8,7,10.1,7,11.8,5,12.0,4,13.2,3,11.4,7,10.6,6,10.6,7,11.2,7,12.4,5,13.1,4,9.4,5,12.2,6,13.1,5,12.6,5.0,13.2,6,16.4,2,16.9,3,11.6,7,13.6,7,17.6,2,17.7,1,17.1,1,20.0,2,16.3,2,17.5,5
2016-04-09 14:00:00,9.0,4,9.2,6,10.1,7,9.9,6,11.2,6,9.5,4,9.5,5,10.8,6,8.9,7,9.9,7,10.1,7,11.9,5,12.3,5,13.6,4,11.8,6,10.7,7,10.7,7,11.1,7,12.5,6,13.4,5,9.7,6,12.3,6,13.5,5,12.8,5.0,13.3,6,16.8,2,17.1,2,12.0,7,13.9,7,17.6,2,17.9,1,17.5,1,20.1,1,16.3,2,17.5,5
2016-04-09 15:00:00,8.6,6,8.6,6,9.8,7,9.0,3,10.9,6,8.8,3,8.7,6,10.4,6,8.3,6,9.3,7,9.7,6,10.9,7,12.3,4,13.6,7,10.9,5,9.9,5,9.4,7,10.6,7,11.3,5,13.1,7,8.6,7,11.6,7,12.3,4,11.0,7.0,12.1,6,16.1,3,16.1,2,11.2,7,12.7,7,16.9,2,17.3,3,17.4,2,18.9,1,15.6,4,16.2,5
2016-04-09 16:00:00,8.4,6,8.5,6,9.4,7,8.5,3,10.4,7,8.2,4,8.1,6,9.7,5,8.1,6,8.9,7,9.3,6,10.2,7,11.8,5,12.9,7,10.4,5,9.5,5,8.9,7,9.9,7,10.7,4,12.3,7,8.2,6,10.9,7,11.9,4,10.5,7.0,11.8,5,15.4,3,15.5,1,11.0,7,12.4,6,16.2,2,16.3,3,17.0,1,18.1,1,15.5,4,15.6,5
2016-04-09 17:00:00,8.2,6,8.2,6,9.0,7,7.9,3,9.8,7,7.4,5,7.4,6,8.8,5,7.7,7,8.4,7,8.9,7,9.2,7,11.1,6,11.9,7,9.6,4,8.9,4,8.3,6,9.1,7,10.0,4,11.1,7,7.7,6,9.9,6,11.4,5,9.8,6.0,11.3,5,14.4,2,14.6,1,10.4,7,11.9,5,15.2,2,15.0,2,16.2,1,17.0,1,15.3,3,14.7,4
2016-04-09 18:00:00,7.8,6,7.7,6,8.5,7,7.1,2,9.0,7,6.7,6,6.7,6,7.9,5,7.3,7,7.9,7,8.4,7,8.2,7,10.2,6,10.8,6,8.7,4,8.2,3,7.6,6,8.1,6,9.2,4,9.9,6,7.1,5,8.8,5,10.8,5,9.0,6.0,10.7,5,13.4,2,13.7,1,9.5,7,11.3,5,14.3,2,13.7,2,15.2,1,15.8,1,15.0,3,13.8,4
2016-04-09 19:00:00,7.4,6,7.1,6,7.9,7,6.3,2,8.1,7,6.2,6,6.1,6,7.0,5,6.9,6,7.4,6,8.1,6,7.3,6,9.3,7,9.9,6,7.8,4,7.4,3,6.9,6,7.1,6,8.5,4,8.8,6,6.4,5,7.9,5,10.2,5,8.1,6.0,10.0,6,12.5,2,12.8,1,8.4,6,10.7,4,13.4,2,12.5,2,14.2,1,14.6,1,14.5,2,12.9,4
2016-04-09 20:00:00,6.9,5,6.5,5,7.3,7,5.5,3,7.2,7,5.8,6,5.7,6,6.3,5,6.5,6,7.0,6,7.9,6,6.6,6,8.6,6,9.2,6,7.0,5,6.6,3,6.2,5,6.3,6,7.8,4,8.0,6,5.8,4,7.1,4,9.6,5,7.3,5.0,9.3,6,11.9,2,12.0,1,7.2,5,10.0,4,12.6,2,11.6,3,13.3,2,13.5,1,13.9,3,12.1,4
2016-04-09 21:00:00,6.5,4,5.8,5,6.7,7,4.9,3,6.5,7,5.6,5,5.3,5,5.6,5,6.0,5,6.5,5,7.7,5,6.0,5,7.9,6,8.6,6,6.4,5,5.9,3,5.6,5,5.7,6,7.1,4,7.3,6,5.4,5,6.5,4,9.0,5,6.6,5.0,8.7,6,11.1,3,10.9,2,6.2,5,9.3,4,11.8,3,10.7,3,12.4,2,12.4,2,13.4,3,11.4,4
2016-04-09 22:00:00,6.2,4,5.2,4,6.2,7,4.4,4,5.8,6,5.4,5,4.9,5,5.1,5,5.4,5,6.0,5,7.3,5,5.5,5,7.3,6,8.2,6,5.9,5,5.4,4,5.2,5,5.4,6,6.4,5,6.7,6,5.2,5,6.1,4,8.4,5,6.0,5.0,8.3,6,10.3,3,9.9,2,5.5,5,8.5,4,11.0,3,9.9,4,11.6,2,11.4,2,12.9,3,10.8,4
2016-04-09 23:00:00,5.9,4,4.7,3,5.6,7,4.1,4,5.1,6,5.4,4,4.6,5,4.6,5,4.8,4,5.4,4,6.8,4,5.0,5,6.8,6,7.8,6,5.5,5,5.1,4,4.9,4,5.2,6,5.8,5,6.4,6,5.1,5,5.8,4,7.8,5,5.6,5.0,7.9,6,9.5,4,8.9,3,5.2,5,7.7,4,10.2,3,9.3,4,10.8,2,10.6,3,12.6,3,10.2,4
2016-04-10 00:00:00,5.6,4,4.3,3,5.0,6,3.8,4,4.5,6,5.3,4,4.4,5,4.2,5,4.3,4,5.0,4,6.3,4,4.7,5,6.2,6,7.4,6,5.1,5,4.9,4,4.7,4,5.0,5,5.3,5,6.2,6,4.9,5,5.5,5,7.3,5,5.3,5.0,7.4,6,8.8,4,8.0,3,5.0,5,7.1,4,9.5,4,8.8,4,10.1,3,9.8,3,12.2,4,9.7,4
2016-04-10 01:00:00,5.3,4,4.0,4,4.5,6,3.6,4,3.9,6,5.2,5,4.1,5,3.9,5,4.0,4,4.7,4,5.8,4,4.3,5,5.8,6,7.0,6,4.9,5,4.8,5,4.5,4,4.7,5,4.8,5,6.0,6,4.6,5,5.2,5,6.7,5,5.2,4.0,7.0,6,8.1,5,7.2,4,4.9,5,6.9,5,8.9,4,8.3,4,9.5,3,9.1,3,11.9,4,9.2,4
2016-04-10 02:00:00,5.1,4,3.7,4,4.1,6,3.4,4,3.4,5,5.1,6,3.9,5,3.6,5,3.8,4,4.5,4,5.4,4,4.0,5,5.3,5,6.7,6,4.7,6,4.5,5,4.3,4,4.2,5,4.4,5,6.0,6,4.1,5,4.7,5,6.3,5,5.1,4.0,6.5,6,7.4,5,6.5,4,4.8,5,6.8,5,8.5,4,7.9,4,9.1,3,8.6,3,11.7,4,8.9,4
2016-04-10 03:00:00,5.3,5,3.7,5,4.4,5,3.5,6,4.3,5,6.9,5,5.1,6,4.3,7,3.8,6,4.6,6,5.5,6,5.0,5,5.8,4,6.5,5,5.1,6,4.3,6,3.9,4,3.6,4,4.6,4,5.6,2,4.8,4,4.2,2,6.5,2,5.2,1.0,7.9,6,7.9,1,7.3,1,5.2,2,7.3,2,8.9,1,8.7,1,9.4,1,9.2,1,11.7,1,9.2,5
2016-04-10 04:00:00,5.1,5,3.4,6,4.1,5,3.0,6,3.7,5,6.6,6,5.0,6,4.0,7,3.4,6,4.1,6,5.2,6,4.5,5,5.3,5,6.1,5,5.0,6,4.0,6,3.3,4,2.8,4,4.1,4,5.1,3,4.6,4,3.6,3,6.0,2,4.4,1.0,7.6,6,7.3,2,6.5,1,4.8,2,7.1,2,8.3,1,8.2,2,8.9,1,8.5,1,11.4,2,8.8,5
2016-04-10 05:00:00,5.0,5,3.1,6,4.1,6,2.6,6,3.4,6,6.5,7,4.9,6,3.8,7,3.2,6,3.7,6,5.2,6,4.2,5,5.0,5,6.1,5,4.9,7,3.8,6,3.1,4,2.3,3,3.8,4,4.9,4,4.6,4,3.2,3,5.7,2,3.8,2.0,7.5,7,7.1,2,6.0,2,4.8,2,7.0,2,7.9,1,8.0,2,8.6,2,8.2,2,11.4,2,8.7,5
2016-04-10 06:00:00,5.2,5,3.4,6,4.5,6,2.9,6,3.8,6,6.7,7,5.3,7,4.1,7,3.5,6,3.9,6,5.5,6,4.7,5,5.4,5,6.6,5,5.3,7,4.2,6,3.5,4,2.8,3,4.2,4,5.5,4,5.3,4,3.7,3,6.0,2,4.3,2.0,8.0,6,7.6,2,6.3,2,5.8,3,7.5,2,8.3,2,8.6,2,9.0,2,8.7,2,12.0,3,9.1,6
2016-04-10 07:00:00,5.9,5,4.4,6,5.6,6,4.2,6,5.1,6,7.5,6,6.2,7,5.3,7,4.7,6,5.1,6,6.4,6,6.2,5,6.7,4,7.9,5,6.5,7,5.5,6,5.0,3,4.7,3,5.5,4,7.2,4,6.8,4,5.2,3,7.0,2,6.5,2.0,9.5,5,9.0,2,7.8,2,8.2,3,9.1,2,9.7,3,10.2,2,10.4,2,10.4,2,13.2,3,10.2,5
2016-04-10 08:00:00,6.9,4,5.8,6,7.1,6,6.2,5,7.1,6,8.5,6,7.4,7,7.0,6,6.4,6,7.0,5,7.8,6,8.2,5,8.6,4,9.7,4,8.3,7,7.3,5,7.1,3,7.4,2,7.5,3,9.5,3,8.9,3,7.5,2,8.5,2,9.6,2.0,11.6,4,11.0,1,10.2,2,11.4,3,11.3,2,11.8,4,12.5,2,12.4,2,12.8,2,14.7,2,11.9,5
2016-04-10 09:00:00,8.0,4,7.4,6,8.7,6,8.2,5,9.1,5,9.6,5,8.7,7,8.8,6,8.2,5,9.0,5,9.4,5,10.3,4,10.5,3,11.6,4,10.0,6,9.2,5,9.5,2,10.2,2,9.6,3,11.8,2,10.9,3,10.0,2,10.3,2,12.6,2.0,13.8,3,13.2,2,12.8,2,14.3,3,13.6,2,13.8,5,14.7,2,14.5,2,15.4,1,16.0,2,13.8,4
2016-04-10 10:00:00,9.0,4,8.8,5,10.1,5,9.9,6,10.8,5,10.4,4,9.7,6,10.3,6,9.8,4,10.7,4,11.0,4,11.9,3,11.8,2,13.3,3,11.3,6,10.8,3,11.7,2,12.5,2,11.5,2,13.6,2,12.6,2,12.4,2,12.1,2,14.7,2.0,15.7,2,15.2,3,15.0,2,16.3,3,15.6,2,15.2,6,16.4,3,16.3,2,17.7,2,16.7,2,15.6,3
2016-04-10 11:00:00,9.9,4,10.1,5,11.3,4,11.2,6,12.1,5,10.9,3,10.5,6,11.4,6,11.0,4,12.0,4,12.4,4,13.1,3,12.8,2,14.7,3,12.3,6,12.2,2,13.5,2,14.2,2,13.0,2,14.9,2,14.0,2,14.4,2,13.7,2,16.1,2.0,17.3,2,16.7,4,16.8,2,17.4,2,17.3,2,16.2,6,17.6,4,17.7,2,19.5,2,16.8,3,17.2,3
2016-04-10 12:00:00,10.6,4,11.1,5,12.1,4,12.1,6,13.1,4,11.2,2,11.1,6,12.2,6,12.0,3,12.9,3,13.5,3,14.0,3,13.7,2,15.8,3,13.2,6,13.3,2,14.9,2,15.4,2,14.2,2,15.9,2,15.1,2,16.0,2,15.1,2,16.9,2.0,18.6,2,17.9,4,18.0,3,18.1,2,18.6,2,16.7,6,18.4,5,18.6,2,20.6,2,16.8,3,18.2,3
2016-04-10 13:00:00,11.1,4,11.9,5,12.6,4,12.7,7,13.8,4,11.4,2,11.6,6,12.8,5,12.7,3,13.6,3,14.1,3,14.8,3,14.6,2,16.6,3,14.1,6,14.3,3,15.9,2,16.3,2,15.0,2,16.6,2,16.1,2,17.1,2,16.1,2,17.5,2.0,19.5,3,18.6,4,18.6,3,18.6,2,19.7,2,17.0,5,18.8,4,19.0,2,21.0,2,16.7,3,18.6,3
2016-04-10 14:00:00,11.4,4,12.5,6,12.9,4,12.9,7,14.1,4,11.5,3,11.9,6,13.2,5,13.1,3,14.0,3,14.5,3,15.3,4,15.4,2,17.0,3,14.9,5,15.1,4,16.4,2,16.7,2,15.4,2,17.0,2,16.8,2,17.7,2,16.7,2,17.6,3.0,20.1,3,18.7,4,18.7,3,18.8,3,20.3,2,17.1,3,18.8,3,19.0,2,20.8,2,16.7,3,18.5,3
2016-04-10 15:00:00,11.3,6,12.2,6,12.3,4,12.5,6,13.5,4,10.8,6,11.3,4,13.1,6,12.5,6,13.1,6,13.7,6,14.3,2,14.4,3,16.5,3,14.7,6,14.6,4,15.8,3,16.2,3,14.8,2,16.1,3,16.8,2,17.7,2,16.5,2,16.4,3.0,19.2,3,18.2,2,17.9,3,17.9,2,19.2,2,16.7,6,18.3,3,18.4,2,20.3,2,16.6,2,17.9,4
2016-04-10 16:00:00,11.2,6,12.0,6,12.2,4,12.3,7,13.3,4,10.4,6,11.3,4,13.0,6,12.7,6,13.2,6,13.7,6,14.1,2,14.1,3,16.0,3,14.5,6,14.7,4,15.6,4,16.0,3,14.5,3,15.6,3,16.5,2,17.2,2,16.4,1,15.6,3.0,19.0,4,17.5,2,17.1,3,17.7,2,18.9,2,16.3,6,17.5,4,17.6,2,19.2,2,16.5,2,17.8,4
2016-04-10 17:00:00,11.0,6,11.7,6,11.9,4,12.0,7,12.9,4,9.9,7,11.2,5,12.6,5,12.6,6,13.1,5,13.6,6,13.4,2,13.3,2,15.1,3,13.8,6,14.5,4,15.1,5,15.3,3,13.8,3,14.7,2,15.7,2,16.3,2,16.1,1,14.6,3.0,18.3,5,16.5,3,16.1,3,17.1,2,18.3,2,15.8,6,16.4,5,16.7,2,17.9,2,16.3,2,17.4,4
2016-04-10 18:00:00,10.8,5,11.2,6,11.6,4,11.4,7,12.2,4,9.4,7,10.8,6,12.0,5,12.3,5,12.8,5,13.3,5,12.6,2,12.3,2,13.9,2,12.9,7,14.0,4,14.3,5,14.4,2,12.7,3,13.4,2,14.7,2,15.1,2,15.5,1,13.5,2.0,17.3,6,15.4,3,14.9,3,16.0,2,17.4,2,15.3,6,15.3,6,15.8,3,16.5,2,15.9,2,16.8,4
2016-04-10 19:00:00,10.6,5,10.7,6,11.1,4,10.6,6,11.3,3,8.9,7,10.1,5,11.1,5,11.7,5,12.1,4,12.8,4,11.7,2,11.3,1,12.6,2,11.9,6,13.1,4,13.3,4,13.3,2,11.5,3,11.9,2,13.7,2,13.9,2,14.7,2,12.5,2.0,16.1,6,14.4,3,13.7,2,14.4,2,16.4,2,14.9,5,14.3,5,15.3,3,15.2,2,15.3,2,15.9,4
2016-04-10 20:00:00,10.3,5,10.2,5,10.6,4,9.8,6,10.3,2,8.4,7,9.2,4,10.1,5,11.0,4,11.4,4,12.2,4,10.9,2,10.5,1,11.4,2,11.0,6,12.1,4,12.2,3,12.3,2,10.4,2,10.3,2,12.8,2,12.9,2,13.8,2,11.5,2.0,14.8,6,13.5,2,12.6,2,12.7,2,15.5,2,14.5,4,13.5,4,14.9,2,14.1,2,14.5,2,15.0,3
2016-04-10 21:00:00,10.1,6,9.8,5,10.2,4,9.2,6,9.6,2,8.1,7,8.6,4,9.4,5,10.5,5,10.8,4,11.9,4,10.2,1,9.7,2,10.3,2,10.4,6,11.5,5,11.6,2,11.6,2,9.5,2,9.0,2,12.0,2,12.3,2,13.2,2,10.3,2.0,13.8,6,12.8,3,11.5,2,11.3,2,14.7,2,14.1,4,12.9,4,14.4,2,13.0,2,14.0,2,14.5,3
2016-04-10 22:00:00,9.9,6,9.5,6,9.9,5,8.7,6,9.0,2,8.0,7,8.1,4,8.8,5,10.0,5,10.4,4,11.5,4,9.7,1,9.0,2,9.4,1,9.7,6,10.9,5,11.0,2,10.9,3,8.9,3,8.0,2,11.4,2,11.6,2,12.6,2,9.2,2.0,12.9,6,12.1,3,10.6,2,10.3,3,13.9,2,13.7,4,12.3,4,14.0,3,12.1,2,13.5,2,14.0,4
2016-04-10 23:00:00,9.7,6,9.2,6,9.6,5,8.3,6,8.7,2,7.9,7,7.6,5,8.1,5,9.7,5,10.1,4,11.3,4,9.3,1,8.5,2,8.6,1,9.1,6,10.3,5,10.4,2,10.2,3,8.5,3,7.3,3,10.7,2,11.0,3,12.0,2,8.3,2.0,12.0,6,11.6,3,9.8,2,9.6,3,13.1,3,13.4,4,11.9,4,13.6,3,11.4,3,13.2,2,13.6,4
2016-04-11 00:00:00,9.5,6,8.9,6,9.4,5,7.9,6,8.4,3,7.8,6,7.3,5,7.4,5,9.3,5,9.8,4,10.9,5,9.0,2,8.1,3,8.0,1,8.6,6,9.8,5,9.8,2,9.6,4,8.4,4,6.9,3,10.1,3,10.5,3,11.5,3,7.6,3.0,11.1,6,11.2,3,9.3,2,9.1,4,12.4,3,13.0,5,11.7,4,13.2,3,10.9,3,12.9,3,13.2,4
2016-04-11 01:00:00,9.2,6,8.6,6,9.1,5,7.5,6,8.0,3,7.6,6,6.9,5,6.8,6,8.9,5,9.5,5,10.5,5,8.8,2,8.0,3,7.5,1,8.1,6,9.3,5,9.4,3,9.1,4,8.4,4,6.6,3,9.5,4,10.0,4,11.0,3,7.3,3.0,10.3,6,10.9,3,8.9,3,8.5,4,11.7,3,12.8,5,11.5,5,13.0,4,10.5,4,12.7,3,12.9,4
2016-04-11 02:00:00,8.9,6,8.3,6,8.7,6,7.1,6,7.6,4,7.4,6,6.6,5,6.2,6,8.4,5,9.0,5,10.0,5,8.7,4,7.8,4,7.1,1,7.7,6,8.8,6,9.0,5,8.7,5,8.4,5,6.4,4,8.9,5,9.6,4,10.6,3,7.2,4.0,9.6,6,10.8,3,8.8,3,7.8,5,11.1,4,12.6,5,11.5,5,12.8,4,10.4,4,12.5,3,12.6,4
2016-04-11 03:00:00,9.1,6,8.3,5,8.6,5,7.3,6,7.7,1,7.9,6,7.1,6,7.1,7,9.1,3,9.3,3,10.6,3,9.4,1,7.2,1,6.8,2,7.8,7,9.3,6,9.2,2,9.6,1,7.6,1,6.0,2,9.5,6,10.3,2,11.2,1,7.2,1.0,10.2,7,11.2,4,8.5,2,7.7,6,11.2,6,12.8,6,11.8,4,12.7,2,9.5,2,12.2,1,12.1,5
2016-04-11 04:00:00,8.9,6,7.9,5,8.4,6,6.7,6,7.5,1,7.5,6,7.0,7,6.5,7,8.8,4,9.0,3,10.3,3,9.1,1,7.2,1,6.7,2,7.3,7,8.7,7,8.9,2,9.6,1,7.3,1,5.8,2,9.1,6,9.8,2,11.0,1,6.8,2.0,9.4,7,11.0,4,8.4,2,7.0,7,10.7,7,12.9,6,11.8,4,13.0,2,9.2,2,12.1,1,12.1,5
2016-04-11 05:00:00,8.8,6,7.7,6,8.4,6,6.3,6,7.7,2,7.3,6,7.0,7,6.1,7,8.6,4,8.9,3,10.0,3,8.9,1,7.5,2,7.0,2,7.0,7,8.3,7,8.8,2,9.8,1,7.3,1,5.9,2,8.9,7,9.5,3,10.8,1,6.7,2.0,9.0,7,11.1,5,8.6,2,6.7,7,10.4,7,13.0,6,11.9,5,13.5,3,9.3,2,12.2,2,12.3,6
2016-04-11 06:00:00,8.9,6,7.9,6,8.9,6,6.4,7,8.4,2,7.6,5,7.4,7,6.4,7,8.7,4,9.1,3,10.1,3,9.2,1,8.3,2,7.7,2,7.3,7,8.3,7,9.0,2,10.0,1,7.8,1,6.7,2,8.9,7,9.5,4,11.1,1,7.3,2.0,9.2,7,11.4,6,9.1,3,7.0,7,10.5,7,13.3,6,12.3,5,14.0,3,10.0,3,12.7,2,12.5,7
2016-04-11 07:00:00,9.4,6,8.7,7,9.3,5,7.4,7,9.0,2,8.5,4,8.2,7,7.4,6,8.5,4,9.7,3,10.5,3,10.2,1,9.6,2,9.1,2,8.5,6,7.6,7,9.5,3,10.3,1,9.1,2,8.5,2,9.0,7,10.0,5,10.8,2,9.1,3.0,10.2,6,12.2,7,10.1,4,8.3,6,11.3,7,14.0,6,12.9,6,14.6,5,11.4,3,13.7,3,13.2,7
2016-04-11 08:00:00,10.0,5,10.0,6,11.0,3,8.9,7,11.0,2,9.7,3,9.3,6,9.0,6,9.5,3,10.6,3,11.3,3,11.7,1,11.2,2,10.9,2,10.2,6,8.9,7,10.3,4,10.6,1,10.9,2,11.0,3,9.3,6,10.8,5,12.2,3,11.5,3.0,11.6,5,13.2,7,11.3,5,10.1,5,12.6,6,14.0,6,13.6,6,15.2,6,13.2,3,14.7,4,13.3,7
2016-04-11 09:00:00,10.8,4,11.2,5,12.7,2,10.5,7,13.0,2,10.9,2,10.4,5,10.6,5,10.4,3,11.7,3,12.2,3,13.3,2,12.9,1,12.8,2,11.9,5,10.3,7,11.0,6,11.2,2,12.9,2,13.4,3,9.7,6,11.6,5,13.8,4,14.0,4.0,13.0,4,14.1,7,12.5,6,11.8,4,13.8,5,13.9,6,14.2,7,15.7,6,15.0,4,15.7,5,13.5,6
2016-04-11 10:00:00,11.5,4,12.2,4,14.3,1,11.7,6,14.8,1,11.8,1,11.3,5,11.9,5,11.2,4,12.7,3,13.2,3,14.7,1,14.4,1,14.6,2,13.0,5,11.4,6,11.6,7,12.0,2,14.7,2,15.4,2,10.1,6,12.2,6,15.2,4,16.0,4.0,14.1,4,14.8,7,13.6,7,13.0,4,14.6,5,13.8,6,14.6,7,16.1,7,16.3,5,16.1,6,14.0,5
2016-04-11 11:00:00,12.1,4,12.9,3,15.4,1,12.4,5,16.2,1,12.4,1,12.1,4,12.7,5,11.9,4,13.6,3,14.0,4,15.8,2,15.7,2,16.2,2,13.7,4,12.2,6,12.1,7,12.9,3,16.1,2,16.8,2,10.6,7,12.7,7,16.3,5,17.4,5.0,15.0,4,15.2,7,14.4,7,13.8,3,15.1,4,13.8,7,14.9,7,16.3,7,17.2,6,16.2,6,14.7,5
2016-04-11 12:00:00,12.4,4,13.4,3,16.1,2,12.9,5,17.0,1,12.8,2,12.6,4,13.2,5,12.5,5,14.2,4,14.5,5,16.3,2,16.6,2,17.6,2,14.1,4,12.9,6,12.6,7,13.6,4,16.9,2,17.8,2,11.0,7,13.1,7,17.0,6,18.3,6.0,15.6,3,15.5,7,14.9,7,14.4,3,15.6,3,13.8,7,15.2,7,16.5,7,17.7,7,16.1,7,15.3,4
2016-04-11 13:00:00,12.4,4,13.7,4,16.4,3,13.1,5,17.2,3,12.9,2,12.9,4,13.2,5,12.8,6,14.4,5,14.5,5,16.2,3,17.2,3,18.6,1,14.4,4,13.5,7,13.1,6,13.8,5,16.9,3,18.4,3,11.4,7,13.5,7,17.2,6,18.6,7.0,16.1,3,15.8,7,15.1,7,14.9,2,16.1,3,14.0,7,15.6,7,16.7,7,17.8,7,16.0,7,15.9,4
2016-04-11 14:00:00,12.3,5,13.8,5,16.2,4,13.1,4,16.8,4,12.8,2,12.9,4,13.1,4,12.9,6,14.2,6,14.2,6,15.7,5,17.4,4,19.1,1,14.4,3,14.0,6,13.4,6,13.7,5,16.3,5,18.4,4,11.6,7,13.8,7,17.0,7,18.3,7.0,16.3,2,16.0,7,15.0,7,15.2,2,16.7,2,14.1,7,15.9,7,16.7,7,17.6,7,15.9,7,16.3,4
2016-04-11 15:00:00,12.7,5,14.1,5,15.9,4,12.7,7,17.2,3,13.0,2,12.7,6,13.7,6,13.4,7,14.4,7,14.8,7,16.1,6,17.7,5,19.3,2,13.9,5,14.3,7,13.6,7,14.3,6,16.2,6,18.3,3,13.0,5,14.5,6,16.9,5,17.8,6.0,16.6,4,17.2,7,15.8,7,15.4,3,18.3,5,16.4,7,16.7,7,17.9,7,17.5,6,16.4,7,18.6,5
2016-04-11 16:00:00,12.5,5,13.6,6,15.4,4,12.1,7,16.3,4,12.3,2,12.1,6,13.2,6,13.0,7,13.8,7,14.4,7,15.2,7,16.8,6,18.5,3,13.4,6,13.8,7,13.2,7,13.8,6,15.1,7,17.4,4,12.6,4,14.1,6,16.1,5,16.0,6.0,16.3,4,16.7,6,15.3,5,15.2,3,17.6,5,16.1,7,16.4,7,17.5,6,17.1,6,16.3,5,18.2,5
2016-04-11 17:00:00,12.3,6,12.8,6,14.8,5,11.4,7,15.1,4,11.5,2,11.3,6,12.5,6,12.4,7,13.1,7,13.8,7,13.9,7,15.5,6,17.2,4,12.6,6,13.0,7,12.5,7,13.0,6,13.8,7,16.1,6,11.9,3,13.3,6,15.2,4,13.9,5.0,15.6,4,16.1,5,14.5,4,14.7,3,16.6,5,15.7,6,15.9,6,16.8,6,16.6,5,16.1,4,17.6,6
2016-04-11 18:00:00,12.1,6,12.0,6,14.0,5,10.5,7,13.8,4,10.6,2,10.3,5,11.6,6,11.7,7,12.3,7,13.1,7,12.5,7,14.1,6,15.7,5,11.6,6,12.0,6,11.6,6,12.0,6,12.5,7,14.6,6,11.1,2,12.3,5,14.3,4,12.1,5.0,14.7,4,15.3,5,13.7,3,13.9,3,15.5,5,15.3,6,15.3,6,16.2,5,15.9,5,15.7,3,16.7,6
2016-04-11 19:00:00,11.8,6,11.3,6,13.2,5,9.6,6,12.5,4,9.5,2,9.2,4,10.5,6,11.0,6,11.5,6,12.5,6,11.2,6,12.9,6,14.3,5,10.5,5,10.9,6,10.7,5,10.7,5,11.3,6,13.2,6,10.3,2,11.1,4,13.5,4,10.9,4.0,13.6,4,14.4,5,12.8,2,12.6,4,14.6,4,15.0,6,14.5,6,15.6,5,14.9,5,15.1,3,15.6,6
2016-04-11 20:00:00,11.5,6,10.8,6,12.5,5,8.8,6,11.4,4,8.5,2,8.1,3,9.4,5,10.5,6,10.7,7,12.0,7,10.2,5,12.0,6,13.1,6,9.2,4,9.9,6,9.8,4,9.5,5,10.4,6,11.9,6,9.5,2,10.0,3,12.9,4,10.1,4.0,12.4,5,13.5,5,12.0,2,11.1,4,13.8,3,14.6,6,13.8,6,15.1,5,13.8,4,14.5,3,14.4,5
2016-04-11 21:00:00,11.0,6,10.2,6,11.8,6,8.1,6,10.4,4,7.8,2,7.4,3,8.5,5,10.0,6,10.2,6,11.4,6,9.4,5,11.1,6,12.1,6,8.2,3,9.1,6,9.0,4,8.6,5,9.5,6,10.9,6,8.9,3,9.2,3,12.1,4,9.2,4.0,11.3,5,12.8,5,11.2,2,9.8,5,12.9,4,14.1,6,13.0,6,14.5,5,12.8,4,14.1,4,13.7,5
2016-04-11 22:00:00,10.5,7,9.6,6,11.1,6,7.6,6,9.7,5,7.3,2,6.8,3,7.6,5,9.5,6,9.8,6,10.8,6,8.7,5,10.3,6,11.2,6,7.3,3,8.4,6,8.5,3,8.0,5,8.7,6,10.1,5,8.5,3,8.6,3,11.5,4,8.4,4.0,10.5,5,12.1,5,10.4,3,8.8,5,12.0,4,13.6,6,12.4,5,13.9,5,12.0,4,13.7,4,13.1,5
2016-04-11 23:00:00,10.0,7,9.0,6,10.4,6,7.3,5,8.9,5,7.0,3,6.5,3,7.0,5,9.0,6,9.4,6,10.3,6,8.2,5,9.6,6,10.4,6,6.8,3,7.9,6,8.1,3,7.7,5,8.1,6,9.5,5,8.1,4,8.3,3,10.9,4,7.8,4.0,10.0,5,11.5,6,9.8,4,8.2,5,11.1,4,13.0,6,11.9,5,13.3,5,11.4,4,13.4,3,12.4,4
2016-04-12 00:00:00,9.6,7,8.5,6,9.8,6,6.9,5,8.2,5,6.8,3,6.3,4,6.4,5,8.5,6,8.9,5,9.6,6,7.7,5,9.0,6,9.7,6,6.5,3,7.5,6,7.7,3,7.4,5,7.5,6,9.0,5,7.6,4,8.0,3,10.3,4,7.4,4.0,9.6,5,10.9,6,9.2,4,7.8,5,10.4,4,12.4,5,11.5,5,12.7,5,11.0,4,13.1,3,11.8,4
2016-04-12 01:00:00,9.1,7,8.0,7,9.2,6,6.6,5,7.5,5,6.7,4,6.1,4,5.9,5,7.8,6,8.3,5,9.0,5,7.3,5,8.4,6,9.1,6,6.4,4,7.1,6,7.3,3,7.1,5,7.1,6,8.6,5,7.1,4,7.7,3,9.7,4,7.3,4.0,9.3,5,10.4,6,8.8,4,7.5,5,9.9,4,11.9,5,11.2,5,12.1,5,10.8,4,12.9,4,11.4,4
2016-04-12 02:00:00,8.8,7,7.5,7,8.7,6,6.1,5,6.9,5,6.8,4,5.9,5,5.4,5,7.1,5,7.6,5,8.5,5,7.0,5,7.8,6,8.6,6,6.4,5,6.8,5,6.8,3,6.5,4,6.8,5,8.2,5,6.5,4,7.3,3,9.2,4,7.4,5.0,9.0,5,10.1,6,8.5,4,7.1,5,9.5,4,11.4,5,11.0,5,11.7,5,10.6,4,12.8,4,11.0,4
2016-04-12 03:00:00,9.2,7,8.4,7,9.1,7,5.7,5,8.8,7,6.8,3,5.9,2,5.2,3,7.9,7,8.6,7,9.7,7,9.0,6,9.3,6,9.4,4,6.5,5,7.1,5,7.0,4,7.3,3,8.0,4,8.3,2,7.0,4,7.4,2,10.0,3,6.9,2.0,8.8,5,10.4,4,8.0,2,6.6,4,9.8,4,11.5,6,11.1,6,12.0,3,9.6,3,11.9,2,10.6,5
2016-04-12 04:00:00,8.9,7,7.9,7,8.9,7,5.2,4,8.6,7,6.6,4,5.7,2,4.5,3,7.3,6,8.1,6,9.2,6,8.7,6,8.9,6,9.3,3,5.9,5,6.5,5,6.4,3,6.7,3,7.4,3,8.2,3,6.7,4,6.7,2,9.5,3,6.4,3.0,8.4,5,10.0,5,7.6,2,6.2,4,9.5,4,11.4,6,11.0,6,12.1,3,9.1,3,11.4,3,10.4,5
2016-04-12 05:00:00,8.7,7,7.5,7,8.7,7,5.0,3,8.6,7,6.5,5,5.6,2,4.0,3,7.0,6,7.9,6,8.8,6,8.5,6,8.8,6,9.4,3,5.4,6,6.0,4,6.1,3,6.3,3,7.1,3,8.4,4,6.6,5,6.3,3,9.1,3,5.9,4.0,8.3,6,9.9,5,7.4,3,6.0,5,9.3,4,11.5,7,11.1,7,12.4,3,8.9,4,11.2,4,10.5,6
2016-04-12 06:00:00,8.7,7,7.6,7,9.0,7,5.4,3,8.9,7,6.9,5,6.1,2,4.3,3,7.2,6,8.2,6,8.9,6,8.8,6,9.1,6,9.9,3,5.8,6,6.3,4,6.5,3,6.6,3,7.4,3,9.0,4,7.1,5,6.6,3,9.3,3,6.3,4.0,8.8,7,10.4,5,8.0,3,6.8,6,9.7,5,12.1,7,11.8,7,13.1,4,9.5,4,11.5,4,10.9,6
2016-04-12 07:00:00,8.9,7,8.4,6,9.8,7,6.9,3,9.7,7,7.9,5,7.3,3,5.9,3,8.3,6,9.2,6,9.8,6,9.9,5,10.1,5,10.9,3,7.3,6,7.6,4,7.9,3,8.0,3,8.7,3,10.3,4,8.4,5,7.9,3,10.2,3,7.9,4.0,10.3,7,11.7,4,9.5,3,8.8,6,10.9,5,13.2,7,13.2,7,14.2,4,11.0,3,12.7,5,11.8,7
2016-04-12 08:00:00,9.4,7,9.7,5,10.8,6,8.9,3,10.8,7,9.3,5,9.0,4,8.3,4,9.9,6,10.7,5,11.3,6,11.4,5,11.6,4,12.2,3,9.6,6,9.5,5,9.9,3,10.1,3,10.5,4,11.9,4,10.1,5,10.0,3,11.7,3,10.4,3.0,12.4,6,13.5,4,11.7,2,11.5,6,12.6,4,14.6,7,14.9,6,15.4,4,13.1,3,14.3,5,13.1,7
2016-04-12 09:00:00,9.9,6,11.0,4,11.9,6,11.1,4,12.0,6,10.8,5,10.6,4,10.8,5,11.5,5,12.2,5,12.8,6,12.9,5,12.9,4,13.6,3,11.8,6,11.5,5,12.0,3,12.4,3,12.4,4,13.6,3,11.9,6,12.3,3,13.4,2,12.9,3.0,14.5,6,15.3,4,14.0,3,14.0,6,14.5,4,15.7,7,16.5,6,16.7,5,15.5,3,15.6,5,14.4,6
2016-04-12 10:00:00,10.4,5,12.1,4,12.8,6,12.9,4,13.0,6,12.0,5,11.9,5,12.8,5,12.7,5,13.5,5,14.0,5,14.1,4,13.8,3,14.8,2,13.4,6,13.1,5,13.6,3,14.3,3,13.9,4,15.1,3,13.4,6,14.4,3,15.0,2,14.9,4.0,16.2,5,16.8,4,16.0,3,15.6,5,16.2,4,16.3,7,17.7,7,17.8,5,17.7,3,16.2,5,15.6,6
2016-04-12 11:00:00,11.0,4,13.0,4,13.5,6,14.2,4,13.9,5,12.9,5,12.8,5,14.3,6,13.6,5,14.4,5,15.0,5,15.0,4,14.5,3,15.8,2,14.5,6,14.3,5,14.8,3,15.8,3,15.1,4,16.2,4,14.5,6,16.2,4,16.3,2,16.4,5.0,17.4,5,18.0,5,17.6,4,16.4,5,17.6,4,16.5,7,18.4,7,18.6,5,19.4,4,16.3,5,16.6,6
2016-04-12 12:00:00,11.4,4,13.7,4,14.0,6,14.9,5,14.5,4,13.4,5,13.4,6,15.1,6,14.2,5,15.1,5,15.6,5,15.7,4,15.0,4,16.7,3,15.2,6,15.2,5,15.7,3,16.9,3,15.9,5,17.1,4,15.3,6,17.5,5,17.4,3,17.3,5.0,18.2,5,18.8,5,18.7,5,16.9,5,18.6,4,16.6,7,18.9,7,19.1,5,20.6,5,16.1,5,17.4,6
2016-04-12 13:00:00,11.7,4,14.2,4,14.3,5,15.1,5,14.9,4,13.6,5,13.7,6,15.4,6,14.6,5,15.5,5,16.0,6,16.1,4,15.6,5,17.4,3,15.6,6,15.8,6,16.3,4,17.5,4,16.5,5,17.7,4,15.8,6,18.2,5,18.1,4,17.7,5.0,18.6,5,19.2,5,19.1,5,17.3,5,19.2,5,16.7,7,19.1,6,19.4,5,21.1,5,16.0,5,17.9,5
2016-04-12 14:00:00,12.0,5,14.4,4,14.5,4,14.8,6,15.1,4,13.4,5,13.8,6,15.2,6,14.8,6,15.6,6,16.1,6,16.3,5,16.1,5,17.7,3,15.8,5,16.1,6,16.5,5,17.6,5,16.7,6,17.8,5,15.9,6,18.2,6,18.4,5,17.5,4.0,18.6,6,19.2,5,19.0,4,17.4,5,19.3,6,16.8,7,19.1,6,19.3,5,20.9,5,16.0,4,18.1,5
2016-04-12 15:00:00,12.5,7,14.5,5,14.2,7,14.1,5,15.7,4,13.7,5,13.8,7,15.3,6,14.7,5,15.5,5,15.7,5,16.3,3,16.3,3,18.0,5,15.5,6,16.2,4,16.6,4,17.2,4,17.1,6,17.8,6,15.8,6,17.6,7,18.4,7,18.6,5.0,18.3,4,18.9,6,19.9,6,17.4,4,18.6,6,16.2,7,18.2,7,18.8,6,20.6,5,16.8,5,17.9,5
2016-04-12 16:00:00,12.5,6,14.3,5,14.1,6,13.4,6,15.4,4,12.8,5,12.8,7,14.4,6,14.5,6,15.2,5,15.5,5,15.9,3,15.8,3,17.1,5,14.8,6,15.5,3,15.8,5,16.5,5,16.5,7,17.0,6,14.9,7,16.8,7,18.0,7,17.4,5.0,17.7,3,18.1,6,18.9,6,16.5,4,17.7,7,15.8,7,17.3,7,17.9,6,19.4,5,16.5,6,17.5,6
2016-04-12 17:00:00,12.2,6,13.8,5,13.8,5,12.5,6,14.8,3,11.7,5,11.5,7,13.3,6,14.0,6,14.7,6,15.0,6,15.1,4,14.8,3,15.9,5,13.9,6,14.4,3,14.7,6,15.4,6,15.6,6,15.7,6,13.8,6,15.6,7,17.3,7,15.7,5.0,17.0,2,17.0,6,17.5,7,15.4,4,16.6,7,15.3,7,16.3,7,16.9,6,18.0,5,16.1,6,16.9,6
2016-04-12 18:00:00,11.7,6,13.1,5,13.3,4,11.4,7,13.9,3,10.7,5,10.3,6,12.2,5,13.4,6,13.9,6,14.5,6,14.0,4,13.7,3,14.5,5,12.9,5,13.2,2,13.4,6,14.1,6,14.4,6,14.4,6,12.7,6,14.2,7,16.5,7,14.2,6.0,16.0,2,15.9,7,16.0,6,14.1,4,15.5,7,14.8,7,15.2,7,16.0,6,16.6,5,15.7,6,16.1,6
2016-04-12 19:00:00,11.2,6,12.1,5,12.6,4,10.2,6,12.6,3,9.8,4,9.4,6,11.1,4,12.6,6,13.0,6,13.9,6,12.7,4,12.6,4,13.4,5,11.8,4,12.1,2,12.2,6,12.7,6,13.2,6,13.2,6,11.7,6,12.8,7,15.7,7,13.1,6.0,14.9,2,14.9,7,14.6,6,12.8,4,14.7,6,14.4,7,14.3,7,15.4,6,15.4,5,15.3,5,15.3,6
2016-04-12 20:00:00,10.6,6,11.1,5,11.8,4,9.1,6,11.3,3,9.1,4,8.7,6,10.0,4,11.9,5,12.0,5,13.3,6,11.4,4,11.5,4,12.5,5,10.7,3,11.1,2,11.1,5,11.4,5,12.1,6,12.2,6,10.9,6,11.6,6,14.9,7,12.2,6.0,13.7,3,13.9,7,13.4,6,11.6,5,14.0,6,14.1,7,13.5,7,15.0,6,14.4,5,15.0,5,14.5,5
2016-04-12 21:00:00,10.2,6,10.3,5,11.0,4,8.4,5,10.5,3,8.6,4,8.1,6,9.1,4,11.2,5,11.3,5,12.7,6,10.5,4,10.7,5,11.6,5,9.9,2,10.3,2,10.3,3,10.4,5,11.2,6,11.3,6,10.2,5,10.8,6,14.2,7,11.4,6.0,12.7,3,13.2,7,12.3,6,10.5,5,13.3,6,13.9,7,12.9,7,14.6,6,13.6,4,14.8,5,13.9,5
2016-04-12 22:00:00,9.8,6,9.5,5,10.3,4,7.8,5,9.7,3,8.2,4,7.6,6,8.3,4,10.4,4,10.6,5,12.1,6,9.8,4,9.9,5,10.9,5,9.2,2,9.7,3,9.7,2,9.8,4,10.5,6,10.6,6,9.6,5,10.1,6,13.5,6,10.6,6.0,11.9,3,12.6,7,11.3,6,9.7,5,12.7,6,13.6,7,12.5,6,14.2,6,12.9,5,14.7,5,13.4,5
2016-04-12 23:00:00,9.5,6,8.8,5,9.5,5,7.5,4,9.0,4,8.0,4,7.1,6,7.6,4,9.7,4,9.9,5,11.4,6,9.2,4,9.3,5,10.3,5,8.7,3,9.3,3,9.4,2,9.4,4,10.1,6,10.1,6,9.2,5,9.7,6,12.9,6,10.0,6.0,11.3,4,12.2,6,10.6,6,9.1,5,12.1,6,13.4,7,12.3,6,13.8,6,12.5,5,14.6,5,13.0,5
2016-04-13 00:00:00,9.2,6,8.2,5,8.9,5,7.2,4,8.3,4,7.8,4,6.8,6,7.0,4,9.1,3,9.2,5,10.8,6,8.7,4,8.8,5,9.9,5,8.3,4,8.9,4,9.1,2,9.1,4,9.7,6,9.6,6,8.9,5,9.4,6,12.4,6,9.5,6.0,10.8,4,11.9,6,10.2,6,8.6,5,11.6,5,13.3,6,12.2,6,13.5,6,12.3,5,14.6,5,12.6,5
2016-04-13 01:00:00,8.9,6,7.7,5,8.3,5,6.9,5,7.7,4,7.6,4,6.5,6,6.4,5,8.5,4,8.6,5,10.1,6,8.4,5,8.5,5,9.5,6,8.0,4,8.6,5,8.8,3,8.8,4,9.4,7,9.3,6,8.7,5,9.2,6,12.1,6,9.2,6.0,10.5,4,11.7,6,10.0,6,8.1,5,11.1,5,13.1,6,12.1,6,13.4,5,12.5,5,14.6,5,12.4,5
2016-04-13 02:00:00,8.6,6,7.2,6,7.8,6,6.6,5,7.2,5,7.5,5,6.2,6,6.0,5,7.9,4,8.1,5,9.5,6,8.2,5,8.2,5,9.3,6,7.6,5,8.3,5,8.5,4,8.4,5,9.1,7,9.1,6,8.5,5,9.2,6,11.8,6,8.9,6.0,10.2,4,11.6,6,10.0,6,7.7,5,10.8,5,13.0,5,12.1,5,13.3,5,12.8,5,14.6,5,12.3,5
2016-04-13 03:00:00,7.3,4,5.8,2,6.7,5,5.1,5,6.7,7,7.6,3,6.5,4,5.3,5,7.1,6,7.4,6,9.4,6,8.4,7,9.4,7,10.3,7,5.8,4,7.0,6,7.8,6,7.9,7,8.9,7,9.7,7,8.4,7,9.5,6,11.6,7,8.5,6.0,9.9,4,11.2,7,9.2,7,8.1,3,11.4,7,13.0,6,12.0,7,13.0,6,10.6,5,12.6,6,12.1,4
2016-04-13 04:00:00,6.9,4,5.3,1,6.3,6,4.7,5,6.5,7,7.1,4,6.0,5,4.7,5,6.5,7,6.9,6,8.8,7,8.2,7,9.3,7,10.3,7,5.4,5,6.5,6,7.5,7,7.7,7,8.8,7,9.7,7,8.0,6,9.1,6,11.3,7,8.4,6.0,9.2,4,11.1,7,9.0,7,7.3,3,11.0,6,12.8,6,11.8,7,13.1,6,10.3,6,12.5,6,11.9,4
2016-04-13 05:00:00,6.8,4,5.0,2,6.3,6,4.4,5,6.7,7,6.9,5,5.6,6,4.4,5,6.2,7,6.7,7,8.4,7,8.1,7,9.3,7,10.5,7,5.3,6,6.1,6,7.5,7,7.7,7,8.9,7,9.8,7,7.8,5,8.8,6,11.2,7,8.5,7.0,8.7,5,11.0,7,9.1,7,6.9,3,10.7,6,12.7,6,11.8,6,13.3,6,10.3,6,12.6,6,12.0,5
2016-04-13 06:00:00,7.1,4,5.5,2,6.8,6,5.0,5,7.2,7,7.1,6,5.9,6,4.9,5,6.6,7,7.2,7,8.7,7,8.5,7,9.5,7,10.8,7,5.8,6,6.5,6,8.0,7,8.2,7,9.4,7,10.1,7,8.1,4,9.0,5,11.3,7,8.6,7.0,8.9,5,11.4,7,9.7,7,7.4,2,10.9,5,13.1,6,12.3,6,13.8,6,10.8,7,13.0,7,12.5,5
2016-04-13 07:00:00,8.0,4,7.0,2,8.0,5,6.7,5,8.3,6,8.1,6,7.1,6,6.5,5,8.0,6,8.5,6,9.8,6,9.5,7,10.1,7,11.3,7,7.3,6,7.8,5,9.1,7,9.5,7,10.2,7,10.6,6,8.9,4,9.8,5,11.6,7,9.0,7.0,10.2,5,12.2,6,10.8,7,9.2,2,11.9,4,14.0,6,13.4,6,14.6,5,12.1,6,13.8,7,13.6,5
2016-04-13 08:00:00,9.1,3,9.2,2,9.7,4,9.0,5,9.8,6,9.5,6,8.9,5,8.9,5,9.9,5,10.4,5,11.5,5,10.9,7,10.9,7,12.0,7,9.5,6,9.7,5,10.5,6,11.1,6,11.0,7,11.1,6,10.1,4,11.0,5,12.0,6,9.5,7.0,12.1,4,13.4,6,12.2,7,11.6,2,13.3,3,15.3,6,14.9,6,15.5,5,13.8,5,14.9,7,15.0,5
2016-04-13 09:00:00,10.2,3,11.3,2,11.5,4,11.4,5,11.3,5,10.9,5,10.8,5,11.4,5,11.8,4,12.3,4,13.2,4,12.3,6,11.6,7,12.6,7,11.7,5,11.7,5,11.9,6,12.6,6,11.7,7,11.7,6,11.3,4,12.2,4,12.4,6,10.3,7.0,14.1,4,14.6,5,13.6,7,13.9,2,14.8,2,16.4,6,16.3,5,16.4,5,15.7,4,15.7,6,16.3,6
2016-04-13 10:00:00,11.0,2,12.9,2,13.0,3,13.3,4,12.7,5,12.0,5,12.3,4,13.5,5,13.3,4,13.8,4,14.6,4,13.3,6,12.0,7,13.1,7,13.6,4,13.3,4,13.1,6,13.6,6,12.0,7,12.2,6,12.4,4,13.1,4,12.7,6,11.2,7.0,15.8,4,15.6,5,14.7,5,15.4,3,16.1,2,17.2,5,17.4,5,17.2,5,17.4,4,16.1,5,17.3,6
2016-04-13 11:00:00,11.5,2,14.0,2,14.2,3,14.6,4,13.9,4,12.8,5,13.3,4,15.0,5,14.2,3,14.9,3,15.6,3,14.0,5,12.3,7,13.5,7,15.1,4,14.5,4,14.1,6,14.2,5,12.2,7,12.6,7,13.2,3,13.8,4,12.9,6,12.1,7.0,17.0,3,16.5,5,15.4,4,16.2,4,17.1,3,17.6,5,18.2,5,17.8,5,18.7,4,16.3,3,18.1,6
2016-04-13 12:00:00,11.9,2,14.7,2,15.1,3,15.3,4,14.7,4,13.2,5,13.9,4,15.9,4,14.8,3,15.6,3,16.2,3,14.5,4,12.7,7,14.0,7,16.0,4,15.4,4,14.9,5,14.7,5,12.5,7,13.0,7,13.9,3,14.5,5,13.3,6,12.7,7.0,17.9,3,17.2,5,16.0,3,16.7,5,17.9,4,17.9,4,18.8,5,18.2,5,19.6,4,16.4,2,18.6,6
2016-04-13 13:00:00,12.4,2,15.2,2,15.7,3,15.5,5,15.2,5,13.3,5,14.1,4,16.3,4,15.1,4,15.9,3,16.5,3,14.9,4,13.2,7,14.6,7,16.4,4,16.1,4,15.5,5,15.2,5,13.0,7,13.3,7,14.4,4,15.2,5,13.8,5,12.9,7.0,18.4,3,17.9,5,16.5,3,17.1,5,18.5,4,18.1,4,19.3,5,18.5,4,19.9,3,16.6,2,19.0,5
2016-04-13 14:00:00,12.8,3,15.4,2,16.0,3,15.3,5,15.3,5,13.2,5,13.9,5,16.2,4,15.0,4,15.9,4,16.5,4,15.1,5,13.7,7,15.0,7,16.4,4,16.6,4,15.7,5,15.5,5,13.6,6,13.4,7,14.7,4,15.7,5,14.4,5,12.8,7.0,18.7,3,18.3,5,16.7,4,17.5,4,18.9,5,18.3,4,19.6,5,18.6,4,19.9,3,16.8,2,19.1,5
2016-04-13 15:00:00,12.8,5,14.7,2,15.3,4,14.6,6,15.6,5,13.9,6,14.7,6,16.2,4,14.9,5,15.5,5,15.9,5,15.3,6,14.4,6,16.1,7,16.2,4,16.5,5,15.1,6,14.9,6,14.2,6,14.2,7,13.9,5,14.8,5,15.6,6,13.1,7.0,18.1,2,18.6,5,16.8,6,17.3,5,19.1,2,17.3,2,19.1,4,18.3,4,19.2,4,16.4,5,18.4,6
2016-04-13 16:00:00,12.4,5,14.2,2,14.7,4,13.9,6,15.1,4,13.3,6,13.8,6,15.6,5,14.6,4,15.1,4,15.5,4,15.0,5,13.9,6,15.4,6,15.7,4,15.9,5,14.6,6,14.5,6,13.9,6,13.5,7,13.6,4,14.5,5,15.4,6,12.3,7.0,17.8,2,18.2,5,16.2,5,17.2,5,18.6,3,17.0,2,18.6,3,17.9,3,18.7,3,16.2,4,18.0,6
2016-04-13 17:00:00,11.8,5,13.5,3,13.7,3,13.0,6,14.2,4,12.6,6,12.6,7,14.9,5,13.9,3,14.4,3,14.9,3,14.2,3,13.0,5,14.3,6,15.0,5,15.0,4,13.8,5,13.7,5,13.1,5,12.6,7,13.0,4,13.7,4,14.8,5,11.3,6.0,17.2,3,17.5,4,15.4,3,16.6,4,17.8,3,16.4,2,17.8,3,17.2,3,18.0,3,16.0,3,17.4,6
2016-04-13 18:00:00,11.0,5,12.6,4,12.7,3,12.0,6,12.9,4,11.8,6,11.5,7,13.8,5,13.1,2,13.5,2,14.2,2,12.9,2,11.8,5,13.0,5,14.0,6,13.8,4,12.8,4,12.6,5,12.0,4,11.6,6,12.2,4,12.7,4,14.1,5,10.4,6.0,16.3,3,16.5,4,14.4,3,15.5,4,16.8,3,15.7,2,16.6,3,16.4,2,17.1,2,15.7,2,16.5,5
2016-04-13 19:00:00,10.3,6,11.5,4,11.7,3,10.8,6,11.2,3,10.9,6,10.5,6,12.5,6,12.1,2,12.4,2,13.5,2,11.3,2,10.6,4,11.9,5,12.7,6,12.5,4,11.7,4,11.2,4,10.9,3,10.8,6,11.3,4,11.6,3,13.3,4,9.6,5.0,15.2,4,15.2,4,13.4,2,13.8,4,15.8,3,14.9,2,15.2,3,15.5,3,16.1,2,15.4,2,15.5,5
2016-04-13 20:00:00,9.7,6,10.4,4,10.8,3,9.6,6,9.4,3,10.1,6,9.8,6,11.1,5,11.1,3,11.2,2,12.8,3,9.6,2,9.5,4,10.9,6,11.4,5,11.2,5,10.6,4,9.8,4,9.8,3,10.2,6,10.5,4,10.7,3,12.4,3,8.9,4.0,14.1,5,13.9,3,12.4,2,11.9,5,14.7,2,14.1,2,13.7,3,14.6,4,15.0,2,15.1,2,14.5,4
2016-04-13 21:00:00,9.3,6,9.4,4,9.9,4,8.6,6,8.3,3,9.5,6,9.1,6,10.0,5,10.1,3,10.3,3,12.0,3,8.4,2,8.7,4,10.2,6,10.4,6,10.2,5,9.7,4,8.6,4,8.9,3,9.5,6,9.9,4,9.8,3,11.6,3,8.2,4.0,13.0,5,12.6,3,11.4,2,10.4,5,13.7,2,13.5,3,12.6,3,13.7,4,14.1,2,14.8,2,13.8,4
2016-04-13 22:00:00,9.0,5,8.5,5,9.1,4,7.8,6,7.4,4,9.0,6,8.5,5,9.1,5,9.3,4,9.5,3,11.2,4,7.5,3,8.0,4,9.6,6,9.5,6,9.4,5,9.0,4,7.8,4,8.2,3,9.0,5,9.5,4,9.2,3,10.9,3,7.6,4.0,12.1,5,11.6,3,10.6,2,9.3,5,12.7,2,13.1,3,11.7,4,12.9,4,13.4,2,14.5,2,13.2,4
2016-04-13 23:00:00,8.8,5,7.8,5,8.5,4,7.3,6,6.7,4,8.7,6,8.1,5,8.4,5,8.7,4,8.8,4,10.6,4,7.0,3,7.5,4,9.1,6,8.8,6,8.6,5,8.4,4,7.4,4,7.6,3,8.5,5,9.2,4,8.7,4,10.4,3,7.2,4.0,11.4,5,10.8,3,9.9,3,8.8,5,11.9,3,12.7,3,11.2,4,12.4,4,12.8,3,14.3,2,12.8,4
2016-04-14 00:00:00,8.6,5,7.4,5,8.0,5,7.0,6,6.2,4,8.5,6,7.7,5,7.8,5,8.1,4,8.3,4,9.9,4,6.8,4,7.2,4,8.8,6,8.2,6,8.0,5,8.0,4,7.2,4,7.4,4,8.2,5,8.8,4,8.4,4,10.0,4,7.1,4.0,10.9,5,10.3,3,9.5,3,8.6,5,11.2,3,12.4,3,10.9,4,12.0,3,12.4,3,14.1,2,12.4,4
2016-04-14 01:00:00,8.4,5,7.1,5,7.6,5,6.7,6,6.0,5,8.4,6,7.5,5,7.3,5,7.6,5,7.9,4,9.3,4,6.9,5,7.0,4,8.6,6,7.9,6,7.5,5,7.7,4,7.0,5,7.3,4,8.0,5,8.3,4,8.3,5,9.8,4,7.1,4.0,10.5,5,9.9,3,9.2,4,8.5,5,10.6,4,12.0,3,10.7,4,11.9,3,12.0,2,14.0,2,11.9,4
2016-04-14 02:00:00,8.2,5,6.8,5,7.2,5,6.6,6,5.9,5,8.3,6,7.3,5,7.0,5,7.1,5,7.4,4,8.8,5,7.0,5,7.0,5,8.5,6,7.6,6,7.1,6,7.4,4,6.8,5,7.2,5,8.0,5,7.6,4,8.1,5,9.6,5,7.3,5.0,10.2,5,9.6,3,9.0,4,8.2,5,10.2,4,11.6,3,10.5,4,11.8,2,11.6,2,13.9,2,11.4,3
2016-04-14 03:00:00,7.7,5,6.4,3,6.3,4,6.2,4,6.4,4,8.4,6,7.6,5,7.1,6,6.8,4,7.2,4,8.9,4,7.1,4,6.9,5,8.3,6,8.2,6,7.3,6,6.8,5,6.6,6,6.9,7,7.8,6,7.4,5,6.7,2,8.9,3,6.4,4.0,10.8,5,8.8,2,8.1,2,8.0,5,10.4,4,10.4,3,9.8,3,10.9,1,10.6,1,12.9,3,11.0,3
2016-04-14 04:00:00,7.4,5,6.0,3,6.0,5,6.0,4,6.3,4,8.2,6,7.2,5,6.6,6,6.5,5,6.7,5,8.4,5,6.9,5,6.6,4,8.0,5,8.1,6,6.9,6,6.4,6,6.1,6,6.7,7,7.7,6,7.2,5,6.1,2,8.6,3,5.8,4.0,10.4,6,8.2,2,7.6,2,7.3,5,10.1,4,9.8,4,9.2,3,10.5,1,10.2,1,12.5,3,10.5,3
2016-04-14 05:00:00,7.3,4,5.8,4,6.0,6,5.9,4,6.6,4,8.1,7,6.9,6,6.4,6,6.4,6,6.5,5,8.1,5,6.8,5,6.6,4,8.0,4,8.1,6,6.8,5,6.2,6,5.8,6,6.8,7,7.9,6,7.2,6,5.9,2,8.5,3,5.3,4.0,10.2,6,8.0,2,7.4,2,7.1,5,9.9,3,9.6,4,8.9,3,10.3,2,10.2,2,12.3,4,10.3,3
2016-04-14 06:00:00,7.7,4,6.2,4,6.6,6,6.4,4,7.3,4,8.4,7,7.1,7,6.9,6,6.9,6,7.0,6,8.4,6,7.5,5,7.1,3,8.4,3,8.5,6,7.2,5,6.7,6,6.4,6,7.4,6,8.6,6,7.8,6,6.5,2,8.8,3,5.6,3.0,10.7,6,8.5,2,7.9,2,7.9,5,10.3,3,10.2,5,9.6,3,10.8,2,11.0,2,12.8,4,10.7,3
2016-04-14 07:00:00,8.8,4,7.6,4,8.0,6,7.8,5,8.7,4,9.2,7,8.0,7,8.3,6,8.3,6,8.4,6,9.7,6,9.1,5,8.5,3,9.4,3,9.6,7,8.4,5,8.0,6,8.2,6,8.8,6,9.8,5,9.1,6,8.1,2,9.8,3,7.1,3.0,12.2,6,10.1,2,9.4,2,10.3,5,11.7,3,12.0,4,11.6,3,12.2,2,12.7,2,14.0,4,11.9,4
2016-04-14 08:00:00,10.2,4,9.6,4,9.8,6,9.7,5,10.5,5,10.2,7,9.4,7,10.1,6,10.2,6,10.5,5,11.5,5,11.2,5,10.4,3,10.9,3,11.0,7,10.1,6,9.8,5,10.6,5,10.6,5,11.2,5,10.8,7,10.4,2,11.2,3,9.5,3.0,14.4,6,12.4,2,11.7,2,13.5,5,13.7,3,14.4,4,14.3,3,14.2,2,14.9,2,15.6,4,13.6,4
2016-04-14 09:00:00,11.6,4,11.7,3,11.8,5,11.6,5,12.3,5,11.3,6,10.8,7,11.9,7,12.1,5,12.6,5,13.5,5,13.2,5,12.2,3,12.4,3,12.5,7,11.8,7,11.8,5,13.0,5,12.4,5,12.7,5,12.5,7,12.8,2,12.9,3,12.1,3.0,16.5,6,14.9,2,14.2,2,16.4,5,15.9,3,16.5,3,16.9,2,16.4,2,17.4,1,16.9,4,15.3,4
2016-04-14 10:00:00,12.6,3,13.4,3,13.5,4,13.1,4,13.9,4,12.2,6,11.9,7,13.1,7,13.6,5,14.3,5,15.1,5,14.6,5,13.6,3,13.8,3,13.7,7,13.1,7,13.6,4,14.8,5,13.9,5,13.9,5,14.0,7,14.9,3,14.5,3,14.4,2.0,18.0,6,17.1,2,16.6,2,18.3,5,17.8,3,17.8,3,18.8,2,18.3,2,19.6,1,17.6,3,16.8,4
2016-04-14 11:00:00,13.2,3,14.6,4,14.9,4,14.2,4,15.1,4,12.7,5,12.6,7,13.9,7,14.6,5,15.6,6,16.3,6,15.4,5,14.6,3,15.0,3,14.5,7,14.0,6,15.0,4,16.1,5,15.2,5,14.9,5,15.1,6,16.5,4,16.0,3,16.2,2.0,19.1,6,18.8,2,18.6,2,19.2,5,19.3,3,18.4,3,20.1,2,19.7,2,21.5,1,17.9,2,17.9,5
2016-04-14 12:00:00,13.7,3,15.5,4,16.0,3,14.8,5,16.0,4,13.1,5,13.1,7,14.3,7,15.3,6,16.4,6,17.1,6,16.0,5,15.3,4,16.0,4,15.1,7,14.7,6,16.0,4,16.9,5,16.1,5,15.8,5,15.9,6,17.7,4,17.2,3,17.6,3.0,19.7,6,20.1,1,19.9,2,19.7,5,20.3,4,18.6,3,20.8,2,20.7,2,22.7,1,17.9,1,18.7,5
2016-04-14 13:00:00,14.1,3,16.0,5,16.7,4,15.0,5,16.5,5,13.2,5,13.4,6,14.6,7,15.7,6,16.7,6,17.4,6,16.5,6,15.9,5,16.8,4,15.5,7,15.3,6,16.5,5,17.3,5,16.8,6,16.5,5,16.3,6,18.5,5,18.1,3,18.4,3.0,20.1,6,21.0,1,20.5,2,20.0,4,20.8,4,18.7,2,21.2,2,21.2,2,23.2,1,17.9,1,19.2,5
2016-04-14 14:00:00,14.5,4,16.1,6,16.9,4,14.9,6,16.6,5,13.1,6,13.5,6,14.7,6,15.7,7,16.6,7,17.2,7,16.9,6,16.3,6,17.4,5,15.6,6,15.7,7,16.6,6,17.4,6,17.2,6,17.0,6,16.3,7,18.7,6,18.7,4,18.6,4.0,20.1,6,21.3,1,20.4,2,20.1,4,20.8,4,18.5,2,21.2,2,21.1,2,23.1,1,17.8,1,19.4,4
2016-04-14 15:00:00,13.1,5,14.9,6,16.5,4,13.6,6,16.0,5,11.6,7,12.3,7,14.1,7,14.6,7,15.4,7,15.8,7,16.0,6,15.2,6,16.2,6,14.6,7,15.0,7,15.5,6,16.5,6,15.7,6,16.0,5,14.9,7,17.6,4,17.5,3,17.6,4.0,19.0,5,20.6,2,19.7,2,19.5,4,20.9,4,18.3,3,20.4,2,20.2,2,22.6,1,18.0,2,18.4,4
2016-04-14 16:00:00,12.7,5,14.1,6,15.6,5,13.2,6,15.2,6,11.5,6,12.1,6,13.8,6,14.0,7,14.7,7,15.1,7,15.3,6,14.7,6,15.8,5,14.2,7,14.7,6,15.1,6,15.8,6,15.1,6,15.5,4,14.7,6,16.9,3,17.1,3,16.3,5.0,18.4,6,19.8,2,18.9,2,19.2,4,20.3,4,17.5,4,19.5,2,19.3,2,21.6,1,17.8,2,17.9,5
2016-04-14 17:00:00,12.1,5,13.0,6,14.3,5,12.5,7,14.1,6,11.2,6,11.8,5,13.3,5,13.2,6,13.8,6,14.2,6,14.3,6,13.8,5,14.9,4,13.6,6,14.1,6,14.4,5,14.8,5,14.2,6,14.5,4,14.1,5,15.9,3,16.5,4,14.7,5.0,17.5,6,18.6,2,17.9,2,18.4,3,19.4,4,16.5,4,18.3,3,18.3,2,20.3,1,17.4,1,17.2,5
2016-04-14 18:00:00,11.5,6,12.0,6,13.0,5,11.7,7,12.9,6,10.8,5,11.2,5,12.6,5,12.3,6,12.9,6,13.4,6,13.1,6,12.8,5,13.9,4,12.7,6,13.3,5,13.5,4,13.5,5,13.1,6,13.4,4,13.3,5,14.7,2,15.7,5,13.0,6.0,16.4,7,17.2,2,16.6,2,17.2,3,18.3,4,15.6,4,17.0,3,17.3,3,18.9,1,16.9,2,16.4,5
2016-04-14 19:00:00,10.9,6,11.2,6,12.0,5,10.8,6,11.8,6,10.3,4,10.4,5,11.6,4,11.5,6,12.0,6,12.7,6,12.0,6,11.9,4,12.8,3,11.7,6,12.4,6,12.6,4,12.2,5,12.1,5,12.3,4,12.3,4,13.4,2,14.8,5,11.6,5.0,15.2,7,15.8,2,15.2,1,15.5,4,17.2,3,14.9,5,15.6,4,16.5,3,17.4,2,16.4,2,15.5,5
2016-04-14 20:00:00,10.4,6,10.6,6,11.2,5,10.0,6,10.8,5,9.7,3,9.6,5,10.6,4,10.9,6,11.2,6,12.2,6,11.0,5,11.1,5,11.8,4,10.6,6,11.6,6,11.6,4,11.0,5,11.1,5,11.3,4,11.3,5,12.2,3,14.0,4,10.5,4.0,14.1,6,14.6,3,13.8,2,13.7,5,16.2,3,14.5,5,14.4,4,15.8,3,16.0,2,15.9,3,14.5,4
2016-04-14 21:00:00,10.0,6,10.2,6,10.5,6,9.3,6,10.1,5,9.3,3,9.1,4,9.9,4,10.4,6,10.6,6,11.7,6,10.1,5,10.3,5,11.0,4,9.8,6,10.8,6,10.8,5,10.0,6,10.3,5,10.5,5,10.5,5,11.3,3,13.2,4,9.5,4.0,13.0,6,13.5,3,12.5,2,12.3,5,15.1,3,14.0,5,13.4,4,15.0,3,14.8,3,15.4,3,13.8,4
2016-04-14 22:00:00,9.7,6,9.8,6,9.9,6,8.8,6,9.4,5,9.0,3,8.7,4,9.3,4,9.9,6,10.1,6,11.3,6,9.4,5,9.6,5,10.3,4,9.1,6,10.2,6,10.1,5,9.4,6,9.6,5,9.9,5,9.9,6,10.5,4,12.5,4,8.6,4.0,12.2,6,12.6,3,11.3,3,11.2,5,14.0,3,13.5,5,12.7,4,14.3,3,13.6,3,15.0,3,13.2,4
2016-04-14 23:00:00,9.4,7,9.5,6,9.3,6,8.3,6,8.8,5,8.8,3,8.4,4,8.9,4,9.4,6,9.6,6,11.0,6,8.8,5,9.0,5,9.7,4,8.7,6,9.7,6,9.6,6,8.9,6,9.1,5,9.4,5,9.4,6,10.0,5,11.9,4,8.0,4.0,11.5,6,11.9,4,10.4,3,10.5,5,13.2,3,13.1,5,12.1,5,13.7,3,12.7,3,14.6,3,12.8,4
2016-04-15 00:00:00,9.2,7,9.2,6,8.9,6,8.0,6,8.2,5,8.6,4,8.2,4,8.5,4,9.0,5,9.2,5,10.6,5,8.4,4,8.5,5,9.3,5,8.5,6,9.3,6,9.1,6,8.5,6,8.6,5,9.0,5,9.0,6,9.7,5,11.4,4,7.7,4.0,11.2,6,11.4,4,9.8,4,10.0,5,12.6,4,12.7,5,11.7,5,13.2,3,11.9,3,14.3,3,12.4,5
2016-04-15 01:00:00,9.0,7,8.8,6,8.5,6,7.7,6,7.7,5,8.6,4,8.0,5,8.1,5,8.6,5,8.8,5,10.2,5,8.2,5,8.1,5,8.9,5,8.4,6,8.9,6,8.8,5,8.2,5,8.3,5,8.7,5,8.7,6,9.5,5,11.0,5,7.6,4.0,11.1,6,10.9,5,9.3,4,9.7,5,12.2,5,12.3,5,11.3,5,12.8,4,11.2,3,14.0,3,12.2,5
2016-04-15 02:00:00,8.9,7,8.3,6,8.1,6,7.5,7,7.3,5,8.4,5,7.8,5,7.7,5,8.2,5,8.5,5,9.9,5,8.1,5,7.8,5,8.7,5,8.3,6,8.6,6,8.5,5,7.8,5,8.1,5,8.4,6,8.5,5,9.3,5,10.7,5,7.7,4.0,11.1,6,10.4,5,9.0,5,9.4,5,12.1,5,12.0,5,11.0,5,12.5,4,10.8,3,13.7,3,12.0,4
2016-04-15 03:00:00,10.3,6,9.9,5,10.0,6,8.5,4,9.7,7,8.9,5,8.1,3,8.2,4,9.7,5,10.1,5,11.5,5,10.4,7,9.0,7,9.1,6,9.1,5,9.6,7,9.9,6,9.8,6,9.1,7,8.4,5,9.7,7,11.0,6,12.0,5,6.8,3.0,11.1,7,10.7,4,8.1,4,9.3,6,11.8,6,12.4,5,11.7,6,13.1,3,9.8,3,13.0,2,11.6,5
2016-04-15 04:00:00,10.1,6,9.5,5,9.8,6,8.3,4,9.7,7,8.6,5,7.7,3,7.8,4,9.4,5,9.7,5,11.1,5,10.3,7,9.1,7,9.2,6,8.8,5,9.1,7,9.5,7,9.4,6,9.1,7,8.7,6,9.4,7,10.5,7,11.7,5,6.7,4.0,10.7,7,10.8,4,8.1,5,8.8,5,11.4,6,12.3,6,11.7,6,13.3,3,9.6,3,12.9,3,11.6,5
2016-04-15 05:00:00,10.0,6,9.2,5,9.8,5,8.3,4,9.8,6,8.4,6,7.4,3,7.6,4,9.2,6,9.6,6,10.8,6,10.2,7,9.4,7,9.6,6,8.7,5,8.8,7,9.3,7,9.2,7,9.3,7,9.3,6,9.2,7,10.2,7,11.7,6,6.9,5.0,10.7,7,11.0,5,8.5,5,8.6,4,11.3,6,12.4,6,11.9,7,13.6,4,9.8,4,12.9,4,11.8,5
2016-04-15 06:00:00,10.0,7,9.2,6,10.0,5,8.6,4,10.2,6,8.6,6,7.6,3,8.1,4,9.4,6,9.8,6,10.8,6,10.4,7,9.9,7,10.2,6,9.1,6,9.0,7,9.5,7,9.5,7,10.0,7,10.2,6,9.3,7,10.4,7,11.9,6,7.7,6.0,11.1,7,11.7,5,9.5,5,9.2,4,11.6,6,12.9,7,12.5,7,14.3,5,10.7,4,13.4,5,12.4,6
2016-04-15 07:00:00,10.1,7,9.7,6,10.4,5,9.4,4,10.8,6,9.3,6,8.4,3,9.3,4,9.9,6,10.5,6,11.2,6,11.1,7,10.7,7,11.0,7,10.2,6,9.9,6,10.3,7,10.4,7,11.0,7,11.2,6,9.8,7,11.3,7,12.5,6,9.2,6.0,12.2,7,12.9,5,11.3,4,10.9,3,12.5,6,13.9,7,13.8,7,15.3,5,12.6,3,14.3,5,13.4,6
2016-04-15 08:00:00,10.3,7,10.5,6,11.0,6,10.5,5,11.4,7,10.3,5,9.7,4,11.0,5,10.7,6,11.5,6,12.0,6,12.2,7,11.6,7,11.9,7,11.8,5,11.2,7,11.3,6,11.7,7,12.2,7,12.3,6,10.6,7,12.6,7,13.3,6,11.0,5.0,13.7,7,14.4,5,13.5,3,13.1,3,13.7,5,15.2,7,15.6,7,16.6,5,14.9,3,15.4,5,14.6,6
2016-04-15 09:00:00,10.5,7,11.3,6,11.7,6,11.7,5,12.1,7,11.4,4,11.0,4,12.5,5,11.6,6,12.5,6,12.9,6,13.1,6,12.3,7,12.8,7,13.2,5,12.5,7,12.4,6,12.9,7,13.2,7,13.1,6,11.4,7,13.8,6,14.1,6,12.8,5.0,15.1,7,16.1,6,15.7,3,15.2,3,15.1,5,16.4,7,17.2,7,17.7,5,17.3,3,16.3,5,15.8,6
2016-04-15 10:00:00,10.7,7,11.9,6,12.4,7,12.6,5,12.7,7,12.2,4,12.0,5,13.6,5,12.4,6,13.4,6,13.8,6,13.7,6,12.6,7,13.5,7,14.2,5,13.4,7,13.2,6,13.7,7,13.7,7,13.6,6,12.2,7,14.7,7,14.8,5,14.2,6.0,16.1,7,17.7,6,17.6,3,16.6,3,16.4,5,17.1,7,18.4,7,18.6,5,19.2,3,16.7,4,16.8,6
2016-04-15 11:00:00,10.9,7,12.3,7,13.0,7,13.3,5,13.2,6,12.8,5,12.8,5,14.2,6,13.1,6,14.1,6,14.6,6,14.1,6,12.8,7,14.2,7,14.7,5,13.9,7,13.8,6,14.3,7,14.1,7,13.9,6,12.9,7,15.2,7,15.4,5,15.2,6.0,16.8,7,19.1,6,19.0,4,17.5,4,17.5,4,17.5,6,19.2,7,19.2,5,20.5,3,16.8,4,17.5,6
2016-04-15 12:00:00,11.2,7,12.7,7,13.5,7,13.7,6,13.7,6,13.1,5,13.2,4,14.6,6,13.7,6,14.6,6,15.2,6,14.4,6,13.0,7,14.7,7,15.1,5,14.4,7,14.4,7,14.8,7,14.4,7,14.2,7,13.7,7,15.8,7,16.0,4,16.0,7.0,17.4,6,20.1,6,20.1,5,18.2,4,18.6,4,17.6,6,19.7,7,19.6,5,21.3,3,16.7,3,18.1,6
2016-04-15 13:00:00,11.5,7,13.1,7,13.8,7,13.9,6,14.1,6,13.2,4,13.4,4,14.9,6,14.1,6,14.9,6,15.5,6,14.8,6,13.5,7,15.2,7,15.4,5,14.9,7,15.0,7,15.3,7,15.0,7,14.6,7,14.5,7,16.5,7,16.7,5,16.6,6.0,18.1,6,20.6,6,20.8,4,18.9,4,19.6,4,17.6,6,19.9,7,19.8,4,21.7,3,16.7,3,18.6,6
2016-04-15 14:00:00,11.7,7,13.3,6,14.0,7,13.8,6,14.3,7,13.1,4,13.3,4,15.0,5,14.2,6,14.9,6,15.5,6,15.2,7,14.0,7,15.5,7,15.5,6,15.3,7,15.5,7,15.8,7,15.5,7,15.0,7,15.2,7,17.0,7,17.2,5,16.9,6.0,18.8,6,20.7,5,21.0,3,19.5,3,20.3,3,17.6,7,19.9,7,19.8,4,21.6,3,16.8,4,18.8,6
2016-04-15 15:00:00,12.2,5,14.1,6,14.5,6,14.2,6,15.1,6,12.7,5,13.5,5,14.9,5,14.3,5,15.0,6,15.4,6,16.0,6,15.3,6,16.2,6,14.9,6,15.9,5,16.3,6,16.8,5,16.1,7,15.9,6,16.3,6,18.6,7,18.5,6,17.4,6.0,19.9,5,21.0,5,21.6,4,21.5,2,21.8,2,17.8,6,20.2,6,19.7,3,22.7,2,17.5,4,18.6,4
2016-04-15 16:00:00,12.1,4,13.8,5,14.3,6,13.6,5,14.7,5,12.3,5,12.9,5,14.5,5,14.0,5,14.7,6,15.1,6,15.6,6,14.7,6,15.7,5,14.4,6,15.5,6,15.8,6,16.3,6,15.6,7,15.3,6,15.9,5,17.9,6,18.3,7,16.6,6.0,19.8,5,20.0,4,20.3,4,21.3,2,21.2,2,17.1,6,19.1,6,19.0,3,21.6,2,17.4,3,18.1,4
2016-04-15 17:00:00,11.8,4,13.3,5,13.8,5,12.9,5,14.0,5,11.7,5,12.1,5,13.8,5,13.6,5,14.2,6,14.7,6,14.7,7,13.8,5,14.9,5,13.7,6,14.7,7,15.0,7,15.4,6,14.7,7,14.3,6,15.2,4,16.8,5,17.7,7,15.3,5.0,19.3,4,18.6,4,18.6,3,20.7,2,20.2,2,16.2,6,17.7,5,18.0,3,20.0,2,17.1,2,17.4,4
2016-04-15 18:00:00,11.4,4,12.7,5,13.2,5,12.0,5,13.2,5,11.0,5,11.2,5,12.9,5,13.1,5,13.6,6,14.2,6,13.7,7,12.9,5,13.9,5,12.7,6,13.8,7,14.0,7,14.4,7,13.8,7,13.3,6,14.3,3,15.6,4,16.9,6,13.9,5.0,18.6,4,17.1,3,16.8,2,19.5,2,19.0,2,15.4,6,16.3,5,17.1,3,18.4,2,16.7,2,16.6,4
2016-04-15 19:00:00,11.0,4,11.9,5,12.5,5,11.0,5,12.3,5,10.1,6,10.2,5,11.8,5,12.5,6,12.9,6,13.7,6,12.7,7,12.2,5,13.0,5,11.6,6,12.8,7,13.1,6,13.5,7,13.0,7,12.4,6,13.4,3,14.6,4,16.1,5,12.7,4.0,17.6,4,15.6,3,15.2,2,17.7,2,17.9,2,14.9,6,15.1,5,16.4,3,16.8,2,16.2,2,15.7,3
2016-04-15 20:00:00,10.6,5,11.2,5,11.7,5,9.9,5,11.4,5,9.3,6,9.3,6,10.7,5,11.9,6,12.2,6,13.3,6,11.8,7,11.6,5,12.2,5,10.5,5,11.9,6,12.3,6,12.6,6,12.4,6,11.8,6,12.6,5,13.8,3,15.5,4,11.6,5.0,16.4,5,14.3,4,13.8,2,15.7,3,16.9,2,14.7,6,14.1,4,15.8,3,15.4,2,15.6,2,14.7,3
2016-04-15 21:00:00,10.2,5,10.5,6,11.0,5,9.1,5,10.7,5,8.5,6,8.5,6,9.7,5,11.3,6,11.5,6,12.7,6,11.0,7,11.0,6,11.6,5,9.8,5,11.2,6,11.6,6,11.8,6,11.8,6,11.2,6,12.0,5,13.2,3,14.9,3,10.7,5.0,15.3,6,13.2,4,12.5,2,14.1,3,16.0,2,14.4,6,13.3,4,15.4,3,14.0,2,15.1,2,14.3,3
2016-04-15 22:00:00,9.8,5,9.8,6,10.4,6,8.5,6,10.1,5,8.0,6,7.9,6,9.1,5,10.6,6,10.9,6,12.2,6,10.3,7,10.4,6,11.2,5,9.3,6,10.6,6,11.1,6,11.1,6,11.3,6,10.7,6,11.6,6,12.8,3,14.4,2,9.9,5.0,14.4,6,12.4,4,11.4,3,13.0,4,15.2,2,14.3,6,12.6,4,15.0,3,12.9,3,14.8,2,13.9,3
2016-04-15 23:00:00,9.5,5,9.2,6,9.9,6,8.0,6,9.4,5,7.7,6,7.6,6,8.6,5,10.1,6,10.3,6,11.6,6,9.8,7,9.9,6,10.9,6,8.9,6,10.2,6,10.7,6,10.5,6,10.9,6,10.3,6,11.4,6,12.5,3,13.9,3,9.3,5.0,13.7,6,11.8,4,10.6,3,12.1,5,14.5,3,14.1,5,12.2,4,14.7,3,12.2,3,14.5,3,13.6,4
2016-04-16 00:00:00,9.2,6,8.8,6,9.4,6,7.6,6,8.9,5,7.7,6,7.5,6,8.4,5,9.5,6,9.9,5,11.1,5,9.3,7,9.4,6,10.6,6,8.7,6,9.9,6,10.4,6,10.1,6,10.4,6,10.0,6,11.2,6,12.3,3,13.4,3,9.0,5.0,13.2,6,11.4,4,10.1,4,11.6,5,13.9,3,14.0,5,11.9,5,14.4,4,11.9,3,14.4,3,13.3,4
2016-04-16 01:00:00,8.9,6,8.4,5,9.0,6,7.4,6,8.3,6,7.9,6,7.6,6,8.3,5,9.1,5,9.5,5,10.6,5,9.0,7,9.0,5,10.4,6,8.6,6,9.6,6,10.1,6,9.8,5,9.9,6,9.8,6,10.9,6,12.0,4,13.0,4,9.0,5.0,12.9,6,11.2,4,9.8,4,11.2,5,13.5,4,13.9,5,11.9,5,14.3,4,12.0,4,14.3,3,13.2,4
2016-04-16 02:00:00,8.7,6,8.2,5,8.7,6,7.4,6,7.9,6,8.1,6,7.7,6,8.2,6,8.7,5,9.2,5,10.2,5,8.8,7,8.7,5,10.1,6,8.7,6,9.4,6,9.9,6,9.6,5,9.5,6,9.6,6,10.6,6,11.6,4,12.6,4,9.1,5.0,12.8,6,11.2,5,9.9,5,10.7,5,13.1,4,13.8,5,12.1,5,14.2,4,12.4,4,14.4,4,13.2,4
2016-04-16 03:00:00,8.9,5,8.7,5,8.9,5,7.2,4,8.7,5,7.2,4,6.4,4,6.7,5,8.8,5,9.4,5,10.7,5,9.2,6,9.3,6,10.2,7,8.2,6,9.3,7,9.8,7,9.6,7,9.3,7,9.1,7,10.0,7,10.8,7,12.3,5,8.9,5.0,11.9,7,10.7,4,9.2,5,10.2,5,12.2,6,12.7,6,11.8,6,14.3,2,10.8,1,14.0,2,11.2,5
2016-04-16 04:00:00,8.6,5,8.3,6,8.6,5,7.1,5,8.8,6,7.0,5,6.1,4,6.2,6,8.6,5,9.3,5,10.4,5,9.3,6,9.3,6,10.2,7,8.0,6,8.9,7,9.6,7,9.4,7,9.2,7,9.1,7,9.7,7,10.4,7,12.0,5,8.9,5.0,11.5,7,10.5,4,9.0,5,9.6,5,11.8,7,12.5,6,11.8,6,14.3,3,10.3,1,13.8,2,11.3,5
2016-04-16 05:00:00,8.3,5,8.1,6,8.5,5,7.1,5,9.1,6,6.8,5,6.0,5,5.9,6,8.6,6,9.4,6,10.2,6,9.6,6,9.5,7,10.4,7,8.0,6,8.7,7,9.5,7,9.4,7,9.4,7,9.3,7,9.6,7,10.2,6,12.0,5,9.1,6.0,11.4,7,10.5,5,9.1,6,9.2,6,11.6,7,12.5,7,12.0,7,14.5,3,10.2,2,13.9,3,11.8,6
2016-04-16 06:00:00,8.2,5,8.1,6,8.7,6,7.4,6,9.6,7,6.9,5,6.2,5,6.3,7,8.8,6,9.7,6,10.3,6,10.2,6,9.9,7,10.8,7,8.5,7,8.9,7,9.8,7,9.9,7,10.0,7,9.9,7,9.8,7,10.7,6,12.4,5,9.8,7.0,12.0,7,11.3,5,10.0,6,9.9,6,12.0,7,13.0,7,12.7,7,15.0,3,11.1,2,14.4,4,12.6,6
2016-04-16 07:00:00,8.2,5,8.5,5,9.3,6,8.2,6,10.2,7,7.6,4,7.0,5,7.5,7,9.3,6,10.2,6,10.7,6,11.2,6,10.6,7,11.5,7,9.6,7,9.8,7,10.4,7,11.0,7,11.1,7,10.8,7,10.6,7,12.0,6,13.3,5,11.3,7.0,13.5,6,12.9,4,11.9,5,12.0,7,13.3,6,14.1,7,14.2,7,16.1,3,13.3,2,15.4,3,13.7,6
2016-04-16 08:00:00,8.4,5,9.2,5,10.1,5,9.3,5,10.8,7,8.7,3,8.2,6,9.1,6,10.1,5,10.9,5,11.4,5,12.3,6,11.5,7,12.3,7,11.0,7,11.0,7,11.3,6,12.4,6,12.4,7,11.8,7,11.7,7,13.7,7,14.6,5,13.1,7.0,15.6,6,15.1,4,14.4,4,15.0,6,15.2,6,15.5,7,16.1,7,17.5,3,16.1,2,16.6,3,14.9,6
2016-04-16 09:00:00,8.6,5,10.0,5,11.0,5,10.4,5,11.5,6,9.8,3,9.4,6,10.7,6,10.9,5,11.7,5,12.2,5,13.2,7,12.3,7,13.0,7,12.3,7,12.2,7,12.3,6,13.7,6,13.5,7,12.7,7,13.1,7,15.3,7,15.9,6,14.9,7.0,17.6,6,17.3,5,16.9,3,17.7,6,17.2,5,16.6,7,17.8,7,18.9,3,18.7,2,17.5,2,16.1,6
2016-04-16 10:00:00,8.9,5,10.8,6,11.7,6,11.2,4,12.2,6,10.6,3,10.4,6,11.8,6,11.6,5,12.5,5,12.9,5,13.7,7,12.9,7,13.6,7,13.3,7,13.1,7,13.3,6,14.6,6,14.3,7,13.4,7,14.5,7,16.5,7,17.1,5,16.2,6.0,19.1,6,19.1,5,18.9,2,19.5,6,19.0,5,17.1,7,19.0,7,20.0,4,20.4,3,17.9,2,17.1,6
2016-04-16 11:00:00,9.1,5,11.4,6,12.3,6,11.7,4,12.8,6,11.1,4,11.1,6,12.5,6,12.2,6,13.2,6,13.5,6,14.0,7,13.4,7,14.1,7,14.0,7,13.7,6,14.3,7,15.2,7,14.9,7,14.1,7,15.7,7,17.4,7,18.2,5,17.2,6.0,20.1,6,20.4,5,20.4,2,20.6,6,20.4,4,17.2,6,19.7,7,20.8,4,21.3,3,17.9,2,17.9,6
2016-04-16 12:00:00,9.4,5,11.8,6,12.7,6,12.0,5,13.3,5,11.4,4,11.5,6,13.0,6,12.6,6,13.6,6,13.9,6,14.2,7,13.8,7,14.7,7,14.5,7,14.3,6,15.2,7,15.7,7,15.5,7,14.7,7,16.6,7,18.1,6,19.0,5,18.0,6.0,20.8,6,21.3,5,21.4,2,21.1,5,21.3,4,17.2,6,20.0,7,21.3,4,21.7,3,17.8,2,18.5,6
2016-04-16 13:00:00,9.6,6,11.9,6,12.9,6,12.1,5,13.7,6,11.5,4,11.7,6,13.4,6,12.7,7,13.7,6,14.0,6,14.6,7,14.3,7,15.5,7,14.9,7,14.9,6,15.9,6,16.2,6,16.3,7,15.4,7,17.0,7,18.8,6,19.6,6,18.8,6.0,21.2,6,21.8,5,22.1,3,21.4,6,21.7,5,17.2,6,20.1,6,21.5,4,21.9,3,17.8,2,18.9,6
2016-04-16 14:00:00,9.8,6,11.8,6,12.9,6,12.0,6,13.8,6,11.4,3,11.6,6,13.5,6,12.6,7,13.7,7,14.0,7,15.1,6,14.7,7,16.2,7,15.1,7,15.4,7,16.3,6,16.6,6,17.0,7,16.1,7,17.0,7,19.2,6,20.0,6,19.3,6.0,21.2,6,21.9,5,22.3,3,21.4,6,21.7,5,17.2,7,20.0,6,21.5,4,21.8,3,17.8,2,19.0,6
2016-04-16 15:00:00,10.4,6,12.0,6,12.8,7,12.6,6,13.9,7,12.1,3,12.5,5,14.1,6,13.3,7,14.3,7,14.5,7,15.5,6,15.0,7,16.1,6,14.8,7,15.5,6,16.0,5,16.7,5,16.8,7,16.0,7,16.1,6,18.5,5,20.2,6,18.3,7.0,20.4,5,21.6,6,21.9,4,21.0,5,21.9,5,17.8,7,20.3,6,20.4,4,22.0,3,18.0,2,18.9,6
2016-04-16 16:00:00,10.0,6,11.6,6,12.4,7,12.1,6,13.6,7,11.6,3,11.8,4,13.7,6,13.1,7,14.1,7,14.2,7,15.3,6,14.7,6,15.8,5,14.4,7,15.1,6,15.5,5,16.4,5,16.6,7,15.5,6,15.6,5,17.8,5,19.8,6,17.6,7.0,19.6,5,20.8,5,21.0,4,20.0,5,21.2,5,17.1,6,19.4,6,19.7,4,21.0,2,17.8,2,18.4,6
2016-04-16 17:00:00,9.5,6,11.0,6,11.8,7,11.4,7,13.1,7,10.9,2,10.8,4,13.0,7,12.8,7,13.7,7,13.8,7,14.7,5,14.1,5,15.0,4,13.7,7,14.3,6,14.8,4,15.9,4,15.9,6,14.7,6,14.8,4,16.8,4,19.1,6,16.4,7.0,18.5,5,19.6,5,19.7,5,18.7,4,20.2,5,16.3,6,18.3,6,18.9,3,19.8,2,17.5,2,17.7,6
2016-04-16 18:00:00,8.9,5,10.3,6,11.1,7,10.5,7,12.4,7,10.1,2,9.7,3,12.0,7,12.3,7,13.1,7,13.3,7,13.9,5,13.4,4,14.1,4,12.7,6,13.4,5,13.9,4,15.2,4,15.0,6,13.7,6,13.9,4,15.7,3,18.2,6,15.0,7.0,17.3,6,18.2,6,18.1,5,17.2,4,19.1,5,15.5,6,17.1,6,18.1,3,18.4,2,17.1,2,16.8,5
2016-04-16 19:00:00,8.3,4,9.6,5,10.3,6,9.5,6,11.6,7,9.2,2,8.6,3,10.8,6,11.7,7,12.2,7,12.7,7,13.0,5,12.7,4,13.3,4,11.6,6,12.5,5,13.0,3,14.2,4,13.9,6,12.9,6,13.0,4,14.7,3,17.3,6,13.7,7.0,16.2,6,16.7,6,16.4,4,15.8,3,18.1,5,15.1,6,15.9,6,17.4,4,17.0,3,16.7,2,15.8,5
2016-04-16 20:00:00,7.7,4,8.8,4,9.5,6,8.6,5,10.8,7,8.2,2,7.6,3,9.6,5,11.1,7,11.4,7,12.2,7,12.1,5,12.1,5,12.7,4,10.5,6,11.8,5,12.3,4,13.1,4,12.9,5,12.2,5,12.3,4,13.9,2,16.4,6,12.5,7.0,15.3,6,15.4,5,14.8,3,14.6,3,17.1,4,15.0,6,14.9,6,16.7,4,15.7,4,16.3,3,14.7,5
2016-04-16 21:00:00,7.3,4,8.2,4,8.8,6,7.8,5,10.1,6,7.5,2,7.0,3,8.8,5,10.6,6,10.7,6,11.7,6,11.3,5,11.6,5,12.1,4,9.8,6,11.2,5,11.7,4,12.1,4,12.1,5,11.6,6,11.7,4,13.1,3,15.5,5,11.5,6.0,14.5,6,14.3,5,13.5,3,13.6,3,16.3,4,14.8,6,14.2,6,16.0,4,14.6,4,15.9,3,14.4,5
2016-04-16 22:00:00,7.0,4,7.7,4,8.3,5,7.2,5,9.5,6,7.0,3,6.6,3,8.2,5,10.2,6,10.4,6,11.4,6,10.7,5,11.0,5,11.7,4,9.2,6,10.7,5,11.4,4,11.3,4,11.5,5,11.1,6,11.1,4,12.5,3,14.7,5,10.8,6.0,13.9,6,13.7,5,12.4,4,12.9,4,15.5,4,14.7,6,13.7,6,15.5,4,13.8,4,15.5,3,14.1,5
2016-04-16 23:00:00,6.8,4,7.2,4,7.9,5,6.7,4,8.9,6,6.5,3,6.3,4,7.7,5,9.8,6,10.3,6,11.1,6,10.1,5,10.5,5,11.3,5,8.8,6,10.4,5,11.2,4,10.7,4,11.1,5,10.7,6,10.7,5,11.9,3,14.1,5,10.2,6.0,13.4,6,13.3,5,11.5,4,12.4,4,14.8,4,14.5,5,13.4,5,15.0,4,13.2,4,15.2,3,13.8,5
2016-04-17 00:00:00,6.7,5,6.9,5,7.5,5,6.3,5,8.2,6,6.2,4,6.0,4,7.4,5,9.3,6,10.0,6,10.8,5,9.6,6,10.0,5,11.0,5,8.5,6,10.0,5,10.9,5,10.3,5,10.7,6,10.4,6,10.3,5,11.5,4,13.6,5,9.8,6.0,12.9,6,13.0,5,10.9,4,11.9,4,14.2,5,14.3,5,13.2,5,14.6,5,13.0,5,14.9,4,13.7,5
2016-04-17 01:00:00,6.6,5,6.6,5,7.0,5,5.9,5,7.5,6,6.0,5,5.8,5,7.0,5,8.7,5,9.3,6,10.2,5,9.2,6,9.5,5,10.8,5,8.2,6,9.5,5,10.5,5,10.0,5,10.4,6,10.3,6,10.0,5,11.1,4,13.4,6,9.6,6.0,12.5,6,12.7,5,10.5,5,11.4,5,13.7,5,14.2,5,13.0,5,14.4,5,12.9,5,14.8,4,13.7,5
2016-04-17 02:00:00,6.6,6,6.3,6,6.6,6,5.6,6,6.8,6,5.9,5,5.7,5,6.5,5,7.9,5,8.6,6,9.6,5,8.8,6,9.0,5,10.6,6,7.9,6,9.1,5,10.1,5,9.7,5,10.1,6,10.3,6,9.7,5,10.9,5,13.3,6,9.5,6.0,12.0,5,12.4,5,10.4,5,10.8,5,13.3,5,14.1,5,12.8,5,14.3,5,13.0,5,14.7,4,13.8,5
2016-04-17 03:00:00,5.8,3,5.5,4,5.1,5,5.1,3,5.6,6,4.5,2,3.9,2,4.8,2,6.3,6,6.8,6,7.7,6,7.4,7,7.9,6,9.9,6,5.9,4,6.9,6,7.9,6,7.7,6,9.1,7,9.9,6,8.2,7,9.7,7,12.8,6,9.6,6.0,10.3,7,12.2,7,10.4,5,10.1,5,12.8,6,14.0,6,12.9,6,14.4,6,11.2,5,14.0,4,12.4,6
2016-04-17 04:00:00,5.5,2,5.2,3,4.8,4,5.0,3,5.5,6,4.3,2,3.7,2,4.2,2,5.9,6,6.4,6,7.3,6,7.3,7,7.7,7,9.8,6,5.4,5,6.5,6,7.6,7,7.3,6,8.8,7,9.8,6,7.9,7,9.3,7,12.5,7,9.2,6.0,9.9,7,12.1,6,10.1,5,9.8,5,12.5,6,13.9,6,12.9,6,14.4,6,10.8,5,13.9,5,12.4,6
2016-04-17 05:00:00,5.5,2,5.1,3,4.9,3,5.0,3,5.6,6,4.3,2,3.6,2,4.0,2,5.8,6,6.3,6,7.1,6,7.3,7,7.7,7,9.9,7,5.2,6,6.3,6,7.4,7,7.2,7,8.8,7,9.8,7,7.7,7,9.1,7,12.3,7,9.1,7.0,9.8,7,12.3,6,10.2,6,9.7,6,12.4,6,13.9,7,13.2,6,14.7,6,10.8,5,14.1,5,12.7,6
2016-04-17 06:00:00,5.7,2,5.4,2,5.3,2,5.4,3,6.1,6,4.7,2,4.1,2,4.4,2,6.0,6,6.6,6,7.3,6,7.7,6,8.0,7,10.1,7,5.7,6,6.5,6,7.6,7,7.6,7,9.2,7,10.0,7,7.9,7,9.5,7,12.4,7,9.6,7.0,10.1,7,12.9,6,11.0,6,10.0,6,12.5,6,14.4,7,13.9,7,15.2,6,11.7,6,14.6,5,13.3,6
2016-04-17 07:00:00,6.3,2,6.3,2,6.2,2,6.4,3,7.0,6,5.8,2,5.3,2,5.6,2,6.7,5,7.4,5,8.0,5,8.6,6,8.7,7,10.4,7,7.0,6,7.3,5,8.3,6,8.5,6,10.2,7,10.3,7,8.5,7,10.5,7,12.8,7,10.8,6.0,11.1,7,14.0,6,12.7,6,10.8,7,13.0,6,15.4,7,15.0,7,16.1,6,13.7,6,15.6,6,14.3,6
2016-04-18 01:00:00,6.3,1,4.4,1,4.0,2,3.5,3,3.7,4,4.6,2,4.0,4,4.7,3,5.0,2,5.6,4,6.5,3,4.7,6,4.8,5,6.7,6,5.6,4,5.8,5,6.2,6,6.3,6,6.7,6,7.1,6,6.8,5,7.9,6,9.2,6,7.9,5.0,8.5,4,10.7,5,10.2,5,7.7,5,10.3,6,12.9,5,11.3,5,13.2,5,12.8,5,14.7,4,12.0,5
2016-04-18 02:00:00,6.2,1,4.1,1,3.6,2,4.0,3,3.3,4,4.8,3,4.1,5,4.5,4,4.4,3,5.0,5,5.8,4,4.6,6,4.9,5,6.7,6,5.4,5,5.4,5,5.7,5,5.7,5,6.4,6,7.2,6,6.4,5,7.2,5,9.0,5,7.6,5.0,8.2,5,10.1,5,9.7,5,7.6,5,9.8,6,12.3,5,10.8,5,12.6,5,12.3,4,14.6,4,11.6,5
2016-04-18 03:00:00,5.6,2,3.0,1,2.9,1,2.1,1,3.0,4,4.1,1,3.5,2,3.1,2,3.7,2,3.8,2,5.8,2,3.9,3,3.9,7,5.2,7,5.2,2,4.7,2,5.3,5,4.5,6,5.7,7,6.0,7,6.4,5,7.0,6,9.3,7,8.0,6.0,7.8,2,11.0,5,10.0,5,6.9,5,10.3,6,12.3,4,11.7,3,13.5,5,11.6,5,14.5,4,12.1,4
2016-04-18 04:00:00,5.6,2,2.8,1,2.7,1,2.0,1,2.6,4,3.9,1,3.3,2,2.5,2,3.4,2,3.4,2,5.4,2,3.7,3,3.9,6,5.3,7,4.6,2,4.1,2,4.7,5,4.2,6,5.4,6,5.9,7,6.1,5,6.5,6,9.0,7,7.6,6.0,7.3,2,10.5,4,9.6,4,6.4,6,9.7,7,11.8,5,11.2,3,13.2,5,11.2,5,14.4,4,11.7,5
2016-04-18 05:00:00,5.7,2,2.9,1,2.9,1,2.1,1,2.5,4,3.9,2,3.4,2,2.3,2,3.3,2,3.5,2,5.1,2,3.8,3,4.1,5,5.7,7,4.4,2,3.8,2,4.4,5,4.2,6,5.4,5,5.9,7,6.0,5,6.2,6,8.8,7,7.5,6.0,7.1,2,10.4,4,9.5,3,6.4,6,9.4,7,11.5,4,11.1,3,13.2,5,11.2,6,14.5,4,11.8,6
2016-04-18 06:00:00,6.2,2,3.5,1,3.6,1,3.0,1,3.0,4,4.5,2,4.2,2,3.0,2,3.8,2,4.1,2,5.4,2,4.6,2,4.9,5,6.5,7,4.9,2,4.2,2,4.7,4,5.0,6,6.1,4,6.4,7,6.3,5,6.7,6,9.0,6,7.9,6.0,7.7,2,11.0,3,10.1,3,7.1,7,9.7,7,12.0,4,11.8,2,13.8,5,12.0,6,14.9,4,12.3,6
2016-04-18 07:00:00,6.9,2,4.9,1,5.0,1,4.8,1,4.5,4,6.0,2,5.8,2,4.8,3,5.2,2,5.5,2,6.5,2,6.3,2,6.3,4,7.7,6,6.6,2,5.7,2,6.0,4,6.7,5,7.6,3,7.5,7,7.3,5,8.1,6,9.9,6,9.1,6.0,9.3,2,12.4,3,11.7,2,8.9,7,10.9,6,13.4,4,13.5,2,15.0,4,13.8,6,15.9,5,13.4,6
2016-04-18 08:00:00,7.8,3,6.7,1,6.9,2,7.1,1,6.6,4,7.5,2,7.8,2,6.9,3,7.0,2,7.4,2,8.3,2,8.5,2,7.8,3,9.0,5,8.4,3,7.8,2,7.7,4,9.0,4,8.9,3,8.7,7,8.4,5,9.9,6,11.3,5,9.8,5.0,11.0,2,12.9,4,13.9,2,10.6,7,11.8,6,14.5,4,14.9,2,16.2,4,16.2,5,17.2,5,14.3,6
2016-04-18 09:00:00,8.7,3,8.5,1,8.8,2,9.0,1,8.8,4,9.2,1,9.7,2,9.2,4,8.9,2,9.4,2,10.1,2,10.5,2,9.4,2,10.4,4,10.3,3,9.9,2,9.4,4,11.1,4,10.6,2,10.1,6,9.9,5,11.7,6,12.7,5,11.6,5.0,12.9,2,15.1,4,16.2,3,12.4,6,13.7,6,15.8,4,17.0,3,17.8,3,18.6,4,18.6,4,16.0,5
2016-04-18 10:00:00,9.4,3,10.0,2,10.4,2,10.5,1,10.6,4,10.6,1,11.0,2,10.9,4,10.4,2,11.1,2,11.7,2,11.9,2,10.6,2,11.6,4,11.7,3,11.5,3,10.9,4,12.6,4,11.8,2,11.4,6,11.2,5,13.1,6,13.9,4,13.1,5.0,14.4,2,16.9,5,18.0,3,13.8,6,15.2,6,16.6,4,18.3,4,19.0,3,20.4,3,19.1,4,17.4,5
2016-04-18 11:00:00,9.9,3,11.2,2,11.6,2,11.6,1,11.8,4,11.4,2,11.7,2,12.0,4,11.5,2,12.4,2,13.0,2,12.7,2,11.5,2,12.6,4,12.7,2,12.5,3,12.0,5,13.6,5,12.7,2,12.5,5,12.4,4,14.0,6,14.9,4,14.2,5.0,15.5,3,18.3,6,19.4,4,14.7,7,16.3,6,16.9,5,19.2,5,19.9,3,21.6,2,19.2,3,18.3,6
2016-04-18 12:00:00,10.3,3,11.9,2,12.5,2,12.1,1,12.7,4,11.9,2,12.0,2,12.7,4,12.2,3,13.2,3,13.8,3,13.3,3,12.3,3,13.6,4,13.3,2,13.3,3,12.9,5,14.2,6,13.4,2,13.4,5,13.3,4,14.8,6,15.8,4,15.2,5.0,16.3,3,19.3,6,20.4,4,15.3,7,17.3,6,17.0,6,19.6,6,20.6,4,22.4,2,19.0,3,19.0,6
2016-04-18 13:00:00,10.5,2,12.3,2,13.0,3,12.2,1,13.2,4,12.1,2,12.1,2,13.1,4,12.5,4,13.5,3,14.1,4,13.9,4,12.8,3,14.5,4,13.8,3,13.9,3,13.5,5,14.7,6,13.9,3,13.9,5,13.8,3,15.4,6,16.5,4,16.0,5.0,16.9,3,19.8,6,21.0,5,15.9,7,18.1,6,17.1,6,19.9,7,21.0,4,22.8,3,19.0,3,19.4,6
2016-04-18 14:00:00,10.5,2,12.3,2,13.2,3,12.0,1,13.3,5,12.1,2,12.0,2,13.2,4,12.5,4,13.4,4,14.0,4,14.3,5,13.2,4,15.1,4,14.1,3,14.4,3,13.9,5,15.0,6,14.2,4,14.2,5,13.8,3,15.8,6,17.1,4,16.3,5.0,17.2,3,19.9,6,21.2,5,16.2,7,18.7,5,17.1,6,19.9,6,21.2,4,22.8,4,19.1,4,19.6,6
2016-04-18 15:00:00,10.5,2,12.7,2,13.5,4,12.1,2,14.0,2,12.2,1,11.3,2,13.5,2,13.0,2,13.8,2,14.2,2,14.5,2,13.1,3,14.4,2,14.4,2,14.4,2,14.8,2,15.1,3,14.1,2,13.6,2,14.2,2,15.6,3,15.6,2,15.9,3.0,17.8,3,19.6,3,20.4,2,17.9,3,19.2,2,18.6,5,19.9,4,20.7,5,23.9,4,18.5,5,18.7,6
2016-04-18 16:00:00,10.3,1,12.2,2,13.3,4,11.5,2,13.8,2,11.6,1,10.8,2,13.3,2,13.0,2,13.8,3,14.1,2,14.6,2,12.9,2,14.0,2,14.2,2,14.4,2,14.6,2,14.9,3,13.7,2,13.2,2,14.0,2,15.1,3,15.4,2,15.0,2.0,17.5,4,18.9,3,19.7,2,17.6,3,18.8,2,18.1,5,19.1,4,20.1,5,22.8,4,18.3,5,18.2,7
2016-04-18 17:00:00,10.1,1,11.5,2,12.8,4,10.7,3,13.2,2,10.8,1,10.1,2,12.9,3,12.8,2,13.6,3,13.9,3,14.2,2,12.4,2,13.2,2,13.7,2,14.1,2,14.1,2,14.2,3,13.0,2,12.4,2,13.5,2,14.3,3,14.9,2,13.8,2.0,16.8,5,17.9,3,18.6,2,16.8,2,18.0,2,17.5,4,18.1,4,19.3,5,21.3,4,17.9,5,17.4,6
2016-04-18 18:00:00,9.7,1,10.6,2,12.1,4,9.8,4,12.1,2,9.7,2,9.2,2,12.0,3,12.4,2,13.1,3,13.6,3,13.2,2,11.4,2,12.0,2,12.8,2,13.4,2,13.2,1,13.1,3,12.1,2,11.3,2,12.8,2,13.2,2,14.2,2,12.5,2.0,15.9,6,16.7,3,17.4,3,15.7,2,17.1,2,16.7,4,16.9,4,18.3,5,19.6,4,17.5,5,16.5,6
2016-04-18 19:00:00,9.2,1,9.7,1,11.1,3,8.7,3,10.3,2,8.6,2,8.2,2,10.6,3,11.6,2,12.1,3,13.1,2,11.3,2,10.0,1,10.7,1,11.4,2,12.3,2,12.1,1,11.5,2,10.9,2,10.1,2,11.9,2,12.1,2,13.2,2,11.3,2.0,14.7,6,15.5,3,16.1,3,14.3,2,16.1,2,15.9,4,15.7,5,17.3,4,18.0,4,17.1,5,15.5,6
2016-04-18 20:00:00,8.8,1,8.8,1,9.9,2,7.6,2,8.3,1,7.6,2,7.2,2,9.1,2,10.7,2,10.9,2,12.4,2,9.0,2,8.3,1,9.3,1,9.9,2,11.0,2,10.8,1,9.6,1,9.7,1,8.8,1,10.9,2,11.0,2,12.2,2,10.3,2.0,13.6,6,14.4,3,14.9,3,12.8,3,15.2,2,15.1,5,14.5,5,16.5,3,16.5,4,16.6,5,14.6,5
2016-04-18 21:00:00,8.4,1,7.9,1,9.1,1,6.7,2,6.9,2,6.8,3,6.4,2,7.9,2,9.7,2,9.9,3,11.5,2,7.5,2,7.0,2,8.1,2,8.8,2,10.0,2,9.9,2,8.2,2,8.6,2,7.7,2,10.1,3,10.1,3,11.2,2,9.3,2.0,12.6,6,13.6,3,13.7,4,11.8,3,14.3,2,14.5,5,13.7,5,15.6,3,15.2,4,16.2,5,13.9,5
2016-04-18 22:00:00,8.2,1,7.1,2,8.3,1,6.0,2,5.8,2,6.4,3,5.8,3,7.1,3,8.8,2,8.9,3,10.6,3,6.3,3,5.9,2,7.1,2,7.9,2,9.1,3,8.9,2,7.1,2,7.7,2,6.8,2,9.3,3,9.4,3,10.4,3,8.4,2.0,11.7,5,12.9,3,12.7,4,10.8,3,13.4,3,14.0,5,13.2,5,14.9,4,14.1,4,15.7,5,13.5,5
2016-04-18 23:00:00,7.9,1,6.5,2,7.6,1,5.6,3,5.1,3,6.2,3,5.4,3,6.6,3,7.8,3,8.0,4,9.6,3,5.6,3,5.2,2,6.4,2,7.2,2,8.4,3,8.0,3,6.4,3,7.1,2,6.3,3,8.5,4,8.8,3,9.9,3,7.6,3.0,10.8,5,12.3,3,11.7,4,9.9,4,12.5,3,13.6,5,12.8,5,14.2,4,13.3,4,15.4,5,13.4,5
2016-04-19 00:00:00,7.7,2,6.1,2,6.9,1,5.3,3,4.7,3,6.2,4,5.3,4,6.2,4,6.9,3,7.1,4,8.6,4,5.3,4,4.9,2,6.2,3,6.7,3,7.6,4,7.2,3,6.0,3,6.8,3,6.2,3,7.8,4,8.3,4,9.6,3,7.2,3.0,9.9,5,11.8,3,10.9,5,9.0,4,11.6,4,13.2,5,12.4,5,13.7,4,12.7,4,15.0,5,13.2,5
2016-04-19 01:00:00,7.5,2,5.8,2,6.4,2,5.3,4,4.4,4,6.3,4,5.3,4,5.8,4,6.0,4,6.3,4,7.7,4,5.2,4,5.0,2,6.3,3,6.2,3,6.9,5,6.5,4,5.8,4,6.7,3,6.4,4,7.1,5,7.7,4,9.5,4,7.2,4.0,9.2,5,11.1,4,10.2,5,8.3,4,10.8,4,12.9,5,11.9,5,13.3,5,12.3,4,14.8,5,12.9,5
2016-04-19 02:00:00,7.3,2,5.7,3,6.0,2,5.3,5,4.2,5,6.4,4,5.4,5,5.3,5,5.4,4,5.7,5,6.9,5,5.2,5,5.2,2,6.7,4,5.7,3,6.1,5,5.8,4,5.6,4,6.7,3,6.7,4,6.5,5,7.2,5,9.5,4,7.3,4.0,8.5,5,10.5,5,9.6,5,7.7,5,10.2,4,12.5,5,11.4,6,13.0,5,12.0,5,14.7,5,12.4,5
2016-04-19 03:00:00,7.3,5,4.9,2,4.7,3,3.1,1,3.8,1,5.9,2,4.7,2,4.4,2,4.5,1,4.6,1,7.1,1,3.6,1,4.1,1,4.9,1,6.4,2,5.8,1,4.8,1,3.6,1,4.4,1,4.3,1,7.1,2,5.4,1,7.0,1,4.4,1.0,9.9,2,9.4,1,8.1,1,9.1,2,11.0,1,11.5,1,10.7,1,11.8,1,10.5,1,13.4,1,11.2,2
2016-04-19 04:00:00,7.1,5,4.5,2,4.6,3,3.1,1,3.5,1,5.6,2,4.6,2,3.8,2,4.1,1,4.3,1,6.6,1,3.3,1,3.5,1,4.7,1,6.0,2,5.2,1,4.1,1,3.1,1,4.2,1,3.9,1,6.7,2,4.9,2,6.7,1,4.0,1.0,9.1,3,8.8,1,7.6,1,8.4,3,10.3,2,10.8,1,10.3,1,11.5,1,9.8,1,13.0,1,10.8,2
2016-04-19 05:00:00,7.0,5,4.5,3,4.8,4,3.3,2,3.5,1,5.5,2,4.8,2,3.6,2,4.0,1,4.3,1,6.3,1,3.4,1,3.1,1,4.6,1,5.9,2,4.9,2,3.9,1,3.0,1,4.4,2,3.8,2,6.5,2,4.8,2,6.5,1,4.0,2.0,8.7,4,8.6,2,7.5,1,8.1,5,10.0,2,10.5,1,10.4,1,11.5,2,9.6,2,12.9,1,10.9,2
2016-04-19 06:00:00,7.4,5,5.1,3,5.6,4,4.3,2,4.3,1,6.1,2,5.7,2,4.3,2,4.7,1,5.0,1,6.6,1,4.4,1,3.6,1,5.1,1,6.7,2,5.4,2,4.5,1,4.0,1,5.3,2,4.4,2,7.1,2,5.6,2,7.0,2,4.9,2.0,9.4,4,9.2,2,8.3,1,8.9,5,10.5,2,11.2,2,11.2,2,12.1,2,10.5,2,13.5,1,11.5,3
2016-04-19 07:00:00,8.2,4,6.5,3,7.1,4,6.2,1,6.1,1,7.7,2,7.4,2,6.3,2,6.4,1,6.6,1,8.0,1,6.5,1,5.3,1,6.4,1,8.5,2,7.1,1,6.4,1,6.4,1,7.0,2,6.0,2,8.8,2,7.4,2,8.3,2,7.2,2.0,11.5,4,11.1,2,10.3,1,11.2,5,12.2,2,13.2,2,13.1,2,13.7,2,12.8,2,15.0,1,12.9,3
2016-04-19 08:00:00,9.3,4,8.3,2,8.9,3,8.6,1,8.4,1,9.9,2,9.4,2,9.0,2,8.7,1,8.8,1,9.9,1,9.1,1,7.8,1,8.2,1,10.9,3,9.6,1,9.0,1,9.5,1,9.2,2,8.2,2,11.1,2,9.8,2,10.1,2,10.2,2.0,14.3,3,13.8,2,13.0,1,14.4,4,14.6,2,16.0,2,15.6,2,15.8,2,15.9,2,16.9,1,14.8,4
2016-04-19 09:00:00,10.3,3,10.3,2,10.8,2,10.9,1,10.7,1,11.9,2,11.3,2,11.7,2,10.9,1,11.1,1,12.0,1,11.6,1,10.2,1,10.2,1,13.2,2,12.0,1,11.6,1,12.5,1,11.4,2,10.4,2,13.5,2,12.3,2,12.1,2,13.3,1.0,17.1,2,16.6,1,16.0,1,17.5,2,17.0,2,18.4,2,18.1,2,18.1,2,18.9,2,18.6,1,16.6,4
2016-04-19 10:00:00,11.0,3,12.1,3,12.4,2,12.7,2,12.6,2,13.3,2,12.6,2,13.8,2,12.5,1,13.0,1,13.7,1,13.4,1,12.0,2,12.0,1,14.9,2,13.9,2,13.6,1,14.6,2,13.1,2,12.3,2,15.5,2,14.3,2,14.0,2,15.8,1.0,19.2,1,19.0,1,18.6,1,19.8,2,18.9,2,19.9,2,20.0,2,20.0,3,21.1,2,19.4,1,17.9,4
2016-04-19 11:00:00,11.5,2,13.4,3,13.7,2,13.9,2,13.9,2,14.2,2,13.4,2,15.1,2,13.7,1,14.4,2,14.9,2,14.6,1,13.2,2,13.6,1,16.0,2,15.3,2,15.1,1,16.0,2,14.4,2,13.7,2,17.1,2,15.9,2,15.6,2,17.6,1.0,20.5,1,20.9,1,20.8,1,21.4,2,20.4,1,20.5,2,21.3,1,21.5,4,22.5,2,19.7,2,18.8,4
2016-04-19 12:00:00,11.8,2,14.4,3,14.6,2,14.6,3,14.8,2,14.7,1,13.9,2,16.0,2,14.4,2,15.4,2,15.8,2,15.5,2,14.1,2,14.9,1,16.7,1,16.3,2,16.2,1,16.9,2,15.3,2,14.7,1,18.3,1,17.2,2,16.9,2,18.7,1.0,21.5,1,22.1,1,22.3,1,22.4,3,21.5,2,20.6,2,22.1,2,22.5,4,23.3,2,19.7,2,19.4,3
2016-04-19 13:00:00,12.0,2,14.9,3,15.1,2,14.9,3,15.3,2,15.1,1,14.2,2,16.4,2,14.9,2,15.9,2,16.4,2,16.2,2,14.7,2,15.9,1,17.3,1,17.0,2,17.1,1,17.6,2,16.0,1,15.4,1,19.1,1,18.3,2,17.8,2,19.2,1.0,22.2,2,22.7,1,23.1,1,23.1,3,22.4,2,20.6,2,22.4,2,23.1,4,23.7,2,19.8,2,19.8,4
2016-04-19 14:00:00,12.2,2,14.9,3,15.3,2,14.8,3,15.5,2,15.3,1,14.3,2,16.6,1,15.2,2,16.1,2,16.6,2,16.6,2,15.1,1,16.4,1,17.6,2,17.5,2,17.7,2,18.1,2,16.4,1,15.7,1,19.6,1,19.0,2,18.3,2,19.2,1.0,22.6,2,22.7,2,23.2,1,23.3,4,22.9,3,20.4,2,22.3,3,23.2,3,23.8,2,19.9,2,20.0,5
2016-04-19 15:00:00,11.9,2,14.5,3,15.0,2,14.2,3,15.0,2,15.4,3,14.2,2,16.7,1,15.2,2,15.7,2,16.4,2,16.1,2,14.7,2,16.1,2,17.3,2,16.7,1,16.9,2,17.0,2,15.6,1,15.1,2,17.7,1,17.2,1,17.0,2,18.4,1.0,21.1,2,20.9,1,21.9,1,21.9,3,21.4,2,19.2,2,20.3,2,21.2,3,23.2,1,20.0,1,18.7,4
2016-04-19 16:00:00,11.6,2,14.0,3,14.5,2,13.5,4,14.7,3,14.8,3,13.8,2,16.6,2,15.0,2,15.5,2,16.1,2,16.0,2,14.5,2,15.6,2,17.2,2,16.6,1,16.6,2,16.5,2,15.3,2,14.5,2,17.3,1,16.9,2,17.0,2,17.1,1.0,20.5,2,20.1,2,21.1,1,21.1,2,20.9,2,18.8,2,19.6,2,20.6,3,22.3,2,19.7,1,18.4,5
2016-04-19 17:00:00,11.2,2,13.2,2,13.6,2,12.7,4,14.2,3,13.8,3,13.2,3,16.3,2,14.6,2,15.1,2,15.6,2,15.5,2,14.0,2,14.7,2,16.7,3,16.1,1,15.8,2,15.6,2,14.6,2,13.6,2,16.6,1,16.1,2,16.7,3,15.5,1.0,19.4,3,19.0,2,19.8,2,19.7,2,19.9,2,18.2,2,18.6,3,19.8,4,21.1,2,19.1,1,17.8,5
2016-04-19 18:00:00,10.7,1,12.2,2,12.5,2,11.8,4,13.2,3,12.8,3,12.4,3,15.6,3,14.0,2,14.5,2,15.0,2,14.5,2,13.0,2,13.6,1,15.9,4,15.4,2,14.8,2,14.4,2,13.6,2,12.4,3,15.7,2,15.0,2,16.1,3,13.9,1.0,18.3,4,17.6,3,18.2,2,17.9,2,18.8,2,17.4,2,17.3,3,18.8,4,19.6,2,18.4,2,16.9,5
2016-04-19 19:00:00,10.0,1,11.1,2,11.3,1,10.9,4,11.6,3,11.8,3,11.5,4,14.5,4,13.1,3,13.6,3,14.3,2,12.9,2,11.6,1,12.3,1,14.8,4,14.4,3,13.6,2,13.0,3,12.4,2,11.1,3,14.7,2,13.7,2,15.0,3,12.5,1.0,17.3,5,16.2,3,16.4,2,15.9,3,17.7,2,16.6,3,15.9,4,17.8,4,17.9,3,17.7,2,15.7,4
2016-04-19 20:00:00,9.3,1,10.1,2,10.2,1,10.0,3,9.8,2,11.1,3,10.6,4,13.2,5,12.1,3,12.6,3,13.5,3,11.2,1,9.9,2,10.9,1,13.7,4,13.4,4,12.5,2,11.5,3,11.2,2,9.7,3,13.7,3,12.6,3,13.8,3,11.3,1.0,16.4,5,14.8,3,14.7,2,14.0,4,16.7,2,15.7,4,14.5,4,16.8,4,16.2,3,17.1,2,14.3,3
2016-04-19 21:00:00,8.7,2,9.2,2,9.2,2,9.2,4,8.6,2,10.5,4,10.0,4,12.1,5,11.3,3,11.7,3,12.7,3,9.8,2,8.7,2,9.8,2,12.9,5,12.4,5,11.6,2,10.2,3,10.2,2,8.6,3,12.9,3,11.7,3,12.5,3,10.1,2.0,15.5,5,13.6,4,13.1,2,12.6,4,15.9,2,14.9,4,13.4,4,15.9,4,14.7,3,16.5,3,13.5,3
2016-04-19 22:00:00,8.2,2,8.3,2,8.2,2,8.5,4,7.5,3,10.0,4,9.4,5,11.3,5,10.4,3,10.8,3,11.9,3,8.7,2,7.7,2,8.8,3,12.2,5,11.5,5,10.9,3,9.2,3,9.5,3,7.8,3,12.3,4,11.3,3,11.5,3,8.8,2.0,14.6,4,12.7,4,11.9,3,11.6,4,15.2,3,14.3,4,12.7,4,15.2,4,13.5,3,16.0,3,12.9,4
2016-04-19 23:00:00,7.8,2,7.5,3,7.4,3,7.9,4,6.6,3,9.6,5,9.0,5,10.6,5,9.5,4,10.0,4,11.0,4,7.9,3,7.0,3,8.0,3,11.7,5,10.7,5,10.2,3,8.5,3,9.1,3,7.2,4,11.8,4,11.0,4,10.8,4,7.8,3.0,13.9,4,12.0,4,11.0,3,11.0,4,14.8,3,13.8,4,12.4,4,14.8,4,12.7,4,15.6,3,12.6,4
2016-04-20 00:00:00,7.4,3,6.8,3,6.6,4,7.3,5,5.8,4,9.2,5,8.7,5,10.1,5,8.7,4,9.1,4,10.2,4,7.5,4,6.6,3,7.5,4,11.1,6,9.9,6,9.6,4,8.0,4,8.8,4,7.0,4,11.3,4,10.8,4,10.5,4,7.2,3.0,13.3,4,11.5,4,10.5,4,10.4,5,14.4,3,13.6,4,12.2,5,14.5,5,12.4,4,15.2,3,12.5,4
2016-04-20 01:00:00,7.2,3,6.2,4,6.0,4,6.8,5,5.3,4,8.8,5,8.4,5,9.5,6,8.0,4,8.4,4,9.5,4,7.2,4,6.3,4,7.2,4,10.5,6,9.2,6,8.9,4,7.7,4,8.4,4,7.0,5,10.8,5,10.3,5,10.6,4,7.3,4.0,12.8,5,11.2,4,10.3,4,9.9,5,14.2,4,13.5,4,12.0,5,14.4,5,12.6,4,15.0,4,12.5,4
2016-04-20 02:00:00,7.1,4,5.8,4,5.5,5,6.5,5,4.9,5,8.4,6,8.2,6,9.0,6,7.4,5,7.8,5,9.0,5,7.0,5,6.2,4,7.0,5,9.9,6,8.6,6,8.2,5,7.4,4,8.0,5,7.1,5,10.3,5,9.6,5,10.8,4,7.8,4.0,12.4,5,10.9,5,10.3,5,9.3,5,13.9,4,13.4,5,11.8,5,14.4,5,12.9,5,14.8,4,12.6,4
2016-04-20 03:00:00,6.7,1,6.5,1,6.1,1,7.9,3,5.8,1,10.2,4,9.3,5,9.3,5,7.9,3,8.1,2,9.1,2,6.9,3,6.0,1,6.3,1,10.6,6,9.6,5,8.4,4,6.9,4,7.4,4,6.0,2,11.1,4,8.6,3,10.4,4,6.5,2.0,11.8,2,10.4,4,8.9,4,9.8,4,14.0,2,13.3,4,11.8,4,13.9,4,11.3,4,14.8,3,12.1,5
2016-04-20 04:00:00,6.3,1,6.1,1,5.6,1,7.6,3,5.5,1,10.0,4,9.1,5,8.9,5,7.5,3,7.7,2,8.7,2,6.5,3,5.8,1,6.2,1,10.2,6,9.0,4,7.8,5,6.5,4,7.0,3,5.7,2,10.7,4,8.1,3,10.1,4,6.2,2.0,11.2,2,10.0,4,9.0,4,9.4,4,13.6,2,13.1,4,11.6,4,13.9,4,11.3,5,14.6,3,12.0,5
2016-04-20 05:00:00,6.2,1,5.9,2,5.5,1,7.6,4,5.5,1,9.9,5,9.0,4,8.7,5,7.3,3,7.7,2,8.5,2,6.5,3,5.7,1,6.4,1,10.1,6,8.7,4,7.6,6,6.5,4,6.9,3,5.8,2,10.4,4,8.1,4,9.9,4,6.2,2.0,11.0,3,10.0,4,9.5,4,9.3,3,13.4,2,13.2,4,11.8,4,14.2,5,11.8,5,14.6,3,12.2,5
2016-04-20 06:00:00,6.6,1,6.4,2,6.0,1,8.1,4,6.2,1,10.2,5,9.4,4,9.2,4,7.9,2,8.3,2,9.0,2,7.3,2,6.2,1,7.0,1,10.6,5,9.2,3,8.3,6,7.5,4,7.6,2,6.4,2,10.9,3,8.9,4,10.2,3,7.1,2.0,11.5,3,10.8,5,10.8,4,9.8,3,13.7,2,14.0,4,12.7,4,15.1,5,13.1,5,15.2,3,12.9,5
2016-04-20 07:00:00,7.7,1,7.7,2,7.4,1,9.3,4,7.8,1,11.1,5,10.4,3,10.4,4,9.3,2,9.7,2,10.3,2,9.2,2,7.7,1,8.3,1,11.9,5,10.7,3,10.2,5,9.7,3,9.2,2,7.8,2,12.3,2,10.7,4,11.4,2,9.3,2.0,13.0,3,12.9,5,12.8,4,11.2,4,14.7,2,15.7,4,14.6,5,16.6,6,15.3,5,16.5,4,14.3,5
2016-04-20 08:00:00,9.3,1,9.6,2,9.4,1,11.0,3,10.0,1,12.3,4,11.6,3,12.1,3,11.2,2,11.7,2,12.2,2,11.6,2,9.7,1,9.9,1,13.7,4,12.9,2,12.7,4,12.6,3,11.4,3,9.8,3,14.4,2,13.1,3,13.1,2,12.4,2.0,15.1,3,15.7,5,15.3,4,13.1,5,16.2,3,17.7,5,17.0,6,18.5,6,18.1,5,18.2,5,16.1,5
2016-04-20 09:00:00,10.8,1,11.5,1,11.4,1,12.7,3,12.2,1,13.4,3,12.9,2,13.8,2,13.1,2,13.6,2,14.2,2,14.0,1,11.8,1,11.7,1,15.4,3,15.0,2,15.2,3,15.4,3,13.6,3,11.9,3,16.6,1,15.6,2,15.0,2,15.8,1.0,17.1,3,18.5,5,18.0,4,15.1,5,17.8,3,19.5,5,19.4,6,20.4,6,20.6,5,19.6,5,17.8,5
2016-04-20 10:00:00,12.0,1,13.0,1,13.2,1,14.1,2,14.0,1,14.2,2,13.8,2,15.2,2,14.5,2,15.2,2,15.8,2,15.8,1,13.6,1,13.3,2,16.6,2,16.6,2,17.0,2,17.4,2,15.4,3,13.8,2,18.5,1,17.6,2,16.7,2,18.9,1.0,18.4,3,20.8,5,20.5,4,16.8,5,19.1,2,20.5,5,21.3,5,21.9,6,22.5,4,20.4,5,19.0,5
2016-04-20 11:00:00,12.9,1,14.2,2,14.5,1,15.2,2,15.3,1,14.7,2,14.5,2,16.3,2,15.5,2,16.3,2,17.1,2,17.0,1,14.9,1,14.7,2,17.4,2,17.8,2,18.2,2,18.7,2,16.8,2,15.4,2,20.0,1,19.3,2,18.2,3,21.3,1.0,19.2,3,22.6,4,22.7,4,18.1,4,20.2,2,20.9,5,22.5,4,22.9,5,23.7,3,20.6,4,19.9,4
2016-04-20 12:00:00,13.4,1,15.1,2,15.5,1,16.0,3,16.3,1,15.1,2,14.9,2,17.0,2,16.2,2,17.2,2,18.0,2,17.9,2,15.9,1,15.9,2,18.0,2,18.7,1,19.1,2,19.7,2,17.8,2,16.5,1,20.9,1,20.6,2,19.4,3,22.9,1.0,19.8,3,23.8,3,24.3,3,19.0,4,21.0,2,21.0,5,23.3,3,23.6,5,24.4,3,20.7,3,20.3,4
2016-04-20 13:00:00,13.6,1,15.8,2,16.1,1,16.5,3,16.9,1,15.5,3,15.2,2,17.4,1,16.8,2,17.8,2,18.6,2,18.6,2,16.5,1,16.8,1,18.4,2,19.4,1,20.0,2,20.5,1,18.6,2,17.2,1,21.1,1,21.8,2,20.4,2,23.5,1.0,20.3,3,24.6,3,25.2,3,19.4,4,21.6,2,21.0,5,23.6,3,24.0,5,24.8,3,20.8,3,20.5,4
2016-04-20 14:00:00,13.6,2,16.2,2,16.3,1,16.7,3,17.2,1,15.7,3,15.3,2,17.5,1,17.2,2,18.1,2,18.9,2,19.0,2,16.8,1,17.3,1,18.7,2,19.8,1,20.6,2,21.0,1,19.1,2,17.4,1,20.8,1,22.6,2,21.1,2,23.1,1.0,20.7,4,24.9,3,25.4,2,19.3,3,22.0,3,20.8,4,23.5,3,24.1,4,24.8,3,20.9,3,20.4,4
2016-04-20 15:00:00,13.0,1,15.5,1,15.5,1,16.0,3,17.0,1,15.6,5,15.4,3,18.0,2,17.3,2,17.8,2,18.4,2,18.6,1,16.1,1,17.2,1,19.3,4,19.5,2,20.5,2,20.4,3,18.5,2,16.9,1,21.5,2,22.2,2,20.8,2,22.2,1.0,21.8,5,24.0,5,24.5,2,20.1,4,22.6,2,20.6,5,22.8,5,23.9,5,24.0,3,20.6,3,20.1,2
2016-04-20 16:00:00,12.8,1,15.1,2,15.3,1,15.6,3,16.6,1,15.1,6,15.0,4,17.9,2,17.1,2,17.6,2,18.1,2,18.4,2,15.9,1,16.7,1,19.1,4,19.4,2,20.2,2,20.0,3,18.1,2,16.3,1,20.9,2,21.6,1,20.6,2,20.4,1.0,21.4,5,23.1,5,23.3,3,19.6,4,22.0,2,20.1,4,21.9,4,23.2,5,23.2,3,20.2,3,19.5,3
2016-04-20 17:00:00,12.4,1,14.4,2,14.8,1,14.9,3,15.9,2,14.3,6,14.3,5,17.5,3,16.7,3,17.2,3,17.5,2,17.8,3,15.3,1,15.9,1,18.5,5,19.0,2,19.5,2,19.1,2,17.2,3,15.4,1,20.0,2,20.5,1,20.1,3,18.3,1.0,20.6,5,21.8,5,21.5,3,18.7,4,20.8,2,19.4,3,20.6,4,22.2,3,22.1,2,19.5,3,18.7,3
2016-04-20 18:00:00,11.9,2,13.6,2,14.1,1,14.0,3,14.8,2,13.4,6,13.5,6,16.7,3,15.9,3,16.5,3,16.8,3,16.6,3,14.3,1,14.7,1,17.6,5,18.1,2,18.3,2,17.7,2,16.0,3,14.2,1,18.9,2,19.0,2,19.3,4,16.3,1.0,19.5,5,20.2,4,19.6,4,17.5,3,19.5,2,18.6,3,19.1,3,21.1,3,20.8,3,19.0,3,17.8,4
2016-04-20 19:00:00,11.3,2,12.7,2,13.1,1,13.0,3,13.3,2,12.5,6,12.6,6,15.6,4,14.9,3,15.5,3,16.0,3,14.9,3,12.9,1,13.4,1,16.4,5,16.9,3,16.8,2,15.9,3,14.6,3,12.9,1,17.8,3,17.5,2,18.2,4,14.8,2.0,18.2,5,18.5,5,17.8,4,16.1,3,18.4,3,17.9,3,17.6,3,20.1,2,19.5,3,18.7,3,16.8,4
2016-04-20 20:00:00,10.8,3,11.9,2,12.0,2,12.0,3,11.7,1,11.8,6,11.7,5,14.3,4,13.8,3,14.3,3,15.1,3,13.1,2,11.4,1,12.0,1,15.2,5,15.5,4,15.3,3,14.1,4,13.2,2,11.6,1,16.8,4,16.2,3,16.9,3,13.6,2.0,17.0,5,16.9,5,16.2,4,14.7,4,17.5,3,17.2,5,16.1,4,19.3,3,18.2,3,18.5,3,15.8,4
2016-04-20 21:00:00,10.3,3,11.1,3,11.1,1,11.3,3,10.5,2,11.3,6,11.1,5,13.3,4,12.9,3,13.4,3,14.2,3,11.6,3,10.0,1,10.8,2,14.3,5,14.6,4,14.4,3,12.8,4,12.2,3,10.5,2,15.9,5,15.1,3,15.8,3,12.3,2.0,16.0,5,15.6,5,14.9,4,13.9,4,16.8,3,16.6,5,15.1,4,18.8,3,17.5,4,18.1,4,15.1,4
2016-04-20 22:00:00,10.0,3,10.4,3,10.3,1,10.6,3,9.5,2,11.0,6,10.6,5,12.6,4,12.1,4,12.4,3,13.4,4,10.4,3,8.9,2,9.8,2,13.5,5,13.7,5,13.4,4,11.8,4,11.4,3,9.6,2,15.1,5,14.1,3,14.7,4,11.1,2.0,15.2,5,14.4,5,13.9,4,13.1,4,16.1,3,16.0,5,14.3,4,18.3,3,16.8,4,17.8,4,14.5,5
2016-04-20 23:00:00,9.8,4,9.8,3,9.6,1,10.0,4,8.6,3,10.8,6,10.2,6,11.9,5,11.2,4,11.5,3,12.6,4,9.6,3,8.1,2,9.0,3,12.8,5,12.9,5,12.5,4,11.1,4,10.9,3,8.9,3,14.3,5,13.2,4,13.8,4,10.1,3.0,14.4,5,13.6,5,13.1,4,12.3,4,15.4,4,15.6,5,13.8,4,17.9,4,16.2,4,17.5,4,14.2,5
2016-04-21 00:00:00,9.6,4,9.3,4,9.0,2,9.4,4,8.0,3,10.6,6,9.9,6,11.5,5,10.5,4,10.7,3,11.9,4,9.1,4,7.7,3,8.4,4,12.3,6,12.0,5,11.6,5,10.6,5,10.4,4,8.4,4,13.6,5,12.4,4,13.1,4,9.6,3.0,13.8,5,13.1,5,12.6,5,11.6,5,14.9,4,15.4,5,13.5,5,17.5,4,15.7,4,17.2,5,14.0,5
2016-04-21 01:00:00,9.4,4,8.8,4,8.5,3,8.9,4,7.5,4,10.3,6,9.7,6,11.0,5,9.8,5,10.0,4,11.2,5,8.8,4,7.5,3,7.9,4,11.8,6,11.3,6,10.9,5,10.2,5,9.9,4,8.1,4,13.0,5,11.8,4,12.6,5,9.4,4.0,13.2,5,12.9,5,12.4,5,11.0,5,14.3,4,15.4,5,13.6,5,17.2,4,15.4,4,17.0,5,14.0,5
2016-04-21 02:00:00,9.2,5,8.3,5,7.9,4,8.6,5,7.1,5,10.0,6,9.6,6,10.6,5,9.2,5,9.4,4,10.7,5,8.7,5,7.3,4,7.5,5,11.3,6,10.7,6,10.3,6,9.8,5,9.3,5,7.8,5,12.5,5,11.2,5,12.3,5,9.6,4.0,12.7,6,13.0,5,12.3,5,10.6,5,13.8,4,15.6,5,13.8,5,17.0,5,15.2,5,16.8,5,14.1,5
2016-04-21 03:00:00,8.7,2,8.5,2,7.7,3,9.0,4,7.2,3,10.2,6,9.6,5,9.9,6,9.3,4,9.2,4,10.5,4,8.5,4,6.5,4,6.7,3,11.0,6,10.6,6,10.4,5,9.8,4,8.6,5,6.8,2,12.5,5,12.2,5,13.3,4,8.4,3.0,12.1,5,12.3,4,11.2,4,9.9,3,14.3,5,15.2,6,13.4,4,16.9,5,13.6,4,16.3,4,13.3,6
2016-04-21 04:00:00,8.4,2,8.0,3,7.3,3,8.6,4,6.9,3,9.8,6,9.3,6,9.2,6,8.7,4,8.7,4,9.9,4,8.1,3,6.2,3,6.6,2,10.6,6,9.8,6,9.9,5,9.4,4,8.1,5,6.5,2,12.2,6,11.6,5,13.0,4,8.1,3.0,11.7,5,12.2,4,11.3,4,9.4,3,13.8,6,15.2,7,13.5,5,17.0,5,13.7,5,16.2,4,13.3,6
2016-04-21 05:00:00,8.3,3,7.7,5,7.2,3,8.3,5,6.9,3,9.7,6,9.2,6,8.9,6,8.6,4,8.6,4,9.5,4,8.1,3,6.1,3,6.7,2,10.5,6,9.3,6,9.7,5,9.3,5,8.0,6,6.4,2,12.1,6,11.4,5,12.7,4,8.1,3.0,11.5,5,12.6,4,11.9,4,9.2,3,13.6,6,15.3,7,13.9,5,17.4,5,14.3,5,16.4,4,13.5,6
2016-04-21 06:00:00,8.6,3,8.0,5,7.7,3,8.6,5,7.6,3,10.0,7,9.6,6,9.3,6,9.1,4,9.2,4,9.9,4,8.8,3,6.8,2,7.3,2,11.0,6,9.6,5,10.2,5,10.0,5,8.6,6,7.0,2,12.3,6,11.8,5,13.0,4,9.0,3.0,12.0,5,13.5,5,12.8,4,9.7,3,13.7,6,15.6,7,14.7,6,18.0,6,15.5,6,16.9,4,14.0,7
2016-04-21 07:00:00,9.3,3,9.1,5,9.0,2,9.7,5,9.1,3,11.0,7,10.8,6,10.7,5,10.4,4,10.7,4,11.3,3,10.6,3,8.5,2,8.7,2,12.2,6,11.0,5,11.6,5,11.7,5,10.1,6,8.6,2,12.8,5,13.1,5,14.1,3,11.2,3.0,13.2,5,15.0,5,14.2,5,11.1,3,14.4,5,16.3,7,15.8,6,18.9,6,17.3,6,17.9,5,14.7,7
2016-04-21 08:00:00,10.4,2,10.7,3,10.7,2,11.4,4,11.2,3,12.3,7,12.3,6,12.7,4,12.2,4,12.8,4,13.2,3,12.9,3,10.7,3,10.5,2,13.8,6,13.1,4,13.6,4,14.0,5,12.2,6,10.9,2,13.5,3,14.8,5,15.8,3,14.1,3.0,14.7,4,16.8,6,15.8,5,13.1,3,15.5,5,17.1,7,17.1,7,19.8,7,19.2,6,19.0,6,15.7,7
2016-04-21 09:00:00,11.5,2,12.2,2,12.6,1,13.0,4,13.4,2,13.6,7,13.8,6,14.6,4,14.0,4,14.8,3,15.3,3,15.2,3,13.0,3,12.5,2,15.3,6,15.0,4,15.4,4,16.2,5,14.3,5,13.1,2,14.3,2,16.3,5,17.4,3,17.1,3.0,16.1,3,18.3,7,17.4,5,15.1,3,16.6,4,17.8,7,18.1,7,20.5,7,20.8,6,19.9,6,16.6,7
2016-04-21 10:00:00,12.5,1,13.3,1,14.3,1,14.3,4,15.3,2,14.6,6,14.8,6,16.0,3,15.4,3,16.4,3,17.0,3,16.9,3,14.8,2,14.4,1,16.5,5,16.3,4,16.7,4,17.9,5,16.1,4,14.9,2,15.1,2,17.2,5,18.6,2,19.5,3.0,17.0,2,19.2,7,18.8,6,16.7,3,17.6,4,18.1,7,18.7,7,20.7,7,21.7,6,20.2,5,17.4,7
2016-04-21 11:00:00,13.3,1,14.1,2,15.6,1,15.1,4,16.9,2,15.3,5,15.3,5,16.8,4,16.4,3,17.5,3,18.3,3,18.1,2,16.2,2,16.0,1,17.2,4,17.1,4,17.6,3,19.0,4,17.4,3,16.3,2,15.9,2,17.7,4,19.4,2,21.1,4.0,17.5,2,19.7,7,20.1,6,17.8,4,18.4,4,18.1,7,18.9,7,20.7,7,22.1,6,20.2,5,18.1,6
2016-04-21 12:00:00,13.8,2,14.8,2,16.6,1,15.7,4,18.0,1,15.7,5,15.6,5,17.1,4,17.1,3,18.2,3,19.1,3,19.0,3,17.3,2,17.4,1,17.6,4,17.6,4,18.3,3,19.8,4,18.3,3,17.3,2,16.4,3,18.1,4,19.8,3,22.0,4.0,17.8,2,19.8,7,21.1,6,18.5,4,19.1,4,18.0,7,19.0,7,20.5,6,22.3,5,20.1,4,18.5,6
2016-04-21 13:00:00,14.0,3,15.6,3,17.2,1,16.0,4,18.6,1,15.8,5,15.7,5,17.0,5,17.6,3,18.6,4,19.5,4,19.6,3,18.1,3,18.5,1,17.7,4,18.0,4,18.9,3,20.3,4,18.8,3,18.1,2,16.7,4,18.5,4,20.0,4,22.2,5.0,18.2,3,19.7,7,21.9,6,18.9,5,19.7,4,18.0,7,19.1,7,20.4,6,22.4,6,20.1,5,18.7,6
2016-04-21 14:00:00,14.0,4,16.3,4,17.5,1,16.1,4,18.9,1,15.7,6,15.6,5,16.7,6,17.8,4,18.8,5,19.5,5,19.9,4,18.6,4,19.1,1,17.4,4,18.3,4,19.2,4,20.5,5,18.8,4,18.5,2,16.6,4,18.9,4,20.0,5,21.7,6.0,18.5,3,19.5,7,22.3,6,18.9,5,20.1,5,18.0,7,19.0,7,20.3,6,22.4,6,20.1,5,18.6,7
2016-04-21 15:00:00,14.2,3,16.5,2,16.8,2,15.5,6,18.8,4,16.1,7,15.6,7,16.5,6,17.1,4,17.9,4,18.5,4,19.0,5,18.4,3,18.8,3,16.6,6,16.5,7,17.3,6,18.0,5,18.4,4,18.2,3,13.4,7,16.4,7,19.0,6,19.1,7.0,17.6,6,18.1,7,20.6,7,17.0,6,17.1,7,16.6,7,17.1,7,19.1,7,21.3,7,19.6,7,16.7,7
2016-04-21 16:00:00,14.2,3,16.4,3,16.9,2,14.9,7,18.5,4,15.3,7,14.8,7,16.0,6,16.8,5,17.5,5,18.0,5,18.4,6,18.0,4,18.4,3,16.2,6,16.2,7,16.3,7,17.1,6,17.8,5,17.7,3,12.8,7,15.3,7,18.0,6,17.5,7.0,17.0,5,17.3,7,19.0,7,16.3,6,16.4,7,16.5,7,16.7,7,18.4,7,20.4,7,19.0,6,16.5,7
2016-04-21 17:00:00,14.1,3,15.9,4,16.7,3,14.2,7,17.8,4,14.3,6,13.7,7,15.4,7,16.3,5,17.0,5,17.4,5,17.5,6,17.1,4,17.4,3,15.4,6,15.7,7,15.0,7,15.8,6,17.0,6,16.7,4,12.2,7,14.0,7,16.8,6,15.9,6.0,16.3,5,16.3,7,17.1,7,15.2,6,15.4,7,16.3,7,16.0,7,17.6,7,19.1,6,18.3,6,16.0,7
2016-04-21 18:00:00,13.7,3,15.2,5,16.2,4,13.3,7,16.6,4,13.1,6,12.5,7,14.5,7,15.6,6,16.3,6,16.8,6,16.3,6,15.8,4,16.2,4,14.4,6,15.0,7,13.8,7,14.6,7,16.0,6,15.6,4,11.6,7,12.8,7,15.6,6,14.4,6.0,15.4,5,15.4,7,15.2,7,13.9,6,14.4,7,15.9,7,15.2,7,16.9,7,17.7,6,17.7,6,15.4,7
2016-04-21 19:00:00,13.2,3,14.3,5,15.2,4,12.4,6,15.1,4,12.0,6,11.4,6,13.4,6,14.9,6,15.5,6,16.2,6,15.0,6,14.3,5,14.8,4,13.2,6,14.1,7,12.9,6,13.5,7,14.8,7,14.4,5,11.0,7,12.1,7,14.6,7,13.3,7.0,14.6,5,14.6,7,13.9,7,12.5,5,13.7,7,15.5,7,14.4,7,16.4,7,16.5,6,17.3,6,14.7,6
2016-04-21 20:00:00,12.6,4,13.2,4,13.9,4,11.5,6,13.5,4,10.9,6,10.6,6,12.4,5,14.1,6,14.6,6,15.6,6,13.7,6,12.8,5,13.4,4,12.0,6,13.2,6,12.4,6,12.7,7,13.7,7,13.2,5,10.4,7,11.7,7,13.9,7,12.5,7.0,13.8,5,14.0,7,13.2,7,11.3,4,13.2,6,15.1,7,13.7,7,16.2,7,15.5,6,17.0,6,14.0,6
2016-04-21 21:00:00,12.1,4,12.4,4,12.8,4,10.7,6,12.3,4,10.2,6,9.9,5,11.5,5,13.4,6,13.8,6,15.0,6,12.6,6,11.7,5,12.4,4,11.1,6,12.6,6,11.8,6,11.9,7,12.7,7,12.3,5,10.0,7,11.3,7,13.3,7,11.9,7.0,13.0,5,13.3,7,12.2,7,10.2,4,12.8,6,14.7,7,13.2,7,15.8,7,14.5,6,16.5,6,13.4,6
2016-04-21 22:00:00,11.6,3,11.7,3,11.9,4,10.1,6,11.3,4,9.5,6,9.4,5,10.8,5,12.7,6,13.1,6,14.3,6,11.8,6,10.9,6,11.5,4,10.5,6,11.9,6,11.3,5,11.2,7,12.0,7,11.6,5,9.7,7,11.0,7,12.9,7,11.4,6.0,12.3,5,12.6,6,11.3,6,9.5,4,12.4,5,14.4,7,12.9,6,15.3,7,13.8,6,15.9,6,13.0,6
2016-04-21 23:00:00,11.2,3,11.0,3,11.2,4,9.7,6,10.4,5,9.1,6,9.1,5,10.3,5,12.0,6,12.5,6,13.6,6,11.3,6,10.3,6,10.8,4,10.1,6,11.4,6,11.0,5,10.6,6,11.5,7,11.1,5,9.4,7,10.8,7,12.7,7,10.9,6.0,11.7,5,11.9,6,10.6,6,9.0,4,12.0,5,14.1,6,12.8,6,14.8,6,13.1,6,15.4,6,12.7,5
2016-04-22 00:00:00,10.8,3,10.4,3,10.6,4,9.5,6,9.7,5,8.8,6,8.9,5,9.9,5,11.4,6,12.0,6,13.0,5,10.9,6,9.8,6,10.3,4,9.8,6,10.9,6,10.7,5,10.2,6,11.2,7,10.6,5,9.2,7,10.6,6,12.5,7,10.4,6.0,11.1,5,11.3,6,9.9,6,8.7,4,11.8,5,13.7,6,12.5,6,14.3,6,12.6,6,14.9,5,12.5,5
2016-04-22 01:00:00,10.5,4,9.9,4,10.0,5,9.4,6,9.1,5,8.7,6,8.8,6,9.7,5,10.9,5,11.5,5,12.6,5,10.6,6,9.5,6,9.9,5,9.7,6,10.5,6,10.4,5,9.9,6,10.9,7,10.3,5,9.0,6,10.4,6,12.5,6,9.9,6.0,10.7,5,10.8,6,9.2,6,8.6,4,11.5,5,13.3,6,12.2,6,13.8,5,12.0,5,14.5,5,12.3,5
2016-04-22 02:00:00,10.2,5,9.5,5,9.4,5,9.3,6,8.8,5,8.6,6,8.9,6,9.4,6,10.6,5,11.0,5,12.3,5,10.4,6,9.2,5,9.7,5,9.6,6,10.2,6,10.2,5,9.7,5,10.6,7,10.1,5,8.9,6,10.3,6,12.5,6,9.4,5.0,10.3,5,10.3,6,8.8,6,8.5,4,11.2,5,12.9,5,11.7,5,13.4,5,11.6,5,14.2,5,12.1,5
2016-04-22 03:00:00,9.7,6,10.0,6,9.1,6,10.0,6,9.5,7,9.7,6,9.2,6,9.1,5,10.8,6,11.0,6,12.1,6,10.7,7,10.0,7,10.7,6,8.8,5,9.9,5,10.1,6,9.5,6,10.4,6,11.0,6,8.2,5,10.0,5,12.2,6,8.1,5.0,9.3,3,10.9,6,8.6,3,7.8,4,11.0,6,13.4,5,12.1,5,13.2,4,10.1,4,13.8,4,12.3,5
2016-04-22 04:00:00,9.5,6,9.6,6,8.8,6,9.9,6,9.6,7,9.5,6,8.9,6,8.7,6,10.5,6,10.8,6,11.8,6,10.8,6,9.9,7,10.7,6,8.5,5,9.3,5,9.7,6,9.4,6,10.1,7,10.9,6,7.7,5,9.6,4,11.9,6,7.8,5.0,8.9,4,10.6,5,8.5,4,7.4,4,10.6,6,13.0,5,11.9,4,13.0,4,9.9,4,13.7,4,12.3,5
2016-04-22 05:00:00,9.3,6,9.3,6,8.8,6,9.9,6,9.9,6,9.4,7,8.7,7,8.5,6,10.3,5,10.8,6,11.6,6,11.0,6,10.1,7,10.8,6,8.5,5,9.0,5,9.5,6,9.5,6,10.1,7,10.9,6,7.5,5,9.4,4,11.7,6,7.8,6.0,8.9,4,10.7,5,8.9,4,7.3,5,10.3,5,12.8,4,11.9,4,13.1,4,10.2,4,13.8,4,12.6,5
2016-04-22 06:00:00,9.2,6,9.2,7,8.9,6,10.1,7,10.3,6,9.7,7,9.0,7,9.0,6,10.4,5,11.1,5,11.6,6,11.4,5,10.5,7,11.1,6,9.1,6,9.2,5,9.8,6,10.1,6,10.5,6,11.2,6,7.9,4,9.8,3,11.9,5,8.2,6.0,9.5,5,11.4,5,10.1,5,8.1,6,10.6,4,13.1,4,12.6,4,13.8,4,11.4,5,14.4,5,13.2,6
2016-04-22 07:00:00,9.1,7,9.4,7,9.2,6,10.7,7,10.6,6,10.6,7,9.9,7,10.2,7,10.7,5,11.6,6,11.8,6,12.0,5,11.3,6,11.8,7,10.4,6,10.2,5,10.7,5,11.2,6,11.5,6,11.7,6,9.1,4,10.7,3,12.6,5,9.3,7.0,11.0,5,13.0,4,12.1,5,10.1,6,11.7,4,14.2,5,14.1,4,15.0,4,13.6,5,15.6,5,14.1,6
2016-04-22 08:00:00,9.0,7,9.9,7,9.5,6,11.4,7,10.9,7,11.7,6,11.2,6,11.9,7,11.2,6,12.3,6,12.3,6,12.7,5,12.2,6,12.6,7,12.1,5,11.7,5,12.0,5,12.6,5,12.7,5,12.4,6,10.7,4,12.0,3,13.6,4,10.7,6.0,13.1,5,15.1,3,14.4,4,12.6,6,13.3,5,15.7,6,15.9,5,16.6,4,16.3,5,16.9,6,15.3,6
2016-04-22 09:00:00,9.0,7,10.2,7,9.9,7,12.0,7,11.3,7,12.9,6,12.5,6,13.4,7,11.7,6,12.9,6,12.8,6,13.3,6,13.0,6,13.5,7,13.8,5,13.1,4,13.2,4,13.8,4,13.7,5,13.1,6,12.4,4,13.3,3,14.5,4,12.4,6.0,15.1,5,17.0,3,16.6,4,15.1,6,15.0,5,17.1,6,17.6,5,18.0,4,18.8,5,18.0,6,16.3,7
2016-04-22 10:00:00,9.1,7,10.3,7,10.3,7,12.3,7,11.9,7,13.8,6,13.4,6,14.4,6,12.1,6,13.3,6,13.4,6,13.8,6,13.6,6,14.2,7,15.1,5,14.1,4,14.0,4,14.6,4,14.3,4,13.8,6,13.7,4,14.3,4,15.1,4,14.0,6.0,16.7,5,18.4,3,18.1,4,16.8,6,16.4,5,18.0,7,18.7,6,19.0,4,20.7,5,18.5,5,17.1,7
2016-04-22 11:00:00,9.2,7,10.3,7,10.6,7,12.3,7,12.5,7,14.3,6,13.9,6,15.1,6,12.4,6,13.6,6,13.8,6,14.1,6,14.1,6,14.8,7,16.0,4,14.7,5,14.6,4,15.2,5,14.6,4,14.4,6,14.6,3,15.1,4,15.6,4,15.3,6.0,17.8,5,19.3,4,19.2,4,17.9,6,17.6,5,18.4,6,19.4,6,19.6,4,21.9,4,18.5,5,17.7,7
2016-04-22 12:00:00,9.3,7,10.3,7,10.9,7,12.2,7,13.0,7,14.6,7,14.3,6,15.5,6,12.6,6,13.7,6,14.2,6,14.4,6,14.4,6,15.3,7,16.7,4,15.2,5,15.1,4,15.6,5,14.8,4,15.0,6,15.2,3,15.8,4,16.0,5,16.2,6.0,18.6,5,19.8,5,19.9,4,18.4,6,18.6,4,18.6,6,19.8,6,20.0,5,22.6,4,18.4,4,18.1,7
2016-04-22 13:00:00,9.4,7,10.5,7,11.0,7,12.2,7,13.1,7,14.7,7,14.6,6,15.9,6,12.7,6,13.8,6,14.4,6,14.7,5,14.6,6,15.7,7,17.1,5,15.7,6,15.6,5,16.0,4,15.1,4,15.4,6,15.5,3,16.5,4,16.5,5,16.7,7.0,19.1,5,20.1,5,20.5,5,18.6,6,19.4,4,18.7,6,20.1,6,20.2,5,22.9,5,18.3,5,18.3,7
2016-04-22 14:00:00,9.4,7,10.7,7,11.1,7,12.1,7,13.0,6,14.7,7,14.6,7,16.1,6,12.8,6,13.8,6,14.3,6,15.0,5,14.7,6,15.9,6,17.3,5,16.0,6,16.0,5,16.3,4,15.4,5,15.7,5,15.6,3,17.0,4,16.9,5,16.6,7.0,19.4,5,20.2,5,20.8,6,18.5,7,19.9,4,18.7,6,20.2,6,20.2,6,22.9,6,18.3,5,18.4,7
2016-04-22 15:00:00,10.1,6,11.4,7,11.8,4,12.9,7,14.3,7,14.4,7,13.9,7,15.2,6,12.6,7,13.4,7,14.0,7,14.3,7,15.0,6,16.4,7,16.1,6,15.5,7,14.3,7,14.2,7,14.0,7,14.7,7,13.9,5,15.3,5,15.3,7,13.6,7.0,18.2,3,19.2,5,18.7,5,17.9,5,19.5,4,18.7,4,19.7,5,19.7,4,21.0,6,17.4,6,18.9,7
2016-04-22 16:00:00,9.8,6,11.0,7,11.5,4,12.4,7,13.7,6,13.9,6,13.2,6,15.1,6,12.3,7,13.1,7,13.5,7,13.9,7,14.5,6,15.8,7,15.9,5,15.3,7,14.0,7,14.0,7,13.6,7,14.2,7,13.6,5,14.9,5,15.3,6,13.1,7.0,17.7,4,18.6,5,18.0,5,17.3,4,19.1,4,18.4,4,19.0,5,19.1,4,20.2,6,17.1,6,18.7,7
2016-04-22 17:00:00,9.3,6,10.3,7,11.0,4,11.6,7,12.8,6,13.1,6,12.1,6,14.7,6,11.7,7,12.6,7,12.8,7,13.2,7,13.7,7,14.8,7,15.2,5,14.8,7,13.4,7,13.5,7,12.8,7,13.5,7,13.1,6,14.1,4,15.1,6,12.3,6.0,16.9,4,17.7,5,17.0,5,16.4,4,18.3,4,17.9,5,18.1,5,18.2,4,19.1,6,16.8,6,18.2,7
2016-04-22 18:00:00,8.8,6,9.6,6,10.3,4,10.7,7,11.9,5,12.2,5,11.0,6,13.9,5,11.1,7,11.9,7,12.1,7,12.4,7,12.9,7,13.6,6,14.2,4,14.0,7,12.6,7,12.8,7,12.0,7,12.7,7,12.4,6,13.1,4,14.6,6,11.4,6.0,16.0,4,16.6,6,15.8,5,15.2,4,17.3,4,17.2,4,16.9,5,17.2,4,17.9,6,16.5,6,17.5,7
2016-04-22 19:00:00,8.4,6,8.9,6,9.6,4,9.7,6,11.0,6,11.2,5,10.1,6,12.6,5,10.4,7,11.1,7,11.5,7,11.5,7,12.0,7,12.6,7,12.8,4,13.0,6,11.8,7,12.1,7,11.2,7,11.9,7,11.6,6,12.1,4,13.8,6,10.5,6.0,15.0,4,15.5,5,14.5,5,13.8,4,16.3,4,16.5,4,15.7,4,16.4,4,16.8,6,16.2,6,16.6,7
2016-04-22 20:00:00,8.0,5,8.3,6,8.8,4,8.8,6,10.3,6,10.2,4,9.3,5,11.1,5,9.8,7,10.4,7,10.9,7,10.7,7,11.1,7,11.7,7,11.4,5,12.0,6,11.2,7,11.3,7,10.6,7,11.2,7,10.8,6,11.3,3,13.0,5,9.6,6.0,14.1,5,14.5,5,13.4,4,12.5,4,15.2,4,15.8,3,14.6,4,15.7,4,15.8,6,16.0,5,15.6,7
2016-04-22 21:00:00,7.8,5,7.8,5,8.2,4,8.1,6,9.8,6,9.5,5,8.7,5,9.9,5,9.3,6,9.8,7,10.5,6,10.0,7,10.4,6,11.1,7,10.5,5,11.1,6,10.6,6,10.8,6,10.1,7,10.7,7,10.2,6,10.7,4,12.7,5,9.1,6.0,13.2,5,13.7,5,12.3,4,11.3,4,14.3,4,15.2,3,13.7,4,15.2,4,14.7,6,15.6,5,14.9,6
2016-04-22 22:00:00,7.7,5,7.3,5,7.8,4,7.6,6,9.4,6,8.9,5,8.2,5,9.0,5,8.8,6,9.3,7,10.1,6,9.4,7,9.8,6,10.7,6,9.7,5,10.4,6,10.1,6,10.2,6,9.8,7,10.4,7,9.6,6,10.2,4,12.4,5,8.7,6.0,12.4,5,12.9,5,11.4,5,10.4,5,13.5,4,14.7,3,13.1,4,14.7,5,13.8,5,15.2,5,14.3,6
2016-04-22 23:00:00,7.6,5,7.0,4,7.4,4,7.3,6,9.1,6,8.3,5,7.9,5,8.5,5,8.3,6,8.8,6,9.8,6,8.9,7,9.3,6,10.4,6,9.1,5,10.0,6,9.7,6,9.7,6,9.4,7,10.2,7,9.2,5,9.8,4,12.2,6,8.4,5.0,11.7,5,12.3,5,10.6,5,9.9,5,12.8,4,14.3,3,12.6,4,14.4,5,13.0,5,14.8,5,13.8,6
2016-04-23 00:00:00,7.5,5,6.6,4,7.0,5,7.0,6,8.5,6,7.9,5,7.6,5,8.3,5,7.9,6,8.4,6,9.5,6,8.5,7,8.8,6,10.0,6,8.7,6,9.6,6,9.3,6,9.2,6,9.2,7,9.9,6,8.9,5,9.5,4,12.0,6,8.2,5.0,11.2,5,11.8,5,9.9,5,9.6,5,12.3,4,13.9,3,12.3,4,14.1,5,12.3,5,14.4,5,13.4,6
2016-04-23 01:00:00,7.5,5,6.3,5,6.6,5,6.6,6,7.6,6,7.6,5,7.4,5,8.1,5,7.5,6,8.0,5,9.3,6,8.1,6,8.2,5,9.4,6,8.4,6,9.3,6,9.0,6,8.8,5,8.9,7,9.5,6,8.7,5,9.3,5,11.8,6,8.1,5.0,11.0,5,11.3,5,9.4,5,9.5,5,11.9,4,13.6,3,12.2,4,13.9,5,11.7,5,14.1,5,13.1,5
2016-04-23 02:00:00,7.4,6,6.1,6,6.2,6,6.3,6,6.6,5,7.3,5,7.3,5,7.9,5,7.1,6,7.6,5,9.0,6,7.7,6,7.5,5,8.7,6,8.2,6,8.9,6,8.7,6,8.5,5,8.7,7,9.1,6,8.6,6,9.1,5,11.7,6,8.0,5.0,10.8,5,11.1,5,9.0,5,9.5,5,11.7,4,13.4,4,12.1,5,13.8,5,11.3,5,14.0,5,12.8,5
2016-04-23 03:00:00,6.9,6,6.1,7,6.0,7,7.0,6,6.9,7,8.5,5,7.5,5,8.1,6,7.3,7,7.9,7,8.9,7,8.3,7,7.9,7,9.2,7,8.5,5,8.8,5,8.8,6,8.5,6,9.5,7,9.2,7,8.0,7,9.1,7,11.8,7,8.4,7.0,9.9,7,11.4,6,9.7,7,8.8,5,11.2,6,13.6,4,12.3,5,13.7,6,11.4,6,13.7,6,12.6,4
2016-04-23 04:00:00,6.7,6,5.8,7,5.7,7,6.6,6,6.7,6,8.1,5,7.2,5,7.6,6,6.9,7,7.6,7,8.6,7,8.2,7,7.9,7,9.0,7,8.4,5,8.5,5,8.4,6,8.4,6,9.3,7,9.0,7,7.7,7,8.8,7,11.7,7,8.0,7.0,9.6,7,11.2,6,9.8,6,8.5,6,10.8,6,13.2,4,12.2,4,13.5,6,11.3,6,13.6,5,12.3,4
2016-04-23 05:00:00,6.5,6,5.6,7,5.5,7,6.3,6,6.6,6,7.8,6,7.0,6,7.3,6,6.8,7,7.6,7,8.4,7,8.3,7,8.0,7,8.9,7,8.4,5,8.3,5,8.2,6,8.5,6,9.3,7,8.9,7,7.6,7,8.7,7,11.6,7,7.8,7.0,9.6,7,11.3,6,10.2,6,8.3,6,10.6,6,13.1,5,12.4,4,13.6,6,11.6,6,13.8,5,12.4,4
2016-04-23 06:00:00,6.5,5,5.8,7,5.7,6,6.3,6,6.8,6,7.8,6,7.0,7,7.4,6,6.8,7,7.8,7,8.4,7,8.6,7,8.2,7,8.9,7,8.8,6,8.3,5,8.3,7,8.8,6,9.6,7,9.0,7,7.7,7,9.1,7,11.7,7,7.8,7.0,9.9,7,12.0,6,11.1,6,8.6,6,10.6,6,13.6,5,13.1,5,14.1,6,12.7,6,14.4,5,12.9,4
2016-04-23 07:00:00,6.7,5,6.4,6,6.2,6,6.8,6,7.2,6,8.3,6,7.3,7,8.1,6,7.0,7,8.1,7,8.5,7,9.0,7,8.3,7,9.0,7,9.6,6,8.6,6,8.6,6,9.4,6,10.1,7,9.2,7,8.1,7,9.9,7,11.9,7,8.2,7.0,10.7,7,13.3,6,12.5,5,9.5,7,11.0,6,15.0,5,14.4,5,15.2,6,14.6,6,15.3,6,13.9,4
2016-04-23 08:00:00,7.0,5,7.3,6,6.9,6,7.5,6,7.7,6,9.1,7,7.8,7,9.0,6,7.3,7,8.5,7,8.6,7,9.4,7,8.4,7,9.1,7,10.5,7,9.2,6,9.1,6,10.2,6,10.7,7,9.4,7,8.7,7,11.0,7,12.3,6,8.9,7.0,11.8,7,14.9,6,14.2,5,10.7,7,11.7,6,16.8,4,16.0,5,16.6,5,16.8,5,16.2,6,15.3,4
2016-04-23 09:00:00,7.4,5,8.0,6,7.7,6,8.1,7,8.1,7,9.8,6,8.2,7,9.9,7,7.6,7,8.8,7,8.8,7,9.7,7,8.5,6,9.3,7,11.3,7,9.8,6,9.6,6,10.8,6,11.1,7,9.7,7,9.5,7,11.8,7,12.7,6,9.6,7.0,12.8,7,16.4,5,15.7,5,11.8,7,12.6,6,18.5,4,17.5,5,17.9,5,19.0,5,17.0,7,16.6,5
2016-04-23 10:00:00,7.7,5,8.3,6,8.3,5,8.4,7,8.4,7,10.3,6,8.4,7,10.4,7,7.8,7,9.0,7,9.1,7,9.8,7,8.6,6,9.5,6,11.6,6,10.3,7,9.9,6,11.1,6,11.2,7,10.0,7,10.3,7,12.2,7,13.1,6,10.3,7.0,13.4,7,17.6,5,16.9,5,12.6,7,13.5,6,19.6,4,18.5,5,18.9,4,20.6,4,17.4,7,17.6,6
2016-04-23 11:00:00,7.9,5,8.4,6,8.8,4,8.6,7,8.6,7,10.5,5,8.4,7,10.5,7,8.0,7,9.2,7,9.4,7,9.7,7,8.6,6,9.7,6,11.7,6,10.8,7,10.2,7,11.3,6,11.2,6,10.2,7,11.0,7,12.4,7,13.5,6,10.9,7.0,13.7,7,18.3,5,17.7,5,13.0,7,14.4,6,20.1,4,19.2,4,19.5,4,21.7,3,17.4,6,18.4,6
2016-04-23 12:00:00,8.0,4,8.5,5,9.2,4,8.6,7,8.7,7,10.7,4,8.5,7,10.5,7,8.2,7,9.4,7,9.7,7,9.7,7,8.8,6,9.9,5,11.7,6,11.2,7,10.5,7,11.4,6,11.2,6,10.5,7,11.5,7,12.5,7,13.8,7,11.5,7.0,13.9,7,18.7,5,18.3,5,13.3,7,15.2,6,20.4,4,19.6,4,19.9,3,22.4,2,17.3,6,18.9,6
2016-04-23 13:00:00,8.1,4,8.8,5,9.4,4,8.7,6,8.9,7,10.8,4,8.7,6,10.5,7,8.4,7,9.6,7,10.1,7,9.8,7,9.0,7,10.1,6,11.9,6,11.6,7,11.0,7,11.6,6,11.3,6,10.7,7,11.6,7,12.8,7,14.0,7,11.9,7.0,14.0,7,18.8,5,18.8,5,13.5,7,15.8,7,20.6,4,19.9,4,20.1,3,22.7,2,17.2,6,19.2,7
2016-04-23 14:00:00,8.2,3,9.1,5,9.5,5,8.7,5,9.0,6,10.8,4,8.8,5,10.6,6,8.7,7,9.8,7,10.4,7,10.0,7,9.2,7,10.2,6,12.2,6,11.8,7,11.4,6,11.9,6,11.3,7,10.8,7,11.4,7,13.1,7,14.0,7,12.1,7.0,14.1,7,18.5,5,19.0,5,13.5,7,16.1,7,20.5,5,19.9,5,20.0,3,22.6,3,17.2,6,19.1,7
2016-04-23 15:00:00,8.3,2,9.6,4,9.8,4,8.9,3,9.7,4,10.2,3,8.9,4,11.3,5,8.7,4,9.5,5,10.1,5,9.2,7,8.3,6,10.0,7,13.0,6,11.3,6,10.5,7,10.7,7,9.9,7,9.8,7,10.3,7,11.5,7,12.1,7,12.0,7.0,14.0,6,18.0,6,18.3,5,13.1,7,15.9,7,19.7,3,18.9,4,20.0,4,22.0,2,17.2,5,18.0,7
2016-04-23 16:00:00,8.0,2,9.3,4,9.3,4,8.7,2,9.5,4,9.9,3,8.9,3,11.1,4,8.7,4,9.3,4,9.9,4,9.2,6,8.1,6,9.5,6,12.7,5,11.1,5,10.2,6,10.3,6,9.5,7,9.2,7,9.6,7,10.7,7,11.6,7,11.0,7.0,13.6,6,17.2,5,17.3,4,12.5,7,15.3,6,19.2,3,18.2,4,19.4,4,21.1,2,17.0,5,17.6,7
2016-04-23 17:00:00,7.6,2,8.6,4,8.6,3,8.3,2,8.9,3,9.5,2,8.6,2,10.7,3,8.5,3,9.1,3,9.5,3,8.9,5,7.6,5,8.5,6,12.1,3,10.5,4,9.5,6,9.4,6,8.7,7,8.3,7,8.8,7,9.7,7,11.1,7,9.6,7.0,12.9,6,16.2,4,15.9,3,11.7,7,14.3,6,18.4,4,17.1,4,18.5,3,19.9,2,16.8,4,17.0,7
2016-04-23 18:00:00,7.2,2,7.8,4,7.7,2,7.7,2,8.0,2,8.8,1,8.0,2,9.9,2,8.1,2,8.6,2,9.1,2,8.2,4,6.9,4,7.6,6,11.2,2,9.7,3,8.6,6,8.4,6,7.8,7,7.4,7,8.0,7,8.6,7,10.4,7,8.2,7.0,12.2,6,15.1,3,14.5,2,10.9,7,13.3,6,17.4,4,15.9,4,17.4,3,18.5,2,16.5,3,16.2,7
2016-04-23 19:00:00,6.9,2,6.8,3,6.8,1,6.8,2,6.7,2,7.9,1,7.1,1,8.7,2,7.4,2,8.0,2,8.7,2,7.0,3,5.9,4,6.8,6,10.1,2,8.7,3,7.7,6,7.3,6,6.9,6,6.6,7,7.2,7,7.7,7,9.7,7,7.2,7.0,11.5,5,13.9,3,13.3,2,10.1,7,12.5,6,16.2,5,14.6,5,16.3,3,17.1,2,16.2,3,15.3,6
2016-04-23 20:00:00,6.6,2,5.9,2,5.8,1,5.9,4,5.3,2,6.9,1,6.0,2,7.3,1,6.5,1,7.2,1,8.3,1,5.6,2,4.9,3,6.3,6,8.9,2,7.7,2,6.9,6,6.3,5,6.0,6,6.0,7,6.4,6,6.9,7,8.9,7,6.5,7.0,10.9,5,12.8,3,12.4,2,9.5,7,11.9,6,15.0,5,13.4,5,15.2,3,15.7,2,15.8,4,14.5,6
2016-04-23 21:00:00,6.3,2,5.1,2,5.0,1,5.0,4,4.4,2,6.2,2,5.2,2,6.2,2,5.7,2,6.4,2,7.7,2,4.6,2,4.4,3,5.6,6,7.9,2,6.7,2,6.1,5,5.4,4,5.3,5,5.4,7,5.9,6,6.3,7,8.2,6,6.0,7.0,10.3,5,11.8,3,11.6,3,8.9,7,11.3,6,14.0,5,12.4,5,14.2,3,14.4,2,15.3,4,13.7,6
2016-04-23 22:00:00,6.0,3,4.5,2,4.4,2,4.4,4,3.6,2,5.7,2,4.7,2,5.3,2,4.9,2,5.7,2,6.9,2,3.8,2,3.9,3,5.1,6,7.0,2,6.0,2,5.4,5,4.6,4,4.7,4,4.9,7,5.5,6,5.7,7,7.6,6,5.7,6.0,9.8,5,11.0,4,10.8,3,8.4,6,10.8,6,13.2,5,11.7,5,13.4,3,13.2,2,14.9,4,13.1,5
2016-04-23 23:00:00,5.7,3,4.2,2,3.9,2,4.0,4,3.0,3,5.4,2,4.3,3,4.7,2,4.3,2,5.0,2,6.2,2,3.3,1,3.5,3,4.6,6,6.3,2,5.4,2,4.8,5,4.0,3,4.3,3,4.5,7,5.2,6,5.2,7,7.2,6,5.6,6.0,9.3,5,10.5,4,10.1,4,8.0,6,10.4,6,12.6,5,11.3,5,12.8,3,12.1,3,14.4,4,12.5,5
2016-04-24 00:00:00,5.4,3,4.0,3,3.6,3,3.8,4,2.5,3,5.2,3,4.2,3,4.3,2,3.8,3,4.4,3,5.5,2,3.0,1,3.1,3,4.3,6,5.6,2,4.9,2,4.3,4,3.4,3,3.9,3,4.2,7,5.1,5,4.7,6,6.8,6,5.4,6.0,8.9,5,10.0,4,9.4,4,7.7,6,10.1,6,12.1,5,11.0,5,12.3,3,11.1,3,14.0,4,12.0,5
2016-04-24 01:00:00,5.2,4,3.9,3,3.4,4,3.9,5,2.2,4,5.2,3,4.2,4,4.0,3,3.3,3,3.8,3,5.1,3,2.8,1,2.8,4,4.0,6,5.1,3,4.6,2,3.8,4,2.9,3,3.6,3,4.0,6,4.9,5,4.3,6,6.6,6,5.2,6.0,8.5,5,9.6,4,8.7,4,7.4,6,9.8,5,11.6,4,10.7,4,11.8,3,10.1,3,13.6,4,11.4,5
2016-04-24 02:00:00,5.0,4,3.9,4,3.4,5,4.0,5,2.0,4,5.2,4,4.2,5,3.7,3,3.0,4,3.4,3,4.8,3,2.6,1,2.6,4,3.9,6,4.6,3,4.2,2,3.4,4,2.6,3,3.4,4,3.9,6,4.7,5,3.9,6,6.4,6,4.9,6.0,8.2,5,9.2,4,8.1,3,7.2,6,9.5,5,11.2,4,10.3,4,11.5,3,9.4,3,13.4,4,10.8,5
2016-04-24 03:00:00,5.3,5,4.1,6,3.5,4,3.7,5,3.1,2,4.5,2,3.7,2,3.2,2,3.4,3,3.5,3,5.2,3,3.0,2,2.4,3,3.9,4,4.6,1,4.0,2,3.3,2,2.5,2,3.9,2,4.1,5,3.8,2,3.8,5,6.4,7,5.7,6.0,7.7,2,8.8,4,8.2,4,7.4,7,9.2,7,11.1,2,10.0,3,10.4,3,10.0,3,13.0,6,11.3,5
2016-04-24 04:00:00,5.0,6,4.0,6,3.4,4,3.8,5,3.0,3,4.5,2,3.8,2,3.1,2,3.3,4,3.5,4,5.0,4,2.9,3,2.2,3,3.8,4,4.2,1,3.4,2,2.7,2,1.8,2,3.4,2,3.7,5,3.1,2,3.1,5,5.8,6,5.0,6.0,7.1,2,8.1,3,7.7,3,7.0,7,8.8,7,10.6,2,9.6,2,9.7,3,9.4,3,12.9,6,11.1,4
2016-04-24 05:00:00,4.8,6,4.0,6,3.6,4,4.1,6,3.0,3,4.6,3,4.0,2,3.2,3,3.5,6,3.7,5,4.9,6,2.9,3,2.2,3,3.8,5,4.1,1,3.0,2,2.3,3,1.5,2,3.2,3,3.4,6,2.6,2,2.6,5,5.3,6,4.4,7.0,6.8,1,7.8,3,7.6,3,6.8,7,8.6,7,10.3,2,9.5,2,9.5,2,9.3,2,13.0,5,11.1,3
2016-04-24 06:00:00,4.9,6,4.4,6,4.0,4,4.7,6,3.3,4,5.1,3,4.6,2,3.9,3,3.8,6,4.2,6,5.1,6,3.2,4,2.6,3,4.1,5,4.7,1,3.3,2,2.4,3,1.8,2,3.3,3,3.4,6,2.6,2,2.7,5,5.2,5,4.3,7.0,7.1,1,8.1,2,8.1,2,7.0,6,8.7,6,10.5,2,9.9,2,9.9,2,10.1,2,13.6,5,11.4,3
2016-04-24 07:00:00,5.3,6,5.2,6,4.8,4,5.7,6,4.0,4,6.1,3,5.7,3,5.2,3,4.4,6,5.1,6,5.7,6,4.0,4,3.5,3,4.7,5,6.0,2,4.5,2,3.3,3,3.1,2,4.0,3,3.9,6,3.4,2,3.6,5,5.6,4,5.0,7.0,8.2,1,9.2,2,9.4,2,7.9,6,9.3,5,11.5,2,10.9,2,10.9,1,12.0,2,14.6,5,12.2,2
2016-04-24 08:00:00,5.8,6,6.1,6,5.8,4,6.8,6,5.0,4,7.4,2,6.9,4,6.9,4,5.2,6,6.2,6,6.6,6,5.0,4,4.7,3,5.4,6,7.8,2,6.1,2,4.7,3,4.9,2,5.1,3,4.7,5,4.8,1,5.0,4,6.4,4,6.1,7.0,9.7,1,10.8,2,11.2,2,9.1,6,10.2,3,12.9,2,12.2,1,12.2,1,14.4,2,15.7,5,13.2,2
2016-04-24 09:00:00,6.4,6,7.0,6,6.8,4,7.8,5,6.0,4,8.7,2,8.0,4,8.6,5,6.0,6,7.3,5,7.6,5,6.0,4,5.9,3,6.3,6,9.5,3,7.8,3,6.1,3,6.7,2,6.2,3,5.6,5,6.2,1,6.3,4,7.3,3,7.3,7.0,11.1,1,12.2,2,12.8,1,10.2,5,11.1,2,14.4,1,13.5,1,13.5,1,16.8,2,16.7,5,14.3,2
2016-04-24 10:00:00,6.8,6,7.5,6,7.5,4,8.5,5,6.9,4,9.7,2,8.7,5,10.0,5,6.8,6,8.1,6,8.4,5,6.9,5,6.8,3,7.1,6,10.9,3,9.1,4,7.1,3,8.0,2,7.1,3,6.4,5,7.3,1,7.3,4,8.1,3,8.3,7.0,12.1,1,13.1,2,13.8,1,11.0,6,11.9,1,15.6,1,14.4,1,14.5,1,18.6,2,17.3,5,15.1,2
2016-04-24 11:00:00,7.2,5,7.8,6,8.0,5,9.0,5,7.6,5,10.3,2,9.0,4,11.0,6,7.5,6,8.7,6,9.1,6,7.6,6,7.5,3,7.9,6,11.9,3,9.9,5,7.8,4,8.8,2,7.9,3,7.2,5,8.1,2,7.9,4,8.7,3,9.0,6.0,12.6,1,13.6,3,14.3,1,11.5,6,12.6,2,16.4,1,15.0,1,15.2,1,19.8,2,17.6,5,15.8,2
2016-04-24 12:00:00,7.4,5,8.1,5,8.3,5,9.2,5,8.2,6,10.7,2,9.2,4,11.6,6,8.0,7,9.1,6,9.6,6,8.1,7,7.9,4,8.6,6,12.5,3,10.5,6,8.4,4,9.3,3,8.4,4,7.7,5,8.6,2,8.4,5,9.2,3,9.6,6.0,13.0,1,13.8,3,14.7,1,11.8,6,13.2,2,17.0,1,15.4,1,15.6,1,20.4,3,17.8,5,16.2,2
2016-04-24 13:00:00,7.6,5,8.4,6,8.6,6,9.3,5,8.6,6,10.9,2,9.3,4,11.9,6,8.4,7,9.3,7,10.0,7,8.5,7,8.1,5,9.2,6,12.8,4,10.8,6,8.9,5,9.7,4,8.7,4,8.0,6,8.9,3,8.8,6,9.6,4,10.1,7.0,13.3,1,13.8,2,15.1,1,12.1,6,13.9,2,17.4,1,15.8,1,15.9,1,20.6,2,17.9,5,16.5,2
2016-04-24 14:00:00,7.7,5,8.7,6,8.7,6,9.3,5,8.7,6,10.9,3,9.4,5,11.8,6,8.6,7,9.3,7,10.1,7,8.7,6,8.0,6,9.4,7,12.8,5,11.0,6,9.4,6,10.0,5,8.8,5,8.1,7,9.0,3,9.1,6,9.9,4,10.4,7.0,13.4,2,13.7,2,15.2,1,12.4,6,14.4,2,17.5,1,16.0,1,15.9,1,20.4,2,17.9,4,16.5,2
2016-04-24 15:00:00,7.9,3,8.8,2,9.1,5,8.9,2,9.1,6,10.8,2,9.5,2,11.3,4,8.3,6,9.0,6,9.8,6,9.0,6,7.7,7,8.9,6,12.4,3,10.3,5,9.5,7,9.5,6,8.5,6,7.9,7,8.7,6,8.9,6,9.5,4,9.3,6.0,13.5,3,13.3,1,15.5,1,12.2,6,14.4,2,17.2,1,15.7,1,15.5,1,19.7,1,18.0,5,16.5,2
2016-04-24 16:00:00,7.8,3,8.6,3,8.7,5,8.6,3,8.7,6,10.6,2,9.3,2,10.9,4,8.1,5,8.7,6,9.4,6,8.8,5,7.4,6,8.5,5,12.1,3,10.2,6,9.1,6,9.1,6,8.2,5,7.5,7,8.3,6,8.4,6,9.3,5,8.4,6.0,13.2,3,12.8,1,14.4,1,11.8,5,14.1,2,16.6,1,14.9,1,14.8,1,18.6,1,17.5,5,16.1,2
2016-04-24 17:00:00,7.7,3,8.1,3,8.0,5,8.1,3,8.0,5,10.1,1,8.8,2,10.3,3,7.8,5,8.3,5,8.8,5,8.3,4,6.9,6,7.8,5,11.6,2,9.7,6,8.4,5,8.5,5,7.6,4,6.8,6,7.8,6,7.7,6,8.9,5,7.2,6.0,12.7,2,12.1,1,12.7,1,11.2,5,13.4,2,15.7,1,13.8,1,13.9,1,17.3,1,16.8,4,15.5,2
2016-04-24 18:00:00,7.5,4,7.5,3,7.1,5,7.5,4,7.0,5,9.4,1,8.1,2,9.4,2,7.3,4,7.8,4,8.3,4,7.4,4,6.2,5,7.0,4,10.8,2,9.0,6,7.6,4,7.6,4,6.7,4,6.0,6,7.2,6,6.9,5,8.3,6,5.9,6.0,12.0,1,11.3,1,11.1,1,10.4,4,12.6,2,14.7,1,12.6,1,13.0,1,15.8,1,16.0,4,14.8,2
2016-04-24 19:00:00,7.2,4,6.7,3,6.2,5,6.6,3,5.8,5,8.3,1,7.1,2,8.2,1,6.6,4,7.1,4,8.0,4,6.2,4,5.3,5,6.2,5,9.6,2,8.0,5,6.8,5,6.6,4,5.6,4,5.1,6,6.4,6,6.1,5,7.5,6,4.8,6.0,11.2,1,10.5,1,9.9,1,9.5,4,11.8,2,13.7,1,11.5,1,12.2,1,14.3,1,15.3,4,14.0,2
2016-04-24 20:00:00,6.9,4,5.9,4,5.4,5,5.7,3,4.6,5,7.1,1,6.1,2,6.8,2,5.8,5,6.4,4,7.7,4,5.0,4,4.3,5,5.4,6,8.3,2,6.8,4,6.1,5,5.7,4,4.6,4,4.3,6,5.6,5,5.5,5,6.7,5,4.0,6.0,10.3,2,9.6,1,9.0,1,8.6,5,10.9,2,12.7,1,10.6,1,11.5,1,12.8,1,14.7,4,13.2,2
2016-04-24 21:00:00,6.7,4,5.3,4,4.8,5,5.0,3,3.8,5,6.4,2,5.3,1,5.6,2,5.0,5,5.6,4,7.3,4,4.0,5,3.5,5,4.7,6,7.2,2,5.8,4,5.3,5,4.9,5,3.8,4,3.6,6,5.1,5,5.0,5,6.0,5,3.4,6.0,9.4,1,8.9,1,8.2,1,7.7,5,10.1,2,11.7,1,9.8,1,10.7,1,11.5,2,14.0,3,12.3,2
2016-04-24 22:00:00,6.6,4,4.8,4,4.3,5,4.4,3,3.2,5,5.9,2,4.8,1,4.6,2,4.3,4,5.0,5,6.7,4,3.2,5,2.9,5,4.1,6,6.3,3,5.0,4,4.7,5,4.3,5,3.2,4,3.1,6,4.7,5,4.6,5,5.4,5,2.8,6.0,8.6,1,8.3,2,7.6,1,6.9,5,9.3,2,10.8,1,9.1,1,10.0,1,10.3,2,13.3,3,11.5,2
2016-04-24 23:00:00,6.5,4,4.5,4,4.0,5,4.3,4,2.8,5,5.6,3,4.6,2,4.1,3,3.8,4,4.4,5,6.0,4,2.8,5,2.5,5,3.6,6,5.6,3,4.4,4,4.0,5,3.9,5,2.9,4,2.8,6,4.4,5,4.2,5,5.0,5,2.4,6.0,8.0,2,7.8,2,7.0,1,6.3,5,8.6,3,10.0,1,8.5,1,9.5,1,9.3,2,12.6,3,10.7,2
2016-04-25 00:00:00,6.4,4,4.5,4,3.9,5,4.4,4,2.5,5,5.6,3,4.6,2,3.9,3,3.5,4,4.0,5,5.4,4,2.7,5,2.3,5,3.3,6,5.1,4,4.0,4,3.5,5,3.5,5,2.7,4,2.7,6,4.2,5,3.8,5,4.6,5,2.0,5.0,7.6,2,7.3,2,6.4,2,5.8,5,8.1,3,9.3,1,8.0,1,9.0,1,8.3,3,11.9,3,9.9,3
2016-04-25 01:00:00,6.3,4,4.6,4,3.9,6,4.9,5,2.5,5,5.7,4,4.8,3,4.0,4,3.5,4,3.8,5,5.1,4,2.6,5,2.2,5,3.2,6,4.7,5,3.8,5,3.0,5,3.2,5,2.6,4,2.7,6,4.0,5,3.4,5,4.4,5,1.7,5.0,7.3,3,6.9,3,5.7,2,5.5,5,7.8,3,8.6,1,7.5,1,8.6,2,7.5,3,11.4,4,9.2,3
2016-04-25 02:00:00,6.2,4,4.8,4,4.0,6,5.3,5,2.5,5,6.1,4,5.0,4,4.2,4,3.5,4,3.7,5,5.0,4,2.6,5,2.2,5,3.3,6,4.5,5,3.6,5,2.7,5,2.9,5,2.6,5,2.9,6,3.8,5,3.0,5,4.2,5,1.5,5.0,7.0,4,6.5,3,5.1,2,5.2,5,7.6,4,8.1,1,7.2,1,8.4,2,7.0,3,10.9,4,8.6,3
2016-04-25 03:00:00,6.3,5,4.2,6,3.7,5,3.7,5,2.8,4,5.1,2,4.5,3,3.0,3,3.0,5,3.0,5,4.6,5,2.7,5,1.3,4,2.6,6,3.6,2,3.2,4,2.1,5,1.9,6,2.3,4,1.9,6,2.9,4,2.5,5,4.1,4,1.4,5.0,6.5,1,6.4,1,4.4,1,4.7,2,7.5,2,8.7,1,7.6,1,7.6,1,6.8,1,10.5,5,9.2,3
2016-04-25 04:00:00,6.5,5,4.3,6,3.8,5,3.8,5,2.8,4,5.1,3,4.7,3,2.9,4,3.1,5,3.1,5,4.6,5,2.6,5,1.2,4,2.7,6,3.3,2,2.8,4,1.7,5,1.3,5,2.2,4,1.9,6,2.3,4,2.0,6,3.9,4,1.0,5.0,6.0,2,6.1,1,4.2,1,4.4,2,7.1,2,8.2,1,7.4,1,7.3,1,6.3,1,10.2,4,8.8,2
2016-04-25 05:00:00,6.7,5,4.6,6,4.0,5,4.1,5,3.0,5,5.2,3,5.0,3,3.0,4,3.2,5,3.3,5,4.6,6,2.6,5,1.4,4,2.9,7,3.3,2,2.6,4,1.6,5,1.0,5,2.2,4,2.1,6,1.9,5,1.7,6,3.8,5,0.8,5.0,5.7,2,5.9,2,4.4,1,4.3,2,6.7,2,8.0,2,7.4,2,7.3,1,6.3,1,10.1,2,8.6,2
2016-04-25 06:00:00,7.0,5,5.2,6,4.5,5,4.7,5,3.5,6,5.7,4,5.5,3,3.7,4,3.7,5,3.9,5,4.9,6,3.0,6,1.9,5,3.4,7,4.0,2,3.0,4,2.0,5,1.5,5,2.6,5,2.5,6,2.0,5,2.1,6,4.0,5,1.1,5.0,5.9,2,6.3,2,5.1,1,4.8,2,6.8,2,8.4,2,8.0,2,7.8,1,7.1,1,10.6,2,9.0,2
2016-04-25 07:00:00,7.4,5,6.2,6,5.3,5,5.8,5,4.3,6,6.7,4,6.4,3,5.1,4,4.5,6,4.9,6,5.7,6,4.0,6,2.9,6,4.1,7,5.6,2,4.2,4,3.1,5,3.0,5,3.5,5,3.2,6,2.9,4,3.3,6,4.7,5,2.1,6.0,7.0,2,7.5,2,6.5,1,6.1,2,7.6,2,9.7,2,9.2,2,9.0,1,8.9,1,11.7,1,10.1,2
2016-04-25 08:00:00,7.7,6,7.4,6,6.3,5,7.1,5,5.3,6,8.0,3,7.6,4,7.0,4,5.6,6,6.2,6,6.8,6,5.3,6,4.2,6,5.0,7,7.6,2,5.9,4,4.6,5,5.1,5,4.8,6,4.1,6,4.3,3,4.9,6,5.6,3,3.6,6.0,8.6,2,9.2,2,8.4,1,7.9,2,8.7,1,11.6,2,10.8,2,10.5,1,11.3,1,13.1,1,11.6,2
2016-04-25 09:00:00,8.1,6,8.4,7,7.3,5,8.4,5,6.4,6,9.2,3,8.7,4,8.9,4,6.7,7,7.4,7,7.9,7,6.6,6,5.5,7,6.0,7,9.6,3,7.7,4,6.2,5,7.0,6,6.1,6,5.2,5,5.8,2,6.4,6,6.6,2,5.3,6.0,10.2,1,10.9,2,10.2,1,9.6,3,10.0,2,13.4,1,12.4,1,12.0,1,13.7,1,14.3,2,13.2,2
2016-04-25 10:00:00,8.4,6,8.9,7,8.3,6,9.3,6,7.4,6,10.1,4,9.7,5,10.4,4,7.7,7,8.4,7,8.9,7,7.7,7,6.7,7,7.1,6,11.1,3,9.2,5,7.6,6,8.3,6,7.2,6,6.3,5,7.0,2,7.4,5,7.5,2,6.8,6.0,11.4,1,12.1,2,11.7,1,10.9,4,11.1,3,14.8,1,13.6,1,13.2,1,15.5,1,15.1,2,14.5,2
2016-04-25 11:00:00,8.7,6,9.1,7,9.0,6,9.9,6,8.3,7,10.7,5,10.4,6,11.5,4,8.5,7,9.3,7,9.8,7,8.6,7,7.7,7,8.2,6,12.1,4,10.3,6,8.7,6,9.1,5,8.1,6,7.3,5,7.9,2,8.1,5,8.3,2,8.1,6.0,12.1,1,12.9,2,12.8,1,11.9,5,12.0,4,15.7,1,14.5,2,14.1,1,16.7,1,15.5,2,15.4,2
2016-04-25 12:00:00,9.0,6,9.3,7,9.6,7,10.2,6,9.0,7,11.2,5,10.8,6,12.2,4,9.1,7,9.9,7,10.5,7,9.2,7,8.4,7,9.0,6,12.7,5,11.0,6,9.5,6,9.7,5,8.8,6,8.1,5,8.5,2,8.7,5,9.1,2,9.1,5.0,12.6,2,13.4,3,13.7,1,12.4,6,12.8,4,16.3,2,15.1,2,14.7,1,17.4,1,15.6,2,16.1,2
2016-04-25 13:00:00,9.3,6,9.7,7,9.9,7,10.3,6,9.4,7,11.5,6,10.9,6,12.5,4,9.5,7,10.3,7,11.0,7,9.6,7,8.8,7,9.5,6,12.9,5,11.4,7,10.1,7,10.3,6,9.3,7,8.6,6,8.9,3,9.3,5,9.8,3,9.7,5.0,12.8,3,13.8,3,14.3,1,12.6,6,13.6,4,16.7,2,15.6,2,15.1,1,17.8,1,15.6,2,16.5,2
2016-04-25 14:00:00,9.5,6,10.1,7,9.9,7,10.2,6,9.6,7,11.7,5,10.7,6,12.4,5,9.7,7,10.6,7,11.3,7,9.9,7,8.9,7,9.7,7,12.9,5,11.6,7,10.4,6,10.7,6,9.6,7,8.8,6,9.1,4,9.9,5,10.4,4,9.9,5.0,12.9,4,13.9,3,14.6,1,12.7,6,14.2,4,16.9,2,15.8,2,15.4,1,17.9,1,15.5,3,16.7,2
2016-04-25 15:00:00,9.2,6,10.1,6,9.8,7,10.5,6,9.7,6,11.4,4,10.2,6,12.3,5,9.9,7,10.5,7,11.3,7,9.7,7,8.1,7,9.6,7,12.9,5,11.2,7,10.2,7,10.3,7,8.7,7,8.2,6,8.6,5,9.6,7,9.5,5,7.7,6.0,12.7,4,13.7,3,13.2,2,11.8,6,14.4,2,16.4,2,15.7,3,15.3,1,16.9,1,15.6,2,16.6,2
2016-04-25 16:00:00,9.0,6,9.9,6,9.5,7,10.2,6,9.3,6,11.2,4,10.1,6,12.0,5,9.7,7,10.1,7,10.9,7,9.4,7,8.0,7,9.1,7,12.6,4,10.8,7,9.9,7,9.9,7,8.4,6,7.9,6,8.4,4,9.5,6,9.6,5,7.3,6.0,12.4,3,13.5,3,12.6,1,11.7,5,14.3,2,16.0,1,15.2,4,15.0,1,16.3,1,15.5,2,16.5,2
2016-04-25 17:00:00,8.6,6,9.4,6,9.0,7,9.7,6,8.8,6,10.7,3,9.9,5,11.5,5,9.3,7,9.6,7,10.3,7,8.9,7,7.6,7,8.3,6,12.0,4,10.2,7,9.4,7,9.3,7,8.0,5,7.3,6,8.0,4,9.0,6,9.5,5,6.6,6.0,11.9,3,12.9,3,11.6,1,11.3,4,13.8,3,15.5,1,14.5,4,14.5,1,15.4,1,15.2,2,16.1,2
2016-04-25 18:00:00,8.2,5,8.7,5,8.3,6,9.1,5,8.1,6,10.1,3,9.5,5,10.7,5,8.7,6,9.0,6,9.7,6,8.3,6,7.2,7,7.5,6,11.2,4,9.6,6,8.7,7,8.7,7,7.4,5,6.8,6,7.6,4,8.4,5,9.1,5,5.7,6.0,11.4,2,12.1,3,10.6,1,10.8,4,13.1,3,14.8,1,13.4,4,13.7,1,14.4,1,14.8,2,15.5,2
2016-04-25 19:00:00,7.7,5,7.9,4,7.5,5,8.4,5,7.4,6,9.4,3,8.8,5,9.7,5,8.1,6,8.5,6,9.3,6,7.8,6,6.7,6,7.0,6,10.2,4,9.0,6,8.0,7,8.2,6,6.8,5,6.4,6,7.0,4,7.7,5,8.5,5,4.7,6.0,10.8,2,11.0,3,9.6,2,10.0,3,12.3,3,13.9,1,12.1,4,12.7,1,13.2,1,14.3,2,14.6,2
2016-04-25 20:00:00,7.1,4,7.0,4,6.6,4,7.6,5,6.8,6,8.7,3,8.1,4,8.7,4,7.4,6,8.0,6,8.9,6,7.4,6,6.3,6,6.7,7,9.2,4,8.4,5,7.4,7,7.7,6,6.1,6,6.0,7,6.4,4,7.1,4,7.8,6,3.7,7.0,10.3,2,9.7,4,8.6,2,9.0,3,11.5,2,13.0,1,10.8,4,11.7,1,12.0,1,13.8,2,13.6,2
2016-04-25 21:00:00,6.6,3,6.3,3,5.9,4,7.0,4,6.1,7,8.2,4,7.5,4,8.0,4,7.0,6,7.6,6,8.5,6,6.9,6,5.9,6,6.4,6,8.6,4,7.9,5,7.0,7,7.2,6,5.8,6,5.6,6,6.0,4,6.5,4,7.4,6,3.3,6.0,9.8,2,8.6,4,7.7,2,8.2,3,10.7,3,12.0,2,9.8,4,11.2,2,11.0,1,13.1,2,12.8,3
2016-04-25 22:00:00,6.1,3,5.7,3,5.3,3,6.6,4,5.6,7,7.9,4,7.2,4,7.5,5,6.6,6,7.3,6,8.1,6,6.5,6,5.4,6,6.2,6,8.2,4,7.5,5,6.6,7,6.6,6,5.5,6,5.3,6,5.7,4,6.1,4,7.1,6,3.0,6.0,9.4,2,7.8,4,7.0,3,7.5,3,9.9,3,11.1,2,9.0,3,10.7,2,10.1,1,12.4,2,12.0,3
2016-04-25 23:00:00,5.7,3,5.2,3,4.8,3,6.4,4,5.0,7,7.6,4,7.1,5,7.2,5,6.2,5,7.0,6,7.7,6,6.0,6,5.0,6,5.9,6,7.8,4,7.2,5,6.4,6,6.2,6,5.2,6,5.1,6,5.5,4,5.7,4,6.8,5,2.8,6.0,9.1,3,7.2,4,6.4,3,6.9,3,9.2,3,10.4,2,8.6,2,10.3,2,9.4,1,11.8,2,11.3,3
2016-04-26 00:00:00,5.4,3,4.8,4,4.5,4,6.2,4,4.5,6,7.4,4,7.0,5,7.0,5,5.9,5,6.6,5,7.5,6,5.7,6,4.6,6,5.6,6,7.5,5,6.9,5,6.2,6,5.8,6,5.1,6,4.8,6,5.4,5,5.6,5,6.7,5,2.8,6.0,8.8,3,7.0,4,5.9,4,6.6,4,8.8,3,9.9,3,8.3,2,9.9,3,8.8,1,11.4,2,10.7,4
2016-04-26 01:00:00,5.3,3,4.5,4,4.2,4,5.9,5,4.0,6,7.2,5,6.8,5,6.8,5,5.7,5,6.2,5,7.2,5,5.3,6,4.2,6,5.3,6,7.4,5,6.8,5,6.0,6,5.5,6,5.0,6,4.7,6,5.3,5,5.5,5,6.7,5,2.8,6.0,8.7,4,7.0,4,5.6,4,6.4,4,8.7,4,9.7,3,8.3,3,9.7,3,8.3,2,11.3,2,10.0,4
2016-04-26 02:00:00,5.1,4,4.4,5,4.0,5,5.4,5,3.6,6,7.0,5,6.6,5,6.5,5,5.5,5,5.8,5,7.0,5,5.0,7,3.9,5,5.0,6,7.3,6,6.6,6,5.9,6,5.4,5,4.9,6,4.6,6,5.3,5,5.5,5,6.7,5,2.9,5.0,8.6,4,7.2,5,5.4,5,6.3,4,8.8,4,9.5,4,8.4,4,9.6,4,7.8,2,11.3,2,9.5,4
2016-04-26 03:00:00,5.1,2,4.3,3,3.5,2,6.1,5,3.6,6,7.0,2,6.2,2,6.6,4,5.0,4,5.3,5,6.6,5,4.7,7,3.5,5,5.1,5,7.3,3,6.7,6,5.4,6,5.1,7,5.5,7,4.4,7,5.2,5,4.6,5,6.5,5,3.2,6.0,8.7,4,6.0,1,4.9,2,6.1,2,8.3,2,9.3,2,7.8,1,8.7,1,7.6,1,10.9,2,9.3,2
2016-04-26 04:00:00,4.9,2,4.0,3,3.1,2,5.5,4,3.3,5,6.7,3,5.9,2,6.2,4,4.7,4,5.1,5,6.3,5,4.4,7,3.2,5,4.7,6,7.1,3,6.3,6,5.2,6,4.9,6,5.3,7,4.4,7,5.0,5,4.5,5,6.4,5,2.9,6.0,8.6,5,5.7,2,4.8,2,5.9,3,8.1,3,9.1,3,7.7,2,8.5,1,7.4,1,10.8,2,9.0,3
2016-04-26 05:00:00,4.8,2,3.8,3,3.0,2,5.0,4,3.2,4,6.5,3,5.8,2,5.9,3,4.6,5,5.2,5,6.1,5,4.4,6,3.2,5,4.5,6,7.2,4,5.9,5,5.2,6,4.9,6,5.4,6,4.6,7,4.8,5,4.7,6,6.4,5,2.8,6.0,8.7,5,5.6,2,5.0,2,5.9,3,8.1,4,9.0,3,7.9,2,8.5,1,7.6,1,11.0,2,8.9,3
2016-04-26 06:00:00,4.9,2,4.1,3,3.2,2,4.9,4,3.4,3,6.7,4,5.9,2,6.1,3,4.7,5,5.6,5,6.2,5,4.8,6,3.5,5,4.6,7,7.6,4,6.0,5,5.6,6,5.3,6,5.6,6,5.0,7,4.9,6,5.3,6,6.7,6,3.1,6.0,9.0,6,6.2,2,5.9,2,6.3,3,8.3,5,9.5,4,8.6,2,9.0,2,8.6,1,11.7,2,9.4,3
2016-04-26 07:00:00,5.3,2,4.9,3,4.0,2,5.6,4,4.1,3,7.3,3,6.4,2,6.9,3,5.1,5,6.2,5,6.6,5,5.7,6,4.1,5,5.1,7,8.4,4,6.6,4,6.3,6,6.3,6,6.1,6,5.4,7,5.3,6,6.3,6,7.2,6,4.0,6.0,9.7,6,7.8,2,7.5,2,7.4,3,9.0,4,10.8,3,10.1,2,10.2,2,10.5,1,12.9,2,10.8,3
2016-04-26 08:00:00,6.0,2,6.0,2,5.1,2,6.7,4,5.0,3,8.1,3,7.2,2,8.1,4,5.7,5,6.9,5,7.1,5,6.8,6,4.8,5,5.9,6,9.5,4,7.6,4,7.2,6,7.6,6,6.9,7,5.9,7,6.0,7,7.5,7,8.0,6,5.4,6.0,10.6,6,9.9,2,9.6,2,8.8,3,9.9,3,12.5,2,12.0,2,11.8,1,13.0,1,14.4,2,12.7,2
2016-04-26 09:00:00,6.6,2,7.0,2,6.3,3,7.8,4,6.1,4,8.9,2,8.0,2,9.2,4,6.4,5,7.6,5,7.8,5,7.8,5,5.6,5,6.8,6,10.5,4,8.6,4,8.0,7,8.7,7,7.7,7,6.4,7,6.8,7,8.6,7,8.8,6,6.8,6.0,11.4,6,12.0,2,11.6,2,10.3,3,11.0,3,14.2,2,13.8,2,13.4,1,15.3,1,15.8,2,14.5,2
2016-04-26 10:00:00,7.1,3,7.6,3,7.2,4,8.6,4,7.2,4,9.5,2,8.6,3,10.0,4,7.0,5,8.3,5,8.4,5,8.4,5,6.3,5,7.6,6,11.3,4,9.4,4,8.7,7,9.3,7,8.6,7,6.9,7,7.5,7,9.3,7,9.6,6,8.0,6.0,12.0,6,13.6,3,13.3,1,11.5,4,12.0,4,15.5,2,15.1,3,14.8,1,17.1,1,16.7,2,15.9,2
2016-04-26 11:00:00,7.5,4,7.9,3,7.8,5,9.0,4,8.1,4,9.9,2,8.9,3,10.6,4,7.4,5,8.8,5,8.9,5,8.7,5,6.8,5,8.4,6,12.0,4,9.9,5,9.1,7,9.6,7,9.3,6,7.5,7,8.1,6,9.8,7,10.4,6,9.0,6.0,12.5,6,14.7,4,14.6,2,12.5,5,12.9,5,16.5,2,16.0,3,15.9,2,18.4,1,17.3,1,16.9,3
2016-04-26 12:00:00,7.8,4,8.2,3,8.3,5,9.2,4,8.7,5,10.2,2,9.1,3,10.9,4,7.7,5,9.1,5,9.3,6,8.9,5,7.3,5,8.9,6,12.4,4,10.3,5,9.5,7,9.8,7,9.8,6,8.0,7,8.6,5,10.1,6,11.0,6,9.8,6.0,12.8,6,15.4,4,15.5,2,13.1,6,13.8,5,17.1,2,16.5,3,16.6,2,19.1,1,17.7,1,17.5,3
2016-04-26 13:00:00,8.1,3,8.5,3,8.6,5,9.3,3,9.0,5,10.4,2,9.2,3,11.1,4,7.9,6,9.2,6,9.5,6,9.1,5,7.7,5,9.2,6,12.6,5,10.5,5,9.8,7,10.0,6,9.9,6,8.4,7,9.0,5,10.4,6,11.4,6,10.3,6.0,13.0,6,15.7,5,16.0,2,13.5,6,14.6,5,17.4,2,16.9,3,16.9,1,19.4,1,18.0,1,17.9,4
2016-04-26 14:00:00,8.2,2,8.8,2,8.8,5,9.3,3,9.0,5,10.5,2,9.1,3,11.1,4,8.0,6,9.1,6,9.6,6,9.3,6,8.0,6,9.2,6,12.7,5,10.5,5,9.9,7,10.1,6,9.8,7,8.6,7,9.2,6,10.6,6,11.7,6,10.6,6.0,13.1,6,15.7,5,16.2,3,13.6,6,15.2,5,17.5,2,17.0,3,17.0,1,19.4,1,18.1,1,18.1,4
2016-04-26 15:00:00,8.0,3,8.3,4,8.5,6,8.8,3,8.6,5,9.9,2,8.7,2,10.7,3,8.3,4,9.3,4,10.0,4,9.2,5,7.7,6,9.0,6,12.3,2,10.5,4,9.8,5,10.4,5,8.4,7,7.8,7,8.8,6,10.6,6,10.9,7,10.7,7.0,13.2,6,15.9,4,16.0,2,13.2,5,15.3,4,17.1,2,17.1,3,17.4,1,18.9,1,17.6,1,17.9,5
2016-04-26 16:00:00,7.8,3,8.2,4,8.2,6,8.7,3,8.0,4,9.7,2,8.6,2,10.6,2,8.1,4,8.9,4,9.5,4,8.8,4,7.2,5,8.4,5,12.0,2,10.2,4,9.3,5,9.8,5,7.9,7,7.4,7,8.5,6,10.1,5,10.6,7,10.0,7.0,13.0,6,15.5,4,15.2,2,12.9,5,15.0,4,16.8,2,16.8,2,17.1,1,18.4,1,17.4,1,17.7,5
2016-04-26 17:00:00,7.6,4,7.9,4,7.6,6,8.4,2,7.2,3,9.2,1,8.3,2,10.2,2,7.8,3,8.3,3,8.9,3,8.1,4,6.5,4,7.5,5,11.5,2,9.6,3,8.5,4,8.9,5,7.2,7,6.7,7,7.9,6,9.2,5,10.3,7,8.9,6.0,12.6,5,14.9,3,14.2,2,12.3,4,14.4,3,16.4,2,16.1,2,16.7,1,17.7,2,17.0,1,17.3,4
2016-04-26 18:00:00,7.3,4,7.3,4,6.9,5,7.8,2,6.2,2,8.5,1,7.7,2,9.4,2,7.3,2,7.6,2,8.3,2,7.1,3,5.7,3,6.6,5,10.6,2,8.8,2,7.6,4,7.8,4,6.4,7,6.0,7,7.3,6,8.2,5,9.8,7,7.7,6.0,11.9,4,14.0,3,13.0,2,11.5,4,13.7,3,15.8,2,15.1,2,15.9,2,16.6,2,16.4,1,16.6,3
2016-04-26 19:00:00,7.0,4,6.6,3,6.2,5,6.8,2,5.2,2,7.4,1,6.9,2,8.1,2,6.6,2,6.9,2,7.8,2,5.8,2,5.0,3,6.0,5,9.4,2,7.8,2,6.8,4,6.6,4,5.5,6,5.3,7,6.6,5,7.2,5,9.0,7,6.7,6.0,11.1,4,12.9,3,11.9,2,10.5,4,13.0,3,14.9,2,13.8,2,14.9,2,15.2,2,15.8,1,15.7,3
2016-04-26 20:00:00,6.7,3,6.0,2,5.5,5,5.8,1,4.3,4,6.3,1,5.9,2,6.6,1,5.9,1,6.1,1,7.4,1,4.5,2,4.4,3,5.5,6,8.0,1,6.7,2,6.2,4,5.5,4,4.6,6,4.7,6,5.9,5,6.3,5,8.0,7,5.8,6.0,10.2,4,11.8,4,10.8,2,9.5,4,12.3,3,13.9,1,12.3,3,13.7,1,13.6,1,15.1,1,14.7,3
2016-04-26 21:00:00,6.4,3,5.4,2,5.0,5,5.1,2,3.7,4,5.5,2,5.2,2,5.5,2,5.1,2,5.4,2,7.0,2,3.5,3,3.8,3,4.9,6,6.8,2,5.8,1,5.4,4,4.6,4,4.0,5,4.1,6,5.4,5,5.5,5,7.3,7,5.3,6.0,9.5,3,10.8,4,9.8,2,8.7,4,11.5,3,12.9,2,11.2,3,12.8,2,12.4,1,14.5,2,13.9,4
2016-04-26 22:00:00,6.1,3,5.0,2,4.7,5,4.7,2,3.4,4,4.9,2,4.7,2,4.8,2,4.4,2,4.8,2,6.4,2,2.9,3,3.2,4,4.4,6,5.9,2,5.0,1,4.7,4,3.9,3,3.5,5,3.7,5,5.0,5,5.0,5,6.6,7,4.7,6.0,8.9,2,9.9,4,8.9,2,8.0,4,10.8,3,12.1,2,10.4,3,12.0,2,11.3,1,13.9,2,13.0,4
2016-04-26 23:00:00,5.8,3,4.8,2,4.4,5,4.5,3,3.1,5,4.6,3,4.4,3,4.3,2,3.9,2,4.2,2,5.9,2,2.5,3,2.8,4,4.0,6,5.2,2,4.4,1,4.1,4,3.5,3,3.2,4,3.4,5,4.7,5,4.5,5,6.1,6,4.2,6.0,8.4,2,9.3,4,8.2,3,7.5,4,10.1,4,11.4,2,9.8,3,11.4,3,10.4,2,13.3,2,12.3,4
2016-04-27 00:00:00,5.5,3,4.7,2,4.2,5,4.4,3,3.0,5,4.5,3,4.2,3,4.0,3,3.5,2,3.8,2,5.4,2,2.4,3,2.6,4,3.7,6,4.6,2,4.0,1,3.7,4,3.3,3,3.0,4,3.3,5,4.5,5,4.2,5,5.8,6,3.8,6.0,8.1,3,8.8,5,7.5,3,7.1,4,9.5,4,11.0,3,9.5,4,10.9,3,9.5,2,12.8,2,11.5,4
2016-04-27 01:00:00,5.2,3,4.5,3,4.0,5,4.4,4,2.7,5,4.7,4,4.1,4,3.7,3,3.3,3,3.5,3,5.0,3,2.4,4,2.5,5,3.5,6,4.3,3,3.7,1,3.3,4,3.3,3,2.9,4,3.3,5,4.3,5,4.0,5,5.7,6,3.5,6.0,8.0,3,8.5,5,7.0,4,6.9,4,9.1,4,10.6,4,9.3,4,10.5,4,8.8,2,12.3,2,10.9,4
2016-04-27 02:00:00,4.9,4,4.3,4,3.8,5,4.3,4,2.5,6,4.8,4,3.9,5,3.4,4,3.2,3,3.3,3,4.8,3,2.5,4,2.4,5,3.5,6,4.0,3,3.4,1,3.1,4,3.2,3,2.9,4,3.3,5,4.2,5,3.8,5,5.6,6,3.3,5.0,7.8,4,8.3,5,6.5,5,6.8,5,8.8,4,10.3,4,9.1,4,10.3,4,8.3,3,12.0,3,10.4,4
2016-04-27 03:00:00,5.0,2,4.2,2,3.7,5,3.8,2,3.2,4,4.6,1,4.0,2,3.1,2,3.2,2,3.1,3,4.7,3,2.6,4,1.3,6,2.5,5,3.2,1,2.8,1,1.9,2,1.5,2,2.3,3,2.3,7,2.5,2,2.1,4,4.5,6,3.3,6.0,6.9,2,7.4,4,6.2,2,6.4,4,8.5,3,10.0,2,8.8,3,9.1,1,8.6,1,12.5,2,10.5,5
2016-04-27 04:00:00,4.7,2,3.9,2,3.5,5,3.4,2,3.1,4,4.4,1,3.7,1,2.7,2,2.9,2,2.9,2,4.4,2,2.4,4,1.3,6,2.7,5,2.8,1,2.3,1,1.4,2,1.0,2,2.0,3,2.1,7,1.9,2,1.4,3,3.8,5,2.4,6.0,6.3,2,6.9,3,5.7,2,6.1,5,8.0,3,9.6,2,8.4,3,8.6,1,8.2,1,12.3,2,10.2,5
2016-04-27 05:00:00,4.6,2,3.6,2,3.5,5,3.1,3,3.2,4,4.3,1,3.5,2,2.6,2,2.7,2,3.0,2,4.3,2,2.4,4,1.4,6,3.1,5,2.6,2,2.0,1,1.1,2,0.8,2,1.9,4,2.1,7,1.4,2,1.1,3,3.3,5,1.5,5.0,6.0,2,6.6,3,5.5,2,6.0,5,7.7,3,9.4,2,8.3,3,8.6,1,8.2,1,12.3,2,10.2,6
2016-04-27 06:00:00,4.8,2,3.9,2,3.8,4,3.4,3,3.5,4,4.7,2,3.8,2,3.0,2,3.0,2,3.5,2,4.5,2,2.8,4,2.0,7,3.6,6,3.1,2,2.3,1,1.5,2,1.3,2,2.2,4,2.4,7,1.5,2,1.5,2,3.3,4,1.4,5.0,6.3,1,7.0,2,5.9,2,6.4,6,7.8,4,9.8,2,8.8,2,9.1,1,9.0,1,12.7,2,10.6,6
2016-04-27 07:00:00,5.3,2,4.8,2,4.7,4,4.4,3,4.3,4,5.6,2,4.7,2,4.3,2,3.9,2,4.6,3,5.3,2,4.0,4,3.2,7,4.2,6,4.5,2,3.6,2,2.7,2,2.7,2,3.1,4,3.1,6,2.4,1,2.7,2,4.0,3,2.4,5.0,7.3,1,8.2,1,7.1,2,7.5,6,8.5,3,10.9,2,10.0,2,10.3,1,10.8,1,13.5,2,11.6,6
2016-04-27 08:00:00,6.1,2,6.0,2,5.9,4,5.9,3,5.4,3,6.8,1,6.1,3,6.1,3,5.1,3,6.1,3,6.5,3,5.6,4,4.7,7,4.9,6,6.5,2,5.5,2,4.4,2,4.7,2,4.5,4,4.1,6,3.8,1,4.5,2,5.2,3,3.9,5.0,8.8,1,10.0,1,8.8,1,8.9,6,9.6,3,12.4,2,11.6,1,11.9,1,13.0,1,14.6,2,12.8,6
2016-04-27 09:00:00,6.8,2,7.2,2,7.2,3,7.3,3,6.7,2,8.0,2,7.3,4,7.9,3,6.4,4,7.5,4,7.8,4,7.2,4,6.1,6,5.8,6,8.5,2,7.4,2,6.2,2,6.7,2,6.0,4,5.3,6,5.3,1,6.2,2,6.5,2,5.5,6.0,10.3,1,11.6,1,10.6,1,10.2,6,10.7,3,13.8,1,13.1,1,13.3,1,15.2,1,15.7,1,13.9,5
2016-04-27 10:00:00,7.3,2,8.0,3,8.3,3,8.3,4,8.0,2,9.0,2,8.2,4,9.4,4,7.4,4,8.7,4,9.0,4,8.4,3,7.2,5,6.8,7,10.1,2,8.8,3,7.6,3,8.2,2,7.5,4,6.5,5,6.5,2,7.5,2,7.5,2,6.5,6.0,11.4,1,12.7,1,12.1,1,11.1,6,11.5,3,14.8,1,14.1,1,14.3,1,16.7,1,16.7,1,14.6,5
2016-04-27 11:00:00,7.6,3,8.5,4,9.1,3,8.8,4,9.1,2,9.7,2,8.6,5,10.4,5,8.2,4,9.5,4,9.9,4,9.2,3,8.0,4,7.8,6,11.3,2,9.7,3,8.6,4,9.2,2,8.7,5,7.5,5,7.5,2,8.4,2,8.3,3,7.1,5.0,12.2,1,13.4,1,13.3,1,11.8,6,12.2,3,15.4,1,14.7,1,14.8,1,17.7,1,17.4,1,15.0,5
2016-04-27 12:00:00,7.9,3,8.8,5,9.7,2,9.1,4,9.8,2,10.2,2,8.9,5,11.1,5,8.7,4,10.1,4,10.6,5,9.7,2,8.5,4,8.7,6,12.1,3,10.3,4,9.3,4,9.9,2,9.5,5,8.3,6,8.2,2,9.1,2,9.0,3,7.4,5.0,12.7,1,13.9,1,14.0,1,12.3,6,12.9,4,15.8,2,15.1,1,15.2,1,18.2,1,17.8,1,15.4,4
2016-04-27 13:00:00,8.1,3,9.1,5,10.0,2,9.2,4,10.0,3,10.5,2,9.0,5,11.4,5,9.0,5,10.4,5,10.9,5,10.0,3,8.8,4,9.3,6,12.4,3,10.7,4,9.8,5,10.3,3,9.8,5,8.7,6,8.7,2,9.8,2,9.7,3,7.7,4.0,13.1,1,14.2,1,14.3,1,12.8,6,13.7,4,16.0,2,15.5,1,15.5,1,18.4,1,17.9,1,15.9,4
2016-04-27 14:00:00,8.3,3,9.4,4,10.0,3,9.1,3,9.9,4,10.6,2,9.0,4,11.4,5,9.1,5,10.5,6,11.0,6,10.2,5,9.0,5,9.6,5,12.5,3,11.0,5,10.1,5,10.6,3,9.8,5,8.9,6,9.1,2,10.3,2,10.3,3,8.0,4.0,13.4,1,14.4,1,14.3,1,13.3,6,14.4,4,16.1,2,15.8,1,15.7,1,18.3,1,17.8,1,16.3,4
2016-04-27 15:00:00,8.4,3,9.3,6,9.4,3,9.0,5,9.4,5,10.0,2,8.8,4,10.6,5,8.9,7,10.0,7,10.7,7,10.1,5,8.3,5,9.3,4,12.0,5,10.4,6,10.1,5,10.6,5,9.2,5,8.4,5,8.9,2,10.6,2,10.7,3,7.5,3.0,13.6,2,14.7,1,13.9,1,13.2,6,14.5,3,16.8,1,16.4,1,16.2,1,18.1,1,17.8,1,16.9,5
2016-04-27 16:00:00,8.2,3,9.0,6,9.0,3,8.6,4,8.9,5,9.7,2,8.5,4,10.4,4,8.7,7,9.5,7,10.2,7,9.9,5,8.0,6,8.9,4,11.6,4,10.2,7,9.9,5,10.4,4,8.8,5,8.1,4,8.7,2,10.4,2,10.8,3,7.4,4.0,13.4,2,14.3,2,13.3,1,13.1,6,14.4,3,16.6,1,15.9,1,15.9,1,17.5,1,17.2,2,16.8,4
2016-04-27 17:00:00,7.9,3,8.4,5,8.4,3,8.1,4,8.2,6,9.2,2,8.1,3,10.0,3,8.4,6,8.9,7,9.5,7,9.4,6,7.5,6,8.4,4,11.1,4,9.7,7,9.4,5,9.9,4,8.2,5,7.5,3,8.4,3,9.8,2,10.7,3,7.0,4.0,12.9,3,13.6,2,12.4,1,12.6,5,14.0,3,16.0,1,15.1,1,15.3,2,16.6,2,16.3,2,16.3,4
2016-04-27 18:00:00,7.5,3,7.5,4,7.7,2,7.4,3,7.3,6,8.5,2,7.4,3,9.2,3,7.9,5,8.2,6,8.9,6,8.5,6,6.8,6,7.7,4,10.2,3,9.0,7,8.6,5,9.0,4,7.4,4,6.7,2,7.9,3,8.9,2,10.1,3,6.3,4.0,12.1,3,12.7,2,11.4,1,11.8,4,13.3,3,15.2,1,13.9,1,14.4,2,15.4,2,15.5,2,15.5,3
2016-04-27 19:00:00,7.0,3,6.4,3,6.8,2,6.4,3,6.0,6,7.5,2,6.6,3,7.9,2,7.1,5,7.3,5,8.3,5,7.2,6,6.0,6,7.0,4,9.1,2,8.0,5,7.6,5,7.7,4,6.3,4,5.7,2,7.2,3,7.7,2,9.2,2,5.2,4.0,11.0,3,11.6,3,10.4,2,10.8,4,12.6,3,14.0,2,12.5,2,13.3,2,13.9,3,14.9,2,14.5,3
2016-04-27 20:00:00,6.4,3,5.3,3,5.9,2,5.3,3,4.7,6,6.5,2,5.7,3,6.4,2,6.2,4,6.4,4,7.8,4,5.7,6,5.2,6,6.2,4,7.8,2,6.9,4,6.5,5,6.3,3,5.2,3,4.7,2,6.3,2,6.5,2,8.0,2,4.0,3.0,9.7,3,10.4,3,9.3,2,9.8,4,11.8,3,12.7,2,11.0,2,12.2,2,12.4,3,14.3,3,13.5,4
2016-04-27 21:00:00,6.0,3,4.5,3,5.3,2,4.5,3,3.7,6,5.7,2,5.0,3,5.1,2,5.3,4,5.6,4,7.1,4,4.4,6,4.4,6,5.4,5,6.6,2,5.9,3,5.6,5,5.2,4,4.3,3,3.8,2,5.5,3,5.4,2,7.1,2,2.9,4.0,8.7,3,9.3,3,8.3,3,9.0,4,11.0,3,11.6,2,9.9,3,11.2,2,11.1,3,13.6,3,12.8,4
2016-04-27 22:00:00,5.5,3,3.9,3,4.8,3,3.9,3,3.0,6,5.2,3,4.4,3,4.2,2,4.5,4,4.8,4,6.4,3,3.5,6,3.8,6,4.8,5,5.6,2,5.0,3,4.8,5,4.3,4,3.6,3,3.1,2,4.9,3,4.7,2,6.3,2,1.9,4.0,7.9,3,8.4,4,7.4,3,8.3,4,10.3,3,10.8,3,9.1,3,10.4,3,10.0,3,13.0,3,12.1,4
2016-04-27 23:00:00,5.2,3,3.5,4,4.3,3,3.6,3,2.6,6,4.9,3,4.0,3,3.7,2,3.8,3,4.2,4,5.8,3,2.9,6,3.3,6,4.3,5,4.8,2,4.4,3,4.2,5,3.7,4,3.2,4,2.7,3,4.4,3,4.1,2,5.7,3,1.3,4.0,7.3,4,7.7,4,6.7,4,7.5,5,9.5,3,10.2,3,8.5,3,9.8,3,9.2,3,12.3,3,11.4,4
2016-04-28 00:00:00,5.1,4,3.3,4,4.0,4,3.5,4,2.4,6,4.8,4,3.8,4,3.4,2,3.4,4,3.7,4,5.3,4,2.7,6,3.0,6,4.0,5,4.3,3,3.9,3,3.7,5,3.4,5,3.0,4,2.5,3,4.0,3,3.8,3,5.2,3,1.0,4.0,6.9,4,7.3,4,6.1,4,6.8,5,8.9,3,9.7,3,8.2,4,9.4,4,8.6,4,11.8,3,10.8,4
2016-04-28 01:00:00,4.9,4,3.2,5,3.7,4,3.7,4,2.3,6,4.8,4,3.6,4,3.2,2,3.1,4,3.3,4,4.9,4,2.8,7,3.0,6,3.9,5,4.0,4,3.7,4,3.4,5,3.1,5,3.0,4,2.6,3,3.7,4,3.6,3,4.9,4,0.9,5.0,6.4,5,7.1,4,5.8,5,6.2,5,8.2,4,9.3,4,7.9,4,9.2,4,8.2,4,11.3,3,10.2,5
2016-04-28 02:00:00,4.9,5,3.3,5,3.6,5,3.8,5,2.2,6,4.7,4,3.5,5,2.9,2,3.0,4,3.1,5,4.7,4,3.0,7,3.0,6,3.9,5,3.8,5,3.5,5,3.0,6,2.8,5,3.0,4,2.8,4,3.3,4,3.3,4,4.7,4,0.9,5.0,6.0,5,6.9,5,5.5,5,5.7,5,7.7,4,9.0,4,7.8,5,9.0,4,7.9,4,11.0,4,9.8,5
2016-04-28 03:00:00,4.3,3,2.6,4,2.2,2,3.4,3,2.2,2,4.4,2,3.5,2,2.9,2,2.6,2,2.8,3,4.3,3,3.1,4,2.3,7,3.3,6,3.2,2,3.0,1,2.5,3,3.0,5,3.0,5,2.0,3,3.2,2,2.4,2,4.7,2,-0.4,2.0,5.9,3,6.1,3,4.2,4,6.2,5,7.1,4,8.5,4,7.7,4,8.2,5,7.2,4,11.1,3,9.8,7
2016-04-28 04:00:00,4.1,3,2.4,4,2.1,3,3.2,4,2.2,2,4.3,2,3.5,2,2.5,2,2.3,3,2.5,3,4.1,3,2.9,4,2.2,7,3.3,6,2.9,2,2.5,1,2.0,3,2.4,5,3.0,4,2.0,4,2.9,2,2.2,2,4.6,2,-0.5,2.0,5.6,3,5.7,4,4.1,4,6.0,6,6.8,3,8.1,4,7.5,4,8.1,5,7.2,5,11.0,3,9.6,7
2016-04-28 05:00:00,3.9,2,2.4,4,2.1,3,3.2,5,2.3,3,4.4,2,3.6,2,2.4,3,2.1,4,2.4,4,4.0,4,2.7,5,2.3,7,3.6,6,2.9,2,2.3,1,1.9,2,2.0,5,3.2,5,2.3,5,2.7,2,2.3,3,4.8,2,-0.2,3.0,5.5,4,5.6,5,4.4,4,6.0,6,6.6,3,8.0,4,7.7,4,8.2,5,7.6,5,11.1,2,9.6,7
2016-04-28 06:00:00,4.1,2,2.8,4,2.6,3,3.5,5,2.8,4,4.8,2,4.1,2,3.0,3,2.5,4,2.9,4,4.3,4,3.1,5,2.8,7,4.2,6,3.5,2,2.7,2,2.3,2,2.4,5,3.8,5,3.1,6,3.0,2,2.9,3,5.3,2,0.7,3.0,5.9,4,6.2,5,5.3,4,6.3,6,6.8,4,8.6,4,8.4,5,8.9,5,8.6,5,11.6,2,10.0,7
2016-04-28 07:00:00,4.6,3,3.8,4,3.6,3,4.5,5,3.7,4,5.8,2,5.1,2,4.4,3,3.5,4,4.0,4,5.1,4,4.2,5,3.8,6,5.1,5,4.9,2,4.0,2,3.5,2,3.8,5,4.9,5,4.4,6,3.9,3,4.2,3,6.2,2,2.5,3.0,7.1,3,7.8,6,6.8,4,7.1,7,7.7,4,10.0,4,9.9,5,10.2,6,10.3,6,12.8,3,10.8,7
2016-04-28 08:00:00,5.3,3,5.2,4,4.8,3,5.8,5,5.0,4,7.1,2,6.5,3,6.3,4,4.9,4,5.5,4,6.1,4,5.7,5,5.2,5,6.2,5,6.7,3,5.8,3,5.3,2,5.8,5,6.3,4,5.9,6,5.2,3,5.8,3,7.4,2,4.7,3.0,8.7,3,10.1,6,8.8,5,8.1,7,9.0,5,11.9,5,11.8,6,11.8,6,12.4,6,14.2,4,11.9,7
2016-04-28 09:00:00,6.0,3,6.4,4,6.1,3,7.1,5,6.4,5,8.4,2,7.7,3,8.2,4,6.2,4,7.0,4,7.3,4,7.2,5,6.7,5,7.4,4,8.6,3,7.6,4,7.0,2,7.8,4,7.7,4,7.4,5,6.6,3,7.5,2,8.7,2,7.0,3.0,10.3,2,12.4,5,10.9,5,9.3,7,10.4,5,13.6,5,13.6,6,13.5,7,14.4,7,15.4,5,12.8,7
2016-04-28 10:00:00,6.6,3,7.2,5,7.2,4,8.1,5,7.7,5,9.4,2,8.6,3,9.7,4,7.2,5,8.1,4,8.4,4,8.5,5,8.0,4,8.6,4,10.2,3,9.0,4,8.4,2,9.3,3,9.0,4,8.6,5,7.8,4,8.9,2,9.9,2,8.9,3.0,11.5,2,14.2,6,12.8,5,10.4,7,11.7,5,14.8,6,14.9,6,15.0,7,16.1,7,16.1,6,13.4,7
2016-04-28 11:00:00,7.2,3,7.8,6,8.1,4,8.7,5,8.9,5,10.2,2,9.2,3,10.7,4,7.8,5,8.8,5,9.3,5,9.4,4,9.1,3,9.7,5,11.5,3,10.0,4,9.5,2,10.2,3,10.0,3,9.5,5,8.8,4,10.1,3,10.9,3,10.4,4.0,12.4,1,15.5,6,14.4,5,11.3,7,12.7,5,15.4,6,15.7,6,16.1,7,17.3,7,16.3,6,13.8,7
2016-04-28 12:00:00,7.5,3,8.2,6,8.7,4,9.1,5,9.6,6,10.7,2,9.6,3,11.3,4,8.2,6,9.3,6,10.0,6,10.1,4,9.8,3,10.5,5,12.4,3,10.6,5,10.2,3,10.9,2,10.7,3,10.1,5,9.5,4,11.0,3,11.8,3,11.4,5.0,13.0,2,16.3,6,15.6,6,11.9,7,13.6,5,15.8,6,16.2,6,16.9,7,18.2,7,16.2,6,14.0,7
2016-04-28 13:00:00,7.7,3,8.6,6,9.1,4,9.2,4,9.8,6,11.0,2,9.9,3,11.7,4,8.5,6,9.6,6,10.4,6,10.5,5,10.2,4,10.9,5,12.8,3,11.0,5,10.7,4,11.4,3,11.0,4,10.5,5,10.0,3,11.7,4,12.4,4,12.0,5.0,13.5,2,16.6,6,16.2,6,12.1,7,14.2,5,16.0,6,16.5,6,17.3,7,18.7,7,16.1,6,14.3,7
2016-04-28 14:00:00,7.7,3,8.9,5,9.2,3,9.2,4,9.7,5,11.2,2,10.0,3,11.8,4,8.8,6,9.8,6,10.6,6,10.6,5,10.2,5,11.0,5,12.9,4,11.2,5,10.9,5,11.7,3,10.9,4,10.7,5,10.2,3,12.0,4,12.8,5,12.2,6.0,13.8,3,16.5,7,16.3,7,12.1,7,14.5,6,16.0,7,16.6,7,17.4,7,18.7,7,15.9,7,14.5,7
2016-04-28 15:00:00,8.4,2,9.8,2,10.0,2,10.0,2,10.2,4,11.1,2,10.1,2,11.7,4,9.9,4,11.0,4,11.5,4,11.1,3,9.9,6,10.6,5,12.8,3,11.4,3,11.3,2,12.0,4,10.7,4,10.3,4,11.0,3,11.9,5,12.6,3,12.0,4.0,14.2,5,16.6,6,16.6,7,11.5,7,14.1,6,16.2,6,16.6,6,17.2,7,17.8,7,15.9,7,15.4,7
2016-04-28 16:00:00,8.3,1,9.6,2,9.7,2,10.0,2,10.0,3,10.9,2,9.8,2,11.6,5,10.0,5,10.9,5,11.3,5,11.0,3,9.6,6,10.3,5,12.6,3,11.4,4,11.1,3,11.9,4,10.4,4,10.0,4,10.7,3,11.6,5,12.5,3,11.2,5.0,13.9,5,16.0,6,15.6,7,11.3,7,13.6,6,15.9,6,16.2,6,16.7,7,17.1,7,15.6,7,15.3,7
2016-04-28 17:00:00,8.1,1,9.2,2,9.1,2,9.7,2,9.6,3,10.6,2,9.4,3,11.2,5,9.8,5,10.5,5,11.0,5,10.5,3,9.1,5,9.8,4,12.1,4,11.1,5,10.6,3,11.3,4,9.9,3,9.4,4,10.2,3,11.0,4,12.2,3,10.2,5.0,13.4,5,15.1,6,14.2,7,10.8,7,12.7,6,15.5,5,15.5,5,15.9,6,16.1,7,15.2,6,14.8,7
2016-04-28 18:00:00,7.8,2,8.5,2,8.3,2,9.1,2,8.7,2,9.9,2,8.8,3,10.4,5,9.4,5,9.9,5,10.5,5,9.5,3,8.2,4,9.1,3,11.3,4,10.4,5,9.9,3,10.3,4,9.0,3,8.5,4,9.5,3,9.9,3,11.5,3,9.0,5.0,12.6,5,14.0,5,12.7,6,10.2,6,11.9,6,14.8,5,14.5,5,14.9,6,14.8,7,14.8,6,14.1,6
2016-04-28 19:00:00,7.5,2,7.5,2,7.4,2,7.9,2,7.1,2,8.9,3,8.0,2,9.1,4,8.6,5,9.0,4,9.9,4,7.8,2,7.0,3,8.1,2,10.1,3,9.3,5,8.9,3,8.7,4,7.8,3,7.2,3,8.6,3,8.6,3,10.4,3,7.8,4.0,11.5,5,12.8,6,11.4,6,9.4,6,11.2,6,13.8,5,13.2,5,13.9,5,13.3,6,14.3,6,13.3,6
2016-04-28 20:00:00,7.2,2,6.4,1,6.4,1,6.4,2,5.3,2,7.8,4,7.2,2,7.7,3,7.5,4,8.0,3,9.3,3,5.9,2,5.5,2,7.0,2,8.7,3,7.9,4,7.7,3,6.8,4,6.4,3,5.8,3,7.7,2,7.3,3,9.2,3,6.6,4.0,10.4,4,11.7,6,10.3,6,8.5,6,10.5,6,12.8,5,11.9,6,12.9,5,11.8,5,13.8,6,12.6,6
2016-04-28 21:00:00,7.0,2,5.4,2,5.9,2,5.4,2,4.0,2,7.0,5,6.6,3,6.4,3,6.3,4,6.9,4,8.6,3,4.2,2,4.2,3,5.7,2,7.4,2,6.5,3,6.5,3,5.5,4,5.1,3,4.5,3,7.0,2,6.3,3,8.1,3,5.5,4.0,9.4,4,10.7,5,9.3,6,7.7,6,9.9,5,12.0,4,11.0,5,12.0,5,10.5,5,13.3,6,12.0,6
2016-04-28 22:00:00,6.9,2,4.6,2,5.4,2,4.6,2,3.0,3,6.4,5,6.0,3,5.4,3,5.2,4,5.8,4,7.9,3,3.1,3,3.0,3,4.5,3,6.3,2,5.4,3,5.5,3,4.6,4,4.2,3,3.5,3,6.3,2,5.6,3,7.2,3,4.5,4.0,8.6,4,10.0,5,8.5,5,7.0,6,9.2,5,11.4,4,10.4,5,11.3,5,9.5,5,12.7,6,11.5,6
2016-04-28 23:00:00,6.8,3,4.1,3,5.1,2,4.3,3,2.5,3,6.1,5,5.7,3,4.8,3,4.4,4,4.9,4,7.2,3,2.7,3,2.3,4,3.5,3,5.5,2,4.6,3,4.8,3,4.0,4,3.7,3,2.9,3,5.8,3,5.2,3,6.4,3,3.6,4.0,7.9,4,9.4,4,7.8,5,6.5,5,8.7,5,10.9,3,10.1,4,10.8,4,8.8,4,12.2,6,11.1,6
2016-04-29 00:00:00,6.7,3,4.0,3,4.8,3,4.3,3,2.3,4,6.0,5,5.4,4,4.6,4,4.0,4,4.4,4,6.6,3,2.7,4,2.1,4,3.1,3,5.1,3,4.2,3,4.3,4,3.7,4,3.5,3,2.7,3,5.3,3,5.0,4,5.9,3,2.9,4.0,7.3,4,8.9,3,7.3,4,6.1,5,8.2,4,10.5,3,9.8,3,10.4,4,8.5,4,11.9,5,10.7,6
2016-04-29 01:00:00,6.7,4,4.1,4,4.6,4,4.6,4,2.5,4,6.1,4,5.3,4,4.5,4,4.0,4,4.3,5,6.1,4,3.0,4,2.3,4,3.3,4,4.9,4,4.2,4,4.0,4,3.4,4,3.4,4,2.9,4,4.7,3,4.6,4,5.5,3,2.4,4.0,6.8,4,8.4,2,6.8,3,5.9,5,7.9,4,10.1,2,9.5,2,10.1,4,8.5,4,11.7,5,10.2,5
2016-04-29 02:00:00,6.7,5,4.4,5,4.6,5,5.0,5,2.8,5,6.2,5,5.2,5,4.4,5,4.2,5,4.4,5,5.8,4,3.4,5,2.7,5,3.8,5,4.9,5,4.3,4,3.7,4,3.3,4,3.4,4,3.2,4,4.1,3,4.2,5,5.3,3,2.0,4.0,6.3,4,7.9,2,6.4,3,5.7,5,7.6,3,9.7,2,9.0,2,9.9,4,8.6,4,11.6,5,9.7,5
2016-04-29 03:00:00,6.2,3,3.9,2,3.2,2,4.3,2,2.6,1,6.1,2,4.9,3,3.6,2,3.6,2,3.5,2,5.7,2,2.8,1,1.2,1,2.2,2,4.0,2,4.2,1,3.5,1,3.4,1,2.8,2,2.2,3,4.7,1,3.4,3,5.5,4,3.8,6.0,6.1,1,8.6,5,6.9,7,6.2,6,8.1,7,10.5,5,9.5,5,10.4,6,8.3,6,12.3,6,10.1,6
2016-04-29 04:00:00,6.2,3,4.0,2,3.3,2,4.4,2,2.6,2,6.2,3,4.9,4,3.4,2,3.5,2,3.4,2,5.4,2,2.7,2,1.3,1,2.4,2,3.6,2,3.9,1,3.2,1,2.9,1,2.8,2,2.1,3,4.3,1,3.1,3,5.4,4,3.6,6.0,5.6,1,8.3,6,6.8,7,5.9,6,7.9,7,10.1,4,9.5,5,10.4,5,8.4,6,12.2,6,9.7,6
2016-04-29 05:00:00,6.2,4,4.2,3,3.5,2,4.6,3,2.9,2,6.4,3,5.1,5,3.6,2,3.5,2,3.6,2,5.4,2,2.9,2,1.6,2,2.9,2,3.6,2,3.7,2,3.1,2,2.8,1,3.1,2,2.3,4,4.0,1,3.2,3,5.6,4,3.7,6.0,5.4,1,8.4,6,7.1,6,5.7,7,7.8,7,10.0,4,9.8,4,10.7,4,9.0,6,12.4,6,9.6,6
2016-04-29 06:00:00,6.5,5,4.8,3,4.2,2,5.3,3,3.7,2,6.7,4,5.5,5,4.3,2,4.1,2,4.4,2,5.9,2,3.7,2,2.6,2,3.8,2,4.2,2,4.2,2,3.7,2,3.4,1,3.9,2,3.2,4,4.2,1,3.9,2,6.2,4,4.5,6.0,5.9,1,9.0,6,8.0,6,6.1,7,8.2,6,10.6,3,10.6,4,11.4,3,10.2,6,12.9,6,10.2,6
2016-04-29 07:00:00,7.0,5,5.8,3,5.5,2,6.6,3,5.1,2,7.2,5,6.3,6,5.8,3,5.6,2,6.0,2,7.1,2,5.4,2,4.3,2,5.2,2,5.7,2,5.6,2,5.1,2,5.1,1,5.4,2,4.9,3,5.1,1,5.5,2,7.2,4,6.2,6.0,7.4,1,10.5,5,9.5,4,7.2,7,9.1,6,12.1,2,12.1,3,12.6,3,12.2,5,13.9,6,11.7,6
2016-04-29 08:00:00,7.6,4,7.1,3,7.0,2,8.1,3,6.9,2,7.9,6,7.4,6,7.6,4,7.5,2,8.1,2,8.7,2,7.5,2,6.4,2,6.9,2,7.8,3,7.6,2,6.9,2,7.4,1,7.4,1,7.1,2,6.6,1,7.5,2,8.5,3,8.5,6.0,9.4,1,12.5,4,11.4,3,8.8,7,10.4,5,14.0,2,14.0,3,14.1,3,14.5,4,15.2,5,13.5,6
2016-04-29 09:00:00,8.4,4,8.4,3,8.6,2,9.6,3,8.7,2,8.7,6,8.5,5,9.4,5,9.3,2,10.0,2,10.4,2,9.6,2,8.5,1,8.8,1,9.8,4,9.6,2,8.9,2,9.7,2,9.3,1,9.2,2,8.1,1,9.6,2,10.0,2,10.7,6.0,11.4,1,14.5,3,13.4,3,10.4,7,11.8,5,15.8,2,15.8,3,15.7,3,16.6,4,16.2,5,15.2,5
2016-04-29 10:00:00,9.2,4,9.5,2,9.9,2,10.6,3,10.3,2,9.4,7,9.4,5,10.8,5,10.6,2,11.4,2,11.8,2,11.2,2,10.1,1,10.6,1,11.3,4,11.1,2,10.6,2,11.4,2,10.9,1,10.8,1,9.5,1,11.2,2,11.4,2,12.5,6.0,12.9,2,16.2,2,15.1,3,11.7,7,13.1,4,17.0,3,17.3,3,17.1,4,18.2,4,16.8,5,16.2,5
2016-04-29 11:00:00,9.9,4,10.4,2,10.8,2,11.2,4,11.6,2,10.0,6,10.0,6,11.8,6,11.3,2,12.3,2,12.9,2,12.4,2,11.2,1,12.1,2,12.3,4,12.1,3,11.9,2,12.5,2,12.1,2,12.0,2,10.6,1,12.5,2,12.7,1,13.7,7.0,13.9,2,17.6,3,16.5,4,12.6,7,14.1,4,17.6,3,18.4,3,18.1,4,19.2,5,17.0,5,16.7,5
2016-04-29 12:00:00,10.3,4,11.0,3,11.5,3,11.5,5,12.5,2,10.4,6,10.3,6,12.3,6,11.7,2,12.8,2,13.6,2,13.2,2,12.0,2,13.2,2,12.9,5,12.7,3,12.8,2,13.3,2,12.9,2,12.8,2,11.4,2,13.4,2,13.8,2,14.5,7.0,14.6,2,18.5,3,17.5,4,13.2,7,15.0,4,17.9,4,19.1,4,18.9,5,19.7,5,17.0,5,17.0,6
2016-04-29 13:00:00,10.4,4,11.4,3,11.9,3,11.5,5,13.0,2,10.5,6,10.2,6,12.5,6,11.9,3,13.1,3,13.9,3,13.8,2,12.5,2,13.8,2,13.1,5,13.0,4,13.4,2,13.8,2,13.4,2,13.3,2,12.0,2,14.1,3,14.6,2,14.9,7.0,15.0,2,19.0,4,18.0,5,13.5,7,15.6,4,18.1,5,19.4,4,19.3,5,19.9,5,17.1,5,17.3,6
2016-04-29 14:00:00,10.2,5,11.5,4,12.1,3,11.2,6,13.2,2,10.3,6,9.8,6,12.3,6,12.0,4,13.3,3,13.9,3,14.2,2,12.8,3,14.1,2,13.0,5,13.1,5,13.6,2,14.2,2,13.5,2,13.5,2,12.3,2,14.6,2,15.1,3,14.9,7.0,15.2,2,19.1,4,18.1,5,13.5,7,16.0,5,18.1,5,19.4,4,19.3,4,19.8,5,17.1,5,17.6,7
2016-04-29 15:00:00,9.7,6,10.9,7,11.6,7,10.7,6,13.3,4,10.5,6,9.9,7,12.1,5,12.1,5,13.0,5,13.6,5,14.1,4,13.4,4,14.5,3,12.9,5,12.7,6,13.8,2,14.6,3,13.9,3,13.9,2,12.4,2,15.0,2,15.8,2,15.3,5.0,15.4,2,19.6,4,18.6,3,13.7,7,16.7,5,18.3,4,19.7,4,19.5,3,20.0,4,17.4,3,18.5,7
2016-04-29 16:00:00,9.3,6,10.3,7,11.2,7,10.0,7,13.0,4,10.0,7,9.2,7,11.6,6,11.8,5,12.7,5,13.2,5,13.9,4,13.2,4,14.1,3,12.4,5,12.4,6,13.5,3,14.5,3,13.6,3,13.6,2,12.1,2,14.8,2,15.9,2,14.2,5.0,15.0,2,19.1,4,18.0,3,13.4,7,16.5,5,18.0,4,19.2,4,19.0,3,19.5,3,17.1,3,18.1,7
2016-04-29 17:00:00,8.9,6,9.6,7,10.7,7,9.3,7,12.5,4,9.2,7,8.4,7,10.9,6,11.3,5,12.2,5,12.6,5,13.3,5,12.6,4,13.4,2,11.8,5,11.9,6,12.9,3,13.9,2,13.0,2,13.0,2,11.6,2,14.1,2,15.6,2,12.8,6.0,14.3,2,18.2,4,17.0,4,12.9,6,16.0,4,17.5,4,18.2,4,18.1,4,18.8,3,16.8,3,17.5,7
2016-04-29 18:00:00,8.4,6,8.8,7,9.9,6,8.5,6,11.5,4,8.3,6,7.6,6,10.0,7,10.6,5,11.5,5,12.0,5,12.2,5,11.7,3,12.5,2,11.0,5,11.3,5,12.1,3,12.7,2,12.1,2,12.1,2,10.9,2,12.9,2,15.0,3,11.4,6.0,13.4,3,16.9,4,15.7,4,12.3,6,15.3,4,16.8,4,16.9,4,17.0,4,17.7,3,16.4,3,16.7,6
2016-04-29 19:00:00,7.9,5,8.1,6,9.0,6,7.8,6,10.0,4,7.4,6,6.8,6,8.9,6,9.8,5,10.6,5,11.3,5,10.6,4,10.4,3,11.3,2,10.1,5,10.4,5,11.0,3,10.8,2,10.8,2,10.8,2,10.0,2,11.4,2,13.9,2,10.2,6.0,12.4,3,15.4,5,14.2,4,11.5,6,14.6,4,15.9,4,15.3,4,15.7,4,16.2,3,16.0,3,15.8,6
2016-04-29 20:00:00,7.5,5,7.4,6,8.1,5,7.1,6,8.3,4,6.6,5,6.1,6,7.8,6,8.9,5,9.7,5,10.7,5,8.7,3,8.8,2,10.0,2,9.2,5,9.4,4,9.8,3,8.6,2,9.3,1,9.2,2,9.1,2,9.9,2,12.6,2,9.3,5.0,11.4,3,13.7,5,12.6,4,10.7,6,13.8,5,14.9,4,13.7,5,14.5,4,14.4,3,15.5,3,15.0,6
2016-04-29 21:00:00,7.2,5,7.0,6,7.6,5,6.4,6,7.4,4,6.3,5,5.5,6,6.8,5,8.1,5,8.8,5,10.0,5,7.3,3,7.7,2,9.3,2,8.4,5,8.4,4,8.9,3,7.4,2,8.6,2,8.1,2,8.3,2,8.7,2,11.8,2,8.2,5.0,10.5,4,12.4,5,11.2,4,10.0,6,13.1,5,14.0,4,12.5,5,13.5,4,12.9,4,14.9,4,14.3,6
2016-04-29 22:00:00,7.0,5,6.6,6,7.1,5,5.9,6,6.6,5,6.0,5,5.0,6,6.2,5,7.4,5,8.0,5,9.4,5,6.3,3,6.6,2,8.5,3,7.8,5,7.6,4,8.0,3,6.3,3,7.9,2,7.1,2,7.5,2,7.7,2,11.0,3,7.3,5.0,9.8,5,11.2,5,10.0,4,9.2,6,12.3,5,13.3,4,11.5,5,12.7,4,11.6,4,14.4,4,13.6,6
2016-04-29 23:00:00,6.9,6,6.3,6,6.7,6,5.6,6,6.0,5,5.8,5,4.7,6,5.8,5,6.8,5,7.4,5,8.9,5,5.6,3,5.9,2,7.9,3,7.3,5,7.0,4,7.2,3,5.6,3,7.2,3,6.4,3,6.8,2,6.9,2,10.3,3,6.5,5.0,9.2,5,10.2,5,8.9,5,8.5,6,11.5,5,12.6,4,10.7,5,12.0,4,10.7,4,13.8,4,12.8,6
2016-04-30 00:00:00,6.8,6,6.0,6,6.3,6,5.4,6,5.5,5,5.7,6,4.5,6,5.5,5,6.5,5,7.0,5,8.5,5,5.3,3,5.3,3,7.3,4,6.8,5,6.6,4,6.5,3,5.2,4,6.6,3,5.8,4,6.2,3,6.3,3,9.5,4,5.8,4.0,8.6,5,9.4,5,8.1,5,7.8,6,10.8,5,12.0,4,10.1,5,11.5,4,10.3,4,13.3,4,12.2,6
2016-04-30 01:00:00,6.8,6,5.9,6,6.1,6,5.3,6,5.3,5,5.6,6,4.5,6,5.3,6,6.3,5,6.7,5,8.2,5,5.3,4,5.1,3,6.9,4,6.3,5,6.4,5,6.1,4,5.0,4,6.2,4,5.5,4,5.7,4,5.9,3,8.9,4,5.3,4.0,8.2,5,8.9,5,7.5,5,7.2,5,10.1,5,11.4,4,9.7,5,11.2,4,10.1,4,13.0,4,11.6,5
2016-04-30 02:00:00,6.8,6,5.8,6,5.9,6,5.4,6,5.2,5,5.7,6,4.6,6,5.0,6,6.1,5,6.6,5,8.0,5,5.5,5,5.1,4,6.7,5,5.9,6,6.3,5,5.7,5,5.0,5,5.9,4,5.5,5,5.3,5,5.7,4,8.4,5,5.0,4.0,7.8,5,8.5,5,7.2,5,6.8,5,9.5,5,11.0,5,9.5,5,11.0,5,10.2,5,12.7,4,11.1,5
2016-04-30 03:00:00,6.2,5,5.0,6,5.1,7,4.4,5,5.3,7,4.9,1,4.1,2,4.0,5,5.2,7,5.7,7,7.1,7,5.7,6,3.8,5,4.7,4,4.9,4,5.5,5,5.8,6,5.9,6,4.9,3,4.4,3,5.4,6,5.9,3,7.7,2,5.1,3.0,7.9,6,8.1,2,6.2,3,6.8,3,9.3,2,10.6,3,9.4,2,11.0,4,9.1,4,12.5,3,11.7,5
2016-04-30 04:00:00,5.9,5,4.7,6,4.8,7,4.0,4,5.2,7,4.7,2,3.8,2,3.3,4,4.8,7,5.4,7,6.7,7,5.8,6,3.9,6,4.9,5,4.1,3,4.9,5,5.6,6,5.8,6,5.1,3,4.6,4,5.1,7,5.8,4,7.7,3,5.0,3.0,7.7,6,8.0,3,6.2,4,6.6,3,9.1,3,10.3,2,9.5,2,10.9,5,9.3,5,12.5,4,11.3,6
2016-04-30 05:00:00,5.6,5,4.4,6,4.8,7,3.8,3,5.4,7,4.7,2,3.7,2,2.8,3,4.7,7,5.3,7,6.4,7,6.0,7,4.4,7,5.4,6,3.7,3,4.5,5,5.6,6,5.9,6,5.5,4,5.1,4,4.9,7,5.8,4,8.0,3,5.2,3.0,7.6,6,8.2,3,6.7,4,6.5,4,8.9,3,10.4,2,9.8,2,11.1,6,9.9,5,12.7,5,11.2,6
2016-04-30 06:00:00,5.7,5,4.6,6,5.1,7,4.2,2,5.8,7,5.0,2,4.0,2,3.2,2,4.9,7,5.7,7,6.5,7,6.4,7,5.2,7,6.3,7,4.1,3,4.7,5,5.9,5,6.3,6,6.2,5,6.1,5,5.0,6,6.3,4,8.6,3,5.9,4.0,7.9,5,9.0,3,7.8,4,6.8,4,9.1,4,11.1,2,10.8,2,11.8,6,11.1,6,13.3,6,11.6,6
2016-04-30 07:00:00,6.3,5,5.5,6,6.0,6,5.4,1,6.4,7,5.9,2,5.0,2,4.6,2,5.6,7,6.6,7,7.1,7,7.0,7,6.5,7,7.5,7,5.5,2,5.7,4,6.7,5,7.1,6,7.3,5,7.7,4,5.3,5,7.2,4,9.4,3,7.2,4.0,8.6,5,10.7,2,9.6,4,7.5,5,9.7,4,12.7,2,12.5,2,13.1,6,13.0,6,14.3,6,12.6,5
2016-04-30 08:00:00,7.1,5,6.8,5,7.3,6,7.0,1,7.1,7,7.1,2,6.4,3,6.7,3,6.4,6,7.6,6,8.0,6,7.7,7,8.0,6,8.9,6,7.5,2,7.1,3,7.5,5,8.0,5,8.4,5,9.5,3,5.8,4,8.2,3,10.3,2,9.0,5.0,9.6,4,13.0,2,11.7,4,8.6,5,10.5,4,14.6,2,14.5,2,14.8,5,15.3,6,15.5,5,14.0,5
2016-04-30 09:00:00,8.0,4,8.1,4,8.4,6,8.5,2,7.9,6,8.4,2,7.8,3,8.7,4,7.3,5,8.6,5,8.9,6,8.4,7,9.3,6,10.4,6,9.5,2,8.4,3,8.2,5,8.7,5,9.4,5,11.2,2,6.3,3,8.9,3,11.2,2,10.6,5.0,10.6,3,15.3,2,13.8,3,9.7,6,11.3,3,16.3,3,16.3,2,16.5,4,17.5,5,16.5,5,15.3,4
2016-04-30 10:00:00,8.7,4,9.0,4,9.2,5,9.6,2,8.6,6,9.4,2,8.8,3,10.1,4,7.9,5,9.2,5,9.5,5,8.9,7,10.2,6,11.7,5,10.9,2,9.3,3,8.4,5,8.9,4,10.0,5,12.5,2,6.6,3,9.1,4,12.0,3,11.9,6.0,11.6,3,17.1,2,15.5,2,10.8,6,12.0,4,17.3,3,17.6,3,17.9,3,19.2,5,17.1,4,16.2,4
2016-04-30 11:00:00,9.1,3,9.5,3,9.6,5,10.2,3,9.2,6,10.2,3,9.4,4,11.0,4,8.3,4,9.4,4,10.0,4,9.1,7,10.7,6,12.8,5,11.9,3,9.7,3,8.3,5,8.8,4,10.2,5,13.3,3,6.9,2,9.0,4,12.6,3,12.7,6.0,12.3,2,18.3,3,16.8,2,11.6,6,12.6,4,17.9,2,18.4,3,18.9,3,20.4,5,17.3,4,16.7,4
2016-04-30 12:00:00,9.4,3,9.9,3,10.0,5,10.5,4,9.5,6,10.7,3,9.7,4,11.5,4,8.6,4,9.6,4,10.3,4,9.3,7,10.9,6,13.5,5,12.4,4,10.0,4,8.3,5,8.7,4,10.2,5,13.6,4,7.2,2,9.0,4,12.9,4,13.2,6.0,12.9,2,18.7,3,17.7,2,12.2,6,13.2,5,18.2,2,18.8,3,19.5,2,21.0,5,17.4,5,17.1,4
2016-04-30 13:00:00,9.6,3,10.2,3,10.4,5,10.6,4,9.6,7,10.9,3,9.8,4,11.7,4,8.8,4,9.8,4,10.6,4,9.4,6,11.0,6,13.7,5,12.6,4,10.2,4,8.6,5,8.8,4,10.1,6,13.4,5,7.6,2,9.4,4,12.9,4,13.3,6.0,13.2,1,18.3,3,18.2,3,12.4,7,13.8,5,18.5,2,19.0,2,19.6,2,21.1,4,17.5,5,17.4,4
2016-04-30 14:00:00,9.6,4,10.3,3,10.6,5,10.5,4,9.6,6,11.0,3,9.8,4,11.6,4,9.0,5,10.0,5,10.8,5,9.4,6,11.0,6,13.5,6,12.6,4,10.3,5,9.0,5,9.1,5,9.9,6,12.7,5,8.0,2,9.9,3,12.6,4,13.1,6.0,13.3,1,17.3,2,18.3,3,12.2,7,14.2,5,18.8,2,18.8,2,19.4,3,20.9,4,17.6,5,17.6,5
2016-04-30 15:00:00,8.5,2,8.9,4,9.2,4,9.4,3,10.6,6,10.8,4,9.8,4,11.1,3,8.1,4,8.8,4,9.8,4,9.7,6,10.6,7,12.3,7,12.2,4,9.7,5,8.6,5,9.3,5,9.1,7,10.9,7,7.5,5,8.4,5,9.5,6,9.5,7.0,12.2,3,14.2,4,15.1,4,11.0,5,12.8,3,16.0,2,15.5,3,16.6,1,18.9,1,17.9,4,15.5,2
2016-04-30 16:00:00,8.4,3,9.0,4,9.1,3,9.4,4,10.1,6,10.5,3,9.6,4,10.9,3,8.1,3,8.6,4,9.5,4,9.1,6,9.9,6,11.3,7,11.9,4,9.5,5,8.2,5,8.5,4,8.3,6,9.9,7,7.1,5,8.0,5,9.2,5,8.1,7.0,11.9,3,13.6,3,13.8,3,10.7,5,12.6,3,15.8,2,15.0,2,15.8,1,17.8,1,17.4,3,15.4,2
2016-04-30 17:00:00,8.3,3,8.8,4,8.9,2,9.3,4,9.3,5,10.1,3,9.3,3,10.5,2,7.8,3,8.2,3,8.9,3,8.4,5,9.1,6,10.1,7,11.4,3,9.1,4,7.4,5,7.5,3,7.3,6,8.8,7,6.6,5,7.4,5,8.8,4,6.7,7.0,11.5,2,12.9,2,12.1,2,10.3,4,12.2,3,15.3,2,14.2,2,14.8,1,16.4,1,16.7,2,15.0,1
2016-04-30 18:00:00,8.1,3,8.3,3,8.5,2,8.8,5,8.3,4,9.3,2,8.6,3,9.7,2,7.4,2,7.7,2,8.3,2,7.5,4,8.3,6,9.1,7,10.6,3,8.4,4,6.6,5,6.6,3,6.4,6,7.9,7,5.9,5,6.7,4,8.2,3,5.4,7.0,10.9,2,12.0,1,10.5,1,9.7,4,11.6,3,14.5,2,13.1,2,13.8,1,15.0,1,16.0,1,14.4,1
2016-04-30 19:00:00,7.7,2,7.4,3,7.7,1,7.7,4,7.2,4,8.1,2,7.6,2,8.4,2,6.9,2,7.0,2,7.9,2,6.6,3,7.6,5,8.6,7,9.6,3,7.5,4,5.9,5,6.0,3,5.7,6,7.2,7,5.3,5,6.1,4,7.6,3,4.4,7.0,10.2,2,11.0,1,9.3,1,8.9,4,10.9,3,13.6,2,11.9,2,12.9,1,13.6,1,15.4,1,13.5,2
2016-04-30 20:00:00,7.2,2,6.4,2,6.8,1,6.4,3,6.1,3,6.7,2,6.5,2,7.0,2,6.2,2,6.3,2,7.6,2,5.7,3,7.0,6,8.3,7,8.4,3,6.6,4,5.3,5,5.7,3,5.2,6,6.7,7,4.7,5,5.6,5,6.9,4,3.8,7.0,9.4,3,10.0,2,8.5,1,8.1,4,10.2,3,12.6,2,10.8,3,12.0,1,12.3,1,14.8,1,12.6,2
2016-04-30 21:00:00,7.0,2,5.5,2,5.9,2,5.4,3,5.3,3,6.4,2,5.6,2,5.7,2,5.5,2,5.7,2,7.1,2,5.1,4,6.4,5,7.7,7,7.2,3,5.7,4,4.8,4,5.1,3,4.8,6,6.4,7,4.2,5,5.2,5,6.6,4,3.5,7.0,8.7,3,9.3,2,7.8,1,7.2,4,9.4,3,11.7,2,10.1,3,11.4,2,11.2,1,14.1,1,11.7,2
2016-04-30 22:00:00,6.8,2,4.8,2,5.1,2,4.7,3,4.7,4,6.1,2,4.9,3,4.7,2,4.9,2,5.1,2,6.7,2,4.6,4,5.9,5,7.3,7,6.1,3,5.1,3,4.4,4,4.7,4,4.5,6,6.1,7,3.8,5,4.8,5,6.4,4,3.3,6.0,8.0,3,8.7,3,7.1,2,6.4,4,8.7,3,10.9,2,9.5,3,10.8,2,10.2,2,13.4,2,10.9,2
2016-04-30 23:00:00,6.7,2,4.4,2,4.6,3,4.4,4,4.4,4,5.9,3,4.4,3,4.1,2,4.4,3,4.7,3,6.3,3,4.2,5,5.5,5,6.9,6,5.2,4,4.6,3,4.2,4,4.2,4,4.3,6,5.8,7,3.6,4,4.5,5,6.2,4,3.2,6.0,7.5,3,8.1,3,6.5,2,5.8,5,8.1,4,10.2,2,9.0,3,10.3,2,9.4,2,12.9,2,10.3,2
2016-05-01 00:00:00,6.6,2,4.3,3,4.3,3,4.4,4,4.2,5,5.8,3,4.3,3,3.9,3,4.1,3,4.5,3,6.1,3,4.1,5,5.2,5,6.6,6,4.7,4,4.4,2,4.0,4,3.8,4,4.2,6,5.7,6,3.4,4,4.2,5,6.1,4,3.2,6.0,7.2,3,7.7,3,6.1,3,5.4,5,7.7,4,9.7,3,8.6,4,9.9,3,8.8,3,12.4,2,9.9,2
2016-05-01 01:00:00,6.6,3,4.4,3,4.2,4,4.7,4,4.1,6,5.9,4,4.4,4,4.0,3,4.1,4,4.4,4,6.0,4,4.1,6,5.0,5,6.4,6,4.6,4,4.4,2,3.8,5,3.5,5,4.2,6,5.6,6,3.4,4,4.0,5,6.0,4,3.3,6.0,6.9,3,7.4,4,5.8,4,5.2,5,7.4,4,9.2,3,8.3,4,9.5,3,8.4,3,12.2,3,9.5,2
2016-05-01 02:00:00,6.6,4,4.7,4,4.4,5,5.0,5,4.0,7,6.1,4,4.5,4,4.0,4,4.3,4,4.5,4,6.0,4,4.2,6,4.8,5,6.4,6,4.6,5,4.4,2,3.6,5,3.2,5,4.3,6,5.6,6,3.4,4,3.9,5,6.1,5,3.5,6.0,6.7,3,7.2,4,5.6,4,5.0,5,7.2,5,9.0,4,8.2,4,9.4,4,8.2,3,12.0,3,9.3,3
2016-05-01 03:00:00,6.7,2,4.3,2,3.2,2,3.7,2,3.3,6,4.5,3,3.6,2,2.7,2,3.5,4,3.7,4,5.4,4,3.4,4,4.0,7,5.3,7,3.0,2,3.4,2,2.6,5,2.5,3,3.8,7,4.2,7,2.6,2,3.0,4,5.2,6,3.3,7.0,6.2,1,7.2,2,4.8,2,5.0,4,6.5,4,9.0,1,7.8,2,8.2,2,7.7,1,11.1,1,9.1,3
2016-05-01 04:00:00,6.6,2,4.1,2,3.3,2,3.5,2,3.2,6,4.6,4,3.7,2,2.4,2,3.2,4,3.5,3,5.1,3,3.2,4,3.8,7,5.2,7,2.5,2,3.0,2,2.2,4,2.0,3,3.6,7,4.0,7,2.3,2,2.6,4,5.1,7,3.0,7.0,5.6,1,7.1,2,4.9,2,4.7,4,6.2,4,8.7,2,7.8,2,8.0,2,7.5,1,11.1,1,8.7,3
2016-05-01 05:00:00,6.5,2,4.1,2,3.7,2,3.6,2,3.2,6,4.9,4,4.0,2,2.3,2,3.2,3,3.4,3,5.0,3,3.2,4,3.9,7,5.3,7,2.2,2,2.8,2,2.0,3,1.9,3,3.7,6,4.1,7,2.2,2,2.4,5,5.2,7,2.7,7.0,5.3,1,7.1,2,5.3,2,4.7,4,6.1,4,8.7,2,8.1,2,8.0,2,7.7,1,11.4,1,8.5,3
2016-05-01 06:00:00,6.7,2,4.7,2,4.6,2,4.3,2,3.8,6,5.6,3,4.9,2,3.1,1,3.8,3,4.1,2,5.5,2,3.7,5,4.3,7,5.6,7,2.9,1,3.3,2,2.5,3,2.5,3,4.2,6,4.6,7,2.6,2,2.9,5,5.4,7,2.7,7.0,5.6,1,7.6,2,6.2,2,5.1,4,6.5,4,9.3,2,8.9,2,8.5,2,8.6,1,12.0,1,8.9,3
2016-05-01 07:00:00,7.3,2,6.1,2,6.0,2,5.9,2,5.0,6,6.9,3,6.4,2,4.9,1,5.3,2,5.8,2,6.8,2,5.0,6,5.2,7,6.1,7,4.8,1,4.9,2,3.9,2,4.0,3,5.1,7,5.3,7,3.6,2,4.1,5,5.8,7,3.1,7.0,6.9,1,8.8,3,7.5,2,6.3,4,7.5,3,10.6,2,10.2,2,9.5,2,10.2,1,13.0,2,10.0,3
2016-05-01 08:00:00,8.1,2,7.9,2,7.7,2,7.8,2,6.6,5,8.5,3,8.2,3,7.4,1,7.2,2,7.9,2,8.7,2,6.6,6,6.2,7,6.6,7,7.3,1,7.1,2,5.9,2,6.0,3,6.3,7,6.1,7,5.0,2,5.8,5,6.4,7,3.8,7.0,8.8,1,10.4,3,8.9,2,7.9,4,8.8,2,12.3,2,11.7,3,10.8,2,12.2,1,14.0,3,11.5,3
2016-05-01 09:00:00,9.0,2,9.6,2,9.3,2,9.7,2,8.3,5,10.0,2,9.8,3,9.7,1,9.0,2,9.9,2,10.4,2,8.3,6,7.2,7,7.2,7,9.8,1,9.2,2,7.8,2,7.9,2,7.5,7,6.8,7,6.5,1,7.4,5,7.1,7,4.6,7.0,10.7,1,12.0,4,10.4,2,9.4,4,10.1,2,14.0,2,13.2,3,12.2,3,14.0,1,15.0,3,12.9,2
2016-05-01 10:00:00,9.8,2,10.8,2,10.5,2,11.0,2,9.8,5,11.1,2,10.8,3,11.4,2,10.1,2,11.1,2,11.6,2,9.6,6,7.8,7,7.7,7,11.6,1,10.7,2,9.2,2,9.2,2,8.5,7,7.3,7,7.8,1,8.5,5,7.8,7,5.4,7.0,12.2,1,13.1,4,11.6,2,10.5,4,11.1,1,15.3,2,14.3,3,13.5,3,15.2,2,15.6,3,13.9,2
2016-05-01 11:00:00,10.4,2,11.6,1,11.4,2,11.7,2,11.0,5,11.9,2,11.4,3,12.4,2,10.7,2,11.8,2,12.5,2,10.4,6,8.3,7,8.2,7,12.8,1,11.6,2,10.1,3,10.0,3,9.2,7,7.6,7,8.8,1,9.3,6,8.6,7,6.0,7.0,13.2,1,13.8,4,12.5,3,11.3,3,11.9,2,16.2,2,15.1,3,14.6,2,16.0,2,16.0,4,14.4,2
2016-05-01 12:00:00,10.7,2,12.1,1,12.0,2,12.1,2,11.9,6,12.5,2,11.7,3,13.0,2,11.1,2,12.2,1,13.0,2,11.0,6,8.7,7,8.7,7,13.4,2,12.1,2,10.8,3,10.6,3,9.7,7,7.8,7,9.5,1,9.8,6,9.2,7,6.6,7.0,13.8,1,14.2,4,13.1,3,11.6,3,12.5,2,16.8,2,15.6,3,15.5,2,16.5,3,16.2,4,14.8,2
2016-05-01 13:00:00,10.8,2,12.3,1,12.5,2,12.3,2,12.4,6,12.9,2,11.9,3,13.3,2,11.5,1,12.6,1,13.4,2,11.4,6,9.3,7,9.3,7,13.7,2,12.3,2,11.4,3,11.2,4,9.9,7,8.0,7,9.9,2,10.3,7,9.7,7,7.0,7.0,14.2,2,14.3,3,13.3,4,11.6,3,13.1,2,17.1,3,16.0,3,16.0,2,16.9,4,16.4,5,15.1,2
2016-05-01 14:00:00,10.7,2,12.4,2,12.7,2,12.3,2,12.5,6,13.1,2,12.0,3,13.3,2,11.9,2,13.0,2,13.6,2,11.6,7,9.9,7,9.9,7,13.8,2,12.4,3,11.8,4,11.6,5,9.9,7,8.2,7,10.0,2,10.7,7,10.0,7,7.3,7.0,14.3,2,14.3,3,13.2,5,11.5,3,13.6,2,17.2,3,16.2,3,16.2,2,17.1,4,16.5,6,15.3,2
2016-05-01 15:00:00,10.4,3,12.3,4,13.2,2,12.5,4,12.8,5,12.7,7,11.9,6,13.6,4,12.3,3,13.0,3,13.7,3,11.3,7,10.6,7,11.5,6,13.9,4,13.0,4,12.1,4,11.8,6,9.3,6,9.3,7,10.1,2,10.2,7,9.2,7,7.7,7.0,13.9,2,12.8,2,13.9,2,11.3,4,14.0,2,16.5,3,15.2,2,14.7,1,17.5,2,16.9,5,15.4,2
2016-05-01 16:00:00,10.1,3,12.0,4,12.8,2,12.4,4,12.7,5,12.6,7,11.8,6,13.5,4,12.2,3,12.9,3,13.5,3,11.4,7,10.7,7,11.7,5,13.7,4,13.1,4,12.1,4,11.6,6,9.2,5,9.5,7,9.9,2,9.9,7,9.3,6,7.6,6.0,13.7,2,12.4,2,13.5,1,11.1,3,13.9,2,16.1,3,14.6,2,14.2,1,16.8,1,16.4,4,15.3,2
2016-05-01 17:00:00,9.7,2,11.5,3,12.1,3,12.2,4,12.4,4,12.4,6,11.6,6,13.2,4,11.9,3,12.4,3,13.0,3,11.3,7,10.5,7,11.6,4,13.2,3,12.9,3,11.8,4,11.0,6,8.9,4,9.5,6,9.6,2,9.4,6,9.2,4,7.3,5.0,13.4,2,11.9,2,12.9,1,10.9,3,13.5,2,15.5,2,13.7,1,13.6,2,15.9,1,15.7,4,15.0,3
2016-05-01 18:00:00,9.4,2,10.8,3,11.2,4,11.6,4,11.5,3,12.0,6,11.1,5,12.6,3,11.3,3,11.8,2,12.5,2,10.7,6,10.0,7,11.3,4,12.4,3,12.3,2,11.1,4,10.2,6,8.4,3,9.3,6,9.1,2,8.7,5,8.8,3,6.8,4.0,12.7,2,11.4,1,12.1,1,10.4,3,12.9,2,14.7,1,12.8,1,13.0,2,14.9,2,15.1,3,14.5,3
2016-05-01 19:00:00,9.1,3,9.9,3,10.3,4,10.6,4,10.1,3,11.3,6,10.4,5,11.5,4,10.5,3,11.0,2,12.0,2,9.6,6,9.2,6,10.7,4,11.2,3,11.2,2,10.1,4,9.4,6,7.8,3,8.7,7,8.5,2,8.0,5,8.2,3,6.0,4.0,11.6,2,11.0,1,11.2,1,9.7,3,12.2,2,13.9,1,12.0,1,12.5,1,13.8,2,14.6,4,13.9,2
2016-05-01 20:00:00,8.8,4,9.0,3,9.3,3,9.3,3,8.5,3,10.6,5,9.7,5,10.3,4,9.5,2,10.0,2,11.4,2,8.3,6,8.3,5,10.0,4,9.9,3,9.9,2,9.0,4,8.5,6,7.3,4,8.1,7,7.9,2,7.4,6,7.5,4,5.3,4.0,10.4,2,10.5,1,10.2,1,8.8,3,11.4,3,13.1,1,11.4,1,12.1,1,12.7,2,14.2,4,13.2,2
2016-05-01 21:00:00,8.6,4,8.2,3,8.5,2,8.4,3,7.3,4,10.0,6,9.0,5,9.2,4,8.6,2,9.1,2,10.8,2,7.1,6,7.5,5,9.3,4,8.9,4,8.6,2,8.0,4,7.7,6,6.9,4,7.5,7,7.3,2,6.9,6,7.1,4,4.7,4.0,9.4,2,10.0,1,9.4,2,7.8,4,10.6,3,12.4,1,10.8,1,11.6,1,11.7,2,13.8,4,12.6,2
2016-05-01 22:00:00,8.4,5,7.6,2,7.8,2,7.8,4,6.6,4,9.5,6,8.6,5,8.5,4,7.8,2,8.2,2,10.1,2,6.3,6,7.0,4,8.7,4,8.0,4,7.7,2,7.2,4,7.0,5,6.8,4,7.3,6,6.9,3,6.6,6,6.9,4,4.6,4.0,8.5,2,9.4,1,8.7,2,6.9,4,9.8,3,11.8,1,10.3,1,11.0,1,10.7,2,13.4,4,12.1,2
2016-05-01 23:00:00,8.4,5,7.3,2,7.2,2,7.5,4,6.2,4,9.2,6,8.3,6,8.2,5,7.1,3,7.5,2,9.5,2,5.8,6,6.8,4,8.3,4,7.5,4,7.0,2,6.5,4,6.4,5,6.8,4,7.2,6,6.5,3,6.4,6,6.8,5,4.7,4.0,7.9,2,9.0,2,8.2,3,6.2,4,9.2,3,11.4,1,9.9,2,10.6,1,9.9,2,13.0,4,11.7,2
2016-05-02 00:00:00,8.3,5,7.1,3,6.8,3,7.6,5,6.0,4,9.1,6,8.2,6,8.0,5,6.7,3,7.0,2,8.9,3,5.6,6,6.7,4,8.0,5,7.2,5,6.7,2,6.1,4,5.9,4,6.8,4,7.2,6,6.2,4,6.3,6,7.0,5,5.0,4.0,7.5,2,8.7,2,7.7,3,5.8,4,8.7,3,11.2,2,9.7,2,10.3,1,9.4,3,12.7,4,11.4,3
2016-05-02 01:00:00,8.4,6,7.1,4,6.4,4,7.7,5,5.8,5,9.0,6,8.2,6,7.9,5,6.5,3,6.7,3,8.4,3,5.6,6,6.6,4,7.8,5,7.0,5,6.6,3,5.8,4,5.6,4,6.7,4,7.1,6,5.8,4,6.2,6,7.3,5,5.4,4.0,7.3,2,8.7,3,7.3,4,5.5,4,8.5,3,11.1,2,9.7,2,10.3,2,9.2,3,12.6,4,11.1,3
2016-05-02 02:00:00,8.5,6,7.1,5,6.2,5,7.8,6,5.6,5,9.0,6,8.2,6,7.7,5,6.4,4,6.5,4,8.0,4,5.7,6,6.5,4,7.7,5,7.0,6,6.5,5,5.6,4,5.4,3,6.4,4,6.9,6,5.5,5,6.1,5,7.6,5,5.5,4.0,7.2,2,8.7,3,6.9,4,5.4,4,8.3,3,11.0,3,9.8,3,10.3,2,9.2,3,12.5,4,10.7,3
2016-05-02 03:00:00,8.4,7,6.4,6,5.2,4,6.7,5,4.5,2,8.8,5,7.6,6,6.2,5,5.6,3,5.1,3,7.3,3,4.6,2,5.8,5,7.2,6,5.4,4,5.5,3,4.6,2,3.9,2,5.8,6,6.0,7,5.0,1,5.0,5,7.4,5,4.6,3.0,6.2,1,8.9,1,6.3,2,4.1,2,7.3,1,11.0,1,9.8,1,10.0,1,8.6,3,12.6,5,10.9,1
2016-05-02 04:00:00,8.7,7,6.6,6,5.3,5,6.8,5,4.3,2,8.8,5,7.6,5,6.1,5,5.3,3,4.9,3,7.1,3,4.5,2,5.7,5,7.3,5,5.1,4,5.2,3,4.2,2,3.5,2,5.7,5,6.0,7,4.6,1,4.7,5,7.4,5,4.1,2.0,5.7,1,8.9,1,6.6,1,3.8,2,6.9,1,10.8,1,10.0,1,10.2,1,8.7,3,12.7,5,10.6,1
2016-05-02 05:00:00,8.9,6,7.0,6,5.8,4,7.1,5,4.4,2,8.8,4,7.8,5,6.3,5,5.3,3,5.0,3,7.1,3,4.7,3,5.9,6,7.7,5,5.2,4,5.3,3,4.1,2,3.6,2,6.0,5,6.4,7,4.4,2,4.8,5,7.6,5,4.0,3.0,5.6,1,9.1,1,7.5,1,3.8,2,6.8,1,10.9,1,10.5,1,10.7,1,9.4,3,13.0,4,10.6,1
2016-05-02 06:00:00,9.3,6,7.8,6,6.7,4,7.9,5,5.2,3,9.2,5,8.4,5,7.1,5,5.9,4,5.8,3,7.7,3,5.6,4,6.7,6,8.4,4,6.1,4,6.0,4,4.7,2,4.4,2,6.8,4,7.2,6,4.8,2,5.5,6,8.1,5,4.5,3.0,6.2,2,9.9,1,8.9,1,4.6,2,7.3,1,11.7,1,11.5,1,11.5,1,10.8,3,13.9,4,11.1,1
2016-05-02 07:00:00,9.8,7,9.1,6,8.2,4,9.4,6,6.8,3,10.0,5,9.5,5,8.8,5,7.5,4,7.6,3,9.1,3,7.3,4,8.2,6,9.5,4,8.0,5,7.6,4,6.3,2,6.3,3,8.4,4,8.5,6,6.1,2,7.1,6,9.1,5,6.0,3.0,7.8,2,11.5,2,10.7,1,6.4,2,8.5,1,13.5,1,13.1,1,12.7,1,13.0,2,15.4,3,12.3,1
2016-05-02 08:00:00,10.3,7,10.6,6,10.0,4,11.1,6,8.9,4,11.0,6,10.9,6,10.9,6,9.6,4,9.8,4,10.9,4,9.5,4,10.0,5,10.8,3,10.4,6,9.8,4,8.5,2,8.8,3,10.3,4,10.1,6,7.9,1,9.0,6,10.4,6,8.2,3.0,10.0,1,13.6,2,12.8,1,8.7,2,10.2,1,15.7,1,15.0,1,14.2,1,15.7,2,17.1,3,14.0,1
2016-05-02 09:00:00,10.8,7,11.9,7,11.6,4,12.7,5,11.1,4,12.0,6,12.1,6,12.8,6,11.5,5,11.9,4,12.7,4,11.5,4,11.8,4,12.1,3,12.6,6,11.8,4,10.6,2,11.1,3,12.1,4,11.6,6,9.7,1,10.8,6,11.7,6,10.4,3.0,12.2,1,15.5,2,14.8,1,10.9,2,12.0,1,17.8,1,16.7,1,15.7,1,18.2,2,18.5,3,15.7,1
2016-05-02 10:00:00,11.3,7,12.8,6,12.8,5,13.7,5,12.9,4,12.8,6,12.9,6,14.0,6,12.7,5,13.3,4,14.0,4,13.0,4,13.2,3,13.3,2,14.0,7,13.2,4,12.1,2,12.7,3,13.4,4,12.8,5,11.1,2,11.9,6,12.8,5,12.2,3.0,13.9,1,16.9,2,16.6,2,12.5,3,13.4,2,19.3,1,18.0,1,17.1,1,20.2,2,19.3,3,17.0,2
2016-05-02 11:00:00,11.6,6,13.5,6,13.6,6,14.2,5,14.3,4,13.3,6,13.3,6,14.6,6,13.4,5,14.2,5,14.9,5,14.0,5,14.2,3,14.4,2,14.8,7,14.2,5,13.1,3,13.7,3,14.2,3,13.6,5,12.2,2,12.6,6,13.7,5,13.6,3.0,15.1,1,17.8,2,18.0,2,13.6,3,14.6,4,20.1,1,18.9,1,18.3,1,21.6,2,19.6,2,18.1,2
2016-05-02 12:00:00,11.9,6,13.9,6,14.2,6,14.4,5,15.2,4,13.7,6,13.5,6,14.9,6,13.9,5,14.8,5,15.5,5,14.7,5,14.9,3,15.2,2,15.1,6,14.7,6,13.8,3,14.3,3,14.7,3,14.2,5,12.8,2,13.1,5,14.4,4,14.6,3.0,15.9,1,18.4,2,19.1,2,14.2,3,15.5,4,20.7,1,19.6,1,19.3,1,22.7,2,19.7,2,18.8,2
2016-05-02 13:00:00,12.1,6,14.3,6,14.7,7,14.5,6,15.7,4,13.9,6,13.7,6,15.0,5,14.4,6,15.4,5,16.0,5,15.1,5,15.3,3,15.8,2,15.3,6,15.0,6,14.4,4,14.8,4,14.9,3,14.6,6,13.1,3,13.7,5,15.0,4,15.1,4.0,16.3,2,18.8,2,19.8,2,14.5,3,16.2,5,21.1,1,20.2,1,20.0,1,23.5,2,19.7,2,19.3,2
2016-05-02 14:00:00,12.1,7,14.6,6,15.1,7,14.5,6,15.9,5,14.0,7,13.9,7,15.0,5,14.9,6,15.9,6,16.4,6,15.4,5,15.4,4,16.2,2,15.3,6,15.2,7,14.8,4,15.2,4,14.9,4,14.9,6,13.2,3,14.2,5,15.4,4,15.3,4.0,16.5,2,19.1,2,20.0,2,14.6,3,16.8,4,21.4,1,20.5,1,20.4,1,23.8,2,19.6,2,19.6,2
2016-05-02 15:00:00,11.8,6,14.0,6,14.8,7,14.5,6,16.0,5,14.0,7,13.7,6,15.1,6,14.8,6,15.6,6,16.1,6,15.5,5,16.2,3,17.1,2,15.1,5,15.1,7,15.2,5,15.5,4,15.2,3,15.9,6,13.1,4,14.9,5,16.0,5,14.0,5.0,16.0,3,18.9,2,19.8,1,14.0,2,16.9,2,21.5,1,20.6,1,20.3,1,23.7,2,19.5,2,19.3,2
2016-05-02 16:00:00,11.7,6,13.9,6,14.7,6,14.2,6,15.7,5,13.5,7,13.3,7,15.0,5,14.6,6,15.4,6,15.8,6,15.3,5,15.9,4,16.8,2,14.8,4,15.0,7,15.0,5,15.4,4,14.9,3,15.7,5,12.9,4,14.7,4,16.0,4,13.5,4.0,15.7,4,18.6,2,19.1,1,13.9,2,16.8,2,21.2,1,20.1,1,19.8,1,22.8,1,19.2,2,19.1,1
2016-05-02 17:00:00,11.5,5,13.5,5,14.4,6,13.7,5,15.1,5,12.6,7,12.6,6,14.7,5,14.1,5,14.8,5,15.4,5,14.9,5,15.4,4,16.1,2,14.3,3,14.7,6,14.5,5,15.0,4,14.4,2,15.1,5,12.6,3,14.2,4,15.7,3,12.7,4.0,15.1,4,18.0,1,18.0,1,13.5,2,16.4,2,20.6,1,19.2,1,19.2,1,21.6,1,18.7,2,18.7,1
2016-05-02 18:00:00,11.2,4,12.8,5,13.7,6,12.9,4,14.3,5,11.6,6,11.8,6,14.0,5,13.4,5,14.1,5,14.8,5,14.1,5,14.5,4,15.2,2,13.5,3,14.1,6,13.7,5,14.2,4,13.6,2,14.1,5,12.0,3,13.4,3,15.1,2,11.8,3.0,14.3,4,17.2,1,16.8,1,12.9,3,15.7,2,19.6,1,18.0,1,18.4,1,20.1,2,18.2,2,18.0,1
2016-05-02 19:00:00,10.8,4,12.0,5,12.8,6,11.9,4,13.2,6,10.7,6,10.7,5,12.9,4,12.7,5,13.3,5,14.1,5,12.9,5,13.2,4,14.0,2,12.5,3,13.2,5,12.8,5,12.9,4,12.5,2,12.7,5,11.2,2,12.4,2,14.1,1,10.7,3.0,13.2,4,16.3,1,15.6,1,12.0,3,14.8,2,18.4,1,16.7,1,17.7,1,18.4,2,17.6,2,17.2,1
2016-05-02 20:00:00,10.3,5,11.1,6,11.8,6,10.7,4,12.1,6,9.8,5,9.6,4,11.6,4,11.9,6,12.6,5,13.4,5,11.6,5,11.8,3,12.7,3,11.4,4,12.2,4,11.8,5,11.4,4,11.2,2,11.1,4,10.2,3,11.4,2,12.9,1,9.6,3.0,12.0,4,15.4,1,14.6,1,10.9,2,13.7,2,17.1,1,15.6,1,17.0,1,16.7,2,17.0,2,16.5,1
2016-05-02 21:00:00,10.0,5,10.4,6,11.1,6,9.9,4,11.2,6,9.1,5,8.6,3,10.5,4,11.3,5,12.0,5,12.8,5,10.5,5,10.5,3,11.5,3,10.5,4,11.4,4,11.0,5,10.1,5,10.1,2,9.8,4,9.4,3,10.6,2,12.0,2,8.8,3.0,11.0,3,14.6,2,13.4,2,10.2,2,12.8,2,16.1,1,14.7,1,16.1,2,15.2,2,16.4,2,15.8,1
2016-05-02 22:00:00,9.7,5,9.8,6,10.4,6,9.1,4,10.5,6,8.5,5,7.9,3,9.6,4,10.8,5,11.5,5,12.3,5,9.8,5,9.6,3,10.6,4,9.8,4,10.6,4,10.4,5,9.2,5,9.4,3,9.0,4,8.8,3,9.8,3,11.2,2,8.2,3.0,10.2,3,13.9,2,12.2,2,9.6,2,12.0,2,15.2,1,14.0,2,15.3,2,13.8,2,15.8,2,15.0,1
2016-05-02 23:00:00,9.5,5,9.4,6,9.9,6,8.4,4,10.0,6,8.0,5,7.4,3,9.1,4,10.4,5,11.1,5,11.9,5,9.5,5,9.2,3,9.9,4,9.3,5,10.0,4,9.9,5,8.5,5,8.9,3,8.6,5,8.2,4,9.2,3,10.7,2,7.8,3.0,9.6,2,13.2,2,11.1,3,9.1,2,11.4,3,14.3,1,13.5,2,14.5,3,12.6,2,15.1,2,14.3,2
2016-05-03 00:00:00,9.4,5,9.1,6,9.5,6,7.9,4,9.6,6,7.7,5,7.1,4,8.7,4,10.1,5,10.7,5,11.5,5,9.3,6,8.9,3,9.5,4,9.0,5,9.5,4,9.6,5,8.2,5,8.7,4,8.4,5,7.9,4,8.8,4,10.4,3,7.5,3.0,9.2,3,12.5,3,10.1,3,8.6,2,11.0,3,13.6,1,13.0,2,13.8,3,11.6,3,14.6,2,13.5,2
2016-05-03 01:00:00,9.2,5,8.9,6,9.1,6,7.5,4,9.2,6,7.6,5,7.0,4,8.2,5,9.7,5,10.2,5,11.3,5,9.1,6,8.8,4,9.3,5,8.7,5,9.1,5,9.4,6,8.0,5,8.5,4,8.3,5,7.7,4,8.5,4,10.2,3,7.2,3.0,9.0,3,11.7,3,9.2,4,8.3,3,10.7,4,13.1,1,12.4,3,13.2,4,10.8,3,14.1,3,12.8,2
2016-05-03 02:00:00,9.1,5,8.8,6,8.9,6,7.2,5,8.8,6,7.5,5,7.0,5,7.7,5,9.3,5,9.6,5,11.0,5,9.0,6,8.7,4,9.2,5,8.4,6,8.8,5,9.1,6,8.0,5,8.4,5,8.3,5,7.6,5,8.4,5,10.1,4,6.8,4.0,8.9,4,11.0,4,8.5,5,8.1,4,10.6,4,12.6,2,11.9,3,12.7,4,10.3,3,13.7,3,12.2,2
2016-05-03 03:00:00,8.7,2,8.6,3,8.6,5,7.2,3,8.1,7,6.8,3,6.6,3,7.6,3,8.5,4,8.7,5,10.2,5,8.2,7,7.2,7,8.0,6,8.1,4,8.1,5,8.4,6,7.4,6,7.8,6,7.1,5,7.3,6,7.9,5,9.8,6,6.7,5.0,8.4,5,11.7,2,9.1,2,6.6,3,9.5,6,12.7,2,12.2,2,12.8,1,10.1,1,13.7,1,12.8,2
2016-05-03 04:00:00,8.3,2,8.1,3,8.2,5,6.9,3,8.1,6,6.7,3,6.4,3,6.8,3,8.0,4,8.4,4,9.7,4,8.4,6,7.4,7,8.3,5,7.5,4,7.7,4,8.2,6,7.5,6,7.8,6,7.4,5,7.1,6,7.9,5,9.7,6,6.6,5.0,8.5,6,11.5,1,9.0,1,6.4,3,9.3,5,12.3,2,12.1,1,12.8,2,10.2,1,13.8,1,12.4,2
2016-05-03 05:00:00,8.0,2,7.8,4,8.1,4,6.9,3,8.4,5,6.7,3,6.4,4,6.2,4,7.8,3,8.4,3,9.4,4,8.7,6,7.9,7,8.8,5,7.1,4,7.7,3,8.2,6,7.9,6,8.0,6,8.0,5,7.1,6,8.1,5,9.8,6,6.6,5.0,8.8,6,11.7,1,9.5,1,6.4,3,9.3,5,12.3,2,12.4,1,13.1,2,10.8,1,14.2,1,12.2,2
2016-05-03 06:00:00,8.0,2,8.0,4,8.4,4,7.3,3,9.0,4,7.2,3,6.9,4,6.5,4,8.1,3,9.0,3,9.6,3,9.3,5,8.6,7,9.5,5,7.5,4,8.2,3,8.7,6,8.7,6,8.7,6,8.8,6,7.3,6,8.7,6,10.1,6,6.9,6.0,9.4,6,12.4,1,10.6,1,7.0,4,9.6,5,13.0,2,13.3,1,13.8,2,12.1,1,15.0,2,12.6,2
2016-05-03 07:00:00,8.4,2,8.8,3,9.2,4,8.3,3,9.7,5,8.2,3,8.1,4,8.0,4,8.9,3,10.1,3,10.3,3,10.1,5,9.6,7,10.3,5,9.0,4,9.4,3,9.7,5,10.0,5,9.8,5,9.7,6,8.0,6,9.8,6,10.7,6,7.6,6.0,10.5,5,13.8,2,12.4,1,8.2,4,10.4,5,14.7,2,14.8,2,14.9,3,14.2,1,16.1,2,13.7,2
2016-05-03 08:00:00,9.1,2,10.0,2,10.3,3,9.7,3,10.5,5,9.4,2,9.5,4,10.1,3,9.8,4,11.3,4,11.4,4,10.9,5,10.5,6,11.1,6,11.0,3,11.0,2,10.8,5,11.3,5,11.1,5,10.7,6,8.9,6,11.1,6,11.5,6,8.7,6.0,11.8,4,15.6,3,14.5,2,9.9,4,11.6,5,16.9,2,16.5,2,16.3,3,16.7,1,17.4,1,15.3,2
2016-05-03 09:00:00,9.8,2,11.1,2,11.3,2,11.0,3,11.3,5,10.6,2,10.8,4,12.0,3,10.7,4,12.3,4,12.3,4,11.7,4,11.3,6,11.7,7,12.8,3,12.3,2,11.7,4,12.4,4,12.2,4,11.5,6,9.8,5,12.1,6,12.4,6,10.0,7.0,13.1,4,17.3,3,16.6,2,11.6,4,12.8,6,18.9,2,18.2,3,17.7,3,19.3,1,18.5,1,16.9,2
2016-05-03 10:00:00,10.3,2,11.7,2,11.9,2,12.0,3,12.1,4,11.4,3,11.5,4,13.1,4,11.2,3,12.6,3,12.9,3,12.2,4,11.7,6,12.1,7,13.8,3,13.0,3,12.0,3,12.9,3,12.8,4,12.1,7,10.5,5,12.5,6,13.1,6,11.4,7.0,14.1,4,18.5,4,18.3,2,13.0,5,13.9,6,20.2,2,19.4,3,19.0,3,21.5,1,19.2,1,18.2,3
2016-05-03 11:00:00,10.6,2,12.0,2,12.1,2,12.6,3,12.7,3,11.9,3,11.7,4,13.6,4,11.4,3,12.6,3,13.3,3,12.5,4,11.8,6,12.4,6,14.2,3,13.3,3,12.1,3,12.9,3,13.1,4,12.5,7,11.0,4,12.6,6,13.8,6,12.6,7.0,14.9,5,19.2,4,19.5,2,14.1,5,14.9,6,20.8,2,20.3,3,20.2,3,23.1,1,19.5,1,19.1,3
2016-05-03 12:00:00,10.8,3,12.2,3,12.4,3,12.9,3,13.2,2,12.3,4,11.7,4,13.8,4,11.6,3,12.7,2,13.6,2,12.8,4,11.9,6,12.7,6,14.3,4,13.4,3,12.1,2,12.9,3,13.2,4,12.7,7,11.4,4,12.7,6,14.2,6,13.6,7.0,15.4,5,19.6,4,20.4,2,14.8,5,15.7,6,21.2,2,20.9,3,21.0,2,24.3,1,19.7,1,19.8,3
2016-05-03 13:00:00,10.9,3,12.4,3,12.8,3,13.0,3,13.5,3,12.6,4,11.7,4,13.9,4,12.0,3,13.1,3,14.1,3,13.0,4,12.1,6,13.0,6,14.5,4,13.6,4,12.4,2,13.1,3,13.2,5,12.8,7,11.7,3,13.1,6,14.5,6,14.1,7.0,15.8,4,19.7,4,21.0,2,15.1,6,16.4,5,21.5,2,21.4,2,21.5,2,25.0,1,19.8,1,20.2,3
2016-05-03 14:00:00,10.9,3,12.5,3,13.2,4,12.9,2,13.6,4,12.8,4,11.8,4,13.9,3,12.4,4,13.6,3,14.5,4,13.2,4,12.3,6,13.2,7,14.7,5,13.8,4,12.8,2,13.3,3,13.2,5,12.7,7,12.0,4,13.6,5,14.6,5,14.2,7.0,16.0,3,19.6,3,21.2,1,15.2,6,16.9,5,21.6,1,21.5,2,21.6,2,25.0,1,19.7,1,20.4,3
2016-05-03 15:00:00,10.8,3,12.6,2,13.7,5,12.7,4,14.5,4,12.7,3,11.7,3,14.4,3,13.5,4,14.6,4,15.2,4,14.0,3,12.9,5,13.6,6,15.8,3,14.6,4,13.9,4,14.1,5,12.8,5,12.9,7,12.5,5,13.8,5,14.1,6,14.0,6.0,16.2,5,19.2,3,20.6,1,14.9,5,16.9,4,21.6,2,21.2,3,20.8,2,23.8,1,19.6,2,19.8,3
2016-05-03 16:00:00,10.5,2,12.3,2,13.4,5,12.3,4,14.2,4,12.5,3,11.5,4,14.1,3,13.3,3,14.2,4,14.7,3,13.9,3,12.8,4,13.4,6,15.7,2,14.6,3,14.0,4,14.3,5,12.7,4,12.5,7,12.5,4,13.7,4,14.0,4,13.0,6.0,16.3,4,18.3,2,19.4,1,14.9,5,16.9,3,21.0,2,20.2,2,19.9,2,22.7,1,19.1,2,19.4,2
2016-05-03 17:00:00,10.2,2,11.8,2,12.7,4,11.7,2,13.6,3,12.0,3,11.1,4,13.6,3,12.8,3,13.5,3,14.0,3,13.3,2,12.3,3,12.7,6,15.2,2,14.3,2,13.8,3,14.1,4,12.3,2,11.7,7,12.3,2,13.3,4,13.6,3,11.6,5.0,16.0,3,17.2,2,17.8,1,14.6,4,16.6,2,19.9,1,18.7,2,18.7,2,21.3,2,18.4,2,18.9,2
2016-05-03 18:00:00,9.9,2,10.9,2,11.7,3,10.8,2,12.4,2,11.2,2,10.3,4,12.6,3,12.0,2,12.6,2,13.2,2,12.2,2,11.4,2,11.7,5,14.3,1,13.6,2,13.1,3,13.0,3,11.5,2,10.7,6,11.8,1,12.4,3,12.9,2,10.1,5.0,15.3,2,16.0,1,16.1,1,14.0,3,15.9,2,18.7,1,17.1,1,17.5,2,19.7,2,17.7,2,18.1,1
2016-05-03 19:00:00,9.7,2,9.8,2,10.6,2,9.4,1,10.6,2,10.0,2,9.2,3,11.2,3,11.0,2,11.6,2,12.4,2,10.4,2,10.0,2,10.6,5,12.9,1,12.3,2,12.0,3,11.0,3,10.4,1,9.5,6,11.0,1,11.1,2,11.9,1,8.7,5.0,14.1,2,15.0,1,14.6,1,13.1,3,15.0,1,17.4,1,15.7,1,16.5,2,18.1,2,17.1,2,17.2,1
2016-05-03 20:00:00,9.5,2,8.7,2,9.5,2,7.9,1,8.6,2,8.7,2,8.0,2,9.5,2,10.0,2,10.6,2,11.6,2,8.4,2,8.4,1,9.4,5,11.4,2,10.8,2,10.7,3,8.6,2,9.1,1,8.2,6,10.0,1,9.6,2,10.8,1,7.5,5.0,12.6,1,14.0,1,13.4,1,12.0,2,14.0,1,16.1,1,14.5,1,15.6,1,16.7,2,16.6,2,16.2,1
2016-05-03 21:00:00,9.3,3,7.9,2,8.5,2,6.5,2,7.4,2,7.6,2,6.9,2,8.2,2,8.9,2,9.6,2,10.7,2,7.0,2,7.1,2,8.3,5,10.0,2,9.5,2,9.5,3,7.0,2,7.9,2,7.3,6,9.2,1,8.3,2,9.8,2,6.6,5.0,11.4,1,13.1,1,12.1,2,11.0,2,12.9,1,15.0,1,13.5,1,14.6,1,15.2,2,16.0,2,15.3,2
2016-05-03 22:00:00,9.0,3,7.2,3,7.7,2,5.6,2,6.4,3,7.0,2,6.2,2,7.1,3,7.9,2,8.5,2,9.9,2,6.0,2,6.0,2,7.3,5,8.9,2,8.3,2,8.4,3,5.9,3,7.1,2,6.5,6,8.5,2,7.3,3,9.0,2,5.9,5.0,10.5,1,12.3,2,11.0,2,10.2,2,11.9,2,14.0,1,12.8,1,13.8,1,13.9,2,15.5,1,14.6,2
2016-05-03 23:00:00,8.8,3,6.7,3,7.0,2,5.1,3,5.6,3,6.7,3,5.8,2,6.2,3,7.1,3,7.6,3,9.0,3,5.4,3,5.2,3,6.7,5,7.9,2,7.4,3,7.5,4,5.2,3,6.5,2,5.9,6,7.9,2,6.6,3,8.4,2,5.4,5.0,9.9,1,11.6,2,9.9,3,9.5,3,11.1,2,13.3,1,12.2,1,13.0,1,12.6,2,15.0,1,13.9,2
2016-05-04 00:00:00,8.5,3,6.5,3,6.5,2,5.1,3,5.0,4,6.6,3,5.6,2,5.7,3,6.3,3,6.8,3,8.3,3,5.1,3,4.8,3,6.3,6,7.1,2,6.6,3,6.7,4,4.9,3,6.2,3,5.6,6,7.2,2,6.2,3,8.0,3,5.1,5.0,9.3,2,10.9,3,9.0,3,9.0,3,10.4,3,12.6,1,11.7,1,12.3,2,11.5,3,14.5,1,13.2,3
2016-05-04 01:00:00,8.2,3,6.3,3,6.1,3,5.5,4,4.6,5,6.6,4,5.6,2,5.3,4,5.8,3,6.2,4,7.6,3,5.0,4,4.8,4,6.2,6,6.4,3,6.1,4,6.0,4,4.7,4,6.0,3,5.4,6,6.6,3,5.9,4,7.9,3,5.0,5.0,8.8,2,10.3,4,8.2,4,8.6,4,9.8,3,12.1,1,11.2,2,11.8,2,10.6,3,14.1,1,12.6,3
2016-05-04 02:00:00,8.0,3,6.2,4,5.8,4,6.0,4,4.5,6,6.5,5,5.6,2,4.9,4,5.5,4,5.7,4,7.1,4,5.0,5,4.9,5,6.3,6,5.8,3,5.6,4,5.5,5,4.6,4,5.8,4,5.5,6,5.9,3,5.7,4,7.8,4,5.0,5.0,8.2,2,9.7,4,7.7,4,8.2,4,9.3,4,11.7,1,10.8,2,11.5,2,10.0,3,13.7,2,11.9,3
2016-05-04 03:00:00,8.0,1,5.4,2,5.0,2,4.6,1,4.7,2,6.3,2,5.6,2,5.4,2,5.0,2,5.3,2,7.7,2,4.7,2,4.3,2,5.7,3,6.4,1,5.9,2,5.7,2,4.3,2,5.3,1,4.9,3,6.8,2,5.2,2,7.2,2,4.4,2.0,8.1,1,10.0,2,8.1,2,7.2,1,8.1,1,11.6,1,11.1,1,11.0,1,9.7,1,14.0,2,11.9,1
2016-05-04 04:00:00,8.0,1,5.4,1,5.1,2,4.5,1,4.6,2,6.1,1,5.6,2,4.9,2,4.9,2,5.1,2,7.4,2,4.7,2,4.4,2,5.9,3,6.1,1,5.6,1,5.3,2,4.1,2,5.1,1,5.0,4,6.3,2,5.1,3,7.0,3,4.1,2.0,7.7,1,9.8,2,7.9,1,6.7,1,7.6,1,11.1,1,11.0,1,10.9,1,9.6,1,13.9,2,11.4,1
2016-05-04 05:00:00,8.1,1,5.8,1,5.6,2,4.8,2,4.9,2,6.3,1,6.0,2,4.9,2,5.1,2,5.4,2,7.3,2,5.0,2,4.8,3,6.4,3,6.2,1,5.7,1,5.3,2,4.3,2,5.4,1,5.4,5,6.0,2,5.4,3,7.1,3,4.0,2.0,7.7,1,9.9,2,8.1,1,6.7,2,7.4,1,11.0,1,11.1,1,11.2,1,10.1,1,14.1,1,11.1,1
2016-05-04 06:00:00,8.6,1,6.7,1,6.6,2,5.7,2,5.7,2,7.2,1,7.0,1,5.8,2,6.0,2,6.3,2,7.9,2,6.0,2,5.7,4,7.2,3,7.1,1,6.6,1,6.0,2,5.3,2,6.2,2,6.2,5,6.5,2,6.2,4,7.6,4,4.8,2.0,8.6,1,10.7,2,9.1,1,7.6,2,8.1,1,11.8,1,12.0,1,12.0,1,11.4,1,14.7,1,11.6,1
2016-05-04 07:00:00,9.4,1,8.2,1,8.3,2,7.6,1,7.3,2,9.1,1,8.9,1,8.0,1,7.7,2,8.1,2,9.3,2,7.8,2,7.1,3,8.4,3,9.2,1,8.4,1,7.7,2,7.3,2,7.8,2,7.5,5,8.0,1,7.8,4,8.8,3,6.6,2.0,10.5,1,12.3,2,10.9,1,9.6,1,9.7,1,13.8,1,13.7,1,13.3,1,13.6,1,16.0,1,13.1,1
2016-05-04 08:00:00,10.3,2,10.1,1,10.2,2,10.1,1,9.3,2,11.5,1,11.1,1,10.9,1,9.8,1,10.3,2,11.2,2,9.9,1,8.9,3,9.7,3,11.8,1,10.8,1,9.9,1,9.9,2,9.9,2,9.1,4,10.0,1,9.7,3,10.3,2,9.0,2.0,12.9,1,14.4,2,13.2,1,12.3,1,11.9,1,16.3,1,15.8,1,15.0,1,16.3,1,17.5,1,15.2,1
2016-05-04 09:00:00,11.2,2,11.8,2,12.0,2,12.5,1,11.2,2,13.6,1,13.1,1,13.6,1,11.7,2,12.3,2,13.0,2,11.9,1,10.6,2,11.0,3,14.2,1,12.9,1,11.9,1,12.2,2,11.8,2,10.7,4,12.0,1,11.6,2,11.9,2,11.5,2.0,15.2,1,16.5,1,15.5,1,14.7,1,14.2,1,18.6,1,17.8,1,16.7,1,18.8,1,18.8,1,17.3,1
2016-05-04 10:00:00,12.0,2,13.1,2,13.3,2,14.4,2,12.7,2,14.9,1,14.3,2,15.5,1,13.0,2,13.6,2,14.4,2,13.3,2,12.0,2,12.1,3,15.8,1,14.3,1,13.3,1,13.8,2,13.2,2,12.0,4,13.5,1,13.1,2,13.2,2,13.6,2.0,16.8,1,18.1,1,17.5,1,16.3,1,16.2,1,19.9,1,19.1,1,18.2,1,20.7,1,19.5,1,19.1,1
2016-05-04 11:00:00,12.6,2,14.0,2,14.1,2,15.7,2,13.9,2,15.7,1,15.0,2,16.5,1,13.8,2,14.4,2,15.4,2,14.3,2,13.0,2,13.0,3,16.7,1,15.2,2,14.2,1,14.7,2,14.1,2,13.0,5,14.5,1,14.2,2,14.1,2,15.2,2.0,17.8,1,19.2,1,19.0,1,17.4,1,17.8,1,20.4,1,20.0,1,19.5,1,22.0,1,19.7,1,20.3,1
2016-05-04 12:00:00,13.0,2,14.7,2,14.7,2,16.4,2,14.7,2,16.1,1,15.4,2,17.1,1,14.4,2,15.0,2,16.2,2,14.9,3,13.8,3,13.7,3,17.3,1,15.7,2,14.8,1,15.2,2,14.6,2,13.6,5,15.3,1,15.0,2,14.9,3,16.2,2.0,18.5,1,19.9,1,20.1,1,18.2,1,19.2,1,20.7,1,20.6,1,20.4,2,22.8,1,19.7,1,21.2,1
2016-05-04 13:00:00,13.3,2,15.2,2,15.3,2,16.7,2,15.2,2,16.5,1,15.9,2,17.3,1,15.0,2,15.7,2,16.8,2,15.4,3,14.3,3,14.3,4,17.7,1,16.1,2,15.3,2,15.6,2,14.8,2,13.9,6,16.0,1,15.6,2,15.6,3,16.7,2.0,19.2,1,20.3,1,20.7,1,19.1,1,20.4,1,21.0,1,21.1,1,20.9,2,23.2,1,19.7,1,21.6,1
2016-05-04 14:00:00,13.5,2,15.5,2,15.7,2,16.6,2,15.5,2,16.8,1,16.4,2,17.4,1,15.4,2,16.2,2,17.1,2,15.7,3,14.6,3,14.8,5,18.0,1,16.4,1,15.7,2,15.9,2,14.8,2,14.0,6,16.4,1,16.0,2,16.0,3,16.6,3.0,19.7,1,20.5,1,20.8,1,19.9,1,21.2,1,21.2,1,21.5,1,21.0,1,23.1,1,19.7,1,21.7,1
2016-05-04 15:00:00,13.4,2,15.8,2,16.0,2,16.3,1,15.8,2,17.0,1,16.2,2,17.3,2,15.7,1,16.3,1,16.9,1,15.6,1,14.6,3,15.2,3,18.2,1,16.8,1,16.1,1,16.3,2,14.8,2,14.4,4,16.4,1,16.1,1,16.5,1,16.4,2.0,20.2,1,20.7,1,21.5,1,20.7,1,21.6,1,21.9,1,22.3,1,21.3,1,23.2,1,19.5,1,21.8,1
2016-05-04 16:00:00,13.5,2,15.7,2,15.9,2,16.0,1,15.7,2,17.0,1,16.1,2,17.2,2,15.5,1,16.1,1,16.5,1,15.5,2,14.4,2,14.9,3,18.1,1,16.7,1,15.9,1,16.1,2,14.5,2,14.0,4,16.1,1,15.8,1,16.4,1,15.4,2.0,20.2,1,20.3,1,20.5,1,20.5,1,21.4,1,21.3,1,21.5,1,20.6,1,22.1,1,19.2,1,21.2,1
2016-05-04 17:00:00,13.3,2,15.2,2,15.5,2,15.5,1,15.2,2,16.5,1,15.6,2,17.0,2,14.9,1,15.6,1,16.0,1,15.0,2,13.9,2,14.2,2,17.6,1,16.3,1,15.4,1,15.5,2,14.0,2,13.4,3,15.5,1,15.1,1,16.0,1,14.2,2.0,19.8,1,19.6,1,19.1,1,19.6,1,20.7,1,20.4,1,20.1,1,19.7,1,20.8,1,18.8,1,20.2,1
2016-05-04 18:00:00,13.0,2,14.3,1,14.7,2,14.5,1,14.2,1,15.5,1,14.7,2,16.3,2,14.1,1,14.8,1,15.3,1,14.0,2,13.0,2,13.2,2,16.8,1,15.5,1,14.5,1,14.3,1,13.2,1,12.3,3,14.6,1,14.1,1,15.2,1,12.8,1.0,19.0,1,18.4,1,17.3,1,18.2,1,19.7,1,19.1,1,18.4,1,18.5,1,19.2,1,18.2,1,19.0,1
2016-05-04 19:00:00,12.4,2,13.0,1,13.6,2,13.0,1,12.5,1,13.8,2,13.4,1,15.0,2,13.2,1,13.9,1,14.6,1,12.3,1,11.6,1,11.9,1,15.7,1,14.3,1,13.3,1,12.4,1,12.0,1,10.8,2,13.5,1,12.8,1,14.0,1,11.4,1.0,17.8,1,16.8,1,15.4,1,16.3,1,18.5,1,17.7,1,16.7,1,17.1,1,17.5,1,17.5,1,17.7,1
2016-05-04 20:00:00,11.8,1,11.6,1,12.3,1,11.3,1,10.6,1,12.0,2,11.9,1,13.5,1,12.2,1,12.9,1,13.9,1,10.4,1,10.0,1,10.5,1,14.4,1,12.9,1,12.1,1,10.3,1,10.6,1,9.2,2,12.5,1,11.3,1,12.6,1,10.1,1.0,16.3,1,15.1,1,13.5,1,14.4,1,17.2,1,16.2,1,15.0,1,15.7,1,15.8,1,16.7,1,16.3,1
2016-05-04 21:00:00,11.4,1,10.4,1,11.1,1,9.8,1,9.2,1,11.1,2,10.7,1,12.1,1,11.2,1,11.9,1,13.1,1,8.8,1,8.5,1,9.3,1,13.1,1,11.5,1,10.9,1,8.5,1,9.4,1,7.8,1,11.5,1,10.0,1,11.3,1,8.7,1.0,14.9,1,13.6,1,11.9,1,12.7,1,16.0,1,15.1,1,13.7,1,14.5,1,14.3,1,16.0,1,15.2,1
2016-05-04 22:00:00,11.0,1,9.4,1,10.1,1,8.8,1,8.2,1,10.3,2,9.8,1,10.9,1,10.3,1,10.9,1,12.3,1,7.8,1,7.4,1,8.4,1,12.0,1,10.4,1,10.0,1,7.4,1,8.6,1,6.8,1,10.8,1,9.0,1,10.2,1,7.4,1.0,13.7,1,12.3,1,10.7,1,11.6,1,14.9,1,14.1,1,12.7,1,13.6,1,13.1,2,15.4,1,14.4,1
2016-05-04 23:00:00,10.6,1,8.8,1,9.3,1,8.2,1,7.4,1,9.6,2,9.3,2,10.0,1,9.6,1,9.9,1,11.5,1,7.4,1,6.7,1,7.7,1,11.1,2,9.5,1,9.2,1,6.8,1,8.1,1,6.2,1,10.3,1,8.3,1,9.5,1,6.5,2.0,12.8,2,11.4,1,9.8,1,11.0,2,14.0,1,13.3,1,12.0,1,13.0,1,12.2,2,15.0,1,13.8,1
2016-05-05 00:00:00,10.2,1,8.3,1,8.5,1,7.9,1,7.0,1,8.9,3,8.9,2,9.4,1,8.9,1,9.0,1,10.8,1,7.2,1,6.4,1,7.3,1,10.3,2,8.9,1,8.6,1,6.6,1,7.7,1,6.0,2,9.8,1,7.9,1,9.1,1,6.0,2.0,12.1,2,10.8,1,9.3,1,10.7,2,13.4,2,12.7,1,11.6,1,12.7,1,11.8,2,14.6,2,13.4,2
2016-05-05 01:00:00,9.8,1,7.9,1,7.9,1,7.7,1,6.6,1,8.4,3,8.6,2,8.9,1,8.2,1,8.3,1,10.1,1,7.1,1,6.3,1,7.1,1,9.7,4,8.5,1,8.0,1,6.5,1,7.3,1,6.0,2,9.3,1,7.8,1,9.0,1,6.1,2.0,11.6,2,10.3,1,9.0,1,10.4,3,13.1,2,12.4,1,11.3,1,12.6,1,11.6,3,14.3,2,13.1,2
2016-05-05 02:00:00,9.4,1,7.6,1,7.3,1,7.6,1,6.4,1,8.1,3,8.2,3,8.3,1,7.6,1,7.8,1,9.4,1,7.0,1,6.4,1,7.0,1,9.2,5,8.1,1,7.5,1,6.4,1,6.9,1,6.2,1,8.8,1,7.7,1,9.0,1,6.4,3.0,11.3,2,10.0,1,8.9,1,10.1,4,12.9,2,12.3,1,11.1,1,12.8,1,11.7,3,14.1,3,12.9,3
2016-05-05 03:00:00,9.8,1,7.4,1,7.2,1,7.1,1,6.1,1,8.5,1,8.5,2,7.6,2,7.2,1,7.3,1,9.3,1,6.3,1,5.6,1,6.1,2,8.6,2,7.5,1,7.0,1,5.3,1,6.6,1,5.6,2,9.0,1,6.0,1,8.3,1,5.2,1.0,10.7,1,9.4,1,7.9,1,9.7,1,12.0,1,11.6,1,10.7,1,12.1,1,10.0,1,14.3,1,12.2,1
2016-05-05 04:00:00,9.6,1,7.0,1,7.0,1,6.8,1,5.9,1,8.2,2,8.2,2,6.9,2,7.0,1,7.0,1,8.8,1,6.0,1,5.7,1,6.3,2,8.0,2,7.0,1,6.4,1,5.0,1,6.3,1,5.7,2,8.5,1,5.9,1,8.1,1,5.1,1.0,10.1,1,9.2,1,7.9,1,9.0,1,11.4,1,11.5,1,10.6,1,12.3,1,10.2,1,14.3,1,12.0,1
2016-05-05 05:00:00,9.6,1,6.9,1,7.3,1,6.9,1,6.1,1,8.2,2,8.1,2,6.6,3,7.2,1,7.1,1,8.6,1,6.2,1,6.1,1,6.9,2,7.8,3,6.9,1,6.3,1,5.2,1,6.3,1,6.2,3,8.3,1,6.3,1,8.0,1,5.2,1.0,9.8,1,9.4,1,8.4,1,8.7,2,11.1,1,11.7,1,10.9,1,12.8,1,11.0,1,14.5,1,12.1,2
2016-05-05 06:00:00,10.1,1,7.6,1,8.2,1,7.7,1,7.0,1,9.0,2,8.7,2,7.4,3,8.0,1,8.0,1,9.2,1,7.1,1,7.0,2,8.0,2,8.6,3,7.8,1,7.0,1,6.3,1,7.1,1,7.3,3,8.8,1,7.3,1,8.6,1,6.3,1.0,10.6,2,10.3,1,9.6,1,9.6,2,11.6,1,12.6,1,12.0,1,13.8,2,12.4,1,15.1,1,12.6,2
2016-05-05 07:00:00,11.1,1,9.4,1,9.9,1,9.5,1,8.7,1,10.8,2,10.3,2,9.6,3,9.7,1,9.9,1,10.8,1,9.0,1,8.6,2,9.5,2,10.8,3,9.9,1,9.0,1,8.6,1,8.9,1,9.1,4,10.4,1,9.1,1,10.1,1,8.5,1.0,12.7,2,12.2,1,11.7,1,12.0,2,13.2,1,14.3,1,14.0,1,15.3,2,14.6,1,16.3,1,13.7,2
2016-05-05 08:00:00,12.5,1,11.8,1,12.1,1,11.8,1,10.9,1,13.0,2,12.3,2,12.6,2,11.8,1,12.2,1,13.0,1,11.5,1,10.6,2,11.3,2,13.8,3,12.7,1,11.7,1,11.6,1,11.2,1,11.2,4,12.7,1,11.3,1,12.1,1,11.5,1.0,15.5,1,14.8,1,14.2,1,15.2,2,15.4,1,16.2,1,16.3,1,17.1,1,17.0,1,17.7,1,15.2,2
2016-05-05 09:00:00,13.7,1,14.0,1,14.1,1,14.0,1,13.2,1,15.0,2,14.1,2,15.4,2,13.8,1,14.4,1,15.1,1,13.8,1,12.7,1,13.1,2,16.4,3,15.3,1,14.3,1,14.3,1,13.5,1,13.2,4,15.0,1,13.7,1,14.1,1,14.5,2.0,18.2,1,17.3,1,16.7,1,18.3,2,17.5,1,17.9,1,18.5,1,18.9,1,19.4,1,18.8,1,16.6,2
2016-05-05 10:00:00,14.6,1,15.4,1,15.5,1,15.7,2,15.1,1,16.3,2,15.2,2,17.3,2,15.2,1,15.8,1,16.7,1,15.5,1,14.5,1,14.6,2,18.0,2,17.1,1,16.1,1,16.2,1,15.2,1,14.7,3,16.8,1,15.8,1,15.7,1,17.0,2.0,20.2,1,19.4,1,18.7,1,20.5,2,19.1,1,18.8,1,20.0,1,20.4,1,21.2,1,19.3,1,17.8,2
2016-05-05 11:00:00,15.1,2,16.3,2,16.5,1,16.9,3,16.6,1,17.0,3,15.7,2,18.3,2,16.1,2,16.7,1,17.8,1,16.6,1,15.9,1,15.9,3,18.9,2,18.2,1,17.3,1,17.5,1,16.4,1,15.9,3,18.2,1,17.6,1,17.0,1,18.8,2.0,21.5,1,20.9,1,20.1,1,21.8,2,20.2,1,19.2,1,20.9,2,21.5,1,22.5,1,19.4,1,18.6,2
2016-05-05 12:00:00,15.5,2,16.8,2,17.2,1,17.7,3,17.6,2,17.4,3,16.0,2,18.8,2,16.8,2,17.3,1,18.6,1,17.5,2,16.9,1,17.0,3,19.4,1,18.9,1,18.2,1,18.3,1,17.2,1,16.7,2,19.2,1,19.0,1,18.0,1,19.9,3.0,22.4,1,22.0,2,21.1,2,22.7,2,21.1,1,19.3,1,21.4,2,22.1,1,23.1,1,19.3,1,19.2,2
2016-05-05 13:00:00,15.7,2,17.3,2,17.8,1,18.1,3,18.2,2,17.8,3,16.4,3,19.1,2,17.4,2,18.0,1,19.2,1,18.2,2,17.6,1,17.9,3,20.0,1,19.5,1,18.9,1,18.9,1,17.6,1,17.3,2,19.9,1,20.0,1,18.8,1,20.3,3.0,23.2,1,22.6,2,21.7,2,23.4,2,21.9,1,19.5,1,21.7,2,22.2,1,23.2,1,19.3,1,19.6,2
2016-05-05 14:00:00,15.9,2,17.6,2,18.3,1,18.3,3,18.5,2,18.1,2,16.8,3,19.2,2,17.9,1,18.6,1,19.6,1,18.8,2,18.0,1,18.5,3,20.5,1,19.9,1,19.5,1,19.4,1,17.8,1,17.8,2,20.4,1,20.5,1,19.5,1,20.0,3.0,23.8,1,22.7,1,21.9,2,23.8,2,22.4,1,19.7,1,21.7,2,21.9,1,22.9,1,19.3,1,19.7,2
2016-05-05 15:00:00,15.7,2,17.6,1,18.2,1,17.9,3,18.5,1,18.5,3,17.4,3,19.7,2,18.1,1,18.7,1,19.3,1,18.6,1,18.1,2,19.0,2,20.9,2,20.0,2,20.1,1,19.5,1,17.9,1,18.1,2,20.9,1,20.6,1,20.1,1,19.3,2.0,24.5,2,22.6,2,22.0,2,24.5,1,22.7,1,19.7,2,21.6,1,21.4,2,22.1,1,19.1,2,19.3,2
2016-05-05 16:00:00,15.6,1,17.4,1,18.1,2,17.7,3,18.3,2,18.2,3,17.2,3,19.6,2,17.9,1,18.6,1,19.1,1,18.5,2,17.9,2,18.7,2,20.7,2,19.9,2,20.0,1,19.5,1,17.9,1,17.9,2,20.6,2,20.3,2,20.0,1,18.2,2.0,24.2,2,21.8,2,21.0,1,23.9,1,22.0,1,19.2,2,20.9,1,20.6,1,21.4,1,18.9,2,18.7,2
2016-05-05 17:00:00,15.3,1,16.9,2,17.8,2,17.2,4,17.8,2,17.5,3,16.5,3,19.2,3,17.5,2,18.2,2,18.7,2,18.0,2,17.2,2,17.9,2,20.2,3,19.4,2,19.4,1,19.1,1,17.6,1,17.1,2,19.9,3,19.6,2,19.6,1,16.9,2.0,23.4,2,20.6,2,19.5,1,22.6,1,20.9,2,18.3,2,19.7,2,19.6,1,20.6,1,18.6,2,17.9,1
2016-05-05 18:00:00,14.9,2,16.0,2,17.0,2,16.2,4,16.8,2,16.3,3,15.5,3,18.3,3,16.7,2,17.4,2,18.0,2,16.8,2,16.2,2,16.8,2,19.2,4,18.4,2,18.4,1,17.9,2,16.8,1,15.8,2,18.8,3,18.5,2,18.8,1,15.4,2.0,22.2,2,19.1,2,17.7,1,20.8,1,19.7,2,17.3,2,18.3,2,18.5,1,19.3,1,18.2,2,16.9,1
2016-05-05 19:00:00,14.3,2,14.7,2,15.9,2,14.7,3,15.2,2,14.7,3,14.1,3,17.0,4,15.7,2,16.4,2,17.2,2,15.0,2,14.8,2,15.4,2,17.9,4,17.0,2,17.0,1,15.8,2,15.3,1,14.0,2,17.5,3,17.1,2,17.7,1,13.9,2.0,20.8,2,17.3,2,15.8,1,18.6,2,18.6,1,16.2,2,16.6,2,17.3,2,17.6,1,17.6,2,16.0,2
2016-05-05 20:00:00,13.7,3,13.3,2,14.6,2,13.0,3,13.3,2,13.0,3,12.7,3,15.4,3,14.7,2,15.3,2,16.2,2,12.9,1,13.2,2,13.8,2,16.5,4,15.4,2,15.4,1,13.4,2,13.6,2,12.0,1,16.2,2,15.6,2,16.4,1,12.5,2.0,19.2,2,15.4,2,13.9,1,16.4,2,17.6,1,15.2,2,14.9,2,16.1,2,15.8,1,17.0,2,15.1,2
2016-05-05 21:00:00,13.1,3,12.1,3,13.3,3,11.5,2,11.9,2,11.8,4,11.5,3,13.9,3,13.6,3,14.1,3,15.3,3,11.2,1,11.8,1,12.5,1,15.1,5,14.0,3,14.0,1,11.4,2,12.0,1,10.3,1,15.1,3,14.5,2,15.3,1,11.1,2.0,17.8,2,13.9,2,12.3,1,14.6,2,16.7,2,14.4,3,13.7,3,15.1,2,14.3,2,16.4,2,14.4,2
2016-05-05 22:00:00,12.6,3,11.3,3,12.3,3,10.5,2,10.8,2,10.9,4,10.7,3,12.6,3,12.7,3,13.0,3,14.5,3,10.3,1,10.8,1,11.5,1,14.0,5,12.9,3,12.8,1,10.5,2,11.0,1,9.2,1,14.1,3,13.5,2,14.2,1,9.9,2.0,16.7,2,12.5,2,11.0,1,13.5,2,15.9,2,13.8,3,12.6,3,14.3,3,13.0,2,16.0,2,13.9,3
2016-05-05 23:00:00,12.2,4,10.7,3,11.5,4,9.9,2,10.0,2,10.4,4,10.1,3,11.7,3,11.8,4,12.0,3,13.7,4,9.9,1,10.0,1,10.7,1,13.1,5,11.9,4,11.7,1,10.2,2,10.4,1,8.7,1,13.2,3,12.7,3,13.4,1,9.0,3.0,15.7,2,11.5,3,10.1,2,12.9,2,15.3,2,13.3,3,11.9,3,13.8,3,12.2,2,15.6,2,13.5,3
2016-05-06 00:00:00,11.7,4,10.4,4,10.9,4,9.6,2,9.6,2,10.2,5,9.9,3,11.1,4,11.1,4,11.2,3,13.1,4,9.9,1,9.6,1,10.1,1,12.4,6,11.1,4,10.9,1,10.2,2,10.1,1,8.4,1,12.4,4,12.0,3,12.7,1,8.4,3.0,15.0,3,10.9,3,9.6,2,12.6,3,14.9,3,13.1,4,11.4,4,13.5,4,11.8,2,15.3,2,13.2,4
2016-05-06 01:00:00,11.3,4,10.1,4,10.4,5,9.5,3,9.3,2,10.1,5,9.8,4,10.8,4,10.4,4,10.5,4,12.5,4,9.9,1,9.3,1,9.6,1,11.9,6,10.5,5,10.1,1,9.9,2,9.9,1,8.3,1,11.7,4,11.3,2,12.3,1,8.2,3.0,14.3,4,10.5,3,9.4,2,12.2,3,14.6,3,13.1,4,11.4,4,13.4,4,11.8,3,15.0,1,13.1,4
2016-05-06 02:00:00,10.8,4,9.8,4,9.9,5,9.4,4,9.1,3,10.1,6,9.9,5,10.5,5,9.8,4,10.0,4,12.0,4,9.9,1,9.2,1,9.2,1,11.4,6,9.9,5,9.5,1,9.5,2,9.8,1,8.2,2,11.1,5,10.7,2,12.0,1,8.1,3.0,13.7,4,10.6,4,9.4,2,11.8,5,14.3,4,13.2,4,11.6,4,13.5,4,12.1,4,14.8,1,13.1,4
2016-05-06 03:00:00,11.1,2,9.3,2,9.8,2,9.2,2,9.3,4,10.8,5,10.2,2,10.0,5,9.7,4,10.0,3,11.8,3,9.6,3,8.7,2,8.9,1,11.5,5,10.1,4,9.9,2,9.5,2,9.0,3,8.0,2,12.3,3,11.5,3,12.8,3,7.9,3.0,13.9,6,10.7,4,8.4,4,12.1,3,14.3,4,13.5,4,12.0,5,13.9,4,10.8,4,15.1,4,12.8,5
2016-05-06 04:00:00,10.8,2,8.9,3,9.7,3,8.8,3,9.2,4,10.4,5,9.8,3,9.4,5,9.5,3,9.7,3,11.4,3,9.5,3,8.8,2,9.1,2,11.0,4,9.7,4,9.4,3,9.6,2,8.9,3,8.2,2,12.0,3,11.2,4,12.7,3,7.6,4.0,13.5,6,10.8,4,8.4,4,11.7,3,13.9,4,13.3,4,12.2,4,14.2,5,11.2,5,15.1,4,13.0,5
2016-05-06 05:00:00,10.6,2,8.9,5,10.1,3,8.9,3,9.5,4,10.3,6,9.8,5,9.2,5,9.8,3,9.8,3,11.3,3,9.9,3,9.2,2,9.8,2,10.9,4,9.7,4,9.3,4,10.0,2,9.1,3,8.9,2,11.8,4,11.2,4,12.8,3,7.6,5.0,13.4,6,11.2,4,9.0,5,11.7,3,13.7,4,13.4,3,12.6,4,14.8,5,12.1,5,15.4,4,13.4,5
2016-05-06 06:00:00,11.1,3,9.8,5,11.1,3,9.7,3,10.4,4,10.9,6,10.4,5,9.9,5,10.8,3,10.7,3,11.9,3,10.9,3,10.3,3,10.9,2,11.5,4,10.6,4,10.1,4,11.1,3,10.1,3,10.2,2,12.2,3,11.8,4,13.4,3,8.6,5.0,14.0,6,12.2,4,10.3,5,12.4,3,14.1,3,13.9,3,13.5,4,15.7,6,13.7,6,16.0,5,14.0,5
2016-05-06 07:00:00,12.3,3,11.8,6,12.9,3,11.6,3,12.1,4,12.2,5,12.0,5,11.9,5,12.6,3,12.6,3,13.5,3,12.9,3,12.1,3,12.6,2,13.2,4,12.6,4,12.0,4,12.8,3,11.9,3,12.2,2,13.3,3,13.2,4,14.6,3,10.8,5.0,15.4,5,13.9,5,12.4,5,14.0,2,15.3,3,15.1,4,15.0,5,16.9,6,16.0,6,17.1,5,14.9,6
2016-05-06 08:00:00,14.0,3,14.4,5,15.2,2,14.1,3,14.4,4,14.0,4,14.0,4,14.5,5,14.7,3,15.0,3,15.7,3,15.3,3,14.2,3,14.7,2,15.4,4,15.1,3,14.5,3,14.9,3,14.2,3,14.5,2,14.8,2,15.1,3,16.2,3,13.6,5.0,17.3,4,15.9,5,14.9,5,16.1,2,17.0,3,16.4,5,16.8,6,18.3,6,18.5,5,18.3,6,15.9,6
2016-05-06 09:00:00,15.5,3,16.8,4,17.2,2,16.6,3,16.6,4,15.5,3,15.8,3,17.0,4,16.7,3,17.2,3,17.9,3,17.5,3,16.3,3,16.6,1,17.4,5,17.4,3,16.8,2,16.9,3,16.5,3,16.6,2,16.3,2,17.1,3,17.7,3,16.3,5.0,19.1,3,17.8,6,17.2,4,18.0,2,18.6,3,17.5,7,18.4,6,19.6,6,20.5,5,19.2,6,16.8,6
2016-05-06 10:00:00,16.5,3,18.3,4,18.6,2,18.5,3,18.5,4,16.4,3,17.0,3,18.7,4,18.1,3,18.7,3,19.6,3,19.1,3,18.0,3,18.2,1,18.7,4,18.9,3,18.5,2,18.5,2,18.4,3,18.2,1,17.3,2,18.7,3,18.9,3,18.3,4.0,20.4,2,19.3,6,18.8,4,19.1,2,19.9,3,17.9,7,19.3,6,20.6,6,21.7,5,19.6,5,17.5,6
2016-05-06 11:00:00,17.0,3,19.1,3,19.5,3,19.7,3,20.0,4,16.8,3,17.6,3,19.6,4,19.1,3,19.6,3,20.8,3,20.1,3,19.4,3,19.5,1,19.5,3,19.8,4,19.6,2,19.6,2,19.7,3,19.2,1,18.0,2,19.9,2,19.8,3,19.5,4.0,21.2,2,20.4,6,19.9,4,19.7,2,20.7,2,17.8,7,19.8,6,21.2,6,22.1,5,19.5,5,18.1,5
2016-05-06 12:00:00,17.4,3,19.6,3,20.1,3,20.4,4,21.0,3,17.1,3,17.9,3,20.0,3,19.8,4,20.3,3,21.6,3,20.9,3,20.4,3,20.6,1,19.9,3,20.4,4,20.3,2,20.5,2,20.6,3,20.0,2,18.5,2,20.7,2,20.5,3,20.2,5.0,21.8,2,21.0,6,20.6,4,20.1,3,21.4,1,17.7,6,20.0,6,21.4,6,22.1,5,19.4,4,18.4,5
2016-05-06 13:00:00,17.7,3,20.0,4,20.7,3,20.7,4,21.6,4,17.4,3,18.2,3,20.0,3,20.4,4,20.9,3,22.1,4,21.6,4,21.1,4,21.7,2,20.2,3,20.8,4,20.9,2,21.1,2,21.0,3,20.6,3,18.9,2,21.1,3,20.9,4,20.5,5.0,22.3,2,21.3,6,21.1,4,20.6,3,21.9,2,17.9,6,20.2,6,21.3,6,22.0,6,19.3,4,18.6,5
2016-05-06 14:00:00,18.0,3,20.4,4,21.1,4,20.6,5,21.9,4,17.6,3,18.4,3,19.9,4,20.8,4,21.4,4,22.4,4,22.0,5,21.6,4,22.4,2,20.3,3,21.1,5,21.3,2,21.5,2,21.0,4,21.0,4,19.2,2,21.0,3,21.1,5,20.3,6.0,22.7,2,21.3,6,21.2,5,21.1,4,22.1,2,18.3,6,20.2,6,21.0,7,21.7,6,19.3,5,18.6,6
2016-05-06 15:00:00,18.0,2,20.9,3,21.9,2,20.2,5,22.3,2,17.4,6,18.5,6,19.9,4,21.3,3,22.1,4,22.7,4,22.4,3,22.0,3,22.5,2,20.7,5,21.8,4,22.1,4,22.1,4,21.2,3,21.3,2,19.7,3,21.5,5,21.9,4,20.2,5.0,22.6,4,21.8,6,22.0,5,20.7,4,21.3,2,19.2,7,20.9,6,21.3,6,21.7,4,19.3,3,18.6,5
2016-05-06 16:00:00,18.2,2,20.7,3,22.0,3,19.7,5,22.0,2,17.1,6,18.3,7,19.6,5,21.1,4,21.8,4,22.4,4,22.1,3,21.5,3,22.1,2,20.3,5,21.4,4,21.5,5,21.7,4,20.7,3,20.8,2,19.1,4,20.6,5,21.6,4,19.0,4.0,22.4,5,21.1,5,20.7,5,20.5,3,20.7,2,18.7,7,20.3,6,20.5,6,20.9,4,19.1,3,18.1,5
2016-05-06 17:00:00,18.3,3,20.2,3,21.7,4,19.0,4,21.3,2,16.6,6,17.8,7,19.1,5,20.5,4,21.2,4,21.9,4,21.3,4,20.6,2,21.1,2,19.5,6,20.6,4,20.6,5,20.8,3,19.9,3,19.8,2,18.3,4,19.4,5,20.9,5,17.5,3.0,21.7,5,20.1,6,18.9,4,19.9,3,19.7,2,18.0,7,19.2,6,19.5,5,19.9,4,18.8,3,17.3,6
2016-05-06 18:00:00,18.1,3,19.2,3,20.9,5,17.9,4,20.0,2,15.9,5,16.9,6,18.2,6,19.6,4,20.2,4,21.1,4,19.8,4,19.2,2,19.7,2,18.5,6,19.6,5,19.4,5,19.3,3,18.7,3,18.2,2,17.4,5,18.1,5,19.9,5,16.0,3.0,20.8,5,18.8,6,16.9,3,18.9,3,18.6,3,17.1,7,18.0,6,18.6,4,18.7,4,18.4,3,16.4,6
2016-05-06 19:00:00,17.6,3,17.8,3,19.6,4,16.4,5,18.1,1,14.9,5,15.7,6,16.9,6,18.5,4,19.1,4,20.1,4,17.7,4,17.5,2,18.0,2,17.3,6,18.4,5,18.1,5,17.2,3,17.1,3,16.2,2,16.4,5,17.0,4,18.7,5,14.5,3.0,19.7,5,17.2,6,15.1,3,17.5,4,17.7,3,16.3,7,16.7,7,17.8,4,17.3,4,17.9,3,15.7,6
2016-05-06 20:00:00,17.0,3,16.3,3,17.9,3,14.7,5,16.0,1,13.8,6,14.5,6,15.5,6,17.2,4,18.0,4,19.1,4,15.4,4,15.7,1,16.3,1,16.2,6,17.2,5,16.7,5,15.0,4,15.4,3,14.2,1,15.5,4,16.0,4,17.4,5,13.2,4.0,18.4,5,15.6,6,13.6,3,15.9,5,16.9,3,15.6,7,15.4,7,17.1,4,15.9,4,17.3,3,15.1,6
2016-05-06 21:00:00,16.4,3,15.0,3,16.4,2,13.5,5,14.4,2,12.9,5,13.5,6,14.5,6,16.2,4,16.9,4,18.1,4,13.7,3,14.1,1,14.7,1,15.3,6,16.0,5,15.6,5,13.3,4,14.0,3,12.5,2,14.8,4,14.9,4,16.3,5,12.0,4.0,17.3,5,14.3,6,12.4,4,14.7,5,16.2,3,15.3,6,14.4,7,16.5,5,14.8,4,16.7,3,14.6,6
2016-05-06 22:00:00,15.8,3,13.9,3,15.0,1,12.6,5,13.3,2,12.2,5,12.8,5,13.6,6,15.2,4,15.9,4,17.3,4,12.4,3,12.8,1,13.4,2,14.6,6,15.0,5,14.5,5,12.1,4,13.0,3,11.2,2,14.0,4,13.9,4,15.4,5,11.0,4.0,16.4,5,13.2,6,11.6,4,13.6,5,15.6,3,15.0,6,13.6,6,15.9,5,14.0,4,16.3,4,14.2,6
2016-05-06 23:00:00,15.2,3,13.1,3,14.0,1,12.0,6,12.6,2,11.7,5,12.4,5,13.0,6,14.4,4,15.0,4,16.6,4,11.6,3,11.8,1,12.4,2,14.0,6,14.2,5,13.6,5,11.3,4,12.2,4,10.3,2,13.4,4,13.0,5,14.6,5,10.3,4.0,15.6,5,12.5,6,11.0,4,12.7,5,15.1,4,14.8,6,13.1,6,15.4,5,13.4,4,15.9,4,13.9,6
2016-05-07 00:00:00,14.7,3,12.7,3,13.3,2,11.7,6,12.2,3,11.4,5,12.1,5,12.5,6,13.7,5,14.2,4,16.0,4,11.3,4,11.1,1,11.7,2,13.6,6,13.5,6,12.8,5,10.8,4,11.6,4,9.7,2,12.8,4,12.3,5,13.9,5,9.8,4.0,14.9,5,12.0,5,10.7,4,11.9,5,14.7,4,14.6,6,12.7,6,15.0,5,13.2,4,15.7,4,13.8,6
2016-05-07 01:00:00,14.2,3,12.4,3,12.8,2,11.6,6,11.9,3,11.2,5,11.9,5,12.2,6,13.1,5,13.5,4,15.4,4,11.2,4,10.7,1,11.2,1,13.2,7,12.9,6,12.1,5,10.6,4,11.1,4,9.4,2,12.2,4,11.7,5,13.4,5,9.5,4.0,14.2,5,11.8,5,10.4,5,11.3,5,14.4,4,14.6,5,12.7,6,14.8,5,13.1,4,15.5,4,13.7,6
2016-05-07 02:00:00,13.8,3,12.4,3,12.6,3,11.6,6,11.7,4,11.1,5,11.8,5,12.0,6,12.6,5,12.9,4,14.8,4,11.3,5,10.5,1,10.9,1,12.8,7,12.5,6,11.6,5,10.4,5,10.8,4,9.3,2,11.8,4,11.3,5,13.0,5,9.3,5.0,13.7,6,11.8,5,10.3,5,10.8,5,14.1,4,14.6,5,12.8,5,14.7,5,13.3,5,15.4,4,13.8,5
2016-05-07 03:00:00,14.0,2,12.3,3,12.1,3,11.7,2,11.7,4,11.7,5,11.9,4,12.0,6,12.5,4,12.9,4,14.8,4,11.4,4,9.8,1,10.3,1,12.6,6,12.5,5,12.1,4,11.9,2,10.6,5,9.1,2,12.3,3,12.3,2,13.4,3,8.4,4.0,13.5,2,11.8,4,10.0,4,10.6,2,13.4,2,14.0,6,12.9,5,15.6,6,13.1,6,15.6,4,13.0,6
2016-05-07 04:00:00,13.8,2,12.0,4,12.0,3,11.5,1,11.6,4,11.7,5,11.7,5,11.6,6,12.4,4,12.6,4,14.3,4,11.3,4,10.0,1,10.5,1,12.2,5,12.0,5,11.8,4,11.9,1,10.4,5,9.3,2,12.0,2,12.1,3,13.3,3,8.1,4.0,13.2,2,11.9,4,10.0,4,10.2,2,13.2,2,14.0,6,13.1,5,16.1,6,13.3,6,15.7,4,13.1,6
2016-05-07 05:00:00,13.8,2,12.0,5,12.4,3,11.8,1,12.0,4,11.9,6,11.8,5,11.7,5,12.7,4,12.6,4,14.2,4,11.6,3,10.6,1,11.2,1,12.2,4,11.8,5,11.8,4,12.2,2,10.7,5,10.1,2,12.0,2,12.2,5,13.5,2,8.2,5.0,13.2,3,12.4,5,10.6,5,10.1,2,13.2,2,14.3,6,13.6,5,16.7,6,13.9,6,16.1,4,13.5,6
2016-05-07 06:00:00,14.2,2,12.8,5,13.4,2,12.7,2,13.0,3,12.4,6,12.3,5,12.5,5,13.5,4,13.4,4,14.7,5,12.7,3,11.8,1,12.4,2,12.9,4,12.5,5,12.6,4,13.0,2,11.7,5,11.6,2,12.5,2,12.9,6,14.1,2,9.2,5.0,13.9,3,13.4,6,11.8,5,10.8,2,13.7,2,15.0,6,14.6,6,17.5,7,15.2,6,16.8,4,14.1,7
2016-05-07 07:00:00,15.2,2,14.7,4,15.2,2,14.4,2,14.7,3,13.3,6,13.5,5,14.3,5,15.0,4,15.1,4,16.1,4,14.7,3,13.6,1,14.1,2,14.6,4,14.3,5,14.2,4,14.6,2,13.5,4,13.7,2,13.7,2,14.4,5,15.3,2,11.4,5.0,15.4,3,15.1,6,13.8,5,12.4,3,14.9,2,16.2,6,16.1,6,18.5,7,17.3,6,17.8,4,15.0,7
2016-05-07 08:00:00,16.6,2,17.0,3,17.3,2,16.5,2,16.7,3,14.3,6,15.1,4,16.6,5,16.7,4,17.2,3,18.0,4,17.1,3,15.6,1,16.1,2,16.7,4,16.6,4,16.3,3,16.6,2,15.8,4,16.1,2,15.2,1,16.2,4,16.9,2,14.3,5.0,17.2,4,17.1,6,16.1,5,14.5,3,16.4,2,17.5,7,17.9,6,19.6,7,19.7,6,18.8,5,15.9,7
2016-05-07 09:00:00,17.8,2,19.1,2,19.3,2,18.4,2,18.8,3,15.1,5,16.5,3,18.6,5,18.2,3,19.0,3,19.7,3,19.2,3,17.6,1,17.9,2,18.5,5,18.6,4,18.2,3,18.4,2,17.9,3,18.1,2,16.7,2,18.0,3,18.3,2,17.0,4.0,18.8,4,19.0,6,18.2,5,16.5,3,17.9,2,18.5,7,19.4,6,20.6,7,21.6,5,19.6,5,16.8,7
2016-05-07 10:00:00,18.6,2,20.3,2,20.7,2,19.7,2,20.5,3,15.6,5,17.4,3,19.8,4,19.1,2,20.1,2,20.9,2,20.6,3,19.2,2,19.3,2,19.5,5,19.8,3,19.5,3,19.7,2,19.5,2,19.4,2,17.9,2,19.3,2,19.4,2,18.9,4.0,19.9,4,20.5,6,19.7,5,17.8,4,19.0,2,18.9,7,20.3,6,21.5,7,22.6,5,19.9,5,17.4,6
2016-05-07 11:00:00,19.0,2,20.9,2,21.7,2,20.5,2,21.8,2,15.8,5,17.8,2,20.3,4,19.7,2,20.7,2,21.7,2,21.4,3,20.5,2,20.5,2,19.9,6,20.3,3,20.4,2,20.6,2,20.5,2,20.1,2,18.7,2,20.2,3,20.1,3,20.0,4.0,20.5,4,21.5,6,20.6,4,18.7,4,19.7,2,18.9,7,20.8,6,22.2,7,22.9,5,19.8,4,17.8,6
2016-05-07 12:00:00,19.2,2,21.1,2,22.4,2,20.9,2,22.7,1,15.9,5,18.0,2,20.4,4,20.1,3,21.1,3,22.2,3,22.0,3,21.5,2,21.5,2,20.1,6,20.7,3,21.0,2,21.3,2,21.1,3,20.6,2,19.4,2,20.8,3,20.7,3,20.6,4.0,21.1,3,22.2,6,21.3,4,19.4,4,20.4,2,18.9,7,21.0,5,22.6,7,22.8,5,19.6,4,18.0,5
2016-05-07 13:00:00,19.3,2,21.3,2,22.9,2,21.1,2,23.2,1,16.1,5,18.1,3,20.5,4,20.6,4,21.7,3,22.6,4,22.5,3,22.3,2,22.5,2,20.5,5,21.2,3,21.6,2,21.8,2,21.4,3,21.2,2,19.9,2,21.3,3,21.3,4,20.9,4.0,21.8,3,22.6,6,21.8,4,20.1,5,21.1,2,19.1,7,21.2,5,22.6,7,22.5,5,19.5,5,18.2,6
2016-05-07 14:00:00,19.3,2,21.5,2,23.3,2,21.1,2,23.4,1,16.3,6,18.2,4,20.5,4,21.0,5,22.3,4,22.9,4,22.9,4,22.8,2,23.3,2,20.9,5,21.6,4,22.0,3,22.2,2,21.5,3,21.7,2,20.2,2,21.5,4,21.7,5,20.9,5.0,22.5,3,22.6,6,22.0,4,20.7,6,21.6,2,19.4,7,21.2,6,22.3,7,22.2,6,19.4,6,18.2,6
2016-05-07 15:00:00,19.3,4,22.0,4,23.4,2,20.3,4,23.3,2,16.8,2,18.1,5,20.5,2,21.7,3,22.6,4,23.3,4,22.8,6,22.8,2,23.4,2,21.3,3,22.0,5,21.8,5,21.7,5,21.3,6,21.7,2,19.4,3,20.4,7,21.5,6,19.3,7.0,23.2,2,20.8,7,20.2,7,21.4,5,21.3,3,18.3,7,19.7,7,20.4,7,20.5,7,19.0,6,17.6,7
2016-05-07 16:00:00,19.4,4,21.7,4,23.2,2,20.0,4,22.9,2,16.5,2,18.1,5,20.4,3,21.5,4,22.2,5,22.9,4,22.5,6,22.3,2,22.8,2,21.0,3,21.5,6,21.2,5,21.3,5,20.8,6,21.3,2,19.1,3,19.7,7,21.1,6,18.1,6.0,22.9,3,20.2,7,19.4,7,21.0,4,20.6,3,18.0,7,19.2,7,19.7,7,20.0,6,18.9,5,17.1,6
2016-05-07 17:00:00,19.3,4,20.9,4,22.6,2,19.4,4,22.0,2,15.9,2,17.8,6,19.9,4,20.9,4,21.4,5,22.3,5,21.6,6,21.3,2,21.7,2,20.2,3,20.7,6,20.3,5,20.3,5,20.0,5,20.3,2,18.4,3,18.7,6,20.4,7,16.7,6.0,22.2,4,19.4,7,18.2,7,20.1,3,19.5,3,17.5,7,18.4,7,19.0,6,19.4,6,18.6,5,16.4,6
2016-05-07 18:00:00,19.0,4,19.8,4,21.6,2,18.3,4,20.5,2,15.1,2,17.1,6,19.0,4,20.0,5,20.3,5,21.4,5,20.0,5,19.9,2,20.2,2,19.0,3,19.5,6,19.1,5,18.8,6,18.8,5,18.8,2,17.5,3,17.7,6,19.4,6,15.1,6.0,21.1,4,18.2,7,16.9,7,18.7,2,18.3,2,16.9,7,17.4,7,18.3,6,18.7,5,18.3,4,15.7,5
2016-05-07 19:00:00,18.4,3,18.3,4,20.1,2,16.9,4,18.5,2,14.1,2,15.9,5,17.6,3,18.8,5,19.2,4,20.4,4,17.8,5,18.3,2,18.6,2,17.6,3,18.2,6,17.8,5,16.8,6,17.3,5,17.0,2,16.4,2,16.8,5,18.3,6,13.6,5.0,19.8,4,16.9,6,15.5,7,17.1,2,17.3,2,16.3,7,16.4,7,17.9,6,17.8,5,17.9,5,15.2,5
2016-05-07 20:00:00,17.6,3,16.6,4,18.4,1,15.3,3,16.4,2,13.2,2,14.5,4,16.1,3,17.6,4,18.2,4,19.3,4,15.5,5,16.6,2,17.0,2,16.2,3,16.9,5,16.6,5,14.8,6,15.8,5,15.1,2,15.4,2,16.0,4,17.1,5,12.3,5.0,18.5,3,15.6,6,14.2,7,15.4,3,16.4,3,15.8,7,15.4,7,17.7,6,17.0,6,17.4,6,14.9,6
2016-05-07 21:00:00,16.9,3,15.4,4,16.9,1,13.9,4,15.0,2,12.4,2,13.3,4,15.0,2,16.6,4,17.2,4,18.5,4,13.7,5,15.2,2,15.6,2,15.2,3,15.8,5,15.5,5,13.1,6,14.5,5,13.6,2,14.5,2,15.2,4,16.1,5,11.3,5.0,17.3,3,14.5,6,13.2,6,14.0,3,15.7,3,15.5,7,14.6,7,17.1,6,16.2,6,17.0,6,14.6,6
2016-05-07 22:00:00,16.2,3,14.4,4,15.6,1,13.0,4,13.8,3,11.7,3,12.5,3,14.1,2,15.7,4,16.2,5,17.8,5,12.6,6,14.0,3,14.4,2,14.5,3,15.0,5,14.7,5,11.9,6,13.7,5,12.4,3,13.9,3,14.3,4,15.3,5,10.5,5.0,16.2,4,13.7,6,12.3,6,12.9,3,15.1,3,15.2,6,14.0,6,16.5,6,15.4,6,16.7,6,14.4,5
2016-05-07 23:00:00,15.5,3,13.7,5,14.5,2,12.5,4,12.9,3,11.3,3,12.0,3,13.4,2,14.9,4,15.3,5,17.2,5,12.1,6,13.0,3,13.5,2,14.0,3,14.4,5,14.0,5,11.3,5,13.1,5,11.5,3,13.5,3,13.5,4,14.7,5,10.0,5.0,15.4,4,13.1,6,11.5,6,12.1,4,14.6,3,15.0,6,13.5,6,16.0,6,14.7,6,16.4,6,14.2,5
2016-05-08 00:00:00,14.8,3,13.2,5,13.6,2,12.2,5,12.2,4,11.0,4,11.8,4,12.9,3,14.2,5,14.5,5,16.5,5,12.0,6,12.3,4,12.7,2,13.6,4,13.8,5,13.3,5,11.0,5,12.7,5,10.9,3,13.2,4,12.9,5,14.3,5,9.6,5.0,14.7,4,12.5,6,10.7,6,11.7,4,14.4,4,14.7,6,13.1,6,15.5,6,14.0,6,16.1,6,14.1,5
2016-05-08 01:00:00,14.2,4,12.9,5,12.9,3,12.1,5,11.8,5,10.8,4,11.7,4,12.4,4,13.5,5,13.7,5,15.8,5,11.9,6,11.7,4,12.0,1,13.2,5,13.2,6,12.7,5,10.9,5,12.2,5,10.5,3,12.9,4,12.4,5,14.0,5,9.3,5.0,14.1,5,12.1,5,10.1,6,11.3,4,14.3,4,14.5,6,12.8,6,15.1,6,13.5,5,15.7,6,14.1,5
2016-05-08 02:00:00,13.7,4,12.7,6,12.5,5,12.0,5,11.6,5,10.7,5,11.6,5,12.0,5,12.9,5,13.0,5,15.1,5,11.9,6,11.3,4,11.6,1,12.7,6,12.6,6,12.2,6,10.9,5,11.7,5,10.2,3,12.5,5,12.1,5,13.8,5,9.1,5.0,13.7,5,11.7,5,9.7,6,11.0,4,14.2,4,14.4,5,12.7,6,14.8,5,13.1,5,15.4,5,14.1,5
2016-05-08 03:00:00,14.9,2,12.5,3,12.7,1,12.3,1,12.1,3,12.2,5,12.2,2,12.6,3,12.9,4,13.3,4,15.4,4,11.5,3,11.1,2,11.4,2,13.3,2,12.9,1,12.3,2,12.0,1,11.1,5,10.2,5,13.0,2,12.3,2,13.9,4,8.6,6.0,14.1,4,11.2,5,9.2,4,11.1,3,14.2,3,14.1,5,12.4,4,14.9,4,12.8,5,15.3,5,13.3,7
2016-05-08 04:00:00,14.6,2,12.1,3,12.6,1,12.1,1,12.0,3,12.5,5,11.9,3,12.1,3,12.8,4,13.1,4,14.8,4,11.5,3,10.9,2,11.5,2,12.7,2,12.3,1,11.9,1,11.9,1,10.9,6,10.3,5,12.7,2,12.1,3,13.8,4,8.4,6.0,13.7,5,11.5,4,9.3,5,10.7,3,14.0,3,14.2,5,12.8,4,15.1,4,12.7,5,15.5,5,13.5,7
2016-05-08 05:00:00,14.5,2,12.1,4,13.1,2,12.3,1,12.3,3,12.9,5,11.9,4,11.9,3,13.2,3,13.3,4,14.6,4,11.9,4,11.2,3,12.0,2,12.6,2,12.1,1,11.9,1,12.1,1,11.3,6,10.9,6,12.6,2,12.3,3,14.0,4,8.7,6.0,13.7,6,12.1,4,10.0,5,10.7,3,14.1,3,14.4,5,13.4,4,15.6,4,13.2,6,15.9,5,14.0,7
2016-05-08 06:00:00,15.0,2,13.0,4,14.2,2,13.3,1,13.3,3,13.7,5,12.6,5,12.7,3,14.2,3,14.3,3,15.2,3,13.1,4,12.2,3,13.1,2,13.4,3,12.9,1,12.7,1,13.0,1,12.4,6,12.2,6,13.1,2,13.1,4,14.7,3,9.8,6.0,14.5,6,13.2,4,11.4,5,11.4,4,14.6,3,14.9,5,14.5,4,16.4,4,14.4,6,16.7,5,14.6,7
2016-05-08 07:00:00,16.2,2,15.2,3,16.2,1,15.2,1,15.1,3,15.0,4,14.1,5,14.7,3,16.0,2,16.2,3,16.9,3,15.1,4,14.0,3,14.8,2,15.3,4,14.9,2,14.5,1,14.9,1,14.3,5,14.2,5,14.3,2,14.6,3,15.9,3,11.9,6.0,16.2,5,14.8,4,13.5,5,13.2,4,15.9,3,15.8,6,16.0,5,17.6,5,16.6,6,17.8,5,15.2,7
2016-05-08 08:00:00,17.8,2,18.0,2,18.5,1,17.4,1,17.3,3,16.5,3,16.1,5,17.4,3,18.0,2,18.4,2,19.0,2,17.6,4,16.3,3,16.8,2,17.6,4,17.4,2,16.8,1,17.3,1,16.5,4,16.5,4,16.0,2,16.4,2,17.3,3,14.6,5.0,18.3,5,16.6,4,15.8,5,15.5,4,17.6,4,16.8,6,17.5,5,18.9,6,19.0,5,18.9,5,15.9,7
2016-05-08 09:00:00,19.2,2,20.4,2,20.6,1,19.5,1,19.5,3,17.7,2,17.8,4,19.7,3,19.8,2,20.4,2,21.1,2,19.8,3,18.4,2,18.6,2,19.7,5,19.7,2,19.0,1,19.5,1,18.6,2,18.5,3,17.7,2,18.2,1,18.7,2,17.2,5.0,20.2,4,18.3,4,17.8,5,17.6,5,19.1,4,17.6,7,18.7,6,20.1,6,21.1,5,19.7,5,16.4,7
2016-05-08 10:00:00,20.0,2,21.8,2,22.0,1,20.8,1,21.2,2,18.4,2,18.8,3,21.1,3,20.9,1,21.6,1,22.5,1,21.3,3,19.9,2,19.9,2,20.9,4,21.1,2,20.5,2,21.0,1,20.1,2,19.7,3,19.0,2,19.6,1,19.7,2,19.1,5.0,21.5,3,19.5,4,19.1,6,19.0,5,20.1,4,17.8,7,19.2,6,20.8,6,22.1,5,19.9,5,16.8,7
2016-05-08 11:00:00,20.4,2,22.4,2,22.9,1,21.5,1,22.5,2,18.8,2,19.3,2,21.7,3,21.5,1,22.3,1,23.3,1,22.2,3,21.0,3,20.9,2,21.5,4,21.7,2,21.5,2,21.8,1,21.1,2,20.4,4,20.0,2,20.7,1,20.4,1,20.2,5.0,22.2,2,20.2,5,19.7,6,19.7,5,20.6,3,17.8,7,19.2,6,21.2,6,22.4,4,19.8,5,17.1,7
2016-05-08 12:00:00,20.6,2,22.7,2,23.5,2,21.9,1,23.4,2,19.0,2,19.5,2,21.9,3,22.0,1,22.8,1,23.9,1,22.8,2,21.7,3,21.7,2,21.9,4,22.2,2,22.2,2,22.4,1,21.7,2,20.8,5,20.6,2,21.5,2,20.9,2,20.8,5.0,22.7,2,20.7,5,20.2,6,20.3,5,21.0,3,17.8,7,19.2,6,21.2,6,22.3,5,19.5,4,17.4,7
2016-05-08 13:00:00,20.7,2,23.0,2,24.1,2,22.1,1,24.0,2,19.3,2,19.7,2,22.1,3,22.6,1,23.5,1,24.4,1,23.4,2,22.3,3,22.6,2,22.5,4,22.8,3,22.8,1,22.9,1,22.0,3,21.2,6,21.0,2,22.0,2,21.4,3,21.0,6.0,23.2,2,21.0,6,20.6,7,20.9,5,21.4,3,18.1,7,19.4,6,21.0,6,22.2,5,19.4,5,17.7,7
2016-05-08 14:00:00,20.8,2,23.3,2,24.5,2,22.2,2,24.2,2,19.6,2,19.9,3,22.4,3,23.1,2,24.0,2,24.8,2,23.8,3,22.7,3,23.3,2,23.1,4,23.3,4,23.1,1,23.3,1,22.2,3,21.6,6,21.1,2,22.2,3,21.7,4,20.7,6.0,23.5,3,21.0,6,20.9,6,21.3,5,21.6,4,18.6,7,19.6,6,20.6,6,22.0,5,19.3,5,17.8,7
2016-05-08 15:00:00,20.3,4,23.1,4,24.1,3,21.3,3,23.9,4,19.6,3,20.0,6,22.1,2,22.8,4,23.6,5,24.3,5,23.5,6,23.4,4,24.2,3,23.3,5,22.9,4,21.9,6,21.8,5,21.8,7,22.7,4,20.0,5,20.9,7,21.3,6,21.2,6.0,24.0,5,20.1,7,20.6,7,21.2,5,21.6,4,17.6,7,18.3,7,19.9,7,20.2,7,18.5,7,18.1,7
2016-05-08 16:00:00,20.1,4,22.6,4,23.9,4,20.9,4,23.4,4,19.6,4,19.9,6,21.8,3,22.4,5,23.1,5,23.7,5,23.0,7,22.9,4,23.8,3,22.9,6,22.2,5,21.3,6,21.4,6,21.2,6,22.3,4,19.6,6,20.1,7,21.0,7,19.8,6.0,23.2,6,19.8,7,19.6,7,20.6,5,20.9,4,17.5,7,18.2,7,19.4,7,19.7,7,18.4,7,17.8,7
2016-05-08 17:00:00,19.8,3,21.8,4,23.3,5,20.3,5,22.4,4,19.4,5,19.4,6,21.3,4,21.6,5,22.1,6,22.7,6,22.0,7,21.9,4,22.7,3,22.0,6,21.2,6,20.3,6,20.5,6,20.4,6,21.4,5,18.9,6,18.9,6,20.4,7,18.0,6.0,22.0,6,19.2,7,18.3,7,19.7,4,19.8,5,17.2,7,17.9,7,18.8,7,18.9,7,18.2,6,17.2,7
2016-05-08 18:00:00,19.3,3,20.6,3,22.2,5,19.4,5,21.1,4,18.7,5,18.5,5,20.3,5,20.5,6,20.9,6,21.6,6,20.6,6,20.6,4,21.2,3,20.9,6,20.1,7,19.1,6,19.4,6,19.2,5,19.9,5,18.1,6,17.9,5,19.5,6,16.1,6.0,20.6,6,18.4,7,16.8,7,18.5,4,18.7,5,16.8,7,17.4,7,18.3,7,18.0,7,17.9,6,16.6,7
2016-05-08 19:00:00,18.8,3,19.2,3,20.8,4,18.1,5,19.5,4,17.5,6,17.3,5,19.0,5,19.5,6,19.8,5,20.7,5,19.0,6,19.1,4,19.5,3,19.7,6,19.0,7,18.0,6,18.1,6,17.8,5,18.1,5,17.2,6,17.3,5,18.4,6,14.6,6.0,19.4,6,17.4,7,15.5,7,17.2,4,18.0,5,16.5,7,16.8,7,17.9,7,17.0,7,17.5,6,16.1,7
2016-05-08 20:00:00,18.3,3,17.9,3,19.4,3,16.7,5,18.0,4,16.1,6,16.0,5,17.5,5,18.5,5,18.9,5,19.9,5,17.3,6,17.7,4,17.8,4,18.5,6,18.0,7,17.0,6,16.7,7,16.4,6,16.2,5,16.3,5,17.0,5,17.3,6,13.5,6.0,18.4,6,16.4,7,14.5,7,16.0,5,17.5,5,16.3,6,16.1,7,17.7,7,16.1,7,17.0,7,15.8,7
2016-05-08 21:00:00,17.7,3,16.8,3,18.2,3,15.9,5,16.8,5,15.1,6,15.4,5,16.7,5,17.8,5,18.2,5,19.3,5,16.1,6,16.4,4,16.4,4,17.5,5,17.2,6,16.3,6,15.8,6,15.5,6,14.7,5,15.6,5,16.6,5,16.8,6,12.6,6.0,17.5,6,15.7,7,13.8,7,15.0,6,17.1,5,16.1,6,15.5,7,17.3,7,15.4,7,16.7,6,15.6,6
2016-05-08 22:00:00,17.2,3,16.2,3,17.2,3,15.2,5,15.7,5,14.4,6,14.9,5,16.0,5,17.3,4,17.7,4,18.9,4,15.1,6,15.3,4,15.4,4,16.6,6,16.6,6,15.7,6,15.0,5,14.8,6,13.6,5,15.2,5,16.1,5,16.2,6,12.0,6.0,16.8,6,15.2,7,13.3,6,14.3,6,16.7,5,15.9,6,15.0,7,16.8,6,14.7,6,16.5,6,15.5,6
2016-05-08 23:00:00,16.6,4,15.9,4,16.4,3,14.6,6,14.9,5,14.0,6,14.4,5,15.3,5,16.9,4,17.2,4,18.5,4,14.4,6,14.3,4,14.5,5,15.8,6,16.2,6,15.1,6,14.2,4,14.2,6,12.7,5,15.0,5,15.5,5,15.7,6,11.6,6.0,16.2,6,14.7,7,12.9,6,13.8,6,16.4,5,15.8,6,14.7,7,16.4,6,14.2,6,16.3,6,15.4,6
2016-05-09 00:00:00,16.0,4,15.6,4,15.7,3,14.1,6,14.1,5,13.8,6,14.0,5,14.8,5,16.4,4,16.6,4,18.1,4,13.9,6,13.4,5,13.7,5,15.2,6,15.8,6,14.6,6,13.5,3,13.7,6,11.9,5,14.8,5,14.8,5,15.3,6,11.2,6.0,15.8,6,14.2,6,12.4,6,13.5,6,16.1,5,15.7,6,14.4,6,16.0,6,13.8,6,16.2,6,15.3,6
2016-05-09 01:00:00,15.5,5,15.3,5,15.0,4,13.7,6,13.6,5,13.5,6,13.8,6,14.3,6,15.7,4,15.9,4,17.6,4,13.4,6,12.6,5,12.9,5,14.8,6,15.3,6,14.1,6,13.0,3,13.2,6,11.3,5,14.4,5,14.1,5,15.0,6,10.7,6.0,15.4,6,13.8,6,11.8,6,13.2,6,15.9,5,15.6,5,14.2,6,15.7,6,13.5,6,16.1,6,15.3,6
2016-05-09 02:00:00,15.1,6,14.9,5,14.4,5,13.4,6,13.2,6,13.2,6,13.6,6,14.0,6,14.9,4,15.1,4,17.0,4,13.2,6,12.0,5,12.2,6,14.5,6,14.8,6,13.7,6,12.6,4,12.7,6,10.8,5,14.0,5,13.4,5,14.7,6,10.2,5.0,15.2,6,13.3,6,11.3,6,12.9,6,15.7,5,15.6,5,14.1,6,15.5,5,13.5,5,16.0,5,15.4,5
2016-05-09 03:00:00,15.5,4,14.4,6,14.4,2,14.3,4,13.6,6,13.5,6,13.4,6,14.4,6,14.7,6,15.0,6,16.7,6,12.6,7,12.1,7,12.4,5,14.5,5,14.5,5,13.7,5,11.9,4,12.0,7,11.2,6,13.6,6,13.4,6,14.3,6,10.4,6.0,14.9,6,13.0,7,10.7,7,12.1,6,15.1,6,15.2,7,14.1,7,15.2,7,12.6,7,15.7,7,13.9,7
2016-05-09 04:00:00,15.2,4,14.0,6,14.2,3,14.1,5,13.4,6,13.2,6,13.0,6,13.8,6,14.6,7,14.9,6,16.4,6,12.8,7,12.0,7,12.5,6,14.1,5,14.1,6,13.5,5,12.3,5,11.9,7,11.3,6,13.4,6,13.3,6,14.3,6,10.1,6.0,14.6,7,13.0,7,10.7,7,11.8,5,15.0,6,15.1,7,14.4,7,15.4,7,12.3,7,15.9,7,14.2,7
2016-05-09 05:00:00,15.0,4,14.0,6,14.4,3,14.2,5,13.7,6,13.2,5,12.8,6,13.5,5,14.9,7,15.1,7,16.3,7,13.3,7,12.3,7,13.0,6,14.0,4,14.1,6,13.6,6,12.9,6,12.3,7,11.9,7,13.4,7,13.5,6,14.5,6,10.1,7.0,14.8,7,13.3,7,11.1,7,11.9,3,15.1,5,15.2,7,14.7,7,15.9,7,12.5,7,16.2,7,14.8,7
2016-05-09 06:00:00,15.3,4,14.5,6,15.1,3,14.7,6,14.3,6,13.7,5,13.2,6,14.0,5,15.5,6,15.8,6,16.6,6,14.2,6,13.2,6,14.1,7,14.6,4,14.6,6,14.2,6,13.9,6,13.1,7,13.1,6,13.8,7,14.1,6,15.0,7,10.8,7.0,15.5,6,14.0,7,12.1,7,12.4,3,15.5,5,15.6,7,15.3,7,16.7,7,13.6,7,16.8,7,15.4,7
2016-05-09 07:00:00,16.1,5,15.8,7,16.4,3,15.8,5,15.3,6,14.8,5,14.3,6,15.4,4,16.4,6,16.8,6,17.4,6,15.4,6,14.5,6,15.7,7,16.0,4,15.8,6,15.2,6,15.1,6,14.4,7,14.8,6,14.5,7,15.1,6,15.8,7,12.3,7.0,16.6,6,15.2,7,13.6,7,13.3,3,16.3,5,16.3,7,16.0,7,17.7,7,15.6,7,17.5,7,15.9,7
2016-05-09 08:00:00,17.0,6,17.4,7,17.9,2,17.1,5,16.5,6,16.2,5,15.8,6,17.1,4,17.3,5,17.9,5,18.4,5,16.6,5,16.0,5,17.4,7,17.7,5,17.3,6,16.3,5,16.3,5,15.8,7,16.7,5,15.3,6,16.3,6,16.7,7,14.1,7.0,17.9,5,16.6,7,15.2,7,14.5,4,17.3,5,17.0,7,16.7,7,18.8,7,17.9,7,18.1,7,16.2,7
2016-05-09 09:00:00,17.9,6,18.7,6,19.2,2,18.1,4,17.7,5,17.4,5,17.1,5,18.6,5,17.9,5,18.7,5,19.3,5,17.6,5,17.3,5,18.9,6,19.1,5,18.4,6,17.3,5,17.3,5,17.0,7,18.3,5,16.2,6,17.4,6,17.4,7,15.8,7.0,19.0,4,17.7,7,16.7,7,15.6,5,18.1,5,17.5,7,17.3,7,19.7,7,19.7,7,18.6,7,16.5,7
2016-05-09 10:00:00,18.4,5,19.4,5,20.0,2,18.5,4,18.7,5,18.2,4,17.8,5,19.3,4,18.1,4,19.0,4,19.8,5,18.2,4,18.3,5,19.9,5,19.7,5,18.8,6,17.9,5,17.9,5,17.7,6,19.2,4,16.9,6,18.1,6,17.8,7,16.9,7.0,19.6,4,18.4,7,17.7,7,16.4,6,18.5,5,17.6,7,17.6,7,20.3,7,20.3,7,18.9,7,16.7,7
2016-05-09 11:00:00,18.5,5,19.6,5,20.4,3,18.6,4,19.4,5,18.5,4,18.2,5,19.4,4,18.2,4,19.0,4,20.1,5,18.6,4,18.9,5,20.6,5,19.9,5,18.7,6,18.2,5,18.2,5,18.0,5,19.7,4,17.4,6,18.6,6,18.0,7,17.5,7.0,19.9,3,18.7,7,18.2,7,17.1,6,18.6,6,17.4,7,17.6,7,20.6,7,20.0,7,19.0,7,16.9,7
2016-05-09 12:00:00,18.5,5,19.7,4,20.7,3,18.5,4,20.0,5,18.8,4,18.4,5,19.4,4,18.3,5,19.1,5,20.4,5,18.8,4,19.4,5,21.2,4,19.9,4,18.6,6,18.5,5,18.5,5,18.1,5,20.0,4,17.8,7,18.9,6,18.1,7,17.7,7.0,20.0,4,18.9,7,18.5,7,17.6,6,18.7,6,17.3,7,17.7,7,20.8,7,19.5,7,19.0,7,17.1,7
2016-05-09 13:00:00,18.4,5,20.0,5,21.2,4,18.6,5,20.4,5,19.1,4,18.7,5,19.5,5,18.7,5,19.5,5,20.8,5,19.1,5,19.9,5,21.9,5,20.1,5,18.8,6,18.9,6,19.0,6,18.2,5,20.3,5,18.0,7,19.1,7,18.3,7,17.7,7.0,20.1,5,19.2,7,18.7,7,18.1,6,18.9,6,17.5,7,17.9,7,20.9,7,19.2,7,19.0,7,17.5,7
2016-05-09 14:00:00,18.3,5,20.2,6,21.6,4,18.7,6,20.6,6,19.3,4,19.0,5,19.7,5,19.2,6,19.9,6,21.0,6,19.2,6,20.2,6,22.5,6,20.4,5,19.0,7,19.1,6,19.4,6,18.3,6,20.6,6,17.9,7,19.1,7,18.5,7,17.5,7.0,20.1,6,19.6,7,18.8,7,18.4,6,19.0,6,17.9,7,18.2,7,20.8,7,19.2,7,18.9,7,17.8,7
2016-05-09 15:00:00,18.8,6,20.7,7,22.3,6,19.2,6,22.3,7,19.4,4,18.7,6,20.6,6,20.2,7,21.1,7,21.5,7,21.5,7,21.7,6,23.5,7,21.2,6,20.7,7,20.7,7,21.2,7,20.0,7,21.6,6,19.0,6,20.7,7,21.0,7,18.8,7.0,21.7,5,21.0,7,19.3,7,19.7,7,20.1,6,19.0,7,20.1,7,21.6,7,20.3,7,18.8,7,18.3,7
2016-05-09 16:00:00,18.6,7,20.3,7,21.9,7,19.0,6,21.7,7,18.9,4,18.1,6,20.3,6,20.0,7,20.8,7,21.2,7,21.2,7,21.3,7,23.0,7,20.9,6,20.2,7,20.2,7,20.6,7,19.5,7,21.3,6,18.6,6,19.7,7,20.5,7,17.7,7.0,21.3,6,20.8,7,19.2,7,19.1,7,19.4,6,18.8,7,20.0,7,21.3,7,20.3,7,18.7,7,17.9,7
2016-05-09 17:00:00,18.4,7,19.6,7,21.1,7,18.5,7,20.8,7,18.1,4,17.3,5,19.6,6,19.4,7,20.1,7,20.7,7,20.4,6,20.5,7,21.9,6,20.1,6,19.4,7,19.2,7,19.6,7,18.6,7,20.6,6,18.0,6,18.5,7,19.8,7,16.5,6.0,20.4,6,20.2,7,18.8,7,18.1,6,18.4,7,18.3,7,19.5,7,20.7,6,20.1,6,18.6,6,17.2,7
2016-05-09 18:00:00,18.0,7,18.7,7,20.1,6,17.6,7,19.6,6,16.9,4,16.2,5,18.6,6,18.7,6,19.2,6,20.0,6,19.3,6,19.5,7,20.6,6,19.0,6,18.3,6,18.1,7,18.3,6,17.7,7,19.5,6,17.1,6,17.3,6,18.9,7,15.3,6.0,19.2,6,19.3,7,18.1,7,17.0,6,17.4,7,17.7,7,18.7,7,20.1,6,19.6,5,18.5,6,16.5,7
2016-05-09 19:00:00,17.6,6,17.6,6,19.1,6,16.4,6,18.4,6,15.4,5,15.1,4,17.3,5,17.9,6,18.3,6,19.2,6,18.1,6,18.3,7,19.2,6,17.8,6,17.2,6,17.0,6,16.9,6,16.8,7,18.1,6,16.2,6,16.5,6,18.0,7,14.3,6.0,17.9,6,18.2,7,17.0,7,15.9,6,16.7,6,17.2,7,17.6,7,19.6,6,18.7,5,18.3,6,16.1,6
2016-05-09 20:00:00,17.2,6,16.6,6,18.1,6,15.1,5,17.3,6,13.9,5,14.1,5,15.9,5,17.0,5,17.6,5,18.4,5,16.9,5,17.3,7,18.0,6,16.5,5,16.3,6,16.1,6,15.5,6,16.1,7,16.7,6,15.3,6,15.9,6,17.1,7,13.6,6.0,16.7,6,17.0,7,15.7,7,14.8,6,16.3,6,16.7,7,16.5,7,19.1,6,17.5,5,18.1,6,15.8,6
2016-05-09 21:00:00,16.8,6,15.8,6,17.2,6,14.5,5,16.5,6,13.0,5,13.4,5,14.9,5,16.6,5,17.0,5,17.9,5,15.9,5,16.4,6,17.1,6,15.6,5,15.5,6,15.4,6,14.8,6,15.4,6,15.6,6,14.6,6,15.3,6,16.5,7,13.1,6.0,15.8,6,16.2,7,14.8,7,13.9,6,16.1,6,16.4,7,15.7,7,18.5,6,16.6,5,17.8,6,15.6,5
2016-05-09 22:00:00,16.3,6,15.2,6,16.5,5,14.0,5,15.9,6,12.2,5,12.8,5,14.1,5,16.1,5,16.4,5,17.4,5,15.0,6,15.6,6,16.2,5,14.8,5,15.0,6,14.9,6,14.1,6,14.8,6,14.7,6,14.0,6,14.7,6,16.2,7,12.7,6.0,15.1,6,15.5,6,13.9,6,13.2,6,15.9,6,16.2,7,15.1,7,17.9,6,15.8,5,17.5,6,15.3,5
2016-05-09 23:00:00,15.9,6,14.6,6,15.8,5,13.6,6,15.5,6,11.6,5,12.4,5,13.6,5,15.6,6,15.9,5,17.1,5,14.3,6,15.0,6,15.5,5,14.3,6,14.7,6,14.5,6,13.5,6,14.2,6,13.9,6,13.5,6,14.1,6,16.0,6,12.4,6.0,14.7,6,14.9,6,13.0,6,12.6,6,15.7,5,15.9,7,14.8,6,17.3,6,15.1,5,17.1,6,15.2,5
2016-05-10 00:00:00,15.5,6,14.3,6,15.2,5,13.2,6,15.0,6,11.3,5,12.1,6,13.2,5,15.2,6,15.4,5,16.8,5,13.7,6,14.2,6,14.6,5,13.9,6,14.4,6,14.1,6,13.0,6,13.6,6,13.2,6,13.1,6,13.5,6,15.8,6,12.0,6.0,14.3,6,14.4,6,12.2,6,12.0,6,15.5,5,15.7,6,14.5,6,16.6,6,14.5,5,16.8,6,15.1,5
2016-05-10 01:00:00,15.2,6,14.1,6,14.7,6,13.0,7,14.5,6,11.2,5,12.0,6,13.0,5,14.9,5,14.9,5,16.6,5,13.2,6,13.5,6,13.8,5,13.6,6,14.1,6,13.8,6,12.7,6,13.2,7,12.5,6,12.7,6,13.1,6,15.5,6,11.5,6.0,14.0,6,13.8,6,11.6,6,11.5,6,15.2,5,15.6,6,14.4,6,16.0,5,14.0,5,16.5,6,15.0,5
2016-05-10 02:00:00,15.0,7,14.0,6,14.3,6,12.9,7,14.0,5,11.2,6,12.0,6,12.9,6,14.6,5,14.6,5,16.4,5,13.0,7,12.8,5,13.1,5,13.4,6,13.8,6,13.4,6,12.5,5,12.8,7,11.9,6,12.5,6,12.9,6,15.2,6,10.9,5.0,13.7,6,13.3,6,11.0,6,11.1,6,14.9,5,15.6,5,14.3,6,15.5,5,13.5,5,16.2,6,15.0,5
2016-05-10 03:00:00,14.7,7,13.8,7,14.4,6,11.8,4,14.1,7,11.3,5,11.4,5,11.6,5,13.6,6,14.0,6,15.6,6,12.5,7,13.1,7,13.5,7,12.0,5,12.7,6,12.8,6,12.1,7,12.7,7,12.2,6,12.5,6,12.6,5,14.8,5,11.0,6.0,13.7,6,13.1,6,11.0,7,11.5,4,14.2,6,15.4,7,14.3,7,16.2,6,13.1,6,16.2,6,13.7,5
2016-05-10 04:00:00,14.7,7,13.6,7,14.4,6,11.6,5,14.1,7,11.2,6,11.1,6,11.1,5,13.5,7,14.0,6,15.3,7,12.7,7,13.0,7,13.6,7,11.8,5,12.4,7,12.6,6,12.2,7,12.6,7,12.3,6,12.4,5,12.7,4,14.7,5,10.7,6.0,13.5,6,13.2,6,11.0,6,11.2,5,13.8,6,15.4,7,14.7,7,16.6,6,13.1,6,16.3,5,13.7,6
2016-05-10 05:00:00,14.8,7,13.7,7,14.7,6,11.8,6,14.3,7,11.3,6,11.0,6,11.0,5,13.9,7,14.3,7,15.2,7,13.3,7,13.2,7,14.2,7,11.9,6,12.5,7,12.8,7,12.6,7,13.0,7,13.0,6,12.5,5,13.0,4,14.9,5,10.7,6.0,13.6,6,13.7,6,11.5,5,11.1,6,13.7,5,15.7,6,15.2,6,17.3,6,13.7,6,16.6,4,14.0,6
2016-05-10 06:00:00,15.1,7,14.2,7,15.2,6,12.6,6,14.8,7,11.9,6,11.6,7,11.7,6,14.6,7,15.1,7,15.7,7,14.3,7,14.0,7,15.2,7,12.7,6,13.2,6,13.6,7,13.5,7,13.9,7,14.1,6,13.1,5,13.9,4,15.5,4,11.4,6.0,14.3,6,14.8,6,12.7,4,11.7,7,14.1,5,16.3,6,16.1,6,18.2,6,15.0,6,17.2,4,14.6,6
2016-05-10 07:00:00,15.5,7,15.3,7,16.0,7,14.1,6,15.5,7,13.3,6,13.0,6,13.6,6,15.6,7,16.2,6,16.7,7,15.6,6,15.2,7,16.4,7,14.4,6,14.8,6,15.0,6,15.0,6,15.4,6,15.6,6,14.1,4,15.3,4,16.5,4,12.9,6.0,15.8,5,16.4,6,14.7,3,13.1,7,15.2,4,17.2,7,17.3,6,19.3,6,17.1,7,17.9,4,15.5,6
2016-05-10 08:00:00,16.0,7,16.7,7,16.8,7,15.9,6,16.2,7,15.0,6,14.9,6,16.1,6,16.5,6,17.3,6,17.8,6,17.0,6,16.6,7,17.7,7,16.6,5,16.8,5,16.7,6,16.8,5,17.1,5,17.2,6,15.4,4,17.1,4,17.8,3,14.9,6.0,17.7,5,18.2,6,17.0,3,14.9,7,16.8,4,18.2,7,18.6,6,20.4,6,19.5,7,18.7,5,16.5,6
2016-05-10 09:00:00,16.2,7,17.8,7,17.5,7,17.5,5,16.9,7,16.5,6,16.6,5,18.3,6,17.2,6,18.1,6,18.7,6,18.1,6,17.8,6,18.7,6,18.5,5,18.5,5,18.2,5,18.3,4,18.5,5,18.5,5,16.7,4,18.7,4,19.1,3,16.8,6.0,19.4,4,19.8,5,19.0,3,16.8,6,18.3,4,18.9,7,19.6,6,21.3,6,21.3,7,19.2,5,17.3,7
2016-05-10 10:00:00,16.1,7,18.3,7,17.8,7,18.6,5,17.4,7,17.5,5,17.7,5,19.6,6,17.5,6,18.4,5,19.0,6,18.6,6,18.5,6,19.3,6,19.7,5,19.5,5,19.2,5,19.2,4,19.3,4,19.3,4,17.8,4,19.9,4,20.1,4,18.1,5.0,20.4,4,20.8,5,20.2,3,18.3,5,19.4,4,19.0,7,20.2,6,21.8,5,22.1,6,19.4,5,17.8,7
2016-05-10 11:00:00,15.8,7,18.3,6,18.0,7,19.3,4,17.8,6,18.1,4,18.2,5,20.3,5,17.5,6,18.4,5,19.1,5,18.9,6,18.8,6,19.8,5,20.2,5,20.0,5,19.7,5,19.7,3,19.6,4,19.7,3,18.6,3,20.8,4,20.9,4,19.0,4.0,21.0,4,21.3,5,20.8,4,19.3,5,20.2,4,18.7,7,20.4,6,22.0,5,22.2,5,19.3,5,18.1,7
2016-05-10 12:00:00,15.7,6,18.3,6,18.2,7,19.6,4,18.2,6,18.4,4,18.6,5,20.5,5,17.7,6,18.5,5,19.3,5,19.1,7,19.1,6,20.2,4,20.6,5,20.3,5,20.2,5,20.1,3,19.8,4,20.0,3,19.3,3,21.4,5,21.5,5,19.4,4.0,21.5,4,21.7,6,21.2,4,20.1,4,20.9,4,18.5,7,20.5,7,22.1,5,22.0,5,19.2,5,18.3,7
2016-05-10 13:00:00,15.9,6,18.4,6,18.6,7,19.7,5,18.7,6,18.6,5,19.0,5,20.7,5,18.3,5,19.0,5,19.9,5,19.6,6,19.5,6,20.8,5,21.0,5,20.8,5,20.7,5,20.7,4,20.2,5,20.4,3,19.9,3,21.8,5,22.0,5,19.6,5.0,22.1,4,22.1,6,21.6,5,20.6,4,21.5,5,18.5,7,20.7,7,22.1,5,21.8,6,19.2,5,18.5,7
2016-05-10 14:00:00,16.2,7,18.7,7,19.1,7,19.7,6,19.2,6,18.6,5,19.3,5,20.8,5,19.0,5,19.8,5,20.6,5,20.2,6,19.9,7,21.5,6,21.4,5,21.2,5,21.2,6,21.2,4,20.6,6,20.9,4,20.2,3,22.0,5,22.2,5,19.5,6.0,22.6,4,22.3,7,21.8,6,20.9,5,21.8,5,18.7,7,20.7,7,22.0,6,21.6,6,19.2,6,18.6,7
2016-05-10 15:00:00,15.4,7,18.0,7,18.9,7,19.1,6,19.5,7,19.5,4,19.4,4,21.4,3,19.3,7,20.3,7,21.0,7,20.2,6,20.0,7,21.4,7,21.9,3,21.8,4,21.5,5,21.6,6,20.5,6,20.1,6,20.6,3,22.3,5,22.3,5,19.2,6.0,23.4,4,21.6,7,20.5,7,21.6,6,22.1,6,18.4,7,20.1,7,21.0,6,20.8,7,18.4,6,18.9,7
2016-05-10 16:00:00,15.3,7,18.2,7,19.1,7,18.7,5,19.5,7,19.0,4,18.7,4,21.3,4,19.5,6,20.4,6,20.9,6,20.5,5,19.8,7,21.0,6,21.5,3,21.6,4,21.5,5,21.6,6,20.5,5,20.0,5,20.4,4,21.6,5,22.1,5,18.3,6.0,23.1,5,21.1,7,20.0,7,21.1,6,21.3,6,18.2,7,19.7,7,20.4,6,20.2,7,18.4,6,18.3,7
2016-05-10 17:00:00,15.1,7,17.9,7,19.1,7,18.1,4,19.1,7,18.2,4,17.6,4,20.8,4,19.4,5,20.0,4,20.6,5,20.3,3,19.3,7,20.1,5,20.5,4,21.0,5,21.0,5,21.1,5,20.1,4,19.5,4,19.8,4,20.4,4,21.6,5,17.1,6.0,22.4,5,20.2,7,19.0,7,20.1,5,20.2,6,17.7,7,19.0,7,19.6,6,19.4,7,18.3,6,17.4,7
2016-05-10 18:00:00,14.8,7,17.2,7,18.6,7,17.0,4,18.3,7,17.0,5,16.2,4,19.7,4,18.9,4,19.3,3,19.9,3,19.3,2,18.4,7,18.9,4,19.2,4,19.9,5,20.0,5,19.9,5,19.2,3,18.5,3,19.0,4,19.1,4,20.7,5,15.9,6.0,21.4,5,19.1,7,17.7,7,18.8,5,19.0,6,17.2,7,18.1,7,18.9,6,18.4,7,18.1,6,16.6,7
2016-05-10 19:00:00,14.5,7,16.0,7,17.6,6,15.5,4,17.1,6,15.3,5,14.7,5,18.1,4,17.9,3,18.3,2,18.9,3,17.5,2,17.1,6,17.7,4,17.7,5,18.4,5,18.6,5,18.0,6,17.7,3,17.1,3,18.0,5,17.8,4,19.5,5,14.8,6.0,20.1,5,17.9,7,16.2,7,17.4,5,17.9,6,16.7,7,17.2,7,18.3,6,17.4,7,17.8,7,15.9,7
2016-05-10 20:00:00,14.2,7,14.6,7,16.4,6,13.8,5,15.7,6,13.5,5,13.3,6,16.2,3,16.7,3,17.2,2,17.9,2,15.4,3,15.7,6,16.5,4,16.1,5,16.9,5,17.1,5,15.9,6,16.0,3,15.5,4,16.9,5,16.7,4,18.2,6,13.9,6.0,18.8,6,16.7,7,14.8,7,16.0,6,17.1,6,16.4,7,16.3,7,17.9,7,16.4,7,17.4,7,15.5,6
2016-05-10 21:00:00,13.9,7,13.5,7,15.5,6,12.4,5,14.7,6,12.7,5,12.3,6,14.7,3,15.6,3,16.1,2,17.2,3,13.8,3,14.4,6,15.5,4,15.0,5,15.7,5,15.9,5,14.2,6,14.7,4,14.1,4,15.9,5,15.8,4,17.1,6,13.1,6.0,17.6,6,15.7,7,13.8,7,14.8,6,16.4,6,16.0,7,15.7,7,17.3,7,15.6,7,17.1,6,15.0,6
2016-05-10 22:00:00,13.6,7,12.8,7,14.8,6,11.3,6,13.9,6,12.0,5,11.5,6,13.4,3,14.7,4,15.3,3,16.6,3,12.5,3,13.5,6,14.7,5,14.1,5,14.8,5,14.9,5,13.1,5,13.8,4,13.0,4,15.1,5,15.2,5,16.4,6,12.5,6.0,16.7,6,14.9,6,13.1,7,13.9,6,15.9,6,15.7,7,15.2,7,16.8,7,15.0,6,16.8,6,14.7,6
2016-05-10 23:00:00,13.3,7,12.5,7,14.2,6,10.6,6,13.3,6,11.3,6,10.9,6,12.4,3,14.0,4,14.6,3,16.1,4,11.6,4,12.9,6,14.1,5,13.4,6,14.1,5,14.0,5,12.5,5,13.3,4,12.2,4,14.2,5,14.7,5,15.9,6,12.0,6.0,16.0,6,14.3,6,12.6,6,13.3,6,15.6,6,15.4,7,14.7,6,16.3,6,14.5,6,16.5,6,14.4,6
2016-05-11 00:00:00,13.0,7,12.4,7,13.8,6,10.2,6,12.7,6,10.8,6,10.6,5,11.7,4,13.5,5,14.1,4,15.7,4,11.1,4,12.4,6,13.6,5,12.9,6,13.4,5,13.3,5,12.2,5,12.9,5,11.6,4,13.5,5,14.2,5,15.5,6,11.6,6.0,15.4,6,13.6,6,12.0,6,12.8,6,15.3,5,15.1,6,14.3,6,15.8,6,14.1,6,16.3,6,14.3,6
2016-05-11 01:00:00,12.8,7,12.3,7,13.3,6,10.1,6,12.3,5,10.4,6,10.4,5,11.2,4,13.0,5,13.5,4,15.1,4,11.0,4,11.9,6,13.1,5,12.4,6,12.8,6,12.7,5,11.9,5,12.5,5,11.2,5,12.9,5,13.5,5,15.1,6,11.2,5.0,14.8,6,13.0,6,11.4,6,12.3,5,15.0,5,14.9,6,14.0,6,15.4,6,13.8,6,16.1,6,14.3,6
2016-05-11 02:00:00,12.7,7,12.1,7,12.8,6,10.2,6,11.9,5,10.1,6,10.2,6,10.8,5,12.6,5,13.1,4,14.6,4,11.0,5,11.6,5,12.7,6,12.0,6,12.2,6,12.3,5,11.7,5,12.2,6,11.1,5,12.4,5,12.9,5,14.7,6,10.7,5.0,14.2,6,12.4,6,10.9,6,11.8,5,14.6,5,14.8,5,13.8,6,15.1,5,13.6,5,16.1,6,14.3,5
2016-05-11 03:00:00,13.5,6,11.8,5,12.7,5,10.6,5,12.2,5,10.6,6,10.8,6,10.8,5,12.4,5,12.4,5,14.9,5,11.3,6,11.5,6,12.7,7,11.6,6,11.8,4,12.2,6,11.5,6,12.2,7,12.0,7,12.1,6,12.0,5,14.7,6,10.7,6.0,13.7,7,12.4,7,10.3,7,10.8,7,13.8,5,14.8,6,13.9,7,15.3,7,12.6,7,15.6,6,13.2,6
2016-05-11 04:00:00,13.3,7,11.5,6,12.6,6,10.5,6,12.3,5,10.3,6,10.5,6,10.5,5,12.2,5,12.3,5,14.3,5,11.6,7,11.9,6,13.0,7,11.3,6,11.6,5,11.9,6,11.7,6,12.1,7,12.2,7,12.0,6,12.0,6,14.6,6,10.3,6.0,13.6,7,12.5,7,10.3,7,10.7,6,13.7,6,14.8,6,14.2,7,15.4,6,12.7,7,15.7,6,13.4,6
2016-05-11 05:00:00,13.4,7,11.6,6,13.1,6,10.7,6,12.7,5,10.3,6,10.4,6,10.6,5,12.4,5,12.6,6,14.2,6,12.4,7,12.7,6,13.8,7,11.4,6,11.8,5,12.0,6,12.4,6,12.5,7,13.0,7,12.1,6,12.3,6,14.8,7,10.3,7.0,13.7,7,13.0,7,10.7,7,10.9,6,13.7,6,15.0,7,14.7,7,15.9,6,13.4,6,16.1,6,13.8,6
2016-05-11 06:00:00,13.8,7,12.3,7,14.1,6,11.6,7,13.6,5,10.9,7,10.9,7,11.4,5,13.1,5,13.6,6,14.7,6,13.6,7,13.8,6,14.9,7,12.3,6,12.6,5,12.6,6,13.4,6,13.5,7,14.1,7,12.5,6,13.2,6,15.3,7,10.8,7.0,14.1,7,14.0,7,11.8,7,11.4,6,14.0,6,15.6,7,15.4,7,16.8,6,14.6,6,16.7,6,14.4,6
2016-05-11 07:00:00,14.5,7,13.9,6,15.6,6,13.3,6,14.9,5,12.2,7,12.3,7,13.2,5,14.4,5,15.2,5,16.0,5,15.2,6,15.0,6,16.3,7,14.1,6,14.1,5,13.9,6,14.8,6,14.9,7,15.4,7,13.3,6,14.6,6,16.2,7,12.1,7.0,14.9,6,15.5,7,13.5,7,12.1,6,14.6,6,16.5,7,16.4,7,18.0,6,16.3,6,17.4,6,15.1,6
2016-05-11 08:00:00,15.3,6,15.8,6,17.4,6,15.4,6,16.3,5,13.9,7,14.1,7,15.5,5,16.0,5,16.9,5,17.6,5,16.9,6,16.2,6,17.6,7,16.2,7,16.0,5,15.5,6,16.4,6,16.5,6,16.7,7,14.3,5,16.1,5,17.4,7,13.9,7.0,15.9,6,17.1,7,15.5,7,13.0,7,15.5,6,17.4,7,17.5,7,19.1,6,18.1,6,18.2,6,15.8,6
2016-05-11 09:00:00,16.0,6,17.6,5,18.8,5,17.3,6,17.6,5,15.4,6,15.8,6,17.6,5,17.3,4,18.4,4,19.0,4,18.2,6,17.2,6,18.6,7,18.0,7,17.7,4,17.0,6,17.7,5,17.9,6,17.7,7,15.4,5,17.5,5,18.4,6,15.8,6.0,16.7,6,18.4,7,17.1,7,13.8,7,16.4,6,18.0,7,18.3,7,20.0,7,19.4,6,18.7,6,16.4,7
2016-05-11 10:00:00,16.4,6,18.7,5,19.7,4,18.5,5,18.5,5,16.3,6,16.9,6,18.9,5,18.1,4,19.2,4,19.8,4,19.0,5,18.1,6,19.1,7,18.9,7,18.8,4,18.2,6,18.5,5,18.8,6,18.3,7,16.4,5,18.4,5,19.1,6,17.3,6.0,17.2,6,19.2,7,18.0,7,14.5,7,17.2,6,18.0,7,18.7,7,20.3,7,19.7,6,18.9,6,16.9,7
2016-05-11 11:00:00,16.6,6,19.2,4,20.1,4,19.1,5,19.1,5,16.8,5,17.4,7,19.6,5,18.5,4,19.6,4,20.2,4,19.3,5,18.8,6,19.3,6,19.1,6,19.4,4,19.0,6,18.8,5,19.4,6,18.6,7,17.3,5,18.9,5,19.5,5,18.4,6.0,17.5,6,19.6,7,18.3,7,15.0,7,18.0,6,17.8,6,18.8,7,20.2,7,19.5,6,18.8,6,17.2,7
2016-05-11 12:00:00,16.7,6,19.5,4,20.5,4,19.3,5,19.6,5,16.9,5,17.6,6,20.0,5,18.9,5,19.8,5,20.5,5,19.6,5,19.4,6,19.7,6,19.3,6,19.8,4,19.5,6,19.1,5,19.7,6,18.9,7,17.8,6,19.3,5,19.9,5,18.9,7.0,17.8,6,19.8,7,18.4,7,15.4,7,18.5,6,17.6,6,18.9,7,20.0,7,19.1,6,18.6,6,17.6,7
2016-05-11 13:00:00,16.9,6,19.7,5,21.0,4,19.2,5,20.0,5,16.9,5,17.7,6,20.3,5,19.5,5,20.2,5,20.8,5,20.0,5,20.0,6,20.4,6,19.7,6,20.1,5,19.9,6,19.4,5,20.0,6,19.4,7,18.0,6,19.7,5,20.3,6,18.9,7.0,18.2,6,20.1,7,18.6,7,15.8,7,18.8,6,17.8,6,19.1,7,19.9,7,19.0,6,18.5,6,18.0,7
2016-05-11 14:00:00,17.1,6,19.8,5,21.5,5,18.9,6,20.3,6,16.9,6,17.5,6,20.4,6,20.0,6,20.5,6,21.1,6,20.4,6,20.5,7,21.3,7,20.2,6,20.2,5,20.0,7,19.7,5,20.1,6,19.9,7,17.9,6,19.9,6,20.7,6,18.4,7.0,18.5,7,20.2,7,18.6,7,16.0,7,18.9,7,18.1,7,19.2,7,19.8,7,19.0,7,18.4,7,18.2,7
2016-05-11 15:00:00,17.1,5,19.7,6,21.4,5,18.2,6,21.0,7,16.9,5,17.5,7,20.0,6,19.8,7,20.5,7,21.3,7,21.5,7,21.2,7,22.2,6,20.3,6,19.8,7,19.4,7,20.1,7,20.7,5,20.8,6,17.0,6,20.3,7,21.8,7,18.1,7.0,17.5,6,20.9,7,20.1,7,15.4,6,18.5,7,18.1,7,19.6,7,20.4,7,19.8,7,18.2,7,18.4,7
2016-05-11 16:00:00,16.9,5,19.2,6,20.8,6,17.2,6,20.6,7,16.3,5,16.5,7,19.2,6,19.4,6,20.2,6,20.9,6,21.4,6,20.8,6,22.0,6,19.6,6,19.2,7,18.9,6,20.0,7,20.6,5,20.6,6,16.4,6,19.5,7,21.4,7,17.2,7.0,17.3,6,20.0,7,19.1,7,15.2,6,17.6,7,17.8,7,19.0,7,19.4,7,19.1,7,17.9,7,17.8,7
2016-05-11 17:00:00,16.4,5,18.3,6,19.8,6,16.1,6,19.9,7,15.4,5,15.1,7,18.1,7,18.7,6,19.5,6,20.2,6,20.8,5,20.1,5,21.4,6,18.5,6,18.4,7,18.1,6,19.6,6,20.2,5,20.0,5,15.6,6,18.4,7,20.7,7,16.2,6.0,16.9,5,18.9,7,17.6,7,14.7,6,16.5,7,17.1,7,18.1,7,18.2,7,18.1,7,17.5,7,17.1,7
2016-05-11 18:00:00,15.7,5,17.2,5,18.5,6,14.8,7,18.8,7,14.4,6,13.8,6,16.8,6,17.8,6,18.6,5,19.3,5,19.5,4,19.1,5,20.3,6,17.2,6,17.3,7,17.2,6,18.7,6,19.3,5,18.9,5,14.7,6,17.2,7,19.8,7,15.1,6.0,16.2,4,17.6,7,16.0,7,14.0,6,15.5,7,16.5,7,17.1,7,17.2,6,16.9,7,17.1,7,16.3,6
2016-05-11 19:00:00,14.9,5,15.9,5,17.2,6,13.5,7,17.4,6,13.3,6,12.7,6,15.5,6,16.8,6,17.6,5,18.3,6,17.6,4,17.8,4,18.9,6,15.9,6,16.2,6,16.2,5,17.2,6,17.9,5,17.4,5,13.9,6,16.3,7,18.8,7,14.1,6.0,15.3,4,16.5,7,14.6,7,13.0,6,14.7,7,16.0,7,16.1,7,16.6,6,15.8,7,16.7,7,15.7,6
2016-05-11 20:00:00,14.1,5,14.6,5,16.1,6,12.3,7,15.9,6,12.3,6,11.9,7,14.3,6,15.9,6,16.7,6,17.4,6,15.5,4,16.5,4,17.4,5,14.8,6,15.2,6,15.3,6,15.4,6,16.3,5,15.8,6,13.1,6,15.5,7,17.8,7,13.3,6.0,14.5,5,15.5,7,13.4,7,11.9,6,14.2,6,15.6,6,15.3,7,16.3,7,14.8,7,16.3,7,15.2,7
2016-05-11 21:00:00,13.6,6,14.0,5,15.3,6,11.4,7,14.9,6,11.5,6,11.1,6,13.2,6,15.2,6,15.9,6,16.7,6,13.9,4,15.3,4,16.2,5,13.9,6,14.4,6,14.6,6,13.8,6,15.1,5,14.6,6,12.5,6,14.9,6,17.0,7,12.7,6.0,14.0,5,14.5,7,12.4,7,11.5,6,13.7,6,15.3,6,14.6,7,15.7,6,14.1,7,15.9,6,14.7,6
2016-05-11 22:00:00,13.2,6,13.4,6,14.6,6,10.7,7,14.0,6,10.9,6,10.6,6,12.4,6,14.6,6,15.3,6,16.3,7,12.7,4,14.4,4,15.3,5,13.4,6,13.9,6,14.1,6,12.8,6,14.2,5,14.0,6,12.0,6,14.3,6,16.2,6,12.3,6.0,13.5,5,13.7,7,11.5,7,11.0,5,13.3,6,15.1,6,13.9,6,15.2,6,13.5,6,15.6,6,14.3,6
2016-05-11 23:00:00,13.0,6,13.0,6,14.2,6,10.2,7,13.2,6,10.5,6,10.2,6,11.9,6,14.2,6,14.7,6,15.9,6,11.8,4,13.6,4,14.7,5,13.1,6,13.5,6,13.6,6,12.2,6,13.4,5,13.6,6,11.6,6,13.6,6,15.5,6,12.1,6.0,13.1,6,12.9,6,10.7,7,10.6,5,13.0,5,14.8,6,13.3,6,14.7,6,13.0,6,15.3,6,14.0,6
2016-05-12 00:00:00,12.9,6,12.6,6,13.8,6,10.0,7,12.7,5,10.3,6,10.1,6,11.5,6,13.7,6,14.2,6,15.6,6,11.3,4,12.9,4,14.1,5,12.8,6,13.1,6,13.1,6,11.7,6,12.8,6,13.1,6,11.3,6,12.9,6,14.9,6,11.8,6.0,12.7,6,12.1,6,10.0,7,10.3,5,12.7,5,14.4,5,12.8,6,14.3,6,12.5,6,15.1,6,13.7,6
2016-05-12 01:00:00,12.8,6,12.4,6,13.4,6,10.0,7,12.4,5,10.2,6,10.1,6,11.2,6,13.2,5,13.6,5,15.2,5,11.1,5,12.4,5,13.5,5,12.5,6,12.6,6,12.5,6,11.3,5,12.2,6,12.4,6,11.0,6,12.2,6,14.3,6,11.3,6.0,12.4,6,11.4,6,9.4,7,10.1,5,12.5,5,14.0,5,12.4,6,13.9,6,12.1,6,14.9,6,13.4,5
2016-05-12 02:00:00,12.9,7,12.3,6,13.1,6,10.1,7,12.2,5,10.2,6,10.2,6,11.0,6,12.8,5,13.1,5,14.7,5,11.0,6,12.0,5,13.0,6,12.1,6,12.0,6,11.9,6,10.8,5,11.7,6,11.6,6,10.8,6,11.5,6,13.9,6,10.8,5.0,12.3,6,10.9,6,8.9,6,10.0,5,12.4,5,13.6,5,12.2,6,13.6,5,11.7,5,14.8,5,13.3,5
2016-05-12 03:00:00,13.5,7,12.7,7,13.2,5,10.6,7,12.9,6,10.7,7,10.4,6,11.1,6,13.3,7,13.3,7,14.9,7,11.4,6,11.5,5,12.5,6,11.7,6,11.4,6,11.4,7,10.5,6,11.8,7,11.2,6,10.8,7,11.1,7,14.0,7,10.5,6.0,11.8,7,11.1,7,9.6,7,8.7,3,11.6,7,13.2,5,12.5,6,13.2,7,11.0,6,14.7,6,12.7,5
2016-05-12 04:00:00,13.5,7,12.5,7,13.2,6,10.8,6,13.1,6,10.7,7,10.4,6,10.9,6,13.3,7,13.3,7,14.5,7,11.8,6,11.6,5,12.9,6,11.6,6,11.2,6,11.4,7,10.9,7,11.9,7,11.6,6,10.6,7,11.3,7,14.0,7,10.1,7.0,11.8,6,11.1,7,9.4,7,8.8,4,11.4,7,12.8,5,12.6,6,13.3,7,11.1,6,14.8,6,12.7,5
2016-05-12 05:00:00,13.8,7,12.8,7,13.7,6,11.3,6,13.5,6,10.9,7,10.7,6,11.0,6,13.6,7,13.6,7,14.4,7,12.6,6,12.4,6,13.8,6,11.7,6,11.5,7,11.8,7,11.7,7,12.5,7,12.4,7,10.6,7,11.9,7,14.2,7,9.9,7.0,12.0,6,11.6,7,9.6,7,9.1,5,11.4,6,12.8,4,13.0,6,13.8,6,11.7,6,15.2,5,12.9,5
2016-05-12 06:00:00,14.4,7,13.6,7,14.7,6,12.2,6,14.3,5,11.3,7,11.1,7,11.7,6,14.2,7,14.3,7,14.8,7,13.7,6,13.6,6,15.0,6,12.4,6,12.2,7,12.4,7,12.7,7,13.4,7,13.6,7,10.7,7,12.7,7,14.6,7,10.2,7.0,12.5,5,12.6,7,10.6,7,9.8,5,11.7,6,13.5,4,13.9,6,14.7,6,13.0,6,15.7,5,13.6,5
2016-05-12 07:00:00,15.2,6,15.1,7,15.9,6,13.5,7,15.5,5,11.9,7,11.7,7,13.1,6,15.1,6,15.4,6,15.7,6,15.3,6,14.8,6,15.8,6,13.6,6,13.5,7,13.2,7,13.7,7,14.6,7,14.7,7,10.9,7,13.5,7,15.0,7,11.0,7.0,13.1,6,14.2,7,12.4,7,10.8,6,12.4,6,15.1,4,15.3,5,15.9,5,15.0,6,16.4,6,14.9,4
2016-05-12 08:00:00,15.9,6,16.9,7,17.5,5,14.9,7,16.8,5,12.5,7,12.4,7,14.7,7,15.9,6,16.6,6,16.9,6,16.9,6,16.4,5,16.8,6,15.0,7,14.9,7,14.0,7,14.5,7,15.8,7,15.9,7,11.3,7,14.2,7,15.4,7,12.0,7.0,13.8,6,16.0,7,14.6,7,11.9,6,13.3,6,17.2,4,16.9,5,17.2,4,17.2,5,17.1,6,16.5,4
2016-05-12 09:00:00,16.5,5,18.3,6,18.8,4,15.9,7,18.1,4,13.1,7,13.0,7,15.9,7,16.6,5,17.5,5,17.9,5,18.2,6,17.6,4,17.5,5,16.1,7,16.1,7,14.7,7,15.2,7,16.7,7,16.9,7,11.6,7,14.6,7,15.7,7,12.8,7.0,14.4,7,17.5,6,16.4,7,12.9,6,14.3,6,18.9,4,18.2,5,18.3,3,19.1,4,17.7,6,17.9,4
2016-05-12 10:00:00,16.7,4,19.0,5,19.8,3,16.3,7,19.2,3,13.5,7,13.5,7,16.4,7,16.9,5,18.0,5,18.5,5,18.8,5,18.3,4,17.9,5,16.5,7,16.7,7,15.2,7,15.6,7,17.1,7,17.8,7,11.9,7,14.8,7,15.8,7,13.2,7.0,14.8,7,18.5,6,17.4,7,13.7,7,15.2,6,19.8,4,19.0,5,19.0,3,20.2,4,18.1,6,18.7,4
2016-05-12 11:00:00,16.7,3,19.2,4,20.4,2,16.4,7,20.0,3,13.8,7,13.9,7,16.4,7,17.0,5,18.2,5,18.8,5,19.1,5,18.7,3,18.4,4,16.4,7,16.9,7,15.6,7,15.8,6,17.2,7,18.6,7,12.3,7,14.8,7,15.7,7,13.4,7.0,15.0,7,19.0,6,17.8,7,14.3,7,15.9,5,20.1,5,19.5,5,19.5,3,20.6,4,18.3,5,19.0,4
2016-05-12 12:00:00,16.8,3,19.1,4,20.7,2,16.3,7,20.7,3,13.9,7,14.2,7,16.4,7,17.2,5,18.5,5,19.1,5,19.3,5,18.9,4,18.8,4,16.4,7,16.9,7,15.9,7,16.1,6,17.1,7,19.0,7,12.6,7,14.8,7,15.7,7,13.4,7.0,15.2,7,19.4,6,17.9,7,14.8,7,16.6,5,20.2,5,19.9,5,19.9,3,20.7,4,18.5,4,19.2,4
2016-05-12 13:00:00,17.1,3,19.1,3,20.9,2,16.4,7,21.3,3,13.9,7,14.5,7,16.7,7,17.8,5,19.0,5,19.7,5,19.7,5,19.2,5,19.4,4,16.7,7,17.0,7,16.2,7,16.5,6,17.1,7,19.2,7,12.9,7,14.9,7,15.8,7,13.5,7.0,15.5,7,19.8,7,18.0,7,15.2,7,17.2,5,20.4,5,20.4,5,20.3,4,20.7,4,18.7,5,19.4,5
2016-05-12 14:00:00,17.5,4,19.1,4,21.1,3,16.6,7,21.6,4,13.9,7,14.7,6,17.1,7,18.6,6,19.5,6,20.4,6,20.2,5,19.2,6,20.0,5,17.2,7,17.1,7,16.4,7,16.8,7,17.1,7,19.1,7,13.2,7,15.0,7,15.9,7,13.5,7.0,15.8,7,20.1,7,18.0,7,15.4,7,17.5,5,20.5,5,20.7,6,20.5,5,20.7,4,18.7,5,19.5,6
2016-05-12 15:00:00,18.3,2,20.8,2,23.2,2,17.4,6,21.5,6,15.8,7,16.0,6,17.8,7,19.0,6,19.8,6,20.7,6,19.0,7,18.7,7,19.5,7,17.4,7,18.2,7,16.7,7,16.2,7,15.8,7,17.2,7,14.3,7,16.9,7,17.7,7,14.7,7.0,16.9,6,20.7,5,19.2,5,16.1,6,18.7,2,20.1,2,21.5,3,20.4,2,21.4,2,18.5,2,19.5,7
2016-05-12 16:00:00,18.1,2,20.7,2,23.0,2,17.2,5,20.9,7,15.5,7,15.9,6,17.6,7,18.9,6,19.4,6,20.4,6,18.7,7,18.1,7,18.9,7,17.1,7,17.7,7,16.2,7,16.0,7,15.5,7,16.8,7,14.1,7,16.2,7,17.5,7,14.0,7.0,16.7,5,20.0,5,18.4,5,15.7,6,18.2,3,19.4,2,20.6,3,19.6,2,20.6,2,18.4,2,19.0,6
2016-05-12 17:00:00,17.5,2,20.1,2,22.4,2,16.8,5,19.9,7,15.1,6,15.7,6,17.2,6,18.7,6,18.8,6,19.8,6,17.9,7,17.3,7,18.0,7,16.4,7,17.0,7,15.5,7,15.5,7,15.0,6,16.0,7,13.6,7,15.2,6,17.0,7,13.0,7.0,16.2,5,18.9,5,17.3,6,15.0,6,17.5,4,18.4,3,19.3,3,18.6,2,19.6,2,18.1,2,18.4,6
2016-05-12 18:00:00,16.8,2,19.0,2,21.4,2,16.0,4,18.5,6,14.5,6,15.1,6,16.6,6,18.1,6,18.0,6,19.1,6,16.8,7,16.4,7,16.9,7,15.6,6,16.1,7,14.7,7,14.8,7,14.4,6,15.0,7,13.0,6,14.3,6,16.3,7,11.9,6.0,15.6,5,17.6,4,15.9,5,14.1,6,16.6,5,17.4,4,17.8,4,17.6,2,18.3,2,17.7,2,17.6,6
2016-05-12 19:00:00,16.1,2,17.5,2,20.0,2,14.9,4,17.0,6,13.8,6,14.3,6,15.7,6,17.2,6,17.2,6,18.3,6,15.5,6,15.4,7,15.9,7,14.7,6,15.2,6,13.9,7,13.9,6,13.6,6,14.0,7,12.3,6,13.6,6,15.4,7,11.0,6.0,14.8,5,16.2,4,14.5,5,13.1,6,15.7,5,16.5,4,16.4,4,16.7,2,16.8,2,17.1,2,16.8,6
2016-05-12 20:00:00,15.4,2,15.8,2,18.6,2,13.7,4,15.7,7,13.1,6,13.4,6,14.8,6,16.2,6,16.4,7,17.5,6,14.1,6,14.5,7,15.1,7,13.9,6,14.3,6,13.2,7,12.9,6,12.7,7,13.2,7,11.6,7,13.0,6,14.4,7,10.3,6.0,14.0,5,14.8,4,13.1,4,12.2,6,14.9,4,15.8,4,15.1,4,15.9,3,15.3,2,16.5,2,16.1,6
2016-05-12 21:00:00,14.8,3,14.8,2,17.7,2,12.7,4,14.7,6,12.5,6,12.8,6,14.0,6,15.6,6,15.8,7,16.8,6,13.1,6,13.8,7,14.4,7,13.2,6,13.6,6,12.7,7,12.4,6,12.2,7,12.6,7,11.3,6,12.4,6,13.8,6,9.9,6.0,13.6,5,13.7,4,11.9,3,11.4,6,14.2,4,15.0,5,14.1,4,15.1,3,14.4,2,15.9,1,15.4,6
2016-05-12 22:00:00,14.4,3,13.9,2,16.9,3,11.9,4,13.9,6,12.0,6,12.3,6,13.3,6,15.0,6,15.3,6,16.2,6,12.3,7,13.2,7,13.8,7,12.8,6,13.1,6,12.3,6,11.9,6,11.8,7,12.1,6,11.1,6,11.7,6,13.3,6,9.7,6.0,13.3,5,12.9,4,10.9,3,10.8,6,13.6,4,14.4,5,13.3,5,14.4,3,13.5,3,15.5,1,14.7,6
2016-05-12 23:00:00,14.0,4,13.2,2,16.1,3,11.4,4,13.4,6,11.6,6,12.0,6,12.8,6,14.5,6,14.8,6,15.6,6,11.8,7,12.7,7,13.3,7,12.6,6,12.7,6,12.0,6,11.5,6,11.5,7,11.7,6,10.9,6,11.2,6,12.9,6,9.6,6.0,13.1,5,12.2,5,10.0,3,10.3,5,13.1,5,13.9,5,12.6,5,13.8,4,12.7,3,15.1,1,14.1,6
2016-05-13 00:00:00,13.7,4,12.8,3,15.5,4,11.1,5,13.0,6,11.4,6,11.8,6,12.4,6,14.0,6,14.3,6,15.2,6,11.5,7,12.2,6,12.8,7,12.4,6,12.4,6,11.7,6,11.1,6,11.2,7,11.3,6,10.8,6,10.9,6,12.7,6,9.6,6.0,12.8,5,11.7,5,9.4,3,10.0,5,12.8,5,13.5,5,12.2,5,13.5,4,12.1,3,14.8,2,13.7,6
2016-05-13 01:00:00,13.6,5,12.6,4,14.9,5,11.0,5,12.9,6,11.3,6,11.7,6,12.2,6,13.7,6,14.0,5,14.9,5,11.3,7,11.9,6,12.5,6,12.3,6,12.2,6,11.5,6,10.9,6,11.0,7,11.0,6,10.7,6,10.6,6,12.6,6,9.5,6.0,12.7,5,11.4,5,8.9,4,9.8,5,12.6,5,13.3,5,12.0,5,13.2,4,11.7,4,14.6,3,13.5,5
2016-05-13 02:00:00,13.5,6,12.6,5,14.5,5,11.1,6,12.8,6,11.2,6,11.6,6,12.0,6,13.4,6,13.8,5,14.7,5,11.4,7,11.7,5,12.3,6,12.2,6,12.0,6,11.4,6,10.8,6,11.0,7,10.9,6,10.7,6,10.6,6,12.6,6,9.4,5.0,12.7,5,11.1,5,8.7,5,9.9,5,12.6,5,13.2,5,12.0,5,13.2,4,11.5,4,14.5,4,13.4,5
2016-05-13 03:00:00,13.0,6,12.1,6,13.7,4,10.9,5,12.8,6,10.9,4,11.2,3,11.7,4,12.5,5,12.8,5,14.5,5,11.2,7,10.4,7,11.0,7,12.0,5,11.6,6,10.9,6,10.0,7,10.0,6,10.1,7,10.3,7,9.9,7,11.7,7,8.7,6.0,12.2,7,10.6,7,8.2,7,9.3,6,11.7,6,12.7,5,12.0,6,12.5,7,10.3,5,13.5,6,12.5,6
2016-05-13 04:00:00,13.0,6,12.1,6,13.5,4,10.8,5,13.0,6,10.9,3,11.0,3,11.3,4,12.5,5,12.8,5,14.3,5,11.5,7,10.5,7,11.2,7,11.7,4,11.4,6,10.9,6,10.1,7,10.1,7,10.3,7,10.3,7,10.1,7,11.8,7,8.5,6.0,12.3,6,10.7,7,8.1,7,9.4,6,11.7,6,12.4,5,12.1,6,12.7,7,10.5,5,13.6,6,12.2,5
2016-05-13 05:00:00,13.3,6,12.4,6,13.8,5,11.0,6,13.5,5,11.1,3,11.0,3,11.3,4,13.0,5,13.3,5,14.3,5,12.1,6,11.1,7,11.9,7,11.8,3,11.6,6,11.2,6,10.6,7,10.7,7,11.0,7,10.4,7,10.7,7,12.1,7,8.6,6.0,12.6,5,11.1,7,8.5,7,9.6,6,11.8,6,12.4,5,12.5,6,13.1,7,11.2,6,14.0,6,12.2,5
2016-05-13 06:00:00,13.7,6,13.2,6,14.5,5,11.6,6,14.3,5,11.8,3,11.4,3,11.9,3,13.6,5,14.1,5,14.7,5,13.0,6,12.1,7,12.8,7,12.5,2,12.2,6,11.9,6,11.4,6,11.6,7,11.9,6,10.7,6,11.5,7,12.6,7,9.0,7.0,13.0,5,12.1,7,9.6,7,9.9,6,12.0,6,12.9,6,13.2,6,13.9,7,12.4,6,14.7,5,12.7,5
2016-05-13 07:00:00,14.1,6,14.3,6,15.5,4,12.8,6,15.2,6,12.9,2,12.3,4,13.3,3,14.4,5,15.2,5,15.4,5,14.3,6,13.4,7,13.8,7,13.8,2,13.4,6,12.9,6,12.7,6,12.7,7,13.0,6,11.1,7,12.5,7,13.2,7,9.9,7.0,13.5,6,13.5,7,11.4,7,10.2,6,12.3,6,14.2,6,14.4,6,15.0,6,14.2,6,15.7,5,13.8,5
2016-05-13 08:00:00,14.4,6,15.5,6,16.7,4,14.3,6,16.1,6,14.2,2,13.3,4,15.0,3,15.1,5,16.4,5,16.3,5,15.7,6,14.7,7,14.8,7,15.4,2,14.8,5,13.9,6,14.1,6,13.9,7,14.0,6,11.7,7,13.5,7,13.7,7,10.9,6.0,14.0,6,15.1,7,13.6,7,10.6,7,12.6,7,15.8,6,15.7,6,16.3,6,16.3,6,16.8,5,15.2,6
2016-05-13 09:00:00,14.7,6,16.3,6,17.7,4,15.6,7,17.0,6,15.4,2,14.3,4,16.6,3,15.8,4,17.4,5,17.3,5,16.8,6,15.8,7,15.6,7,16.7,3,16.1,5,14.9,7,15.3,6,14.9,7,14.8,6,12.2,7,14.2,7,14.2,7,11.8,6.0,14.4,7,16.4,7,15.4,7,11.0,7,13.0,7,17.3,6,16.9,6,17.5,6,18.2,6,17.7,5,16.6,7
2016-05-13 10:00:00,14.8,6,16.5,6,18.3,4,16.4,7,17.7,6,16.2,2,15.0,4,17.5,3,16.3,4,17.9,4,18.2,5,17.4,6,16.6,7,16.2,7,17.4,3,16.9,6,15.6,7,16.0,6,15.5,7,15.3,6,12.7,7,14.6,7,14.6,7,12.3,6.0,14.5,7,17.2,7,16.5,7,11.4,7,13.4,7,18.2,6,17.8,6,18.4,6,19.5,6,18.3,5,17.5,7
2016-05-13 11:00:00,14.9,7,16.4,6,18.7,5,16.8,7,18.4,5,16.6,3,15.3,5,18.0,3,16.7,4,18.1,4,19.0,5,17.8,6,17.1,7,16.6,7,17.8,4,17.3,6,16.1,7,16.3,6,15.8,7,15.7,7,13.2,7,14.8,7,14.8,7,12.6,6.0,14.6,7,17.6,7,16.9,7,11.8,7,13.8,7,18.7,6,18.3,6,19.1,6,20.4,6,18.7,5,18.1,7
2016-05-13 12:00:00,15.0,6,16.4,6,18.9,5,16.9,7,18.8,5,16.8,3,15.6,5,18.2,3,17.1,5,18.2,5,19.5,5,18.0,6,17.4,7,17.1,7,18.1,5,17.5,7,16.5,6,16.5,6,16.0,7,16.0,7,13.6,7,15.0,7,15.1,7,12.7,6.0,14.7,7,18.0,6,17.1,7,12.2,7,14.3,7,18.9,7,18.7,6,19.5,6,20.8,6,19.0,5,18.4,7
2016-05-13 13:00:00,15.2,6,16.6,6,19.1,6,16.9,6,19.1,5,16.8,2,15.8,4,18.5,3,17.5,5,18.4,5,19.6,5,18.3,6,17.6,7,17.8,7,18.6,5,17.7,6,16.9,7,16.8,7,16.2,7,16.4,7,14.0,7,15.4,7,15.4,7,12.8,7.0,15.0,7,18.5,7,17.2,7,12.6,7,14.9,7,19.1,7,19.0,6,19.7,6,21.0,6,19.2,5,18.5,7
2016-05-13 14:00:00,15.2,6,16.9,5,19.2,6,16.9,5,19.1,5,16.8,2,16.1,3,18.7,3,17.8,6,18.7,6,19.5,6,18.7,6,17.7,7,18.4,7,19.1,4,17.9,6,17.2,7,17.0,7,16.3,7,16.8,7,14.3,7,15.9,7,15.7,7,12.9,7.0,15.3,7,18.8,7,17.1,7,13.0,7,15.4,7,19.2,7,19.1,6,19.7,7,20.9,6,19.3,6,18.5,7
2016-05-13 15:00:00,14.9,3,17.1,4,19.3,4,16.9,3,20.5,4,17.1,2,16.4,4,19.6,3,19.5,5,20.2,5,21.0,5,19.9,5,19.2,6,18.5,7,20.5,5,19.2,6,18.2,5,17.6,6,16.6,6,16.7,7,15.2,7,16.4,7,16.3,7,13.4,7.0,16.6,7,19.4,7,18.2,7,13.8,7,16.8,7,20.0,5,20.2,6,20.1,6,21.2,6,19.0,5,19.2,7
2016-05-13 16:00:00,13.9,3,16.2,4,18.1,4,16.4,2,19.6,4,16.7,2,16.2,3,19.3,3,18.9,4,19.6,4,20.2,4,19.6,5,18.8,6,18.4,7,20.3,4,18.9,5,17.9,5,17.6,6,16.7,6,16.7,7,15.2,6,16.1,7,16.5,7,13.1,6.0,16.7,7,18.8,6,17.6,7,13.6,7,16.3,7,19.3,5,19.4,6,19.5,6,20.6,6,18.9,5,18.4,6
2016-05-13 17:00:00,12.6,3,14.9,3,16.6,5,15.5,2,18.4,3,16.1,2,15.8,3,18.6,2,18.0,4,18.6,4,19.2,4,18.9,5,18.1,6,17.9,7,19.6,3,18.3,5,17.3,5,17.3,5,16.6,6,16.3,7,15.0,5,15.5,6,16.4,7,12.5,5.0,16.6,7,17.8,6,16.7,7,13.1,7,15.5,7,18.4,5,18.2,5,18.7,6,19.7,7,18.7,5,17.5,6
2016-05-13 18:00:00,11.4,3,13.4,3,15.0,4,14.3,2,16.8,3,15.2,2,15.0,3,17.4,2,16.7,3,17.4,3,18.0,3,17.5,5,17.0,7,17.0,6,18.6,2,17.3,4,16.5,5,16.5,5,16.0,6,15.6,7,14.5,5,14.8,6,15.9,7,11.8,5.0,16.2,6,16.7,5,15.5,6,12.6,7,14.7,7,17.5,4,16.9,5,17.8,6,18.6,7,18.3,5,16.6,6
2016-05-13 19:00:00,10.7,2,12.0,3,13.5,4,12.8,2,15.0,2,14.0,2,13.8,3,15.8,2,15.3,3,16.1,3,16.9,3,15.4,5,15.5,6,15.9,6,17.2,2,15.9,4,15.5,5,15.2,5,14.9,6,14.5,7,13.8,5,14.3,6,15.1,7,11.1,5.0,15.6,6,15.6,5,14.2,6,12.1,7,14.2,7,16.8,4,15.9,5,17.0,5,17.3,6,17.7,5,16.0,6
2016-05-13 20:00:00,10.3,2,10.8,2,12.2,3,11.4,2,13.2,2,12.8,3,12.5,2,14.0,2,13.8,3,14.7,3,15.7,2,13.2,5,14.0,6,14.7,6,15.8,2,14.4,3,14.4,5,13.8,5,13.6,6,13.4,7,13.1,5,13.9,6,14.2,7,10.4,5.0,15.0,6,14.6,5,13.0,5,11.8,6,13.9,6,16.3,5,15.0,5,16.4,5,16.1,6,17.1,5,15.6,6
2016-05-13 21:00:00,9.9,2,9.8,2,11.1,2,10.1,2,11.7,2,12.0,4,11.4,3,12.7,2,12.5,3,13.4,3,14.5,2,11.4,5,12.7,6,13.7,6,14.4,2,13.0,2,13.4,5,12.6,5,12.8,6,12.7,7,12.6,5,13.5,6,13.9,7,10.2,5.0,14.5,6,13.8,6,12.0,5,11.5,6,13.7,6,15.9,5,14.4,6,15.8,5,14.9,6,16.5,5,15.1,6
2016-05-13 22:00:00,9.6,2,9.1,1,10.2,2,9.3,3,10.8,3,11.4,5,10.6,3,11.5,3,11.4,3,12.2,3,13.2,2,10.6,5,12.0,6,13.0,6,13.4,2,12.0,2,12.6,5,11.9,4,12.4,6,12.1,7,12.2,5,13.1,6,13.7,7,10.0,5.0,14.2,6,13.1,6,11.2,5,11.2,6,13.6,6,15.5,5,13.8,6,15.3,5,13.9,6,16.1,5,14.6,6
2016-05-13 23:00:00,9.4,2,8.6,1,9.5,2,8.7,3,10.2,3,10.9,5,10.1,3,10.6,3,10.4,3,11.1,3,12.1,2,10.3,6,11.6,6,12.5,6,12.6,3,11.4,3,11.9,5,11.5,4,12.2,6,11.6,6,11.8,5,12.6,6,13.5,6,9.9,5.0,14.0,6,12.6,6,10.6,5,11.0,6,13.6,6,15.2,5,13.5,6,14.8,5,13.1,6,15.6,5,14.3,6
2016-05-14 00:00:00,9.2,2,8.3,2,8.9,3,8.4,4,9.7,3,10.4,5,9.8,4,9.9,3,9.6,4,10.2,4,11.2,3,10.1,6,11.0,6,11.9,6,11.9,3,10.8,3,11.3,5,11.1,4,12.0,6,11.1,6,11.5,6,12.0,6,13.3,6,9.8,5.0,13.8,6,12.2,6,10.2,6,10.8,6,13.5,5,14.9,5,13.2,6,14.5,5,12.4,5,15.3,5,14.0,5
2016-05-14 01:00:00,9.1,3,8.1,3,8.5,3,8.1,4,9.1,4,10.0,6,9.5,4,9.3,4,9.0,4,9.5,4,10.7,3,9.6,6,10.1,6,11.2,6,11.2,4,10.2,4,10.7,5,10.4,4,11.5,6,10.5,6,11.2,6,11.3,6,13.1,6,9.7,5.0,13.5,6,12.0,6,9.8,6,10.6,6,13.4,5,14.7,5,13.0,5,14.3,5,11.9,5,14.9,5,13.8,5
2016-05-14 02:00:00,9.1,4,7.9,4,8.2,4,7.8,5,8.4,4,9.5,6,9.3,5,9.0,5,8.5,5,9.0,5,10.5,4,8.8,6,9.0,6,10.5,6,10.5,5,9.6,5,10.2,5,9.6,4,10.7,6,10.0,6,11.0,6,10.7,6,13.0,6,9.7,5.0,13.3,6,11.8,5,9.5,6,10.5,5,13.3,5,14.5,5,13.0,5,14.3,5,11.5,5,14.7,5,13.8,5
2016-05-14 03:00:00,8.6,2,7.5,2,7.9,2,8.1,2,7.9,2,9.3,2,8.9,3,8.7,2,7.8,2,8.1,2,9.5,2,8.2,4,9.2,5,10.6,6,10.0,4,8.9,3,9.1,6,9.0,6,10.2,6,9.6,7,9.8,6,10.1,6,12.4,7,9.6,7.0,12.3,6,12.1,6,10.0,5,9.6,6,11.9,7,14.4,6,13.0,6,14.2,5,13.0,4,14.9,5,13.6,5
2016-05-14 04:00:00,8.6,2,7.4,2,7.8,2,7.9,3,7.7,2,9.0,2,8.6,3,8.3,2,7.5,2,7.8,2,9.0,2,7.8,4,8.4,5,10.1,6,9.4,3,8.2,2,8.6,6,8.6,6,9.9,6,9.4,7,9.5,6,10.0,7,12.4,7,9.4,7.0,12.3,6,12.2,7,9.9,5,9.7,6,11.8,7,14.2,5,13.3,6,14.1,5,12.9,5,15.0,5,13.6,5
2016-05-14 05:00:00,8.9,2,7.6,2,8.0,2,8.0,3,7.7,2,9.1,2,8.5,3,8.1,2,7.6,2,7.9,2,8.8,2,7.7,4,7.9,4,9.9,6,9.2,3,7.9,2,8.5,6,8.5,6,10.1,5,9.7,7,9.4,6,10.3,7,12.6,7,9.5,7.0,12.5,6,12.7,7,10.3,5,10.1,6,11.8,7,14.3,5,14.0,6,14.4,6,13.3,5,15.4,5,13.8,6
2016-05-14 06:00:00,9.2,2,8.2,2,8.5,2,8.4,3,8.1,2,9.6,2,8.8,3,8.6,2,7.9,2,8.5,2,9.0,2,8.2,3,8.0,3,10.2,6,9.7,2,8.3,2,8.8,6,9.0,6,10.7,5,10.4,7,9.7,6,11.0,7,13.1,7,10.0,7.0,13.1,6,13.7,7,11.5,5,10.7,7,12.2,7,15.1,5,15.0,6,15.2,6,14.4,5,16.1,6,14.4,6
2016-05-14 07:00:00,9.6,2,9.1,2,9.4,2,9.3,3,8.1,2,10.7,2,9.5,3,9.8,2,8.5,2,9.5,2,9.7,2,9.3,3,8.8,3,11.5,5,10.9,2,9.7,2,9.6,5,10.1,5,11.7,4,11.5,7,10.5,6,12.2,6,13.8,6,10.3,7.0,14.1,5,16.0,6,13.5,5,11.4,7,12.9,7,16.7,5,16.8,5,17.0,6,16.3,5,17.1,6,15.5,6
2016-05-14 08:00:00,10.0,2,10.2,2,10.5,2,10.5,3,9.3,2,12.1,2,10.5,4,11.4,2,9.3,2,10.6,2,10.7,2,10.7,3,10.1,2,12.4,5,12.6,2,11.3,2,10.6,3,11.4,4,12.9,5,12.6,7,11.6,6,13.5,6,14.5,5,11.4,7.0,15.3,5,17.8,5,16.0,5,12.2,7,13.8,7,18.6,4,18.5,5,18.5,5,18.6,5,18.2,6,16.8,6
2016-05-14 09:00:00,10.4,2,11.0,2,11.4,2,11.4,2,10.4,2,13.4,2,11.3,4,12.8,2,10.1,2,11.5,2,11.7,2,12.0,3,11.4,2,13.3,4,14.1,2,12.9,2,11.6,3,12.7,3,13.9,5,13.6,7,12.7,5,14.6,5,15.2,4,12.5,7.0,16.3,5,19.5,4,18.1,4,12.8,7,14.7,7,20.1,4,20.0,4,19.9,4,20.8,5,19.0,6,18.0,6
2016-05-14 10:00:00,10.7,2,11.4,2,11.9,2,11.8,3,11.3,2,14.4,3,11.8,5,13.6,2,10.8,2,12.0,2,12.5,2,12.8,3,12.3,2,13.9,3,15.2,3,14.0,2,12.4,3,13.5,3,14.5,5,14.3,6,13.6,4,15.2,5,15.8,3,13.5,7.0,16.9,5,20.5,3,19.5,4,13.2,7,15.3,7,20.8,4,20.9,4,21.0,4,22.4,5,19.2,6,18.9,6
2016-05-14 11:00:00,10.9,2,11.5,3,12.1,2,11.8,3,12.0,2,15.1,4,12.1,5,14.0,2,11.3,2,12.2,2,13.0,2,13.3,3,12.8,2,14.2,3,15.8,3,14.7,3,13.0,4,14.1,2,14.9,4,14.8,6,14.2,4,15.4,5,16.2,3,14.2,7.0,17.3,5,21.2,3,20.3,3,13.4,7,15.9,7,20.9,4,21.5,4,21.8,4,23.4,5,19.1,6,19.6,6
2016-05-14 12:00:00,11.1,2,11.6,3,12.2,2,11.8,3,12.4,2,15.6,4,12.3,5,14.3,3,11.8,3,12.5,2,13.5,2,13.6,3,13.1,3,14.6,3,16.2,4,15.2,4,13.6,5,14.5,3,15.0,4,15.2,6,14.7,3,15.5,5,16.5,3,14.7,6.0,17.6,6,21.5,3,20.8,3,13.7,7,16.4,7,20.9,3,22.0,3,22.3,3,24.0,5,18.8,6,20.0,6
2016-05-14 13:00:00,11.4,2,11.8,3,12.4,3,11.9,3,12.8,3,15.8,4,12.5,4,14.6,3,12.3,3,13.0,3,14.0,3,13.8,4,13.2,4,15.0,4,16.5,4,15.6,4,14.2,5,14.9,3,15.1,4,15.8,6,15.1,3,15.8,5,16.7,4,15.1,7.0,18.0,6,21.8,3,21.2,2,14.1,7,17.1,7,21.1,3,22.5,3,22.6,3,24.3,5,18.7,6,20.2,6
2016-05-14 14:00:00,11.6,2,12.1,2,12.7,3,12.0,2,12.9,4,15.8,4,12.6,3,14.9,2,12.6,3,13.5,3,14.3,3,13.9,5,13.2,5,15.3,5,16.7,4,16.0,4,14.7,5,15.3,3,15.1,4,16.2,6,15.4,4,16.0,5,16.9,4,15.3,7.0,18.3,5,21.9,3,21.4,2,14.7,7,17.7,7,21.4,2,22.9,2,22.6,2,24.3,4,18.6,7,20.2,5
2016-05-14 15:00:00,11.8,2,12.6,2,13.2,5,12.1,2,13.4,2,15.3,1,12.5,2,15.0,2,13.1,3,14.0,3,14.6,3,14.3,3,14.2,4,15.9,5,16.5,2,15.2,4,15.0,4,15.6,5,15.5,5,15.8,4,14.9,4,15.6,6,16.9,5,14.7,7.0,18.1,5,21.0,4,20.6,5,15.2,7,17.6,6,22.1,4,22.2,4,22.1,3,24.0,6,18.2,6,20.5,5
2016-05-14 16:00:00,11.7,2,12.6,2,13.0,5,12.0,1,13.1,2,14.5,1,12.1,2,14.6,2,12.9,3,13.7,3,14.3,3,14.0,2,14.0,3,15.4,4,16.3,2,15.0,3,14.7,4,15.4,4,15.1,4,15.4,3,14.9,3,15.3,5,16.7,4,14.0,6.0,18.2,4,20.5,3,20.0,4,15.4,7,17.6,6,21.4,4,21.4,3,21.5,3,23.0,5,18.2,6,20.0,5
2016-05-14 17:00:00,11.5,2,12.4,2,12.6,4,11.7,1,12.5,2,13.4,1,11.5,2,13.8,2,12.4,3,13.2,3,13.7,3,13.5,2,13.5,3,14.6,3,15.9,2,14.4,2,14.1,3,14.9,3,14.5,3,14.6,2,14.6,3,14.7,4,16.3,3,13.1,5.0,18.0,3,19.7,2,19.0,3,15.2,7,17.3,5,20.4,4,20.1,3,20.6,2,21.7,5,18.1,6,19.3,4
2016-05-14 18:00:00,11.2,2,11.8,2,11.8,3,11.1,1,11.6,2,12.1,1,10.6,2,12.7,1,11.7,2,12.5,2,13.0,2,12.4,2,12.6,2,13.6,3,15.2,1,13.5,2,13.2,2,13.7,2,13.5,2,13.5,2,13.9,2,13.7,3,15.6,2,12.1,4.0,17.4,2,18.5,1,17.8,2,14.6,6,16.7,5,19.2,3,18.6,2,19.6,2,20.1,4,17.9,6,18.5,4
2016-05-14 19:00:00,10.8,2,10.8,2,10.8,2,10.1,2,10.2,2,10.7,2,9.5,1,11.4,1,10.8,2,11.6,2,12.3,2,10.7,2,11.3,2,12.5,2,14.0,1,12.2,2,12.0,2,11.8,2,12.1,2,12.1,3,12.7,2,12.5,3,14.6,1,11.2,4.0,16.3,2,17.2,1,16.4,1,13.6,6,15.9,5,18.0,3,17.2,2,18.4,2,18.5,4,17.5,6,17.7,4
2016-05-14 20:00:00,10.5,2,9.6,2,9.7,2,8.9,2,8.7,2,9.3,2,8.5,1,9.9,1,9.8,2,10.7,2,11.6,2,8.7,2,9.8,2,11.4,2,12.6,1,10.7,2,10.7,2,9.7,1,10.5,2,10.7,4,11.4,1,11.1,4,13.4,1,10.4,4.0,15.0,2,15.8,1,14.9,1,12.5,6,15.1,5,16.9,3,15.9,1,17.3,2,16.9,4,17.0,6,17.0,4
2016-05-14 21:00:00,10.1,2,9.1,2,9.1,2,7.7,2,7.8,2,8.4,2,7.5,1,8.8,1,9.2,2,10.0,2,11.0,2,7.2,2,8.4,2,10.3,3,11.4,1,9.4,2,9.5,2,8.1,2,9.1,2,9.5,4,10.3,2,9.9,4,12.2,2,9.8,4.0,13.9,2,14.6,1,13.6,1,11.6,5,14.3,5,15.9,3,14.9,1,16.3,2,15.4,4,16.5,5,16.3,4
2016-05-14 22:00:00,9.8,2,8.6,2,8.7,2,6.7,3,7.0,3,7.8,2,6.8,1,7.8,1,8.6,2,9.3,2,10.4,2,6.2,2,7.4,2,9.3,3,10.2,1,8.5,3,8.6,2,7.0,2,8.3,2,8.7,4,9.4,2,8.9,4,11.3,2,9.2,4.0,12.9,2,13.7,1,12.5,1,10.9,5,13.6,5,15.1,2,14.2,1,15.6,2,14.1,4,16.0,5,15.6,4
2016-05-14 23:00:00,9.5,3,8.2,3,8.2,2,6.2,3,6.4,3,7.4,2,6.4,2,7.0,1,8.1,2,8.7,3,9.8,3,5.9,3,6.7,2,8.4,3,9.1,1,7.7,3,8.0,3,6.6,2,7.8,2,8.2,5,8.8,3,8.2,4,10.5,2,8.7,4.0,12.2,3,13.0,1,11.4,1,10.4,5,13.0,5,14.5,2,13.6,1,15.0,2,12.9,4,15.5,5,15.1,4
2016-05-15 00:00:00,9.3,3,7.9,3,7.9,3,6.1,4,6.0,4,7.3,2,6.3,2,6.5,1,7.6,3,8.1,3,9.3,3,5.7,3,6.2,3,7.6,4,8.3,1,7.2,4,7.5,3,6.4,2,7.4,2,7.7,5,8.4,3,7.6,5,9.9,3,8.3,4.0,11.6,3,12.4,1,10.5,1,10.0,5,12.4,5,13.9,2,13.1,1,14.5,2,12.0,4,15.1,5,14.4,4
2016-05-15 01:00:00,9.1,4,7.6,4,7.6,4,6.4,4,5.8,4,7.3,2,6.4,2,6.1,1,7.2,3,7.6,4,8.8,4,5.6,3,5.7,4,7.0,4,7.6,1,6.9,4,7.1,4,6.3,3,7.0,3,7.1,5,8.1,3,7.1,5,9.4,3,7.8,4.0,11.1,3,11.7,1,9.7,2,9.8,5,11.9,5,13.4,2,12.6,1,13.8,2,11.2,4,14.7,5,13.8,4
2016-05-15 02:00:00,9.0,4,7.5,4,7.5,4,6.9,5,5.7,5,7.3,2,6.6,2,6.0,1,7.0,4,7.2,5,8.5,5,5.4,4,5.4,4,6.6,5,7.2,1,6.7,5,6.8,5,6.1,3,6.5,3,6.5,5,7.8,4,6.7,5,9.0,4,7.4,5.0,10.8,4,11.0,1,9.0,4,9.5,5,11.5,5,12.8,2,12.0,1,13.2,2,10.8,4,14.5,5,13.2,5
2016-05-15 03:00:00,9.0,2,7.4,2,7.1,1,6.7,3,6.1,1,6.7,1,6.1,1,6.2,2,6.5,2,6.8,2,8.4,2,5.3,1,5.0,2,6.3,3,6.9,1,6.1,1,6.5,2,5.7,2,6.1,1,5.8,5,6.9,1,6.3,2,8.2,2,7.7,5.0,10.3,2,10.8,1,9.5,1,9.6,3,11.2,4,12.8,1,12.1,1,12.1,1,11.4,4,14.7,4,14.2,3
2016-05-15 04:00:00,9.0,2,7.5,2,7.2,2,6.8,3,6.1,1,6.6,1,6.3,1,6.0,1,6.6,2,6.9,2,8.2,2,5.4,1,4.9,2,6.4,4,6.6,1,5.9,1,6.2,2,5.5,2,5.9,2,5.7,5,6.3,1,6.0,2,7.9,2,7.4,5.0,10.0,1,10.4,1,9.1,1,9.4,4,10.9,4,12.3,1,11.8,1,11.6,1,11.6,3,14.8,4,14.2,3
2016-05-15 05:00:00,9.2,2,7.9,2,7.5,3,7.1,3,6.4,2,6.8,1,6.7,1,6.2,1,7.0,2,7.3,2,8.2,2,5.9,1,5.2,2,6.8,4,6.8,1,6.1,1,6.2,1,5.6,1,6.1,2,6.0,5,6.0,1,6.2,3,7.7,2,7.2,5.0,10.0,1,10.4,1,9.1,1,9.5,4,10.9,4,12.1,1,11.8,1,11.6,1,12.3,3,15.1,4,14.3,3
2016-05-15 06:00:00,9.6,2,8.6,2,8.3,3,7.9,2,7.0,2,7.5,1,7.6,1,7.0,1,7.7,3,8.1,2,8.7,2,6.7,2,6.0,2,7.6,5,7.6,1,6.9,1,6.7,1,6.3,1,6.7,2,6.8,5,6.3,1,6.8,3,7.9,3,7.5,5.0,10.6,1,11.0,1,9.8,1,10.0,5,11.4,4,12.6,1,12.4,1,12.2,1,13.5,2,15.7,4,14.8,2
2016-05-15 07:00:00,10.2,2,9.8,2,9.5,3,9.3,2,8.1,2,9.0,1,9.1,1,8.7,2,8.8,3,9.4,2,9.9,2,8.0,2,7.4,2,8.6,5,9.2,1,8.4,1,7.7,1,7.6,1,7.9,2,7.9,4,7.3,1,8.0,2,8.6,2,8.4,4.0,11.9,1,12.2,1,11.4,1,11.1,5,12.4,3,14.0,1,13.7,1,13.4,1,15.4,2,16.6,4,15.6,2
2016-05-15 08:00:00,11.0,2,11.1,2,10.8,2,11.0,2,9.4,2,10.8,1,10.8,1,10.9,2,10.1,3,11.0,2,11.5,2,9.5,2,9.0,2,9.8,5,11.3,1,10.2,1,9.1,2,9.2,2,9.4,2,9.3,3,8.8,1,9.5,2,9.6,2,9.6,4.0,13.6,1,13.8,1,13.4,1,12.4,6,13.6,2,15.9,1,15.2,1,15.0,1,17.5,2,17.7,4,16.7,2
2016-05-15 09:00:00,11.6,2,12.2,2,12.0,2,12.6,2,10.7,2,12.7,1,12.4,2,12.8,2,11.3,3,12.3,2,12.9,2,10.9,2,10.5,2,10.9,6,13.2,1,11.8,1,10.4,2,10.7,2,10.8,2,10.5,3,10.2,1,10.9,2,10.6,2,10.9,3.0,15.1,1,15.2,1,15.4,1,13.7,6,14.7,2,17.6,1,16.7,1,16.5,1,19.5,2,18.5,4,17.7,2
2016-05-15 10:00:00,12.0,2,12.9,2,12.7,2,13.7,2,11.8,2,14.2,1,13.6,2,14.1,2,12.2,2,13.1,2,13.7,2,12.0,2,11.5,2,11.8,6,14.6,2,12.8,2,11.3,2,11.7,2,11.8,2,11.5,2,11.2,1,11.8,2,11.5,2,11.9,3.0,16.2,1,16.2,1,16.9,1,14.6,6,15.5,1,18.7,1,17.7,1,17.7,1,21.0,2,18.9,4,18.6,2
2016-05-15 11:00:00,12.2,2,13.3,2,13.1,2,14.3,3,12.6,2,15.2,1,14.3,3,14.9,2,12.8,2,13.5,2,14.2,2,12.8,2,12.2,3,12.5,6,15.6,2,13.4,2,12.0,2,12.3,2,12.4,2,12.2,3,11.8,1,12.3,3,12.1,2,12.7,3.0,16.8,1,16.8,1,17.8,1,15.1,5,16.0,1,19.3,1,18.3,1,18.6,1,21.9,2,19.0,4,19.3,2
2016-05-15 12:00:00,12.4,2,13.6,2,13.5,3,14.7,3,13.2,2,15.9,1,14.8,3,15.4,2,13.3,2,13.8,2,14.5,2,13.3,2,12.6,4,13.1,6,16.2,2,13.8,2,12.6,3,12.8,2,12.8,3,12.7,3,12.3,1,12.7,3,12.7,2,13.3,3.0,17.2,1,17.2,1,18.5,1,15.5,5,16.4,2,19.6,1,18.8,1,19.1,1,22.5,1,19.0,4,19.7,2
2016-05-15 13:00:00,12.7,2,13.9,2,13.9,3,15.0,3,13.7,4,16.2,1,15.1,3,15.9,2,13.7,2,14.1,2,14.9,3,13.7,2,12.9,5,13.7,6,16.5,2,14.2,3,13.2,4,13.3,3,13.1,3,13.1,4,12.8,2,13.1,3,13.2,2,13.7,4.0,17.4,2,17.6,1,19.0,1,15.8,5,16.8,2,19.9,1,19.4,1,19.4,1,22.8,1,19.0,4,19.8,2
2016-05-15 14:00:00,12.9,2,14.2,2,14.4,3,15.1,2,14.0,5,16.1,1,15.2,2,16.3,3,13.9,3,14.4,4,15.3,4,13.9,3,13.2,6,14.1,6,16.7,3,14.6,4,13.8,5,13.9,3,13.3,4,13.4,4,13.2,2,13.5,3,13.5,2,13.8,4.0,17.6,2,17.9,1,19.1,1,16.0,6,17.1,2,20.1,1,19.8,1,19.4,1,22.8,1,18.9,4,19.7,2
2016-05-15 15:00:00,13.2,2,14.7,2,15.1,4,15.4,3,14.4,5,15.8,2,14.6,1,16.6,2,14.2,5,15.0,6,15.8,5,13.8,6,13.3,6,14.3,6,17.3,2,15.6,3,14.8,6,14.7,5,13.3,4,13.7,5,14.0,2,14.2,3,13.9,2,14.2,4.0,17.8,2,18.4,1,19.4,1,16.5,6,18.0,2,21.0,1,20.5,1,19.5,1,22.8,1,18.8,4,20.0,2
2016-05-15 16:00:00,13.1,2,14.5,2,15.0,5,15.1,2,14.3,5,15.3,2,14.2,2,16.7,2,14.2,5,14.9,5,15.6,5,14.0,6,13.2,6,14.0,6,17.3,2,15.8,3,14.9,5,14.9,4,13.4,3,13.5,5,14.0,2,14.1,3,13.9,2,13.4,4.0,17.8,2,17.8,1,18.7,1,16.4,5,18.0,2,20.4,1,19.7,1,18.9,1,22.0,1,18.7,4,19.8,2
2016-05-15 17:00:00,12.9,2,14.0,2,14.5,5,14.6,2,13.8,4,14.5,2,13.6,2,16.5,2,14.0,4,14.6,5,15.2,5,13.8,5,12.8,6,13.4,5,17.1,2,15.7,3,14.6,4,14.6,3,13.2,2,13.0,4,13.8,1,13.6,2,13.7,2,12.2,4.0,17.6,2,16.9,1,17.6,1,16.1,5,17.6,2,19.5,1,18.4,1,18.1,1,20.7,1,18.5,4,19.5,2
2016-05-15 18:00:00,12.5,2,13.2,2,13.6,4,13.7,2,12.9,4,13.4,3,12.8,2,15.8,2,13.5,4,14.0,4,14.7,4,13.1,4,12.1,5,12.6,5,16.3,2,15.0,3,13.8,3,13.6,2,12.5,2,12.1,4,13.3,1,12.6,2,13.1,2,11.0,3.0,17.0,2,15.8,1,16.3,1,15.4,4,17.0,2,18.3,1,17.0,1,17.2,1,19.2,1,18.1,4,18.9,2
2016-05-15 19:00:00,12.1,2,12.2,2,12.4,4,12.5,2,11.6,4,12.1,3,11.7,2,14.5,2,12.7,3,13.2,3,14.0,3,11.6,4,11.1,5,11.6,5,14.9,2,13.6,3,12.6,4,11.7,2,11.1,1,10.9,3,12.4,1,11.1,1,12.1,2,9.9,3.0,15.8,2,14.8,1,14.9,1,14.3,4,16.1,2,17.0,1,15.6,1,16.2,1,17.5,1,17.5,4,18.1,1
2016-05-15 20:00:00,11.6,3,11.1,3,11.1,3,11.2,1,10.2,4,10.9,3,10.6,1,12.8,2,11.8,2,12.3,3,13.3,3,9.8,4,9.9,5,10.6,6,13.1,2,11.9,2,11.1,5,9.5,2,9.5,2,9.7,3,11.3,1,9.5,1,10.9,2,8.9,3.0,14.2,2,13.9,1,13.6,1,13.0,3,15.0,1,15.8,1,14.5,1,15.2,1,15.8,1,16.8,4,17.1,2
2016-05-15 21:00:00,11.2,3,10.5,3,10.4,3,10.3,2,9.6,4,9.9,3,9.8,2,11.5,2,11.2,2,11.6,3,12.7,3,8.5,4,9.1,5,9.9,6,11.8,2,10.6,2,10.0,5,8.1,2,8.3,2,9.0,4,10.4,2,8.3,2,9.9,2,8.1,3.0,13.0,2,13.0,1,12.3,1,11.9,4,13.9,2,14.9,1,13.5,1,14.3,1,14.2,1,16.0,4,16.2,2
2016-05-15 22:00:00,10.8,3,10.0,4,9.8,4,9.6,2,8.9,4,9.2,3,9.1,2,10.4,1,10.5,2,10.9,3,12.0,3,7.5,4,8.4,5,9.3,6,10.7,3,9.7,2,9.0,5,7.0,2,7.3,2,8.4,4,9.6,3,7.5,2,9.1,2,7.4,3.0,11.9,2,12.1,1,11.1,1,11.0,4,12.9,2,14.0,1,12.6,1,13.5,1,12.8,1,15.3,4,15.3,2
2016-05-15 23:00:00,10.5,4,9.5,4,9.2,4,9.0,3,8.3,4,8.8,4,8.7,3,9.5,1,10.0,2,10.3,4,11.4,3,6.9,5,7.8,5,8.7,6,9.9,3,9.0,3,8.2,5,6.5,3,6.8,3,7.9,4,8.9,3,7.1,3,8.5,2,6.7,4.0,11.1,3,11.4,1,10.0,1,10.2,4,12.0,3,13.2,1,12.0,1,12.8,1,11.6,1,14.7,4,14.5,2
2016-05-16 00:00:00,10.2,4,9.0,4,8.7,4,8.7,3,7.8,5,8.6,4,8.5,4,8.9,2,9.4,2,9.7,4,10.9,4,6.6,5,7.2,5,8.2,6,9.3,4,8.5,3,7.6,5,6.3,3,6.5,3,7.4,5,8.3,4,6.9,3,8.1,2,6.2,4.0,10.5,3,10.7,1,9.0,1,9.6,4,11.4,3,12.4,1,11.4,1,12.2,1,10.6,1,14.2,4,13.7,2
2016-05-16 01:00:00,10.0,4,8.6,5,8.3,5,8.5,4,7.4,5,8.5,5,8.3,4,8.4,3,9.0,3,9.2,4,10.4,4,6.4,5,6.7,5,7.8,6,8.8,5,8.2,4,7.2,5,6.4,4,6.4,4,7.0,5,7.7,4,6.9,4,7.9,3,5.8,4.0,10.0,4,10.2,1,8.2,1,9.1,4,10.9,4,11.8,2,10.9,2,11.8,1,9.8,1,13.9,4,13.0,3
2016-05-16 02:00:00,9.9,5,8.4,5,8.0,5,8.4,5,7.1,5,8.6,5,8.2,5,8.0,4,8.7,4,8.8,5,10.0,4,6.4,5,6.4,5,7.5,6,8.4,6,7.9,5,7.0,5,6.5,4,6.4,4,6.8,5,7.2,5,6.8,5,7.9,4,5.5,5.0,9.7,4,9.7,1,7.6,2,8.7,4,10.5,4,11.4,2,10.5,2,11.6,1,9.3,1,13.7,4,12.4,3
2016-05-16 03:00:00,10.1,3,8.8,5,8.4,5,8.8,2,7.5,3,8.9,5,8.6,2,8.2,3,8.3,2,8.8,2,10.0,2,7.1,2,5.8,4,6.7,4,8.5,2,7.8,2,7.1,4,6.8,2,6.0,1,5.8,3,7.3,1,5.6,2,7.0,1,6.2,3.0,9.4,1,10.3,1,8.4,1,8.4,2,9.4,1,11.6,1,11.2,1,11.4,1,10.8,1,14.0,4,13.3,1
2016-05-16 04:00:00,10.0,3,8.9,5,8.5,5,8.7,2,7.7,4,8.8,5,8.6,3,8.1,3,8.5,2,8.8,2,9.8,2,7.4,3,6.0,4,6.9,5,8.4,2,7.8,2,7.1,3,6.9,2,6.3,2,6.0,4,6.9,1,5.9,2,7.1,1,6.0,3.0,9.3,1,10.2,1,8.2,1,8.1,2,9.0,2,11.2,1,11.2,1,11.2,1,10.9,1,14.1,3,13.0,1
2016-05-16 05:00:00,10.1,3,9.3,5,8.9,4,8.9,2,8.2,4,8.9,5,8.8,4,8.4,3,8.9,2,9.0,2,9.9,2,8.0,4,6.5,4,7.5,6,8.8,2,8.1,2,7.4,2,7.3,2,6.9,2,6.6,5,6.8,1,6.6,3,7.5,2,6.2,3.0,9.6,1,10.5,1,8.4,1,8.1,2,9.0,2,11.1,1,11.4,1,11.4,1,11.4,1,14.3,3,13.1,1
2016-05-16 06:00:00,10.4,3,10.0,4,9.6,4,9.5,2,9.0,5,9.5,5,9.4,5,9.2,3,9.6,2,9.8,2,10.3,2,9.0,4,7.5,4,8.3,6,9.7,2,8.9,2,8.2,2,8.2,3,8.0,2,7.6,5,7.2,1,7.7,3,8.3,2,6.9,3.0,10.4,1,11.2,1,9.2,1,8.7,3,9.6,2,11.8,1,12.3,1,12.1,1,12.6,1,14.9,3,13.6,2
2016-05-16 07:00:00,10.9,2,11.0,3,10.7,3,10.7,2,10.0,5,10.7,4,10.5,5,10.8,3,10.4,3,11.1,3,11.2,3,10.4,4,8.9,4,9.3,7,11.2,3,10.4,2,9.6,2,9.6,3,9.5,3,8.9,5,8.5,2,9.2,3,9.4,2,8.3,3.0,11.9,2,12.6,1,10.7,1,10.2,3,10.9,2,13.6,1,13.9,1,13.5,1,14.6,1,15.8,3,14.8,2
2016-05-16 08:00:00,11.6,2,12.2,3,11.9,3,12.3,2,11.0,5,12.2,3,11.9,5,12.7,3,11.4,3,12.6,3,12.5,3,11.9,4,10.6,5,10.4,7,13.0,3,12.1,2,11.2,2,11.4,4,11.2,3,10.2,3,10.2,2,10.9,2,10.7,2,10.0,3.0,13.7,2,14.3,1,12.7,1,12.1,2,12.7,2,15.8,1,15.8,1,15.2,1,16.8,1,16.9,3,16.3,2
2016-05-16 09:00:00,12.2,2,13.1,2,12.9,3,13.7,1,12.1,5,13.6,3,13.2,4,14.4,3,12.3,4,13.8,4,13.7,4,13.3,4,12.0,5,11.5,7,14.7,4,13.7,2,12.7,3,13.0,4,12.7,4,11.5,2,11.8,2,12.5,2,12.1,2,11.7,3.0,15.4,2,16.0,1,14.7,1,13.8,3,14.4,2,17.8,1,17.6,1,17.0,1,18.8,2,17.7,4,17.7,1
2016-05-16 10:00:00,12.6,2,13.7,3,13.6,2,14.7,2,13.1,5,14.6,3,14.1,4,15.5,3,13.2,3,14.3,3,14.7,4,14.3,3,13.0,6,12.5,7,16.0,4,14.7,3,13.8,3,14.2,3,13.8,4,12.5,3,12.9,2,13.7,3,13.4,2,12.9,3.0,16.8,1,17.4,1,16.4,2,14.9,3,15.7,1,18.9,1,18.8,1,18.5,1,20.0,2,18.1,4,18.8,1
2016-05-16 11:00:00,12.9,2,14.0,3,14.0,2,15.3,2,14.0,5,15.3,3,14.6,4,16.1,3,14.0,3,14.4,3,15.5,3,14.8,4,13.5,6,13.4,6,16.9,5,15.3,4,14.6,4,15.0,2,14.5,4,13.4,4,13.6,2,14.7,3,14.5,2,13.8,4.0,17.7,1,18.4,1,17.8,2,15.4,4,16.5,1,19.3,1,19.6,1,19.6,1,20.6,2,18.2,5,19.5,1
2016-05-16 12:00:00,13.2,3,14.2,3,14.3,2,15.6,3,14.6,5,15.8,3,14.8,4,16.6,3,14.7,3,14.6,3,16.1,3,15.2,4,13.9,6,14.1,6,17.4,5,15.8,5,15.3,4,15.6,2,15.0,4,14.0,4,14.1,2,15.3,4,15.4,2,14.3,4.0,18.2,2,19.1,1,18.8,2,15.8,5,17.2,2,19.5,1,20.1,1,20.3,1,20.9,2,18.2,5,19.9,2
2016-05-16 13:00:00,13.5,3,14.5,3,14.6,3,15.7,3,15.0,6,16.1,3,14.9,4,17.1,3,15.2,3,15.1,3,16.5,3,15.4,4,14.2,7,14.5,6,17.7,5,16.3,5,15.9,5,16.0,3,15.4,5,14.5,5,14.5,2,15.7,4,15.9,3,14.6,4.0,18.4,2,19.6,1,19.5,2,16.1,5,17.8,2,19.8,1,20.5,1,20.7,1,21.1,2,18.2,5,20.1,2
2016-05-16 14:00:00,13.7,2,14.8,2,14.8,3,15.6,2,15.1,6,16.2,4,14.9,4,17.6,3,15.4,4,15.7,3,16.7,3,15.6,5,14.4,7,14.7,7,17.7,4,16.7,5,16.4,5,16.3,4,15.6,5,14.7,5,14.8,2,16.0,3,16.2,3,14.7,5.0,18.3,2,19.8,1,19.8,1,16.5,5,18.2,2,20.1,1,20.8,1,20.7,1,21.2,2,18.2,4,20.2,2
2016-05-16 15:00:00,14.2,4,15.5,5,16.4,4,16.1,2,15.6,5,15.8,4,15.2,5,17.5,4,16.0,5,16.7,5,17.2,5,15.4,7,14.2,6,14.3,7,17.1,3,17.4,4,16.9,4,16.9,4,15.2,6,13.6,6,15.5,2,16.3,4,16.4,4,14.7,5.0,18.3,2,20.1,1,20.1,2,16.5,5,18.7,2,21.1,1,21.4,1,20.9,1,21.4,1,18.1,3,20.5,2
2016-05-16 16:00:00,14.0,4,15.3,5,16.4,5,15.8,2,15.4,5,15.2,3,14.8,4,17.4,4,15.9,4,16.5,5,16.9,5,15.5,6,14.1,6,14.1,7,17.0,2,17.4,4,16.8,4,16.9,4,15.1,5,13.4,6,15.4,2,16.1,3,16.4,4,13.9,5.0,18.1,2,19.6,1,19.4,1,16.4,5,18.5,2,20.9,1,20.8,1,20.4,1,20.9,1,18.1,3,20.2,2
2016-05-16 17:00:00,13.7,4,14.7,4,16.1,5,15.2,2,14.8,4,14.3,3,14.1,3,16.9,4,15.6,4,16.0,4,16.5,4,15.3,6,13.7,5,13.5,6,16.8,2,17.0,4,16.3,4,16.5,4,14.8,5,13.0,6,15.1,2,15.5,3,16.2,4,12.8,4.0,17.7,3,18.8,1,18.3,1,16.1,4,18.1,2,20.3,1,19.8,1,19.6,1,20.0,1,18.0,2,19.7,2
2016-05-16 18:00:00,13.3,3,13.8,3,15.3,6,14.3,2,13.9,3,13.2,3,13.2,2,15.9,4,15.0,3,15.3,4,15.8,4,14.5,5,12.8,5,12.7,6,16.1,2,16.2,4,15.4,4,15.5,4,14.0,4,12.2,6,14.5,2,14.6,2,15.6,4,11.6,4.0,17.0,3,17.7,1,17.0,1,15.4,4,17.4,2,19.4,1,18.5,1,18.7,1,18.7,2,17.8,2,19.1,2
2016-05-16 19:00:00,12.9,3,12.7,3,14.1,5,12.9,1,12.7,3,12.2,3,12.2,3,14.6,4,14.0,3,14.4,4,15.0,4,13.0,5,11.6,4,11.8,6,14.8,2,14.8,3,14.2,5,13.7,5,12.7,4,11.2,6,13.5,2,13.4,2,14.5,4,10.6,4.0,15.8,3,16.5,1,15.7,1,14.3,4,16.6,2,18.2,1,17.1,1,17.8,1,17.2,2,17.3,2,18.2,1
2016-05-16 20:00:00,12.5,3,11.6,2,12.7,3,11.3,1,11.4,3,11.4,3,11.2,3,13.0,4,12.9,3,13.5,3,14.2,3,11.2,5,10.4,4,11.0,6,13.3,2,13.2,2,12.8,5,11.6,5,11.2,4,10.2,6,12.4,1,12.0,2,13.2,3,9.8,4.0,14.4,2,15.4,1,14.4,1,13.1,3,15.6,1,16.9,1,15.7,1,16.9,1,15.6,2,16.6,2,17.2,1
2016-05-16 21:00:00,12.1,3,10.8,3,11.6,3,10.1,2,10.7,3,10.7,3,10.4,3,11.8,4,12.2,3,12.7,4,13.4,3,10.0,5,9.3,5,10.1,6,12.2,2,11.9,2,11.6,5,10.1,5,10.5,5,9.3,6,11.5,2,10.8,2,12.5,3,9.0,4.0,13.2,2,14.4,1,13.2,1,12.0,3,14.6,1,15.8,1,14.6,1,16.0,1,14.1,2,16.0,2,16.3,1
2016-05-16 22:00:00,11.7,3,10.2,3,10.7,3,9.2,3,10.1,4,10.2,4,9.7,4,10.8,4,11.4,3,11.9,4,12.6,3,9.1,5,8.4,5,9.3,6,11.3,3,10.8,2,10.6,5,9.0,5,9.9,5,8.6,6,10.7,2,9.8,2,11.9,3,8.3,5.0,12.2,2,13.5,1,12.0,2,11.1,3,13.6,2,14.8,1,13.7,1,15.2,1,12.8,2,15.3,2,15.4,2
2016-05-16 23:00:00,11.3,3,9.9,3,10.0,3,8.7,3,9.5,4,9.9,4,9.3,4,10.1,4,10.8,3,11.2,4,11.9,2,8.5,5,7.7,5,8.7,6,10.7,3,10.0,3,9.8,4,8.3,5,9.3,5,8.2,6,10.0,3,9.1,3,11.3,3,7.8,5.0,11.5,3,12.7,1,11.0,2,10.4,3,12.7,2,14.0,1,13.0,1,14.4,1,11.9,2,14.8,3,14.6,2
2016-05-17 00:00:00,11.0,4,9.6,4,9.6,3,8.6,4,9.1,5,9.7,4,9.1,4,9.5,5,10.2,3,10.6,4,11.2,2,8.1,5,7.3,5,8.2,6,10.2,4,9.4,3,9.3,4,8.0,5,8.9,5,7.9,6,9.5,3,8.6,3,10.8,4,7.3,5.0,10.9,3,12.0,1,10.1,3,9.8,4,12.0,2,13.3,1,12.4,1,13.8,1,11.2,3,14.4,3,13.9,2
2016-05-17 01:00:00,10.8,4,9.4,4,9.2,4,8.7,5,8.7,5,9.6,5,9.0,5,9.2,5,9.7,4,10.1,4,10.7,3,7.9,6,7.1,5,8.0,6,9.9,5,9.0,4,8.9,4,7.9,5,8.6,5,7.7,6,9.0,4,8.3,4,10.4,4,7.0,5.0,10.5,3,11.4,1,9.3,4,9.4,4,11.4,3,12.7,1,11.9,1,13.3,1,10.9,3,14.1,3,13.2,2
2016-05-17 02:00:00,10.6,4,9.2,5,9.0,5,9.0,5,8.5,5,9.6,5,8.9,5,8.9,5,9.3,4,9.6,5,10.3,4,7.7,6,7.1,5,7.9,6,9.6,5,8.7,5,8.6,4,8.0,5,8.3,5,7.7,6,8.5,4,8.3,5,10.0,4,6.9,5.0,10.2,3,10.9,2,8.7,4,9.0,5,11.0,4,12.3,1,11.6,1,12.9,1,10.8,3,14.0,4,12.8,2
2016-05-17 03:00:00,10.4,4,8.7,4,9.0,2,7.7,5,8.0,2,9.3,6,9.0,6,9.4,4,8.3,1,8.9,1,10.5,1,7.0,5,6.6,3,7.3,3,9.9,2,8.9,2,8.8,3,8.3,3,7.4,2,6.9,5,8.6,3,8.8,3,9.0,2,7.0,4.0,10.4,3,11.6,1,9.2,2,8.6,2,10.6,4,13.1,1,12.2,1,12.8,1,11.2,1,14.1,3,13.6,2
2016-05-17 04:00:00,10.3,4,8.8,5,9.0,3,8.0,6,8.1,2,9.3,6,9.1,6,9.3,4,8.4,1,8.9,1,10.2,1,7.4,5,6.6,3,7.5,3,9.9,3,8.8,2,8.7,4,8.4,3,7.6,2,7.0,5,8.3,3,8.8,3,9.1,2,6.9,4.0,10.3,3,11.7,1,9.1,1,8.4,3,10.4,4,12.8,1,12.3,1,12.9,1,11.3,2,14.2,3,13.4,2
2016-05-17 05:00:00,10.6,3,9.1,5,9.3,3,8.6,6,8.5,2,9.5,6,9.3,6,9.5,5,8.9,1,9.2,1,10.2,1,8.2,6,7.0,3,8.0,3,10.1,3,9.0,3,8.8,5,8.8,3,8.2,2,7.6,5,8.3,4,9.0,4,9.5,2,7.0,5.0,10.6,3,12.0,1,9.3,1,8.5,4,10.5,4,12.8,1,12.8,1,13.3,1,11.9,2,14.5,3,13.6,2
2016-05-17 06:00:00,11.1,3,10.0,5,10.2,3,9.5,6,9.4,2,10.0,6,9.8,5,10.1,6,9.8,2,10.0,2,10.8,2,9.5,6,7.9,3,8.8,3,10.7,4,9.7,3,9.5,5,9.6,3,9.3,2,8.5,5,8.7,5,9.7,4,10.2,2,7.7,5.0,11.3,3,12.9,2,10.2,1,9.2,4,11.1,4,13.6,1,13.9,1,14.2,1,13.1,2,15.1,3,14.2,2
2016-05-17 07:00:00,12.0,4,11.4,5,11.7,3,10.8,6,10.8,2,10.8,6,10.6,5,11.3,6,11.0,2,11.5,2,12.1,2,11.1,5,9.5,3,9.9,3,11.8,5,11.1,3,10.8,5,11.0,3,10.8,2,9.8,4,9.8,5,11.1,4,11.3,2,9.1,5.0,12.7,4,14.4,2,11.8,1,10.6,4,12.4,4,15.4,1,15.6,1,15.5,1,15.0,2,16.0,3,15.4,2
2016-05-17 08:00:00,13.0,4,13.0,4,13.4,2,12.3,5,12.4,2,11.7,6,11.5,5,12.8,5,12.4,2,13.3,2,13.9,2,12.8,5,11.3,3,11.2,3,13.1,5,12.7,2,12.4,4,12.6,3,12.4,2,11.3,3,11.2,6,12.9,3,12.6,2,10.9,4.0,14.4,5,16.2,1,13.8,1,12.5,3,14.0,4,17.6,1,17.6,1,17.1,1,17.3,2,17.1,3,16.9,2
2016-05-17 09:00:00,13.8,4,14.5,3,15.0,2,13.7,4,14.0,2,12.7,6,12.5,5,14.1,5,13.8,2,14.9,2,15.5,2,14.3,5,13.0,3,12.4,3,14.4,5,14.2,3,13.8,4,14.1,3,13.9,2,12.6,2,12.6,6,14.5,3,13.9,2,12.7,3.0,16.0,5,17.9,1,15.9,1,14.2,3,15.5,5,19.5,1,19.3,1,18.7,1,19.4,2,18.0,3,18.4,3
2016-05-17 10:00:00,14.2,4,15.6,3,16.1,2,14.7,3,15.3,2,13.5,6,13.3,5,14.9,5,14.9,2,16.0,2,16.7,2,15.5,5,14.2,3,13.4,2,15.4,5,15.1,3,14.8,4,15.2,3,15.0,2,13.6,1,13.7,5,15.6,3,15.1,2,14.2,3.0,17.2,4,19.2,1,17.6,1,15.5,3,16.6,5,20.6,1,20.5,1,20.0,1,20.9,2,18.6,3,19.5,3
2016-05-17 11:00:00,14.2,4,16.2,4,16.7,2,15.3,3,16.2,2,14.2,6,13.9,6,15.4,5,15.8,2,16.7,2,17.4,2,16.3,4,15.1,3,14.3,2,16.1,5,15.6,4,15.4,4,15.9,3,15.8,2,14.3,1,14.6,5,16.3,3,16.1,2,15.3,3.0,17.9,4,20.1,2,19.0,1,16.4,4,17.5,5,21.0,1,21.2,1,21.1,1,21.8,2,18.9,3,20.2,3
2016-05-17 12:00:00,14.2,3,16.6,4,17.2,2,15.8,3,16.9,2,14.7,6,14.4,6,15.8,5,16.5,2,17.1,2,17.9,2,16.8,4,15.7,3,15.2,3,16.5,5,15.9,4,16.0,5,16.4,2,16.4,3,14.9,2,15.2,4,16.7,3,16.9,2,16.1,3.0,18.4,4,20.8,2,20.0,2,17.0,5,18.1,4,21.1,1,21.7,2,21.7,1,22.3,2,19.0,3,20.6,4
2016-05-17 13:00:00,14.3,3,16.8,3,17.6,3,16.1,3,17.4,3,15.0,6,14.7,6,16.3,6,17.0,2,17.4,2,18.3,2,17.1,4,16.2,4,16.1,3,16.7,5,16.3,5,16.6,5,16.9,2,16.9,3,15.6,2,15.7,4,17.1,3,17.5,2,16.5,3.0,18.7,4,21.3,2,20.6,2,17.5,5,18.7,4,21.2,1,22.2,2,21.9,1,22.5,2,19.0,3,20.8,4
2016-05-17 14:00:00,14.4,3,16.8,3,17.9,4,16.3,4,17.7,3,15.0,6,14.8,6,16.7,5,17.4,3,17.6,3,18.5,3,17.3,3,16.7,5,16.8,4,16.7,5,16.7,5,17.2,5,17.4,2,17.2,4,16.2,2,15.9,4,17.3,4,18.0,2,16.5,3.0,18.7,5,21.6,2,20.8,3,17.8,6,19.2,4,21.3,2,22.5,2,21.8,1,22.3,2,18.9,3,20.9,4
2016-05-17 15:00:00,13.9,5,15.6,5,17.7,4,15.4,7,18.1,3,14.3,7,14.4,7,15.8,6,16.7,4,17.3,5,18.0,5,17.1,2,16.7,4,16.8,4,15.7,6,16.5,6,17.5,5,17.8,4,17.0,3,16.1,3,15.7,5,17.8,5,17.6,2,16.2,3.0,18.0,5,21.9,1,20.9,1,17.5,6,19.1,4,21.5,2,22.3,2,21.8,1,22.2,1,18.7,2,20.9,5
2016-05-17 16:00:00,13.8,5,15.3,5,17.5,5,15.2,7,17.9,3,13.9,6,14.0,7,15.6,6,16.6,4,17.2,5,17.8,5,17.1,3,16.6,4,16.7,3,15.4,6,16.5,6,17.4,5,17.9,4,17.0,3,16.2,3,15.5,5,17.5,5,17.8,2,15.5,3.0,17.9,5,21.5,1,20.5,2,17.6,6,19.0,4,21.1,2,21.9,2,21.4,1,21.8,1,18.7,2,20.7,5
2016-05-17 17:00:00,13.6,5,14.8,4,17.1,5,14.8,7,17.4,2,13.4,6,13.3,6,15.2,6,16.3,4,16.9,5,17.5,5,16.9,3,16.2,4,16.2,3,14.9,6,16.2,6,16.9,5,17.5,4,16.7,2,15.9,3,15.1,4,16.7,5,17.7,2,14.5,3.0,17.6,5,20.7,1,19.7,2,17.4,5,18.7,4,20.4,3,21.0,2,20.9,2,21.0,1,18.5,2,20.4,5
2016-05-17 18:00:00,13.3,5,14.1,4,16.4,5,14.2,6,16.4,2,12.8,6,12.7,6,14.5,6,15.7,4,16.3,5,16.9,5,16.1,4,15.4,4,15.4,2,14.3,6,15.5,5,16.0,5,16.5,4,15.9,2,14.9,2,14.5,4,15.7,5,17.2,1,13.4,2.0,16.9,4,19.6,1,18.5,2,16.7,5,18.2,4,19.4,4,19.8,3,20.0,2,19.9,2,18.2,2,19.8,5
2016-05-17 19:00:00,13.0,5,13.4,5,15.3,5,13.5,6,14.9,2,12.2,6,12.1,6,13.6,6,14.8,5,15.5,5,16.2,5,14.7,4,14.2,3,14.2,2,13.5,6,14.5,5,14.7,5,14.8,4,14.4,2,13.3,2,13.6,4,14.5,4,16.1,1,12.3,2.0,15.7,4,18.3,2,16.9,2,15.4,4,17.4,4,18.3,4,18.4,3,18.9,2,18.4,3,17.6,2,18.8,5
2016-05-17 20:00:00,12.7,5,12.7,5,14.2,4,12.7,5,13.4,2,11.7,6,11.7,5,12.6,5,13.8,5,14.6,5,15.3,5,12.9,4,12.8,2,12.9,2,12.7,6,13.3,5,13.4,5,12.8,5,12.6,2,11.5,2,12.6,4,13.3,4,14.7,1,11.3,2.0,14.2,4,16.9,3,15.3,2,13.8,4,16.4,4,17.2,4,16.9,4,17.6,2,16.7,4,16.9,3,17.6,5
2016-05-17 21:00:00,12.5,5,12.2,5,13.2,4,12.1,6,12.7,3,11.5,6,11.2,5,12.2,5,13.0,5,13.8,5,14.6,5,11.8,4,11.5,2,11.6,3,12.3,6,12.4,5,12.3,5,11.4,5,11.3,2,9.9,2,11.7,4,12.2,4,13.3,2,10.3,2.0,13.5,4,15.6,3,13.8,3,12.5,4,15.5,4,16.3,4,15.7,4,16.5,3,15.1,4,16.3,3,16.6,5
2016-05-17 22:00:00,12.4,5,11.8,5,12.6,5,11.6,6,12.1,3,11.3,6,10.9,5,11.9,5,12.5,5,13.1,6,14.0,5,10.9,4,10.4,2,10.6,3,12.0,5,11.7,5,11.5,5,10.3,5,10.3,3,8.8,3,10.9,5,11.4,4,12.3,2,9.4,2.0,12.8,4,14.5,3,12.5,3,11.4,4,14.5,4,15.6,4,14.7,4,15.6,3,13.7,4,15.6,4,15.8,4
2016-05-17 23:00:00,12.3,5,11.5,5,12.2,5,11.2,6,11.6,4,11.1,6,10.6,5,11.6,5,12.3,5,12.5,6,13.6,5,10.3,5,9.6,2,9.8,4,11.7,6,11.2,5,10.9,5,9.6,5,9.7,3,8.2,3,10.2,5,10.7,4,11.6,3,8.6,2.0,12.2,4,13.5,3,11.5,3,10.6,4,13.6,4,15.0,4,13.9,4,14.8,3,12.6,4,15.1,4,15.2,4
2016-05-18 00:00:00,12.2,6,11.2,5,11.9,5,10.9,6,11.1,5,11.1,6,10.5,5,11.4,5,12.0,5,12.1,5,13.2,5,9.9,5,9.1,2,9.3,4,11.5,6,10.8,5,10.5,5,9.3,5,9.4,3,8.1,4,9.6,5,10.2,4,11.2,3,8.2,3.0,11.7,4,12.7,4,10.8,4,10.0,5,12.9,4,14.5,4,13.3,4,14.3,4,11.9,4,14.7,4,14.7,4
2016-05-18 01:00:00,12.2,6,10.9,5,11.4,5,10.7,6,10.8,5,11.0,6,10.6,6,11.3,5,11.6,5,11.6,5,12.8,5,9.7,5,8.9,3,9.2,5,11.4,6,10.6,6,10.2,5,9.3,5,9.2,4,8.2,4,9.2,5,9.8,5,10.9,4,7.9,3.0,11.3,4,12.1,4,10.2,4,9.7,5,12.3,5,14.1,4,12.9,4,13.9,4,11.5,4,14.5,4,14.2,4
2016-05-18 02:00:00,12.2,6,10.7,5,11.0,6,10.7,6,10.6,5,11.1,6,10.7,6,11.3,5,11.1,5,11.3,5,12.5,5,9.6,5,8.9,4,9.3,5,11.4,6,10.5,6,10.0,5,9.4,5,9.2,4,8.5,5,8.9,5,9.6,5,10.8,4,7.9,4.0,11.0,4,11.7,4,9.8,5,9.4,5,11.8,5,13.7,5,12.5,5,13.7,4,11.4,4,14.5,4,13.8,4
2016-05-18 03:00:00,11.4,6,10.4,4,10.6,3,10.5,5,10.0,5,10.4,6,10.4,5,10.6,4,10.4,3,10.8,3,12.3,3,9.0,4,7.8,2,8.2,4,10.6,5,10.0,5,10.0,5,9.5,4,8.4,2,6.8,2,9.6,5,9.1,4,10.1,3,7.1,1.0,10.8,4,11.4,5,8.9,4,9.2,4,11.9,4,13.7,4,12.7,5,13.0,4,10.6,4,14.3,3,14.2,6
2016-05-18 04:00:00,11.8,6,10.7,4,10.9,4,10.6,5,10.3,5,10.4,6,10.5,5,10.7,5,10.5,3,10.9,3,12.3,3,9.4,5,8.3,3,8.7,4,10.8,5,10.0,5,10.0,5,9.9,5,8.7,2,7.3,3,9.4,5,9.3,4,10.1,3,7.1,2.0,10.9,4,11.5,5,9.0,4,9.1,4,11.7,4,13.5,4,12.9,4,13.2,5,11.1,4,14.4,3,14.3,7
2016-05-18 05:00:00,12.2,6,11.1,4,11.4,4,10.7,6,10.7,5,10.5,6,10.7,5,10.9,5,10.9,3,11.3,4,12.4,4,10.1,6,9.2,5,9.6,5,11.3,5,10.3,5,10.3,5,10.5,5,9.4,2,8.3,5,9.3,4,9.9,4,10.5,3,7.6,2.0,11.3,4,11.9,6,9.5,4,9.4,4,11.8,5,13.7,3,13.3,4,13.8,6,12.0,5,14.7,4,14.7,6
2016-05-18 06:00:00,12.6,6,11.7,5,12.1,5,11.0,6,11.4,5,10.8,6,11.0,5,11.4,5,11.3,3,11.9,4,12.6,4,11.1,6,10.5,6,10.8,5,12.0,5,10.7,6,10.8,6,11.2,6,10.5,2,9.8,5,9.6,4,10.8,4,11.2,3,8.7,3.0,11.9,4,12.9,6,10.7,4,10.1,4,12.2,5,14.5,3,14.4,4,14.9,6,13.5,5,15.4,5,15.5,6
2016-05-18 07:00:00,12.8,6,12.2,5,12.9,6,11.4,6,12.2,5,11.3,5,11.5,5,12.2,5,11.7,4,12.6,5,13.0,5,12.3,6,12.1,6,12.2,6,12.8,5,11.3,6,11.5,6,12.1,6,12.0,3,11.8,5,10.2,5,12.1,4,12.4,3,10.7,3.0,12.9,4,14.6,6,12.6,5,11.4,4,13.1,5,16.1,3,16.2,4,16.4,6,15.6,5,16.4,5,16.6,6
2016-05-18 08:00:00,12.8,7,12.7,6,13.6,6,11.8,7,13.1,5,12.0,4,12.0,5,13.1,5,12.0,5,13.2,5,13.4,5,13.6,6,13.7,5,13.6,5,13.6,6,11.9,6,12.2,6,13.0,6,13.7,3,13.9,3,11.1,6,13.7,4,13.9,3,13.0,3.0,14.0,5,16.6,5,14.8,5,12.9,5,14.4,5,18.1,3,18.2,4,18.1,6,17.9,5,17.4,6,17.7,6
2016-05-18 09:00:00,12.7,7,12.9,6,14.3,6,12.1,7,14.0,5,12.7,4,12.5,5,13.7,5,12.3,6,13.7,6,13.9,6,14.7,6,15.3,4,15.1,5,14.2,6,12.4,7,12.9,6,13.8,6,15.3,4,15.7,2,12.0,7,15.1,4,15.6,3,15.3,4.0,15.1,5,18.5,5,17.0,5,14.3,5,15.8,5,19.6,3,20.1,4,19.7,5,20.1,4,18.2,6,18.8,5
2016-05-18 10:00:00,12.6,7,12.9,7,14.8,7,12.3,7,14.8,5,13.4,4,12.9,5,13.9,6,12.5,7,13.9,6,14.4,6,15.5,5,16.6,4,16.5,4,14.6,6,12.7,7,13.4,6,14.5,6,16.6,4,16.9,1,12.8,7,16.2,4,17.2,3,17.0,4.0,15.9,5,20.0,5,18.7,5,15.2,6,17.0,5,20.3,3,21.4,4,20.9,5,21.7,4,18.5,6,19.6,5
2016-05-18 11:00:00,12.4,7,12.8,7,15.1,7,12.4,7,15.4,5,13.9,5,13.3,5,13.8,7,12.7,7,14.1,7,14.8,7,16.0,5,17.5,4,17.6,3,14.8,7,12.9,7,13.7,7,15.1,5,17.5,5,17.7,1,13.4,7,17.0,4,18.6,3,18.1,5.0,16.5,5,21.2,5,20.0,5,15.8,6,18.1,5,20.3,4,22.1,4,21.6,5,22.8,4,18.5,5,20.0,5
2016-05-18 12:00:00,12.4,7,12.8,7,15.4,7,12.5,7,15.8,5,14.4,5,13.6,5,13.9,7,13.0,7,14.2,7,15.1,7,16.2,5,18.0,4,18.6,3,15.0,6,13.2,7,14.0,7,15.5,5,18.0,5,18.3,2,13.8,7,17.5,4,19.6,4,18.6,5.0,16.8,6,22.0,5,20.9,5,16.2,6,18.8,5,20.3,4,22.6,4,22.1,5,23.2,5,18.3,5,20.3,5
2016-05-18 13:00:00,12.5,7,13.0,7,15.6,6,12.7,6,16.0,6,14.7,5,13.9,5,14.4,7,13.3,7,14.4,7,15.3,7,16.2,6,18.1,5,19.3,4,15.3,6,13.6,7,14.4,7,15.7,6,18.1,6,18.9,4,14.0,7,17.7,5,20.1,5,18.6,6.0,16.9,6,22.6,6,21.5,5,16.5,6,19.2,5,20.5,3,22.9,4,22.3,5,23.1,5,18.2,5,20.4,5
2016-05-18 14:00:00,12.7,6,13.2,7,15.7,6,13.0,6,16.0,6,14.8,4,14.0,5,15.0,6,13.6,7,14.7,7,15.4,7,16.0,6,17.9,6,19.5,5,15.6,6,14.0,6,14.6,7,15.8,7,17.9,6,19.2,5,13.9,7,17.7,6,20.1,6,18.2,7.0,16.8,6,22.9,6,21.7,6,16.6,6,19.2,5,20.8,2,23.1,3,22.3,5,22.7,5,18.2,5,20.4,4
2016-05-18 15:00:00,12.7,7,13.1,7,14.4,7,13.8,5,16.3,7,14.7,4,13.9,5,15.1,5,14.1,7,14.8,7,15.4,7,15.9,7,17.1,7,19.2,6,15.8,5,14.4,7,15.7,5,16.6,5,17.6,6,18.9,5,14.6,4,17.9,4,20.0,4,18.2,5.0,17.2,5,22.9,5,21.2,5,16.7,6,19.6,2,21.1,2,23.1,3,21.5,6,21.8,5,17.8,6,20.8,4
2016-05-18 16:00:00,12.7,7,13.0,6,14.1,7,13.7,4,15.4,7,14.3,4,13.6,4,15.2,4,13.8,6,14.4,6,15.1,6,15.0,7,16.4,7,18.5,6,15.8,5,14.4,6,15.1,5,15.9,5,16.8,5,18.4,5,14.1,4,17.0,4,19.5,5,17.0,6.0,16.7,5,22.2,4,20.6,4,16.4,5,19.2,2,20.6,1,22.5,2,20.8,5,21.2,4,17.9,6,20.6,3
2016-05-18 17:00:00,12.6,6,12.6,5,13.8,6,13.4,3,14.1,6,13.8,4,13.1,4,15.0,4,13.3,4,13.7,4,14.5,4,13.9,6,15.6,7,17.5,6,15.4,4,14.0,5,14.1,5,15.0,5,15.8,5,17.6,5,13.4,5,15.8,4,18.8,5,15.6,6.0,16.2,4,21.0,4,19.6,3,15.8,4,18.6,2,19.8,1,21.4,2,20.0,4,20.6,3,17.9,5,20.3,3
2016-05-18 18:00:00,12.4,6,12.1,5,13.2,6,12.8,3,12.9,6,13.0,4,12.4,3,14.3,4,12.6,3,13.0,3,13.8,3,12.8,6,14.7,6,16.3,5,14.7,4,13.4,5,13.1,5,13.8,4,14.7,5,16.5,5,12.6,4,14.6,4,18.0,6,14.2,6.0,15.5,4,19.6,4,18.2,2,15.0,4,17.8,2,18.8,1,20.0,2,19.1,3,19.7,2,17.7,5,19.8,2
2016-05-18 19:00:00,12.2,5,11.5,4,12.4,5,12.0,2,11.9,6,12.1,4,11.7,3,13.2,4,11.9,3,12.3,2,13.0,2,11.7,5,13.6,6,15.2,5,13.6,4,12.5,4,12.2,5,12.5,4,13.5,5,15.2,5,11.7,4,13.5,4,17.0,6,13.1,6.0,14.7,3,18.0,4,16.5,1,14.0,4,17.0,2,17.9,1,18.4,2,18.1,3,18.5,2,17.3,5,19.0,2
2016-05-18 20:00:00,11.9,3,10.8,4,11.6,4,11.0,2,11.1,6,11.3,4,10.9,4,12.0,3,11.2,3,11.8,2,12.3,2,10.7,5,12.5,7,14.2,5,12.5,4,11.5,3,11.4,5,11.2,5,12.2,5,13.8,6,10.8,3,12.6,3,15.8,6,12.3,6.0,14.0,3,16.5,4,14.8,2,13.0,4,16.1,2,17.3,1,16.8,2,17.2,3,17.1,2,16.8,4,18.0,2
2016-05-18 21:00:00,11.8,3,10.3,4,11.2,4,10.2,3,10.3,6,10.7,5,10.3,4,10.9,4,10.8,2,11.3,2,12.0,2,10.1,5,11.5,6,13.3,5,11.5,4,10.7,3,10.7,5,10.3,5,11.2,5,12.6,6,10.1,4,11.7,3,14.6,6,11.6,6.0,13.3,3,15.2,4,13.5,2,12.1,4,15.3,2,16.6,2,15.7,3,16.4,3,15.9,2,16.4,4,17.1,2
2016-05-18 22:00:00,11.7,4,10.0,4,10.8,4,9.6,3,9.7,6,10.4,5,9.9,4,10.3,4,10.5,2,10.9,3,11.7,2,9.6,6,10.7,6,12.5,6,10.9,4,10.2,3,10.2,6,9.5,5,10.5,5,11.8,6,9.6,4,10.9,4,13.5,6,11.0,6.0,12.7,4,14.3,5,12.4,2,11.3,4,14.5,2,16.0,2,14.7,3,15.8,3,14.8,2,16.1,4,16.3,3
2016-05-18 23:00:00,11.6,4,9.8,4,10.5,4,9.3,4,9.3,6,10.3,6,9.7,4,10.0,4,10.2,2,10.6,3,11.4,2,9.2,6,10.0,6,11.9,6,10.7,5,9.8,4,9.7,6,9.0,5,10.1,5,11.2,6,9.2,4,10.3,4,12.5,6,10.4,6.0,12.2,4,13.6,5,11.5,3,10.7,4,13.8,3,15.5,2,14.0,3,15.3,3,13.9,3,15.9,4,15.6,3
2016-05-19 00:00:00,11.5,4,9.6,4,10.2,4,9.3,4,9.0,6,10.3,6,9.6,5,10.0,4,10.0,3,10.3,3,11.3,3,8.9,6,9.6,6,11.3,6,10.6,5,9.7,4,9.4,6,8.7,5,9.8,6,10.8,6,8.9,4,9.8,4,11.8,6,10.0,6.0,11.8,4,13.1,5,10.7,3,10.3,4,13.1,3,14.9,3,13.4,4,14.9,4,13.2,3,15.6,4,14.9,3
2016-05-19 01:00:00,11.5,4,9.6,5,10.1,5,9.4,5,8.9,6,10.4,6,9.7,5,10.1,5,9.8,3,10.1,4,11.2,3,8.7,6,9.3,6,10.9,6,10.6,5,9.6,5,9.2,5,8.6,5,9.6,6,10.3,6,8.8,5,9.6,5,11.5,6,9.7,6.0,11.5,4,12.7,5,10.2,4,10.0,4,12.6,4,14.4,3,12.9,4,14.6,4,12.6,4,15.5,4,14.4,4
2016-05-19 02:00:00,11.5,5,9.6,5,10.0,5,9.7,5,8.9,6,10.5,5,9.8,5,10.1,5,9.8,4,10.0,4,11.2,4,8.7,6,9.2,5,10.6,6,10.5,6,9.5,5,9.1,5,8.7,5,9.6,6,10.0,6,8.7,5,9.5,5,11.4,6,9.5,5.0,11.4,5,12.3,5,9.9,5,9.8,5,12.2,4,14.0,4,12.7,4,14.3,4,12.3,4,15.4,4,14.1,4
2016-05-19 03:00:00,10.3,6,8.4,7,9.4,7,9.0,4,9.6,7,10.1,6,9.4,5,9.5,4,8.9,5,9.3,5,10.5,5,8.9,6,9.4,6,10.5,5,10.0,4,8.6,3,8.3,5,8.4,5,9.4,6,9.9,6,7.8,6,8.6,6,11.0,7,9.5,7.0,11.5,3,12.0,6,9.8,5,10.3,4,11.9,5,14.1,4,12.8,4,13.5,5,11.8,2,14.6,3,14.1,4
2016-05-19 04:00:00,10.3,5,8.5,7,9.5,7,9.3,5,9.6,7,10.3,5,9.6,5,9.6,4,9.0,5,9.4,5,10.4,5,9.0,6,9.5,6,10.6,5,10.1,4,8.5,3,8.2,4,8.4,5,9.4,6,9.9,6,7.7,6,8.7,6,10.8,6,8.9,7.0,11.5,3,11.8,6,9.5,4,10.3,4,11.7,5,13.9,4,12.8,4,13.4,4,11.9,2,14.7,3,14.2,4
2016-05-19 05:00:00,10.5,5,9.0,6,9.9,7,9.8,5,9.8,7,10.5,5,10.0,5,9.9,4,9.3,5,9.8,5,10.4,5,9.3,7,9.9,6,11.0,6,10.5,4,8.7,2,8.5,4,8.7,4,9.6,6,10.3,7,7.7,6,9.0,6,10.7,6,8.4,7.0,11.7,4,11.9,6,9.6,3,10.3,5,11.7,5,14.0,4,13.2,4,13.7,3,12.4,2,15.0,3,14.4,4
2016-05-19 06:00:00,10.9,4,9.9,6,10.8,7,10.6,5,10.3,7,11.0,5,10.6,6,10.6,5,9.9,5,10.6,5,10.9,5,10.0,6,10.6,6,11.7,7,11.2,4,9.3,2,9.0,5,9.2,4,10.2,5,11.0,7,8.1,6,9.6,6,10.8,6,8.4,7.0,12.2,4,12.5,6,10.3,2,10.7,5,12.0,4,14.6,4,13.9,3,14.4,2,13.5,1,15.5,2,14.9,3
2016-05-19 07:00:00,11.5,4,11.3,6,12.1,6,11.5,6,11.2,7,11.7,5,11.5,6,11.8,5,10.8,5,11.7,5,11.8,5,11.1,6,11.6,7,12.5,7,12.3,5,10.4,3,9.9,5,10.1,4,11.2,5,11.8,6,9.0,6,10.6,6,11.2,6,9.1,7.0,13.2,5,13.7,5,11.7,2,11.5,5,12.9,5,15.8,4,15.1,4,15.4,1,15.2,1,16.2,2,15.6,3
2016-05-19 08:00:00,12.1,5,12.8,6,13.6,6,12.5,6,12.3,7,12.6,6,12.5,6,13.2,5,11.7,5,12.8,5,13.1,5,12.3,6,12.8,7,13.4,7,13.6,6,11.8,5,10.9,6,11.1,4,12.3,6,12.7,6,10.1,6,11.8,7,11.8,7,10.2,7.0,14.4,6,15.1,5,13.5,2,12.4,5,14.0,6,17.2,3,16.4,5,16.5,1,17.2,1,17.0,2,16.3,3
2016-05-19 09:00:00,12.6,6,14.2,6,14.9,6,13.5,7,13.4,6,13.5,7,13.4,6,14.4,5,12.7,5,13.9,5,14.3,6,13.5,6,13.7,7,14.2,7,14.7,6,12.9,7,11.9,7,12.1,5,13.4,6,13.3,6,11.1,7,12.8,7,12.6,7,11.1,7.0,15.5,6,16.4,5,15.2,2,13.3,6,15.0,7,18.3,3,17.6,5,17.6,2,19.0,1,17.8,2,17.1,3
2016-05-19 10:00:00,12.9,6,15.1,7,15.9,5,14.3,7,14.4,6,14.3,7,14.1,7,15.1,6,13.5,6,14.7,6,15.3,6,14.3,6,14.2,7,14.8,7,15.5,7,13.6,7,12.6,7,12.9,5,14.2,6,13.6,6,11.8,7,13.5,7,13.4,7,11.6,7.0,16.3,6,17.1,5,16.4,3,13.9,6,15.7,7,18.8,3,18.4,5,18.5,2,20.2,1,18.4,2,17.7,4
2016-05-19 11:00:00,13.1,6,15.7,7,16.5,5,14.9,7,15.2,6,15.0,7,14.7,7,15.4,6,14.2,6,15.3,6,16.0,6,14.8,6,14.5,7,15.3,7,15.9,7,13.9,7,13.1,7,13.5,6,14.7,5,13.8,6,12.2,7,14.0,7,14.1,6,11.7,7.0,16.7,6,17.5,5,17.1,3,14.3,6,16.2,7,18.9,2,18.8,4,19.2,2,20.8,1,18.7,2,18.3,5
2016-05-19 12:00:00,13.3,6,16.0,7,16.9,5,15.4,7,15.8,6,15.5,7,15.1,7,15.7,7,14.8,7,15.7,7,16.5,7,15.1,6,14.8,7,15.8,7,16.3,7,14.2,7,13.5,7,14.0,6,15.0,5,14.0,6,12.5,7,14.4,7,14.7,6,11.7,6.0,17.0,6,17.8,4,17.5,2,14.7,6,16.5,7,19.0,2,19.2,3,19.7,2,21.0,1,18.9,2,18.7,5
2016-05-19 13:00:00,13.5,6,16.2,7,17.2,5,15.7,7,16.2,6,15.8,7,15.5,7,16.2,7,15.2,7,16.0,6,16.7,7,15.3,7,15.2,7,16.3,7,16.6,7,14.6,7,14.0,7,14.3,7,15.1,6,14.4,6,12.9,7,14.8,7,15.1,6,11.8,6.0,17.2,6,18.2,4,17.7,2,15.1,6,16.8,6,19.4,3,19.6,3,19.9,2,20.9,1,18.9,3,19.0,5
2016-05-19 14:00:00,13.7,6,16.3,6,17.3,6,15.9,7,16.3,6,15.9,7,15.7,7,16.8,7,15.5,6,16.1,6,16.7,6,15.4,7,15.6,7,16.7,7,16.9,7,15.0,7,14.5,7,14.6,7,15.1,6,14.9,6,13.3,7,15.1,7,15.3,6,11.9,6.0,17.4,7,18.7,4,17.7,2,15.4,6,17.1,6,19.9,3,20.0,3,20.0,2,20.6,2,18.7,3,19.3,4
2016-05-19 15:00:00,14.0,6,15.2,6,16.5,6,15.5,7,16.5,7,15.4,7,15.7,7,17.2,6,15.3,7,16.0,7,16.6,7,14.9,6,15.6,7,16.1,7,16.5,6,15.8,6,15.1,7,15.0,6,14.7,6,15.4,7,13.8,7,15.9,7,15.9,5,12.5,6.0,17.6,7,20.1,4,18.6,2,16.4,5,18.5,6,21.5,4,21.7,4,20.8,2,21.1,1,19.3,3,20.5,4
2016-05-19 16:00:00,13.8,6,15.0,6,16.2,5,15.5,6,16.2,6,15.1,7,15.3,6,17.2,5,15.3,6,15.9,6,16.6,7,14.8,6,15.5,6,16.0,6,16.4,6,15.8,6,15.0,6,15.1,5,14.7,5,15.2,7,13.7,6,15.6,6,16.0,4,12.2,6.0,17.5,6,19.7,3,18.2,1,16.4,4,18.4,5,21.2,4,21.1,3,20.3,2,20.7,1,19.0,2,20.5,3
2016-05-19 17:00:00,13.5,6,14.5,6,15.7,5,15.1,6,15.7,6,14.8,7,14.7,6,16.9,5,15.1,6,15.6,6,16.4,6,14.6,6,15.1,6,15.6,5,16.3,5,15.6,6,14.7,6,14.9,5,14.5,4,14.7,6,13.5,6,15.0,5,15.8,4,11.6,6.0,17.2,6,18.9,2,17.4,1,16.2,4,18.0,3,20.6,4,20.1,3,19.7,2,20.1,1,18.8,2,20.3,3
2016-05-19 18:00:00,13.2,6,14.0,6,15.1,5,14.5,6,14.9,5,14.2,6,14.0,5,16.3,5,14.7,6,15.2,6,15.9,6,14.1,6,14.5,6,14.9,5,15.8,5,15.2,6,14.2,5,14.4,5,14.0,4,13.9,6,13.1,5,14.4,5,15.3,3,10.9,6.0,16.7,5,17.9,2,16.5,1,15.6,3,17.5,2,19.8,3,18.9,2,19.0,1,19.3,1,18.5,2,19.9,3
2016-05-19 19:00:00,12.9,6,13.4,6,14.4,5,13.8,5,14.1,5,13.5,6,13.4,5,15.4,5,14.1,6,14.7,6,15.2,6,13.3,6,13.7,6,14.1,5,15.0,5,14.6,6,13.6,5,13.4,5,13.1,4,13.0,6,12.5,5,13.8,4,14.5,3,10.1,5.0,16.0,5,16.9,2,15.4,1,14.7,3,16.9,2,18.8,3,17.6,3,18.3,1,18.2,1,18.1,2,19.1,2
2016-05-19 20:00:00,12.8,7,12.9,6,13.7,5,13.0,5,13.3,5,12.7,6,12.8,6,14.4,6,13.5,6,14.2,6,14.5,6,12.4,5,12.9,6,13.2,5,14.1,5,13.9,5,13.0,5,12.2,5,12.0,5,12.0,6,11.9,5,13.3,4,13.6,3,9.3,5.0,15.3,5,15.9,2,14.3,1,13.8,2,16.3,2,17.9,3,16.5,3,17.6,1,16.9,1,17.7,2,18.2,2
2016-05-19 21:00:00,12.6,6,12.5,6,13.1,6,12.4,5,12.6,5,12.2,6,12.3,6,13.6,6,13.0,6,13.8,6,14.1,6,11.7,6,12.1,6,12.4,5,13.5,5,13.4,5,12.5,5,11.1,5,11.1,5,11.2,6,11.4,5,12.6,4,12.8,3,8.6,5.0,14.8,5,15.1,2,13.3,1,13.0,2,15.7,2,17.0,3,15.5,3,16.9,1,15.7,1,17.1,2,17.5,2
2016-05-19 22:00:00,12.4,6,12.1,6,12.6,6,11.9,5,12.0,6,11.8,6,11.9,6,12.9,6,12.7,6,13.3,6,13.7,6,11.1,6,11.5,6,11.8,5,13.1,5,12.9,5,12.1,6,10.5,5,10.5,5,10.6,6,11.1,5,12.0,4,12.3,3,8.1,5.0,14.4,5,14.4,2,12.6,1,12.3,2,15.1,2,16.3,3,14.7,3,16.3,1,14.5,1,16.5,3,16.8,2
2016-05-19 23:00:00,12.3,6,11.7,6,12.1,6,11.5,5,11.5,6,11.5,6,11.4,6,12.3,6,12.3,6,12.8,6,13.5,6,10.6,6,11.0,6,11.4,5,12.8,6,12.5,5,11.7,6,10.1,5,10.2,5,10.1,6,11.0,5,11.4,4,12.1,4,7.9,5.0,14.0,5,13.9,2,12.0,1,11.8,3,14.5,3,15.7,3,14.0,3,15.8,2,13.5,1,15.9,3,16.1,3
2016-05-20 00:00:00,12.2,6,11.3,5,11.7,6,11.1,5,10.9,6,11.2,6,11.1,5,11.8,5,11.9,6,12.2,6,13.2,5,10.2,6,10.6,6,11.1,5,12.5,6,12.0,5,11.2,6,10.0,5,10.0,5,9.9,6,10.8,5,10.9,4,11.9,4,8.0,5.0,13.6,5,13.4,2,11.4,1,11.4,3,14.0,3,15.1,3,13.4,2,15.3,1,12.7,1,15.4,3,15.5,3
2016-05-20 01:00:00,12.1,6,10.9,6,11.3,6,10.7,5,10.5,6,11.0,6,10.8,5,11.3,5,11.4,6,11.6,5,12.8,5,9.8,6,10.2,5,11.0,5,12.0,6,11.4,5,10.7,6,9.8,5,9.9,5,9.8,6,10.5,5,10.4,5,11.7,4,8.3,5.0,13.2,5,12.9,2,10.8,1,11.1,4,13.5,4,14.7,3,13.0,2,14.8,1,12.1,1,15.0,3,15.0,3
2016-05-20 02:00:00,12.0,6,10.7,6,11.0,6,10.4,5,10.2,5,10.8,6,10.6,6,10.9,5,10.9,5,11.1,5,12.4,5,9.6,6,10.0,5,11.0,5,11.5,6,10.8,6,10.3,6,9.7,5,9.8,5,9.8,6,10.2,5,10.0,5,11.5,5,8.7,5.0,12.7,5,12.5,2,10.2,1,10.8,4,13.1,4,14.2,2,12.8,2,14.5,1,11.8,1,14.7,3,14.6,4
2016-05-20 03:00:00,12.0,6,11.2,6,11.5,5,10.9,6,10.6,3,11.5,6,10.9,6,11.5,6,11.2,5,11.2,5,12.5,5,9.7,3,9.4,3,9.9,2,12.1,7,11.3,5,9.8,5,9.3,6,9.0,5,8.9,2,9.7,6,8.9,3,10.4,4,7.2,4.0,12.8,5,12.5,1,9.9,1,10.3,3,11.9,5,14.2,2,13.2,1,13.9,1,11.6,1,14.2,1,14.2,3
2016-05-20 04:00:00,12.2,6,11.2,6,11.5,5,10.9,6,10.6,4,11.5,6,10.9,6,11.2,6,11.2,6,11.2,5,12.4,5,9.8,4,9.6,4,10.2,2,12.0,7,11.2,6,9.9,5,9.5,5,9.2,5,9.4,3,9.5,5,9.3,4,10.4,5,7.0,4.0,12.8,5,12.7,2,10.0,1,10.0,3,11.7,5,14.1,2,13.5,2,13.9,1,11.9,1,14.3,1,14.1,3
2016-05-20 05:00:00,12.4,7,11.4,6,11.7,6,11.1,6,10.7,5,11.6,7,11.2,6,11.2,6,11.5,6,11.6,6,12.4,6,10.2,5,10.1,5,10.8,3,12.3,6,11.3,6,10.3,5,9.9,5,9.7,5,10.3,5,9.5,5,10.0,5,10.8,5,7.2,3.0,13.2,5,13.2,2,10.6,1,10.1,4,11.9,5,14.4,3,14.0,3,14.3,1,12.6,1,14.8,1,14.3,3
2016-05-20 06:00:00,12.8,7,12.0,7,12.3,6,11.7,6,11.3,5,11.9,7,11.7,7,11.8,6,12.1,6,12.3,6,12.9,6,11.0,5,11.0,6,11.7,3,12.9,6,11.9,6,11.1,5,10.7,4,10.6,5,11.5,5,10.0,5,11.1,6,11.5,5,8.0,2.0,14.0,5,14.2,2,11.8,1,10.9,4,12.6,5,15.4,3,15.1,3,15.2,1,14.0,1,15.7,1,15.0,2
2016-05-20 07:00:00,13.2,7,13.0,7,13.4,7,12.7,7,12.4,5,12.4,7,12.6,7,13.0,6,13.0,6,13.4,6,13.8,6,12.3,6,12.3,5,12.9,3,13.9,6,13.0,6,12.1,6,11.9,5,11.9,5,13.0,4,11.1,5,12.6,6,12.5,4,9.6,2.0,15.3,5,15.7,2,13.6,1,12.6,3,13.9,5,17.2,2,16.8,3,16.6,1,16.0,1,17.0,1,16.5,2
2016-05-20 08:00:00,13.6,7,14.2,7,14.6,7,13.8,7,13.7,5,13.1,7,13.6,7,14.6,7,13.9,7,14.6,6,15.0,7,13.7,6,13.8,5,14.2,2,15.1,7,14.3,7,13.2,6,13.2,6,13.4,5,14.5,3,12.5,6,14.2,6,13.7,3,11.7,2.0,16.8,5,17.5,2,15.8,1,14.8,3,15.6,6,19.3,2,18.7,2,18.4,1,18.4,1,18.5,1,18.3,2
2016-05-20 09:00:00,13.9,7,15.3,7,15.8,6,14.9,7,15.0,5,13.9,7,14.6,7,15.9,7,14.8,7,15.7,7,16.1,7,15.0,6,15.2,4,15.5,2,16.2,7,15.4,7,14.2,7,14.4,6,14.7,5,15.8,2,13.8,7,15.6,6,14.9,3,13.9,2.0,18.1,6,19.2,2,18.1,1,16.9,2,17.2,6,21.1,1,20.6,1,20.1,1,20.9,1,19.8,1,20.0,3
2016-05-20 10:00:00,14.2,7,16.0,6,16.6,6,15.6,7,16.0,5,14.6,7,15.3,7,16.7,7,15.4,7,16.4,7,16.9,7,15.9,6,16.2,4,16.6,1,16.9,7,16.0,7,14.9,7,15.1,7,15.7,5,16.7,1,14.7,7,16.6,5,16.1,3,15.8,2.0,18.9,6,20.5,2,20.1,1,18.3,2,18.5,5,22.0,1,22.1,1,21.5,1,23.1,1,20.5,1,21.2,3
2016-05-20 11:00:00,14.4,7,16.4,6,17.1,6,16.1,7,16.7,5,15.3,7,15.7,7,17.0,7,15.9,7,16.9,7,17.4,7,16.4,6,16.8,4,17.4,1,17.4,7,16.2,7,15.4,7,15.5,7,16.3,4,17.3,2,15.3,7,17.2,5,17.2,3,17.3,3.0,19.4,5,21.5,2,21.7,1,19.3,2,19.5,4,22.3,1,23.2,1,22.6,1,24.9,1,20.9,1,22.0,3
2016-05-20 12:00:00,14.5,6,16.7,6,17.3,6,16.4,7,17.3,6,15.8,7,16.0,7,17.2,7,16.3,7,17.3,7,17.8,7,16.7,6,17.3,4,18.1,2,17.7,7,16.4,7,15.9,7,15.9,7,16.8,4,17.8,2,15.9,7,17.8,5,18.1,4,18.2,3.0,19.9,5,22.4,2,22.9,1,20.0,2,20.4,3,22.4,2,24.0,1,23.4,1,26.0,1,21.0,1,22.6,3
2016-05-20 13:00:00,14.6,6,16.9,6,17.4,6,16.6,7,17.8,6,16.1,7,16.3,7,17.5,7,16.7,7,17.7,7,18.1,7,17.0,6,17.7,5,18.6,3,18.0,7,16.8,7,16.6,6,16.4,6,17.2,5,18.3,2,16.5,7,18.5,5,18.8,4,18.5,3.0,20.6,5,23.2,2,23.6,2,20.7,2,21.3,2,22.6,2,24.6,1,23.9,2,26.3,1,21.1,1,23.1,3
2016-05-20 14:00:00,14.7,7,17.1,6,17.5,7,16.8,7,18.1,6,16.2,7,16.5,7,17.7,7,17.1,7,18.1,7,18.4,7,17.2,6,17.9,5,18.8,4,18.2,6,17.2,7,17.4,6,17.0,6,17.6,5,18.7,2,17.2,6,19.1,6,19.3,3,18.4,3.0,21.3,4,23.8,2,23.8,3,21.4,3,22.0,2,23.0,2,24.8,1,24.2,1,26.0,1,21.1,1,23.4,2
2016-05-20 15:00:00,14.7,6,16.9,6,17.9,6,17.6,6,18.4,7,16.5,7,16.9,6,18.2,7,17.3,7,18.1,7,18.5,7,17.4,7,18.4,4,19.8,5,17.7,7,17.7,6,17.5,7,17.5,6,17.9,4,19.4,3,16.8,6,19.2,4,19.1,3,18.2,3.0,20.1,5,23.6,1,23.5,1,20.9,4,21.4,4,23.9,1,24.6,1,24.2,1,25.2,1,20.9,1,23.0,3
2016-05-20 16:00:00,14.6,6,16.9,6,18.0,6,17.5,6,18.4,6,16.2,7,16.7,6,18.3,6,17.7,6,18.3,6,18.8,6,17.6,6,18.4,4,19.6,5,17.7,7,18.0,6,17.9,6,18.0,5,18.0,4,19.4,3,16.9,5,19.0,4,19.2,3,17.6,2.0,20.4,4,23.3,1,23.2,1,21.4,4,21.5,3,23.6,1,24.2,1,24.0,1,24.7,1,20.9,1,22.9,3
2016-05-20 17:00:00,14.3,6,16.7,6,17.8,6,17.1,6,18.0,6,15.6,6,16.2,6,18.1,5,17.8,6,18.2,5,18.8,6,17.6,6,18.1,4,19.0,5,17.4,7,18.0,6,17.8,5,18.1,4,17.8,3,18.9,2,16.8,4,18.2,3,19.0,2,16.8,2.0,20.5,3,22.5,1,22.5,1,21.4,4,21.4,3,23.0,1,23.2,1,23.5,1,24.0,1,20.8,1,22.6,3
2016-05-20 18:00:00,14.0,6,16.2,6,17.4,6,16.4,6,17.2,5,14.9,6,15.5,6,17.5,5,17.5,5,17.8,5,18.5,5,16.9,5,17.3,4,18.1,4,16.8,6,17.6,6,17.3,4,17.3,3,17.0,3,17.9,2,16.3,3,17.1,2,18.5,2,15.9,2.0,20.0,2,21.4,1,21.3,1,20.6,4,20.8,2,22.0,1,21.9,1,22.6,1,22.9,1,20.5,1,21.9,3
2016-05-20 19:00:00,13.8,6,15.3,6,16.6,6,15.3,6,15.8,5,14.1,6,14.6,5,16.4,4,16.6,5,17.0,4,17.7,4,15.3,5,16.0,3,16.9,4,15.7,6,16.6,5,16.2,3,15.4,2,15.5,3,16.2,2,15.5,3,15.8,2,17.5,2,14.8,2.0,18.8,2,20.1,1,19.6,1,18.9,3,19.9,2,20.7,1,20.2,1,21.2,1,21.1,1,19.9,1,20.7,3
2016-05-20 20:00:00,13.6,5,14.3,6,15.5,6,14.1,6,14.2,5,13.3,6,13.8,4,15.1,4,15.5,4,16.0,4,16.7,4,13.4,4,14.3,3,15.5,3,14.5,5,15.4,4,14.7,3,13.1,2,13.7,3,14.2,2,14.6,2,14.4,2,16.3,1,13.5,2.0,17.1,2,18.7,1,17.6,1,16.8,2,18.7,2,19.2,1,18.5,1,19.5,1,18.9,1,19.2,1,19.2,2
2016-05-20 21:00:00,13.6,6,13.6,6,14.6,6,13.2,5,13.0,4,12.8,6,13.1,4,14.2,4,14.4,4,15.0,4,15.8,4,11.8,4,12.9,3,14.2,3,13.7,5,14.2,5,13.3,2,11.0,2,12.1,3,12.4,2,13.7,2,13.1,2,15.0,2,12.1,2.0,15.8,2,17.3,2,15.7,2,14.9,3,17.3,2,18.0,2,17.2,2,18.2,1,16.9,1,18.6,1,18.0,2
2016-05-20 22:00:00,13.6,6,13.1,6,14.0,6,12.5,5,12.2,4,12.3,6,12.5,4,13.4,4,13.7,4,14.1,4,15.1,4,11.0,3,11.9,3,13.1,3,13.0,5,13.4,5,12.3,2,9.8,2,11.2,3,11.3,3,13.1,2,12.1,2,13.9,2,10.8,2.0,14.6,2,16.1,2,14.2,2,13.7,3,15.8,2,17.0,2,16.1,2,17.0,1,15.3,2,17.9,2,17.0,2
2016-05-20 23:00:00,13.6,6,12.8,6,13.5,6,12.0,5,11.7,4,12.0,6,12.1,4,12.8,5,13.2,5,13.4,4,14.7,4,10.8,3,11.4,3,12.2,3,12.5,6,12.8,5,11.6,3,9.4,2,10.9,4,10.6,3,12.7,3,11.4,3,13.1,3,9.7,2.0,13.8,2,15.1,3,13.1,3,13.0,4,14.6,3,16.2,3,15.2,3,16.2,1,14.1,2,17.4,2,16.2,2
2016-05-21 00:00:00,13.6,6,12.5,6,13.2,6,11.6,5,11.5,4,11.7,6,11.8,5,12.3,5,12.9,5,12.8,4,14.4,5,10.8,3,11.1,3,11.6,3,12.2,6,12.4,5,11.2,3,9.5,2,10.9,4,10.4,4,12.3,3,11.0,3,12.6,3,9.3,3.0,13.3,3,14.3,3,12.4,3,12.7,4,13.8,3,15.7,3,14.6,3,15.8,2,13.5,3,17.0,2,15.8,2
2016-05-21 01:00:00,13.4,6,12.2,6,12.8,6,11.3,5,11.4,4,11.6,6,11.6,5,12.0,5,12.6,4,12.4,4,14.2,5,10.8,3,10.9,3,11.5,4,12.0,6,12.0,5,11.0,4,9.8,3,10.9,5,10.4,4,11.8,3,10.9,4,12.4,3,9.5,3.0,13.0,3,13.8,4,12.1,4,12.5,4,13.7,3,15.5,4,14.2,4,15.6,3,13.4,3,16.7,3,15.5,3
2016-05-21 02:00:00,13.3,7,12.0,6,12.4,6,11.1,6,11.4,5,11.6,6,11.5,5,11.7,5,12.3,4,12.2,5,14.0,5,10.8,4,10.8,4,11.5,5,11.9,6,11.7,6,11.1,5,10.1,4,10.9,5,10.5,5,11.5,4,11.0,4,12.5,4,10.0,4.0,13.0,4,13.4,4,12.0,5,12.4,5,13.9,4,15.4,4,13.9,4,15.8,4,13.8,4,16.5,3,15.5,4
2016-05-21 03:00:00,13.1,6,12.0,6,12.1,6,11.7,5,11.5,5,11.8,6,11.5,5,11.9,6,12.2,5,11.9,5,13.6,5,10.0,6,9.7,4,10.4,5,11.4,6,10.9,5,10.3,4,9.1,6,9.7,4,9.3,2,12.2,3,9.7,2,11.8,3,8.4,1.0,13.5,3,13.5,2,10.9,2,12.4,2,13.5,3,15.0,2,14.1,2,15.2,2,12.4,2,16.2,2,15.3,2
2016-05-21 04:00:00,13.3,6,12.1,7,12.3,6,11.7,6,11.6,5,11.8,6,11.4,6,11.6,6,12.3,6,12.0,5,13.5,5,10.1,5,9.7,5,10.9,5,11.3,6,10.9,5,10.3,5,9.4,6,9.9,5,9.7,2,12.1,3,10.1,3,11.9,3,8.5,2.0,13.4,4,13.5,3,11.0,3,12.2,2,13.2,3,15.1,2,14.3,3,15.5,2,12.9,2,16.4,2,15.4,2
2016-05-21 05:00:00,13.6,6,12.6,7,12.8,6,11.9,6,12.1,5,11.9,6,11.5,6,11.6,7,12.6,6,12.4,6,13.6,6,10.7,5,10.3,6,11.8,5,11.6,7,11.3,5,10.8,5,10.1,6,10.6,6,10.7,3,12.2,4,10.9,4,12.3,4,9.2,2.0,13.6,5,13.9,4,11.6,3,12.5,2,13.3,3,15.5,2,14.9,3,16.1,3,13.9,3,16.8,2,15.9,2
2016-05-21 06:00:00,14.2,6,13.4,7,13.8,6,12.5,6,13.0,5,12.2,6,11.9,7,12.1,7,13.4,6,13.4,6,14.2,6,11.9,5,11.6,6,13.2,5,12.4,7,12.3,6,11.8,4,11.4,6,11.8,6,12.3,3,12.8,4,12.2,5,13.3,4,10.6,2.0,14.5,6,15.0,4,12.9,3,13.5,3,14.2,4,16.5,3,16.2,4,17.2,3,15.5,3,17.5,2,16.7,3
2016-05-21 07:00:00,14.9,7,14.6,7,15.3,6,13.7,7,14.4,5,12.7,6,12.6,7,13.4,7,14.7,6,15.0,6,15.5,6,13.9,6,13.6,6,14.9,5,13.8,7,13.9,6,13.5,4,13.5,6,13.7,6,14.4,3,14.2,4,14.2,4,14.9,3,12.9,2.0,16.2,6,16.8,4,15.1,4,15.6,3,16.2,4,18.1,4,18.1,4,18.8,4,17.8,3,18.4,2,17.9,3
2016-05-21 08:00:00,15.7,7,16.0,7,16.9,7,15.1,7,16.0,5,13.4,7,13.5,7,15.1,7,16.1,6,16.9,6,17.1,6,16.2,6,16.0,5,16.6,4,15.4,7,15.8,6,15.5,4,15.9,5,15.9,6,16.7,2,16.0,4,16.5,3,16.9,2,15.7,2.0,18.4,6,19.0,3,17.7,4,18.3,4,18.8,4,19.8,4,20.3,3,20.6,4,20.3,3,19.3,3,19.3,3
2016-05-21 09:00:00,16.3,7,17.3,7,18.5,6,16.4,7,17.6,5,14.1,7,14.4,7,16.6,6,17.5,6,18.6,6,18.7,6,18.4,6,18.1,5,18.3,3,17.0,7,17.4,6,17.4,4,18.2,5,18.0,5,18.7,2,17.8,4,18.8,2,19.0,2,18.4,2.0,20.5,5,21.1,2,20.2,4,20.8,4,21.4,4,21.1,5,22.3,3,22.3,4,22.7,3,20.0,3,20.5,4
2016-05-21 10:00:00,16.6,7,18.2,6,19.7,6,17.1,7,19.0,5,14.7,7,15.0,7,17.5,6,18.5,5,19.7,6,20.0,5,20.0,6,19.5,4,19.7,2,18.1,7,18.5,6,18.9,4,19.9,5,19.6,5,20.1,2,19.3,4,20.9,2,20.8,1,20.5,2.0,22.2,5,22.8,2,22.2,4,22.7,4,23.4,3,21.6,5,23.7,3,23.6,5,24.5,3,20.3,3,21.2,4
2016-05-21 11:00:00,16.8,6,18.9,5,20.6,6,17.5,6,20.0,5,15.2,7,15.5,6,18.0,7,19.2,6,20.3,6,21.0,5,21.0,5,20.3,4,20.9,2,18.9,6,19.1,6,20.0,4,21.1,5,20.6,4,20.9,2,20.4,4,22.6,2,22.3,1,22.0,2.0,23.5,4,24.2,3,23.7,3,23.8,3,24.8,2,21.6,4,24.6,4,24.4,5,25.7,3,20.2,3,21.6,4
2016-05-21 12:00:00,16.9,6,19.3,5,21.2,6,17.6,6,20.8,5,15.5,7,15.8,6,18.2,7,19.7,6,20.7,6,21.7,6,21.6,5,20.9,5,21.8,2,19.3,6,19.5,6,20.8,5,21.9,5,21.4,4,21.6,2,21.1,4,23.9,3,23.5,2,22.9,2.0,24.3,4,25.2,3,24.7,3,24.5,3,25.7,2,21.4,4,25.0,4,24.8,5,26.3,4,20.1,3,21.7,4
2016-05-21 13:00:00,17.1,6,19.6,5,21.5,6,17.7,6,21.3,5,15.7,6,16.0,7,18.3,7,20.2,6,21.2,6,22.2,6,21.9,6,21.4,5,22.6,3,19.5,6,20.0,6,21.5,5,22.4,5,22.0,5,22.2,3,21.4,5,24.7,3,24.3,2,23.2,3.0,24.8,5,26.0,3,25.4,3,24.7,4,26.1,3,21.3,4,25.2,5,24.8,5,26.4,3,20.1,3,21.7,4
2016-05-21 14:00:00,17.2,6,19.8,6,21.6,6,17.8,6,21.5,6,15.8,5,16.1,7,18.4,7,20.7,6,21.6,6,22.5,6,22.0,6,21.8,6,23.1,4,19.5,7,20.4,7,22.1,6,22.6,5,22.3,6,22.8,4,21.4,5,24.9,3,24.7,3,23.0,4.0,24.8,6,26.4,2,25.7,3,24.6,5,26.0,4,21.2,5,25.0,5,24.4,4,26.0,3,20.1,3,21.6,4
2016-05-21 15:00:00,17.5,5,19.7,5,21.9,5,18.8,6,23.0,5,14.6,7,15.2,7,18.8,7,21.3,6,22.1,6,22.6,6,23.0,7,22.7,4,23.4,4,19.1,7,21.3,6,23.6,5,24.0,4,23.3,3,23.4,4,21.7,4,25.8,3,25.4,2,22.7,3.0,23.4,6,26.2,2,25.9,2,24.3,5,25.2,3,22.0,4,24.8,2,23.8,3,24.9,3,19.9,3,22.1,6
2016-05-21 16:00:00,17.5,6,19.4,6,21.9,5,18.5,6,22.9,5,14.2,7,14.8,7,18.5,7,21.4,6,22.2,5,22.8,5,22.8,6,22.5,4,23.2,5,18.5,7,21.1,6,23.5,5,24.0,5,23.2,4,23.2,4,21.2,4,25.2,4,25.3,2,21.8,3.0,21.9,7,25.3,2,25.0,2,22.8,6,24.3,3,21.5,4,23.9,2,22.9,3,24.2,2,19.8,3,21.8,6
2016-05-21 17:00:00,17.5,6,18.9,6,21.7,5,18.0,7,22.4,6,13.6,7,14.3,7,18.0,6,21.3,5,21.9,5,22.7,5,22.3,6,22.0,4,22.5,5,17.6,6,20.6,6,22.8,5,23.5,6,22.7,4,22.4,3,20.5,4,24.1,3,24.8,2,20.7,4.0,20.4,7,24.0,2,23.4,2,20.9,6,23.2,4,20.6,4,22.7,2,21.9,3,23.5,2,19.7,3,21.2,6
2016-05-21 18:00:00,17.2,6,18.1,6,21.1,5,17.1,7,21.4,6,13.0,7,13.7,6,17.1,6,20.7,5,21.2,5,22.2,5,21.3,5,21.0,4,21.4,5,16.6,6,19.8,6,21.6,5,22.2,6,21.6,4,21.1,2,19.5,4,22.6,3,23.9,3,19.4,4.0,18.9,7,22.3,2,21.6,2,19.0,6,21.9,4,19.7,4,21.2,3,20.9,3,22.4,2,19.5,3,20.4,5
2016-05-21 19:00:00,16.6,6,17.0,6,20.0,5,15.8,6,19.9,5,12.2,7,13.0,6,15.8,5,19.6,5,20.1,5,21.1,5,19.8,5,19.7,4,20.1,5,15.5,6,18.6,6,19.9,5,19.9,6,19.9,4,19.3,3,18.2,4,20.8,3,22.7,3,18.0,4.0,17.5,7,20.4,3,19.6,2,17.4,6,20.6,4,18.8,5,19.6,3,20.0,3,20.9,3,19.0,3,19.3,5
2016-05-21 20:00:00,15.9,7,15.9,6,18.7,6,14.5,5,18.3,5,11.5,6,12.3,6,14.3,5,18.3,6,18.8,5,19.8,6,18.2,5,18.3,4,18.7,4,14.4,6,17.3,5,18.0,5,17.5,5,18.1,4,17.3,3,16.9,5,19.1,3,21.3,3,16.5,4.0,16.4,7,18.6,3,17.6,2,16.2,6,19.4,5,18.0,6,18.0,4,19.1,4,19.2,3,18.4,4,18.1,5
2016-05-21 21:00:00,15.3,7,15.0,6,17.5,6,13.3,5,17.2,5,11.1,6,11.6,6,13.1,5,17.1,6,17.7,6,18.7,6,16.8,5,17.2,4,17.5,4,13.5,6,16.1,5,16.5,5,15.6,5,16.5,4,15.8,4,15.6,5,17.6,3,20.0,3,15.1,4.0,15.5,6,17.0,4,15.9,2,15.2,6,18.3,5,17.4,5,16.7,4,18.4,4,17.7,4,17.8,4,17.7,5
2016-05-21 22:00:00,15.0,7,14.6,6,16.8,6,12.6,5,16.5,5,10.7,6,11.1,6,12.4,5,16.3,6,17.0,6,18.0,5,16.0,5,16.5,4,16.7,3,13.0,6,15.2,5,15.6,5,15.0,5,15.6,5,15.0,3,14.6,5,16.7,4,18.8,3,13.9,4.0,14.9,6,15.9,4,14.5,3,14.5,6,17.5,5,16.8,5,15.8,4,17.8,4,16.3,4,17.3,4,17.3,5
2016-05-21 23:00:00,14.7,7,14.4,6,16.3,6,12.2,6,16.1,5,10.4,5,10.6,6,12.0,5,15.7,6,16.5,6,17.6,5,15.5,5,16.1,4,16.1,3,12.8,6,14.5,6,15.0,6,15.1,5,15.2,5,14.6,3,14.0,6,16.1,4,17.9,3,12.9,4.0,14.5,6,15.1,4,13.5,3,14.0,6,16.8,6,16.3,5,15.2,5,17.3,4,15.2,4,16.9,4,16.9,5
2016-05-22 00:00:00,14.5,7,14.2,6,15.8,6,11.8,6,15.5,5,10.1,5,10.2,6,11.6,5,15.1,5,15.8,6,17.2,5,15.0,5,15.5,4,15.5,3,12.5,6,13.9,6,14.6,6,15.0,5,14.9,5,14.3,3,13.5,6,15.4,5,17.0,4,12.2,4.0,14.2,6,14.5,5,12.7,4,13.5,6,16.2,6,16.0,5,14.8,5,16.9,4,14.6,5,16.6,4,16.7,5
2016-05-22 01:00:00,14.3,7,13.8,6,15.1,6,11.2,6,14.7,6,10.0,5,9.9,6,11.3,6,14.3,5,14.8,5,16.6,5,14.2,6,14.6,4,14.8,4,12.1,6,13.3,6,14.0,6,14.2,5,14.4,6,13.7,4,13.2,6,14.5,5,16.3,4,11.9,4.0,13.8,6,14.1,5,12.2,5,13.1,6,15.7,6,15.8,5,14.4,5,16.5,4,14.3,4,16.5,4,16.6,5
2016-05-22 02:00:00,13.9,7,13.2,6,14.4,6,10.6,6,13.8,6,9.9,5,9.8,6,10.8,6,13.4,5,13.8,5,15.8,5,13.3,6,13.6,4,14.2,5,11.7,6,12.7,6,13.4,6,13.1,5,13.9,6,13.1,5,13.0,6,13.6,5,15.7,5,11.8,4.0,13.5,6,13.8,5,12.0,5,12.7,5,15.2,5,15.7,5,14.3,5,16.2,4,14.3,4,16.6,4,16.6,5
2016-05-22 03:00:00,14.4,6,13.8,6,14.9,7,11.8,6,14.7,4,10.0,6,10.3,5,11.3,7,14.1,6,14.4,6,16.0,6,14.4,4,13.8,4,14.3,4,11.9,6,13.0,7,14.2,5,14.2,3,14.2,4,13.3,2,14.0,5,14.8,3,16.2,3,11.6,3.0,13.5,7,13.2,1,11.1,1,12.9,5,15.2,4,15.1,5,13.9,2,15.2,3,12.9,3,15.6,3,15.0,4
2016-05-22 04:00:00,14.3,6,13.5,7,14.8,7,11.6,6,14.8,5,9.9,6,10.1,5,11.1,7,13.8,6,14.1,6,15.5,6,14.5,4,14.0,4,14.6,3,11.8,7,12.6,7,13.8,5,14.0,3,14.2,3,13.7,2,13.8,5,14.6,3,16.1,2,11.6,3.0,13.5,7,13.4,1,11.2,1,12.8,5,15.1,4,15.0,5,14.2,2,15.5,3,13.2,3,15.9,3,15.1,4
2016-05-22 05:00:00,14.3,7,13.5,7,15.1,7,11.7,7,15.1,5,9.9,6,10.1,6,11.2,7,13.9,7,14.3,7,15.3,7,14.8,4,14.7,4,15.3,3,12.0,7,12.5,7,13.6,6,14.2,3,14.5,3,14.7,2,13.7,5,14.6,4,16.1,2,12.0,3.0,13.7,7,14.1,2,11.9,1,12.9,6,15.2,4,15.1,5,14.9,3,16.2,3,14.1,3,16.6,3,15.4,5
2016-05-22 06:00:00,14.3,7,13.7,7,15.4,7,12.0,7,15.6,6,10.1,6,10.3,6,11.5,7,14.1,7,14.7,7,15.4,7,15.5,4,15.9,3,16.4,2,12.5,7,12.8,7,13.8,7,14.7,3,15.2,3,16.1,2,13.7,5,15.0,5,16.5,2,12.9,3.0,14.1,7,15.2,2,13.2,1,13.0,6,15.4,4,15.8,6,15.9,3,17.3,3,15.6,3,17.5,3,16.2,5
2016-05-22 07:00:00,14.2,7,14.1,7,15.7,7,12.6,7,16.1,6,10.5,6,10.7,6,12.2,7,14.4,7,15.3,7,15.6,7,16.3,4,17.5,3,17.8,2,13.2,7,13.4,7,14.3,7,15.3,4,16.4,3,17.8,2,13.6,5,15.9,4,17.3,2,14.6,2.0,14.5,7,16.8,2,15.3,1,12.9,7,15.7,4,17.0,6,17.3,4,18.7,3,17.8,3,18.4,4,17.4,6
2016-05-22 08:00:00,14.1,7,14.6,7,16.0,7,13.3,7,16.7,5,11.2,6,11.2,6,13.0,7,14.7,7,15.9,7,15.9,7,17.2,4,19.0,2,19.2,2,13.9,6,14.2,7,14.9,7,16.0,4,17.7,3,19.6,2,13.6,5,17.1,3,18.4,2,16.6,2.0,14.8,7,18.5,2,17.6,1,12.7,7,15.9,5,18.4,7,18.8,5,20.2,3,20.3,2,19.2,4,18.7,6
2016-05-22 09:00:00,14.0,7,15.0,7,16.3,7,13.9,7,17.2,5,11.9,6,11.8,6,13.6,6,14.9,7,16.3,6,16.2,7,17.9,4,20.0,2,20.5,2,14.5,6,14.7,7,15.5,6,16.8,4,18.8,3,21.0,2,13.7,6,18.2,3,19.5,2,18.6,2.0,14.9,7,20.0,2,19.8,1,12.5,7,16.2,6,19.3,6,20.0,6,21.5,3,22.5,2,19.7,4,19.9,6
2016-05-22 10:00:00,13.9,7,15.2,7,16.6,7,14.2,6,17.6,5,12.6,5,12.3,6,13.9,6,15.1,7,16.4,6,16.5,7,18.3,4,20.2,2,21.5,2,14.8,6,14.8,7,15.8,6,17.5,4,19.4,2,21.8,1,13.9,6,19.1,2,20.5,2,20.1,1.0,14.8,7,21.1,3,21.3,1,12.4,7,16.4,6,19.4,5,20.6,6,22.2,3,23.9,2,19.8,4,20.7,6
2016-05-22 11:00:00,13.9,7,15.1,7,16.8,7,14.2,6,17.9,5,13.2,5,12.6,6,13.9,6,15.3,7,16.4,7,16.8,7,18.5,3,20.0,1,22.1,2,14.8,6,14.5,7,15.9,5,18.0,4,19.6,2,22.2,1,14.2,7,19.6,2,21.3,1,21.1,1.0,14.7,7,21.7,4,22.2,1,12.5,7,16.5,7,19.1,4,20.7,6,22.5,3,24.6,2,19.6,3,21.1,6
2016-05-22 12:00:00,13.9,7,15.1,7,17.0,7,14.2,5,18.1,5,13.6,4,12.9,6,14.0,6,15.5,7,16.4,7,17.0,7,18.5,3,19.7,2,22.6,1,14.8,6,14.4,7,15.9,5,18.2,4,19.7,2,22.4,1,14.4,7,19.8,2,21.7,1,21.6,2.0,14.6,7,22.0,5,22.8,1,12.6,7,16.6,7,18.8,3,20.7,5,22.5,3,24.9,2,19.5,3,21.1,5
2016-05-22 13:00:00,13.8,7,15.1,7,17.0,7,14.2,6,18.1,5,13.8,4,13.0,7,14.2,6,15.7,7,16.6,7,17.2,7,18.4,4,19.7,2,22.9,1,14.9,6,14.5,7,15.9,6,17.9,5,19.7,2,22.5,2,14.5,7,19.6,3,21.7,2,21.6,3.0,14.8,7,22.0,5,23.1,1,12.8,7,16.5,7,18.9,2,20.7,5,22.3,3,24.9,3,19.6,2,20.9,6
2016-05-22 14:00:00,13.7,7,15.1,7,16.9,7,14.2,6,18.0,6,13.8,4,13.0,7,14.5,7,15.8,7,16.8,7,17.2,7,18.2,5,19.9,2,23.0,1,14.9,7,14.7,7,15.8,6,17.4,6,19.7,2,22.6,2,14.4,7,19.1,4,21.4,3,21.1,4.0,15.0,7,21.8,4,23.1,2,12.9,7,16.3,7,19.1,3,20.7,4,21.9,3,24.7,3,19.8,3,20.3,6
2016-05-22 15:00:00,14.1,6,15.3,6,16.5,5,15.1,6,17.0,7,13.6,4,13.2,3,15.6,4,15.3,7,16.0,7,16.3,7,15.7,7,18.6,6,23.2,4,15.7,6,15.1,7,14.2,7,14.7,7,17.2,7,22.8,4,12.5,7,16.0,7,19.5,5,20.9,6.0,14.4,7,21.5,6,24.0,6,12.7,7,15.7,7,19.0,7,20.3,7,21.8,6,24.0,6,20.4,5,19.2,6
2016-05-22 16:00:00,13.9,6,14.9,6,16.2,5,14.6,7,16.5,7,13.2,4,12.7,4,15.1,5,15.0,7,15.6,7,16.0,7,15.0,7,18.1,6,22.1,4,15.2,6,14.7,7,13.8,7,14.3,7,16.6,7,22.0,5,12.0,7,15.0,7,18.5,5,19.8,7.0,14.4,7,20.8,6,22.7,7,12.7,7,15.1,7,18.6,7,19.7,7,21.2,7,23.1,6,20.2,5,18.0,7
2016-05-22 17:00:00,13.5,6,14.3,6,15.8,6,14.0,7,15.7,7,12.7,4,12.1,5,14.3,6,14.5,6,14.9,7,15.6,7,14.1,7,17.4,6,20.8,4,14.5,6,14.1,7,13.1,7,13.8,7,15.7,7,20.9,5,11.4,7,13.8,7,17.5,4,18.6,6.0,14.3,6,19.8,6,20.8,7,12.5,7,14.3,7,17.9,7,18.9,7,20.4,7,21.9,6,19.8,5,16.8,7
2016-05-22 18:00:00,13.1,6,13.6,6,15.2,6,13.1,6,14.8,7,12.1,4,11.5,5,13.2,7,13.8,6,14.1,6,15.0,6,13.3,7,16.6,6,19.4,4,13.6,5,13.3,6,12.3,7,12.9,7,14.7,7,19.5,6,10.7,7,12.7,7,16.5,4,17.3,6.0,13.9,6,18.6,7,18.7,7,12.2,7,13.5,7,17.1,7,17.8,7,19.5,7,20.5,6,19.3,5,15.7,7
2016-05-22 19:00:00,12.7,6,12.7,6,14.5,6,12.1,6,13.9,7,11.3,4,10.8,4,12.0,6,13.0,6,13.5,6,14.3,6,12.6,7,15.7,6,18.2,5,12.6,5,12.5,6,11.6,6,11.8,7,13.6,7,17.9,6,10.0,7,11.8,7,15.6,5,16.1,6.0,13.2,5,17.2,7,16.9,7,11.6,7,12.9,7,16.2,7,16.5,7,18.4,7,19.1,6,18.9,5,14.9,7
2016-05-22 20:00:00,12.4,6,11.9,6,13.6,6,11.0,5,13.1,7,10.4,3,10.2,3,10.8,5,12.3,6,13.0,6,13.6,6,12.0,7,14.8,6,17.1,5,11.6,4,11.7,6,11.0,6,10.6,7,12.5,6,16.4,6,9.3,7,11.1,7,14.8,6,15.1,6.0,12.3,5,15.8,7,15.4,7,10.8,6,12.4,7,15.3,7,15.1,7,17.2,7,17.7,6,18.6,6,14.3,7
2016-05-22 21:00:00,12.1,6,11.3,6,13.0,6,10.3,5,12.5,7,9.9,3,9.6,3,10.0,5,11.7,6,12.3,6,13.0,6,11.4,6,14.0,6,16.3,5,10.8,4,11.1,6,10.4,6,10.0,7,11.7,6,15.2,6,8.9,6,10.6,7,14.0,6,14.1,6.0,11.6,5,14.5,7,14.3,7,10.1,6,12.0,6,14.4,7,14.0,7,16.3,7,16.6,5,18.3,6,13.9,7
2016-05-22 22:00:00,11.9,6,10.8,6,12.4,6,9.7,4,11.9,6,9.4,3,9.2,3,9.3,4,11.1,6,11.7,6,12.5,6,10.8,6,13.2,5,15.6,5,10.2,4,10.6,6,9.9,6,9.5,6,11.3,6,14.2,7,8.6,6,10.1,7,13.3,7,13.3,6.0,11.1,5,13.6,7,13.5,7,9.4,6,11.7,6,13.8,6,13.1,7,15.5,6,15.7,5,18.0,6,13.5,7
2016-05-22 23:00:00,11.7,6,10.4,6,11.8,6,9.3,4,11.3,6,9.1,3,8.8,3,8.8,4,10.6,6,11.1,6,12.1,6,10.3,6,12.4,5,14.8,6,9.7,4,10.1,6,9.5,6,9.1,6,11.0,6,13.3,7,8.4,6,9.6,6,12.6,7,12.4,6.0,10.8,5,12.8,7,12.8,7,8.9,6,11.4,6,13.2,6,12.5,6,14.7,6,15.0,5,17.6,6,13.2,7
2016-05-23 00:00:00,11.5,6,10.0,6,11.3,6,9.1,5,10.8,6,9.0,4,8.6,4,8.5,4,10.2,6,10.5,6,11.8,6,9.8,6,11.6,5,13.9,6,9.4,4,9.7,6,9.2,6,8.7,6,10.6,6,12.2,6,8.2,6,9.2,6,11.9,7,11.4,6.0,10.6,5,12.2,6,12.1,7,8.7,6,11.2,5,12.9,6,12.1,6,14.1,6,14.2,5,17.1,6,13.0,6
2016-05-23 01:00:00,11.3,6,9.7,6,10.8,6,9.0,5,10.3,6,9.0,4,8.5,5,8.3,5,9.8,6,10.1,6,11.5,6,9.4,6,10.7,5,12.8,6,9.3,5,9.4,6,8.9,6,8.4,6,10.1,6,11.1,6,8.1,6,8.8,6,11.3,6,10.3,6.0,10.6,5,11.7,6,11.2,7,8.7,5,11.1,5,12.7,5,11.8,6,13.6,5,13.3,4,16.6,6,12.9,5
2016-05-23 02:00:00,11.1,6,9.6,6,10.5,6,8.9,5,9.9,6,9.1,5,8.5,5,8.3,5,9.6,6,9.8,5,11.2,6,9.1,6,10.0,5,11.7,6,9.3,5,9.1,6,8.7,6,8.3,6,9.5,6,10.1,6,8.1,6,8.5,6,10.7,6,9.2,5.0,10.6,5,11.2,5,10.3,7,8.8,5,11.0,5,12.6,5,11.7,5,13.2,5,12.4,4,16.1,6,12.9,4
2016-05-23 03:00:00,10.7,6,9.5,6,10.0,6,8.6,5,9.9,7,8.3,2,8.0,2,7.8,2,8.8,4,9.0,5,10.5,5,9.2,5,10.0,7,11.1,7,8.6,2,8.0,4,7.8,5,7.6,5,9.1,7,9.9,7,7.0,5,7.2,4,9.9,7,7.7,7.0,10.0,3,10.3,2,9.7,6,8.2,3,9.9,2,11.8,2,10.8,2,12.4,3,12.1,4,15.9,5,11.9,2
2016-05-23 04:00:00,10.6,6,9.5,6,9.9,6,8.6,5,9.8,7,8.3,3,7.8,3,7.7,2,8.8,4,8.9,5,10.2,5,9.2,5,9.8,7,11.1,7,8.5,2,7.8,5,7.7,5,7.7,5,9.0,6,9.8,7,6.9,5,7.3,4,9.8,6,7.2,7.0,9.9,3,10.2,2,9.4,4,8.0,3,9.9,2,11.7,2,10.9,1,12.2,2,12.0,3,16.0,4,11.8,2
2016-05-23 05:00:00,10.7,6,9.6,6,10.1,7,8.8,6,10.0,6,8.4,3,7.8,3,7.7,2,9.0,4,9.2,5,10.2,5,9.4,6,9.9,7,11.3,7,8.6,3,7.9,5,7.8,5,8.0,5,9.1,5,10.0,7,7.0,5,7.7,4,9.9,5,7.0,7.0,10.1,4,10.4,2,9.3,3,8.1,3,10.0,2,11.8,2,11.4,1,12.3,2,12.3,2,16.4,4,12.0,2
2016-05-23 06:00:00,10.9,6,10.1,6,10.5,7,9.4,6,10.3,6,8.8,3,8.2,4,8.3,2,9.5,5,9.8,5,10.5,5,9.8,6,10.4,7,11.7,7,9.2,3,8.4,5,8.3,5,8.7,5,9.6,4,10.5,7,7.3,5,8.5,3,10.1,4,7.2,7.0,10.7,4,11.1,2,10.0,1,8.6,3,10.5,2,12.6,2,12.3,1,12.9,1,13.4,1,17.0,3,12.6,2
2016-05-23 07:00:00,11.4,6,10.9,6,11.3,7,10.3,6,10.8,6,9.6,3,9.1,4,9.5,3,10.2,5,10.8,5,11.3,5,10.5,5,11.3,7,12.2,7,10.4,3,9.4,4,9.2,4,9.8,5,10.4,4,11.2,7,8.0,6,9.7,3,10.6,3,8.0,7.0,11.6,4,12.5,2,11.5,1,9.7,4,11.4,2,14.1,2,13.8,2,14.2,1,15.5,1,17.6,3,13.9,3
2016-05-23 08:00:00,11.9,6,11.8,6,12.2,7,11.4,5,11.5,6,10.8,3,10.4,4,11.0,4,11.1,5,12.0,5,12.4,5,11.4,5,12.4,6,12.7,7,11.9,3,10.7,4,10.3,4,11.0,5,11.5,4,11.9,7,8.9,6,11.1,3,11.2,3,9.2,7.0,12.7,5,14.3,2,13.5,1,11.2,4,12.6,3,16.0,2,15.5,2,15.9,1,18.0,1,18.3,2,15.5,3
2016-05-23 09:00:00,12.5,6,12.7,6,13.2,7,12.4,5,12.2,6,11.9,3,11.6,3,12.5,4,11.9,5,13.1,5,13.4,5,12.2,4,13.2,6,13.1,7,13.4,3,11.9,3,11.2,3,12.1,4,12.4,5,12.4,7,9.8,6,12.3,4,12.0,4,10.3,7.0,13.8,5,16.0,2,15.4,1,12.6,4,13.7,3,17.7,2,17.2,3,17.6,1,20.2,1,18.9,2,17.0,3
2016-05-23 10:00:00,12.9,6,13.4,5,14.0,7,13.1,5,13.0,6,12.9,3,12.6,3,13.6,3,12.6,5,13.9,5,14.2,5,12.8,4,13.5,6,13.3,7,14.5,3,12.7,3,11.7,4,12.8,3,13.1,5,12.5,7,10.6,7,13.0,4,12.9,4,11.1,7.0,14.7,6,17.3,3,16.7,1,13.6,5,14.6,4,18.8,2,18.4,3,18.8,1,21.6,1,19.5,2,18.1,4
2016-05-23 11:00:00,13.2,6,13.9,5,14.6,7,13.5,4,13.7,6,13.7,4,13.3,2,14.4,3,13.1,5,14.3,5,14.8,5,13.3,4,13.4,6,13.4,7,15.3,4,13.2,3,12.1,4,13.1,3,13.5,5,12.5,7,11.2,7,13.5,5,13.8,4,11.7,7.0,15.3,6,18.2,4,17.5,1,14.3,5,15.2,5,19.3,2,19.3,3,19.7,1,22.2,1,20.0,2,18.8,4
2016-05-23 12:00:00,13.4,6,14.2,5,15.1,7,13.7,4,14.3,5,14.2,4,13.7,2,15.0,2,13.4,5,14.5,5,15.1,5,13.6,4,13.4,6,13.6,7,15.8,4,13.5,4,12.4,5,13.4,3,13.8,5,12.5,7,11.7,7,13.7,5,14.5,4,12.0,7.0,15.8,6,18.8,4,18.0,1,14.8,6,15.8,5,19.6,2,19.8,3,20.1,1,22.3,1,20.3,2,19.1,5
2016-05-23 13:00:00,13.4,6,14.3,5,15.4,7,13.9,4,14.7,6,14.4,3,13.8,2,15.5,2,13.5,5,14.5,5,15.2,5,13.9,3,13.6,7,13.9,7,16.1,4,13.8,4,12.9,5,13.7,3,14.0,5,12.7,7,12.0,7,13.9,6,15.0,4,12.2,7.0,16.2,6,19.0,4,18.3,1,15.1,6,16.3,6,19.8,2,20.1,3,20.2,1,22.1,1,20.4,3,19.2,5
2016-05-23 14:00:00,13.2,6,14.3,5,15.5,7,13.9,5,14.8,6,14.5,3,13.8,2,15.8,3,13.6,5,14.5,5,15.2,5,14.0,3,13.9,7,14.3,7,16.3,4,14.1,5,13.4,4,14.0,3,14.0,6,13.1,7,12.1,7,14.1,6,15.2,4,12.3,7.0,16.4,5,19.0,4,18.4,1,15.4,6,16.8,6,19.9,2,20.1,3,20.2,1,21.7,1,20.4,3,19.2,5
2016-05-23 15:00:00,13.2,7,13.1,7,13.6,7,15.1,3,14.4,7,14.6,4,14.0,2,16.3,3,12.9,6,13.5,7,14.0,7,13.2,7,14.0,7,15.3,7,16.4,3,15.0,4,13.8,5,13.6,5,13.0,6,13.8,7,12.8,4,14.8,4,14.6,5,11.7,7.0,16.6,3,19.1,3,17.0,2,15.3,6,16.9,6,19.2,2,19.4,3,20.1,1,20.1,1,19.5,1,18.9,5
2016-05-23 16:00:00,12.8,7,13.1,7,13.4,7,14.9,3,14.0,7,14.3,3,13.8,2,16.1,3,13.1,6,13.5,6,14.1,6,12.8,7,13.7,7,14.9,7,16.3,3,15.1,4,13.8,4,13.6,5,12.6,6,13.5,7,12.7,4,14.5,4,14.3,4,11.1,7.0,16.6,3,18.7,2,16.5,1,15.5,5,17.0,6,19.3,1,19.2,2,19.9,1,19.8,1,19.2,1,18.9,5
2016-05-23 17:00:00,12.3,6,12.8,7,13.1,7,14.4,3,13.2,7,13.8,3,13.4,2,15.5,2,13.2,5,13.3,6,14.0,6,12.2,7,13.3,7,14.2,7,16.0,3,14.9,3,13.5,4,13.3,5,12.0,5,12.9,7,12.5,4,14.0,3,13.9,3,10.2,6.0,16.5,3,18.0,2,15.8,1,15.4,5,16.7,5,19.2,1,18.8,2,19.5,1,19.4,1,18.9,1,18.6,4
2016-05-23 18:00:00,11.8,6,12.2,6,12.6,6,13.6,2,12.4,6,13.0,3,12.7,2,14.6,2,12.9,5,12.8,5,13.7,5,11.4,7,12.7,6,13.5,6,15.2,3,14.2,3,12.7,4,12.5,5,11.1,5,12.2,7,12.0,4,13.2,3,13.3,2,9.3,6.0,15.9,2,17.0,1,14.9,1,14.9,4,16.2,4,18.7,1,17.9,1,18.8,1,18.7,1,18.6,1,18.1,4
2016-05-23 19:00:00,11.3,6,11.3,6,11.8,5,12.3,2,11.6,6,11.9,3,11.7,2,13.3,2,12.2,4,12.1,4,13.1,5,10.7,7,12.0,6,12.9,6,13.8,3,13.0,2,11.6,4,11.1,4,10.2,6,11.5,7,11.2,4,12.2,2,12.6,2,8.5,5.0,14.8,2,15.8,1,13.9,1,13.8,4,15.4,3,17.7,1,16.5,1,17.8,1,17.7,1,18.1,1,17.2,4
2016-05-23 20:00:00,10.9,6,10.4,6,11.0,5,10.9,2,10.8,6,10.8,4,10.6,2,11.8,2,11.2,4,11.3,4,12.3,4,10.0,7,11.2,7,12.4,7,12.2,3,11.5,2,10.4,4,9.5,4,9.3,6,10.8,7,10.3,4,11.0,2,11.8,2,7.9,5.0,13.5,3,14.4,1,12.9,1,12.4,3,14.4,2,16.3,1,14.9,1,16.6,1,16.5,1,17.5,1,16.0,4
2016-05-23 21:00:00,10.7,6,9.8,6,10.6,5,9.9,2,10.2,6,9.8,4,9.7,2,10.4,3,10.5,4,10.7,4,11.7,4,9.4,7,10.6,6,11.8,7,10.8,4,10.4,2,9.4,4,8.3,4,8.9,6,10.2,7,9.5,4,9.8,2,11.4,3,7.4,5.0,12.3,3,13.2,1,12.0,1,11.0,3,13.3,2,15.1,1,13.6,1,15.5,1,15.3,1,16.9,1,15.1,4
2016-05-23 22:00:00,10.6,6,9.4,6,10.2,5,9.1,2,9.7,6,9.1,4,9.0,2,9.4,3,9.8,4,10.1,4,11.2,4,8.9,7,10.2,6,11.3,6,9.9,4,9.4,3,8.6,4,7.5,4,8.6,6,9.7,6,8.8,4,8.8,1,10.9,3,7.1,5.0,11.4,3,12.1,1,11.2,1,10.0,3,12.3,2,14.0,2,12.5,1,14.6,1,14.4,1,16.4,1,14.3,4
2016-05-23 23:00:00,10.5,6,9.2,6,9.8,5,8.6,2,9.2,6,8.7,4,8.6,3,8.7,3,9.3,4,9.5,5,10.7,4,8.5,7,9.8,6,10.7,6,9.3,4,8.8,3,8.0,5,7.0,4,8.4,6,9.2,6,8.3,5,8.1,2,10.5,3,6.9,5.0,10.8,3,11.3,2,10.5,2,9.4,4,11.5,3,13.3,2,11.7,1,14.0,1,13.6,1,15.9,1,13.8,4
2016-05-24 00:00:00,10.4,6,9.1,6,9.6,5,8.4,3,8.9,6,8.5,4,8.5,3,8.4,4,8.8,4,9.1,5,10.3,5,8.2,7,9.4,6,10.3,6,9.1,5,8.4,4,7.7,5,6.9,4,8.2,6,8.9,6,8.0,5,7.7,2,10.3,4,7.0,5.0,10.5,3,10.9,2,10.1,2,9.2,4,11.0,3,12.8,3,11.3,2,13.5,1,13.0,1,15.4,1,13.6,4
2016-05-24 01:00:00,10.4,6,9.0,6,9.4,6,8.4,4,8.6,6,8.6,5,8.5,4,8.5,4,8.5,5,8.8,5,10.1,5,8.1,7,9.1,6,10.0,6,9.0,5,8.2,4,7.7,5,7.0,5,8.2,6,8.7,6,7.8,5,7.7,3,10.1,5,7.1,5.0,10.3,4,10.7,2,9.8,2,9.3,4,10.7,4,12.7,3,11.3,2,13.3,1,12.4,1,15.1,1,13.4,4
2016-05-24 02:00:00,10.5,6,8.9,6,9.3,6,8.4,4,8.4,6,8.8,5,8.6,5,8.7,5,8.3,5,8.7,5,10.0,5,8.0,7,8.8,5,9.9,6,8.9,6,8.2,5,7.8,5,7.2,5,8.3,6,8.6,6,7.7,5,7.9,4,10.0,5,7.3,5.0,10.2,4,10.9,2,9.6,2,9.5,5,10.6,4,12.7,3,11.5,2,13.2,1,12.0,1,14.9,1,13.3,4
2016-05-24 03:00:00,10.0,7,8.9,7,8.8,7,8.2,6,8.8,7,7.7,2,7.5,3,7.6,3,8.5,7,8.9,7,10.2,7,8.6,7,9.3,7,10.1,7,8.1,2,7.7,2,7.5,4,7.1,7,8.4,7,8.3,7,7.3,3,6.9,3,9.1,7,6.3,6.0,9.4,5,10.4,1,8.5,1,8.0,3,9.5,4,11.8,1,10.6,1,12.7,1,11.2,2,14.5,1,12.2,3
2016-05-24 04:00:00,10.1,7,9.0,7,8.9,7,8.4,7,8.9,7,7.7,1,7.8,3,7.6,4,8.6,7,9.0,7,10.1,7,8.9,7,9.4,7,10.3,7,8.0,2,7.7,2,7.6,4,7.4,7,8.6,7,8.7,7,7.1,4,7.0,3,9.3,7,6.1,6.0,9.4,5,10.4,1,8.5,1,7.7,4,9.3,3,11.6,1,10.9,2,12.6,1,11.1,3,14.7,1,12.0,3
2016-05-24 05:00:00,10.3,6,9.3,7,9.3,6,8.8,7,9.3,7,8.0,1,8.3,4,8.0,4,8.9,7,9.3,7,10.3,7,9.5,7,9.8,7,10.9,7,8.3,2,8.1,2,7.9,5,8.1,7,9.2,7,9.5,7,7.1,4,7.6,3,9.7,7,6.4,7.0,9.6,5,10.8,1,8.9,1,7.7,5,9.3,3,11.7,2,11.7,2,12.8,2,11.5,3,15.3,1,12.0,4
2016-05-24 06:00:00,10.6,6,9.9,6,10.0,6,9.5,7,10.0,7,8.8,1,9.1,4,8.8,5,9.5,7,10.0,7,10.7,7,10.3,7,10.6,7,11.6,7,9.2,2,9.0,2,8.7,5,9.1,7,10.0,7,10.5,7,7.8,4,8.6,4,10.3,7,7.2,7.0,10.4,4,11.7,2,10.0,1,8.7,5,10.0,3,12.5,2,12.9,2,13.5,1,12.8,3,16.2,2,12.6,4
2016-05-24 07:00:00,11.0,6,10.8,7,11.1,7,10.5,7,10.9,7,10.3,1,10.2,4,10.3,5,10.4,7,11.0,7,11.5,7,11.3,7,11.6,7,12.3,7,10.9,3,10.4,2,10.0,5,10.5,6,11.1,7,11.6,7,9.2,4,10.1,4,11.2,6,8.8,6.0,12.0,3,13.3,2,12.0,1,10.9,4,11.5,3,14.2,1,14.5,3,14.7,1,15.1,3,17.5,2,13.9,4
2016-05-24 08:00:00,11.4,7,11.9,7,12.3,7,11.6,7,11.8,7,12.2,1,11.6,5,12.2,5,11.4,7,12.2,7,12.5,7,12.3,7,12.7,7,13.0,7,12.9,3,12.1,3,11.5,4,11.9,5,12.2,7,12.6,7,11.0,4,11.8,3,12.2,5,10.8,6.0,14.0,2,15.1,2,14.4,1,13.7,3,13.5,3,16.3,1,16.2,3,16.3,1,18.0,2,18.8,2,15.7,4
2016-05-24 09:00:00,11.8,7,12.8,7,13.4,7,12.7,7,12.7,7,14.0,1,12.8,5,14.0,5,12.3,7,13.3,7,13.5,7,13.2,7,13.6,7,13.6,7,14.8,4,13.6,3,12.8,4,13.3,4,13.3,6,13.5,7,12.8,4,13.4,3,13.3,4,12.7,6.0,16.0,2,16.9,3,16.7,1,16.4,2,15.5,2,18.1,1,17.9,3,18.0,2,20.7,2,19.8,1,17.4,4
2016-05-24 10:00:00,12.3,6,13.4,6,14.2,6,13.5,7,13.5,7,15.3,2,13.8,5,15.3,5,13.0,7,14.0,7,14.4,7,14.0,6,14.2,7,14.1,7,16.1,4,14.6,4,13.7,4,14.3,4,14.2,6,14.1,6,14.2,4,14.6,3,14.3,4,14.3,5.0,17.6,2,18.2,4,18.5,1,18.2,2,17.0,2,19.2,2,19.2,4,19.4,3,22.7,2,20.3,1,18.7,4
2016-05-24 11:00:00,12.6,6,13.7,6,14.7,6,14.1,6,14.1,7,16.1,2,14.5,5,16.3,5,13.5,6,14.5,6,15.1,7,14.6,6,14.6,7,14.5,7,16.9,4,15.3,4,14.4,4,15.1,4,14.8,6,14.6,6,15.1,4,15.5,4,15.2,4,15.4,5.0,18.8,3,19.2,4,19.8,2,19.4,2,18.2,2,19.6,4,20.3,4,20.6,4,24.0,2,20.5,1,19.5,5
2016-05-24 12:00:00,12.9,5,13.9,6,15.0,5,14.5,6,14.6,7,16.6,2,15.0,5,16.9,5,14.0,6,14.9,6,15.6,7,15.1,6,14.8,7,14.9,7,17.5,5,15.8,5,15.0,4,15.6,5,15.3,5,15.0,6,15.9,4,16.2,4,16.1,4,16.2,5.0,19.7,4,20.0,4,20.7,2,20.2,3,19.3,2,19.7,5,21.0,5,21.3,4,24.7,2,20.4,1,20.0,6
2016-05-24 13:00:00,12.9,6,14.2,6,15.3,6,14.8,6,15.0,7,16.8,2,15.3,5,17.3,5,14.5,7,15.2,7,16.0,7,15.5,6,15.0,7,15.3,7,17.9,5,16.2,5,15.7,4,16.0,5,15.7,5,15.4,6,16.6,4,16.9,4,16.9,4,16.6,5.0,20.3,3,20.8,4,21.2,3,20.9,4,20.3,2,19.7,4,21.5,5,21.6,4,25.0,2,20.3,2,20.1,6
2016-05-24 14:00:00,12.8,6,14.4,6,15.5,6,15.0,6,15.3,6,16.7,3,15.3,5,17.6,5,14.9,7,15.5,7,16.2,7,15.8,6,15.3,7,15.7,7,18.2,5,16.6,6,16.4,4,16.4,5,15.9,5,15.8,6,17.1,5,17.5,4,17.5,4,16.8,5.0,20.7,3,21.4,4,21.3,3,21.3,5,21.2,3,19.8,4,21.7,5,21.7,3,25.0,2,20.3,2,20.0,6
2016-05-24 15:00:00,13.0,6,14.6,6,15.2,6,14.8,4,15.0,7,16.8,2,14.7,2,17.4,2,15.3,6,16.0,6,16.8,6,15.3,5,14.7,7,15.7,7,18.2,4,16.3,4,16.2,5,16.3,4,16.0,4,15.2,6,16.1,5,17.2,5,17.9,3,15.8,3.0,20.1,4,21.2,5,20.8,2,20.6,4,20.7,4,19.8,5,21.1,5,21.2,3,24.2,1,20.5,2,19.8,5
2016-05-24 16:00:00,12.5,6,14.3,7,14.7,6,14.5,3,14.9,7,16.2,2,14.2,2,17.2,2,15.3,6,15.8,6,16.6,6,15.2,4,14.7,7,15.5,6,18.0,5,16.4,4,16.2,4,16.2,4,15.8,5,15.2,5,16.0,4,17.1,5,17.9,4,15.3,4.0,20.1,5,20.8,5,20.3,2,20.4,4,20.5,4,19.6,5,20.5,5,20.8,3,23.3,1,20.2,2,19.5,6
2016-05-24 17:00:00,11.9,6,13.6,6,13.9,5,13.9,3,14.5,7,15.3,2,13.5,2,16.7,2,15.0,5,15.3,5,16.2,5,14.9,4,14.5,6,15.1,6,17.5,4,16.2,3,15.9,4,15.9,4,15.2,5,14.9,5,15.6,4,16.6,5,17.5,5,14.5,5.0,19.8,6,19.9,4,19.4,2,19.7,4,20.0,4,19.1,4,19.6,4,20.2,4,22.1,2,19.7,2,19.0,6
2016-05-24 18:00:00,11.3,6,12.6,6,13.0,5,13.1,2,13.7,6,14.3,2,12.7,2,15.8,2,14.4,4,14.6,4,15.5,4,14.0,3,13.9,6,14.5,5,16.7,4,15.6,3,15.1,4,14.9,4,14.3,5,14.2,5,14.9,3,15.7,4,16.8,5,13.5,5.0,19.2,6,18.7,4,18.2,3,18.6,4,19.1,4,18.4,4,18.4,4,19.3,4,20.7,2,19.1,2,18.4,6
2016-05-24 19:00:00,10.8,6,11.4,6,12.0,5,12.1,2,12.5,6,13.2,2,11.9,2,14.6,2,13.4,3,13.8,3,14.6,4,12.6,2,12.9,5,13.8,4,15.6,4,14.6,3,14.0,3,13.2,3,13.0,4,13.0,4,13.9,3,14.4,3,15.7,5,12.3,5.0,18.1,6,17.3,5,16.7,3,17.1,4,18.1,4,17.3,4,17.1,4,18.2,4,19.2,2,18.5,2,17.6,5
2016-05-24 20:00:00,10.4,5,10.2,5,11.1,5,11.0,2,11.1,6,12.1,3,11.1,2,13.2,2,12.3,3,12.8,3,13.7,4,10.9,2,11.8,5,13.0,4,14.4,4,13.4,3,12.6,3,11.3,3,11.5,4,11.5,3,12.8,4,13.0,3,14.5,4,11.0,4.0,16.8,6,15.9,6,15.1,4,15.6,5,17.1,4,16.1,5,15.7,4,17.0,4,17.5,3,18.0,2,16.7,5
2016-05-24 21:00:00,10.2,5,9.4,5,10.5,5,10.5,2,10.0,6,11.4,4,10.8,2,12.6,2,11.6,3,12.1,3,13.1,3,9.7,2,10.7,5,12.1,4,13.7,5,12.4,3,11.5,3,9.9,3,10.4,4,10.2,2,12.3,4,11.8,2,13.3,4,9.8,4.0,16.0,6,14.6,6,13.7,4,14.4,5,16.2,4,15.6,5,15.0,5,15.9,4,16.0,3,17.4,2,16.3,5
2016-05-24 22:00:00,10.1,5,8.9,5,10.1,5,10.0,2,9.1,6,10.8,4,10.5,3,12.0,3,11.0,3,11.5,4,12.5,3,8.8,2,9.8,5,11.2,4,13.0,5,11.5,4,10.6,4,8.8,3,9.5,4,9.2,2,11.8,4,10.8,2,12.3,4,8.7,4.0,15.3,5,13.5,5,12.5,4,13.5,5,15.4,4,15.1,5,14.3,5,14.9,4,14.7,3,16.8,2,15.9,5
2016-05-24 23:00:00,10.1,6,8.6,5,9.6,5,9.6,2,8.6,6,10.4,5,10.2,3,11.5,3,10.5,4,10.9,4,12.0,3,8.3,3,9.2,5,10.4,5,12.4,5,10.8,4,9.8,4,8.2,3,9.0,4,8.6,2,11.3,4,10.1,2,11.6,4,7.9,4.0,14.6,5,12.7,5,11.6,4,12.8,5,14.8,5,14.7,5,13.7,5,14.3,4,13.6,4,16.3,2,15.5,5
2016-05-25 00:00:00,10.1,6,8.5,5,9.3,5,9.3,3,8.3,6,10.1,5,10.1,4,11.1,4,10.0,4,10.5,4,11.6,3,8.1,3,8.7,5,10.0,5,11.9,5,10.2,5,9.4,4,8.0,3,8.8,4,8.4,3,11.0,4,9.8,3,11.2,4,7.5,4.0,14.0,4,12.2,5,11.0,5,12.2,5,14.3,5,14.4,5,13.3,5,13.9,5,12.9,4,15.8,3,15.3,5
2016-05-25 01:00:00,10.2,6,8.5,6,9.1,6,9.2,4,8.3,6,9.9,6,10.0,4,10.8,4,9.7,4,10.1,5,11.3,4,8.2,4,8.6,5,9.9,5,11.4,6,9.8,5,9.2,5,8.0,4,8.8,4,8.5,4,10.7,4,9.6,3,11.0,4,7.6,4.0,13.5,4,11.9,5,10.5,5,11.8,5,13.9,5,14.2,5,13.0,5,13.9,5,12.4,4,15.5,3,15.1,5
2016-05-25 02:00:00,10.3,6,8.6,6,9.1,6,9.1,4,8.5,6,9.8,6,9.9,5,10.7,5,9.5,5,9.9,5,11.1,4,8.4,5,8.7,5,10.1,5,11.1,6,9.6,5,9.1,5,8.2,5,8.9,5,8.8,4,10.6,5,9.5,4,11.0,5,8.0,4.0,13.2,5,11.8,5,10.3,5,11.5,5,13.7,5,14.2,5,12.9,5,14.0,5,12.3,4,15.3,4,15.1,5
2016-05-25 03:00:00,9.5,6,8.1,6,8.1,7,8.8,3,7.7,5,9.9,5,9.8,2,9.7,4,8.0,4,8.2,3,9.8,3,7.2,6,7.7,6,9.1,4,10.3,5,8.8,4,8.1,3,7.1,4,7.2,3,7.8,2,9.9,3,8.2,2,10.1,3,6.6,5.0,12.2,6,11.4,6,9.2,5,12.2,6,12.8,6,13.5,6,12.1,6,13.8,5,11.1,4,15.0,5,13.9,5
2016-05-25 04:00:00,9.5,6,8.3,6,8.2,7,8.7,3,7.8,5,9.7,5,9.7,2,9.4,4,8.1,4,8.2,3,9.7,3,7.5,6,7.8,6,9.3,3,10.0,6,8.6,5,8.0,4,7.2,5,7.5,3,8.2,3,9.9,4,8.2,3,10.1,3,6.7,5.0,12.0,6,11.6,6,9.3,6,12.0,6,12.7,6,13.7,6,12.6,6,14.2,5,11.5,5,15.2,5,14.1,5
2016-05-25 05:00:00,9.6,6,8.7,6,8.7,7,8.9,3,8.2,5,9.7,5,9.7,3,9.3,4,8.5,3,8.5,3,9.7,3,8.1,6,8.3,7,9.9,3,10.0,6,8.8,5,8.2,5,7.7,5,8.3,4,9.1,3,10.1,4,8.7,3,10.3,3,7.3,6.0,12.2,6,12.1,6,9.9,6,12.1,6,12.8,6,14.2,6,13.6,7,14.8,5,12.4,5,15.8,5,14.6,6
2016-05-25 06:00:00,10.0,7,9.5,7,9.6,7,9.4,3,9.0,5,10.1,5,10.0,3,9.7,4,9.2,3,9.3,3,10.2,3,9.2,6,9.4,7,10.9,3,10.6,6,9.5,5,8.9,6,8.7,5,9.6,4,10.5,3,10.6,5,9.8,4,10.9,3,8.4,6.0,12.9,6,13.1,6,11.2,6,12.6,6,13.5,7,15.1,7,14.8,7,15.7,6,14.0,5,16.7,6,15.4,6
2016-05-25 07:00:00,10.6,7,10.5,7,10.9,7,10.4,3,10.3,5,10.9,4,10.6,3,10.7,5,10.2,2,10.7,3,11.2,3,10.7,6,11.1,6,12.3,3,11.8,5,10.8,5,10.2,6,10.3,5,11.3,4,12.3,3,11.5,5,11.5,3,12.1,4,10.2,6.0,14.3,5,14.7,6,13.2,6,13.8,6,14.7,7,16.4,7,16.3,7,17.0,5,16.2,5,17.9,6,16.6,6
2016-05-25 08:00:00,11.4,7,11.7,7,12.4,7,11.6,2,11.8,5,12.0,3,11.5,4,12.1,5,11.5,2,12.3,3,12.5,2,12.3,6,13.2,5,14.0,3,13.3,3,12.4,4,11.7,5,12.1,4,13.2,4,14.3,3,12.7,4,13.5,3,13.7,4,12.4,6.0,15.9,4,16.7,6,15.6,6,15.3,6,16.3,7,17.9,7,17.8,7,18.6,5,18.7,5,19.1,6,17.9,6
2016-05-25 09:00:00,12.1,7,12.8,7,13.8,7,12.8,2,13.2,4,13.1,3,12.3,4,13.4,5,12.7,2,13.8,3,13.9,3,13.9,6,15.1,5,15.6,3,14.7,2,13.9,3,13.2,4,13.9,4,15.0,3,16.0,3,13.8,4,15.4,2,15.5,5,14.6,6.0,17.5,4,18.5,6,17.8,5,16.8,7,17.8,7,19.2,7,19.3,7,20.1,5,21.0,4,19.9,5,19.1,6
2016-05-25 10:00:00,12.7,7,13.6,7,14.8,7,13.6,3,14.4,4,14.0,3,13.0,4,14.4,5,13.8,3,14.9,3,15.2,3,15.2,5,16.5,4,17.0,2,15.6,2,14.9,3,14.2,4,15.3,5,16.5,3,17.2,3,14.7,4,16.9,2,17.2,5,16.6,6.0,18.6,4,19.9,5,19.6,5,17.8,7,19.0,7,19.9,7,20.6,7,21.3,5,22.6,4,20.2,5,20.0,7
2016-05-25 11:00:00,13.1,7,14.2,7,15.6,7,14.2,3,15.2,3,14.6,3,13.5,4,15.2,5,14.8,3,15.7,3,16.3,3,16.1,5,17.5,4,18.2,2,16.2,3,15.6,3,15.0,4,16.3,5,17.6,3,18.0,3,15.4,4,18.0,3,18.7,6,18.2,6.0,19.3,5,20.9,5,20.8,4,18.5,7,19.9,6,20.2,6,21.6,6,22.3,5,23.6,3,20.1,4,20.6,7
2016-05-25 12:00:00,13.3,6,14.6,7,16.1,7,14.6,4,15.9,3,15.1,3,13.9,4,15.8,4,15.5,4,16.2,3,17.1,3,16.8,5,18.1,5,19.1,2,16.7,3,16.0,3,15.6,5,17.0,6,18.4,3,18.7,4,16.1,4,18.8,4,19.8,7,19.2,7.0,19.7,6,21.7,6,21.8,4,19.0,7,20.6,6,20.2,6,22.3,6,22.8,4,24.1,4,19.9,4,20.9,7
2016-05-25 13:00:00,13.4,6,14.8,7,16.5,7,14.9,4,16.4,4,15.4,4,14.2,4,16.4,4,16.0,4,16.6,4,17.6,4,17.2,5,18.4,5,19.8,3,17.1,4,16.4,4,16.3,5,17.5,6,18.9,4,19.4,5,16.7,4,19.5,5,20.5,7,19.6,7.0,20.0,6,22.4,6,22.5,4,19.5,7,21.2,6,20.2,6,22.6,6,23.0,4,24.2,4,19.8,5,21.0,7
2016-05-25 14:00:00,13.3,7,14.9,7,16.7,7,15.1,4,16.6,5,15.4,4,14.4,4,16.9,4,16.3,4,16.9,4,17.8,4,17.3,5,18.4,6,20.2,4,17.5,4,16.7,4,17.0,6,17.8,6,19.1,5,19.9,5,17.2,4,19.9,6,20.9,7,19.6,7.0,20.3,6,23.0,6,22.9,4,19.9,7,21.7,6,20.1,6,22.5,6,22.9,4,24.1,5,19.8,5,20.9,7
2016-05-25 15:00:00,14.1,4,15.8,6,17.2,5,15.2,5,18.8,4,15.0,6,14.5,6,17.4,7,17.2,7,17.9,6,18.7,6,18.9,4,19.7,4,21.7,3,18.3,5,17.4,7,18.1,6,19.0,6,19.9,5,20.9,4,17.9,5,20.2,5,21.0,5,20.3,5.0,21.2,3,23.4,5,23.9,4,20.7,6,22.3,6,19.9,6,22.1,5,22.8,6,24.6,6,20.0,6,20.1,7
2016-05-25 16:00:00,13.8,4,15.4,7,17.3,5,14.8,6,18.8,5,14.6,6,14.2,6,17.1,7,17.2,6,17.9,6,18.6,6,18.6,4,19.8,5,21.5,4,18.0,5,17.4,6,17.8,6,18.9,7,19.7,6,20.6,4,17.6,4,19.8,5,21.0,5,19.5,5.0,21.2,3,22.9,5,23.3,4,20.5,6,21.9,6,19.8,6,21.6,5,22.2,6,23.7,6,20.0,6,19.6,7
2016-05-25 17:00:00,13.5,5,14.7,7,17.1,6,14.2,6,18.6,5,14.0,6,13.6,5,16.5,7,16.8,5,17.6,6,18.2,6,18.0,4,19.5,5,20.8,5,17.3,4,17.1,6,17.2,6,18.6,7,19.2,6,19.9,4,17.1,3,19.2,6,20.8,6,18.4,5.0,20.8,3,22.0,5,22.3,5,20.0,5,21.2,6,19.4,6,21.0,5,21.5,5,22.6,6,19.8,6,19.1,7
2016-05-25 18:00:00,13.1,5,13.9,6,16.6,6,13.5,7,17.8,5,13.2,6,12.9,4,15.7,6,16.1,5,17.0,5,17.5,5,17.1,4,18.7,6,19.7,6,16.3,4,16.5,5,16.4,6,17.6,6,18.3,6,18.8,3,16.3,3,18.2,6,20.2,6,17.2,5.0,19.9,3,20.7,5,20.9,5,19.0,5,20.3,6,18.9,5,20.0,5,20.6,5,21.3,6,19.5,5,18.5,6
2016-05-25 19:00:00,12.6,5,13.0,6,15.5,5,12.7,7,16.4,6,12.4,6,12.1,4,14.6,6,15.2,5,16.1,6,16.6,6,15.8,4,17.4,6,18.5,6,15.1,4,15.5,4,15.4,4,15.9,5,16.9,5,17.3,3,15.2,2,16.9,5,19.2,6,15.9,5.0,18.4,3,19.1,4,19.1,5,17.7,5,19.3,6,18.1,6,18.6,5,19.5,5,19.8,5,19.1,5,18.0,6
2016-05-25 20:00:00,12.1,6,12.1,6,14.3,5,11.7,6,14.7,6,11.6,6,11.4,4,13.4,5,14.2,6,15.0,6,15.6,6,14.5,4,15.9,5,17.1,6,13.9,4,14.2,3,14.3,3,13.9,4,15.2,4,15.8,3,14.1,2,15.5,4,17.9,6,14.6,5.0,16.7,3,17.5,4,17.3,4,16.2,4,18.4,5,17.3,6,17.0,5,18.3,5,18.2,5,18.5,4,17.5,6
2016-05-25 21:00:00,11.7,6,11.4,6,13.1,5,10.8,6,13.5,6,11.0,6,10.7,4,12.3,5,13.3,6,14.0,6,14.7,6,13.4,4,14.4,5,15.9,5,12.9,4,13.2,3,13.4,3,12.5,3,13.7,4,14.5,3,13.2,2,14.3,4,16.6,6,13.4,5.0,15.2,4,16.3,4,15.6,4,15.0,5,17.6,5,16.6,6,15.9,5,17.3,4,16.7,4,18.0,4,17.1,6
2016-05-25 22:00:00,11.5,6,10.9,6,12.4,5,10.0,6,12.5,5,10.6,6,10.1,4,11.4,4,12.7,6,13.3,6,14.2,6,12.6,4,13.3,5,14.8,5,12.2,4,12.4,3,12.5,2,11.5,3,12.6,4,13.5,4,12.5,3,13.2,5,15.5,6,12.5,5.0,14.2,4,15.2,4,14.3,4,14.2,5,17.0,5,16.0,5,15.1,5,16.4,4,15.3,4,17.5,5,16.7,5
2016-05-25 23:00:00,11.3,6,10.6,6,11.9,6,9.5,6,11.8,5,10.3,6,9.8,5,10.8,4,12.2,6,12.9,6,13.8,6,12.1,4,12.6,5,13.9,4,11.7,4,11.8,4,11.9,2,10.8,3,12.0,5,12.7,4,11.9,3,12.4,5,14.7,6,11.7,5.0,13.6,4,14.3,4,13.4,5,13.8,5,16.5,5,15.6,5,14.5,5,15.8,4,14.4,4,17.1,5,16.3,5
2016-05-26 00:00:00,11.2,6,10.5,6,11.6,6,9.3,6,11.3,5,10.2,6,9.6,5,10.5,4,11.9,6,12.5,6,13.6,6,11.7,4,12.1,4,13.3,4,11.4,4,11.4,4,11.4,3,10.5,3,11.6,5,12.1,4,11.5,4,11.9,5,14.1,6,11.2,5.0,13.3,4,13.5,4,12.8,5,13.6,5,16.1,5,15.3,5,14.0,5,15.4,3,13.8,4,16.8,5,16.1,5
2016-05-26 01:00:00,11.3,6,10.4,6,11.3,6,9.5,6,11.0,6,10.2,6,9.7,5,10.4,4,11.5,5,12.1,6,13.3,5,11.4,5,11.8,5,12.9,5,11.2,4,11.1,5,11.2,3,10.4,4,11.4,5,11.7,5,11.3,4,11.6,5,13.7,6,10.8,5.0,13.3,5,12.8,5,12.3,5,13.4,5,15.7,5,15.1,4,13.5,5,15.3,4,13.8,4,16.5,5,15.9,5
2016-05-26 02:00:00,11.4,6,10.4,6,11.0,6,9.8,6,10.8,6,10.3,6,9.9,5,10.4,5,11.2,5,11.7,5,13.0,5,11.1,6,11.6,5,12.7,5,11.0,4,10.9,5,11.1,4,10.5,5,11.4,5,11.5,5,11.2,4,11.6,5,13.5,5,10.5,5.0,13.3,5,12.3,5,12.0,5,13.1,5,15.3,5,15.0,4,13.1,5,15.3,4,14.1,5,16.5,5,15.8,5
2016-05-26 03:00:00,10.8,7,9.8,7,10.6,7,9.5,4,10.8,6,9.8,6,9.9,4,9.8,4,11.0,7,11.3,7,12.8,7,10.5,4,10.3,4,11.3,4,10.8,5,10.8,6,10.7,4,9.6,5,10.1,5,10.7,6,11.5,5,10.6,3,13.0,4,9.4,5.0,12.9,5,12.4,5,11.2,5,12.6,5,14.3,4,14.5,5,13.3,5,14.9,4,12.6,3,16.4,4,14.6,6
2016-05-26 04:00:00,10.7,7,9.9,7,10.7,7,9.7,5,11.1,7,9.8,6,9.8,5,9.6,5,11.1,7,11.4,7,12.7,7,10.9,5,10.7,5,11.7,4,10.6,5,10.6,6,10.7,5,10.0,6,10.3,5,11.2,6,11.3,5,10.8,3,13.0,4,9.5,5.0,13.0,5,12.5,5,11.3,5,12.4,5,14.0,4,14.5,6,13.6,5,15.1,5,12.9,4,16.6,4,14.7,6
2016-05-26 05:00:00,10.9,7,10.4,7,11.2,7,10.2,6,11.8,7,9.9,6,9.9,6,9.8,6,11.6,6,11.9,6,12.8,6,11.7,6,11.6,5,12.6,4,10.8,6,10.8,5,11.0,6,10.9,6,11.0,5,12.4,6,11.4,5,11.4,2,13.5,3,10.1,4.0,13.4,5,13.2,5,11.9,5,12.5,6,13.9,5,14.8,6,14.4,5,15.8,5,13.8,4,17.1,5,15.1,6
2016-05-26 06:00:00,11.4,7,11.3,7,12.2,7,11.1,7,12.7,7,10.5,6,10.6,6,10.7,6,12.4,6,12.8,6,13.5,6,12.9,6,12.9,5,13.9,4,11.7,7,11.7,5,11.8,6,12.3,6,12.2,5,14.0,6,12.0,4,12.6,2,14.3,2,11.4,4.0,14.4,5,14.5,5,13.3,4,13.5,6,14.6,5,15.8,6,15.7,5,17.0,5,15.4,5,18.0,5,16.0,6
2016-05-26 07:00:00,12.4,7,12.7,7,13.7,7,12.5,6,13.8,7,11.7,6,11.9,6,12.4,6,13.6,6,14.2,6,14.8,6,14.4,6,14.6,5,15.5,4,13.4,6,13.3,5,13.3,6,14.1,6,13.9,5,16.0,5,13.3,4,14.4,2,15.5,2,13.5,4.0,16.1,4,16.5,5,15.5,4,15.4,6,16.1,5,17.5,6,17.6,5,18.7,5,17.9,5,19.2,5,17.2,7
2016-05-26 08:00:00,13.7,7,14.3,7,15.3,7,14.2,6,15.0,7,13.3,6,13.6,6,14.7,5,15.1,6,15.9,6,16.4,6,15.9,6,16.5,4,17.3,3,15.5,6,15.4,4,15.1,5,15.9,5,15.9,5,18.1,3,15.1,4,16.4,2,17.0,2,16.0,4.0,18.1,3,18.8,5,18.1,5,17.7,6,18.1,5,19.6,5,19.7,5,20.6,5,20.7,5,20.3,5,18.5,7
2016-05-26 09:00:00,14.8,7,15.8,7,16.9,7,15.8,5,16.2,7,14.7,5,15.2,5,16.8,5,16.4,6,17.4,6,17.9,6,17.3,6,18.2,4,19.1,2,17.4,5,17.3,4,16.8,4,17.5,4,17.6,4,19.8,2,16.8,4,18.2,2,18.6,2,18.5,4.0,19.9,2,21.0,5,20.6,5,19.8,6,19.9,4,21.2,5,21.6,6,22.4,5,23.3,5,21.2,5,19.7,7
2016-05-26 10:00:00,15.6,6,17.0,7,18.1,7,17.2,5,17.2,7,15.7,5,16.3,5,18.5,5,17.5,5,18.5,5,19.0,5,18.3,6,19.4,4,20.6,2,18.7,5,18.7,4,18.0,3,18.6,4,18.9,4,20.9,2,18.1,4,19.6,2,20.0,3,20.5,4.0,21.1,2,22.7,5,22.6,6,21.1,5,21.0,4,22.0,5,23.1,6,23.7,5,25.1,4,21.5,5,20.5,7
2016-05-26 11:00:00,16.1,6,17.9,6,18.9,7,18.2,5,18.0,7,16.2,5,16.9,5,19.6,5,18.3,5,19.3,5,19.9,5,19.1,6,20.3,4,21.9,2,19.6,5,19.6,5,18.9,4,19.3,5,19.7,3,21.6,3,19.1,3,20.5,2,21.2,3,21.9,5.0,21.9,3,24.0,5,24.0,6,21.8,5,21.7,5,22.1,5,24.1,6,24.6,5,26.1,4,21.4,5,21.0,7
2016-05-26 12:00:00,16.3,5,18.4,6,19.5,7,19.0,4,18.7,7,16.5,4,17.3,5,20.4,5,19.0,4,19.9,4,20.5,4,19.7,6,20.8,5,22.8,3,20.2,5,20.2,5,19.6,4,19.9,5,20.3,3,22.1,4,19.9,3,21.3,2,22.2,4,22.9,5.0,22.5,4,25.0,5,25.1,6,22.3,5,22.3,5,22.0,5,24.7,6,25.1,5,26.6,5,21.1,5,21.2,7
2016-05-26 13:00:00,16.4,5,18.7,6,19.9,7,19.4,4,19.3,7,16.7,4,17.6,5,20.9,5,19.6,5,20.3,5,21.1,5,20.3,5,21.1,5,23.3,3,20.7,5,20.7,5,20.3,4,20.5,5,20.8,3,22.5,4,20.6,3,22.0,3,22.9,5,23.4,6.0,23.0,4,25.7,5,25.8,6,22.9,5,23.0,5,22.0,6,24.9,5,25.3,5,26.8,5,20.9,5,21.2,7
2016-05-26 14:00:00,16.4,4,18.8,5,20.1,7,19.6,4,19.7,7,16.8,5,17.7,6,21.1,5,20.1,5,20.7,5,21.5,5,20.7,5,21.3,5,23.5,3,21.1,6,21.1,5,21.0,5,21.1,4,21.1,3,22.8,4,21.2,4,22.4,4,23.2,5,23.4,6.0,23.5,4,26.1,5,26.1,6,23.5,5,23.6,5,21.9,6,24.7,5,25.3,5,26.6,5,20.9,5,21.1,7
2016-05-26 15:00:00,17.2,4,19.6,5,20.2,5,18.9,5,21.5,6,16.6,7,17.0,6,20.4,6,20.4,6,21.0,6,21.7,6,21.6,5,22.1,5,24.2,6,21.4,6,20.9,6,21.4,5,21.4,6,22.4,6,23.9,5,21.4,5,23.0,6,24.0,6,22.8,7.0,24.4,6,25.4,5,25.9,4,23.0,5,23.3,6,21.2,5,23.7,5,24.4,5,26.3,5,21.2,5,20.3,6
2016-05-26 16:00:00,17.0,4,19.1,5,19.9,6,18.4,5,21.3,5,16.3,7,16.3,6,19.8,6,20.3,6,20.9,5,21.5,5,21.4,6,21.8,5,23.7,6,21.0,6,20.8,5,21.3,5,21.6,6,22.2,7,23.3,5,21.2,5,22.7,6,23.6,6,21.8,7.0,24.6,5,24.9,5,25.4,5,23.3,4,23.2,6,20.8,5,23.1,4,23.9,5,25.3,5,21.2,5,19.7,6
2016-05-26 17:00:00,16.4,5,18.3,5,19.3,6,17.6,5,20.8,5,15.8,6,15.5,6,19.0,6,20.0,4,20.4,4,21.0,4,20.9,6,21.3,5,22.8,6,20.1,5,20.4,4,20.8,6,21.4,6,21.6,6,22.3,5,20.6,4,22.1,5,23.0,6,20.5,7.0,24.3,5,23.9,5,24.3,5,23.1,3,22.6,5,20.2,5,22.1,5,23.3,6,24.1,5,21.1,5,19.1,6
2016-05-26 18:00:00,15.7,5,17.2,5,18.3,6,16.6,5,19.8,5,15.1,6,14.6,6,17.9,6,19.3,3,19.7,3,20.3,3,19.9,6,20.4,5,21.6,6,18.9,5,19.6,4,19.9,6,20.6,6,20.6,6,20.9,5,19.8,4,21.0,4,22.1,6,19.1,7.0,23.3,5,22.5,5,22.7,5,22.2,3,21.7,4,19.4,5,20.8,5,22.4,6,22.7,5,20.9,5,18.4,6
2016-05-26 19:00:00,14.9,5,15.9,4,17.1,6,15.4,6,18.3,5,14.2,6,13.8,6,16.7,5,18.3,3,18.7,3,19.3,3,18.4,5,19.1,5,20.2,6,17.5,4,18.4,4,18.7,6,19.0,6,19.1,5,19.3,5,18.8,4,19.6,4,21.0,6,17.6,6.0,21.7,5,20.7,5,20.6,5,20.4,3,20.6,3,18.5,6,19.3,5,21.2,5,21.3,5,20.5,5,17.8,6
2016-05-26 20:00:00,14.1,4,14.5,3,15.7,5,14.1,6,16.5,5,13.2,7,13.2,6,15.5,5,17.0,3,17.6,3,18.3,3,16.8,5,17.6,5,18.7,5,16.2,4,17.0,4,17.4,5,16.9,6,17.3,5,17.7,5,17.7,4,18.0,3,19.8,6,16.1,6.0,19.9,6,18.9,5,18.4,4,18.3,4,19.5,3,17.6,6,17.7,5,19.9,5,19.9,4,20.1,5,17.2,5
2016-05-26 21:00:00,13.8,4,13.5,3,14.6,5,13.2,5,15.3,5,12.3,6,12.6,6,14.6,5,16.0,4,16.5,4,17.4,4,15.5,5,16.3,6,17.4,5,15.3,4,15.9,4,16.4,5,15.4,6,16.1,4,16.4,5,16.8,4,16.7,3,18.8,5,15.0,6.0,18.4,6,17.4,5,16.6,5,16.6,4,18.5,3,16.9,6,16.6,5,18.8,5,18.6,4,19.7,4,16.8,5
2016-05-26 22:00:00,13.5,3,12.7,3,13.8,4,12.5,4,14.3,5,11.6,6,12.1,6,13.8,5,15.1,4,15.6,4,16.6,4,14.4,5,15.2,6,16.4,5,14.6,4,15.0,4,15.5,5,14.2,5,15.1,4,15.4,5,16.0,4,15.6,3,17.9,5,14.2,5.0,17.2,6,16.1,5,15.3,5,15.7,5,17.7,3,16.4,6,15.7,5,18.0,5,17.5,4,19.4,4,16.6,5
2016-05-26 23:00:00,13.2,3,12.2,3,13.4,4,12.0,4,13.6,5,11.1,6,11.6,6,13.2,5,14.3,4,14.8,5,16.0,5,13.6,6,14.2,6,15.5,5,14.1,4,14.4,5,14.7,5,13.3,4,14.4,4,14.5,5,15.4,5,14.8,3,17.2,5,13.6,5.0,16.4,6,15.2,5,14.5,5,15.3,5,17.1,3,16.1,5,15.0,5,17.4,5,16.8,4,19.0,4,16.4,5
2016-05-27 00:00:00,13.0,3,11.9,3,13.0,4,11.7,3,13.1,5,10.8,6,11.4,6,12.8,5,13.8,5,14.2,5,15.6,5,13.1,6,13.5,5,14.8,5,13.8,5,13.9,5,14.2,5,12.9,4,13.9,4,13.9,6,14.8,5,14.3,3,16.5,4,13.1,5.0,15.8,6,14.5,5,14.0,5,15.0,5,16.6,4,16.0,5,14.5,5,17.1,5,16.4,4,18.8,4,16.3,5
2016-05-27 01:00:00,12.9,4,11.8,4,12.6,4,11.5,4,12.7,5,10.8,6,11.2,6,12.5,5,13.4,5,13.7,5,15.2,5,12.8,6,13.1,5,14.3,5,13.5,5,13.5,5,13.7,5,12.7,4,13.5,5,13.4,6,14.4,5,14.0,4,16.0,5,12.6,5.0,15.4,5,13.9,5,13.7,5,14.7,5,16.2,4,16.0,5,14.2,5,16.9,5,16.4,4,18.7,4,16.4,5
2016-05-27 02:00:00,12.9,4,11.7,5,12.3,5,11.4,5,12.4,6,11.0,6,11.2,6,12.4,6,13.2,5,13.4,5,14.9,5,12.7,6,12.8,5,13.9,6,13.3,6,13.3,6,13.5,6,12.7,4,13.2,5,13.1,6,14.2,5,14.0,4,15.8,5,12.2,5.0,15.2,5,13.5,5,13.6,5,14.2,5,15.8,4,16.1,5,14.1,5,16.9,5,16.7,4,18.7,4,16.5,5
2016-05-27 03:00:00,12.6,3,11.8,2,12.3,3,11.0,2,12.6,5,10.4,5,10.6,5,11.9,6,13.2,6,13.5,5,14.7,5,12.9,6,13.0,7,13.6,7,12.7,4,13.2,3,13.1,6,11.9,6,13.2,6,13.2,5,13.9,6,13.4,4,16.0,4,12.0,3.0,14.6,6,13.8,4,12.5,5,13.8,4,15.0,4,15.7,4,14.5,4,16.8,4,14.4,4,18.1,4,14.5,5
2016-05-27 04:00:00,12.3,4,11.7,2,12.1,3,11.1,2,12.7,5,10.4,5,10.7,5,11.8,6,13.1,5,13.4,5,14.4,5,13.1,6,13.1,7,13.9,7,12.6,4,13.1,2,13.1,6,12.4,6,13.4,6,13.6,6,13.8,6,13.6,4,15.9,4,12.2,3.0,14.5,6,14.2,4,12.7,5,13.7,5,14.8,5,15.8,3,14.9,4,17.2,5,14.9,4,18.4,4,14.7,6
2016-05-27 05:00:00,12.3,4,11.9,2,12.4,3,11.7,3,13.1,5,10.7,6,11.0,5,12.1,6,13.3,4,13.8,4,14.4,4,13.8,5,13.6,7,14.6,7,12.9,4,13.3,2,13.6,7,13.3,6,14.0,6,14.5,7,13.9,5,14.2,4,16.3,3,12.9,4.0,14.8,6,15.2,4,13.7,6,13.9,6,14.9,5,16.1,3,15.8,4,18.0,5,16.0,4,19.2,3,15.3,6
2016-05-27 06:00:00,12.8,4,12.8,2,13.2,3,12.8,3,14.1,4,11.4,6,11.8,6,12.9,5,14.0,3,14.6,3,15.0,3,15.0,4,14.6,7,15.7,7,13.8,4,14.1,2,14.5,6,14.7,6,15.1,6,15.9,6,14.5,5,15.3,4,17.0,3,14.2,5.0,15.6,6,16.7,4,15.3,6,14.6,7,15.7,5,17.1,3,17.3,4,19.3,5,17.9,5,20.2,4,16.2,6
2016-05-27 07:00:00,14.0,4,14.4,2,14.8,3,14.5,3,15.6,4,12.7,6,13.1,6,14.5,5,15.3,2,16.0,2,16.3,2,16.6,4,16.1,6,17.1,7,15.4,4,15.5,3,16.0,6,16.3,6,16.7,6,17.6,5,15.5,5,16.9,3,18.2,2,16.2,5.0,17.0,6,18.8,5,17.6,6,15.9,6,17.1,5,19.0,3,19.3,4,21.0,5,20.5,5,21.4,4,17.5,6
2016-05-27 08:00:00,15.6,4,16.3,2,16.7,2,16.5,3,17.4,4,14.3,6,14.6,6,16.5,5,16.8,2,17.7,2,18.0,2,18.3,4,17.9,5,18.5,7,17.2,4,17.3,4,17.6,5,18.0,5,18.4,6,19.4,4,16.8,5,18.8,3,19.7,2,18.4,5.0,18.6,6,21.1,5,20.2,6,17.4,5,18.9,5,21.1,3,21.5,5,22.7,5,23.2,5,22.5,5,19.0,6
2016-05-27 09:00:00,17.0,3,18.1,2,18.6,2,18.2,3,19.1,3,15.8,5,16.0,6,18.3,5,18.3,2,19.3,3,19.7,2,19.8,5,19.4,5,19.8,7,18.7,4,18.9,5,19.2,5,19.4,5,19.9,5,20.8,3,18.1,5,20.6,3,21.2,2,20.6,5.0,20.1,6,23.3,5,22.7,5,18.8,4,20.4,5,22.8,4,23.5,6,24.3,5,25.5,5,23.3,6,20.3,6
2016-05-27 10:00:00,17.9,3,19.3,2,20.1,2,19.3,3,20.5,3,17.0,5,16.9,6,19.6,5,19.4,2,20.4,3,21.0,2,20.7,5,20.5,4,20.8,6,19.6,4,20.1,6,20.3,4,20.4,5,21.0,5,21.6,3,19.2,4,22.1,3,22.6,3,22.3,5.0,21.1,5,25.1,6,24.6,5,19.7,4,21.3,5,23.5,4,25.0,6,25.4,5,26.8,5,23.6,5,21.2,6
2016-05-27 11:00:00,18.5,2,20.1,3,21.2,2,19.8,3,21.4,3,17.7,4,17.3,6,20.4,5,20.2,3,21.2,3,21.9,3,21.3,5,21.1,4,21.6,5,20.0,4,20.9,6,21.1,4,21.0,5,21.7,4,22.0,4,20.0,4,23.2,3,23.7,3,23.6,5.0,21.8,5,26.5,5,26.0,4,20.2,4,21.9,5,23.6,5,25.9,6,26.1,5,27.4,5,23.6,5,21.8,6
2016-05-27 12:00:00,18.7,2,20.6,3,21.9,2,20.0,3,22.1,3,18.2,4,17.6,6,20.8,5,20.8,3,21.7,3,22.5,3,21.7,5,21.5,4,22.2,5,20.3,4,21.5,6,21.7,4,21.5,5,22.2,4,22.3,5,20.6,4,24.1,4,24.6,3,24.5,5.0,22.3,5,27.5,5,27.0,4,20.7,4,22.5,5,23.4,5,26.5,5,26.5,5,27.5,5,23.3,5,22.2,6
2016-05-27 13:00:00,18.8,3,20.9,3,22.3,2,20.0,3,22.5,3,18.4,5,17.8,6,21.0,6,21.4,4,22.1,4,22.9,4,22.2,5,21.8,5,22.8,5,20.7,4,22.0,6,22.2,5,21.9,6,22.5,5,22.7,5,21.1,4,24.7,4,25.1,4,25.0,6.0,22.8,5,28.1,5,27.6,4,21.3,4,23.3,5,23.4,6,26.7,5,26.8,5,27.5,5,23.0,5,22.4,6
2016-05-27 14:00:00,18.7,3,21.0,2,22.4,2,19.9,3,22.6,4,18.4,5,17.9,6,21.0,6,21.8,5,22.4,4,23.1,4,22.6,6,22.0,5,23.1,6,21.0,4,22.3,7,22.4,6,22.2,6,22.7,6,23.1,5,21.4,4,24.9,5,25.4,5,25.0,6.0,23.2,6,28.2,5,27.9,4,21.9,5,24.1,4,23.4,6,26.7,5,26.9,5,27.4,5,22.6,5,22.4,6
2016-05-27 15:00:00,17.4,5,20.1,5,21.8,4,18.7,6,22.5,6,18.0,2,17.1,6,20.3,6,21.4,5,22.2,5,22.9,5,22.7,6,23.1,4,24.3,5,20.6,7,21.4,7,22.3,6,22.9,5,24.1,5,24.8,4,21.9,5,25.2,4,26.2,3,25.3,5.0,23.8,4,28.1,4,27.8,5,23.1,4,24.9,2,23.4,2,26.8,2,26.0,6,27.8,2,22.8,5,21.6,5
2016-05-27 16:00:00,16.7,5,19.3,6,21.3,5,17.9,6,22.4,6,17.6,3,16.6,6,19.7,6,21.1,5,21.9,5,22.4,5,22.6,6,22.9,4,23.9,5,20.1,7,21.2,7,22.1,6,23.1,6,24.1,5,24.5,3,21.8,5,24.6,5,25.9,3,24.5,5.0,23.7,4,27.5,3,27.1,4,23.3,4,25.0,3,22.9,2,26.2,2,25.5,5,27.0,2,22.6,4,21.2,5
2016-05-27 17:00:00,15.8,5,18.2,6,20.4,6,17.0,7,22.0,6,16.9,4,15.8,6,19.0,6,20.5,5,21.2,6,21.6,6,22.0,5,22.3,5,23.2,5,19.2,7,20.7,7,21.5,6,22.9,6,23.7,4,23.8,3,21.2,4,23.5,5,25.3,4,23.3,5.0,23.2,3,26.5,3,25.8,3,22.9,5,24.8,3,22.0,2,25.1,2,24.7,5,25.9,2,22.3,3,20.8,5
2016-05-27 18:00:00,14.8,6,16.9,6,19.3,6,16.0,7,21.0,6,16.0,5,14.9,6,18.0,7,19.6,5,20.3,5,20.7,5,20.9,5,21.3,4,22.1,4,18.2,7,19.9,6,20.6,6,22.0,6,22.7,4,22.6,3,20.3,4,22.1,5,24.4,4,21.9,5.0,22.1,3,25.0,2,24.1,2,22.0,5,24.1,3,21.0,2,23.5,2,23.6,4,24.5,2,21.9,3,20.2,5
2016-05-27 19:00:00,14.0,6,15.6,6,18.1,5,15.0,6,19.4,6,14.9,5,14.1,6,16.8,6,18.6,4,19.2,5,19.7,5,19.3,4,19.9,4,20.8,3,17.0,6,18.8,5,19.4,6,20.1,6,21.1,4,21.1,3,19.1,4,20.7,5,23.2,4,20.3,4.0,20.5,4,23.0,2,22.0,2,20.4,4,23.0,3,20.0,2,21.4,2,22.1,4,22.9,2,21.5,3,19.3,4
2016-05-27 20:00:00,13.3,6,14.4,6,16.9,5,14.1,6,17.6,6,13.7,5,13.5,5,15.6,6,17.5,4,18.1,4,18.6,4,17.5,4,18.3,3,19.4,3,15.9,5,17.5,4,18.0,5,17.7,5,19.2,4,19.4,4,17.9,4,19.3,4,21.9,4,18.7,3.0,18.8,5,20.8,2,19.7,2,18.6,4,21.6,3,19.1,2,19.2,2,20.5,3,21.2,2,21.0,3,18.4,3
2016-05-27 21:00:00,13.2,6,13.9,6,15.9,4,13.4,6,16.2,6,12.7,5,12.8,5,14.6,6,16.8,4,17.3,4,17.8,4,16.1,4,16.9,3,18.1,3,15.1,5,16.7,4,16.9,4,15.9,4,17.8,4,18.0,4,17.0,4,18.0,4,20.7,4,17.2,3.0,17.5,5,18.9,2,17.9,2,17.3,4,20.4,3,18.2,2,17.6,2,19.2,3,19.6,2,20.5,3,18.0,4
2016-05-27 22:00:00,13.1,6,13.5,6,15.2,5,12.9,6,15.1,6,11.9,6,12.2,5,13.7,6,16.1,4,16.6,4,17.2,5,15.0,3,15.8,3,17.1,3,14.4,6,16.0,4,15.9,4,14.6,4,16.6,4,16.8,4,16.2,4,16.9,4,19.5,5,16.0,4.0,16.4,5,17.3,3,16.5,2,16.3,4,19.3,3,17.5,2,16.4,2,18.3,3,18.2,3,20.0,3,17.7,4
2016-05-27 23:00:00,13.0,6,13.1,6,14.6,5,12.5,6,14.3,5,11.4,6,11.7,6,12.9,6,15.5,5,15.9,5,16.6,5,14.2,3,14.9,3,16.2,3,13.8,6,15.3,4,15.1,4,13.9,3,15.8,4,15.8,5,15.6,4,16.0,4,18.5,5,14.9,4.0,15.7,5,16.1,3,15.5,2,15.6,4,18.4,3,17.0,2,15.6,3,17.6,3,17.2,3,19.7,3,17.5,4
2016-05-28 00:00:00,13.0,7,12.9,6,14.2,6,12.1,6,13.8,5,11.1,6,11.4,6,12.3,6,14.9,5,15.3,5,16.1,5,13.7,4,14.3,4,15.5,3,13.4,6,14.7,4,14.5,3,13.6,3,15.1,4,15.0,5,15.1,5,15.4,4,17.6,5,14.1,4.0,15.2,5,15.1,3,14.7,2,15.1,4,17.7,4,16.7,3,15.0,3,17.3,3,16.6,3,19.5,3,17.4,4
2016-05-28 01:00:00,13.2,7,12.8,6,13.9,6,11.9,6,13.5,5,11.0,6,11.3,6,11.9,6,14.5,5,14.8,5,15.8,5,13.4,4,13.9,4,15.0,4,13.0,6,14.2,4,14.1,4,13.4,4,14.5,5,14.4,5,14.6,5,15.0,4,17.0,5,13.4,4.0,15.0,5,14.4,4,14.2,2,14.6,5,17.1,4,16.7,3,14.7,3,17.3,3,16.5,4,19.4,3,17.4,4
2016-05-28 02:00:00,13.3,7,12.9,7,13.7,6,11.9,6,13.3,5,11.0,6,11.2,6,11.7,6,14.1,5,14.5,5,15.6,5,13.4,4,13.8,5,14.8,5,12.8,6,13.8,5,13.9,4,13.4,4,14.1,5,14.0,6,14.3,5,14.8,5,16.6,5,13.0,5.0,14.9,5,14.0,5,14.0,2,14.1,5,16.7,4,16.9,3,14.6,4,17.5,4,16.8,4,19.5,3,17.6,4
2016-05-28 03:00:00,12.3,5,12.2,2,13.0,2,11.8,6,13.6,2,10.7,7,11.0,7,12.5,5,14.1,5,14.2,5,15.6,5,13.7,4,13.7,6,14.6,7,13.1,5,13.8,6,14.2,5,12.9,4,14.4,5,14.4,6,14.6,5,14.8,3,17.2,3,13.1,3.0,14.8,7,14.1,2,12.9,2,14.3,4,15.6,6,15.9,5,14.6,3,16.8,3,14.9,2,17.9,1,15.2,5
2016-05-28 04:00:00,12.3,5,12.3,2,13.0,2,12.0,6,13.8,2,10.7,7,11.2,7,12.5,6,14.2,5,14.3,6,15.5,6,14.0,4,14.0,6,14.9,7,13.1,5,14.0,6,14.3,5,13.5,5,14.6,5,14.7,6,14.5,5,14.9,3,17.1,3,13.2,4.0,14.8,7,14.5,2,13.2,2,14.1,4,15.5,6,16.0,5,15.2,3,17.3,3,15.5,2,18.3,2,15.2,6
2016-05-28 05:00:00,12.5,5,12.7,3,13.4,2,12.5,6,14.3,3,11.0,7,11.6,7,12.8,6,14.6,6,14.8,6,15.6,6,14.7,5,14.6,7,15.6,7,13.5,6,14.5,6,14.6,6,14.5,5,15.2,5,15.6,6,14.7,6,15.4,4,17.3,3,13.8,4.0,15.0,7,15.4,2,14.0,2,14.1,5,15.6,6,16.4,5,16.3,3,18.2,3,16.6,2,19.1,2,15.5,6
2016-05-28 06:00:00,13.0,5,13.5,3,14.2,3,13.2,6,15.2,3,11.6,7,12.1,7,13.6,6,15.2,7,15.6,7,16.0,7,15.8,5,15.6,7,16.6,7,14.3,7,15.2,6,15.3,7,15.6,6,16.3,5,16.8,6,15.1,6,16.3,4,18.0,3,14.9,4.0,15.7,7,16.9,2,15.6,2,14.7,5,16.2,6,17.3,6,17.8,4,19.5,3,18.3,2,20.0,2,16.3,7
2016-05-28 07:00:00,13.9,5,14.6,3,15.5,3,14.2,6,16.4,4,12.6,7,12.8,7,14.9,6,16.0,7,16.6,6,16.8,6,17.2,5,17.0,6,17.9,7,15.6,7,16.1,6,16.3,7,16.7,6,17.7,5,18.3,6,15.8,6,17.7,4,19.1,3,16.6,4.0,16.9,6,18.9,2,17.9,2,15.9,5,17.2,6,18.9,6,19.5,4,21.0,4,20.5,2,21.0,2,17.6,7
2016-05-28 08:00:00,14.9,5,15.9,4,17.0,2,15.2,6,17.7,4,13.8,7,13.5,7,16.3,6,16.9,6,17.7,6,17.9,6,18.7,5,18.5,5,19.4,6,17.0,7,17.0,6,17.4,7,17.7,6,19.2,4,19.8,6,16.6,6,19.3,4,20.4,4,18.6,4.0,18.3,5,21.0,3,20.6,2,17.3,5,18.5,6,20.8,7,21.1,5,22.6,5,22.9,2,21.8,2,19.1,7
2016-05-28 09:00:00,15.9,5,17.1,4,18.6,2,16.1,7,19.1,4,14.9,7,14.2,7,17.6,5,17.7,6,18.7,6,19.0,6,19.9,5,19.8,4,20.6,6,18.1,7,17.8,6,18.3,7,18.5,7,20.5,4,21.1,5,17.3,6,20.6,4,21.6,4,20.5,4.0,19.5,5,22.9,3,22.9,2,18.6,4,19.8,6,22.1,7,22.6,5,23.8,5,24.9,3,22.2,2,20.5,7
2016-05-28 10:00:00,16.6,5,18.0,4,19.9,2,16.8,7,20.3,4,15.7,7,14.8,7,18.4,5,18.4,6,19.4,6,20.0,6,20.6,5,20.7,3,21.5,4,18.6,6,18.4,6,18.7,7,19.1,7,21.3,4,21.9,4,17.9,6,21.3,4,22.6,4,22.0,4.0,20.3,5,24.2,4,24.5,2,19.4,4,20.8,6,22.4,7,23.7,6,24.5,5,26.2,3,22.1,2,21.3,6
2016-05-28 11:00:00,17.1,5,18.6,4,21.0,3,17.2,7,21.3,4,16.3,7,15.4,7,18.8,5,18.9,6,19.9,6,20.8,6,21.0,6,21.3,4,22.2,3,18.8,6,18.8,7,18.9,7,19.5,7,21.6,4,22.2,3,18.3,6,21.6,4,23.3,4,23.1,5.0,20.9,6,25.1,4,25.6,3,19.8,4,21.5,5,22.1,7,24.4,6,24.8,6,27.0,3,21.8,3,21.7,6
2016-05-28 12:00:00,17.4,5,19.0,4,21.7,3,17.5,7,22.0,4,16.6,7,15.8,7,19.0,5,19.4,7,20.3,6,21.4,6,21.2,6,21.6,4,22.7,2,18.9,6,19.2,7,19.1,7,19.8,7,21.8,5,22.4,2,18.7,6,21.8,5,23.8,4,23.8,6.0,21.3,7,25.6,5,26.4,3,20.2,4,22.1,5,21.6,6,24.9,7,24.8,5,27.4,3,21.4,4,21.8,6
2016-05-28 13:00:00,17.6,5,19.3,5,22.2,4,17.7,7,22.4,5,16.8,7,16.1,7,19.3,6,19.8,7,20.6,7,21.7,6,21.4,6,21.8,5,23.2,3,19.2,5,19.7,7,19.6,7,20.2,7,22.0,5,22.5,2,19.1,6,22.1,5,24.0,5,24.2,6.0,21.8,7,25.9,5,27.1,4,20.7,4,22.5,4,21.4,6,25.1,6,24.8,5,27.7,5,21.2,5,21.7,6
2016-05-28 14:00:00,17.8,5,19.5,6,22.3,5,17.9,7,22.5,6,16.9,7,16.2,7,19.5,6,20.2,7,20.8,7,21.7,7,21.4,5,22.0,6,23.6,4,19.6,5,20.2,7,20.1,7,20.5,7,22.0,6,22.6,3,19.4,6,22.2,5,23.9,5,24.2,7.0,22.3,6,26.0,5,27.5,5,21.2,5,22.7,4,21.4,7,25.1,6,24.6,5,27.7,6,21.2,5,21.5,6
2016-05-28 15:00:00,16.8,5,19.4,6,21.8,7,18.1,7,22.3,6,18.6,6,17.6,7,20.6,6,20.6,6,21.2,6,21.8,6,22.0,7,22.7,4,24.4,4,20.8,5,21.1,6,20.7,6,20.9,6,22.4,6,24.2,5,19.5,7,21.8,6,23.7,5,24.6,6.0,22.1,7,25.6,6,27.8,6,21.4,6,22.1,7,20.8,6,24.1,6,24.1,5,27.1,7,21.2,6,20.3,6
2016-05-28 16:00:00,16.9,4,19.1,6,21.3,7,17.7,7,21.8,6,18.0,6,16.9,7,20.1,6,20.4,6,20.8,6,21.5,6,21.5,7,22.5,5,24.2,4,20.4,5,20.6,7,20.1,6,20.4,7,22.1,7,23.8,5,18.9,7,20.8,6,23.1,6,23.8,6.0,22.0,6,24.6,6,26.5,6,21.1,6,21.5,7,20.3,6,23.2,6,23.3,6,26.1,7,21.0,5,19.8,6
2016-05-28 17:00:00,16.7,4,18.5,5,20.4,7,17.2,6,21.0,6,17.1,5,16.0,6,19.2,6,19.8,6,20.2,6,20.9,6,20.7,7,22.0,6,23.5,3,19.6,5,19.8,6,19.2,6,19.7,7,21.6,7,22.9,5,18.0,7,19.6,6,22.3,6,22.6,6.0,21.5,6,23.2,6,24.5,6,20.2,6,20.7,7,19.5,6,21.9,6,22.3,6,24.7,7,20.7,5,19.2,7
2016-05-28 18:00:00,16.3,3,17.6,5,19.3,6,16.4,6,19.9,6,16.0,5,15.0,6,18.1,6,19.0,6,19.3,6,20.1,6,19.6,7,21.2,6,22.6,3,18.6,5,18.8,6,18.1,6,18.8,7,20.8,7,21.7,5,17.0,7,18.4,6,21.5,6,21.1,6.0,20.6,5,21.6,6,22.2,6,19.0,6,19.8,7,18.7,6,20.5,6,21.3,6,23.2,7,20.3,5,18.6,7
2016-05-28 19:00:00,15.6,4,16.4,5,18.1,6,15.4,5,18.6,6,14.7,5,14.1,6,16.9,6,18.0,6,18.4,6,19.1,6,18.4,6,20.1,7,21.4,3,17.3,4,17.7,6,17.1,6,17.8,7,19.6,6,20.4,5,16.0,7,17.4,6,20.6,7,19.5,6.0,19.2,5,20.0,6,20.0,6,17.5,6,18.9,6,18.1,6,19.0,6,20.3,6,21.6,7,19.9,5,18.1,6
2016-05-28 20:00:00,14.7,5,15.2,5,16.9,5,14.2,5,17.4,6,13.5,6,13.3,6,15.6,5,17.0,6,17.6,6,18.2,6,17.3,6,18.9,6,20.1,3,16.0,4,16.7,6,16.2,6,16.8,7,18.2,6,19.2,6,15.1,7,16.6,6,19.8,7,17.9,6.0,17.7,5,18.6,6,18.1,6,16.0,7,18.1,6,17.6,6,17.6,6,19.4,6,20.0,7,19.6,6,17.8,6
2016-05-28 21:00:00,14.2,5,14.3,5,16.0,5,13.6,5,16.4,6,12.6,6,12.6,6,14.5,5,16.2,6,16.9,6,17.4,6,16.3,6,17.8,6,19.0,4,15.0,4,15.8,6,15.6,6,15.9,6,17.1,6,18.2,6,14.4,7,15.9,6,18.9,7,16.5,5.0,16.7,5,17.4,6,16.5,6,14.8,6,17.5,6,17.2,6,16.6,6,18.7,6,18.6,7,19.2,6,17.5,6
2016-05-28 22:00:00,13.8,5,13.5,5,15.4,5,13.0,5,15.8,6,11.9,6,12.1,6,13.7,5,15.6,6,16.4,6,16.9,6,15.7,7,16.9,6,18.0,4,14.3,4,15.1,5,15.2,6,15.2,6,16.4,6,17.5,6,13.9,6,15.3,6,18.1,7,15.5,5.0,15.8,5,16.5,6,15.4,6,14.1,6,17.0,6,16.9,6,16.1,6,18.2,6,17.3,6,18.9,6,17.2,6
2016-05-28 23:00:00,13.4,6,12.9,5,14.9,5,12.5,5,15.4,6,11.4,6,11.6,6,13.0,5,15.0,6,15.9,6,16.5,6,15.2,7,16.1,6,17.2,5,13.8,5,14.5,5,14.8,6,14.5,6,16.0,6,16.8,6,13.4,6,14.7,6,17.3,7,14.7,5.0,15.0,5,15.8,6,14.7,6,13.7,6,16.6,6,16.7,6,15.7,6,17.7,6,16.3,6,18.6,6,17.0,6
2016-05-29 00:00:00,13.2,6,12.5,6,14.5,6,12.1,5,14.9,6,11.1,6,11.3,6,12.4,5,14.4,6,15.3,6,16.2,6,14.7,7,15.4,6,16.4,5,13.4,5,14.0,5,14.4,6,13.8,6,15.6,7,16.1,6,13.1,6,14.1,6,16.6,7,14.0,5.0,14.5,5,15.1,6,14.0,6,13.4,6,16.2,5,16.4,6,15.3,6,17.3,6,15.5,6,18.4,6,16.8,6
2016-05-29 01:00:00,13.1,6,12.3,6,14.0,6,11.7,6,14.2,5,10.9,6,11.1,6,12.0,5,13.9,6,14.6,5,15.8,6,14.1,7,14.8,5,15.7,5,13.1,6,13.5,5,13.9,6,13.1,6,14.9,7,15.3,6,12.9,6,13.6,6,16.1,6,13.4,5.0,14.2,5,14.2,6,13.3,6,13.1,6,15.7,5,16.1,6,14.7,6,16.8,5,14.9,6,18.3,6,16.7,5
2016-05-29 02:00:00,13.1,7,12.2,6,13.6,6,11.6,6,13.6,5,10.9,6,11.0,6,11.7,6,13.4,6,13.9,5,15.4,6,13.5,7,14.3,5,15.3,6,12.8,6,13.2,5,13.4,6,12.5,5,14.1,7,14.5,6,12.9,6,13.3,6,15.7,6,12.8,5.0,14.0,5,13.5,6,12.7,6,12.9,6,15.2,5,15.8,5,14.2,5,16.4,5,14.7,5,18.2,5,16.7,5
2016-05-29 03:00:00,12.9,6,12.1,6,13.5,6,10.8,7,13.7,7,10.9,6,10.9,7,11.2,6,13.3,7,13.4,7,14.8,7,13.4,7,14.5,6,15.7,6,12.6,6,12.8,7,12.9,7,12.2,7,14.5,7,14.9,7,12.6,7,13.2,5,15.9,7,12.8,5.0,13.8,6,13.4,7,12.4,7,12.2,7,14.4,7,15.7,6,14.4,7,16.3,7,14.0,6,17.1,6,15.9,6
2016-05-29 04:00:00,12.9,6,12.2,6,13.7,6,11.1,7,14.0,7,11.1,6,11.1,7,11.2,5,13.2,7,13.5,7,14.7,7,13.9,7,14.9,6,16.0,6,12.5,6,12.7,7,12.9,7,12.7,7,14.6,7,15.2,6,12.5,7,13.3,5,15.7,7,12.6,5.0,13.8,6,13.4,7,12.5,7,12.2,7,14.2,7,15.7,6,14.8,7,16.3,7,14.1,6,17.4,6,15.9,5
2016-05-29 05:00:00,13.1,6,12.6,6,14.2,6,11.7,7,14.7,7,11.5,6,11.4,7,11.5,5,13.4,7,14.0,7,14.8,7,14.7,7,15.7,6,16.7,6,12.7,6,12.9,6,13.3,7,13.6,7,15.0,7,16.0,5,12.6,7,13.8,6,15.7,7,12.8,6.0,14.0,6,14.0,7,13.1,7,12.4,7,14.3,7,15.9,6,15.7,7,16.7,7,14.8,7,17.9,7,16.2,5
2016-05-29 06:00:00,13.5,7,13.4,7,14.9,7,12.5,7,15.4,7,12.1,7,12.0,6,12.4,6,13.8,7,14.7,7,15.1,7,15.7,7,16.6,7,17.7,6,13.4,6,13.5,6,13.9,7,14.6,7,15.7,7,17.1,4,12.8,7,14.5,6,15.9,7,13.4,7.0,14.5,6,15.1,7,14.1,7,12.9,7,14.6,7,16.6,6,16.7,7,17.4,7,16.0,7,18.5,7,16.9,5
2016-05-29 07:00:00,14.0,7,14.4,7,15.7,7,13.6,7,16.1,7,13.1,7,12.9,6,13.9,6,14.2,7,15.4,7,15.6,7,16.5,7,17.5,7,18.8,6,14.7,6,14.4,6,14.7,7,15.5,7,16.5,7,18.4,4,13.1,7,15.4,7,16.4,7,14.5,7.0,15.2,6,16.7,7,15.6,7,13.6,7,15.2,6,17.8,6,17.8,6,18.5,6,17.8,7,19.0,7,18.0,5
2016-05-29 08:00:00,14.7,7,15.5,7,16.6,7,14.8,7,16.8,7,14.2,7,14.0,6,15.7,6,14.7,7,16.0,7,16.1,7,17.0,7,18.4,7,19.8,6,16.2,6,15.5,5,15.4,7,16.1,7,17.2,7,19.7,5,13.5,7,16.4,6,17.0,7,15.7,7.0,16.0,6,18.5,7,17.1,7,14.3,7,15.9,6,19.1,5,18.8,6,19.7,5,19.7,7,19.4,7,19.3,5
2016-05-29 09:00:00,15.2,7,16.4,7,17.4,7,15.8,7,17.3,7,15.3,7,15.1,6,17.3,6,15.2,7,16.5,7,16.7,7,17.3,7,19.2,7,20.7,6,17.4,6,16.4,5,16.0,6,16.5,7,17.7,7,20.6,5,13.9,7,17.1,6,17.5,7,16.6,7.0,16.7,6,19.9,7,18.3,7,14.9,7,16.5,6,20.2,4,19.7,5,20.6,5,21.1,6,19.5,7,20.4,6
2016-05-29 10:00:00,15.6,7,16.9,7,18.2,7,16.5,7,17.7,7,16.1,6,16.0,6,18.3,6,15.7,7,17.0,7,17.3,7,17.5,7,19.8,7,21.4,5,18.0,5,17.0,5,16.3,6,16.6,7,17.8,7,20.9,6,14.4,7,17.4,6,17.8,7,17.0,7.0,17.3,6,20.7,6,18.7,7,15.3,7,16.9,6,20.8,4,20.4,5,21.0,4,21.6,6,19.3,7,21.1,5
2016-05-29 11:00:00,15.8,7,17.2,7,18.9,7,17.0,7,18.0,7,16.7,5,16.7,7,18.7,6,16.2,7,17.4,7,17.8,7,17.5,7,20.3,7,21.9,5,18.3,5,17.4,5,16.4,6,16.6,7,17.6,7,20.9,6,14.8,7,17.5,5,17.9,7,17.0,7.0,17.7,6,21.0,6,18.7,7,15.6,7,17.2,6,21.1,4,20.9,4,21.1,4,21.4,6,19.0,7,21.3,5
2016-05-29 12:00:00,16.0,7,17.4,7,19.4,7,17.4,7,18.3,7,17.0,5,17.1,7,19.0,6,16.7,7,17.7,7,18.3,7,17.7,7,20.6,7,22.3,5,18.4,5,17.7,6,16.6,6,16.6,7,17.5,7,20.8,6,15.1,7,17.6,6,18.0,7,16.9,7.0,18.0,6,21.1,6,18.6,7,15.8,7,17.5,6,21.3,4,21.4,4,21.2,4,21.1,6,18.8,7,21.4,5
2016-05-29 13:00:00,16.1,7,17.6,7,19.7,7,17.7,7,18.6,7,17.1,6,17.1,7,19.2,6,17.3,7,18.0,7,18.6,7,18.0,7,20.7,7,22.6,5,18.6,5,18.0,6,16.9,6,16.7,7,17.5,7,20.8,6,15.3,7,17.8,6,18.1,7,16.9,7.0,18.2,7,21.3,6,18.7,6,16.1,7,18.0,6,21.6,3,21.9,4,21.4,4,21.0,5,18.9,7,21.4,5
2016-05-29 14:00:00,16.2,7,17.7,6,19.8,7,17.9,7,18.7,7,17.1,6,16.9,6,19.4,6,17.7,7,18.1,7,18.8,7,18.2,7,20.6,7,22.7,6,18.8,6,18.2,6,17.2,6,16.9,6,17.6,7,20.7,7,15.3,7,18.0,6,18.3,6,16.8,7.0,18.3,7,21.6,6,18.9,6,16.5,6,18.4,6,21.9,3,22.2,4,21.6,4,21.1,5,19.2,7,21.2,5
2016-05-29 15:00:00,15.6,5,17.3,6,18.5,7,17.5,5,18.5,7,17.1,6,16.3,5,19.4,5,17.9,5,18.2,5,18.8,5,18.3,7,18.9,5,21.0,7,19.0,6,18.0,6,17.2,7,17.1,7,18.4,6,19.5,7,15.5,7,17.5,7,18.5,7,17.0,7.0,18.0,6,22.1,7,20.3,7,16.7,6,18.4,6,22.5,5,23.1,7,22.3,5,22.4,5,19.7,6,20.9,7
2016-05-29 16:00:00,15.5,5,17.1,5,18.0,6,17.3,5,18.2,7,16.7,6,16.0,5,19.0,5,17.9,5,18.1,5,18.8,5,18.1,7,18.7,5,20.3,7,18.7,6,17.8,6,17.0,7,17.1,6,18.1,6,19.1,7,15.3,7,17.0,7,18.3,7,16.4,7.0,17.9,6,21.8,7,20.0,7,16.7,6,18.4,6,21.9,6,22.4,7,22.0,5,22.2,4,19.6,6,20.3,7
2016-05-29 17:00:00,15.1,5,16.5,4,17.2,5,16.9,5,17.6,6,16.0,5,15.6,6,18.2,4,17.6,5,17.8,5,18.6,5,17.6,6,18.2,6,19.4,7,18.1,6,17.3,6,16.6,6,17.0,6,17.6,5,18.4,7,14.9,7,16.3,7,17.9,7,15.3,7.0,17.6,5,21.1,7,19.4,6,16.4,6,18.1,7,20.9,7,21.4,7,21.4,5,21.9,3,19.5,6,19.6,7
2016-05-29 18:00:00,14.7,4,15.7,4,16.2,4,16.2,5,16.8,6,15.1,5,14.9,6,17.2,4,17.1,5,17.3,5,18.1,5,16.8,6,17.4,6,18.4,6,17.2,6,16.6,6,15.9,6,16.5,6,16.7,5,17.6,7,14.3,7,15.6,7,17.4,7,14.1,7.0,17.1,4,20.1,6,18.4,5,15.8,6,17.5,7,19.9,7,20.1,7,20.6,5,21.3,3,19.2,6,18.9,7
2016-05-29 19:00:00,14.2,4,14.6,4,15.2,4,15.1,5,15.7,5,14.0,5,14.1,5,16.0,4,16.3,5,16.6,5,17.4,5,15.7,5,16.4,5,17.5,6,16.1,6,15.7,6,15.1,6,15.7,6,15.6,5,16.7,7,13.6,7,14.9,7,16.7,7,13.0,7.0,16.3,4,18.9,6,17.0,5,14.8,6,16.7,6,19.0,6,18.7,6,19.7,5,20.1,2,18.9,5,18.2,7
2016-05-29 20:00:00,13.6,4,13.6,5,14.2,5,13.8,5,14.6,5,12.9,5,13.1,5,14.8,4,15.3,5,15.9,5,16.6,5,14.6,5,15.4,5,16.7,6,14.9,6,14.8,6,14.4,6,14.7,6,14.5,5,15.9,7,12.8,7,14.3,7,15.9,7,12.3,7.0,15.5,4,17.6,6,15.6,5,13.7,6,15.9,6,18.2,5,17.4,5,18.9,5,18.7,3,18.6,5,17.5,7
2016-05-29 21:00:00,13.3,5,12.9,5,13.4,5,13.0,5,13.8,5,12.2,5,12.7,5,13.8,4,14.5,5,15.1,5,16.0,5,13.6,5,14.5,5,16.1,6,14.0,6,14.1,6,13.7,6,13.8,6,13.7,5,15.2,7,12.5,7,13.8,7,15.3,7,11.7,7.0,14.9,5,16.6,6,14.5,5,12.8,6,15.4,6,17.4,4,16.3,5,18.1,5,17.4,3,18.2,4,17.0,6
2016-05-29 22:00:00,13.0,5,12.4,5,12.9,5,12.4,5,13.1,5,11.6,6,12.3,5,13.0,4,13.7,5,14.4,5,15.4,5,12.8,5,13.8,5,15.6,6,13.3,6,13.5,6,13.2,6,13.0,6,13.3,6,14.8,6,12.2,6,13.4,7,15.0,7,11.2,6.0,14.4,5,15.8,6,13.7,5,12.1,6,15.0,6,16.8,4,15.5,5,17.4,6,16.2,3,17.8,4,16.6,6
2016-05-29 23:00:00,12.8,5,12.0,5,12.6,5,11.9,5,12.6,5,11.2,6,12.0,5,12.4,5,13.2,5,13.7,5,14.9,5,12.2,6,13.3,5,15.2,6,12.8,6,13.1,6,12.7,6,12.4,6,13.1,6,14.4,6,11.9,6,13.1,6,14.7,6,10.9,6.0,14.0,5,15.0,6,13.2,5,11.6,6,14.6,5,16.2,4,14.8,5,16.8,6,15.2,3,17.5,3,16.2,6
2016-05-30 00:00:00,12.8,5,11.8,5,12.5,5,11.5,5,12.3,5,11.0,6,11.8,5,12.1,5,12.7,5,13.2,5,14.5,5,11.8,6,12.9,5,14.7,6,12.5,6,12.7,6,12.3,6,11.8,6,12.9,6,13.9,6,11.7,6,12.7,6,14.4,6,10.5,6.0,13.7,5,14.3,6,12.8,5,11.4,5,14.2,5,15.8,4,14.4,5,16.2,6,14.4,2,17.2,3,16.0,6
2016-05-30 01:00:00,12.9,6,11.8,6,12.5,5,11.3,5,12.1,5,11.0,6,11.7,5,11.8,5,12.5,5,12.8,5,14.3,4,11.6,6,12.5,5,14.1,6,12.3,6,12.4,6,11.9,6,11.2,6,12.4,6,13.1,6,11.5,6,12.1,6,14.0,6,10.3,6.0,13.6,5,13.7,5,12.2,5,11.3,5,13.9,5,15.4,4,14.0,5,15.8,5,13.7,2,17.0,3,15.8,5
2016-05-30 02:00:00,13.1,6,11.8,6,12.6,6,11.3,5,12.2,5,11.2,6,11.6,5,11.8,5,12.4,5,12.6,5,14.2,4,11.5,6,12.2,5,13.5,6,12.2,6,12.1,6,11.6,5,10.6,6,11.8,6,12.3,6,11.5,6,11.6,6,13.5,6,10.1,5.0,13.5,5,13.2,5,11.7,5,11.4,5,13.7,5,15.1,4,13.9,5,15.5,4,13.3,2,17.0,3,15.7,5
2016-05-30 03:00:00,12.4,6,11.5,6,12.4,6,12.0,6,12.2,7,11.1,6,11.3,6,12.1,6,12.0,6,12.2,6,13.5,6,11.7,7,13.0,6,14.1,6,12.6,6,12.4,6,11.8,7,10.8,7,12.7,6,12.9,6,11.0,7,11.6,6,13.5,7,10.9,6.0,13.2,4,13.0,3,11.4,4,11.1,3,13.0,6,15.0,2,13.7,3,15.0,2,13.2,2,16.3,3,14.9,5
2016-05-30 04:00:00,12.4,6,11.6,6,12.5,6,11.9,6,12.3,7,11.3,6,11.4,6,12.0,6,12.0,6,12.3,6,13.4,6,11.9,7,13.2,6,14.3,6,12.5,5,12.2,7,11.7,7,11.2,7,12.7,6,13.2,6,11.0,7,11.7,6,13.5,7,10.8,6.0,13.2,5,13.2,3,11.5,4,11.2,3,13.0,6,15.0,2,14.2,2,15.1,2,13.3,2,16.5,3,14.8,5
2016-05-30 05:00:00,12.6,6,11.8,6,12.8,6,12.1,6,12.6,6,11.6,6,11.7,6,12.2,6,12.2,6,12.7,6,13.5,6,12.3,7,13.7,6,14.7,6,12.7,5,12.2,7,11.8,7,11.9,7,13.1,7,14.0,6,11.2,7,12.1,6,13.8,7,11.1,7.0,13.4,5,13.9,3,12.1,3,11.4,4,13.3,6,15.4,2,15.1,2,15.5,2,13.9,2,17.0,3,15.0,5
2016-05-30 06:00:00,12.8,6,12.3,6,13.2,7,12.6,6,13.0,6,12.3,6,12.3,7,12.9,6,12.6,6,13.3,6,13.7,6,12.9,7,14.3,6,15.4,7,13.4,5,12.7,6,12.3,7,12.8,7,13.6,7,14.8,7,11.5,7,12.8,6,14.2,7,11.6,7.0,13.9,6,15.1,3,13.2,3,11.9,4,13.7,6,16.2,2,16.3,2,16.4,2,15.3,2,17.8,4,15.7,6
2016-05-30 07:00:00,13.1,7,12.9,6,13.5,7,13.5,6,13.4,6,13.3,7,13.3,7,14.2,6,13.0,6,13.9,7,14.0,7,13.5,7,15.0,7,16.1,7,14.7,5,13.7,6,13.1,7,13.6,7,14.2,7,15.5,7,12.0,7,13.7,6,14.7,7,12.4,7.0,14.6,6,16.8,2,14.9,3,12.5,5,14.3,5,17.7,2,17.7,2,17.8,2,17.5,2,18.7,4,16.9,5
2016-05-30 08:00:00,13.5,7,13.5,7,13.7,7,14.6,6,13.8,7,14.5,7,14.4,7,15.9,6,13.3,7,14.4,7,14.4,7,14.1,7,15.6,7,16.7,7,16.2,6,14.9,6,13.9,7,14.3,7,14.8,7,16.1,7,12.5,7,14.7,6,15.2,7,13.4,7.0,15.3,6,18.6,2,16.8,2,13.2,6,14.9,5,19.4,2,19.1,2,19.4,1,20.0,2,19.6,5,18.4,5
2016-05-30 09:00:00,13.8,7,14.0,7,13.9,7,15.7,5,14.1,7,15.6,7,15.5,7,17.4,6,13.6,7,14.7,7,14.8,7,14.6,7,16.1,7,17.3,7,17.5,7,16.0,6,14.6,7,14.7,7,15.2,7,16.5,7,13.0,7,15.4,6,15.7,7,14.2,7.0,15.9,6,20.1,2,18.5,2,13.9,6,15.5,4,20.9,2,20.4,3,20.8,1,22.1,2,20.2,5,19.7,5
2016-05-30 10:00:00,14.1,7,14.2,7,14.2,7,16.5,5,14.3,7,16.4,6,16.4,6,18.4,6,13.9,7,14.9,7,15.2,7,14.9,7,16.4,7,17.7,7,18.2,7,16.7,6,15.0,7,14.9,7,15.2,7,16.8,7,13.5,7,15.7,6,16.2,7,14.8,7.0,16.3,6,21.0,3,19.6,3,14.4,7,15.9,4,21.8,2,21.4,3,21.8,2,23.4,2,20.5,5,20.5,5
2016-05-30 11:00:00,14.3,7,14.3,7,14.6,7,17.0,5,14.4,7,17.0,6,17.0,6,19.0,6,14.2,7,15.0,7,15.7,7,15.0,7,16.5,7,18.0,7,18.4,7,17.1,7,15.2,7,14.9,7,15.1,7,17.1,7,14.0,7,15.8,6,16.7,6,15.2,7.0,16.6,6,21.5,4,20.2,4,14.7,7,16.3,4,22.1,3,22.1,4,22.5,2,24.1,2,20.7,5,20.9,5
2016-05-30 12:00:00,14.5,7,14.5,7,15.1,7,17.3,5,14.6,7,17.3,6,17.3,6,19.3,5,14.6,6,15.2,7,16.1,7,15.2,7,16.4,7,18.2,6,18.6,7,17.4,7,15.4,7,15.0,7,14.9,7,17.2,7,14.4,7,16.0,6,17.0,6,15.5,7.0,16.9,6,21.7,4,20.6,4,14.9,7,16.6,5,22.3,3,22.6,4,22.9,3,24.3,2,20.8,4,21.0,5
2016-05-30 13:00:00,14.8,7,15.0,7,15.6,7,17.5,6,15.0,7,17.5,7,17.3,6,19.4,5,15.2,7,15.6,7,16.5,7,15.4,7,16.2,7,18.2,7,18.9,6,17.7,7,15.8,7,15.3,7,14.9,7,17.2,7,14.7,7,16.4,6,17.1,6,15.7,7.0,17.2,7,21.9,4,20.8,4,15.0,7,17.0,5,22.5,3,23.0,4,23.1,3,24.3,2,21.1,3,21.1,6
2016-05-30 14:00:00,15.0,7,15.5,7,16.1,7,17.6,6,15.3,7,17.4,7,17.1,6,19.4,5,15.7,7,16.1,7,16.8,7,15.6,7,16.0,7,18.1,7,19.1,6,17.8,7,16.3,7,15.7,7,15.0,6,17.0,7,15.0,7,16.8,6,16.9,6,15.8,7.0,17.6,7,21.9,4,21.0,4,15.1,6,17.3,6,22.6,2,23.1,3,23.1,2,24.2,2,21.3,3,21.0,6
2016-05-30 15:00:00,14.4,7,15.1,7,15.2,7,17.8,6,15.1,7,17.2,6,17.2,6,20.0,4,16.0,7,16.5,7,16.8,7,15.8,7,15.8,7,17.7,7,19.5,5,18.1,7,17.0,7,16.6,7,16.3,7,17.3,6,15.2,7,17.1,6,17.6,6,15.7,7.0,18.3,7,22.2,4,20.6,4,15.8,7,17.9,6,22.9,2,23.5,3,23.6,1,23.5,2,21.0,2,20.8,7
2016-05-30 16:00:00,14.2,6,15.1,6,15.0,7,17.6,6,14.8,7,16.7,6,16.7,6,19.8,4,16.1,7,16.6,7,16.9,7,15.5,7,15.5,7,17.1,6,19.2,5,18.0,7,16.9,7,16.6,7,16.0,7,16.8,5,15.2,7,16.9,7,17.5,7,15.5,6.0,18.1,6,21.8,5,20.4,4,15.7,7,17.8,6,22.6,2,22.8,3,23.2,1,23.2,2,20.9,2,20.3,7
2016-05-30 17:00:00,13.9,6,14.8,6,14.7,7,17.1,5,14.4,7,16.0,6,16.1,6,19.2,4,16.0,7,16.3,7,16.9,7,15.1,7,15.1,6,16.5,5,18.5,4,17.6,6,16.5,6,16.4,7,15.5,6,16.1,5,15.0,7,16.5,7,17.2,7,14.9,6.0,17.6,6,21.0,5,19.9,4,15.5,6,17.4,6,21.9,2,21.7,4,22.4,2,22.8,2,20.6,2,19.6,7
2016-05-30 18:00:00,13.6,5,14.3,6,14.2,7,16.4,5,13.9,7,15.2,5,15.4,5,18.3,4,15.6,7,15.8,7,16.5,7,14.5,7,14.6,6,15.8,5,17.6,4,16.9,6,15.8,6,15.9,7,14.7,6,15.4,5,14.5,7,15.9,7,16.6,7,14.0,5.0,17.0,5,19.9,5,18.9,4,15.0,6,16.9,6,21.0,2,20.3,4,21.4,2,22.0,2,20.3,2,18.8,7
2016-05-30 19:00:00,13.3,6,13.7,6,13.6,7,15.5,5,13.5,7,14.2,5,14.5,5,17.0,4,14.9,7,15.2,7,15.8,7,14.0,7,14.1,6,15.3,5,16.4,4,16.1,6,15.1,6,15.1,6,13.8,5,14.8,5,13.7,6,15.1,6,15.7,7,13.0,5.0,16.2,5,18.5,5,17.4,3,14.3,6,16.2,6,19.9,2,18.8,4,20.2,2,20.8,2,19.8,2,18.1,7
2016-05-30 20:00:00,12.9,6,13.1,6,13.1,7,14.6,4,13.2,6,13.1,5,13.6,5,15.6,4,14.2,7,14.7,7,15.0,7,13.4,7,13.6,7,14.8,5,15.1,4,15.2,6,14.3,6,14.2,6,13.0,5,14.2,5,12.9,6,14.2,6,14.8,6,12.0,5.0,15.3,5,17.1,4,15.8,3,13.4,6,15.4,6,18.7,2,17.4,3,18.9,1,19.4,1,19.3,1,17.4,7
2016-05-30 21:00:00,12.9,6,12.7,6,12.9,7,13.9,4,12.9,6,12.7,5,13.2,4,14.6,5,13.7,6,14.2,6,14.6,6,13.0,7,13.2,7,14.3,5,14.2,5,14.7,6,13.7,6,13.4,6,12.3,5,13.7,5,12.5,6,13.5,6,14.3,6,11.4,5.0,14.7,5,16.0,4,14.5,2,13.0,6,14.9,6,17.7,2,16.2,3,17.9,1,18.1,2,18.7,2,16.9,6
2016-05-30 22:00:00,12.9,6,12.4,6,12.8,6,13.4,5,12.7,6,12.4,5,12.8,4,13.7,5,13.3,6,13.8,6,14.3,6,12.6,7,12.8,7,13.8,5,13.5,5,14.2,6,13.1,6,12.6,6,11.9,4,13.3,5,12.2,6,13.0,6,13.9,6,10.9,5.0,14.1,5,15.0,3,13.3,2,12.6,6,14.5,6,16.9,2,15.3,3,17.0,1,16.9,2,18.1,2,16.4,6
2016-05-30 23:00:00,13.0,6,12.1,6,12.7,6,13.0,5,12.5,6,12.2,5,12.5,4,13.0,5,13.0,6,13.4,6,14.1,6,12.3,7,12.5,6,13.4,6,13.0,5,13.7,6,12.7,6,11.9,6,11.6,4,12.8,5,11.9,6,12.5,6,13.6,6,10.6,5.0,13.8,5,14.2,3,12.5,3,12.3,6,14.1,6,16.2,3,14.5,3,16.3,2,15.7,2,17.6,2,16.0,5
2016-05-31 00:00:00,13.1,6,12.0,6,12.6,6,12.7,6,12.3,6,12.0,5,12.2,4,12.5,5,12.8,6,13.0,6,14.0,6,12.0,7,12.2,6,13.0,6,12.7,5,13.2,6,12.3,6,11.3,6,11.3,4,12.4,6,11.7,6,12.1,6,13.3,6,10.4,5.0,13.5,5,13.5,4,11.8,3,12.1,5,13.8,6,15.7,3,14.0,3,15.8,2,14.7,2,17.2,2,15.7,5
2016-05-31 01:00:00,13.2,7,12.0,7,12.7,6,12.3,6,12.2,6,12.0,5,12.1,5,12.1,5,12.6,6,12.7,6,13.9,5,11.8,7,12.0,6,12.7,6,12.5,6,12.8,6,11.9,6,10.9,6,11.1,5,11.9,6,11.5,6,11.7,6,13.0,6,10.1,5.0,13.5,5,13.0,4,11.4,4,11.9,5,13.6,5,15.3,4,13.7,3,15.4,2,13.8,2,16.9,3,15.5,5
2016-05-31 02:00:00,13.3,7,12.0,7,12.7,6,11.9,6,12.2,6,12.0,6,12.0,5,12.0,5,12.4,6,12.5,6,13.9,5,11.7,7,11.9,5,12.6,6,12.4,6,12.6,6,11.6,5,10.7,5,11.0,6,11.7,6,11.4,6,11.4,6,12.9,6,9.9,5.0,13.5,5,12.7,4,11.0,4,11.9,5,13.5,5,14.9,4,13.6,4,15.2,2,13.1,2,16.7,3,15.3,5
2016-05-31 03:00:00,12.1,7,11.3,7,12.0,5,12.1,7,11.6,4,11.7,4,11.7,5,12.1,5,11.6,6,11.7,6,12.9,6,11.0,6,11.8,3,13.4,5,12.4,5,11.9,7,11.0,7,10.1,7,11.2,7,12.0,6,10.7,7,11.0,7,12.1,6,9.2,5.0,13.5,6,12.6,4,10.8,2,10.9,5,12.5,7,15.0,2,13.3,4,14.9,2,13.0,2,16.5,2,15.2,5
2016-05-31 04:00:00,12.3,7,11.5,7,12.2,5,12.0,6,11.8,5,11.9,4,11.8,4,11.9,4,11.7,6,11.8,6,12.9,6,11.3,6,12.0,3,13.6,5,12.3,5,11.9,7,11.0,7,10.6,7,11.3,7,12.3,6,10.6,7,11.1,7,12.1,7,9.2,6.0,13.6,6,12.8,4,11.0,3,11.0,6,12.5,7,15.0,3,13.9,4,15.1,2,13.1,2,16.7,2,15.2,5
2016-05-31 05:00:00,12.6,7,11.8,7,12.6,6,12.2,6,12.2,5,12.2,4,12.1,4,12.1,4,12.0,6,12.3,6,13.1,6,11.9,6,12.6,4,14.1,6,12.5,4,12.2,7,11.3,6,11.4,7,11.7,7,13.2,6,10.7,7,11.5,7,12.5,7,9.6,6.0,13.9,5,13.4,5,11.7,3,11.3,6,12.6,7,15.4,4,14.9,5,15.6,2,13.8,2,17.2,3,15.4,5
2016-05-31 06:00:00,12.9,6,12.3,7,13.1,6,12.5,6,12.7,5,12.8,4,12.6,4,12.7,4,12.4,6,12.9,6,13.4,6,12.6,7,13.4,4,14.9,7,13.2,4,12.7,7,11.8,6,12.2,7,12.4,7,14.3,6,11.1,7,12.3,7,13.1,7,10.3,7.0,14.4,5,14.6,6,12.8,3,11.9,6,13.1,7,16.3,5,16.2,5,16.6,2,15.2,2,17.9,3,16.1,5
2016-05-31 07:00:00,13.1,6,12.7,6,13.5,6,12.9,7,13.3,5,13.7,4,13.3,4,13.9,4,12.7,6,13.4,6,13.7,6,13.4,7,14.4,5,15.8,7,14.4,5,13.4,6,12.5,6,12.9,7,13.2,7,15.5,6,11.8,7,13.3,7,13.8,7,11.4,7.0,15.1,6,16.2,6,14.4,4,12.7,7,14.0,7,17.9,5,17.6,5,17.9,2,17.3,2,18.6,3,17.4,5
2016-05-31 08:00:00,13.2,6,13.1,6,14.0,6,13.5,7,13.9,6,14.7,3,14.2,5,15.3,6,12.9,6,13.9,6,14.1,6,14.1,7,15.3,5,16.8,6,15.9,5,14.2,6,13.3,7,13.4,7,13.9,7,16.6,6,12.6,7,14.3,7,14.4,7,12.7,7.0,16.0,6,17.9,6,16.1,4,13.6,7,15.0,7,19.7,4,19.0,5,19.3,2,19.7,2,19.4,2,18.9,5
2016-05-31 09:00:00,13.3,6,13.4,6,14.4,5,14.2,7,14.5,6,15.7,4,15.2,5,16.5,7,13.1,6,14.2,6,14.5,6,14.5,6,16.0,5,17.8,6,17.2,6,14.9,6,13.9,7,13.7,7,14.5,7,17.4,5,13.4,7,15.2,7,15.0,7,13.8,6.0,16.8,7,19.4,6,17.7,5,14.5,7,16.0,7,21.2,4,20.3,5,20.5,2,21.8,1,20.0,2,20.2,5
2016-05-31 10:00:00,13.4,6,13.6,6,14.9,4,15.0,7,14.9,6,16.5,4,16.2,5,17.3,7,13.4,7,14.5,6,14.9,6,14.7,6,16.3,6,18.7,4,17.9,6,15.3,7,14.2,7,14.0,7,14.8,7,17.8,5,14.1,7,15.8,7,15.4,7,14.5,6.0,17.5,6,20.3,6,18.8,6,15.2,7,16.7,7,22.0,4,21.3,5,21.4,2,23.2,1,20.4,2,21.1,6
2016-05-31 11:00:00,13.5,5,13.7,6,15.4,3,15.9,7,15.3,6,17.1,5,17.0,5,17.8,7,13.7,7,14.7,6,15.4,7,14.7,6,16.4,6,19.3,3,18.3,6,15.6,7,14.3,7,14.2,7,14.8,7,18.0,5,14.7,7,16.1,7,15.7,7,14.9,7.0,18.0,6,20.8,6,19.5,6,15.8,7,17.3,7,22.3,5,22.2,5,22.0,3,23.9,2,20.7,2,21.5,6
2016-05-31 12:00:00,13.7,5,13.9,6,15.8,3,16.5,7,15.8,6,17.4,6,17.5,5,18.1,7,14.1,7,15.0,6,15.8,7,14.8,5,16.4,6,19.7,2,18.5,6,15.8,7,14.5,7,14.6,7,14.9,7,18.0,5,15.0,7,16.3,7,15.9,7,15.2,7.0,18.4,5,21.2,6,20.0,7,16.2,7,17.8,7,22.4,5,22.8,5,22.4,4,24.1,2,20.9,2,21.7,7
2016-05-31 13:00:00,13.9,5,14.2,5,16.1,4,16.8,7,16.4,6,17.5,6,17.6,5,18.4,7,14.6,7,15.4,6,16.2,7,15.2,6,16.4,6,19.8,3,18.7,6,16.0,7,15.0,7,15.1,7,15.1,7,18.0,6,15.1,7,16.5,7,16.1,7,15.4,7.0,18.6,5,21.6,6,20.4,7,16.4,7,18.3,7,22.5,6,23.2,5,22.8,4,24.1,3,21.0,2,21.8,7
2016-05-31 14:00:00,14.0,4,14.6,5,16.3,5,16.9,7,16.9,6,17.3,5,17.3,5,18.7,7,15.0,6,15.7,6,16.5,6,15.7,6,16.4,6,19.6,5,18.9,6,16.3,7,15.5,7,15.7,7,15.3,7,17.8,7,15.1,7,16.7,7,16.4,7,15.6,7.0,18.6,6,21.9,7,20.7,6,16.5,7,18.8,6,22.6,6,23.4,6,23.0,4,23.8,4,20.9,2,21.8,6
2016-05-31 15:00:00,14.0,7,14.6,7,16.1,7,15.9,7,15.4,7,17.6,2,17.1,4,18.4,4,13.4,7,14.0,7,14.6,7,14.1,6,16.7,5,20.0,5,19.1,5,15.8,7,14.1,7,13.9,7,14.6,5,18.6,6,15.1,6,15.5,7,15.7,7,15.6,7.0,18.9,6,20.7,7,19.3,7,16.1,7,18.6,7,21.3,5,21.8,6,22.4,4,22.4,6,20.6,6,20.8,7
2016-05-31 16:00:00,14.1,7,14.5,7,16.0,7,15.5,7,15.3,7,17.2,2,16.6,4,18.3,4,13.6,7,14.1,7,14.8,7,14.0,6,16.7,5,19.5,5,19.0,4,15.8,7,14.3,7,13.9,7,14.6,5,18.3,6,15.0,6,15.2,7,15.7,6,14.9,7.0,18.8,6,20.2,7,19.1,7,16.0,6,18.4,7,21.0,5,21.2,6,21.9,4,22.0,6,20.4,6,20.5,6
2016-05-31 17:00:00,14.3,6,14.3,6,15.8,7,14.9,7,14.9,6,16.6,2,15.9,4,17.8,4,13.6,7,14.1,7,14.9,7,13.7,6,16.6,4,18.8,5,18.5,3,15.6,7,14.1,7,13.7,7,14.4,5,17.8,6,14.6,6,14.7,7,15.6,7,13.9,7.0,18.4,6,19.4,6,18.6,7,15.7,5,18.0,7,20.5,5,20.3,6,21.1,4,21.5,5,20.0,6,20.1,6
2016-05-31 18:00:00,14.3,6,13.9,5,15.5,6,14.2,6,14.4,6,15.8,2,15.2,4,17.1,4,13.4,7,13.9,7,14.7,7,13.4,6,16.1,4,18.0,5,17.7,3,15.1,7,13.8,7,13.4,7,13.9,5,17.1,6,14.1,6,14.1,6,15.2,7,12.8,7.0,17.8,5,18.4,6,17.7,6,15.2,4,17.3,6,19.8,5,19.2,6,20.2,4,20.8,5,19.6,6,19.5,6
2016-05-31 19:00:00,14.1,6,13.5,5,15.0,6,13.6,6,13.7,6,14.8,2,14.5,4,16.2,4,13.0,7,13.5,7,14.3,7,13.1,6,15.2,4,17.2,5,16.6,3,14.3,7,13.3,7,13.2,7,13.1,5,16.1,6,13.4,5,13.5,6,14.6,7,11.8,7.0,17.0,5,17.4,7,16.4,6,14.4,4,16.5,6,18.9,5,18.0,6,19.2,4,19.7,4,19.1,5,18.8,5
2016-05-31 20:00:00,13.7,6,13.2,6,14.3,6,13.1,6,13.0,6,13.7,2,13.8,5,15.2,5,12.6,6,13.1,6,13.8,6,12.8,6,14.1,3,16.4,6,15.4,4,13.5,7,12.7,7,13.0,7,12.3,4,14.9,6,12.7,5,12.9,7,14.0,6,11.0,7.0,16.1,5,16.5,7,15.0,6,13.5,4,15.7,5,18.0,5,16.8,6,18.1,5,18.4,4,18.7,5,18.1,5
2016-05-31 21:00:00,13.5,6,12.9,6,13.8,6,12.6,6,12.3,6,13.0,3,13.3,5,14.6,5,12.5,6,12.8,6,13.7,6,12.3,5,13.2,3,15.5,6,14.8,4,12.9,7,12.3,7,12.5,6,11.8,5,14.0,6,12.2,6,12.4,7,13.6,6,10.6,7.0,15.5,5,15.5,6,13.9,6,12.8,4,15.1,5,17.0,5,16.0,6,17.4,5,17.3,4,18.2,5,17.4,5
2016-05-31 22:00:00,13.3,6,12.6,6,13.3,6,12.2,6,11.9,6,12.4,4,12.8,5,14.1,5,12.4,6,12.5,6,13.6,6,11.8,5,12.5,4,14.6,6,14.2,4,12.4,6,11.9,7,11.9,6,11.4,5,13.2,6,11.9,6,12.0,6,13.2,6,10.2,6.0,14.9,5,14.6,6,12.9,6,12.2,4,14.5,5,16.2,5,15.4,6,16.8,5,16.1,4,17.7,5,16.8,5
2016-05-31 23:00:00,13.2,6,12.4,6,12.9,6,11.8,6,11.6,5,12.0,4,12.4,5,13.6,5,12.3,6,12.3,6,13.6,6,11.4,4,12.0,4,13.9,6,13.7,5,12.1,6,11.7,7,11.3,6,11.2,5,12.5,6,11.6,6,11.6,6,12.8,6,9.9,6.0,14.5,5,13.9,5,12.1,6,11.8,4,14.0,5,15.6,5,14.8,6,16.2,5,15.1,4,17.3,5,16.2,5
2016-06-01 00:00:00,13.1,7,12.3,6,12.7,6,11.6,6,11.5,5,11.8,4,12.1,5,13.1,6,12.3,6,12.1,6,13.6,6,11.1,4,11.7,4,13.3,6,13.3,5,12.0,6,11.5,7,10.9,6,11.0,5,12.1,6,11.4,6,11.3,6,12.6,6,9.7,6.0,14.1,5,13.2,5,11.5,6,11.6,5,13.6,5,15.1,5,14.4,5,15.8,5,14.1,4,16.9,4,15.8,5
2016-06-01 01:00:00,13.1,7,12.2,6,12.6,6,11.5,6,11.5,5,11.7,5,11.9,6,12.8,6,12.3,6,12.1,6,13.6,5,10.9,5,11.5,4,12.9,6,13.0,5,11.9,6,11.4,6,10.6,6,10.9,6,11.8,6,11.3,6,11.1,6,12.4,6,9.6,6.0,13.9,5,12.8,5,11.0,5,11.6,5,13.3,5,14.9,5,14.1,5,15.5,5,13.3,5,16.6,4,15.4,5
2016-06-01 02:00:00,13.2,7,12.2,6,12.6,6,11.4,6,11.6,5,11.8,5,11.8,6,12.5,6,12.4,6,12.1,5,13.7,5,11.0,6,11.5,5,12.8,6,12.7,6,11.8,6,11.3,6,10.5,6,10.9,6,11.8,6,11.2,6,11.0,6,12.4,5,9.7,6.0,13.7,5,12.5,5,10.7,5,11.6,5,13.2,5,14.8,5,14.0,5,15.3,5,12.7,5,16.4,4,15.2,5
2016-06-01 03:00:00,13.2,7,12.0,7,12.4,5,11.4,6,11.4,5,12.3,6,12.0,6,12.3,6,11.8,7,11.7,7,13.1,7,10.6,6,11.0,3,12.5,6,12.4,6,11.6,7,10.7,7,9.6,7,10.4,6,11.4,3,10.8,7,10.4,7,11.9,7,9.2,6.0,13.8,6,12.0,7,10.5,7,11.1,4,12.9,6,14.8,6,13.2,7,14.7,6,12.7,5,16.3,7,15.4,6
2016-06-01 04:00:00,13.3,7,12.1,7,12.6,5,11.5,6,11.6,5,12.3,6,12.1,6,12.2,6,11.9,7,11.9,7,13.1,7,10.9,6,11.4,3,12.9,6,12.4,5,11.7,7,10.8,7,10.1,6,10.5,6,11.8,4,10.8,7,10.6,7,12.0,7,9.1,7.0,13.8,6,12.2,7,10.6,6,11.2,4,12.8,6,14.8,6,13.8,7,14.8,6,12.7,5,16.5,6,15.4,6
2016-06-01 05:00:00,13.5,7,12.5,7,13.0,6,11.9,6,12.0,5,12.4,6,12.4,6,12.3,6,12.3,6,12.5,6,13.3,6,11.6,6,12.1,3,13.6,6,12.7,5,12.1,7,11.1,7,10.8,6,10.9,6,12.6,5,10.9,7,11.2,7,12.4,7,9.3,7.0,14.1,6,12.9,7,11.1,6,11.5,4,13.0,6,15.0,6,14.7,7,15.3,6,13.3,5,17.0,6,15.6,5
2016-06-01 06:00:00,13.8,7,13.1,7,13.8,6,12.6,7,12.7,4,12.8,6,12.7,7,12.8,6,12.8,6,13.2,6,13.7,6,12.4,6,13.2,3,14.6,6,13.5,5,12.6,7,11.6,7,11.6,6,11.7,6,13.8,5,11.2,7,12.0,7,13.0,7,10.2,7.0,14.6,6,14.0,7,12.2,6,12.2,4,13.5,6,15.7,6,15.8,7,16.2,6,14.6,5,17.6,6,16.1,5
2016-06-01 07:00:00,14.2,7,13.9,7,14.7,6,13.4,7,13.6,4,13.4,6,13.0,7,13.7,6,13.4,6,13.9,6,14.3,6,13.3,5,14.5,3,15.8,6,14.6,5,13.3,7,12.1,7,12.3,6,12.8,5,15.2,5,11.5,7,12.8,7,13.8,6,11.8,7.0,15.2,6,15.5,7,13.8,6,13.2,5,14.2,6,16.8,5,16.8,6,17.4,6,16.7,5,18.4,6,16.9,5
2016-06-01 08:00:00,14.6,7,14.9,6,15.8,6,14.3,7,14.7,4,14.2,7,13.4,7,14.7,7,14.0,6,14.7,6,15.0,6,14.3,4,15.9,3,17.0,6,15.8,6,13.9,6,12.7,7,12.8,6,13.9,4,16.7,4,12.0,7,13.6,7,14.7,6,13.7,6.0,15.9,7,17.1,7,15.6,6,14.4,5,15.1,7,18.1,5,17.8,6,18.8,6,19.1,5,19.1,6,18.0,6
2016-06-01 09:00:00,15.0,6,15.7,6,16.8,5,15.1,7,15.7,4,14.9,7,13.8,7,15.6,7,14.5,6,15.3,5,15.7,6,15.0,4,17.0,3,18.1,6,16.7,7,14.5,6,13.1,7,13.3,6,14.8,3,17.9,3,12.4,7,14.2,7,15.5,5,15.5,6.0,16.6,7,18.4,7,17.1,6,15.5,6,16.0,7,19.2,5,18.6,6,19.9,5,21.1,5,19.7,6,19.0,7
2016-06-01 10:00:00,15.4,6,16.3,5,17.7,4,15.6,7,16.6,3,15.5,7,14.3,7,16.2,7,14.9,6,15.8,5,16.3,5,15.5,4,17.8,3,19.1,5,17.1,7,14.8,7,13.4,7,13.7,6,15.3,3,18.7,4,12.8,7,14.6,7,16.1,5,16.8,6.0,17.2,7,19.2,6,18.0,7,16.4,6,16.7,7,19.8,5,19.3,6,20.6,5,22.3,6,20.0,6,19.9,7
2016-06-01 11:00:00,15.7,5,16.8,5,18.5,4,16.0,7,17.4,3,15.9,7,14.9,7,16.6,7,15.2,6,16.2,5,16.8,5,15.8,4,18.3,3,19.9,5,17.1,7,15.0,7,13.7,7,14.0,6,15.5,3,19.1,5,13.3,7,14.8,7,16.5,4,17.6,6.0,17.7,7,19.6,6,18.4,7,17.0,6,17.3,7,20.0,5,19.8,6,20.9,6,22.8,6,20.0,6,20.5,7
2016-06-01 12:00:00,15.9,5,17.2,5,19.1,3,16.2,7,18.0,3,16.1,7,15.3,7,16.9,7,15.5,6,16.5,6,17.1,6,16.1,4,18.6,3,20.6,5,17.1,7,15.2,7,14.0,7,14.3,6,15.7,3,19.5,6,13.7,7,15.1,6,16.9,4,18.1,6.0,18.2,7,19.8,6,18.8,7,17.4,6,17.9,7,20.0,6,20.2,6,21.0,7,22.9,6,20.0,6,20.8,7
2016-06-01 13:00:00,16.1,5,17.5,5,19.5,3,16.3,7,18.5,4,16.2,7,15.5,7,17.2,7,15.8,6,16.6,6,17.2,6,16.6,5,18.9,4,21.3,5,17.3,7,15.5,6,14.4,6,14.6,6,16.1,4,20.0,6,14.1,7,15.5,7,17.2,4,18.4,7.0,18.6,7,20.0,6,19.3,7,17.7,6,18.4,7,20.0,6,20.5,6,21.0,7,22.9,6,20.0,6,20.8,7
2016-06-01 14:00:00,16.2,5,17.8,5,19.6,4,16.4,7,18.9,5,16.1,7,15.5,7,17.5,7,16.1,6,16.7,6,17.3,6,17.1,5,19.1,4,21.7,6,17.6,7,15.8,6,14.8,5,15.0,6,16.5,4,20.4,6,14.3,7,15.8,7,17.5,4,18.4,7.0,18.8,7,20.2,7,19.8,7,17.8,5,18.8,7,19.9,6,20.6,7,20.8,7,22.9,6,20.0,6,20.6,7
2016-06-01 15:00:00,16.6,6,18.5,6,20.1,6,16.1,5,20.0,6,16.2,7,14.7,7,17.4,7,17.1,5,17.6,6,18.3,6,18.3,6,19.9,6,21.0,7,17.8,6,16.6,7,15.4,7,15.6,6,17.4,6,18.9,7,14.3,7,15.6,7,17.0,5,17.0,7.0,18.1,7,20.4,6,18.6,6,16.7,7,18.3,7,20.8,4,21.1,5,21.6,5,21.0,4,19.4,7,20.2,6
2016-06-01 16:00:00,16.3,6,18.3,6,19.9,6,16.1,5,19.9,6,16.3,5,14.7,6,17.5,6,17.5,5,18.0,6,18.6,6,18.6,6,19.7,7,20.6,7,17.8,6,16.7,7,15.6,6,15.9,6,17.3,6,18.9,7,14.2,7,15.5,7,17.0,5,16.4,7.0,18.1,7,20.2,6,18.9,6,16.5,7,18.1,7,20.8,4,20.9,5,21.4,5,21.0,5,19.4,6,19.9,6
2016-06-01 17:00:00,15.9,6,17.8,5,19.4,6,15.9,5,19.5,6,16.1,4,14.6,6,17.3,6,17.7,5,18.3,5,18.8,5,18.6,5,19.3,6,19.9,6,17.5,5,16.6,6,15.6,6,15.9,6,16.9,6,18.6,7,13.8,7,15.2,7,16.7,5,15.5,7.0,17.8,6,19.7,6,18.9,5,16.1,6,17.7,7,20.5,4,20.4,6,21.0,5,20.9,5,19.3,6,19.5,5
2016-06-01 18:00:00,15.4,6,17.0,5,18.6,6,15.5,5,18.6,5,15.7,3,14.4,6,16.8,5,17.5,5,18.2,5,18.8,5,17.9,5,18.5,6,19.0,6,16.9,5,16.1,6,15.2,5,15.6,6,16.2,6,17.9,7,13.3,7,14.6,7,16.2,4,14.4,6.0,17.2,6,19.0,6,18.5,5,15.5,6,17.1,7,20.0,4,19.5,6,20.2,4,20.4,5,19.1,5,18.9,4
2016-06-01 19:00:00,14.8,6,15.9,5,17.4,6,14.8,6,17.1,5,14.9,3,14.0,6,16.1,5,16.7,5,17.5,5,18.3,5,16.5,5,17.4,6,18.1,6,16.0,4,15.3,6,14.5,6,14.9,6,15.2,6,16.8,7,12.8,7,13.9,7,15.4,5,13.3,6.0,16.4,5,18.0,6,17.4,5,14.7,5,16.4,7,19.1,4,18.3,5,19.2,4,19.3,4,18.7,5,18.1,4
2016-06-01 20:00:00,14.1,6,14.8,5,16.1,6,14.1,6,15.4,6,13.9,4,13.5,5,15.2,5,15.6,5,16.4,5,17.5,5,14.8,6,16.1,6,17.2,6,15.0,4,14.3,6,13.7,6,14.0,6,14.1,6,15.6,7,12.3,6,13.2,7,14.5,5,12.3,6.0,15.6,5,16.8,5,15.9,5,13.8,5,15.6,6,18.1,4,17.0,5,18.1,3,17.9,4,18.2,5,17.3,5
2016-06-01 21:00:00,13.7,6,14.3,5,15.1,6,13.4,6,14.7,6,13.2,4,13.2,5,14.4,5,14.7,5,15.5,6,16.7,5,13.6,6,15.1,6,16.4,6,14.2,4,13.5,6,13.0,6,13.0,6,13.2,6,14.7,7,12.0,6,12.6,7,13.9,5,11.5,6.0,15.0,5,15.8,5,14.6,5,13.2,5,15.0,6,17.2,5,15.9,5,17.2,3,16.6,4,17.7,5,16.7,5
2016-06-01 22:00:00,13.4,6,13.8,5,14.4,6,12.8,6,14.1,6,12.7,5,12.9,5,13.7,5,13.9,5,14.6,6,15.9,5,12.7,6,14.3,6,15.8,6,13.6,4,12.9,6,12.5,6,12.1,6,12.6,6,13.9,6,11.8,6,12.2,6,13.4,6,11.0,5.0,14.5,5,14.9,5,13.4,5,12.7,5,14.5,6,16.4,5,15.0,5,16.3,4,15.5,4,17.2,5,16.1,5
2016-06-01 23:00:00,13.1,6,13.3,6,13.9,6,12.3,6,13.5,6,12.5,5,12.7,5,13.1,5,13.5,5,13.8,5,15.2,5,12.1,6,13.5,6,15.4,6,13.3,4,12.6,6,12.1,6,11.3,6,12.3,6,13.3,6,11.7,6,12.0,6,13.0,6,10.6,5.0,14.2,5,14.1,5,12.4,5,12.3,5,14.0,6,15.8,5,14.4,5,15.7,4,14.6,4,16.8,5,15.7,4
2016-06-02 00:00:00,13.0,6,13.0,6,13.6,6,12.0,6,13.1,6,12.5,5,12.6,5,12.8,5,13.1,5,13.2,5,14.7,5,11.6,6,12.9,6,14.9,6,13.2,5,12.5,6,11.9,6,10.8,6,12.1,6,12.8,6,11.6,6,11.8,6,12.7,6,10.4,5.0,14.0,5,13.5,5,11.7,5,12.0,5,13.6,6,15.3,5,13.9,5,15.3,4,13.9,4,16.4,5,15.5,4
2016-06-02 01:00:00,13.1,7,12.7,6,13.2,6,11.8,6,12.7,6,12.5,6,12.5,5,12.6,5,12.9,5,12.9,5,14.4,5,11.4,6,12.5,6,14.3,6,13.1,5,12.4,6,11.8,6,10.6,5,11.8,6,12.5,6,11.6,6,11.7,6,12.6,6,10.2,5.0,13.9,5,13.0,5,11.1,5,11.8,5,13.2,5,15.0,5,13.6,5,15.0,4,13.2,4,16.1,5,15.3,4
2016-06-02 02:00:00,13.2,7,12.6,6,13.0,6,11.7,6,12.5,6,12.4,6,12.4,5,12.6,5,12.7,5,12.7,5,14.2,5,11.3,7,12.3,5,13.8,6,13.0,6,12.5,6,11.7,6,10.6,5,11.6,6,12.3,6,11.6,6,11.5,6,12.7,6,10.2,5.0,13.7,5,12.7,5,10.8,5,11.5,5,13.0,5,14.8,5,13.6,5,15.0,5,12.8,4,15.9,5,15.2,4
2016-06-02 03:00:00,13.1,7,12.7,6,13.7,5,12.0,7,12.9,7,12.3,6,12.2,5,12.8,6,13.1,7,13.1,7,14.4,7,12.0,7,12.6,7,13.8,7,12.9,6,12.8,6,11.6,7,10.6,7,11.7,7,12.4,7,11.1,7,11.1,5,12.9,7,10.3,6.0,13.7,6,13.1,2,11.4,2,11.2,4,12.8,7,15.2,3,13.8,3,15.4,2,12.9,2,15.9,3,15.2,6
2016-06-02 04:00:00,13.2,7,12.8,6,13.9,5,12.0,7,13.3,7,12.4,6,12.3,6,12.6,6,13.2,6,13.3,6,14.4,6,12.3,7,12.8,7,14.0,7,12.8,6,12.8,6,11.7,7,11.2,7,11.9,7,12.7,7,11.1,6,11.3,6,13.0,7,10.2,7.0,13.6,6,13.2,3,11.5,2,11.1,5,12.7,7,15.2,4,14.3,3,15.6,2,13.0,2,16.2,3,15.1,7
2016-06-02 05:00:00,13.5,7,13.1,6,14.3,6,12.2,7,13.9,7,12.6,6,12.6,6,12.7,6,13.4,6,13.7,6,14.5,6,13.0,7,13.5,7,14.7,7,13.1,6,13.0,6,12.1,7,12.1,6,12.4,7,13.4,7,11.2,6,11.8,6,13.3,7,10.5,7.0,13.8,6,13.9,3,12.2,2,11.3,5,12.9,7,15.5,4,15.3,3,16.2,2,13.7,2,16.8,3,15.3,7
2016-06-02 06:00:00,13.8,7,13.8,6,15.0,6,12.7,7,14.7,7,13.1,6,13.0,7,13.2,6,13.8,6,14.3,6,14.8,6,14.0,7,14.5,6,15.5,7,13.8,6,13.6,6,12.7,7,13.1,6,13.2,7,14.4,7,11.7,6,12.8,6,13.9,7,11.1,7.0,14.4,6,15.1,3,13.3,3,11.8,5,13.4,7,16.5,5,16.7,3,17.2,2,15.1,2,17.6,4,16.0,6
2016-06-02 07:00:00,14.1,7,14.7,6,15.8,6,13.4,7,15.4,7,13.8,6,13.3,7,14.1,7,14.1,6,14.9,6,15.2,6,15.0,7,15.7,6,16.4,7,15.0,6,14.5,7,13.4,7,13.9,7,14.1,7,15.4,7,12.5,6,14.0,7,14.6,7,12.2,7.0,15.3,5,16.9,3,15.0,3,12.8,6,14.2,7,18.1,4,18.3,4,18.6,2,17.1,2,18.5,4,17.3,5
2016-06-02 08:00:00,14.3,7,15.6,7,16.7,7,14.2,7,16.0,7,14.5,7,13.6,7,15.2,7,14.5,6,15.5,6,15.6,6,16.0,7,16.9,7,17.2,7,16.3,7,15.6,7,14.2,7,14.6,7,15.1,7,16.4,7,13.4,6,15.4,7,15.3,7,13.6,7.0,16.3,5,18.8,4,16.9,3,13.9,6,15.1,7,20.0,3,19.8,4,20.1,2,19.4,2,19.3,4,18.9,4
2016-06-02 09:00:00,14.6,7,16.3,7,17.6,7,15.0,7,16.6,7,15.3,7,14.0,7,16.0,7,14.8,7,16.0,7,16.1,7,16.7,7,17.8,7,18.0,7,17.4,7,16.4,7,15.0,7,15.2,7,16.0,7,17.2,7,14.3,7,16.5,7,16.0,7,14.8,7.0,17.3,5,20.5,4,18.6,3,15.0,7,16.0,7,21.5,2,21.1,4,21.5,2,21.5,2,19.9,5,20.3,3
2016-06-02 10:00:00,15.0,7,16.7,7,18.4,7,15.6,7,17.1,7,16.0,6,14.6,7,16.4,7,15.2,7,16.4,7,16.6,7,17.0,7,18.3,7,18.7,7,18.0,7,16.8,7,15.6,7,15.8,7,16.8,7,17.8,7,15.0,7,17.3,7,16.6,7,15.7,7.0,18.0,5,21.6,4,19.8,4,15.7,7,16.6,7,22.3,2,22.0,4,22.5,2,23.2,1,20.1,5,21.2,3
2016-06-02 11:00:00,15.3,7,16.9,7,19.0,7,16.0,7,17.6,7,16.6,6,15.2,7,16.5,6,15.6,7,16.8,7,17.2,7,17.2,7,18.4,6,19.4,7,18.2,7,16.9,7,16.2,7,16.3,7,17.4,6,18.2,7,15.5,7,17.7,7,17.0,7,16.3,7.0,18.5,5,22.2,4,20.6,4,16.2,7,17.2,7,22.5,2,22.5,4,23.1,2,24.3,1,20.0,5,21.6,4
2016-06-02 12:00:00,15.6,7,17.1,7,19.5,7,16.3,7,18.0,7,16.9,6,15.7,7,16.7,6,16.1,7,17.1,7,17.7,7,17.3,7,18.6,6,20.0,7,18.4,7,17.0,7,16.6,7,16.8,7,17.8,6,18.5,7,16.0,7,18.1,7,17.5,7,16.7,7.0,19.0,6,22.6,4,21.2,5,16.7,7,17.8,7,22.5,2,23.0,4,23.5,3,25.0,2,19.9,5,21.7,4
2016-06-02 13:00:00,15.7,7,17.5,7,19.8,7,16.6,7,18.2,7,17.0,6,16.0,6,17.1,6,16.6,7,17.4,7,18.1,7,17.6,6,18.9,6,20.5,7,18.7,7,17.2,7,17.0,7,17.2,7,18.1,6,18.7,7,16.5,7,18.4,7,18.0,7,17.0,7.0,19.5,6,22.9,5,21.6,5,17.3,7,18.6,6,22.6,3,23.5,4,23.7,4,25.2,3,19.9,5,21.7,5
2016-06-02 14:00:00,15.6,7,17.7,7,19.8,7,16.9,6,18.3,6,16.9,6,16.1,6,17.7,6,17.1,7,17.6,7,18.4,7,17.9,6,19.2,7,20.8,7,18.9,7,17.4,7,17.2,7,17.4,7,18.3,7,18.8,7,17.0,7,18.6,7,18.4,7,17.2,7.0,20.0,5,23.0,6,21.8,6,17.9,6,19.5,5,22.7,4,23.8,4,23.6,4,25.0,5,19.9,6,21.5,5
2016-06-02 15:00:00,14.3,7,16.2,7,18.4,7,16.2,7,19.2,7,17.2,5,16.0,6,18.6,7,16.9,7,17.5,7,17.8,7,18.5,7,19.5,7,19.9,7,19.9,7,18.3,7,17.3,7,17.1,7,17.7,7,17.6,7,17.7,7,18.5,7,19.2,5,17.0,7.0,21.0,6,23.6,5,21.2,7,18.7,7,20.6,5,23.4,3,24.3,3,24.1,2,24.1,5,19.9,5,22.3,5
2016-06-02 16:00:00,13.9,6,15.8,7,18.0,7,16.2,6,18.9,7,17.1,4,15.9,6,18.6,6,16.9,7,17.5,7,17.8,7,18.3,7,19.3,7,19.6,7,19.8,6,18.3,7,17.3,7,17.2,7,17.5,6,17.7,7,17.5,7,18.2,7,19.1,5,16.6,7.0,20.9,5,23.4,5,21.3,6,18.9,6,20.7,5,23.1,3,23.9,3,23.5,2,23.7,4,19.9,5,22.1,5
2016-06-02 17:00:00,13.3,5,15.1,6,17.4,7,16.1,6,18.3,7,16.9,3,15.6,6,18.4,5,16.6,7,17.3,7,17.7,7,17.8,7,19.0,6,19.0,7,19.4,6,18.1,7,17.2,7,17.1,7,17.1,6,17.6,7,16.9,6,17.8,7,18.7,6,15.8,7.0,20.4,5,22.7,4,21.0,5,18.9,5,20.4,4,22.5,3,23.1,3,22.7,2,23.0,4,19.7,5,21.8,5
2016-06-02 18:00:00,12.8,5,14.3,6,16.7,6,15.6,6,17.5,7,16.4,2,15.2,6,17.8,5,16.2,6,17.0,6,17.4,6,17.0,6,18.3,6,18.3,7,18.7,5,17.5,7,16.7,7,16.8,7,16.5,5,17.2,7,16.2,6,17.2,7,18.1,6,14.8,6.0,19.7,4,21.7,3,20.3,4,18.3,5,19.8,4,21.7,3,21.9,3,21.6,2,22.0,4,19.5,5,21.2,4
2016-06-02 19:00:00,12.4,5,13.6,6,15.7,6,14.9,5,16.5,7,15.5,3,14.6,6,16.9,5,15.6,6,16.4,6,16.8,6,16.1,6,17.3,6,17.5,7,17.7,5,16.6,7,16.0,7,16.2,7,15.7,6,16.3,7,15.4,6,16.4,6,17.3,6,13.8,6.0,18.7,4,20.3,3,18.9,3,17.2,5,18.9,4,20.7,2,20.3,3,20.6,2,20.6,4,19.2,5,20.4,4
2016-06-02 20:00:00,12.1,6,13.1,6,14.8,5,14.0,5,15.4,7,14.4,4,13.9,5,15.8,5,14.9,7,15.7,6,16.0,6,15.2,6,16.3,6,16.8,7,16.7,5,15.6,6,15.2,7,15.5,7,14.9,6,15.3,7,14.8,6,15.6,6,16.5,6,12.8,6.0,17.7,4,18.7,3,17.2,3,15.8,4,17.8,4,19.7,2,18.7,2,19.6,2,19.1,4,18.7,5,19.4,4
2016-06-02 21:00:00,12.0,6,12.7,6,14.0,5,13.4,5,14.7,6,13.8,4,13.5,5,15.1,5,14.4,6,15.2,7,15.6,6,14.6,6,15.5,6,16.2,7,15.9,5,15.0,6,14.7,7,15.0,7,14.5,6,14.7,7,14.4,6,15.0,6,15.9,6,12.2,6.0,16.9,4,17.5,3,15.7,3,14.6,4,16.8,4,18.8,2,17.5,3,18.7,2,17.6,4,18.3,5,18.8,4
2016-06-02 22:00:00,11.9,6,12.3,6,13.6,5,12.8,5,14.0,6,13.1,4,13.1,5,14.5,5,13.9,6,14.7,6,15.2,6,14.1,6,14.8,6,15.7,7,15.2,5,14.4,6,14.2,7,14.4,6,14.0,6,14.1,6,14.1,6,14.6,6,15.3,6,11.9,5.0,16.2,5,16.5,4,14.4,4,13.7,4,16.0,4,18.2,3,16.6,3,17.9,3,16.4,4,17.9,5,18.2,4
2016-06-02 23:00:00,11.8,6,11.9,6,13.4,5,12.2,6,13.4,6,12.6,5,12.7,5,13.8,6,13.5,6,14.1,6,14.8,6,13.6,6,14.3,6,15.2,7,14.6,5,13.9,6,13.8,6,13.8,6,13.7,7,13.5,6,13.9,6,14.2,6,15.0,6,11.8,5.0,15.7,5,15.6,4,13.3,4,13.3,4,15.4,4,17.6,3,16.0,3,17.3,3,15.4,4,17.4,5,17.8,4
2016-06-03 00:00:00,11.7,6,11.6,6,13.1,5,11.7,6,12.9,6,12.1,5,12.3,6,13.2,6,13.0,6,13.7,6,14.4,6,13.2,6,13.9,6,14.8,6,14.1,5,13.4,6,13.4,6,13.3,6,13.4,7,13.2,6,13.7,6,13.8,6,14.8,6,11.7,5.0,15.4,6,14.9,4,12.5,4,13.1,4,15.0,4,17.2,3,15.4,3,16.8,4,14.7,4,17.0,5,17.4,4
2016-06-03 01:00:00,11.7,6,11.3,6,12.6,6,11.2,6,12.5,5,11.7,5,11.9,6,12.8,6,12.6,6,13.2,5,14.1,6,12.8,6,13.5,6,14.4,6,13.5,6,13.0,6,13.0,6,12.9,6,13.2,7,12.9,6,13.5,6,13.4,6,14.6,6,11.6,5.0,15.2,6,14.4,4,11.9,5,13.0,5,14.9,4,16.7,4,15.0,4,16.5,4,14.1,4,16.7,5,17.0,4
2016-06-03 02:00:00,11.7,7,11.1,6,12.1,6,10.8,7,12.2,5,11.4,6,11.6,6,12.4,6,12.3,6,12.8,5,13.8,5,12.5,6,13.3,5,14.2,6,13.0,6,12.6,6,12.7,6,12.5,6,13.1,7,12.8,6,13.4,6,13.1,6,14.6,6,11.4,5.0,15.0,5,13.9,5,11.6,5,13.0,5,15.0,5,16.4,4,14.7,4,16.4,4,13.8,4,16.6,5,16.7,4
2016-06-03 03:00:00,11.8,7,11.2,7,12.3,6,10.8,7,12.3,6,12.1,6,11.8,6,12.3,6,11.8,7,12.3,7,13.3,7,12.1,7,12.8,5,13.5,7,13.3,6,12.5,6,12.3,6,11.8,6,12.2,7,12.6,7,12.5,7,12.6,6,13.8,6,10.8,5.0,14.2,6,14.0,3,12.1,6,12.7,3,14.3,5,16.1,2,14.8,2,16.0,2,13.2,3,16.4,4,16.4,3
2016-06-03 04:00:00,12.0,7,11.3,7,12.3,6,10.9,7,12.4,6,11.8,6,11.7,6,12.1,6,11.8,7,12.3,7,13.1,7,12.3,7,13.0,5,13.7,7,13.1,6,12.4,6,12.3,6,12.2,6,12.4,6,12.9,7,12.4,6,12.7,6,13.8,6,10.7,6.0,14.3,6,14.1,3,12.2,6,12.8,4,14.2,6,16.1,3,15.3,3,16.3,2,13.6,4,16.7,4,16.4,4
2016-06-03 05:00:00,12.2,7,11.6,7,12.6,6,11.2,7,12.9,6,11.8,6,11.8,7,12.0,6,12.1,7,12.7,7,13.2,7,12.9,7,13.7,6,14.2,7,13.1,6,12.7,6,12.5,6,12.8,6,12.9,6,13.6,6,12.5,6,13.3,7,14.2,7,10.9,6.0,14.7,6,14.9,4,12.9,6,13.1,4,14.3,6,16.5,4,16.4,4,17.1,2,14.7,4,17.3,4,16.7,5
2016-06-03 06:00:00,12.3,7,12.0,7,13.0,6,11.7,7,13.5,6,12.2,7,12.1,7,12.5,6,12.5,7,13.2,7,13.5,7,13.6,7,14.6,6,15.1,7,13.6,6,13.2,6,13.0,6,13.6,6,13.8,6,14.6,6,12.8,6,14.2,7,14.9,6,11.8,6.0,15.4,6,16.2,4,14.2,6,13.8,5,15.0,6,17.6,4,17.9,4,18.3,2,16.3,5,18.1,4,17.5,5
2016-06-03 07:00:00,12.3,7,12.1,7,13.4,6,12.4,7,14.0,6,13.3,7,12.6,7,13.4,7,12.8,7,13.7,7,13.8,7,14.4,7,15.6,7,15.9,7,14.7,6,13.6,7,13.6,6,14.3,7,14.7,6,15.9,6,13.5,6,15.3,7,15.6,6,13.0,6.0,16.2,6,18.5,4,16.1,5,15.0,5,16.3,6,19.1,4,19.7,4,19.8,2,18.5,5,19.1,5,19.0,5
2016-06-03 08:00:00,12.3,7,12.7,7,13.9,7,13.0,7,15.0,7,14.7,7,13.2,7,14.6,6,13.0,7,14.2,7,14.1,7,15.1,7,16.9,7,17.0,7,16.1,6,14.8,7,14.2,7,15.0,7,15.8,7,17.2,6,14.3,7,16.4,6,16.5,5,14.6,5.0,17.6,5,20.4,3,18.3,5,16.6,5,17.9,5,20.7,3,21.4,4,21.5,2,20.8,4,19.9,6,20.7,4
2016-06-03 09:00:00,12.4,7,13.1,7,14.5,7,13.6,7,15.8,7,16.1,7,13.8,7,15.7,6,13.3,7,14.5,7,14.4,7,15.6,7,17.9,7,18.0,7,17.3,7,15.7,7,14.7,7,15.6,7,16.7,7,18.3,6,15.1,7,17.2,6,17.2,5,16.1,5.0,18.8,4,22.0,3,20.2,5,18.0,5,19.3,5,21.8,3,22.9,4,22.9,2,22.8,4,20.5,6,22.2,4
2016-06-03 10:00:00,12.6,7,13.4,7,15.2,7,14.0,7,16.4,7,17.1,6,14.4,7,16.3,6,13.6,7,14.7,7,14.8,7,15.9,7,18.5,6,18.9,6,18.0,6,16.3,7,15.1,7,16.1,7,17.4,7,19.1,6,15.7,7,17.6,5,17.9,4,17.2,4.0,19.9,4,23.1,4,21.6,6,19.1,4,20.2,5,22.2,3,23.9,4,23.9,3,24.2,5,20.6,7,23.2,4
2016-06-03 11:00:00,12.9,7,13.4,7,15.9,7,14.3,7,17.0,7,17.8,5,14.8,7,16.6,6,14.0,7,14.9,7,15.2,7,16.1,7,18.8,6,19.7,5,18.3,6,16.6,7,15.5,7,16.5,7,17.7,6,19.7,6,16.3,7,17.8,5,18.5,4,18.0,5.0,20.8,4,23.9,4,22.5,6,19.9,4,20.8,4,22.2,4,24.5,5,24.5,4,25.1,5,20.4,7,23.6,4
2016-06-03 12:00:00,13.2,7,13.7,7,16.4,7,14.5,7,17.4,7,18.1,4,15.2,6,17.0,7,14.3,7,15.1,7,15.5,7,16.3,7,18.9,6,20.3,5,18.6,6,16.9,7,15.8,7,16.8,7,17.9,6,20.1,6,16.9,7,18.0,5,19.0,4,18.5,5.0,21.4,5,24.4,5,23.1,6,20.5,5,21.3,4,22.1,5,24.9,5,24.9,4,25.5,5,20.2,6,23.7,4
2016-06-03 13:00:00,13.4,7,14.0,7,16.6,7,14.8,7,17.8,7,18.2,5,15.5,6,17.4,7,14.6,7,15.3,7,15.8,7,16.6,7,19.1,6,20.8,5,19.0,6,17.3,7,16.2,6,17.1,6,18.0,6,20.3,6,17.6,7,18.4,5,19.5,4,18.9,5.0,22.0,5,24.7,5,23.6,6,21.1,5,22.1,4,21.9,5,25.2,5,25.1,4,25.6,5,20.1,6,23.5,5
2016-06-03 14:00:00,13.6,7,14.4,7,16.6,7,15.1,7,18.1,6,18.1,5,15.6,6,17.8,7,14.8,7,15.6,7,16.0,7,17.0,7,19.2,6,21.1,6,19.5,7,17.6,7,16.6,6,17.2,6,18.1,6,20.4,7,18.3,7,18.9,6,19.9,4,19.2,5.0,22.4,5,24.9,5,23.8,6,21.5,6,22.9,4,21.8,4,25.4,5,25.1,4,25.4,5,20.1,6,23.1,5
2016-06-03 15:00:00,14.1,7,15.2,7,16.9,7,15.5,7,18.0,7,17.9,2,15.3,4,18.9,6,15.1,7,15.7,7,16.1,7,17.5,7,20.3,5,21.4,7,20.1,5,17.1,7,16.5,7,17.2,6,18.1,6,19.7,7,18.1,6,18.8,6,19.4,4,19.0,7.0,22.5,5,24.6,4,23.3,4,22.8,5,23.9,3,22.8,4,25.1,4,24.5,4,25.3,3,20.6,4,23.1,6
2016-06-03 16:00:00,14.2,6,15.3,6,17.0,7,15.5,7,18.1,7,17.5,2,15.1,4,18.8,5,15.4,7,16.1,7,16.4,7,17.7,6,20.1,6,21.1,6,20.2,5,17.3,6,16.6,6,17.1,6,18.0,6,19.7,7,18.0,5,18.5,5,19.6,4,18.4,7.0,22.6,5,23.9,4,23.0,4,22.9,5,24.1,4,22.2,4,24.4,4,23.6,4,24.7,3,20.7,4,22.6,5
2016-06-03 17:00:00,14.3,6,15.1,6,17.0,6,15.2,6,17.9,7,16.9,2,14.8,4,18.4,4,15.5,6,16.3,6,16.7,6,17.6,6,19.6,6,20.5,5,19.9,4,17.2,6,16.5,6,16.8,6,17.7,6,19.4,6,17.6,5,17.9,5,19.5,3,17.4,6.0,22.4,4,23.0,5,22.2,4,22.6,4,23.7,4,21.4,4,23.4,4,22.5,4,23.9,3,20.6,4,22.1,5
2016-06-03 18:00:00,14.2,5,14.8,5,16.8,6,14.8,6,17.5,6,16.0,2,14.2,4,17.7,3,15.4,6,16.3,6,16.7,6,17.2,6,18.9,6,19.6,5,19.2,3,16.8,6,16.1,6,16.4,6,17.1,6,18.7,6,16.9,4,17.1,5,19.0,3,16.3,6.0,21.8,3,21.8,5,21.1,4,21.7,4,23.0,3,20.6,4,22.1,5,21.4,4,22.8,3,20.4,4,21.4,5
2016-06-03 19:00:00,13.9,6,14.3,6,16.2,7,14.3,6,16.8,6,14.7,2,13.4,3,16.7,3,15.0,6,15.8,6,16.3,6,16.4,6,17.9,6,18.6,5,18.1,3,16.0,6,15.4,6,15.9,5,16.2,6,17.6,6,16.1,3,16.2,5,18.1,2,15.2,5.0,20.6,3,20.6,5,19.6,3,20.1,5,21.9,3,19.9,4,20.6,5,20.5,4,21.5,3,19.9,5,20.7,5
2016-06-03 20:00:00,13.6,6,13.7,6,15.4,7,13.7,6,15.9,7,13.3,2,12.6,3,15.7,3,14.5,6,15.1,6,15.6,6,15.5,6,16.8,6,17.5,6,16.9,2,15.1,6,14.7,6,15.4,5,15.2,6,16.5,6,15.4,3,15.3,5,17.1,2,14.3,5.0,19.2,3,19.4,5,17.9,3,18.2,5,20.5,3,19.3,4,19.2,5,19.8,4,20.0,3,19.3,5,20.0,5
2016-06-03 21:00:00,13.3,6,13.2,6,14.8,7,13.2,5,15.3,6,12.3,3,11.9,3,14.6,3,14.1,6,14.6,6,15.3,6,14.8,7,16.0,5,16.7,6,15.9,3,14.2,6,14.0,6,14.8,5,14.4,6,15.6,6,14.7,3,14.6,5,16.3,2,13.4,5.0,18.0,3,18.4,5,16.5,3,16.9,5,19.3,3,18.7,4,18.1,5,19.1,4,18.8,3,18.7,5,19.3,5
2016-06-03 22:00:00,13.2,6,12.9,6,14.4,7,12.8,5,14.7,6,11.6,3,11.4,4,13.7,3,13.7,6,14.3,6,15.0,6,14.2,6,15.3,5,16.1,6,15.1,3,13.7,6,13.6,6,14.1,5,14.0,6,14.9,6,14.3,4,14.3,5,15.7,2,12.6,5.0,17.0,4,17.4,5,15.3,3,15.9,5,18.2,3,18.3,4,17.3,5,18.4,4,17.6,4,18.2,5,18.8,5
2016-06-03 23:00:00,13.3,6,12.8,6,14.0,6,12.5,5,14.1,6,11.3,4,11.1,4,12.9,4,13.5,6,14.0,6,14.8,6,13.7,6,14.7,5,15.5,6,14.4,4,13.3,6,13.4,6,13.4,5,13.8,6,14.3,6,13.9,4,14.2,5,15.1,3,12.0,5.0,16.2,4,16.5,5,14.4,3,15.0,4,17.2,3,18.0,4,16.7,5,17.8,4,16.6,4,17.7,5,18.3,5
2016-06-04 00:00:00,13.3,7,12.7,6,13.7,6,12.2,5,13.6,6,11.2,4,11.0,5,12.4,4,13.2,6,13.7,6,14.7,6,13.2,6,14.2,5,15.1,6,13.9,4,13.2,6,13.2,6,12.8,5,13.6,6,13.9,6,13.7,5,14.0,5,14.8,4,11.6,5.0,15.8,4,15.7,5,13.5,3,14.3,4,16.4,3,17.6,5,16.1,5,17.3,4,15.8,4,17.3,5,17.9,5
2016-06-04 01:00:00,13.2,7,12.6,6,13.4,6,12.0,6,13.2,6,11.3,5,11.1,5,12.2,5,13.0,6,13.5,6,14.6,5,12.9,6,13.8,5,14.7,6,13.5,5,13.1,6,13.0,6,12.3,5,13.3,6,13.6,6,13.5,5,13.6,5,14.5,4,11.5,5.0,15.5,4,15.0,5,12.9,4,13.9,4,15.8,4,17.2,5,15.6,5,17.1,5,15.2,4,17.1,5,17.6,5
2016-06-04 02:00:00,13.1,7,12.5,6,13.2,6,11.8,6,12.9,6,11.4,6,11.3,6,12.2,5,12.8,5,13.3,6,14.4,5,12.6,6,13.5,5,14.4,6,13.3,6,13.0,6,12.7,6,12.0,5,13.0,7,13.4,6,13.4,5,13.2,6,14.4,5,11.6,5.0,15.4,5,14.5,5,12.4,5,13.6,4,15.4,4,16.9,5,15.3,5,17.0,5,14.8,5,17.0,5,17.5,5
2016-06-04 03:00:00,13.0,7,12.6,7,13.2,7,11.4,6,12.7,6,11.1,2,10.9,6,11.6,6,12.6,7,12.8,7,13.9,7,12.7,6,13.4,6,13.9,6,13.3,6,12.9,6,12.7,6,12.0,6,13.0,5,13.2,6,13.1,6,12.8,6,14.1,6,10.6,4.0,15.5,5,14.4,5,12.4,2,14.0,6,14.7,3,16.4,5,15.6,6,16.4,5,14.1,4,16.7,5,17.5,4
2016-06-04 04:00:00,13.0,7,12.7,7,13.3,7,11.6,6,12.8,6,11.0,2,11.1,6,11.8,6,12.6,7,12.8,7,13.8,7,12.8,6,13.6,6,14.1,6,13.2,6,13.0,6,12.7,6,12.3,6,13.1,6,13.5,6,12.9,5,12.9,6,14.1,6,10.5,4.0,15.4,5,14.6,5,12.5,3,14.1,6,14.7,4,16.5,5,16.1,6,16.8,4,14.3,4,16.9,5,17.6,4
2016-06-04 05:00:00,13.1,7,13.0,7,13.7,7,12.1,6,13.3,6,11.1,2,11.5,6,12.4,6,13.0,6,13.3,7,13.9,6,13.2,6,14.1,6,14.7,6,13.5,6,13.3,6,13.0,6,13.0,7,13.5,6,14.2,7,13.0,5,13.5,6,14.5,6,10.8,4.0,15.6,6,15.4,5,13.2,3,14.5,6,15.0,5,17.1,5,17.1,5,17.6,4,15.1,5,17.5,4,18.1,4
2016-06-04 06:00:00,13.4,7,13.5,7,14.3,7,12.9,6,13.9,7,11.8,2,12.2,6,13.3,6,13.5,6,14.0,6,14.3,6,13.9,6,14.9,7,15.5,6,14.2,5,14.0,6,13.5,6,13.9,6,14.3,6,15.2,7,13.4,5,14.4,6,15.2,7,11.7,4.0,16.1,6,16.7,5,14.4,4,15.2,6,15.7,6,18.3,5,18.5,5,18.7,4,16.5,5,18.2,5,19.0,4
2016-06-04 07:00:00,13.4,7,14.1,7,14.8,7,13.7,6,14.5,7,13.2,2,13.3,6,14.6,6,13.8,7,14.6,6,14.8,7,14.5,7,15.9,7,16.5,7,15.5,5,15.1,6,14.3,6,14.9,6,15.5,6,16.3,6,14.4,5,15.6,6,16.2,6,13.3,4.0,17.1,5,18.5,5,16.2,4,16.2,6,16.9,6,20.0,4,20.0,4,20.1,4,18.5,5,19.1,5,20.2,4
2016-06-04 08:00:00,13.8,7,14.8,7,15.6,7,14.8,7,15.3,7,15.0,2,14.6,6,16.1,5,14.4,7,15.3,7,15.5,7,15.3,7,17.0,7,17.6,7,16.9,5,16.3,6,15.3,6,16.0,6,16.8,6,17.3,5,15.6,6,16.9,6,17.3,6,15.3,4.0,18.3,5,20.4,4,18.3,5,17.3,7,18.4,5,21.7,4,21.6,4,21.5,4,20.7,5,19.9,6,21.4,4
2016-06-04 09:00:00,14.2,7,15.5,7,16.4,7,15.7,7,15.9,7,16.8,2,15.8,6,17.4,5,14.9,7,15.9,7,16.2,7,15.9,7,17.8,7,18.6,7,18.3,6,17.4,6,16.2,6,17.0,6,17.9,6,18.2,4,16.8,6,18.1,5,18.4,5,17.2,3.0,19.5,4,22.1,4,20.1,6,18.1,7,19.8,5,23.0,4,22.9,4,22.7,4,22.5,5,20.4,6,22.4,5
2016-06-04 10:00:00,14.5,7,16.0,7,17.4,7,16.3,7,16.3,7,18.1,1,16.8,6,18.4,5,15.2,7,16.3,7,16.8,7,16.2,6,18.3,6,19.4,6,19.2,6,18.1,6,17.0,6,17.8,6,18.7,5,18.8,4,17.7,6,19.0,5,19.3,4,18.7,4.0,20.4,4,23.4,4,21.3,6,18.5,7,20.9,5,23.5,4,23.9,4,23.5,4,23.6,5,20.5,6,22.9,5
2016-06-04 11:00:00,14.7,7,16.4,7,18.2,7,16.7,7,16.7,7,19.0,1,17.6,5,19.0,5,15.6,7,16.5,7,17.2,7,16.3,6,18.6,6,20.0,6,19.8,6,18.4,6,17.7,6,18.4,6,19.2,5,19.1,5,18.3,5,19.6,5,20.0,4,19.7,5.0,21.1,4,24.3,4,21.9,6,18.7,7,21.6,5,23.4,4,24.5,4,24.1,4,24.0,6,20.2,6,23.1,6
2016-06-04 12:00:00,14.9,7,16.6,7,18.9,7,17.0,7,17.0,7,19.5,2,18.0,4,19.5,5,15.9,7,16.5,7,17.4,7,16.6,6,18.8,6,20.5,5,20.4,6,18.7,6,18.2,6,18.8,6,19.5,5,19.4,6,18.8,5,20.0,5,20.6,4,20.3,6.0,21.6,4,24.9,5,22.4,6,18.9,7,22.2,6,23.1,4,24.9,4,24.4,4,24.1,6,20.0,5,23.0,6
2016-06-04 13:00:00,15.1,7,16.9,7,19.1,7,17.1,7,17.5,7,19.6,2,18.1,4,19.8,5,16.3,7,16.6,7,17.6,7,17.0,6,19.1,6,20.9,6,21.0,6,19.0,6,18.6,6,19.1,7,19.8,5,19.7,6,19.2,5,20.3,5,21.1,4,20.6,6.0,22.0,4,25.4,5,22.8,6,19.2,7,22.7,6,22.9,4,25.1,5,24.6,4,24.1,6,19.9,5,22.8,7
2016-06-04 14:00:00,15.1,7,17.1,7,19.1,7,17.1,7,17.9,6,19.5,2,18.0,4,20.0,5,16.5,7,16.6,7,17.6,7,17.5,7,19.4,6,21.2,6,21.6,6,19.3,6,18.9,6,19.3,7,20.0,5,20.0,6,19.5,6,20.5,6,21.5,5,20.7,6.0,22.3,4,25.6,5,23.1,6,19.5,7,22.9,6,22.8,5,25.1,5,24.6,3,24.1,5,19.9,5,22.6,7
2016-06-04 15:00:00,15.0,7,16.3,7,18.4,7,16.8,7,18.8,7,19.9,2,18.0,3,20.2,6,17.5,6,18.3,6,18.4,6,19.1,6,20.4,6,22.2,7,21.8,5,19.4,6,19.2,7,19.3,6,19.9,5,20.7,6,19.7,6,20.9,6,21.6,5,19.6,6.0,22.8,7,24.7,5,23.0,4,20.3,7,23.1,7,20.6,4,23.6,5,23.3,4,24.7,4,19.4,5,20.5,7
2016-06-04 16:00:00,15.0,7,16.2,7,18.2,7,16.6,7,18.9,6,19.6,2,17.6,3,20.1,6,17.7,5,18.7,5,18.7,4,19.4,5,20.4,6,21.9,6,21.7,5,19.5,6,19.2,6,19.4,6,19.9,5,20.8,5,19.3,6,20.6,6,21.5,5,19.2,6.0,22.5,7,23.9,5,22.9,4,19.8,7,22.5,7,20.0,4,22.9,5,22.7,4,24.4,4,19.5,5,19.9,7
2016-06-04 17:00:00,15.0,7,15.8,7,18.0,7,16.3,6,18.6,6,19.0,2,17.1,4,19.7,5,17.8,3,18.8,3,18.9,3,19.4,4,20.0,6,21.2,6,21.1,5,19.4,6,18.9,6,19.2,6,19.5,5,20.7,4,18.7,6,19.9,6,21.0,6,18.5,6.0,21.9,7,22.7,5,22.4,4,19.1,6,21.4,7,19.3,4,21.9,5,21.9,5,23.9,3,19.6,5,19.3,7
2016-06-04 18:00:00,14.8,7,15.3,6,17.6,7,15.8,6,17.9,6,18.0,2,16.3,4,19.0,5,17.5,2,18.5,3,18.7,2,18.8,4,19.3,6,20.3,5,20.1,4,18.8,6,18.3,6,18.6,6,18.7,5,20.1,3,17.9,6,19.0,6,20.3,6,17.6,6.0,21.0,7,21.4,5,21.5,4,18.1,6,20.3,7,18.7,5,20.8,5,21.0,5,22.9,3,19.5,5,18.8,7
2016-06-04 19:00:00,14.5,7,14.8,6,17.0,6,15.0,6,16.8,5,16.5,2,15.3,4,17.8,4,16.8,3,17.7,3,18.0,3,17.6,4,18.1,5,19.2,5,18.7,4,17.7,6,17.3,6,17.5,6,17.5,5,18.8,3,17.1,5,17.8,6,19.3,6,16.5,6.0,19.9,6,20.1,5,20.1,3,17.0,6,19.3,6,18.3,5,19.5,5,20.1,5,21.5,4,19.3,4,18.3,7
2016-06-04 20:00:00,14.1,7,14.3,6,16.3,6,14.1,6,15.5,5,14.8,2,14.3,4,16.5,4,15.9,3,16.7,3,17.1,3,16.0,4,16.8,5,18.1,4,17.2,4,16.5,6,16.2,6,16.1,6,16.1,4,17.1,3,16.3,5,16.6,5,18.2,6,15.3,6.0,18.7,6,18.8,5,18.4,3,15.9,6,18.4,6,17.9,6,18.3,5,19.2,4,19.8,4,19.0,4,18.0,6
2016-06-04 21:00:00,13.9,7,13.9,6,15.7,6,13.4,6,14.5,6,13.6,2,13.4,4,15.2,4,15.2,3,15.8,3,16.4,4,14.7,4,15.7,5,17.1,4,15.9,4,15.4,6,15.2,6,14.8,6,14.9,4,15.8,3,15.7,5,15.6,5,17.3,5,14.3,6.0,17.7,6,17.5,5,16.8,3,15.2,6,17.6,6,17.5,6,17.5,5,18.6,4,18.2,4,18.5,4,17.8,6
2016-06-04 22:00:00,13.7,7,13.6,6,15.1,6,12.9,6,13.8,6,12.7,2,12.8,5,14.2,4,14.6,4,15.2,4,16.0,5,13.7,4,14.8,5,16.2,4,15.1,4,14.7,6,14.4,6,13.8,5,14.2,5,14.8,3,15.2,5,14.9,5,16.6,5,13.3,6.0,16.9,6,16.4,5,15.3,3,14.6,6,17.0,6,17.1,6,16.9,5,18.2,4,16.9,4,18.1,4,17.6,6
2016-06-04 23:00:00,13.6,7,13.4,6,14.6,6,12.5,6,13.3,6,12.2,2,12.3,5,13.5,4,14.2,4,14.8,4,15.8,5,13.2,5,14.2,5,15.5,5,14.7,5,14.4,6,13.9,6,13.1,5,13.9,5,14.1,4,14.7,5,14.5,5,16.2,5,12.6,6.0,16.3,6,15.4,5,14.1,4,14.2,5,16.5,6,16.7,6,16.3,5,17.8,4,15.8,4,17.7,4,17.5,6
2016-06-05 00:00:00,13.6,7,13.2,6,14.2,6,12.3,6,13.0,6,12.0,2,12.1,5,13.1,4,13.9,4,14.6,4,15.6,5,12.9,5,13.7,5,15.0,5,14.4,5,14.2,6,13.6,6,12.7,5,13.7,5,13.7,4,14.3,5,14.2,5,15.8,6,12.1,6.0,16.0,6,14.7,5,13.1,4,13.9,5,16.1,5,16.5,5,15.9,5,17.6,4,15.1,4,17.5,4,17.4,5
2016-06-05 01:00:00,13.5,7,13.1,6,13.9,6,12.2,6,13.0,6,12.1,3,12.0,6,12.9,5,13.6,4,14.3,4,15.4,5,12.8,6,13.4,5,14.6,5,14.0,5,14.0,6,13.4,6,12.5,5,13.4,5,13.5,5,13.9,5,13.9,5,15.4,6,11.8,5.0,15.7,6,14.2,5,12.6,5,13.7,5,15.8,5,16.5,5,15.7,5,17.4,5,14.8,5,17.4,4,17.4,5
2016-06-05 02:00:00,13.5,7,13.0,6,13.8,6,12.2,6,13.1,5,12.2,4,12.0,6,12.8,5,13.4,5,14.1,5,15.1,5,12.9,6,13.4,5,14.5,6,13.6,6,13.8,6,13.3,6,12.5,5,13.2,5,13.5,5,13.6,5,13.6,5,15.1,6,11.7,5.0,15.6,5,14.0,5,12.3,5,13.6,5,15.7,5,16.5,5,15.6,5,17.4,5,14.9,5,17.5,4,17.5,5
2016-06-05 03:00:00,13.1,7,12.5,7,13.5,6,12.0,7,13.1,5,12.2,2,11.6,4,12.4,5,13.0,7,13.4,7,14.5,7,13.0,6,13.2,6,14.1,7,13.6,2,13.4,4,13.1,5,12.4,6,12.4,5,13.1,7,13.5,5,13.4,6,14.1,6,10.4,5.0,15.3,4,14.6,5,12.0,6,13.7,3,15.5,6,17.1,2,15.7,4,16.5,5,13.9,6,16.5,5,18.0,3
2016-06-05 04:00:00,13.0,7,12.5,7,13.4,6,12.2,7,13.2,6,12.0,2,11.7,4,12.4,5,12.9,7,13.4,7,14.3,7,13.3,6,13.5,7,14.3,7,13.3,2,13.4,5,13.1,5,12.8,6,12.7,6,13.4,7,13.3,5,13.5,6,14.2,6,10.6,5.0,15.3,4,15.0,5,12.4,5,13.7,4,15.3,6,17.2,3,16.2,4,16.9,5,14.3,6,16.8,5,18.2,3
2016-06-05 05:00:00,13.1,7,12.9,7,13.8,6,12.8,7,13.6,6,12.1,2,12.2,4,12.7,6,13.2,7,13.8,7,14.4,7,13.9,6,14.2,7,15.0,6,13.4,2,13.7,6,13.3,6,13.5,6,13.3,6,14.2,7,13.3,5,13.9,6,14.6,6,11.2,5.0,15.5,4,16.0,5,13.4,4,14.0,5,15.4,5,17.6,4,17.3,4,17.7,5,15.2,6,17.3,5,18.6,3
2016-06-05 06:00:00,13.6,7,13.7,7,14.7,7,13.6,7,14.5,6,12.8,2,13.0,4,13.6,6,13.9,7,14.5,6,15.0,7,14.8,7,15.2,7,15.9,6,14.1,2,14.5,6,13.9,6,14.5,6,14.4,7,15.2,7,13.8,5,14.8,7,15.4,7,12.3,6.0,16.2,4,17.4,4,14.9,4,14.8,5,16.0,5,18.7,4,18.7,4,18.9,4,16.7,6,18.1,5,19.5,3
2016-06-05 07:00:00,14.4,7,15.0,7,16.2,7,14.6,7,15.8,7,14.3,2,14.2,4,15.0,6,15.1,7,15.6,6,16.2,7,16.1,7,16.4,6,17.0,7,15.6,2,15.7,6,14.9,6,15.7,6,15.7,7,16.4,7,14.8,5,16.1,6,16.4,7,13.8,6.0,17.4,3,19.3,4,16.7,4,16.0,4,17.2,5,20.4,4,20.5,4,20.3,4,18.7,5,19.1,5,20.7,3
2016-06-05 08:00:00,15.4,7,16.5,7,18.0,7,15.7,7,17.2,6,16.3,2,15.7,4,16.7,7,16.4,7,16.9,7,17.7,7,17.5,7,17.6,6,18.1,7,17.5,3,17.1,5,16.2,6,17.0,6,17.0,7,17.6,7,16.0,5,17.6,6,17.5,7,15.5,5.0,18.8,3,21.3,3,18.6,5,17.4,4,18.6,5,22.4,3,22.3,3,21.8,4,20.9,5,20.0,6,22.1,3
2016-06-05 09:00:00,16.3,7,17.9,7,19.8,6,16.7,7,18.5,6,18.2,2,17.1,4,18.3,7,17.6,7,18.2,7,19.0,7,18.6,7,18.6,6,19.1,7,19.3,3,18.3,5,17.3,6,18.2,6,18.1,6,18.7,6,17.2,5,18.9,5,18.5,6,17.1,5.0,20.2,2,23.0,3,20.2,6,18.6,3,19.9,5,23.9,2,23.9,2,23.1,4,22.6,5,20.6,6,23.2,3
2016-06-05 10:00:00,16.9,7,18.9,6,21.2,6,17.5,7,19.4,6,19.5,3,18.2,5,19.5,7,18.3,7,19.2,7,19.8,7,19.3,6,19.1,6,19.9,6,20.6,4,19.1,5,18.1,6,19.1,6,18.8,6,19.4,6,18.0,4,19.7,5,19.3,6,18.4,5.0,21.2,2,24.2,3,21.4,7,19.4,3,20.7,4,24.6,2,24.9,3,24.1,4,23.6,5,20.7,6,23.9,3
2016-06-05 11:00:00,17.2,6,19.6,6,22.3,6,18.1,7,20.0,6,20.3,3,19.0,5,20.3,6,18.6,7,20.0,7,20.3,7,19.6,6,19.3,6,20.5,5,21.4,4,19.5,6,18.7,5,19.7,6,19.2,6,20.0,6,18.6,4,20.1,5,20.0,6,19.3,6.0,22.0,2,24.9,3,22.2,7,19.9,4,21.2,4,24.6,2,25.5,4,24.7,4,24.0,5,20.4,6,24.3,3
2016-06-05 12:00:00,17.4,6,19.9,6,23.0,6,18.5,7,20.6,6,20.7,4,19.5,5,20.9,6,18.8,7,20.5,7,20.5,7,19.9,6,19.6,6,21.0,5,22.1,4,19.8,6,19.2,5,20.1,6,19.6,6,20.4,7,19.2,4,20.4,5,20.6,5,20.0,6.0,22.6,3,25.4,3,22.8,6,20.4,5,21.8,3,24.4,2,25.9,4,25.2,4,24.1,6,20.1,5,24.4,3
2016-06-05 13:00:00,17.6,6,20.0,6,23.4,6,18.7,7,21.2,6,20.8,4,19.6,6,21.4,6,19.1,7,20.7,7,20.7,7,20.4,6,20.1,6,21.5,5,22.7,4,20.2,7,19.7,5,20.4,6,20.0,6,20.9,7,19.8,4,20.8,5,21.2,5,20.5,6.0,23.2,3,25.8,4,23.3,6,20.9,5,22.6,2,24.3,2,26.3,4,25.5,4,24.1,5,20.0,5,24.4,3
2016-06-05 14:00:00,17.6,6,19.9,6,23.5,6,18.8,7,21.8,6,20.7,3,19.5,6,21.7,6,19.4,7,20.7,6,20.9,6,20.9,6,20.6,6,22.0,6,23.1,4,20.6,6,20.0,5,20.6,6,20.4,6,21.2,7,20.4,4,21.2,5,21.7,5,20.7,6.0,23.7,3,26.0,4,23.6,6,21.5,5,23.5,2,24.2,2,26.5,4,25.7,3,24.1,5,20.0,6,24.2,3
2016-06-05 15:00:00,18.4,6,21.0,6,23.6,5,19.0,5,22.5,6,20.8,4,19.5,6,22.0,5,20.5,6,21.3,6,21.8,6,21.5,5,21.7,5,23.1,6,22.7,3,21.2,5,20.4,5,20.3,6,20.6,5,21.3,7,20.3,4,21.0,5,21.8,4,20.5,6.0,23.4,3,26.3,3,23.9,6,21.8,6,23.9,3,24.0,2,26.4,3,25.5,3,24.6,4,20.1,5,23.8,5
2016-06-05 16:00:00,17.9,5,20.5,5,23.0,5,18.8,4,22.5,5,20.4,4,19.1,6,21.9,5,20.8,5,21.5,5,21.9,4,21.8,4,21.8,5,22.8,6,22.4,3,21.5,4,20.5,5,20.5,5,20.6,5,21.2,7,20.2,3,20.9,5,21.8,4,19.8,6.0,23.6,3,25.8,3,23.7,5,22.1,6,24.1,3,23.6,2,25.9,3,24.8,3,24.2,3,20.1,5,23.6,5
2016-06-05 17:00:00,17.0,5,19.6,4,22.0,5,18.4,4,22.0,3,19.7,3,18.4,6,21.6,5,20.8,3,21.5,3,21.7,3,21.5,3,21.5,5,22.1,5,21.8,3,21.4,3,20.2,4,20.4,5,20.2,4,20.9,7,19.8,3,20.4,5,21.5,3,18.7,6.0,23.4,4,24.8,3,23.1,4,22.1,5,23.8,4,23.0,2,24.9,3,23.8,3,23.5,3,19.9,5,23.3,5
2016-06-05 18:00:00,16.1,4,18.5,4,20.8,5,17.8,4,21.0,2,18.7,3,17.6,6,20.9,5,20.3,2,21.0,2,21.3,2,20.5,2,20.7,4,21.1,4,20.7,4,20.7,3,19.6,3,19.7,4,19.3,4,20.1,6,19.1,2,19.6,4,20.9,2,17.4,5.0,22.8,4,23.6,2,22.1,3,21.4,5,23.1,4,22.2,2,23.5,3,22.7,3,22.5,3,19.7,5,22.8,5
2016-06-05 19:00:00,15.2,4,17.2,4,19.4,4,16.8,4,19.3,2,17.3,4,16.6,6,19.8,4,19.4,2,20.0,2,20.5,2,18.7,2,19.4,3,19.9,3,19.3,4,19.3,3,18.6,2,18.3,3,18.0,4,18.7,6,18.2,2,18.3,4,19.9,2,16.1,5.0,21.6,5,22.2,2,20.6,3,20.0,4,22.0,4,21.3,2,21.9,3,21.7,3,21.1,4,19.4,5,21.9,5
2016-06-05 20:00:00,14.5,5,16.0,5,18.1,4,15.6,5,17.4,2,15.8,4,15.5,6,18.5,4,18.2,2,18.7,2,19.5,2,16.6,2,17.8,3,18.7,4,17.7,4,17.7,3,17.4,2,16.5,2,16.4,4,17.0,5,17.4,2,16.8,3,18.7,2,14.9,4.0,20.0,5,20.8,2,18.9,2,18.2,4,20.8,3,20.3,2,20.4,4,20.8,3,19.6,4,19.1,5,20.9,5
2016-06-05 21:00:00,13.9,5,14.9,5,17.0,4,14.6,5,15.8,2,14.7,5,14.6,6,17.2,4,17.0,2,17.4,2,18.5,2,14.9,2,16.3,3,17.5,4,16.4,4,16.2,3,16.3,2,14.9,3,15.2,4,15.7,5,16.6,2,15.6,3,17.7,2,13.8,4.0,18.6,5,19.6,2,17.3,2,16.7,4,19.5,3,19.5,2,19.1,4,20.0,3,18.1,4,18.6,5,20.1,5
2016-06-05 22:00:00,13.5,5,14.1,5,16.0,4,13.7,5,14.8,2,13.9,5,14.0,6,16.0,4,16.1,2,16.4,2,17.7,2,13.9,3,15.2,3,16.5,4,15.5,4,15.3,4,15.4,2,13.8,3,14.3,4,14.7,5,16.1,2,14.8,4,16.8,2,12.9,4.0,17.7,4,18.5,2,15.9,2,15.8,4,18.3,4,18.9,3,18.2,4,19.2,3,16.8,4,18.1,5,19.5,5
2016-06-05 23:00:00,13.2,5,13.6,5,15.1,5,13.1,5,14.3,3,13.4,5,13.5,6,15.1,4,15.5,3,15.7,3,17.0,3,13.6,4,14.5,3,15.7,5,15.0,5,14.9,4,14.7,2,13.3,3,13.8,4,14.0,5,15.7,3,14.4,4,16.2,3,12.3,4.0,17.1,4,17.6,2,14.8,2,15.3,4,17.4,4,18.4,3,17.4,3,18.6,3,15.8,4,17.7,5,19.1,5
2016-06-06 00:00:00,13.0,6,13.4,6,14.5,5,12.8,5,14.1,3,13.2,5,13.2,6,14.6,5,15.1,3,15.3,3,16.6,3,13.6,4,14.2,4,15.2,5,14.8,5,14.8,4,14.3,3,13.1,4,13.6,5,13.6,5,15.3,3,14.3,4,15.7,3,11.9,4.0,16.7,4,16.7,1,13.9,1,15.1,4,16.7,4,18.1,3,16.8,3,18.2,3,15.2,5,17.4,5,18.8,5
2016-06-06 01:00:00,13.0,6,13.4,6,14.2,5,12.7,5,14.1,4,13.2,6,13.0,6,14.3,5,14.8,4,15.0,4,16.3,4,13.7,5,14.1,4,15.0,5,14.7,6,14.7,5,14.1,4,13.1,4,13.5,5,13.5,5,14.8,4,14.3,5,15.5,4,11.7,4.0,16.4,5,16.0,1,13.3,1,14.9,4,16.4,4,17.8,3,16.4,3,17.9,3,14.9,5,17.3,5,18.6,4
2016-06-06 02:00:00,13.2,6,13.5,6,14.0,6,12.8,5,14.1,4,13.1,6,12.8,6,14.2,5,14.6,4,14.9,4,16.2,4,13.8,6,14.2,5,15.1,6,14.6,6,14.6,5,13.9,5,13.3,5,13.6,5,13.6,6,14.4,4,14.3,5,15.4,5,11.6,4.0,16.1,5,15.5,1,13.0,1,14.8,5,16.2,5,17.7,4,16.2,2,17.8,3,15.1,5,17.5,5,18.5,4
2016-06-06 03:00:00,13.1,5,13.3,2,14.1,2,12.7,6,13.4,3,13.0,5,12.7,6,14.0,5,14.7,6,14.7,6,15.8,6,13.1,4,13.6,5,14.3,5,14.5,5,14.3,5,13.3,4,12.9,5,12.5,4,13.1,6,14.4,3,12.9,3,14.1,6,10.5,3.0,16.3,2,15.3,1,12.5,2,14.6,5,15.2,2,17.4,2,16.2,1,17.3,2,13.3,5,16.4,4,18.0,3
2016-06-06 04:00:00,13.0,5,13.3,2,14.2,3,12.8,7,13.7,4,12.7,6,12.6,6,14.0,5,14.7,6,14.7,6,15.6,6,13.4,4,13.8,5,14.6,5,14.5,5,14.3,6,13.3,4,13.0,5,12.8,5,13.3,6,14.2,3,13.2,4,14.1,6,10.6,2.0,16.2,3,15.4,2,12.6,2,14.5,5,15.2,2,17.4,2,16.7,2,17.6,2,13.7,5,16.9,4,18.2,4
2016-06-06 05:00:00,13.2,5,13.6,2,14.6,4,13.2,7,14.5,5,12.7,6,12.9,6,14.4,6,15.0,6,15.1,6,15.8,6,14.1,5,14.4,6,15.5,5,14.9,5,14.7,6,13.6,5,13.5,6,13.5,6,14.0,6,14.3,3,14.0,4,14.6,6,11.1,3.0,16.4,3,16.1,3,13.1,2,14.9,5,15.5,2,17.8,2,17.6,2,18.2,3,14.6,5,17.6,4,18.8,4
2016-06-06 06:00:00,13.8,5,14.4,3,15.6,5,14.2,7,15.7,5,13.3,6,13.6,6,15.2,6,15.8,6,16.0,6,16.5,6,15.3,5,15.5,6,16.7,5,15.8,5,15.6,6,14.4,5,14.5,6,14.7,6,15.2,6,14.9,3,15.1,5,15.5,6,12.3,3.0,17.2,3,17.4,3,14.4,2,16.1,4,16.5,2,18.7,3,19.0,2,19.2,3,16.2,5,18.5,4,19.7,4
2016-06-06 07:00:00,14.9,5,15.9,3,17.1,5,15.8,6,17.3,5,14.8,5,15.0,6,16.7,6,17.1,6,17.5,6,18.0,6,17.0,5,17.2,6,18.1,6,17.4,5,17.1,5,15.8,5,16.1,6,16.3,5,17.0,5,16.2,3,16.6,5,16.8,5,14.2,3.0,18.9,3,19.3,3,16.3,2,18.2,4,18.2,2,20.2,3,20.7,3,20.5,4,18.4,5,19.4,5,20.8,4
2016-06-06 08:00:00,16.2,5,17.7,4,18.9,5,17.6,6,19.1,4,16.6,4,16.7,6,18.5,6,18.5,6,19.1,6,19.7,6,18.9,4,19.2,5,19.7,6,19.3,5,18.9,5,17.6,5,18.0,5,18.1,4,19.0,4,17.8,3,18.3,4,18.2,5,16.4,4.0,21.0,2,21.5,3,18.6,3,20.7,4,20.3,2,21.9,4,22.4,3,22.0,4,20.8,5,20.1,5,21.9,4
2016-06-06 09:00:00,17.4,5,19.4,5,20.7,5,19.2,6,20.8,4,18.3,3,18.3,5,20.3,5,19.8,5,20.7,5,21.3,5,20.5,4,21.0,4,21.2,5,21.1,5,20.5,4,19.2,4,19.7,4,19.8,3,20.8,3,19.3,3,19.8,4,19.6,4,18.6,4.0,23.0,2,23.4,3,20.6,3,22.8,4,22.2,2,23.2,5,23.9,4,23.3,4,22.8,5,20.6,5,22.8,4
2016-06-06 10:00:00,18.2,5,20.7,5,22.2,4,20.2,5,22.2,3,19.3,3,19.4,5,21.7,5,20.7,5,21.8,4,22.3,5,21.6,4,22.2,4,22.5,5,22.4,5,21.6,4,20.4,4,21.0,3,21.1,2,22.1,3,20.4,3,21.0,4,20.7,3,20.3,5.0,24.5,1,24.6,3,22.0,4,24.0,4,23.5,2,23.6,5,25.0,4,24.2,4,24.1,5,20.8,5,23.4,4
2016-06-06 11:00:00,18.6,5,21.5,5,23.3,4,20.8,5,23.2,3,19.7,3,20.1,5,22.6,5,21.2,4,22.6,4,22.8,4,22.3,4,22.9,4,23.7,4,23.3,5,22.3,5,21.3,5,21.8,3,22.0,2,22.9,3,21.1,3,21.8,4,21.7,3,21.5,5.0,25.5,2,25.3,4,22.9,4,24.5,5,24.3,2,23.5,5,25.7,5,24.8,4,24.7,5,20.8,5,23.7,5
2016-06-06 12:00:00,18.9,5,22.1,5,24.1,4,20.9,5,24.0,3,19.8,4,20.4,5,23.1,5,21.7,4,23.1,4,23.2,4,22.8,4,23.4,4,24.6,4,23.9,5,22.7,5,22.0,5,22.4,3,22.6,2,23.5,4,21.7,3,22.5,4,22.5,3,22.3,6.0,26.2,2,25.9,4,23.6,5,24.7,5,25.0,1,23.2,5,26.1,5,25.2,4,25.0,5,20.7,5,23.8,5
2016-06-06 13:00:00,19.1,5,22.4,5,24.5,4,20.8,6,24.6,3,19.8,4,20.4,6,23.3,5,22.2,4,23.4,4,23.5,4,23.3,4,23.8,4,25.3,4,24.2,5,23.1,6,22.6,5,22.8,3,23.0,3,23.9,5,22.3,3,23.1,4,23.2,3,22.7,6.0,26.7,2,26.5,4,24.2,5,25.0,5,25.9,1,23.0,5,26.4,5,25.4,4,25.1,4,20.7,4,23.6,5
2016-06-06 14:00:00,19.2,5,22.5,5,24.6,5,20.5,6,24.9,3,19.8,5,20.2,6,23.1,5,22.7,5,23.5,5,23.8,5,23.7,3,24.2,4,25.6,5,24.2,4,23.3,5,23.0,5,23.1,4,23.3,4,24.2,6,22.8,3,23.5,4,23.8,3,22.8,6.0,27.0,2,26.9,4,24.6,4,25.4,5,26.7,1,22.9,4,26.4,5,25.3,4,25.1,4,20.8,4,23.3,5
2016-06-06 15:00:00,19.2,7,21.8,7,23.5,5,20.0,7,24.5,6,19.8,6,19.7,6,22.4,6,22.3,5,22.7,6,23.4,6,23.6,5,23.7,4,25.1,4,23.3,6,22.9,7,22.7,6,22.8,6,23.1,4,23.9,3,22.4,4,23.6,7,24.2,4,22.8,6.0,25.9,6,27.0,5,25.2,4,24.6,6,27.0,2,22.2,5,25.6,4,24.3,4,25.5,4,20.6,5,22.7,5
2016-06-06 16:00:00,18.9,6,21.2,6,22.9,5,19.4,7,24.3,6,19.3,6,18.9,7,21.9,6,22.2,6,22.6,6,23.1,6,23.5,4,23.5,4,24.7,4,22.5,6,22.7,6,22.6,6,22.6,6,23.0,4,23.6,3,22.3,4,23.3,6,24.3,4,22.0,5.0,25.5,6,26.3,4,24.6,4,23.9,6,26.9,3,21.6,5,24.9,4,23.7,4,25.1,3,20.7,5,22.1,5
2016-06-06 17:00:00,18.3,6,20.4,6,22.0,5,18.7,7,23.7,5,18.6,6,17.9,7,21.3,6,21.7,6,22.2,6,22.6,6,22.9,4,23.0,3,23.9,3,21.4,5,22.3,6,22.3,6,22.1,5,22.5,4,22.9,3,21.9,4,22.7,5,24.0,4,20.7,5.0,24.8,5,25.1,3,23.5,3,22.7,6,26.2,3,20.8,4,23.8,4,23.0,3,24.5,3,20.6,6,21.5,5
2016-06-06 18:00:00,17.6,6,19.4,6,21.0,5,17.9,6,22.5,4,17.7,6,16.9,6,20.4,6,20.9,6,21.5,6,21.9,6,21.8,4,22.0,2,22.8,3,20.1,4,21.4,5,21.5,5,21.2,5,21.6,4,21.8,3,21.2,4,21.7,4,23.3,5,19.3,4.0,23.6,5,23.6,2,22.1,2,21.3,6,25.2,3,20.1,4,22.5,3,22.2,3,23.5,3,20.5,6,20.9,5
2016-06-06 19:00:00,16.8,6,18.3,6,19.9,4,17.0,6,20.6,4,16.5,6,16.0,6,19.3,5,19.9,5,20.4,5,21.0,5,20.1,4,20.5,2,21.5,2,18.9,4,20.1,5,20.3,5,19.8,5,20.1,4,20.2,2,20.2,3,20.4,3,22.2,5,17.9,4.0,22.1,5,22.0,2,20.5,2,19.8,6,23.8,4,19.6,4,21.0,3,21.3,3,22.2,3,20.2,6,20.2,5
2016-06-06 20:00:00,16.1,6,17.1,6,18.8,4,16.1,6,18.6,4,15.3,6,15.3,6,18.1,5,18.9,5,19.2,5,20.0,5,18.3,4,18.8,3,20.0,2,17.8,3,18.6,5,19.0,5,18.1,5,18.4,4,18.5,2,19.1,3,19.0,3,20.9,5,16.7,3.0,20.4,5,20.5,2,18.8,2,18.4,6,22.3,4,19.3,4,19.6,3,20.3,3,20.7,4,19.8,5,19.7,5
2016-06-06 21:00:00,15.6,6,16.2,6,18.1,4,15.6,6,17.0,4,14.3,6,14.6,5,17.1,5,18.2,5,18.6,5,19.3,5,16.9,5,17.5,3,19.2,2,16.8,3,17.6,5,17.8,4,16.9,5,17.1,4,17.2,2,18.2,3,17.9,3,19.9,5,15.5,4.0,19.1,5,19.1,3,17.3,2,17.3,6,21.1,4,19.1,4,18.4,3,19.5,3,19.1,4,19.3,5,19.3,5
2016-06-06 22:00:00,15.2,6,15.5,6,17.5,5,15.0,6,15.9,4,13.6,6,14.0,5,16.1,5,17.6,5,18.0,5,18.6,5,15.8,5,16.3,3,18.4,3,16.1,3,16.7,4,16.8,4,15.9,5,16.1,4,16.1,3,17.4,3,17.0,3,19.0,5,14.5,4.0,18.1,5,18.0,3,16.0,3,16.6,6,20.0,5,18.8,4,17.5,3,18.9,4,17.7,4,18.8,5,18.9,5
2016-06-06 23:00:00,14.9,6,15.0,6,17.0,5,14.5,6,15.2,4,13.2,6,13.5,5,15.3,5,17.1,5,17.4,5,18.0,5,15.2,5,15.5,3,17.7,3,15.4,3,16.1,4,16.0,4,15.1,4,15.5,5,15.3,3,16.7,3,16.3,3,18.2,5,13.7,4.0,17.4,5,17.0,3,15.0,3,16.1,6,19.2,5,18.5,4,16.8,4,18.4,4,16.6,4,18.3,5,18.7,5
2016-06-07 00:00:00,14.7,7,14.6,6,16.6,5,14.1,6,14.8,4,13.1,6,13.2,5,14.6,5,16.6,5,16.9,5,17.5,5,14.8,6,15.0,3,17.1,4,14.9,4,15.6,4,15.4,4,14.6,4,15.1,5,14.9,4,16.2,3,15.8,3,17.6,5,13.3,4.0,17.0,5,16.1,4,14.2,4,15.7,6,18.5,5,18.3,4,16.2,4,18.1,4,16.0,4,18.0,5,18.6,5
2016-06-07 01:00:00,14.6,7,14.5,6,16.2,5,13.9,6,14.7,4,13.1,6,12.9,5,14.1,5,16.2,5,16.5,5,17.1,5,14.7,6,14.8,4,16.7,5,14.5,4,15.3,4,15.0,4,14.4,4,14.8,5,14.7,5,15.7,4,15.5,4,17.1,5,13.0,4.0,16.7,5,15.4,4,13.6,4,15.4,5,18.0,5,18.0,5,15.7,4,18.0,4,15.8,4,17.8,5,18.5,5
2016-06-07 02:00:00,14.6,7,14.6,6,16.0,6,13.7,6,14.8,5,13.2,6,12.8,6,13.8,5,15.9,5,16.2,5,16.9,5,14.7,6,14.8,4,16.4,5,14.3,5,15.1,5,14.9,5,14.4,5,14.7,5,14.8,5,15.3,5,15.3,4,16.8,5,13.0,4.0,16.6,5,14.9,5,13.3,5,15.2,5,17.5,5,17.9,5,15.5,4,18.1,5,15.9,5,17.9,5,18.6,5
2016-06-07 03:00:00,14.4,5,14.4,6,15.3,6,13.5,6,14.8,5,12.6,5,12.9,6,14.4,6,15.3,6,15.7,6,16.7,6,14.5,5,14.5,6,15.6,6,14.6,5,15.4,6,14.9,6,14.4,6,14.5,4,14.7,5,15.7,5,15.1,5,16.2,5,11.9,5.0,16.6,6,14.5,5,12.3,2,15.3,6,16.9,7,17.4,5,15.3,6,17.4,6,14.6,5,17.3,4,18.4,5
2016-06-07 04:00:00,14.3,6,14.4,6,15.5,6,13.6,6,15.2,5,12.4,5,12.8,6,14.2,6,15.5,6,15.8,6,16.5,6,14.8,6,15.0,6,16.0,6,14.4,4,15.3,6,14.9,6,14.8,6,14.7,4,15.2,5,15.5,5,15.4,6,16.3,5,12.2,5.0,16.5,6,14.8,5,12.6,3,15.2,6,16.7,7,17.3,5,15.8,6,17.7,5,15.1,5,17.8,4,18.3,5
2016-06-07 05:00:00,14.5,6,14.7,7,15.9,6,13.9,7,16.0,5,12.4,5,13.0,5,14.4,6,15.9,6,16.2,6,16.7,6,15.4,6,15.8,6,16.9,6,14.6,5,15.4,6,15.3,6,15.4,6,15.4,4,16.1,6,15.6,4,16.1,6,16.8,5,12.8,6.0,16.7,6,15.6,5,13.6,3,15.6,6,16.9,7,17.7,5,16.9,6,18.3,5,16.1,5,18.5,4,18.5,5
2016-06-07 06:00:00,14.7,7,15.2,7,16.5,7,14.5,7,16.9,5,13.0,5,13.5,5,15.1,6,16.5,6,16.9,6,17.1,6,16.3,6,17.0,6,18.0,6,15.4,5,16.1,6,16.0,6,16.4,6,16.4,4,17.3,6,16.1,4,17.1,5,17.6,5,14.0,6.0,17.4,5,17.1,4,15.2,4,16.4,6,17.5,7,18.7,5,18.6,5,19.3,5,17.8,5,19.4,4,19.4,5
2016-06-07 07:00:00,15.0,7,16.1,7,17.3,7,15.4,7,17.9,6,14.4,4,14.5,5,16.5,6,17.1,6,17.8,6,17.8,6,17.5,6,18.3,6,19.1,6,16.9,5,17.4,5,17.2,5,17.6,6,17.6,5,18.5,5,17.0,4,18.4,5,18.6,5,15.6,5.0,18.7,5,19.1,4,17.5,4,17.8,5,18.6,7,20.5,5,20.7,5,20.7,5,20.0,5,20.2,5,21.1,5
2016-06-07 08:00:00,15.2,7,17.0,7,18.1,7,16.5,6,19.0,6,16.1,4,15.7,5,18.3,6,17.7,6,18.8,6,18.7,6,18.8,6,19.6,7,20.2,6,18.8,5,19.0,5,18.5,5,18.9,5,18.8,5,19.6,4,18.2,4,19.7,4,19.7,4,17.3,5.0,20.3,5,21.5,3,19.9,5,19.3,5,19.9,7,22.5,5,22.8,4,22.3,5,22.3,4,20.8,6,23.1,6
2016-06-07 09:00:00,15.4,7,17.8,7,18.9,7,17.5,6,19.9,7,17.7,4,16.9,6,19.8,6,18.2,6,19.5,6,19.4,6,19.8,6,20.5,7,21.1,6,20.4,5,20.4,5,19.7,5,20.1,5,19.9,5,20.5,4,19.3,4,20.9,4,20.7,4,18.9,4.0,21.8,5,23.6,3,22.0,5,20.7,5,21.1,7,24.0,6,24.6,4,23.8,5,24.3,4,21.1,6,24.9,6
2016-06-07 10:00:00,15.5,7,18.2,7,19.6,7,18.3,6,20.7,6,18.7,5,17.8,6,20.7,5,18.5,6,19.9,6,19.9,6,20.5,6,21.0,6,21.9,5,21.5,5,21.2,5,20.5,5,21.0,5,20.7,6,21.1,4,20.2,4,21.7,4,21.5,4,20.1,4.0,22.9,5,25.3,3,23.3,6,21.6,5,22.0,7,24.5,5,25.8,4,25.0,4,25.6,4,21.1,6,25.9,5
2016-06-07 11:00:00,15.5,7,18.3,7,20.2,7,19.0,6,21.3,6,19.2,5,18.4,6,21.1,4,18.6,6,20.0,6,20.1,6,20.8,6,21.1,6,22.5,5,22.1,5,21.7,5,21.1,5,21.6,5,21.2,6,21.5,4,21.0,4,22.2,4,22.1,5,21.0,4.0,23.8,5,26.4,3,23.9,6,22.2,5,22.7,7,24.2,5,26.5,4,25.9,3,26.2,5,20.8,6,26.2,5
2016-06-07 12:00:00,15.5,7,18.3,7,20.6,7,19.3,6,21.8,6,19.5,5,18.7,6,21.3,4,18.8,6,20.1,6,20.3,6,21.1,6,21.2,6,23.0,4,22.5,4,22.0,5,21.5,5,22.0,5,21.5,6,21.8,5,21.5,4,22.6,5,22.6,5,21.5,4.0,24.4,5,27.1,3,24.2,6,22.7,5,23.5,6,23.8,5,26.9,4,26.5,2,26.4,5,20.6,6,26.2,5
2016-06-07 13:00:00,15.5,7,18.2,7,20.8,7,19.4,6,22.2,6,19.7,5,18.7,6,21.6,4,19.1,6,20.3,6,20.5,6,21.4,6,21.4,6,23.5,5,23.0,4,22.4,5,21.9,5,22.4,5,21.7,6,22.1,6,21.9,4,22.9,5,23.0,5,21.8,5.0,25.0,5,27.4,3,24.4,5,23.3,6,24.4,6,23.6,5,27.1,4,26.9,2,26.3,4,20.6,6,26.0,5
2016-06-07 14:00:00,15.5,7,18.1,7,20.7,7,19.2,6,22.3,6,19.7,5,18.4,6,21.9,5,19.5,6,20.5,6,20.7,6,21.5,6,21.6,7,23.7,6,23.3,4,22.7,5,22.3,5,22.6,5,21.7,6,22.2,6,22.1,4,23.1,6,23.2,5,21.8,6.0,25.5,5,27.4,3,24.5,5,23.8,6,25.4,5,23.7,5,27.2,4,27.1,2,26.1,3,20.6,6,25.9,6
2016-06-07 15:00:00,15.6,7,18.1,7,21.0,7,18.9,6,22.5,7,19.4,4,18.3,5,21.6,5,19.7,7,20.3,7,20.5,7,21.3,6,22.8,5,24.8,6,22.7,3,22.2,6,21.6,6,21.7,5,21.9,6,22.9,7,21.3,4,22.3,3,22.9,5,21.2,6.0,24.8,4,27.1,2,24.8,6,24.2,5,25.7,4,25.4,2,27.0,2,27.4,1,25.5,4,21.0,5,26.1,4
2016-06-07 16:00:00,15.5,6,17.6,6,20.5,6,18.6,6,22.0,6,19.0,3,17.7,4,21.3,5,19.7,6,20.2,6,20.4,6,20.9,6,22.5,5,24.2,6,22.4,3,22.2,6,21.4,5,21.6,5,21.5,5,22.5,7,21.1,4,21.9,3,22.6,5,20.5,6.0,24.9,4,26.5,2,24.5,5,24.5,5,25.9,3,25.3,2,26.7,2,26.9,1,25.4,3,20.9,5,26.0,3
2016-06-07 17:00:00,15.3,6,16.9,6,19.8,6,18.0,5,21.2,6,18.4,3,16.9,3,20.7,4,19.4,5,20.1,6,20.2,6,20.2,5,22.0,6,23.3,6,21.8,3,21.7,6,21.0,5,21.1,5,20.9,5,22.0,7,20.7,3,21.2,4,22.1,4,19.5,6.0,24.7,4,25.8,2,23.7,4,24.5,4,25.7,2,24.8,2,26.0,2,26.1,2,25.1,3,20.7,5,25.7,3
2016-06-07 18:00:00,15.0,6,16.1,5,19.0,6,17.2,5,20.2,6,17.4,2,16.0,3,19.7,4,18.8,5,19.6,5,19.7,5,19.3,5,21.2,6,22.2,5,20.8,3,20.9,5,20.2,5,20.3,4,20.0,4,21.1,6,20.0,2,20.3,4,21.3,4,18.3,5.0,24.0,4,24.8,2,22.6,3,23.8,4,25.0,2,24.1,2,24.9,2,25.1,2,24.4,3,20.5,5,25.2,2
2016-06-07 19:00:00,14.6,6,15.4,5,18.1,6,16.1,5,19.0,6,16.2,2,15.1,3,18.4,4,18.0,4,18.8,4,19.0,4,18.4,5,20.0,6,21.0,5,19.5,3,19.7,5,19.2,4,19.0,3,18.8,4,19.9,6,19.1,2,19.2,3,20.2,3,17.0,5.0,22.7,4,23.6,2,21.2,3,22.3,4,23.9,2,23.2,2,23.5,2,24.0,1,23.1,3,20.3,5,24.3,2
2016-06-07 20:00:00,14.1,6,14.8,6,17.1,6,15.0,5,17.7,6,14.8,2,14.2,3,16.9,4,17.1,3,17.9,3,18.2,4,17.5,5,18.8,6,19.9,5,18.0,3,18.3,5,18.0,4,17.5,3,17.7,4,18.7,6,18.1,2,18.0,3,19.1,3,15.8,4.0,21.1,4,22.4,1,19.7,2,20.3,3,22.5,2,22.3,2,22.0,2,23.0,1,21.5,3,20.0,5,23.2,3
2016-06-07 21:00:00,14.0,6,14.5,6,16.5,6,14.2,5,17.1,6,13.8,2,13.5,4,15.8,4,16.6,4,17.4,3,17.8,4,16.9,5,18.0,6,18.9,5,16.9,3,17.1,4,17.1,3,16.5,3,16.8,4,17.9,6,17.3,2,17.3,3,18.5,3,14.7,4.0,19.7,4,21.1,1,18.3,2,18.6,3,21.1,3,21.5,2,20.8,2,22.0,1,20.1,3,19.6,5,22.3,3
2016-06-07 22:00:00,13.9,6,14.2,6,16.1,6,13.6,6,16.5,5,13.1,3,12.9,4,14.8,4,16.2,4,16.9,4,17.4,4,16.3,5,17.3,6,18.0,5,16.0,3,16.2,4,16.3,3,15.6,3,16.0,5,17.1,6,16.6,3,16.7,3,18.0,3,13.9,4.0,18.6,4,20.0,1,17.1,2,17.5,3,19.9,3,20.9,2,19.8,2,21.2,1,18.7,3,19.2,5,21.5,3
2016-06-07 23:00:00,13.8,6,14.0,6,15.6,6,13.2,6,16.0,5,12.6,4,12.5,4,14.0,4,15.8,4,16.4,4,17.0,4,15.9,5,16.7,6,17.2,6,15.4,4,15.5,4,15.7,3,14.8,4,15.4,5,16.4,6,16.0,3,16.1,4,17.5,4,13.3,5.0,17.9,4,18.9,2,15.9,2,17.0,3,18.9,3,20.3,2,19.0,2,20.4,1,17.6,3,18.8,5,20.9,3
2016-06-08 00:00:00,13.8,6,13.9,6,15.3,6,13.0,6,15.5,5,12.4,5,12.2,5,13.4,5,15.4,4,16.0,4,16.7,5,15.5,6,16.1,6,16.5,6,14.9,5,15.0,4,15.2,4,14.3,4,14.9,5,15.9,6,15.5,4,15.7,4,17.1,4,12.9,5.0,17.4,4,18.0,2,15.0,1,16.7,3,18.2,3,19.8,2,18.3,3,19.8,2,16.7,3,18.5,5,20.4,4
2016-06-08 01:00:00,13.8,6,13.9,6,15.1,6,13.0,6,15.3,5,12.4,6,12.2,5,13.0,5,15.1,5,15.7,4,16.4,5,15.2,6,15.7,5,15.9,6,14.5,5,14.6,4,14.8,4,14.0,4,14.5,6,15.4,6,15.1,4,15.4,5,16.7,5,12.6,5.0,17.0,4,17.2,3,14.3,1,16.4,3,17.8,3,19.4,3,17.8,3,19.3,2,16.2,3,18.3,5,20.1,4
2016-06-08 02:00:00,13.9,5,13.9,6,15.0,6,12.9,6,15.1,5,12.6,6,12.3,5,12.9,5,14.9,5,15.5,5,16.2,5,15.0,6,15.4,5,15.6,6,14.2,6,14.5,5,14.6,5,14.0,5,14.4,6,15.1,6,14.7,4,15.2,5,16.5,5,12.5,5.0,16.7,5,16.7,4,13.9,1,16.1,2,17.5,3,19.0,3,17.5,3,19.1,2,16.1,4,18.3,5,19.8,3
2016-06-08 03:00:00,13.2,7,13.0,6,13.8,7,12.7,7,14.1,7,12.3,6,12.1,5,12.8,5,14.6,6,15.2,6,15.5,6,14.5,6,15.3,7,16.3,7,14.3,4,14.6,4,14.5,4,14.4,5,14.8,5,15.0,7,14.9,4,15.1,5,16.2,5,12.0,4.0,16.3,3,17.0,3,13.8,2,15.7,3,16.9,2,19.0,3,17.8,2,19.2,3,15.2,3,17.9,4,20.0,3
2016-06-08 04:00:00,13.1,7,13.1,6,13.7,7,12.7,7,14.2,7,12.1,5,12.1,5,12.8,5,14.5,6,15.2,6,15.3,6,14.7,6,15.4,7,16.5,7,14.1,4,14.5,5,14.5,5,14.8,5,15.0,5,15.3,7,14.6,4,15.1,5,16.2,5,12.3,5.0,16.3,4,17.2,3,14.0,2,15.6,4,16.7,3,19.0,2,18.3,2,19.5,3,15.8,3,18.4,4,20.1,3
2016-06-08 05:00:00,13.1,7,13.4,7,13.9,7,13.1,7,14.7,7,12.2,5,12.4,5,13.1,5,14.7,6,15.5,6,15.3,6,15.2,6,15.7,6,17.0,7,14.2,5,14.7,4,14.7,5,15.5,6,15.6,5,15.9,7,14.6,4,15.4,5,16.6,6,12.9,5.0,16.6,5,18.0,3,14.7,2,15.9,5,17.0,3,19.4,2,19.3,2,20.1,3,16.9,3,19.2,3,20.5,4
2016-06-08 06:00:00,13.4,7,14.1,7,14.5,7,13.8,7,15.5,7,12.9,4,13.1,5,14.1,5,15.2,6,16.1,6,15.7,6,16.0,6,16.4,6,17.8,7,15.1,5,15.4,4,15.3,6,16.3,6,16.4,5,16.9,7,15.1,4,16.2,5,17.2,6,13.9,6.0,17.5,5,19.3,3,16.1,2,16.8,6,17.8,3,20.5,2,20.7,3,21.1,3,18.7,3,20.1,4,21.5,4
2016-06-08 07:00:00,14.0,7,15.1,6,15.4,7,14.9,6,16.6,7,14.6,4,14.3,5,15.8,5,15.9,6,16.8,6,16.6,6,17.0,6,17.4,7,18.7,7,16.8,5,16.6,4,16.3,5,17.3,6,17.4,5,18.0,7,16.2,5,17.5,5,18.1,6,15.3,6.0,19.0,4,21.2,3,18.0,2,18.6,6,19.3,3,22.2,2,22.4,4,22.4,2,21.0,3,20.8,5,23.0,4
2016-06-08 08:00:00,14.8,6,16.3,6,16.6,7,16.2,6,17.7,7,16.8,5,15.9,5,17.8,5,16.7,6,17.6,5,17.6,5,18.0,7,18.4,7,19.7,7,18.9,5,18.1,3,17.5,5,18.3,6,18.4,6,19.0,7,17.6,5,18.9,5,19.1,6,16.8,6.0,20.9,3,23.3,3,20.2,3,20.7,5,21.2,2,24.2,3,24.2,4,23.9,2,23.3,4,21.3,5,24.6,3
2016-06-08 09:00:00,15.5,6,17.5,6,17.7,6,17.4,7,18.6,7,18.7,5,17.3,5,19.6,5,17.4,5,18.3,5,18.5,5,18.7,7,19.2,7,20.5,7,20.8,4,19.5,3,18.6,5,19.2,5,19.2,6,19.8,7,18.9,5,20.2,5,20.0,5,18.3,6.0,22.6,3,25.1,4,22.0,3,22.6,5,22.9,2,25.6,3,25.8,5,25.2,3,25.3,4,21.5,6,26.1,3
2016-06-08 10:00:00,16.0,4,18.5,5,18.6,6,18.3,7,19.2,7,19.9,5,18.4,5,20.9,5,17.7,5,18.9,5,18.9,5,19.1,7,19.7,7,21.1,7,22.1,4,20.4,4,19.4,5,20.0,5,19.8,5,20.3,6,19.9,4,21.0,4,20.8,5,19.4,6.0,23.9,2,26.4,4,23.2,4,23.7,5,24.0,2,26.1,4,27.0,5,26.2,3,26.5,4,21.5,6,27.0,3
2016-06-08 11:00:00,16.3,3,19.2,4,19.3,5,19.0,7,19.5,7,20.4,5,19.1,5,21.6,4,17.9,5,19.3,6,19.1,6,19.2,7,19.9,7,21.6,7,22.9,5,21.0,4,19.9,5,20.5,5,20.1,5,20.5,6,20.6,4,21.5,4,21.3,5,20.3,5.0,24.8,2,27.2,4,23.9,4,24.3,5,24.8,2,26.0,4,27.7,5,26.9,4,27.0,4,21.3,5,27.5,4
2016-06-08 12:00:00,16.5,2,19.6,4,19.9,4,19.3,7,19.8,7,20.7,4,19.4,5,22.2,4,18.1,6,19.6,6,19.2,6,19.3,7,20.1,7,22.0,6,23.5,5,21.4,5,20.3,5,21.0,5,20.3,5,20.7,7,21.1,4,21.8,4,21.8,5,20.9,5.0,25.5,2,27.6,4,24.4,4,24.7,5,25.5,2,25.7,4,28.2,5,27.5,4,27.1,4,21.2,5,27.5,4
2016-06-08 13:00:00,16.7,2,19.6,3,20.3,4,19.4,6,20.2,7,21.0,3,19.5,5,22.7,4,18.5,6,19.8,6,19.5,6,19.6,7,20.4,7,22.3,6,24.0,5,21.7,4,20.8,5,21.3,6,20.4,5,20.9,7,21.6,4,22.2,5,22.2,5,21.3,6.0,26.1,2,27.8,4,25.0,4,25.2,5,26.3,2,25.7,4,28.5,5,27.9,4,26.9,4,21.2,5,27.2,4
2016-06-08 14:00:00,16.9,2,19.4,3,20.5,5,19.3,5,20.5,7,21.2,3,19.3,4,23.0,4,19.0,6,20.0,6,19.9,6,20.0,7,20.8,7,22.5,7,24.3,5,22.0,4,21.2,5,21.5,6,20.5,5,21.0,7,21.9,4,22.5,5,22.3,4,21.3,6.0,26.6,2,27.7,4,25.4,4,25.7,5,27.1,2,25.7,4,28.5,5,28.2,4,26.5,4,21.3,6,26.8,4
2016-06-08 15:00:00,18.4,2,20.7,2,21.5,2,19.6,2,21.8,6,21.7,2,20.0,2,23.3,4,20.6,4,21.3,5,21.5,4,20.1,7,21.2,6,22.4,5,24.6,3,22.5,4,21.1,7,20.7,7,20.4,6,21.3,7,21.6,5,21.9,5,22.0,5,20.4,7.0,26.8,2,27.5,4,25.3,4,26.3,4,27.2,2,27.1,4,28.9,4,28.2,2,26.1,3,21.4,5,27.4,2
2016-06-08 16:00:00,18.2,2,20.4,2,21.1,2,19.4,2,21.8,5,21.4,2,19.6,2,23.1,3,20.7,3,21.3,4,21.4,3,20.2,6,21.0,6,21.8,5,24.5,3,22.5,4,21.1,5,20.3,7,19.9,6,20.9,7,21.5,5,21.2,5,21.5,4,19.4,7.0,26.8,2,26.7,3,24.5,3,26.5,4,27.3,2,26.9,4,28.2,4,27.5,2,25.4,3,21.3,5,27.1,2
2016-06-08 17:00:00,17.8,2,19.7,2,20.2,2,19.0,2,21.4,4,20.8,2,19.0,2,22.5,2,20.5,3,21.0,3,21.2,3,19.9,5,20.4,6,21.0,5,24.1,2,22.1,3,20.7,4,19.7,7,19.0,6,20.2,7,21.0,4,20.3,5,20.7,4,18.1,6.0,26.5,2,25.7,2,23.3,2,26.2,4,27.0,2,26.2,3,26.9,3,26.6,1,24.6,2,21.1,5,26.7,2
2016-06-08 18:00:00,17.1,2,18.8,2,19.1,2,18.2,2,20.4,3,19.8,2,18.1,2,21.6,2,20.0,2,20.5,3,20.7,2,19.3,4,19.5,6,20.1,4,23.1,2,21.3,3,20.0,3,18.9,6,18.1,6,19.3,7,20.3,4,19.2,4,19.9,3,16.7,6.0,25.6,2,24.5,1,21.8,1,25.2,3,26.1,2,25.3,2,25.4,2,25.5,1,23.5,2,20.8,5,26.0,1
2016-06-08 19:00:00,16.2,2,17.5,2,17.7,2,16.9,2,18.8,3,18.4,2,16.9,2,20.2,2,19.2,2,19.7,2,20.0,2,18.3,4,18.4,6,19.1,5,21.6,2,20.0,2,19.1,3,18.1,6,17.2,6,18.3,7,19.3,3,18.2,4,19.0,4,15.5,6.0,24.2,2,23.3,1,20.4,1,23.5,3,24.8,2,24.2,2,23.8,2,24.4,1,22.2,2,20.6,5,25.0,1
2016-06-08 20:00:00,15.3,3,16.1,2,16.3,2,15.5,2,17.0,3,16.9,2,15.6,2,18.6,2,18.2,2,18.7,2,19.2,2,17.1,4,17.2,5,18.2,5,19.8,2,18.6,2,18.1,3,17.3,6,16.5,6,17.3,7,18.2,3,17.3,5,18.3,5,14.6,6.0,22.5,2,22.2,1,19.1,1,21.5,2,23.2,1,23.1,2,22.2,1,23.4,1,20.9,3,20.3,5,24.0,1
2016-06-08 21:00:00,14.6,3,14.8,2,15.2,3,14.4,2,16.2,3,15.8,2,14.7,1,17.2,1,17.4,1,17.9,2,18.5,2,16.5,5,16.6,5,17.6,5,18.4,2,17.5,2,17.3,4,16.5,6,16.0,6,16.7,7,17.4,3,16.5,5,17.8,5,13.9,6.0,21.0,2,21.1,1,17.9,1,20.0,2,21.8,2,22.3,2,21.0,1,22.5,1,19.5,3,19.9,5,23.1,2
2016-06-08 22:00:00,14.0,3,13.8,2,14.3,3,13.6,3,15.4,4,15.0,3,14.1,1,15.9,1,16.7,1,17.2,2,17.9,2,15.9,5,15.9,5,17.0,5,17.3,3,16.5,3,16.5,4,15.7,6,15.6,6,16.2,7,16.7,4,15.9,5,17.3,5,13.4,6.0,19.8,3,20.1,2,16.9,2,18.7,2,20.6,2,21.5,1,20.0,1,21.8,2,18.2,3,19.5,5,22.3,2
2016-06-08 23:00:00,13.6,3,13.1,2,13.5,4,13.0,3,14.7,4,14.6,4,13.6,2,14.9,1,16.0,1,16.5,2,17.2,2,15.3,5,15.4,5,16.4,5,16.5,3,15.8,3,15.9,4,15.0,5,15.2,6,15.7,6,16.1,4,15.4,5,17.0,5,13.0,6.0,19.0,3,19.2,2,16.0,2,17.9,2,19.6,2,20.8,2,19.3,2,21.0,2,17.2,4,19.0,5,21.6,2
2016-06-09 00:00:00,13.3,4,12.6,3,13.0,4,12.8,4,14.1,4,14.4,4,13.4,3,14.4,2,15.4,1,15.8,2,16.7,2,14.8,5,15.0,5,16.0,6,16.0,4,15.4,4,15.4,4,14.5,5,14.9,6,15.3,6,15.8,4,15.1,5,16.7,5,12.7,6.0,18.5,3,18.3,3,15.2,3,17.2,2,18.9,3,20.2,2,18.7,2,20.4,2,16.3,4,18.7,5,21.0,2
2016-06-09 01:00:00,13.1,4,12.5,4,12.6,5,12.7,4,13.6,4,14.4,5,13.2,4,14.2,3,14.9,2,15.3,2,16.2,2,14.5,5,14.6,5,15.7,6,15.7,5,15.2,4,15.1,5,14.2,5,14.7,6,15.1,6,15.5,5,14.8,5,16.5,5,12.5,6.0,18.1,4,17.5,3,14.5,3,16.7,3,18.4,3,19.7,3,18.1,3,19.9,3,15.8,4,18.5,5,20.4,2
2016-06-09 02:00:00,13.1,4,12.5,4,12.5,5,12.7,5,13.3,5,14.4,5,13.2,5,14.3,4,14.4,2,14.9,2,15.8,2,14.2,5,14.4,5,15.4,6,15.6,6,15.0,5,14.8,5,14.1,5,14.6,6,14.9,6,15.3,5,14.8,5,16.4,6,12.4,5.0,17.8,4,16.9,4,14.1,4,16.3,4,17.9,4,19.3,4,17.8,4,19.6,3,15.6,4,18.4,5,20.0,2
2016-06-09 03:00:00,12.8,6,12.4,6,12.5,5,12.0,2,12.7,4,13.1,2,12.5,4,13.0,2,13.9,4,14.2,4,14.9,4,13.5,4,14.0,2,15.3,5,15.1,2,14.9,2,14.5,4,13.6,5,14.3,3,14.6,6,14.9,4,14.8,5,15.9,6,12.9,6.0,17.4,2,17.4,2,13.9,2,16.1,2,17.4,2,19.3,1,18.0,1,19.4,1,15.5,5,18.1,6,21.3,2
2016-06-09 04:00:00,12.7,7,12.2,7,12.4,5,12.0,2,12.7,4,12.9,2,12.4,4,12.9,2,13.6,4,14.0,4,14.5,4,13.5,4,13.9,3,15.3,5,14.9,2,14.8,2,14.4,4,14.0,5,14.4,3,14.6,6,14.6,4,14.9,5,15.9,6,12.8,5.0,17.3,2,17.7,2,14.1,2,15.9,2,17.1,2,19.3,1,18.5,1,19.5,2,15.7,5,18.4,6,21.4,2
2016-06-09 05:00:00,12.8,7,12.4,7,12.6,6,12.3,3,13.1,4,13.0,2,12.7,3,13.2,2,13.7,4,14.3,5,14.4,4,14.0,4,14.1,4,15.7,5,15.2,3,15.0,2,14.5,4,14.7,6,14.9,3,15.1,7,14.7,4,15.4,5,16.2,6,13.0,5.0,17.5,3,18.4,2,14.9,2,16.1,3,17.2,2,19.7,1,19.5,2,19.9,2,16.5,4,18.9,5,21.9,2
2016-06-09 06:00:00,13.2,7,13.1,7,13.3,6,13.3,3,14.1,3,14.0,2,13.7,3,14.3,3,14.3,4,15.0,4,15.0,4,14.9,3,14.8,4,16.5,5,16.2,4,15.8,2,15.2,4,15.8,6,15.8,3,15.9,7,15.3,4,16.3,5,16.9,6,13.7,5.0,18.4,3,19.7,2,16.3,2,17.1,3,18.0,2,20.9,1,20.9,2,20.8,2,18.0,4,19.7,5,22.8,2
2016-06-09 07:00:00,14.1,6,14.5,6,14.5,6,15.1,2,15.6,3,16.1,2,15.5,3,16.3,2,15.5,4,16.2,4,16.4,4,16.3,3,16.2,5,17.6,5,18.0,4,17.3,2,16.4,4,17.1,5,17.1,4,17.1,6,16.5,4,17.6,5,17.9,6,15.0,5.0,19.9,3,21.4,2,18.2,3,18.9,2,19.6,2,22.8,1,22.7,2,22.1,2,20.3,4,20.6,5,24.0,2
2016-06-09 08:00:00,15.2,5,16.2,6,16.0,5,17.2,2,17.4,3,18.6,2,17.6,3,18.8,2,17.0,3,17.7,3,18.2,3,17.9,3,17.9,5,18.9,4,20.2,3,19.1,2,18.0,4,18.6,4,18.6,4,18.4,5,18.1,3,19.1,5,19.1,6,16.8,5.0,21.8,2,23.4,2,20.2,3,21.1,2,21.5,2,25.0,1,24.5,2,23.6,2,22.8,5,21.4,6,25.4,2
2016-06-09 09:00:00,16.2,4,17.9,5,17.6,5,19.1,2,19.1,3,20.9,3,19.5,2,21.1,2,18.5,3,19.2,3,19.9,3,19.3,3,19.5,4,20.1,4,22.2,3,20.8,2,19.4,3,19.9,4,20.0,4,19.6,5,19.5,2,20.4,5,20.3,5,18.6,5.0,23.5,1,25.1,2,22.0,4,23.0,2,23.3,1,26.8,1,26.1,2,25.1,2,25.0,5,22.0,6,26.6,2
2016-06-09 10:00:00,17.0,4,19.2,5,18.9,4,20.4,2,20.4,3,22.3,3,20.7,2,22.8,2,19.6,3,20.5,3,21.0,3,20.3,3,20.6,4,21.2,3,23.7,3,21.9,2,20.4,3,21.0,3,21.1,3,20.6,5,20.5,1,21.2,5,21.3,5,20.2,5.0,24.8,1,26.4,2,23.2,4,24.1,2,24.4,1,27.6,1,27.3,1,26.3,2,26.3,5,22.1,6,27.5,1
2016-06-09 11:00:00,17.5,3,20.2,4,20.0,3,21.2,2,21.4,3,23.0,3,21.3,2,23.9,2,20.4,3,21.4,3,21.7,3,21.0,3,21.4,3,22.0,2,24.7,3,22.6,2,21.1,3,21.8,3,21.9,3,21.4,4,21.2,1,21.7,4,22.1,4,21.5,5.0,25.7,1,27.2,2,24.0,4,24.8,3,25.1,1,27.8,1,28.1,1,27.2,2,26.8,5,22.0,6,28.0,2
2016-06-09 12:00:00,17.8,3,20.9,4,20.8,3,21.5,2,22.1,4,23.3,4,21.6,3,24.6,2,21.0,2,22.1,3,22.1,3,21.5,4,22.0,3,22.7,2,25.4,3,23.0,2,21.6,2,22.3,3,22.5,3,22.0,4,21.7,2,22.1,4,22.7,4,22.4,5.0,26.4,2,27.8,3,24.5,4,25.2,3,25.8,2,27.6,1,28.7,1,27.8,3,26.9,5,21.8,5,28.3,2
2016-06-09 13:00:00,18.0,3,21.3,4,21.4,3,21.6,2,22.6,4,23.5,4,21.9,3,25.1,2,21.5,2,22.5,3,22.5,2,22.0,4,22.5,3,23.2,2,25.9,3,23.4,2,22.0,3,22.6,3,22.9,3,22.6,4,22.3,2,22.4,4,23.2,4,22.8,5.0,27.0,2,28.2,3,25.0,4,25.8,4,26.7,2,27.5,1,29.2,1,28.2,3,26.7,5,21.8,5,28.4,2
2016-06-09 14:00:00,18.1,4,21.5,3,21.8,2,21.5,2,23.0,3,23.6,4,22.1,3,25.4,2,21.9,2,22.6,2,22.9,2,22.4,4,22.9,4,23.5,2,26.2,4,23.7,2,22.3,3,22.7,3,23.1,3,23.0,4,22.8,2,22.7,4,23.6,4,22.8,5.0,27.4,2,28.3,2,25.4,4,26.4,4,27.6,1,27.4,1,29.5,1,28.3,2,26.3,6,21.9,5,28.4,1
2016-06-09 15:00:00,17.7,2,20.6,2,20.4,2,20.1,2,22.5,2,22.4,4,21.1,5,24.6,2,21.7,2,22.3,2,22.6,2,22.2,2,22.1,3,23.0,3,25.5,3,23.6,2,22.4,2,22.6,2,22.9,2,22.4,3,22.6,2,22.8,4,24.0,3,23.1,4.0,27.5,2,28.0,2,26.0,3,26.5,4,28.0,2,28.6,1,30.0,1,28.6,2,26.2,5,21.9,4,28.1,1
2016-06-09 16:00:00,17.6,2,20.4,2,20.4,2,19.8,3,22.4,2,22.0,4,20.6,4,24.7,3,21.8,2,22.2,2,22.5,2,22.3,2,21.8,2,22.4,3,25.4,3,23.6,2,22.4,2,22.5,2,22.6,2,22.1,2,22.6,2,22.6,3,23.8,3,22.0,4.0,27.7,2,27.3,2,25.4,3,26.6,3,28.2,2,28.3,1,29.3,1,28.0,2,25.4,5,21.9,4,28.0,1
2016-06-09 17:00:00,17.3,2,19.9,2,20.0,2,19.3,3,21.8,2,21.4,3,19.8,4,24.4,3,21.5,2,21.9,2,22.2,2,21.9,2,21.2,2,21.5,2,24.9,4,23.3,2,22.1,2,22.1,2,22.0,2,21.4,2,22.3,2,22.0,2,23.3,2,20.5,3.0,27.5,2,26.4,1,24.3,3,26.3,3,27.8,2,27.8,1,28.1,1,27.0,2,24.5,4,21.8,4,27.7,1
2016-06-09 18:00:00,16.7,2,19.0,2,19.2,2,18.6,4,20.7,2,20.4,3,18.9,4,23.7,4,20.8,2,21.2,2,21.6,2,20.9,2,20.1,2,20.4,2,24.0,4,22.5,3,21.4,2,21.1,2,20.9,2,20.3,2,21.6,2,21.0,2,22.4,2,18.8,2.0,26.7,2,25.3,1,22.9,2,25.3,2,27.0,1,26.8,1,26.5,1,25.9,2,23.5,4,21.7,3,27.0,1
2016-06-09 19:00:00,16.0,2,17.7,3,17.9,2,17.6,4,19.0,2,19.0,3,17.9,4,22.4,4,19.7,2,20.2,2,20.7,2,19.1,2,18.6,2,19.2,2,22.6,4,21.2,3,20.3,1,19.3,2,19.3,1,18.8,2,20.6,2,19.6,2,21.2,1,17.3,1.0,25.3,2,24.2,1,21.3,2,23.5,2,25.7,1,25.4,1,24.8,1,24.7,2,22.3,4,21.4,3,25.9,1
2016-06-09 20:00:00,15.3,3,16.3,3,16.5,2,16.6,4,17.0,3,17.5,4,16.9,4,20.9,3,18.4,2,19.0,2,19.7,2,17.0,2,17.0,2,18.0,2,21.0,4,19.7,3,19.1,2,17.2,2,17.6,1,17.2,2,19.4,2,18.1,2,19.9,1,16.0,1.0,23.6,2,23.2,1,19.8,2,21.4,2,24.1,1,23.9,1,23.1,1,23.5,1,21.1,4,21.0,2,24.5,1
2016-06-09 21:00:00,14.9,3,15.5,3,15.6,2,15.7,4,15.5,3,16.6,4,16.4,4,19.6,3,17.2,2,17.9,3,18.8,3,15.5,3,15.6,2,17.0,2,19.9,4,18.5,4,17.9,2,15.6,2,16.3,2,15.9,2,18.5,2,16.9,3,18.8,2,14.7,1.0,22.3,2,22.0,1,18.4,2,19.6,2,22.6,2,22.8,1,21.8,2,22.4,2,19.9,4,20.6,2,23.4,2
2016-06-09 22:00:00,14.5,3,14.7,3,14.8,2,15.0,5,14.3,3,15.8,4,15.8,4,18.4,3,16.3,3,17.0,3,17.9,3,14.4,3,14.5,2,16.0,2,18.9,5,17.4,4,16.8,2,14.4,2,15.2,2,14.8,3,17.7,3,15.9,3,17.8,2,13.7,2.0,21.1,3,20.9,2,17.3,3,18.4,3,21.2,2,21.7,2,20.8,2,21.6,2,18.8,4,20.2,3,22.5,2
2016-06-09 23:00:00,14.1,4,14.0,4,14.0,3,14.4,5,13.4,4,15.2,5,15.3,5,17.6,4,15.7,3,16.2,3,17.2,3,13.7,4,13.6,3,15.2,2,18.2,5,16.7,4,15.9,3,13.6,3,14.4,3,14.1,3,17.1,3,15.2,3,17.0,3,12.9,2.0,20.1,3,19.8,2,16.3,3,17.7,3,20.0,3,20.8,2,19.9,2,20.9,3,17.9,4,19.9,3,21.8,2
2016-06-10 00:00:00,13.8,4,13.3,4,13.3,3,14.0,5,12.9,4,14.8,5,14.9,5,16.9,4,15.1,3,15.5,4,16.6,4,13.4,4,13.1,3,14.6,2,17.7,5,16.1,5,15.2,3,13.2,3,14.0,3,13.7,4,16.6,4,14.8,4,16.5,3,12.4,3.0,19.3,4,18.7,3,15.6,4,17.3,4,19.0,3,20.0,3,19.1,3,20.3,3,17.2,3,19.5,3,21.2,3
2016-06-10 01:00:00,13.5,5,12.8,5,12.7,4,13.8,6,12.5,4,14.5,5,14.6,5,16.5,5,14.6,4,14.9,4,16.1,4,13.2,4,12.8,4,14.2,3,17.3,6,15.7,5,14.7,4,13.2,4,13.7,3,13.5,4,16.0,4,14.6,4,16.1,3,12.1,3.0,18.6,4,17.8,4,15.0,4,17.0,4,18.2,3,19.4,3,18.4,3,19.9,4,16.7,4,19.2,3,20.6,3
2016-06-10 02:00:00,13.2,5,12.4,5,12.3,5,13.6,6,12.3,5,14.4,6,14.4,6,16.2,5,14.2,4,14.4,5,15.7,5,13.2,5,12.8,4,14.0,5,16.9,6,15.4,6,14.3,4,13.3,4,13.6,4,13.5,5,15.6,5,14.5,5,15.9,4,12.0,4.0,18.0,5,17.1,4,14.6,5,16.5,5,17.6,4,19.1,4,17.9,4,19.6,4,16.7,4,18.9,4,20.2,4
2016-06-10 03:00:00,14.1,4,13.0,4,12.5,3,13.9,4,12.0,4,14.7,6,14.7,4,15.8,6,14.0,5,14.0,5,15.4,5,12.5,5,12.0,4,13.2,3,16.5,5,15.2,4,13.6,4,12.5,4,13.0,4,12.5,3,15.5,4,13.6,4,14.6,4,11.4,3.0,17.7,4,17.0,3,13.9,2,15.9,3,17.4,2,19.0,2,18.1,2,19.0,4,15.3,4,18.5,3,20.5,3
2016-06-10 04:00:00,14.2,4,13.0,4,12.7,3,14.0,4,12.3,4,14.8,6,14.8,5,15.8,6,14.1,5,14.1,5,15.2,5,12.7,5,12.4,4,13.6,3,16.4,6,15.0,4,13.4,4,12.7,4,13.2,4,12.8,4,15.1,4,13.7,4,14.6,3,11.5,3.0,17.6,5,17.0,4,14.1,2,16.0,4,17.3,2,18.9,2,18.3,2,19.3,4,15.9,4,18.8,4,20.5,3
2016-06-10 05:00:00,14.4,4,13.3,5,13.2,2,14.5,4,12.9,4,15.0,6,15.0,5,16.0,5,14.4,5,14.6,5,15.3,5,13.4,4,13.1,4,14.5,3,16.6,6,15.1,4,13.6,5,13.3,4,13.9,4,13.5,4,14.9,4,14.1,4,15.1,3,12.0,3.0,17.8,6,17.7,4,14.9,3,16.4,5,17.5,3,19.3,2,19.0,3,20.0,4,17.2,4,19.4,4,20.9,3
2016-06-10 06:00:00,14.8,4,14.0,5,14.0,2,15.3,5,14.1,4,15.5,6,15.5,6,16.7,5,15.1,5,15.4,5,15.8,6,14.5,4,14.3,4,15.6,3,17.4,6,15.7,4,14.3,6,14.4,4,15.0,4,14.7,4,15.3,4,15.1,5,15.9,3,13.1,3.0,18.4,6,18.9,4,16.3,3,17.2,6,18.2,3,20.3,3,20.3,4,21.2,4,18.9,4,20.1,5,21.6,4
2016-06-10 07:00:00,15.5,4,15.2,5,15.1,2,16.6,5,15.7,5,16.2,7,16.3,6,17.9,5,16.1,5,16.6,5,16.9,5,16.0,4,15.9,4,17.0,3,18.7,6,17.0,4,15.6,5,15.9,4,16.5,4,16.3,4,16.4,4,16.6,4,17.1,3,15.0,3.0,19.2,6,20.7,4,18.2,4,18.2,6,19.4,4,21.9,4,22.0,5,22.6,4,20.9,4,20.9,5,22.7,4
2016-06-10 08:00:00,16.3,4,16.7,5,16.4,2,18.1,4,17.5,5,17.1,7,17.3,5,19.3,5,17.4,5,17.9,5,18.3,5,17.6,5,17.6,4,18.4,4,20.1,5,18.6,4,17.3,5,17.7,5,18.1,5,18.0,4,18.0,4,18.4,4,18.5,3,17.3,2.0,20.2,7,22.7,4,20.2,4,19.2,7,20.9,5,23.7,5,23.9,5,24.1,4,23.0,4,21.5,5,24.0,5
2016-06-10 09:00:00,17.1,4,18.2,4,17.8,2,19.5,4,19.2,5,17.8,7,18.2,5,20.7,5,18.5,4,19.2,5,19.6,5,19.1,5,19.2,4,19.8,4,21.5,4,20.1,4,19.0,4,19.4,5,19.7,5,19.6,3,19.6,4,20.2,3,20.0,3,19.5,2.0,21.3,7,24.6,4,22.0,4,20.0,7,22.3,5,25.1,5,25.5,6,25.4,4,24.8,4,22.0,6,25.1,5
2016-06-10 10:00:00,17.6,5,19.4,4,19.1,3,20.5,4,20.5,4,18.2,6,18.8,5,21.7,5,19.4,4,20.3,4,20.6,5,20.3,4,20.5,4,21.0,4,22.4,4,21.3,4,20.4,3,20.7,5,21.0,4,20.9,3,20.9,4,21.6,3,21.3,3,21.4,2.0,22.3,7,26.0,4,23.3,5,20.5,7,23.5,6,25.6,5,26.5,6,26.3,5,26.1,4,22.1,6,25.9,5
2016-06-10 11:00:00,18.0,5,20.2,4,20.2,3,21.0,4,21.4,4,18.4,6,19.1,5,22.3,5,20.1,4,21.1,5,21.4,5,21.1,4,21.4,5,22.1,4,23.0,5,22.1,4,21.3,3,21.7,5,21.9,4,21.8,4,21.7,4,22.7,3,22.5,3,22.8,3.0,23.1,7,27.0,5,24.1,4,20.8,7,24.3,6,25.4,5,27.1,6,26.7,5,26.8,4,22.1,6,26.3,4
2016-06-10 12:00:00,18.2,5,20.9,4,21.1,4,21.1,4,22.1,4,18.5,6,19.1,5,22.6,4,20.7,5,21.8,5,22.0,5,21.8,4,22.1,5,22.9,4,23.2,5,22.6,4,22.0,3,22.4,4,22.6,4,22.5,4,22.0,4,23.4,3,23.5,3,23.7,4.0,23.6,7,27.7,5,24.7,4,20.9,7,24.7,6,25.1,5,27.5,6,27.0,5,27.1,5,22.0,6,26.2,4
2016-06-10 13:00:00,18.4,5,21.4,5,21.8,4,20.9,5,22.6,5,18.5,6,18.8,5,22.6,5,21.3,5,22.3,5,22.5,5,22.3,5,22.7,5,23.5,4,23.2,5,22.9,4,22.4,4,22.8,5,23.1,4,23.1,4,21.8,5,23.8,4,24.3,4,24.2,4.0,23.7,6,28.2,5,25.3,5,20.9,7,24.7,6,24.9,5,27.8,6,27.1,5,27.0,5,22.0,6,25.7,4
2016-06-10 14:00:00,18.4,5,21.8,5,22.2,4,20.4,6,23.0,6,18.4,6,18.4,6,22.3,5,21.8,6,22.6,5,22.8,5,22.8,6,23.0,5,23.9,5,22.9,5,22.9,3,22.4,5,22.9,5,23.3,5,23.4,4,21.3,5,23.8,6,24.8,4,24.2,5.0,23.4,6,28.5,5,25.7,5,20.6,7,24.2,7,24.8,6,27.9,6,27.0,5,26.7,5,22.1,6,25.0,5
2016-06-10 15:00:00,17.4,5,20.5,5,21.5,4,19.0,5,22.8,5,18.0,6,17.1,5,21.1,4,21.6,6,22.2,6,22.5,6,22.8,6,22.5,5,23.6,5,21.7,6,21.9,5,22.1,5,22.8,6,23.5,5,23.2,5,21.2,6,23.6,5,25.2,3,23.8,4.0,21.8,7,28.4,6,25.6,5,19.2,7,23.1,7,24.3,6,27.4,6,26.6,5,26.3,5,22.1,5,23.5,6
2016-06-10 16:00:00,17.2,5,20.0,6,21.2,4,18.2,6,22.5,5,17.8,6,16.8,5,20.6,5,21.3,6,21.9,6,22.2,6,22.7,6,22.2,5,23.0,5,21.1,6,21.4,5,21.7,5,22.6,5,23.3,5,22.9,5,20.3,7,23.0,4,25.2,3,22.8,5.0,21.1,7,27.5,5,25.1,5,18.5,7,21.9,7,23.5,6,26.6,5,25.8,5,25.6,5,22.0,6,22.7,7
2016-06-10 17:00:00,16.8,5,19.1,6,20.6,5,17.3,6,21.9,5,17.4,6,16.4,6,19.8,6,20.7,5,21.3,4,21.7,5,22.2,6,21.4,5,22.1,5,20.2,6,20.6,4,21.1,5,22.1,4,22.7,4,22.3,6,19.3,7,22.2,4,24.8,4,21.5,5.0,20.3,7,26.2,5,24.1,4,17.4,7,20.5,7,22.5,5,25.3,5,24.8,4,24.8,5,21.9,6,22.0,7
2016-06-10 18:00:00,16.3,5,18.1,6,19.6,5,16.4,6,20.8,5,16.8,6,15.8,6,18.8,6,19.9,4,20.5,4,20.9,4,21.2,6,20.4,4,21.0,4,19.1,6,19.7,4,20.2,4,21.2,4,21.8,4,21.3,6,18.2,7,21.1,4,24.1,4,20.1,6.0,19.3,7,24.7,5,22.8,4,16.4,7,19.3,7,21.6,5,23.9,5,23.7,3,23.8,5,21.7,6,21.4,7
2016-06-10 19:00:00,15.7,5,17.0,6,18.4,5,15.6,5,19.4,5,15.9,6,15.0,6,17.7,6,18.9,4,19.5,4,20.0,4,19.7,5,19.2,4,19.9,4,18.1,5,18.7,5,19.2,4,19.8,4,20.4,3,20.0,5,17.1,7,19.9,5,23.0,4,18.8,6.0,18.4,6,23.1,5,21.3,4,15.7,7,18.4,7,20.9,5,22.3,5,22.7,3,22.6,5,21.4,6,20.9,7
2016-06-10 20:00:00,15.2,5,15.9,5,17.1,5,14.9,5,17.9,5,14.9,6,14.1,6,16.7,5,17.9,4,18.5,4,19.1,4,18.1,5,17.9,4,18.9,4,17.1,5,17.7,5,18.1,4,18.2,5,18.9,3,18.6,5,16.2,7,18.8,6,21.8,4,17.7,5.0,17.6,6,21.6,5,19.8,5,15.4,7,17.8,7,20.4,6,20.9,5,21.8,4,21.4,5,21.0,6,20.5,6
2016-06-10 21:00:00,14.8,5,15.1,5,16.2,5,14.3,5,16.6,5,14.2,6,13.7,6,15.7,5,17.1,4,17.6,5,18.4,5,16.8,5,16.8,4,17.9,4,16.3,5,16.9,5,17.1,5,16.8,6,17.6,3,17.4,4,15.4,7,17.9,6,20.6,5,16.7,5.0,17.0,6,20.4,5,18.5,5,15.1,6,17.3,7,19.9,6,19.7,5,21.1,4,20.2,5,20.7,6,20.1,6
2016-06-10 22:00:00,14.5,5,14.7,5,15.5,5,13.9,5,15.7,5,13.7,6,13.4,6,14.9,5,16.5,5,17.0,5,17.9,5,16.0,5,15.9,4,17.1,4,15.7,5,16.3,6,16.4,5,15.8,6,16.8,4,16.6,4,14.9,7,17.2,6,19.7,5,15.9,5.0,16.6,6,19.5,5,17.4,5,14.8,6,17.0,7,19.5,6,19.0,5,20.5,4,19.2,5,20.3,5,19.7,6
2016-06-10 23:00:00,14.3,6,14.6,5,15.1,5,13.6,5,15.2,5,13.2,5,13.1,6,14.2,5,16.1,5,16.6,5,17.6,5,15.6,5,15.2,4,16.4,4,15.2,5,16.0,6,15.9,5,15.1,6,16.3,4,16.1,4,14.6,6,16.7,6,19.0,5,15.2,5.0,16.2,6,18.8,5,16.6,5,14.6,6,16.7,6,19.1,5,18.5,5,20.0,4,18.4,5,20.0,5,19.3,6
2016-06-11 00:00:00,14.1,6,14.4,5,14.7,6,13.4,6,14.7,5,13.0,5,12.9,6,13.8,5,15.7,5,16.1,5,17.3,5,15.2,6,14.6,4,15.7,5,14.9,6,15.6,6,15.4,6,14.5,6,15.9,5,15.6,4,14.5,6,16.1,6,18.3,5,14.6,5.0,16.0,6,18.0,5,15.7,5,14.5,6,16.5,6,18.7,5,18.1,5,19.4,5,17.6,5,19.7,5,19.1,6
2016-06-11 01:00:00,13.9,6,14.0,6,14.2,6,13.1,6,14.2,5,12.9,5,12.8,6,13.7,5,15.1,5,15.5,5,16.9,5,14.7,6,14.2,5,15.1,5,14.7,6,15.2,6,14.9,6,14.0,6,15.3,6,15.0,5,14.4,6,15.4,6,17.5,5,14.0,5.0,15.9,6,17.1,5,14.8,5,14.4,6,16.3,6,18.3,5,17.5,5,18.8,5,16.9,5,19.5,5,18.9,5
2016-06-11 02:00:00,13.7,6,13.4,6,13.7,6,12.9,6,13.9,5,12.9,5,12.8,6,13.6,5,14.6,5,14.8,5,16.4,5,14.3,6,13.8,5,14.6,5,14.5,6,14.8,6,14.5,6,13.6,5,14.7,6,14.6,5,14.4,6,14.7,6,16.8,6,13.5,5.0,15.9,5,16.3,5,14.0,5,14.4,5,16.1,5,17.9,5,16.9,5,18.4,5,16.3,5,19.4,5,18.8,5
2016-06-11 03:00:00,14.1,5,13.2,6,13.4,6,12.6,7,13.1,6,12.7,4,12.1,5,13.0,6,13.8,6,14.0,6,15.6,6,13.6,7,13.7,7,14.7,6,13.9,6,14.1,7,13.8,7,13.3,7,14.4,7,14.4,6,12.9,7,14.0,7,16.2,7,12.9,7.0,15.3,6,15.7,7,13.5,7,13.4,6,15.2,7,17.6,5,16.4,6,18.2,7,15.5,6,18.6,6,17.8,7
2016-06-11 04:00:00,14.1,5,13.2,6,13.2,6,12.7,7,13.2,6,12.7,4,12.1,5,13.0,6,13.7,6,14.1,6,15.4,6,13.7,6,13.6,7,14.8,6,13.8,5,14.0,7,13.7,7,13.5,7,14.4,7,14.3,6,12.8,7,13.9,7,16.2,7,12.8,7.0,15.3,6,15.9,7,13.7,7,13.5,6,15.1,7,17.5,5,16.7,6,18.3,7,15.7,6,18.8,6,17.8,6
2016-06-11 05:00:00,14.2,5,13.4,6,13.3,6,13.0,7,13.7,6,12.9,4,12.3,5,13.2,6,13.9,6,14.5,6,15.3,6,14.0,6,13.9,6,15.1,6,14.0,5,14.0,6,13.8,7,14.0,7,14.8,7,14.4,6,12.9,7,14.2,7,16.3,7,12.9,7.0,15.5,6,16.6,6,14.3,7,13.6,6,15.1,7,17.7,5,17.6,5,18.8,6,16.4,6,19.3,7,18.0,6
2016-06-11 06:00:00,14.3,6,13.9,6,13.6,5,13.5,7,14.4,6,13.4,4,12.8,5,13.8,6,14.3,6,15.2,6,15.6,6,14.6,6,14.4,6,15.7,6,14.6,4,14.4,6,14.2,7,14.6,7,15.3,7,14.9,7,13.1,7,14.8,7,16.6,7,13.3,7.0,15.9,6,17.8,6,15.4,7,14.0,6,15.5,7,18.5,5,18.8,5,19.6,6,17.8,6,20.0,7,18.6,6
2016-06-11 07:00:00,14.4,6,14.7,6,14.3,5,14.3,7,15.2,6,14.1,4,13.5,5,14.7,6,14.9,6,15.9,6,16.1,6,15.3,5,15.2,6,16.4,6,15.6,4,15.1,6,14.7,6,15.3,7,15.9,7,15.7,7,13.5,7,15.6,7,16.8,7,14.0,7.0,16.4,6,19.4,6,17.0,7,14.5,6,16.2,7,19.9,4,20.2,5,20.7,5,19.8,6,20.7,7,19.6,6
2016-06-11 08:00:00,14.5,6,15.3,7,15.2,5,15.1,7,16.3,6,15.0,4,14.4,5,15.7,5,15.5,6,16.5,6,16.7,6,16.1,5,16.2,6,17.2,7,16.6,5,16.4,6,16.2,6,15.9,6,17.3,7,16.5,7,14.8,7,16.5,7,17.1,7,14.9,7.0,17.3,6,21.0,6,18.7,7,15.2,5,17.4,7,21.2,4,21.7,5,21.9,4,21.9,5,20.6,7,20.8,5
2016-06-11 09:00:00,14.6,6,15.8,7,16.2,5,15.9,7,17.3,5,15.8,4,15.2,5,16.7,5,16.0,6,17.1,6,17.3,6,16.8,5,17.1,6,17.9,7,17.5,6,17.3,6,16.7,6,16.5,6,18.0,7,17.3,6,15.1,7,17.1,7,17.3,7,15.8,7.0,18.0,6,22.3,6,20.0,7,15.9,5,18.3,7,22.5,4,22.9,5,23.0,4,23.7,5,20.9,6,22.1,5
2016-06-11 10:00:00,14.7,6,16.0,7,17.0,5,16.5,7,18.2,5,16.4,4,15.9,5,17.5,5,16.4,6,17.5,6,17.7,6,17.3,5,17.7,6,18.6,6,18.0,6,17.8,7,17.1,6,17.0,6,18.4,7,17.8,6,15.4,7,17.3,7,17.5,7,16.5,7.0,18.8,6,23.1,6,20.7,7,16.6,6,18.9,7,23.2,4,23.7,5,23.8,3,24.8,4,21.0,6,23.2,5
2016-06-11 11:00:00,14.9,6,16.1,7,17.6,6,16.9,7,18.8,5,16.8,4,16.5,5,18.0,5,16.7,6,17.9,6,18.0,6,17.7,5,18.1,6,19.1,5,18.3,6,18.1,7,17.5,6,17.4,6,18.7,7,18.0,6,15.7,7,17.3,7,17.8,7,17.0,7.0,19.3,6,23.5,6,20.9,7,17.2,6,19.3,7,23.4,4,24.2,5,24.4,3,25.3,4,21.3,5,24.0,5
2016-06-11 12:00:00,15.1,6,16.1,7,18.0,6,17.2,7,19.4,5,17.1,4,16.8,5,18.5,5,17.0,6,18.1,6,18.3,6,18.0,5,18.4,6,19.6,5,18.5,5,18.4,7,17.8,7,17.7,6,18.9,7,18.2,6,15.9,7,17.3,7,18.2,7,17.4,7.0,19.7,6,23.6,6,21.0,7,17.7,6,19.7,7,23.6,4,24.6,5,24.8,3,25.3,4,21.5,5,24.4,5
2016-06-11 13:00:00,15.3,6,16.4,6,18.2,6,17.4,6,19.8,6,17.2,4,16.9,5,18.9,5,17.3,6,18.3,6,18.7,6,18.4,6,18.7,6,19.9,5,18.8,6,18.7,7,17.9,7,18.0,7,19.3,7,18.4,7,16.3,7,17.4,7,18.6,7,17.6,7.0,19.9,6,23.7,7,21.3,7,17.9,6,20.1,7,23.9,5,24.9,5,25.0,3,25.0,4,21.8,5,24.3,5
2016-06-11 14:00:00,15.4,6,16.9,5,18.2,7,17.4,5,20.1,6,17.3,4,16.7,5,19.1,5,17.7,6,18.5,6,19.0,6,18.7,6,19.0,6,20.1,6,19.1,6,19.0,6,18.0,7,18.1,7,19.8,7,18.7,7,16.6,7,17.6,7,19.0,7,17.5,7.0,20.1,5,23.6,7,21.6,7,18.0,6,20.6,7,24.1,5,25.0,5,25.0,4,24.6,5,22.1,5,23.8,4
2016-06-11 15:00:00,14.3,7,16.7,7,17.8,7,16.7,7,20.0,7,17.2,5,16.5,5,19.3,5,18.1,7,18.7,7,19.1,7,19.0,7,19.2,7,20.3,7,19.5,4,19.0,6,18.5,7,18.7,7,19.4,7,18.4,7,17.2,6,18.5,7,19.5,7,17.1,7.0,20.0,5,23.4,5,21.2,7,17.9,7,20.5,6,24.7,4,24.9,4,25.4,2,24.7,2,22.7,3,23.6,6
2016-06-11 16:00:00,14.2,7,16.5,7,17.6,7,16.5,6,19.7,7,17.2,4,16.1,4,19.3,5,18.1,7,18.6,7,19.0,7,18.8,7,18.7,7,19.4,7,19.1,3,18.8,6,18.4,6,18.6,6,19.0,7,18.3,7,17.1,6,18.5,6,19.3,7,16.5,7.0,19.9,4,23.0,5,21.1,6,17.9,6,20.5,6,24.4,4,24.5,4,24.9,2,24.3,2,22.7,3,23.4,5
2016-06-11 17:00:00,14.0,7,16.1,6,17.2,7,16.2,5,19.0,6,17.0,3,15.6,4,18.9,5,17.8,7,18.4,7,18.8,7,18.4,7,18.1,7,18.2,7,18.4,3,18.4,5,18.2,6,18.3,6,18.3,6,18.0,7,16.7,6,18.1,6,18.9,7,15.7,7.0,19.5,4,22.4,4,20.6,5,17.7,4,20.1,6,23.8,4,23.8,4,24.2,2,23.8,3,22.6,3,23.1,4
2016-06-11 18:00:00,13.8,7,15.4,6,16.6,6,15.6,5,18.0,6,16.6,3,15.0,4,18.2,5,17.3,6,17.9,6,18.3,6,17.7,6,17.3,7,17.1,6,17.5,3,17.7,4,17.6,5,17.8,5,17.4,6,17.5,7,16.0,6,17.5,6,18.3,7,14.8,7.0,18.8,4,21.6,4,19.9,4,17.2,4,19.5,5,23.0,3,22.8,4,23.3,3,23.3,3,22.3,3,22.7,4
2016-06-11 19:00:00,13.5,7,14.7,6,15.8,6,14.8,4,16.9,6,15.9,4,14.3,5,17.2,5,16.5,6,17.2,6,17.6,6,16.8,6,16.5,6,16.4,6,16.5,3,16.8,4,16.8,6,16.9,5,16.4,6,16.7,7,15.1,6,16.6,5,17.5,7,13.9,7.0,17.8,3,20.6,4,18.9,3,16.2,3,18.6,5,22.0,3,21.5,4,22.4,2,22.5,3,21.8,3,22.0,3
2016-06-11 20:00:00,13.2,7,14.0,6,15.1,6,13.9,4,15.8,6,15.0,4,13.6,5,16.0,5,15.6,5,16.3,5,16.9,5,15.8,6,15.6,6,16.0,7,15.4,5,15.8,4,15.9,6,15.8,6,15.5,6,15.9,7,14.2,5,15.7,5,16.8,7,13.2,6.0,16.7,3,19.6,4,17.8,3,15.1,3,17.6,4,21.1,3,20.2,3,21.5,2,21.5,2,21.2,3,21.2,3
2016-06-11 21:00:00,13.1,7,13.5,6,14.4,6,13.5,4,14.8,7,14.7,5,13.1,5,15.2,5,15.0,5,15.7,5,16.3,5,15.0,6,14.9,6,15.4,6,15.0,5,15.3,4,15.1,6,14.8,6,14.7,6,15.3,7,13.6,5,14.9,5,16.3,7,12.7,6.0,15.9,3,18.7,4,16.8,3,14.1,3,16.8,4,20.2,2,19.1,4,20.8,2,20.4,2,20.6,4,20.4,3
2016-06-11 22:00:00,13.0,7,13.1,6,13.8,6,13.2,4,14.1,7,14.3,5,12.7,5,14.4,5,14.4,5,15.1,5,15.8,5,14.3,6,14.2,6,14.8,6,14.6,6,14.8,4,14.4,6,14.0,6,14.2,6,14.8,7,13.1,5,14.4,5,15.9,6,12.3,6.0,15.3,3,17.9,4,16.0,2,13.2,3,16.0,4,19.5,2,18.3,4,20.1,2,19.3,3,20.1,4,19.6,3
2016-06-11 23:00:00,13.0,7,12.7,6,13.3,6,12.9,5,13.5,6,14.1,5,12.5,5,13.8,5,14.1,5,14.7,5,15.4,5,13.8,6,13.6,6,14.3,6,14.3,6,14.3,5,13.8,6,13.4,6,13.7,6,14.3,6,12.7,5,14.2,5,15.6,6,12.0,6.0,14.7,3,17.1,4,15.4,3,12.6,3,15.4,4,18.8,2,17.8,4,19.5,2,18.1,3,19.6,4,18.9,3
2016-06-12 00:00:00,13.0,7,12.4,7,12.9,6,12.7,5,13.0,6,13.8,5,12.4,6,13.4,5,13.7,5,14.3,5,15.1,4,13.3,6,13.1,6,13.9,6,14.1,6,13.9,5,13.3,6,12.9,5,13.4,6,14.0,6,12.4,5,13.9,5,15.3,6,11.8,6.0,14.4,4,16.4,4,14.8,3,12.4,4,14.9,4,18.2,3,17.3,4,18.8,3,17.0,3,19.2,4,18.3,4
2016-06-12 01:00:00,13.0,7,12.2,7,12.5,6,12.5,6,12.7,6,13.6,6,12.4,6,13.2,5,13.3,5,13.8,5,14.7,4,13.0,6,12.8,5,13.6,6,14.0,6,13.6,5,13.0,6,12.4,5,13.1,6,13.7,6,12.3,5,13.5,5,15.0,6,11.6,6.0,14.3,4,15.8,5,14.1,4,12.3,4,14.5,4,17.6,3,16.8,4,18.2,3,16.0,4,18.8,4,17.8,4
2016-06-12 02:00:00,13.1,7,12.0,7,12.3,6,12.5,6,12.5,5,13.5,6,12.4,6,13.3,5,13.0,5,13.4,5,14.5,5,12.8,5,12.6,5,13.4,6,14.0,6,13.4,5,12.7,6,12.1,5,12.9,6,13.5,6,12.3,5,13.1,5,14.9,5,11.6,5.0,14.3,5,15.5,5,13.4,4,12.5,4,14.3,4,17.1,4,16.3,4,17.6,4,15.3,4,18.6,4,17.4,4
2016-06-12 03:00:00,13.4,6,12.3,5,12.6,6,12.0,6,12.6,6,13.1,6,12.6,6,13.2,6,12.8,5,12.9,5,14.2,5,13.3,7,13.3,7,14.1,6,13.9,5,13.1,6,12.6,6,12.2,5,13.2,5,13.6,7,12.4,5,12.7,5,14.5,5,11.9,7.0,14.5,3,15.6,3,13.8,3,12.5,3,14.4,3,17.3,2,16.2,2,18.1,2,15.9,3,18.5,4,17.6,3
2016-06-12 04:00:00,13.4,6,12.5,5,12.8,6,12.2,6,12.9,6,13.3,6,12.7,7,13.3,6,12.9,5,13.1,5,14.2,5,13.5,7,13.3,7,14.2,6,13.9,6,13.1,6,12.5,6,12.4,5,13.3,4,13.6,7,12.3,5,12.7,5,14.6,5,11.7,7.0,14.5,4,15.8,4,13.9,3,12.4,4,14.1,3,17.4,3,16.6,3,18.2,3,16.0,4,18.7,3,17.5,3
2016-06-12 05:00:00,13.5,6,12.8,5,13.2,6,12.6,6,13.4,6,13.7,5,13.0,6,13.5,6,13.2,5,13.6,5,14.4,5,13.9,7,13.7,7,14.6,7,14.1,6,13.3,6,12.7,6,12.9,5,13.8,4,14.0,7,12.3,5,13.1,5,14.9,6,11.8,7.0,14.8,5,16.6,4,14.6,3,12.6,5,14.2,3,17.8,3,17.5,3,18.7,4,16.8,4,19.3,3,17.7,3
2016-06-12 06:00:00,13.6,7,13.2,6,13.7,7,13.0,6,14.1,6,14.1,5,13.4,6,13.9,6,13.5,5,14.2,5,14.7,5,14.5,7,14.3,7,15.3,7,14.7,6,13.8,6,13.1,6,13.6,6,14.6,4,14.6,7,12.6,5,13.9,6,15.4,6,12.4,7.0,15.4,5,17.8,4,15.8,3,13.4,6,14.8,4,18.8,3,18.8,3,19.7,4,18.2,4,20.1,3,18.5,3
2016-06-12 07:00:00,13.7,7,13.6,6,14.3,7,13.4,6,14.9,6,14.7,5,13.9,6,14.6,6,13.8,5,14.7,6,14.9,6,15.2,7,15.2,7,16.1,7,15.7,6,14.6,6,13.8,6,14.3,6,15.6,4,15.5,7,13.2,5,15.0,5,16.1,6,13.5,7.0,16.4,6,19.5,4,17.5,2,14.8,6,16.1,4,20.3,4,20.4,4,21.0,4,20.2,4,21.0,4,19.9,3
2016-06-12 08:00:00,13.7,7,13.9,7,15.0,7,13.8,6,15.7,6,15.4,6,14.6,6,15.6,6,14.0,6,15.0,6,15.2,6,15.9,7,16.2,7,17.1,7,17.0,6,15.4,6,14.7,6,15.0,6,16.8,5,16.5,7,14.1,6,16.2,5,17.0,6,15.0,7.0,17.6,6,21.3,4,19.5,2,16.5,5,17.6,4,22.0,3,22.1,4,22.6,3,22.4,3,21.9,5,21.7,4
2016-06-12 09:00:00,13.8,7,14.2,7,15.8,7,14.3,7,16.5,7,16.1,7,15.3,6,16.5,7,14.3,6,15.4,7,15.5,7,16.5,7,17.1,7,18.0,7,18.1,7,16.2,7,15.5,6,15.6,7,17.7,6,17.4,7,14.9,6,17.2,5,18.0,6,16.4,7.0,18.8,5,23.0,4,21.3,2,18.2,5,19.1,4,23.6,3,23.7,4,24.1,2,24.5,2,22.6,5,23.4,4
2016-06-12 10:00:00,13.9,7,14.5,7,16.6,6,14.9,7,17.2,7,16.7,7,16.1,6,17.3,7,14.6,7,15.8,7,15.9,7,16.9,7,17.8,7,18.9,7,18.9,7,16.7,7,16.1,7,16.2,7,18.3,7,18.0,7,15.5,6,17.9,4,19.0,5,17.6,6.0,19.8,5,24.4,4,22.6,2,19.5,4,20.1,4,24.7,3,24.9,5,25.5,2,26.2,2,22.9,5,24.7,4
2016-06-12 11:00:00,13.9,7,14.8,7,17.4,6,15.5,7,17.7,7,17.1,7,16.8,7,18.0,7,15.0,7,16.3,7,16.4,7,17.1,7,18.3,7,19.6,7,19.3,7,17.0,7,16.6,7,16.7,6,18.7,7,18.4,7,16.0,6,18.3,4,19.8,5,18.4,5.0,20.5,5,25.4,4,23.5,3,20.4,3,20.8,3,25.3,4,25.9,5,26.5,3,27.4,1,23.0,5,25.5,4
2016-06-12 12:00:00,14.1,7,15.2,7,18.1,6,16.0,7,18.1,6,17.4,7,17.3,7,18.6,7,15.4,7,16.7,7,16.9,7,17.4,7,18.6,7,20.1,7,19.6,7,17.3,7,16.9,7,17.1,6,19.0,7,18.7,6,16.4,6,18.6,5,20.5,5,19.0,5.0,20.9,5,26.0,4,24.1,3,21.1,3,21.3,3,25.7,4,26.5,5,27.2,3,28.0,2,22.9,4,25.9,4
2016-06-12 13:00:00,14.3,7,15.8,7,18.6,6,16.3,7,18.4,6,17.5,6,17.6,6,19.1,7,15.9,7,17.1,7,17.2,7,17.8,7,18.9,7,20.4,7,19.8,7,17.7,7,17.1,7,17.4,7,19.3,7,18.9,6,16.7,6,18.9,5,20.9,5,19.4,5.0,21.0,5,26.3,4,24.4,4,21.6,4,21.9,4,25.9,4,26.9,5,27.4,4,28.1,3,22.8,4,25.8,4
2016-06-12 14:00:00,14.6,7,16.4,7,18.7,7,16.4,7,18.5,6,17.5,6,17.6,6,19.4,7,16.3,7,17.3,7,17.4,7,18.1,7,18.9,7,20.4,7,19.9,7,18.0,7,17.3,7,17.6,7,19.4,7,19.1,5,16.8,7,19.1,6,21.0,5,19.4,6.0,20.9,6,26.1,5,24.5,4,21.8,5,22.4,4,25.8,4,26.9,4,27.2,5,27.7,4,22.8,4,25.5,5
2016-06-12 15:00:00,14.3,7,16.3,7,16.8,7,16.6,6,18.3,7,16.8,7,16.4,6,19.0,6,16.2,7,17.1,7,17.4,7,17.8,7,17.7,7,19.9,7,19.5,6,17.6,7,17.1,7,17.6,7,18.4,7,19.0,7,17.0,7,18.8,7,20.7,6,19.2,6.0,21.2,7,25.6,6,24.6,6,22.3,6,22.8,7,26.1,5,27.1,5,27.0,5,27.8,5,22.8,4,25.5,6
2016-06-12 16:00:00,14.4,7,16.2,7,16.5,7,16.4,6,17.8,7,16.8,6,16.2,6,18.8,5,16.6,7,17.3,7,17.6,7,17.5,7,17.1,7,18.8,7,19.0,5,17.6,6,17.2,7,17.6,7,18.0,7,18.3,7,16.9,7,18.5,6,20.5,6,18.5,6.0,21.0,6,25.0,6,23.9,5,21.8,6,22.8,6,25.6,5,26.3,5,26.5,5,26.9,5,22.7,4,25.1,6
2016-06-12 17:00:00,14.4,7,15.8,6,16.1,7,16.0,5,17.1,7,16.6,5,15.8,5,18.4,4,16.8,6,17.4,7,17.7,7,16.9,7,16.4,7,17.5,7,18.3,4,17.4,6,17.2,7,17.5,7,17.4,7,17.6,7,16.6,6,18.0,5,20.1,6,17.3,6.0,20.6,5,24.1,5,22.9,4,21.0,5,22.4,5,24.9,5,25.2,5,25.7,5,25.8,5,22.5,5,24.6,6
2016-06-12 18:00:00,14.3,7,15.3,6,15.6,7,15.4,4,16.3,7,16.2,5,15.3,5,17.7,4,16.6,6,17.1,6,17.6,6,16.3,7,15.8,7,16.4,7,17.4,4,17.0,6,16.9,6,17.2,7,16.7,7,16.8,7,16.0,6,17.4,5,19.4,6,15.9,6.0,20.0,5,23.1,4,21.7,3,20.0,5,21.7,5,24.0,5,23.8,5,24.8,5,24.7,5,22.3,5,24.1,6
2016-06-12 19:00:00,13.9,7,14.8,6,15.0,6,14.7,4,15.7,6,15.5,5,14.6,5,16.8,4,16.0,5,16.5,6,17.1,6,15.8,7,15.4,7,15.7,7,16.5,3,16.3,6,16.3,6,16.6,6,15.9,6,16.1,7,15.3,5,16.8,4,18.5,6,14.7,7.0,19.1,5,22.0,4,20.5,4,18.9,5,20.8,5,23.0,5,22.4,5,23.8,4,23.6,5,22.0,5,23.4,6
2016-06-12 20:00:00,13.5,7,14.2,6,14.4,6,14.0,5,15.1,5,14.8,5,13.8,5,15.9,5,15.1,5,15.8,5,16.5,5,15.4,6,15.2,7,15.4,7,15.8,3,15.4,6,15.6,6,15.8,6,15.2,6,15.5,7,14.5,5,16.1,5,17.6,6,13.7,7.0,18.2,5,21.0,4,19.3,5,17.7,6,19.9,5,22.0,5,21.1,5,22.7,4,22.6,4,21.7,5,22.7,5
2016-06-12 21:00:00,13.4,7,13.9,6,14.1,6,13.6,5,14.7,5,14.2,5,13.2,5,15.1,5,14.8,5,15.4,5,16.2,5,14.9,6,14.9,7,15.1,7,15.3,4,14.9,6,15.1,6,15.1,6,14.7,6,15.0,7,14.2,5,15.6,5,16.9,6,13.1,7.0,17.4,5,20.0,4,18.3,6,16.8,6,19.0,5,21.1,5,20.0,5,21.8,4,21.4,4,21.3,5,21.9,5
2016-06-12 22:00:00,13.4,7,13.6,6,13.8,6,13.3,5,14.2,5,13.7,6,12.8,5,14.4,5,14.4,4,15.0,5,15.8,5,14.4,5,14.6,6,14.9,6,14.9,4,14.5,6,14.6,6,14.4,5,14.3,6,14.7,6,13.9,5,15.2,5,16.5,6,12.7,6.0,16.9,5,19.0,3,17.3,5,16.1,5,18.3,5,20.4,5,19.1,5,20.9,4,20.2,4,20.9,4,21.1,5
2016-06-12 23:00:00,13.4,7,13.3,6,13.6,6,13.0,5,13.9,5,13.4,6,12.5,5,13.8,5,14.1,4,14.6,5,15.5,5,14.0,5,14.2,6,14.7,6,14.6,4,14.2,6,14.2,6,13.6,5,13.9,6,14.5,6,13.7,5,14.8,5,16.2,6,12.5,6.0,16.6,5,18.1,3,16.5,4,15.6,4,17.6,5,19.7,5,18.4,5,20.1,4,19.0,4,20.5,4,20.4,5
2016-06-13 00:00:00,13.4,7,13.0,6,13.4,6,12.7,6,13.5,5,13.2,6,12.5,5,13.4,5,13.7,4,14.2,5,15.2,5,13.6,5,13.7,6,14.4,6,14.3,5,13.9,6,13.8,6,13.0,5,13.5,6,14.1,6,13.5,5,14.3,5,15.9,6,12.2,6.0,16.4,5,17.3,3,15.6,3,15.3,4,17.1,5,19.0,5,17.8,5,19.4,4,17.9,4,20.0,4,19.7,5
2016-06-13 01:00:00,13.4,7,12.8,6,13.2,6,12.5,6,13.2,5,13.0,6,12.5,5,13.2,5,13.5,4,13.9,5,14.9,5,13.3,5,13.2,5,13.9,6,14.2,5,13.6,6,13.4,6,12.5,5,13.1,6,13.7,6,13.3,5,13.7,5,15.5,6,12.0,6.0,16.2,5,16.7,3,14.8,4,15.0,4,16.6,5,18.4,5,17.3,5,18.7,4,16.8,3,19.5,4,19.2,5
2016-06-13 02:00:00,13.4,7,12.7,6,13.2,6,12.4,6,13.1,5,12.9,6,12.5,6,13.2,5,13.3,5,13.6,5,14.7,5,13.0,6,12.8,5,13.6,6,14.1,6,13.5,6,13.1,6,12.1,5,12.7,7,13.2,6,13.2,6,13.2,5,15.0,6,11.7,6.0,16.0,5,16.2,4,14.2,4,14.8,5,16.3,5,17.8,5,16.9,5,18.3,5,15.9,3,19.2,4,18.8,5
2016-06-13 03:00:00,13.5,7,12.9,6,13.1,6,12.3,5,13.1,7,13.4,5,12.6,6,12.9,5,12.9,6,13.4,6,14.5,6,13.3,7,13.3,7,14.1,7,13.7,4,13.4,5,13.4,7,12.4,7,12.9,7,13.3,7,13.0,6,13.3,6,14.7,7,11.5,7.0,16.0,4,16.6,5,14.7,5,15.2,4,16.0,6,18.5,5,17.4,5,19.1,4,17.6,3,19.2,5,19.3,4
2016-06-13 04:00:00,13.5,7,12.8,6,13.1,6,12.2,5,13.2,7,13.5,4,12.6,5,12.9,4,12.8,6,13.3,6,14.2,6,13.3,7,13.4,7,14.2,7,13.7,4,13.2,5,13.1,6,12.7,6,13.1,7,13.5,7,12.8,6,13.3,6,14.8,7,11.4,7.0,16.0,4,16.8,5,14.8,5,15.3,5,15.8,6,18.5,4,17.8,4,19.1,3,17.5,2,19.5,4,19.4,3
2016-06-13 05:00:00,13.6,7,12.9,6,13.4,6,12.4,6,13.6,7,13.7,4,12.8,5,13.0,4,12.9,6,13.6,6,14.2,6,13.6,7,13.7,7,14.5,7,13.9,4,13.3,4,13.1,6,13.2,6,13.6,7,13.9,7,12.7,6,13.8,6,15.2,7,11.7,7.0,16.4,3,17.5,4,15.4,4,15.5,5,15.9,6,19.0,4,18.6,3,19.5,2,18.0,2,20.0,4,19.8,3
2016-06-13 06:00:00,13.8,7,13.3,6,13.8,7,12.8,6,14.2,7,14.1,4,13.1,5,13.5,3,13.3,5,14.2,6,14.4,6,14.1,7,14.2,7,14.9,7,14.6,4,13.7,4,13.4,6,14.0,6,14.4,7,14.4,7,13.0,6,14.5,6,15.7,7,12.3,7.0,17.0,3,18.7,4,16.5,3,16.0,5,16.5,6,20.0,4,19.9,2,20.3,2,19.1,1,20.8,4,20.6,3
2016-06-13 07:00:00,14.1,6,14.1,7,14.4,7,13.5,6,15.0,6,14.8,5,13.7,5,14.4,4,13.8,5,14.9,6,15.0,6,14.8,7,14.9,7,15.5,7,15.7,5,14.5,4,14.2,6,14.9,6,15.3,7,14.8,7,13.7,6,15.5,6,16.4,7,13.2,7.0,17.9,4,20.3,4,18.2,2,16.7,5,17.6,6,21.6,4,21.5,2,21.5,2,20.9,1,21.6,4,21.8,3
2016-06-13 08:00:00,14.4,6,15.0,7,15.2,7,14.3,6,15.8,6,15.7,6,14.5,5,15.6,4,14.5,6,15.7,6,15.7,6,15.7,7,15.8,7,16.1,7,17.0,5,15.6,4,15.2,6,15.8,6,16.1,7,15.2,7,14.6,7,16.6,6,17.1,6,14.3,7.0,18.8,5,22.0,4,20.0,2,17.5,6,18.8,6,23.5,3,23.2,3,22.9,1,23.1,1,22.4,5,23.2,2
2016-06-13 09:00:00,14.6,6,15.8,7,16.0,7,15.1,6,16.6,6,16.6,6,15.4,5,16.7,5,15.1,6,16.4,6,16.5,6,16.4,7,16.5,7,16.7,7,18.2,6,16.5,5,16.2,6,16.6,6,16.8,7,15.6,7,15.5,7,17.6,6,17.9,6,15.3,7.0,19.6,5,23.5,3,21.7,2,18.2,6,19.9,6,25.2,2,24.7,3,24.3,2,25.2,1,23.0,5,24.5,2
2016-06-13 10:00:00,14.7,6,16.2,7,16.8,7,15.8,6,17.2,6,17.2,6,16.3,5,17.6,6,15.6,7,17.0,6,17.1,6,16.9,7,17.0,7,17.2,7,19.1,6,17.2,5,17.0,7,17.2,6,17.3,7,16.1,7,16.1,7,18.3,6,18.7,6,16.1,7.0,20.2,6,24.4,3,22.9,2,18.7,7,20.5,6,26.4,2,25.9,3,25.6,2,27.0,1,23.3,5,25.6,3
2016-06-13 11:00:00,14.9,6,16.3,6,17.5,7,16.3,7,17.6,6,17.6,6,17.2,5,18.2,6,16.1,7,17.4,6,17.5,6,17.2,7,17.4,7,17.7,6,19.7,6,17.6,6,17.5,7,17.7,6,17.7,7,16.6,7,16.5,6,18.7,6,19.4,6,16.7,7.0,20.5,6,25.0,3,23.6,2,19.1,7,20.9,5,27.1,2,26.7,3,26.6,2,28.2,1,23.4,4,26.3,3
2016-06-13 12:00:00,15.0,6,16.5,6,18.0,7,16.7,7,18.0,6,17.9,6,17.7,5,18.6,6,16.6,6,17.7,6,17.8,6,17.5,7,17.7,7,18.1,6,20.1,6,18.0,6,17.9,7,18.0,6,18.1,6,17.1,7,16.8,6,19.0,6,20.0,6,17.2,7.0,20.8,5,25.4,3,24.0,2,19.4,7,21.2,5,27.5,2,27.3,2,27.4,2,28.9,1,23.3,4,26.7,3
2016-06-13 13:00:00,15.2,6,16.8,6,18.2,7,16.9,6,18.4,6,18.0,6,17.8,6,18.9,6,17.1,6,17.9,6,18.0,6,18.0,6,17.9,7,18.5,6,20.3,6,18.4,6,18.2,6,18.2,5,18.6,6,17.5,7,17.1,6,19.2,6,20.4,6,17.8,7.0,21.1,5,25.8,3,24.2,2,19.8,7,21.7,5,27.7,2,27.7,2,27.8,2,28.9,1,23.1,3,26.7,3
2016-06-13 14:00:00,15.4,6,17.3,6,18.1,7,17.0,6,18.7,6,18.0,6,17.6,6,19.1,6,17.5,5,18.1,5,18.2,5,18.4,6,18.1,7,18.8,6,20.3,6,18.7,6,18.3,6,18.3,5,19.0,6,17.8,7,17.4,6,19.2,6,20.7,5,18.2,7.0,21.3,5,26.1,3,24.2,2,20.1,6,22.2,5,27.7,2,27.8,2,27.9,1,28.5,1,22.9,4,26.4,3
2016-06-13 15:00:00,15.1,7,16.8,7,17.3,7,16.6,7,18.2,7,17.5,7,16.4,7,18.9,6,17.2,6,18.0,6,18.4,6,18.1,6,17.4,6,18.3,7,19.4,7,18.4,7,18.1,7,18.2,6,18.5,6,17.3,7,17.4,5,19.0,6,19.8,6,17.9,7.0,20.9,7,25.0,3,23.8,2,20.7,6,22.3,6,26.3,2,27.0,3,27.3,2,27.5,1,23.4,3,25.3,4
2016-06-13 16:00:00,15.0,7,16.8,6,17.1,7,16.5,6,18.0,6,17.1,7,16.0,7,18.9,6,17.4,5,18.2,5,18.6,5,18.2,5,17.1,6,17.9,6,18.9,6,18.2,7,18.1,7,18.3,5,18.4,6,17.3,7,17.2,5,18.7,5,19.7,6,17.4,7.0,20.8,6,24.3,3,23.3,2,20.6,5,22.3,6,25.6,2,26.1,3,26.8,2,26.7,1,23.4,3,24.9,4
2016-06-13 17:00:00,14.8,6,16.5,6,16.9,7,16.1,6,17.6,5,16.6,7,15.5,7,18.6,5,17.5,5,18.2,5,18.6,5,17.8,4,16.7,5,17.2,5,18.3,6,17.8,6,17.9,7,18.3,5,17.9,5,17.1,7,16.7,5,18.2,5,19.3,6,16.3,6.0,20.5,5,23.4,2,22.5,2,20.2,5,22.0,5,24.6,2,24.8,2,26.0,2,25.8,1,23.3,2,24.4,4
2016-06-13 18:00:00,14.4,6,15.9,5,16.4,6,15.5,6,16.9,5,16.0,6,14.9,7,18.0,4,17.3,5,17.9,5,18.4,5,17.2,4,16.1,5,16.4,5,17.5,5,17.3,6,17.5,6,17.9,5,17.2,5,16.6,6,16.1,5,17.5,4,18.6,6,15.1,6.0,20.1,5,22.3,2,21.5,2,19.6,4,21.4,4,23.6,2,23.4,2,25.0,2,24.8,1,23.0,2,23.9,4
2016-06-13 19:00:00,13.9,6,15.1,5,15.6,6,14.7,6,16.1,5,15.3,6,14.2,6,17.1,4,16.7,5,17.3,5,17.9,5,16.3,4,15.5,5,15.7,4,16.8,5,16.6,6,16.9,6,17.1,5,16.3,5,15.9,6,15.4,5,16.8,4,17.7,5,13.9,6.0,19.4,5,21.0,2,20.3,1,18.7,4,20.5,3,22.6,2,22.0,2,23.8,2,23.7,1,22.5,2,23.3,4
2016-06-13 20:00:00,13.5,6,14.4,5,14.7,6,13.9,6,15.2,5,14.7,6,13.5,5,15.9,5,16.0,5,16.5,5,17.2,5,15.3,5,14.9,5,15.1,4,16.2,5,15.9,5,16.1,6,16.0,5,15.3,5,15.0,6,14.7,5,16.0,4,16.7,5,12.9,6.0,18.7,5,19.7,2,19.1,1,17.7,4,19.5,3,21.6,2,20.7,2,22.6,2,22.5,1,21.9,2,22.6,4
2016-06-13 21:00:00,13.4,6,13.7,5,14.3,6,13.3,6,14.4,5,14.1,6,13.1,5,15.1,5,15.4,5,15.9,6,16.7,5,14.6,6,14.3,6,14.6,4,15.6,5,15.3,5,15.5,6,15.0,6,14.5,5,14.4,6,14.3,5,15.3,4,16.0,5,12.1,6.0,18.0,5,18.6,2,17.9,2,17.1,4,18.8,4,20.8,2,19.6,2,21.6,2,21.2,1,21.3,2,21.8,4
2016-06-13 22:00:00,13.3,7,13.2,5,13.9,6,12.8,6,13.8,5,13.7,6,12.7,5,14.4,5,14.7,5,15.2,6,16.2,5,13.9,6,13.8,6,14.1,5,15.2,4,14.7,5,14.9,6,14.1,6,13.8,5,13.8,6,13.9,5,14.7,4,15.4,5,11.6,6.0,17.5,5,17.7,2,16.8,2,16.6,4,18.1,4,20.1,2,18.7,2,20.6,2,19.9,1,20.7,2,21.0,4
2016-06-13 23:00:00,13.3,7,12.9,5,13.6,6,12.5,6,13.2,5,13.3,5,12.5,5,13.8,5,14.2,5,14.7,5,15.7,5,13.4,6,13.2,6,13.7,5,14.8,4,14.2,5,14.4,6,13.4,6,13.2,5,13.3,6,13.6,5,14.1,4,14.9,5,11.3,5.0,17.1,5,16.9,3,15.8,2,16.1,4,17.4,5,19.5,2,17.9,2,19.7,2,18.7,1,20.1,2,20.3,4
2016-06-14 00:00:00,13.3,7,12.6,5,13.3,6,12.2,6,12.8,5,13.0,5,12.4,5,13.4,5,13.7,5,14.2,5,15.3,5,13.0,6,12.8,6,13.4,5,14.4,4,13.8,5,13.9,6,12.8,6,12.8,5,12.9,6,13.4,5,13.6,5,14.6,5,11.1,5.0,16.8,5,16.2,3,14.9,3,15.6,4,16.9,5,18.9,2,17.3,3,19.0,3,17.5,1,19.6,2,19.6,4
2016-06-14 01:00:00,13.3,7,12.4,5,13.0,6,12.1,6,12.6,5,12.8,5,12.3,5,13.2,5,13.3,5,13.7,5,14.9,5,12.7,7,12.5,6,13.1,5,14.2,5,13.5,5,13.5,6,12.3,5,12.5,5,12.6,6,13.3,5,13.1,5,14.3,5,11.1,5.0,16.4,5,15.8,4,14.1,4,15.2,5,16.4,5,18.3,3,16.9,3,18.3,3,16.4,2,19.2,2,19.0,4
2016-06-14 02:00:00,13.3,7,12.3,5,12.9,6,12.1,6,12.4,5,12.6,5,12.3,5,13.0,5,13.0,5,13.4,5,14.5,5,12.5,7,12.3,5,13.0,6,14.0,5,13.4,5,13.1,6,12.0,5,12.4,5,12.5,6,13.2,5,12.9,5,14.1,5,11.1,5.0,16.1,5,15.7,4,13.6,4,14.9,5,16.0,5,17.8,3,16.6,4,17.9,4,15.5,2,18.9,2,18.7,4
2016-06-14 03:00:00,12.8,6,11.8,6,12.3,5,11.7,7,12.2,6,12.7,6,12.3,6,12.6,6,12.2,6,12.8,6,13.9,6,12.5,7,12.1,6,13.0,6,13.6,6,12.8,6,12.6,5,11.3,6,12.2,6,12.4,5,12.7,7,12.7,5,13.8,6,10.1,4.0,15.9,4,15.5,3,13.6,2,14.6,5,16.0,5,18.0,3,16.6,4,18.2,2,16.8,1,19.5,3,18.9,4
2016-06-14 04:00:00,12.9,6,11.9,6,12.4,6,11.8,7,12.5,5,12.7,6,12.4,6,12.7,7,12.1,6,12.9,6,13.8,6,12.7,7,12.3,6,13.1,6,13.6,6,12.8,7,12.5,5,11.7,6,12.5,6,12.5,6,12.6,7,12.8,5,13.9,6,10.2,5.0,15.9,5,15.7,3,13.8,2,14.7,5,15.9,5,18.1,4,17.0,5,18.2,2,16.7,1,19.6,2,19.1,4
2016-06-14 05:00:00,13.1,7,12.2,6,12.8,6,12.1,7,13.0,5,13.0,6,12.6,7,13.0,7,12.3,6,13.3,6,13.8,6,13.2,7,12.8,7,13.5,6,13.8,5,13.0,7,12.6,5,12.5,6,13.2,6,12.8,6,12.7,7,13.2,6,14.3,6,10.7,6.0,16.2,5,16.4,3,14.5,2,14.9,5,16.0,4,18.5,5,18.0,5,18.7,2,17.1,1,20.0,2,19.6,5
2016-06-14 06:00:00,13.3,7,12.7,7,13.4,6,12.5,7,13.7,5,13.4,6,12.8,7,13.4,6,12.7,7,13.9,7,14.1,6,13.8,7,13.6,7,14.2,6,14.3,5,13.5,7,13.0,6,13.4,6,14.0,7,13.5,7,13.0,6,14.0,6,14.8,6,11.6,7.0,16.6,6,17.6,4,15.7,2,15.4,5,16.4,4,19.4,5,19.3,5,19.6,2,18.3,1,20.7,2,20.4,5
2016-06-14 07:00:00,13.5,7,13.3,7,14.2,7,12.9,7,14.6,6,14.0,6,13.1,6,14.0,6,13.4,7,14.5,7,14.6,7,14.5,7,14.6,7,15.2,7,15.2,5,14.2,6,13.7,6,14.2,6,14.9,7,14.5,6,13.5,6,15.0,7,15.5,6,12.9,7.0,17.2,6,19.2,3,17.4,2,16.2,5,17.2,3,20.9,4,20.8,5,21.0,2,20.3,1,21.7,2,21.5,5
2016-06-14 08:00:00,13.6,7,13.9,7,15.0,6,13.3,7,15.6,6,14.6,6,13.4,6,14.8,6,14.1,7,15.1,7,15.3,7,15.2,7,15.8,7,16.2,7,16.2,6,15.0,6,14.6,6,15.0,7,15.8,7,15.7,6,14.0,6,16.1,7,16.2,6,14.5,7.0,17.9,6,20.9,3,19.3,2,17.1,5,18.2,2,22.7,3,22.4,4,22.6,1,22.8,1,22.7,2,22.8,5
2016-06-14 09:00:00,13.7,7,14.5,7,15.9,6,13.9,7,16.4,7,15.2,6,14.0,5,15.6,6,14.8,7,15.8,7,16.0,7,15.9,7,16.8,6,17.2,7,17.2,7,15.8,6,15.4,7,15.7,6,16.6,7,16.8,5,14.6,6,17.0,6,17.1,7,15.9,6.0,18.5,7,22.5,3,21.0,2,18.0,5,19.2,2,24.2,3,23.7,3,24.1,1,25.1,1,23.5,2,24.0,5
2016-06-14 10:00:00,13.8,7,14.9,6,16.7,6,14.7,7,17.0,6,15.7,6,14.8,5,16.5,6,15.3,7,16.5,7,16.6,7,16.4,7,17.6,6,18.0,7,17.9,7,16.4,6,16.1,7,16.5,6,17.2,7,17.7,5,15.1,6,17.6,6,18.0,7,17.0,6.0,19.0,7,23.6,4,22.2,3,18.6,5,20.0,2,25.1,3,24.6,3,25.3,1,26.8,1,23.7,2,25.0,5
2016-06-14 11:00:00,14.0,6,15.1,6,17.4,6,15.5,7,17.4,6,16.1,5,15.5,5,17.3,7,15.8,7,17.1,7,17.2,7,16.9,7,18.2,6,18.6,6,18.3,6,16.9,6,16.6,7,17.2,5,17.7,7,18.4,5,15.4,5,18.0,6,18.9,7,17.9,5.0,19.3,7,24.4,4,23.0,4,19.1,6,20.6,3,25.6,3,25.3,3,26.2,1,27.9,1,23.6,2,25.7,5
2016-06-14 12:00:00,14.2,6,15.4,6,17.8,6,16.1,7,17.8,5,16.4,5,16.1,5,17.9,7,16.2,7,17.6,7,17.6,7,17.3,7,18.6,6,19.1,6,18.5,6,17.3,6,17.0,7,17.7,5,18.1,7,18.9,6,15.7,5,18.2,6,19.6,7,18.5,5.0,19.6,7,24.9,5,23.4,4,19.6,6,21.0,4,25.8,4,25.7,4,26.7,2,28.4,1,23.5,2,26.0,5
2016-06-14 13:00:00,14.5,6,15.7,6,18.0,6,16.4,6,18.2,6,16.6,5,16.3,5,18.3,7,16.7,7,17.9,7,17.9,7,17.7,7,18.8,6,19.6,6,18.5,6,17.6,6,17.2,7,17.9,6,18.5,7,19.3,6,15.9,6,18.3,6,20.1,7,19.0,6.0,19.8,7,25.2,5,23.6,5,20.1,7,21.3,5,25.9,4,26.0,3,26.8,2,28.3,2,23.5,2,25.9,5
2016-06-14 14:00:00,14.7,6,16.1,6,18.0,6,16.3,6,18.5,6,16.7,5,16.1,5,18.4,7,17.1,7,18.0,7,18.1,7,18.1,7,18.9,7,19.9,7,18.4,6,17.7,7,17.2,7,17.8,6,18.8,7,19.5,7,15.9,6,18.4,7,20.4,7,19.2,6.0,19.8,7,25.3,4,23.6,4,20.5,7,21.5,6,25.9,3,26.2,3,26.6,2,27.8,2,23.7,2,25.5,5
2016-06-14 15:00:00,14.8,6,16.2,6,17.5,6,15.7,6,18.8,7,15.5,6,14.8,7,17.1,5,16.7,6,17.4,7,17.8,6,18.0,7,18.6,7,19.6,7,17.7,4,17.4,6,16.7,7,17.4,6,18.5,7,19.3,6,15.8,7,18.0,6,20.6,6,19.3,7.0,19.4,7,25.2,3,24.1,3,18.6,6,21.0,4,25.2,2,26.2,2,27.0,2,27.3,1,23.1,2,24.6,6
2016-06-14 16:00:00,14.8,6,16.2,6,17.2,5,15.4,6,18.5,7,15.1,6,14.3,7,16.6,6,16.7,6,17.2,7,17.7,6,17.7,7,18.1,7,19.1,7,17.1,5,17.0,6,16.4,6,17.0,6,18.0,7,19.0,7,15.6,6,17.5,7,20.2,7,18.6,7.0,19.4,6,24.7,3,23.8,2,18.6,6,20.9,4,24.7,3,25.7,2,26.5,2,26.6,1,23.0,1,24.3,6
2016-06-14 17:00:00,14.7,5,15.8,5,16.8,3,15.0,6,17.8,7,14.7,6,13.9,7,16.0,6,16.4,6,16.9,6,17.5,6,16.9,7,17.5,7,18.4,7,16.4,6,16.3,5,16.0,6,16.4,6,17.4,7,18.5,6,15.2,4,16.8,7,19.6,7,17.6,7.0,19.1,5,24.0,3,23.3,2,18.3,6,20.5,4,24.0,4,24.8,2,25.9,3,25.9,1,22.8,1,23.9,6
2016-06-14 18:00:00,14.4,5,15.3,5,16.2,3,14.5,6,16.8,6,14.1,6,13.3,7,15.3,7,16.0,6,16.4,6,17.1,6,16.0,7,16.8,6,17.6,7,15.7,6,15.6,5,15.5,5,15.7,6,16.5,7,17.7,6,14.6,3,16.0,6,18.9,7,16.4,7.0,18.6,5,23.1,3,22.5,2,17.7,6,19.9,4,23.1,4,23.6,3,25.0,4,24.9,2,22.5,2,23.3,6
2016-06-14 19:00:00,14.0,5,14.6,5,15.4,2,13.8,6,15.7,6,13.5,6,12.6,6,14.5,6,15.4,6,15.8,6,16.6,6,15.0,7,16.0,6,16.9,7,15.1,6,14.9,4,14.9,5,14.8,5,15.5,7,16.7,6,13.9,3,15.1,6,18.1,7,15.2,7.0,17.8,5,22.0,4,21.2,2,16.7,6,19.0,4,22.1,5,22.1,4,23.9,5,23.7,3,22.1,3,22.4,6
2016-06-14 20:00:00,13.5,4,13.9,4,14.5,3,13.1,5,14.5,6,12.8,6,11.9,6,13.7,5,14.6,6,15.1,6,16.0,6,14.0,7,15.1,6,16.2,7,14.6,5,14.3,4,14.2,5,13.8,4,14.5,7,15.6,6,13.2,4,14.3,5,17.2,7,14.2,7.0,17.0,5,20.8,5,19.8,2,15.5,6,18.0,5,21.0,5,20.6,5,22.7,5,22.3,4,21.8,4,21.3,5
2016-06-14 21:00:00,13.3,5,13.2,5,13.8,3,12.5,6,13.9,6,12.4,6,11.5,6,13.0,5,14.1,6,14.4,6,15.4,6,13.3,6,14.4,5,15.5,7,14.1,5,13.7,4,13.5,5,13.2,4,13.7,7,14.9,6,12.7,4,13.5,4,16.4,7,13.2,6.0,16.4,6,19.7,5,18.6,2,14.9,6,17.4,5,20.1,6,19.4,6,21.6,6,21.0,4,21.4,4,20.4,5
2016-06-14 22:00:00,13.1,5,12.6,5,13.2,4,12.0,6,13.3,6,12.1,6,11.1,6,12.5,4,13.6,6,13.8,6,14.9,6,12.6,6,13.7,5,14.8,7,13.7,5,13.2,5,12.9,5,12.6,4,13.0,7,14.2,6,12.3,5,12.8,4,15.6,6,12.4,6.0,15.9,6,18.8,5,17.5,3,14.3,6,16.7,5,19.3,6,18.6,6,20.5,6,19.7,4,21.0,4,19.5,6
2016-06-14 23:00:00,13.0,5,12.1,5,12.6,4,11.6,6,12.8,6,11.8,6,10.9,6,12.1,4,13.1,6,13.2,5,14.4,5,12.1,6,13.1,5,14.2,6,13.3,5,12.6,5,12.4,6,12.1,4,12.4,7,13.5,6,11.9,5,12.3,4,15.0,6,11.7,6.0,15.4,6,17.9,5,16.4,3,13.8,6,16.0,5,18.7,6,18.0,6,19.6,6,18.5,4,20.5,5,18.9,6
2016-06-15 00:00:00,12.9,5,11.8,5,12.2,4,11.4,6,12.4,5,11.6,5,10.7,6,11.8,5,12.7,5,12.7,5,13.9,5,11.7,6,12.5,5,13.7,6,13.0,5,12.2,5,12.0,6,11.7,5,12.0,7,13.0,6,11.7,5,11.8,4,14.4,6,11.2,6.0,14.9,6,17.1,5,15.4,4,13.3,6,15.4,5,18.1,6,17.4,6,18.7,5,17.3,5,20.1,5,18.3,6
2016-06-15 01:00:00,12.8,6,11.6,5,12.0,5,11.2,6,12.1,5,11.5,5,10.7,6,11.6,5,12.3,5,12.3,5,13.5,5,11.5,6,12.1,5,13.2,6,12.7,6,11.9,5,11.7,6,11.4,5,11.7,7,12.6,6,11.5,6,11.6,4,14.0,6,10.8,5.0,14.5,6,16.3,5,14.6,4,13.0,5,14.8,5,17.5,5,16.8,6,17.9,5,16.4,5,19.6,4,17.9,5
2016-06-15 02:00:00,12.7,6,11.5,6,11.9,5,11.1,6,11.9,5,11.5,5,10.7,6,11.5,5,12.0,5,12.1,5,13.2,5,11.4,6,11.8,5,13.0,6,12.4,6,11.7,5,11.5,6,11.2,5,11.6,7,12.4,6,11.4,6,11.5,5,13.7,6,10.6,5.0,14.2,6,15.6,5,13.9,5,12.7,5,14.4,5,17.0,5,16.2,5,17.3,5,15.6,5,19.2,4,17.6,5
2016-06-15 03:00:00,12.4,6,11.0,6,11.5,4,10.7,5,11.7,7,11.1,3,10.6,3,11.3,6,11.3,7,11.8,7,12.9,7,11.8,7,11.9,7,12.8,7,12.1,6,11.6,7,11.4,5,10.6,5,11.3,7,11.9,6,11.5,7,11.3,6,13.2,6,9.5,6.0,13.9,5,14.7,6,12.8,6,12.7,6,14.2,7,16.2,6,15.4,6,17.5,6,16.1,3,19.1,2,17.2,7
2016-06-15 04:00:00,12.4,6,11.0,6,11.7,5,10.7,5,11.9,7,11.2,4,10.6,3,11.2,5,11.2,7,11.8,7,12.8,7,12.1,7,12.1,7,13.0,7,12.0,6,11.7,7,11.3,5,11.0,6,11.7,7,12.1,6,11.5,7,11.7,6,13.3,7,9.7,6.0,13.9,6,14.9,6,13.1,5,12.8,6,14.2,7,16.3,6,15.7,6,17.5,6,16.2,3,19.3,2,17.1,7
2016-06-15 05:00:00,12.5,7,11.3,6,12.1,6,10.9,6,12.3,7,11.4,5,10.8,4,11.2,5,11.3,7,12.0,7,12.8,7,12.7,7,12.6,7,13.4,7,12.3,6,11.9,7,11.5,5,11.8,6,12.4,6,12.7,6,11.6,7,12.4,6,13.8,7,10.3,6.0,14.1,6,15.4,5,13.8,4,12.9,7,14.4,7,16.7,6,16.5,6,17.8,6,16.7,4,19.8,3,17.3,7
2016-06-15 06:00:00,12.7,7,11.8,6,12.7,6,11.4,6,13.0,7,11.8,5,11.1,4,11.6,5,11.7,7,12.5,7,13.2,7,13.3,7,13.4,7,14.2,7,12.8,6,12.4,7,11.9,5,12.7,6,13.3,6,13.6,6,11.9,6,13.4,6,14.5,6,11.4,7.0,14.5,7,16.3,5,14.8,3,13.3,7,14.8,7,17.3,6,17.4,5,18.5,6,17.7,4,20.4,3,17.8,7
2016-06-15 07:00:00,13.0,6,12.5,6,13.4,6,12.2,6,13.8,7,12.4,5,11.6,5,12.4,5,12.4,7,13.2,7,13.9,7,13.9,7,14.5,7,15.3,7,13.7,6,13.2,6,12.6,5,13.6,6,14.4,6,14.9,6,12.4,6,14.4,6,15.3,6,13.2,6.0,15.1,6,17.4,5,16.0,4,14.0,7,15.5,7,18.1,6,18.3,6,19.5,6,19.1,4,21.0,3,18.6,7
2016-06-15 08:00:00,13.4,6,13.3,6,14.1,6,13.2,5,14.7,7,13.2,4,12.2,5,13.4,5,13.3,6,14.0,6,14.7,7,14.5,7,15.7,6,16.6,7,14.8,5,14.1,6,13.5,6,14.4,6,15.5,5,16.3,6,13.0,6,15.4,6,16.2,5,15.1,6.0,15.7,6,18.5,6,17.3,5,15.0,6,16.2,7,19.0,6,19.0,6,20.5,6,20.7,4,21.5,3,19.5,7
2016-06-15 09:00:00,13.7,5,14.1,5,15.0,5,14.2,5,15.5,6,14.1,4,13.0,4,14.5,5,14.2,6,14.9,6,15.5,6,15.1,6,16.8,6,17.9,6,15.8,4,14.9,6,14.4,6,15.2,6,16.4,5,17.6,6,13.6,6,16.4,6,17.2,4,16.7,6.0,16.4,6,19.5,7,18.2,7,15.9,6,16.9,6,19.6,7,19.5,7,21.4,7,22.2,4,22.0,4,20.4,7
2016-06-15 10:00:00,13.9,5,14.7,5,15.9,5,15.1,4,16.0,6,14.9,4,13.9,4,15.5,4,14.9,6,15.7,6,16.2,6,15.7,6,17.7,6,19.1,6,16.6,4,15.5,6,15.3,6,16.0,6,17.1,5,18.7,6,14.1,6,17.3,6,18.3,4,17.6,6.0,17.0,5,20.2,7,18.7,7,16.7,6,17.4,6,19.8,7,19.8,7,21.9,7,23.3,5,22.4,4,21.2,7
2016-06-15 11:00:00,14.2,5,15.1,4,16.7,5,15.9,4,16.4,5,15.6,4,14.7,4,16.2,4,15.4,5,16.4,5,16.7,5,16.2,6,18.4,5,20.1,5,17.3,4,16.0,6,16.1,7,16.8,5,17.6,5,19.4,6,14.6,6,18.1,6,19.4,4,17.8,6.0,17.5,5,20.6,7,18.9,7,17.3,7,17.8,6,19.9,7,20.1,7,22.0,7,23.9,6,22.7,5,21.7,7
2016-06-15 12:00:00,14.4,4,15.4,4,17.3,5,16.4,4,16.8,5,16.2,4,15.3,5,16.8,4,15.8,5,16.8,5,17.0,5,16.7,6,18.8,5,20.9,5,17.7,4,16.4,6,16.7,7,17.3,5,18.1,6,19.9,6,15.1,6,18.6,6,20.2,5,17.7,6.0,17.9,5,21.0,7,19.0,7,17.8,7,18.3,5,19.8,7,20.3,7,22.1,7,24.3,6,22.9,6,21.9,7
2016-06-15 13:00:00,14.7,4,15.7,4,17.6,6,16.6,4,17.3,6,16.6,4,15.6,5,17.2,4,16.1,6,16.9,5,17.2,6,17.2,6,19.0,5,21.3,5,18.0,4,16.8,7,17.1,6,17.5,6,18.6,6,20.1,6,15.6,7,18.8,6,20.6,5,17.5,6.0,18.3,5,21.3,7,19.2,7,18.2,7,18.9,5,19.8,7,20.6,7,22.2,7,24.4,7,22.9,6,21.8,7
2016-06-15 14:00:00,15.0,4,16.1,4,17.6,6,16.6,4,17.8,6,16.7,4,15.5,5,17.3,5,16.4,6,16.9,6,17.3,6,17.6,6,19.0,6,21.3,6,18.1,4,17.1,7,17.2,6,17.4,6,18.9,6,20.0,6,15.9,7,18.8,6,20.7,6,17.2,7.0,18.6,5,21.5,7,19.5,7,18.3,7,19.4,5,20.0,7,20.9,7,22.2,7,24.3,7,22.7,7,21.6,7
2016-06-15 15:00:00,15.0,6,15.8,6,16.9,7,16.2,4,17.8,6,15.8,6,15.1,6,17.3,4,16.4,4,17.2,5,17.6,5,17.8,6,18.0,7,19.5,7,17.9,3,17.1,5,17.0,5,17.6,6,18.8,7,18.7,7,16.0,7,18.0,7,20.1,7,17.0,7.0,19.2,6,21.5,7,18.9,7,18.0,7,19.9,7,20.1,7,21.2,7,22.3,6,22.9,7,22.1,7,21.5,7
2016-06-15 16:00:00,15.1,5,16.0,6,16.8,6,16.0,4,17.9,6,15.6,6,14.9,6,17.2,4,16.5,4,17.3,4,17.8,4,18.1,6,17.9,6,19.1,6,17.5,3,16.8,5,16.8,5,17.7,6,18.7,7,18.7,7,15.9,7,17.9,7,20.1,7,16.7,7.0,19.1,5,21.4,7,18.9,7,17.5,7,19.8,7,20.3,7,21.3,7,21.9,6,22.1,7,21.7,7,21.2,7
2016-06-15 17:00:00,15.1,4,16.0,5,16.7,5,15.6,4,17.6,5,15.3,6,14.7,6,17.0,4,16.4,3,17.3,3,17.8,3,18.0,5,17.5,6,18.5,6,16.9,3,16.2,5,16.5,5,17.5,6,18.2,7,18.4,7,15.5,6,17.6,6,19.9,7,16.0,7.0,18.9,5,20.8,7,18.7,7,16.8,7,19.4,7,20.5,7,21.1,7,21.4,6,21.1,7,21.3,7,20.9,7
2016-06-15 18:00:00,14.8,4,15.6,5,16.3,4,15.0,4,16.8,4,14.8,6,14.3,6,16.4,4,16.0,2,16.8,2,17.5,2,17.2,4,16.8,5,17.7,6,16.2,3,15.5,4,16.0,5,16.9,5,17.3,7,17.8,7,14.9,6,16.9,6,19.3,7,15.2,7.0,18.3,5,20.0,7,18.1,7,16.0,7,18.7,7,20.4,7,20.6,7,20.9,7,20.1,7,20.9,7,20.5,7
2016-06-15 19:00:00,14.3,3,14.9,4,15.5,3,14.2,3,15.4,3,14.2,6,13.6,6,15.5,4,15.3,2,15.9,2,16.8,2,15.7,3,15.7,4,16.8,6,15.3,3,14.7,4,15.2,5,15.5,5,16.1,7,16.8,6,14.1,6,15.9,6,18.4,7,14.3,7.0,17.4,5,19.3,7,17.3,7,15.1,7,17.9,7,19.9,6,19.7,7,20.5,7,19.3,6,20.6,7,20.0,6
2016-06-15 20:00:00,13.8,3,13.9,3,14.5,3,13.3,3,13.7,2,13.6,6,12.9,6,14.5,4,14.4,2,14.7,2,16.0,2,13.9,3,14.4,4,15.9,6,14.4,2,13.8,3,14.2,4,13.8,4,14.8,6,15.6,6,13.3,6,14.7,6,17.4,7,13.4,7.0,16.4,5,18.7,7,16.4,7,14.3,7,17.0,7,19.2,6,18.7,6,20.3,7,18.8,6,20.3,6,19.4,6
2016-06-15 21:00:00,13.4,3,13.0,3,13.6,3,12.8,3,12.7,3,13.0,6,12.4,6,13.8,4,13.9,2,14.2,2,15.5,2,12.9,3,13.9,4,15.3,6,13.9,3,13.3,2,13.4,4,12.5,4,13.7,6,14.7,6,12.8,6,13.8,6,16.7,7,13.0,7.0,15.8,5,18.1,7,15.7,7,13.5,7,16.4,6,18.6,6,17.9,6,19.8,6,18.0,6,20.1,6,18.8,6
2016-06-15 22:00:00,13.1,4,12.3,4,12.8,3,12.3,3,11.8,3,12.6,6,12.0,6,13.2,4,13.3,2,13.6,2,14.9,2,12.0,3,13.3,4,14.7,6,13.4,3,12.8,2,12.6,3,11.4,4,12.8,6,14.0,6,12.2,6,13.0,6,16.0,7,12.5,6.0,15.2,5,17.5,7,15.0,6,12.8,6,15.7,6,18.1,6,17.3,6,19.3,6,17.4,6,19.9,6,18.3,6
2016-06-15 23:00:00,12.9,4,11.8,4,12.2,4,11.9,4,11.3,3,12.3,6,11.6,6,12.7,5,12.8,3,13.1,2,14.4,3,11.4,4,12.9,5,14.2,6,12.9,4,12.3,3,12.0,4,10.8,4,12.1,6,13.5,6,11.8,6,12.3,6,15.4,6,12.1,6.0,14.7,5,16.8,6,14.3,6,12.3,6,15.0,6,17.6,6,16.8,6,18.7,6,16.8,6,19.6,6,17.9,6
2016-06-16 00:00:00,12.7,4,11.5,4,11.8,4,11.6,4,11.0,4,12.1,6,11.3,6,12.2,5,12.4,3,12.7,3,13.9,3,11.1,4,12.5,5,13.8,6,12.5,4,11.9,3,11.5,4,10.4,4,11.7,6,13.2,6,11.4,6,11.9,5,14.8,6,11.8,6.0,14.2,5,16.2,6,13.8,6,11.9,6,14.4,6,17.1,5,16.4,6,18.2,6,16.4,6,19.4,6,17.4,5
2016-06-16 01:00:00,12.5,5,11.2,5,11.6,5,11.3,4,10.9,4,11.8,6,11.1,6,11.8,5,12.0,4,12.4,3,13.5,4,11.0,4,12.3,5,13.5,6,12.2,5,11.6,4,11.2,4,10.2,4,11.5,6,12.8,6,11.1,6,11.5,5,14.3,6,11.6,6.0,13.8,5,15.5,6,13.3,6,11.6,6,13.8,5,16.7,5,15.9,6,17.6,6,16.1,5,19.1,6,17.1,5
2016-06-16 02:00:00,12.4,5,11.0,5,11.6,5,11.1,5,11.0,5,11.7,6,11.0,6,11.5,5,11.7,4,12.1,4,13.1,4,11.1,5,12.2,5,13.3,6,12.0,6,11.4,5,11.0,5,10.3,5,11.5,6,12.6,6,10.8,6,11.3,5,13.8,6,11.5,6.0,13.5,5,15.0,6,13.1,6,11.4,6,13.3,5,16.3,5,15.6,5,17.1,5,15.9,5,18.9,5,16.8,5
2016-06-16 03:00:00,12.6,6,11.3,5,11.6,5,10.7,5,11.0,3,12.4,5,11.5,6,11.4,4,11.2,5,11.8,5,13.1,5,11.2,3,11.4,6,12.7,6,11.9,3,11.3,4,10.7,6,10.3,6,10.8,6,12.4,7,10.8,7,11.3,5,13.5,7,10.9,7.0,13.0,5,14.6,7,12.8,7,11.1,6,13.3,6,16.2,6,15.3,6,17.5,7,15.8,6,19.2,6,16.6,7
2016-06-16 04:00:00,12.5,6,11.4,5,11.8,5,10.8,5,11.3,4,12.4,5,11.6,6,11.5,5,11.1,5,11.8,5,12.8,5,11.5,3,11.9,6,13.1,7,12.0,3,11.3,5,10.6,6,10.6,6,11.2,6,12.8,7,10.7,6,11.4,5,13.5,7,10.9,7.0,13.0,5,14.8,7,13.1,7,11.2,5,13.2,6,16.2,7,15.6,7,17.6,7,16.1,6,19.4,6,16.3,7
2016-06-16 05:00:00,12.5,6,11.6,5,12.2,6,11.1,6,11.9,5,12.5,5,11.7,6,11.6,5,11.2,5,12.0,6,12.8,5,12.1,4,12.7,7,13.9,7,12.3,3,11.5,5,10.8,7,11.2,7,12.0,6,13.5,7,10.8,6,11.8,5,13.8,7,11.2,7.0,13.2,6,15.4,7,13.9,7,11.4,5,13.2,6,16.5,7,16.4,7,18.0,7,16.9,7,19.8,6,16.3,7
2016-06-16 06:00:00,12.7,7,12.0,6,12.8,6,11.6,6,12.8,5,12.9,6,11.9,6,12.0,6,11.6,5,12.6,6,13.1,5,12.9,4,13.6,7,14.8,7,12.8,3,11.9,6,11.3,7,12.0,7,13.0,7,14.4,7,11.1,6,12.5,5,14.3,6,11.9,7.0,13.6,6,16.3,7,15.0,7,11.8,5,13.5,6,17.1,7,17.3,6,18.7,6,18.0,7,20.3,7,16.7,7
2016-06-16 07:00:00,13.1,7,12.7,6,13.6,7,12.3,7,13.8,6,13.5,5,12.2,6,12.7,6,12.4,5,13.5,5,13.8,5,13.8,5,14.6,6,15.8,7,13.6,4,12.7,6,12.3,6,12.9,6,14.1,6,15.4,6,11.6,6,13.5,5,14.9,6,13.0,7.0,14.1,6,17.5,6,16.2,7,12.5,5,14.0,6,18.1,6,18.2,5,19.6,6,19.4,7,20.7,7,17.7,7
2016-06-16 08:00:00,13.7,7,13.5,6,14.5,6,13.1,7,15.0,6,14.4,5,12.6,6,13.6,6,13.5,5,14.6,5,14.8,5,14.6,5,15.7,6,16.9,7,14.6,5,13.6,5,13.6,6,13.9,6,15.2,6,16.4,6,12.3,6,14.7,5,15.7,6,14.2,7.0,14.6,6,18.7,5,17.4,7,13.3,6,14.7,5,19.2,5,19.0,4,20.5,5,20.8,7,21.0,7,19.0,7
2016-06-16 09:00:00,14.1,7,14.3,7,15.6,6,13.9,7,16.0,6,15.2,4,13.3,6,14.4,6,14.5,4,15.6,4,15.9,4,15.4,5,16.7,5,17.9,6,15.6,6,14.5,4,14.8,6,14.9,6,16.1,6,17.2,6,13.1,6,15.8,5,16.4,5,15.2,7.0,15.2,5,19.7,5,18.2,7,14.1,6,15.4,4,20.3,4,19.7,4,21.3,5,21.9,7,21.3,7,20.3,6
2016-06-16 10:00:00,14.4,7,15.0,7,16.7,5,14.6,6,16.9,5,15.9,4,14.2,5,15.1,6,15.3,4,16.4,4,16.8,4,16.0,6,17.6,4,18.9,6,16.3,6,15.2,4,15.8,6,15.8,6,16.7,6,17.9,6,13.8,6,16.7,5,17.1,5,15.9,7.0,15.7,5,20.4,5,18.6,7,14.7,6,16.0,4,21.1,3,20.2,4,21.8,4,22.5,7,21.6,7,21.4,6
2016-06-16 11:00:00,14.5,7,15.5,6,17.7,5,15.3,6,17.6,5,16.5,4,15.0,5,15.6,6,15.8,3,16.9,4,17.5,4,16.6,6,18.4,4,19.7,5,16.9,6,15.6,4,16.4,6,16.6,5,17.2,5,18.3,6,14.4,5,17.3,5,17.6,5,16.3,7.0,16.3,5,20.8,5,18.7,7,15.2,6,16.6,5,21.6,4,20.5,4,22.0,4,22.7,7,21.8,7,22.2,5
2016-06-16 12:00:00,14.7,7,16.0,6,18.3,5,15.7,6,18.2,5,17.0,4,15.7,5,16.2,6,16.2,3,17.2,4,17.9,4,17.1,6,19.0,4,20.3,5,17.3,6,16.0,5,16.8,6,17.1,5,17.6,5,18.6,7,14.8,5,17.7,6,18.2,6,16.5,7.0,16.7,5,21.1,5,18.7,7,15.6,6,17.1,5,22.0,4,21.0,4,22.2,4,22.7,6,21.9,7,22.5,4
2016-06-16 13:00:00,15.0,7,16.4,6,18.5,5,15.9,6,18.7,5,17.3,5,16.0,5,16.8,6,16.4,3,17.3,4,17.9,4,17.7,6,19.3,5,20.6,6,17.6,6,16.4,5,17.0,6,17.3,6,18.1,5,18.7,7,15.0,5,17.9,6,18.7,6,16.6,7.0,17.1,5,21.4,4,18.8,7,15.9,6,17.6,6,22.3,3,21.6,4,22.4,3,22.7,6,21.9,7,22.3,5
2016-06-16 14:00:00,15.4,7,16.6,7,18.3,6,16.0,6,18.9,6,17.4,5,15.9,6,17.3,6,16.4,4,17.2,4,17.8,4,18.2,6,19.2,6,20.6,6,17.7,5,16.6,6,16.9,5,17.2,6,18.6,6,18.7,7,14.9,5,17.9,6,19.2,6,16.7,7.0,17.3,5,21.7,3,18.9,7,16.1,6,17.9,6,22.4,2,22.2,3,22.5,3,22.7,6,21.8,7,21.8,6
2016-06-16 15:00:00,15.8,6,17.5,5,18.9,6,16.7,5,19.7,5,17.4,5,15.5,6,18.6,5,17.9,4,18.4,4,19.0,4,19.3,5,19.3,5,20.8,5,18.7,5,17.8,6,17.4,5,17.4,5,19.1,6,18.2,6,14.7,6,17.7,5,19.4,7,16.2,6.0,17.9,5,22.4,5,18.6,6,16.2,5,18.2,5,23.1,5,22.4,5,22.8,5,21.9,5,21.8,5,21.7,5
2016-06-16 16:00:00,15.7,6,17.5,6,18.5,7,16.7,5,19.3,5,16.8,5,15.5,6,18.3,5,17.8,5,18.3,5,18.9,5,18.8,6,18.8,6,19.9,6,18.4,5,17.5,6,17.2,6,17.5,6,18.5,6,18.0,6,14.5,5,17.3,6,19.1,7,15.7,6.0,17.7,5,22.0,5,18.8,6,15.9,5,17.8,5,22.7,5,22.1,5,22.4,5,21.8,5,21.5,5,21.4,5
2016-06-16 17:00:00,15.3,7,17.3,7,18.0,7,16.4,5,18.6,6,16.0,5,15.4,6,17.8,5,17.4,6,18.0,5,18.6,6,18.0,7,18.1,6,18.7,6,17.9,5,17.0,6,16.8,7,17.4,6,17.6,6,17.6,6,14.1,5,16.7,7,18.6,6,14.9,6.0,17.3,5,21.2,5,18.9,6,15.3,6,17.2,5,22.0,6,21.5,5,21.7,6,21.3,5,21.0,5,21.1,5
2016-06-16 18:00:00,14.9,7,16.7,7,17.3,7,15.9,6,17.6,6,15.2,5,15.0,6,17.1,5,16.9,6,17.5,6,18.1,6,16.9,7,17.2,7,17.6,7,17.2,5,16.3,6,16.3,7,17.0,6,16.5,6,17.0,6,13.5,5,16.0,8,17.9,6,14.0,6.0,16.8,5,20.1,6,18.4,6,14.6,6,16.5,6,21.1,6,20.6,5,20.8,6,20.4,5,20.5,5,20.6,5
2016-06-16 19:00:00,14.4,7,15.8,7,16.5,7,15.0,6,16.3,7,14.5,5,14.2,6,16.2,6,16.2,6,16.7,6,17.4,6,15.8,7,16.3,6,16.7,7,16.4,5,15.5,6,15.6,7,16.0,6,15.3,6,16.1,6,12.9,6,15.2,7,17.0,6,13.1,6.0,16.2,5,18.8,6,17.2,6,13.8,6,15.7,6,20.0,6,19.3,5,19.7,6,19.2,5,19.9,6,19.9,6
2016-06-16 20:00:00,14.0,6,14.7,6,15.5,6,14.0,6,15.0,7,13.9,5,13.3,7,15.1,6,15.4,6,15.7,6,16.7,6,14.7,6,15.4,6,16.1,7,15.6,5,14.7,6,14.9,6,14.8,5,14.3,6,15.0,6,12.4,6,14.5,7,16.1,6,12.2,6.0,15.6,6,17.6,7,15.6,5,13.1,6,15.0,5,18.9,5,17.9,5,18.6,5,17.9,5,19.3,5,19.1,6
2016-06-16 21:00:00,13.7,6,14.2,6,14.9,6,13.3,6,14.1,7,13.4,5,12.7,7,14.5,6,14.8,6,15.1,6,16.1,6,14.1,6,14.6,6,15.4,7,15.0,5,14.2,6,14.3,6,14.1,5,13.4,6,14.3,6,12.0,6,13.8,7,15.3,6,11.5,6.0,15.2,6,16.4,7,14.3,5,12.6,6,14.5,6,17.8,5,16.8,5,18.0,5,16.9,5,18.8,5,18.4,6
2016-06-16 22:00:00,13.5,6,13.6,6,14.2,6,12.7,6,13.3,7,13.0,6,12.3,7,13.9,6,14.3,6,14.5,6,15.6,6,13.6,6,14.0,6,14.7,7,14.4,6,13.8,6,13.8,6,13.5,5,12.8,6,13.7,6,11.8,6,13.1,6,14.6,6,11.0,6.0,14.9,6,15.4,6,13.1,5,12.1,6,14.1,6,16.9,5,15.9,5,17.3,5,16.0,4,18.3,5,17.6,6
2016-06-16 23:00:00,13.3,6,13.1,6,13.7,6,12.3,6,12.7,6,12.6,6,12.0,7,13.4,6,13.7,5,14.0,6,15.0,6,13.1,6,13.4,5,14.1,7,13.8,6,13.3,6,13.3,6,12.9,5,12.3,6,13.3,6,11.6,6,12.5,6,14.0,6,10.7,6.0,14.6,6,14.7,6,12.2,5,11.8,6,13.9,6,16.2,5,15.2,5,16.8,4,15.3,4,17.9,4,17.0,6
2016-06-17 00:00:00,13.1,6,12.6,6,13.2,6,12.0,6,12.2,6,12.4,7,11.9,7,12.9,6,13.2,5,13.5,5,14.5,5,12.7,6,12.9,5,13.7,6,13.3,6,12.9,6,12.8,6,12.4,5,11.9,6,12.9,6,11.5,6,12.1,6,13.5,6,10.5,6.0,14.3,6,14.1,6,11.5,5,11.7,6,13.7,6,15.6,5,14.7,5,16.3,4,14.7,3,17.6,4,16.4,6
2016-06-17 01:00:00,13.0,6,12.2,6,12.8,6,11.8,6,11.9,6,12.2,6,11.8,7,12.6,6,12.8,5,13.1,5,14.1,5,12.4,6,12.5,5,13.3,6,12.9,6,12.6,6,12.4,6,12.0,5,11.7,6,12.6,6,11.3,6,11.8,5,13.2,6,10.2,5.0,14.1,5,13.7,6,11.1,5,11.6,6,13.5,6,15.3,5,14.5,5,15.9,3,14.1,3,17.3,3,16.0,5
2016-06-17 02:00:00,12.8,6,12.0,6,12.5,6,11.6,6,11.7,6,12.1,5,11.8,6,12.3,6,12.4,5,12.8,5,13.7,5,12.2,6,12.2,5,13.1,6,12.6,6,12.4,6,12.1,6,11.7,5,11.6,6,12.4,6,11.2,6,11.6,5,13.1,5,9.9,5.0,13.9,5,13.6,6,11.0,5,11.7,6,13.4,6,15.1,5,14.4,5,15.7,2,13.5,2,17.1,3,15.8,5
2016-06-17 03:00:00,12.3,5,11.3,6,11.8,6,11.5,4,11.3,6,12.5,5,11.9,5,12.3,5,11.3,6,11.8,6,13.1,6,11.9,6,12.5,6,13.4,6,12.8,5,11.8,6,11.2,4,10.6,5,11.3,4,12.3,6,10.7,7,10.9,3,12.8,7,9.3,4.0,13.7,5,13.1,2,10.8,3,11.3,2,13.1,2,15.1,3,13.7,2,14.9,2,13.7,1,17.3,2,15.7,4
2016-06-17 04:00:00,12.1,5,11.3,6,12.0,6,11.4,5,11.7,6,12.6,5,12.0,6,12.3,5,11.2,6,11.9,6,12.9,6,12.1,6,12.6,6,13.4,6,12.8,5,11.8,6,11.2,4,10.9,4,11.6,4,12.4,6,10.6,7,11.1,3,12.9,7,9.4,5.0,13.8,6,13.2,2,10.9,2,11.5,3,13.1,2,15.0,3,14.0,2,14.9,2,13.7,2,17.3,2,15.8,5
2016-06-17 05:00:00,12.1,6,11.6,6,12.3,6,11.4,5,12.3,6,12.8,5,12.1,6,12.4,5,11.4,6,12.2,6,13.0,6,12.6,6,12.8,7,13.8,5,13.0,5,12.1,6,11.3,5,11.4,4,12.1,4,12.9,6,10.8,6,11.7,4,13.2,7,9.8,6.0,14.1,6,13.7,2,11.5,2,12.0,4,13.3,2,15.2,4,14.8,2,15.3,2,14.1,2,17.7,3,16.2,5
2016-06-17 06:00:00,12.2,6,12.0,6,12.8,6,11.7,6,13.1,6,13.2,6,12.3,6,12.7,6,11.9,6,12.9,6,13.4,6,13.2,6,13.4,7,14.4,4,13.6,5,12.6,6,11.8,5,12.2,4,12.9,5,13.7,6,11.1,6,12.6,4,13.7,7,10.8,7.0,14.5,6,14.8,2,12.7,3,12.6,5,13.7,3,16.0,4,16.0,2,16.1,2,15.2,2,18.4,3,16.9,5
2016-06-17 07:00:00,12.5,7,12.6,6,13.5,6,12.5,6,13.9,6,13.8,6,12.5,7,13.4,6,12.7,6,13.8,6,14.2,6,14.0,6,14.2,6,15.4,4,14.5,6,13.4,6,12.6,5,13.2,4,13.8,5,14.7,6,11.7,6,13.8,4,14.5,6,12.4,7.0,14.9,7,16.5,2,14.4,3,13.5,5,14.3,3,17.5,4,17.6,2,17.5,2,17.1,2,19.4,3,18.0,5
2016-06-17 08:00:00,12.8,7,13.3,6,14.2,6,13.5,6,14.6,6,14.6,6,12.8,7,14.3,6,13.8,6,14.9,6,15.1,6,14.8,6,15.3,6,16.6,4,15.6,6,14.4,6,13.5,6,14.2,4,14.8,6,15.9,5,12.5,7,15.1,5,15.4,5,14.3,6.0,15.4,7,18.4,2,16.4,2,14.5,6,15.0,4,19.3,4,19.4,2,19.2,2,19.4,2,20.5,2,19.3,4
2016-06-17 09:00:00,13.2,7,14.0,6,15.1,6,14.6,5,15.2,6,15.3,6,13.3,7,15.3,6,14.7,6,15.9,6,16.1,6,15.5,6,16.3,5,17.8,4,16.5,6,15.3,6,14.5,6,15.2,5,15.8,6,17.0,5,13.2,7,16.2,5,16.5,4,16.1,6.0,16.0,6,20.2,2,18.2,2,15.4,6,15.9,4,21.0,3,21.0,2,20.8,2,21.7,2,21.5,2,20.6,4
2016-06-17 10:00:00,13.5,7,14.5,6,16.0,6,15.5,5,15.8,6,16.0,6,13.9,7,16.1,6,15.4,6,16.7,6,16.9,6,16.1,6,17.2,5,18.9,5,17.1,6,16.0,6,15.4,6,16.1,5,16.7,6,17.9,5,13.8,7,17.0,5,17.7,3,17.5,5.0,16.7,6,21.6,3,19.6,2,16.0,6,16.8,4,22.1,4,22.1,3,22.1,2,23.5,2,22.3,2,21.6,4
2016-06-17 11:00:00,13.8,7,14.9,6,16.9,6,16.1,5,16.3,6,16.5,5,14.6,7,16.7,5,15.9,6,17.3,6,17.4,6,16.6,5,18.0,5,19.7,5,17.4,6,16.5,6,16.1,7,16.7,5,17.4,6,18.6,5,14.1,7,17.6,5,18.8,2,18.5,5.0,17.3,6,22.6,4,20.6,2,16.4,6,17.7,5,22.6,4,22.8,4,22.9,2,24.7,2,22.7,2,22.3,4
2016-06-17 12:00:00,14.1,7,15.3,6,17.4,6,16.5,5,16.8,6,17.0,5,15.2,7,17.2,5,16.2,6,17.6,6,17.8,6,17.0,5,18.5,5,20.3,5,17.6,6,16.8,6,16.5,7,17.1,5,18.0,6,19.1,5,14.4,7,17.9,5,19.7,2,19.2,5.0,17.7,6,23.2,4,21.2,3,16.6,7,18.3,5,22.9,4,23.3,4,23.4,3,25.4,2,23.0,2,22.5,5
2016-06-17 13:00:00,14.4,7,15.8,6,17.5,7,16.7,6,17.2,6,17.3,4,15.5,7,17.5,5,16.4,6,17.7,6,18.0,6,17.4,6,18.8,5,20.5,5,17.8,5,17.1,6,16.7,6,17.2,6,18.5,6,19.3,6,14.5,7,18.0,6,20.2,3,19.6,5.0,17.8,6,23.6,4,21.6,3,16.6,7,18.6,5,23.0,3,23.7,4,23.6,2,25.5,2,23.1,2,22.3,5
2016-06-17 14:00:00,14.7,7,16.3,6,17.3,7,16.6,6,17.4,6,17.5,4,15.5,7,17.7,6,16.6,6,17.6,6,18.0,6,17.8,6,18.9,6,20.5,5,17.9,5,17.2,6,16.7,6,17.1,6,18.8,6,19.4,6,14.6,7,18.0,6,20.5,4,19.7,5.0,17.7,7,23.7,4,21.7,4,16.5,7,18.6,6,23.0,3,23.9,3,23.4,2,25.3,2,23.0,2,21.9,6
2016-06-17 15:00:00,15.0,7,16.4,7,17.5,7,16.4,6,18.3,6,17.3,5,15.5,6,17.9,6,16.3,6,17.1,7,17.7,7,18.1,7,18.4,5,19.7,5,18.2,5,17.3,7,17.1,7,17.6,7,18.6,5,18.8,4,15.3,5,18.4,6,19.9,5,18.1,7.0,18.2,5,23.4,3,21.2,4,17.0,6,19.3,3,22.3,2,23.7,3,22.9,2,23.9,2,22.1,2,21.7,7
2016-06-17 16:00:00,15.1,6,16.6,6,17.1,7,16.4,5,18.2,6,17.0,4,15.4,6,17.8,6,16.6,6,17.3,7,17.9,6,18.0,7,18.3,5,19.4,5,18.0,5,17.2,6,17.0,7,17.7,7,18.4,5,18.8,4,15.2,5,18.1,6,19.9,5,17.5,7.0,18.2,5,22.8,3,20.8,4,16.7,6,19.2,4,21.8,2,23.1,2,22.4,2,23.3,3,21.9,2,21.4,7
2016-06-17 17:00:00,15.0,5,16.6,6,16.7,7,16.3,5,17.8,6,16.5,3,15.1,5,17.4,6,16.7,6,17.3,6,17.9,6,17.6,6,18.0,5,18.9,4,17.6,6,17.0,6,16.7,6,17.7,7,17.8,4,18.6,3,15.0,5,17.6,6,19.6,5,16.6,6.0,18.2,4,21.9,3,20.0,4,16.2,6,18.7,5,21.0,2,22.0,2,21.6,2,22.6,3,21.5,2,21.1,7
2016-06-17 18:00:00,14.6,4,16.1,5,16.1,6,15.8,4,17.0,6,15.8,3,14.6,5,16.8,5,16.5,6,17.1,6,17.7,6,16.9,6,17.3,4,18.1,3,17.0,6,16.5,6,16.3,6,17.2,6,17.0,4,18.0,3,14.5,6,16.8,6,19.0,5,15.6,6.0,17.8,4,20.8,3,18.9,4,15.4,6,18.0,5,20.2,2,20.7,2,20.8,3,21.6,4,21.0,2,20.6,6
2016-06-17 19:00:00,14.0,4,15.2,4,15.3,6,14.9,5,15.8,6,14.9,3,13.7,5,15.9,4,15.9,6,16.4,6,17.2,6,15.8,6,16.4,3,17.1,3,16.2,6,15.8,5,15.6,6,16.1,6,16.0,3,16.9,2,13.8,5,15.8,5,18.1,5,14.4,6.0,17.0,3,19.5,3,17.5,3,14.5,6,17.0,5,19.3,2,19.3,2,19.9,3,20.4,3,20.4,2,19.9,6
2016-06-17 20:00:00,13.3,4,14.1,4,14.3,5,13.8,5,14.4,6,13.9,4,12.7,5,14.8,3,15.0,6,15.5,6,16.5,6,14.5,6,15.3,3,16.1,2,15.3,5,15.0,6,14.8,5,14.8,5,14.9,3,15.5,2,13.1,5,14.7,4,17.1,4,13.3,5.0,16.0,3,18.2,3,16.0,3,13.6,5,15.8,4,18.5,2,17.9,2,18.9,3,19.0,3,19.7,2,19.1,6
2016-06-17 21:00:00,12.9,4,13.2,4,13.5,5,13.0,6,13.4,6,13.2,4,12.4,4,13.8,3,14.2,6,14.7,6,15.9,6,13.7,6,14.5,3,15.5,3,14.6,5,14.2,6,14.1,5,13.7,5,14.1,3,14.4,3,12.5,5,14.1,4,16.1,5,12.3,5.0,15.1,3,17.4,3,15.1,2,12.8,5,15.0,4,17.7,2,17.2,2,18.3,3,17.7,3,19.2,2,18.3,6
2016-06-17 22:00:00,12.6,4,12.5,4,12.9,5,12.3,6,12.7,6,12.6,4,12.1,5,12.9,4,13.5,6,14.0,6,15.3,6,13.0,6,13.7,3,14.9,3,13.9,5,13.5,6,13.3,5,12.8,5,13.3,4,13.5,3,11.9,5,13.6,4,15.3,5,11.4,5.0,14.4,4,16.6,3,14.3,2,12.2,5,14.4,4,17.0,3,16.5,3,17.7,3,16.6,3,18.8,2,17.6,6
2016-06-17 23:00:00,12.3,4,11.9,4,12.5,5,11.9,5,12.2,6,12.2,4,11.9,5,12.3,4,12.8,6,13.5,6,14.7,6,12.5,6,13.1,3,14.5,4,13.5,6,12.9,6,12.7,5,12.1,5,12.8,4,12.9,3,11.6,5,13.1,4,14.7,5,10.8,5.0,14.0,4,15.9,3,13.6,2,11.7,5,14.0,5,16.5,3,16.0,3,17.2,3,15.6,3,18.5,2,17.0,5
2016-06-18 00:00:00,12.2,5,11.6,5,12.3,6,11.6,5,11.8,6,12.0,4,11.7,5,11.9,4,12.3,6,13.0,5,14.1,6,12.1,6,12.6,4,14.1,4,13.1,6,12.5,6,12.3,5,11.6,5,12.5,5,12.6,4,11.3,5,12.7,4,14.3,5,10.4,5.0,13.7,4,15.3,3,13.0,3,11.4,5,13.7,5,16.1,3,15.6,3,16.8,3,14.9,4,18.1,3,16.5,5
2016-06-18 01:00:00,12.2,5,11.4,5,12.1,6,11.5,5,11.5,5,11.9,5,11.6,5,11.8,4,11.9,6,12.6,5,13.7,5,11.9,6,12.3,4,13.8,5,12.9,6,12.2,6,11.9,5,11.4,5,12.2,5,12.6,5,11.2,5,12.4,4,13.9,5,10.1,5.0,13.5,4,14.9,3,12.6,3,11.3,5,13.6,5,15.9,4,15.3,4,16.5,4,14.4,4,17.9,3,16.2,5
2016-06-18 02:00:00,12.3,6,11.4,6,12.0,6,11.5,6,11.4,5,12.0,5,11.5,5,11.9,5,11.7,5,12.3,5,13.4,5,11.9,6,12.2,4,13.7,5,12.7,6,12.1,6,11.8,5,11.3,5,12.2,6,12.7,5,11.2,5,12.2,5,13.7,5,10.1,5.0,13.4,5,14.7,4,12.4,4,11.3,5,13.4,5,15.8,4,15.3,4,16.3,4,14.2,4,17.7,3,16.0,5
2016-06-18 03:00:00,12.0,5,11.7,7,11.7,5,11.1,4,11.1,5,12.0,4,11.5,4,12.1,6,11.6,6,12.2,6,13.2,6,12.0,6,12.2,6,12.7,3,12.4,3,12.1,6,11.6,6,11.4,6,12.0,5,12.3,3,10.9,6,11.6,5,13.8,7,9.8,4.0,13.3,4,13.7,2,10.7,2,11.2,5,13.5,6,15.6,3,14.4,3,15.3,2,14.0,2,17.1,2,16.1,5
2016-06-18 04:00:00,12.0,5,11.7,7,11.8,5,11.0,5,11.3,5,12.1,4,11.4,4,12.0,6,11.6,6,12.3,6,13.1,6,12.3,7,12.6,6,13.1,3,12.4,3,12.1,7,11.6,6,11.7,7,12.4,5,12.8,4,10.8,6,11.7,5,13.9,7,9.8,5.0,13.3,5,13.9,3,11.1,3,11.2,6,13.4,6,15.6,3,14.7,3,15.4,3,14.3,2,17.3,2,16.1,5
2016-06-18 05:00:00,12.1,5,11.8,7,12.2,5,11.2,6,11.9,6,12.4,4,11.5,5,11.9,5,11.8,6,12.6,6,13.2,6,12.9,7,13.2,7,13.9,4,12.6,3,12.2,7,11.8,6,12.3,7,13.0,6,13.6,5,10.9,6,12.2,5,14.2,7,10.2,6.0,13.6,5,14.5,3,11.9,3,11.3,6,13.5,6,16.0,4,15.4,3,15.9,3,15.1,2,17.9,3,16.3,6
2016-06-18 06:00:00,12.3,5,12.3,7,12.8,5,11.7,6,12.8,6,13.0,4,11.9,5,12.3,5,12.4,6,13.3,6,13.6,6,13.6,7,14.0,7,14.9,4,13.3,4,12.7,6,12.4,6,13.2,7,13.9,6,14.5,6,11.3,6,13.1,6,14.7,6,11.1,6.0,14.1,5,15.6,3,13.3,4,11.8,6,13.9,6,16.9,3,16.6,3,16.8,3,16.4,2,18.7,3,17.0,6
2016-06-18 07:00:00,12.7,5,13.2,6,13.6,6,12.7,6,13.9,6,13.9,4,12.6,5,13.2,6,13.3,6,14.3,6,14.4,6,14.4,7,15.0,7,16.1,5,14.5,4,13.6,6,13.3,6,14.3,7,14.8,6,15.6,6,12.0,6,14.2,5,15.5,6,12.5,6.0,14.9,5,17.3,3,15.2,4,12.7,6,14.6,6,18.4,3,18.2,3,18.2,3,18.3,2,19.7,3,18.1,6
2016-06-18 08:00:00,13.2,5,14.2,6,14.6,6,14.1,6,15.2,6,14.9,3,13.5,5,14.5,6,14.4,5,15.5,5,15.5,6,15.3,7,16.1,6,17.3,6,16.0,5,14.8,5,14.5,6,15.4,6,15.8,6,16.7,6,12.9,6,15.4,5,16.4,5,14.2,6.0,15.9,5,19.1,3,17.3,4,13.8,6,15.4,6,20.3,3,20.0,3,19.8,2,20.5,2,20.7,3,19.4,5
2016-06-18 09:00:00,13.7,4,15.1,6,15.6,5,15.4,6,16.4,6,15.9,3,14.5,5,15.8,6,15.5,5,16.6,5,16.7,5,16.1,6,17.1,6,18.5,6,17.3,5,16.0,5,15.6,6,16.4,6,16.7,6,17.7,5,13.9,6,16.4,4,17.3,4,15.8,6.0,16.9,5,20.9,2,19.1,4,14.8,6,16.2,6,21.9,3,21.6,3,21.4,2,22.6,1,21.5,4,20.6,4
2016-06-18 10:00:00,14.1,4,15.7,5,16.5,5,16.5,5,17.4,6,16.7,3,15.4,5,16.9,6,16.4,5,17.5,5,17.7,5,16.8,6,17.9,6,19.6,6,18.2,5,17.0,5,16.6,6,17.1,6,17.5,6,18.5,5,14.8,5,17.1,4,18.1,4,17.0,6.0,17.7,5,22.2,2,20.4,3,15.6,7,16.8,6,23.0,3,22.8,3,22.7,2,24.4,1,22.0,4,21.6,4
2016-06-18 11:00:00,14.4,4,16.1,5,17.3,5,17.2,5,18.2,6,17.4,4,16.1,5,17.7,5,17.1,5,18.1,5,18.5,5,17.4,6,18.4,6,20.4,5,18.8,5,17.7,5,17.3,6,17.7,6,18.2,6,19.2,5,15.4,5,17.6,4,18.7,3,17.9,6.0,18.2,5,23.1,3,21.3,3,16.2,7,17.1,6,23.6,3,23.6,3,23.7,2,25.6,2,22.2,4,22.2,4
2016-06-18 12:00:00,14.6,3,16.4,4,17.9,4,17.7,6,18.7,6,17.8,4,16.6,5,18.4,5,17.6,5,18.5,5,19.0,5,17.9,5,18.8,6,20.9,5,19.2,5,18.3,5,17.9,6,18.0,6,18.8,6,19.5,5,15.8,5,18.0,5,19.3,3,18.4,6.0,18.6,6,23.7,3,21.8,3,16.6,7,17.5,6,24.0,3,24.2,3,24.4,2,26.3,2,22.2,4,22.5,5
2016-06-18 13:00:00,14.8,4,16.8,4,18.2,5,17.8,6,19.0,6,18.0,4,16.8,5,18.9,5,17.9,5,18.6,5,19.2,5,18.3,5,19.1,6,21.1,5,19.5,5,18.7,5,18.2,6,18.2,6,19.3,6,19.6,6,15.9,5,18.3,5,19.8,3,18.7,6.0,18.8,6,24.1,3,22.1,4,16.8,7,17.9,6,24.3,3,24.6,3,24.8,2,26.4,2,22.1,4,22.5,5
2016-06-18 14:00:00,15.0,4,17.2,5,18.3,5,17.7,6,19.1,6,18.1,4,16.7,5,19.2,5,18.1,5,18.6,5,19.2,5,18.6,5,19.2,6,20.9,6,19.6,5,18.9,5,18.4,6,18.4,6,19.6,6,19.5,5,15.7,5,18.6,6,20.2,4,18.7,6.0,18.9,5,24.2,2,22.3,4,16.9,7,18.3,6,24.4,2,24.8,3,24.8,1,26.0,2,22.0,3,22.3,5
2016-06-18 15:00:00,15.1,7,16.7,7,16.9,7,17.0,6,18.3,7,17.9,4,16.6,5,19.0,5,17.7,6,18.3,6,18.9,6,18.1,5,18.3,5,20.7,6,19.5,3,18.7,5,18.2,3,18.7,4,19.6,5,19.5,6,16.0,5,18.5,5,20.6,5,18.1,7.0,18.6,4,23.5,3,21.4,4,16.1,6,18.1,6,23.4,3,23.5,3,24.0,2,24.7,2,21.3,5,21.7,6
2016-06-18 16:00:00,15.0,6,16.7,6,16.6,7,16.9,5,18.2,7,17.6,3,16.5,4,18.8,5,17.5,6,18.2,6,18.7,6,18.1,4,18.1,5,20.0,5,19.2,3,18.6,5,18.0,3,18.6,3,19.3,5,19.3,6,16.0,5,18.2,5,20.5,5,17.5,7.0,18.6,3,22.8,3,20.9,4,16.0,6,18.1,6,23.1,4,22.9,4,23.4,2,24.1,2,21.0,6,21.5,6
2016-06-18 17:00:00,14.7,6,16.4,6,16.2,7,16.6,5,17.7,7,17.2,2,16.3,3,18.4,5,17.1,6,17.9,6,18.3,6,18.0,3,17.7,4,19.2,4,18.8,3,18.4,5,17.6,2,18.3,3,18.7,4,18.8,6,15.7,5,17.6,5,19.9,5,16.7,7.0,18.6,3,21.9,3,20.2,3,15.6,6,17.9,5,22.4,5,22.0,5,22.7,2,23.3,2,20.8,6,21.2,5
2016-06-18 18:00:00,14.3,6,15.7,5,15.6,6,16.0,5,16.8,6,16.4,2,15.7,3,17.6,5,16.5,6,17.4,6,17.7,6,17.4,3,17.1,4,18.3,3,18.2,3,17.8,5,17.0,2,17.5,2,17.7,4,18.1,5,15.3,4,16.8,5,19.1,5,15.7,6.0,18.2,2,20.8,3,19.3,2,15.0,6,17.3,5,21.6,5,20.9,5,21.9,2,22.4,2,20.5,6,20.7,5
2016-06-18 19:00:00,13.8,5,14.7,5,14.8,5,14.9,5,15.5,6,15.3,2,14.7,2,16.4,5,15.8,6,16.7,6,17.1,6,16.3,3,16.3,4,17.4,3,17.2,4,16.9,4,16.2,3,16.2,2,16.5,3,16.9,5,14.6,4,15.9,4,18.1,5,14.5,6.0,17.4,2,19.8,3,18.2,2,14.2,6,16.5,5,20.7,5,19.7,4,21.1,1,21.2,2,20.1,5,19.9,4
2016-06-18 20:00:00,13.4,5,13.6,6,13.9,4,13.7,6,14.0,6,14.2,3,13.5,2,15.1,5,15.1,5,15.8,5,16.4,5,14.9,4,15.3,4,16.5,4,16.2,3,15.7,3,15.3,3,14.7,2,15.3,3,15.6,4,13.8,3,15.0,3,17.0,5,13.3,6.0,16.3,2,18.8,2,17.0,2,13.4,6,15.6,5,19.7,3,18.7,3,20.4,1,19.7,2,19.7,5,19.1,3
2016-06-18 21:00:00,12.9,5,12.8,6,13.3,3,12.8,5,13.0,6,13.3,4,12.7,2,14.0,5,14.4,4,15.1,5,15.8,5,13.9,5,14.7,4,15.7,5,15.3,3,15.0,3,14.6,4,13.7,3,14.4,3,14.5,4,13.2,3,14.2,3,16.1,5,12.4,6.0,15.5,2,18.0,3,15.9,2,12.6,6,14.9,5,18.8,3,17.8,3,19.7,1,18.4,2,19.2,5,18.4,3
2016-06-18 22:00:00,12.5,5,12.2,6,12.9,2,12.0,5,12.1,6,12.7,4,12.0,3,13.0,4,13.8,4,14.4,5,15.1,4,13.1,5,14.1,4,15.0,5,14.5,3,14.3,4,13.9,4,12.8,3,13.6,3,13.8,5,12.6,3,13.6,4,15.4,5,11.7,6.0,14.8,2,17.2,3,14.8,2,12.0,5,14.5,5,18.1,2,17.2,2,19.0,2,17.2,2,18.7,5,17.7,3
2016-06-18 23:00:00,12.2,5,11.7,6,12.4,2,11.6,5,11.5,5,12.2,5,11.6,3,12.4,4,13.2,4,13.7,5,14.5,3,12.5,5,13.6,4,14.4,5,13.9,4,13.7,4,13.3,4,12.0,3,13.0,3,13.4,5,12.2,4,13.0,4,14.9,5,11.2,6.0,14.3,3,16.6,3,13.8,2,11.6,5,14.3,5,17.5,2,16.8,2,18.4,2,16.1,3,18.3,5,17.1,4
2016-06-19 00:00:00,12.0,5,11.4,6,12.1,3,11.3,5,11.0,5,12.0,5,11.4,4,12.0,4,12.6,4,13.1,5,14.0,3,12.0,6,13.1,4,13.9,5,13.3,4,13.1,5,12.7,5,11.4,4,12.6,4,13.2,5,11.9,4,12.6,4,14.4,5,10.8,6.0,14.1,3,16.0,4,13.0,2,11.4,5,14.2,5,17.1,2,16.5,2,17.7,3,15.2,3,17.9,5,16.7,4
2016-06-19 01:00:00,12.0,5,11.1,6,11.8,3,11.2,5,10.8,5,11.8,5,11.3,4,11.8,5,12.2,4,12.6,5,13.5,3,11.7,6,12.7,5,13.5,5,12.8,5,12.6,5,12.2,5,11.0,4,12.3,5,13.0,5,11.8,5,12.2,5,14.1,5,10.5,5.0,14.0,4,15.4,4,12.4,3,11.5,5,14.0,5,16.7,3,16.1,3,17.1,3,14.6,4,17.6,5,16.3,4
2016-06-19 02:00:00,12.1,5,11.0,6,11.7,4,11.3,5,10.8,5,11.7,5,11.2,5,11.7,5,11.8,4,12.2,5,13.1,4,11.6,6,12.5,5,13.3,6,12.4,6,12.2,5,11.8,6,10.9,5,12.1,6,12.9,6,11.7,5,12.0,5,13.9,5,10.3,5.0,14.0,4,15.0,5,12.1,5,11.7,5,13.9,5,16.5,4,15.7,4,16.6,4,14.2,4,17.5,5,16.0,4
2016-06-19 03:00:00,12.6,6,11.5,6,11.8,5,11.7,5,11.0,4,12.8,7,12.0,6,12.0,5,11.4,5,11.9,5,12.9,5,11.9,6,12.2,5,13.0,5,12.5,6,12.0,4,11.5,5,11.3,5,12.2,5,12.4,6,11.2,6,11.8,6,13.7,6,10.3,5.0,13.6,4,15.1,1,12.3,1,11.1,4,13.4,6,16.4,2,15.3,1,16.8,1,14.5,2,17.7,3,16.4,2
2016-06-19 04:00:00,12.7,6,11.7,6,11.9,5,11.8,6,11.1,4,13.0,6,12.2,6,12.1,5,11.4,5,11.9,5,12.8,5,12.0,6,12.4,5,13.1,6,12.4,5,12.0,4,11.3,5,11.3,5,12.3,5,12.5,7,11.0,6,11.9,6,13.6,6,10.1,5.0,13.7,4,15.4,1,12.7,1,11.1,4,13.2,6,16.4,2,15.8,1,17.0,1,14.9,2,18.0,3,16.4,2
2016-06-19 05:00:00,12.9,5,12.0,5,12.2,6,12.2,6,11.5,5,13.3,6,12.6,7,12.4,5,11.6,5,12.2,5,12.8,5,12.3,6,12.8,5,13.6,6,12.7,5,12.2,4,11.4,5,11.7,5,12.6,6,13.0,7,11.0,6,12.4,6,13.8,7,10.3,4.0,13.9,4,16.1,1,13.6,1,11.2,4,13.3,5,16.8,2,16.7,2,17.5,1,15.9,2,18.5,3,16.7,3
2016-06-19 06:00:00,13.0,5,12.5,5,12.7,6,12.7,6,12.2,5,13.7,6,13.1,7,13.0,6,12.0,5,12.8,5,13.2,5,12.9,6,13.5,5,14.4,6,13.3,4,12.7,4,11.9,5,12.3,6,13.3,6,13.7,7,11.3,6,13.2,6,14.2,7,11.0,4.0,14.4,4,17.2,2,14.8,1,11.8,4,13.7,4,17.7,2,17.9,2,18.4,1,17.2,2,19.4,3,17.4,3
2016-06-19 07:00:00,13.2,6,13.2,5,13.5,6,13.4,7,13.3,5,14.2,6,13.6,7,13.8,6,12.7,5,13.8,5,14.0,5,13.6,6,14.4,6,15.5,6,14.4,5,13.6,5,12.8,5,13.3,6,14.3,6,14.7,6,12.0,6,14.3,6,15.0,6,12.3,4.0,15.2,4,18.6,2,16.3,1,12.9,5,14.5,4,19.3,2,19.3,2,19.6,1,18.9,1,20.4,3,18.4,3
2016-06-19 08:00:00,13.3,6,14.0,6,14.4,6,14.2,7,14.5,6,14.9,7,14.2,7,14.7,7,13.6,5,14.9,5,15.0,6,14.5,6,15.4,6,16.7,6,15.6,6,14.7,5,14.0,5,14.4,5,15.4,6,15.8,4,12.9,6,15.3,6,16.0,5,14.0,4.0,16.1,5,20.2,3,17.9,1,14.3,6,15.6,5,21.2,2,20.8,3,21.0,1,20.6,1,21.5,3,19.7,3
2016-06-19 09:00:00,13.6,6,14.7,6,15.4,6,15.0,7,15.6,6,15.6,7,14.8,7,15.6,7,14.5,5,15.9,5,16.0,6,15.3,6,16.4,6,18.0,5,16.7,7,15.7,6,15.0,6,15.5,5,16.4,5,16.9,4,13.8,6,16.1,5,16.9,4,15.6,5.0,17.0,5,21.6,3,19.4,1,15.5,6,16.6,6,22.9,2,22.1,3,22.3,1,22.3,1,22.3,3,21.0,3
2016-06-19 10:00:00,14.0,6,15.3,6,16.3,6,15.6,7,16.5,6,16.3,7,15.5,7,16.3,7,15.4,5,16.7,5,16.9,5,16.1,7,17.3,6,19.1,4,17.5,7,16.4,6,15.7,6,16.4,5,17.0,4,17.8,4,14.5,6,16.4,5,17.6,3,16.9,5.0,17.8,5,22.6,4,20.6,2,16.2,6,17.4,6,24.1,2,23.1,3,23.4,2,23.6,1,22.7,2,22.2,3
2016-06-19 11:00:00,14.4,5,15.8,6,17.0,7,16.1,7,17.1,6,17.0,7,16.1,7,16.9,7,16.1,5,17.2,5,17.6,5,16.8,6,17.9,6,20.0,3,17.9,7,16.7,7,16.1,6,17.0,5,17.5,4,18.5,5,15.0,6,16.5,6,18.2,3,17.9,5.0,18.4,6,23.3,4,21.5,2,16.6,7,18.0,6,24.9,2,23.9,3,24.4,3,24.5,1,22.9,2,23.0,3
2016-06-19 12:00:00,14.8,4,16.3,6,17.6,7,16.4,7,17.6,6,17.5,7,16.7,7,17.5,7,16.7,6,17.6,6,18.1,5,17.3,6,18.4,6,20.5,3,18.2,7,17.0,7,16.4,7,17.3,6,17.8,4,18.9,5,15.3,6,16.5,6,18.7,3,18.6,6.0,18.8,6,23.8,4,22.1,2,16.8,7,18.5,6,25.4,2,24.6,3,25.0,3,24.9,1,22.9,2,23.5,3
2016-06-19 13:00:00,15.2,4,16.9,6,18.0,7,16.6,7,18.1,6,17.8,7,17.2,7,18.1,7,17.1,6,17.9,6,18.5,6,17.6,7,18.6,6,20.7,4,18.3,7,17.2,7,16.6,7,17.4,6,18.2,5,19.1,6,15.4,6,16.8,6,19.1,4,19.1,6.0,19.0,6,24.1,4,22.4,2,17.0,7,18.9,6,25.6,2,25.1,3,25.4,3,24.8,1,22.9,2,23.5,3
2016-06-19 14:00:00,15.5,5,17.4,6,18.3,7,16.8,7,18.5,6,17.9,7,17.4,7,18.6,7,17.4,6,18.1,6,18.8,6,17.8,7,18.6,6,20.5,5,18.4,7,17.4,7,16.7,7,17.4,6,18.5,6,19.2,5,15.3,7,17.1,7,19.5,5,19.2,7.0,19.1,7,24.1,4,22.4,2,17.1,7,19.1,6,25.6,3,25.4,3,25.4,3,24.5,2,22.8,3,23.1,4
2016-06-19 15:00:00,15.1,6,17.1,6,18.7,7,17.0,7,19.1,6,17.7,7,17.0,7,18.7,7,17.7,7,18.3,7,18.9,7,17.9,7,18.1,4,19.6,6,18.5,7,18.6,7,17.9,6,18.0,6,18.3,6,18.6,5,16.4,5,17.6,7,19.0,5,18.3,5.0,19.8,6,23.5,3,22.5,2,17.4,7,19.7,6,25.2,2,25.0,3,24.7,1,24.4,1,22.1,2,22.6,4
2016-06-19 16:00:00,14.9,6,17.0,6,18.2,6,16.9,6,19.0,5,17.4,7,16.8,7,18.7,6,17.6,7,18.3,7,18.9,7,18.0,7,18.2,4,19.4,6,18.3,6,18.4,7,17.8,6,18.1,6,18.2,5,18.6,5,16.3,6,17.6,6,19.0,5,17.7,5.0,19.7,6,22.8,3,21.9,2,17.3,6,19.9,6,24.6,3,24.2,4,24.1,1,24.1,2,22.0,2,22.5,4
2016-06-19 17:00:00,14.7,6,16.6,6,17.6,6,16.7,6,18.6,5,16.9,6,16.3,7,18.3,5,17.4,7,18.3,6,18.7,6,17.9,6,18.1,5,19.0,5,18.0,5,18.0,7,17.6,5,18.0,6,17.7,4,18.5,5,16.1,6,17.3,5,18.7,4,16.7,4.0,19.4,6,21.9,3,21.0,2,17.0,5,19.8,5,23.6,3,23.0,4,23.4,2,23.8,2,21.8,2,22.3,4
2016-06-19 18:00:00,14.4,6,16.0,6,16.8,5,16.2,5,17.8,5,16.3,6,15.8,7,17.7,5,16.9,6,18.0,6,18.3,6,17.4,6,17.6,5,18.3,4,17.5,5,17.5,6,17.1,5,17.4,6,17.0,4,18.0,5,15.6,6,16.7,4,18.0,4,15.6,4.0,18.8,6,20.9,3,19.8,1,16.4,4,19.3,4,22.6,3,21.7,4,22.5,2,23.0,2,21.4,2,21.9,4
2016-06-19 19:00:00,14.1,6,15.3,6,16.0,5,15.5,5,16.5,5,15.8,6,15.2,6,16.9,5,16.2,6,17.4,6,17.8,6,16.2,6,16.6,5,17.3,4,16.7,5,16.8,6,16.4,4,16.0,6,15.9,4,16.9,5,14.9,6,15.8,4,17.0,4,14.4,4.0,17.9,5,20.0,2,18.5,1,15.6,4,18.3,4,21.5,3,20.5,3,21.5,1,21.7,2,20.9,2,21.1,3
2016-06-19 20:00:00,13.8,6,14.5,6,15.2,5,14.6,6,15.1,5,15.3,6,14.7,6,16.1,5,15.4,6,16.6,5,17.2,5,14.8,6,15.3,4,16.2,4,15.8,5,16.0,5,15.5,5,14.3,6,14.8,4,15.6,4,14.2,5,14.7,4,16.0,4,13.4,4.0,16.9,5,19.2,2,17.3,1,14.7,4,17.1,4,20.4,2,19.5,2,20.6,1,20.0,2,20.3,3,20.2,3
2016-06-19 21:00:00,13.6,6,14.0,6,14.5,5,14.0,6,14.0,6,14.9,6,14.2,6,15.3,5,14.8,5,15.9,5,16.6,5,13.6,6,14.0,4,15.2,4,15.1,6,15.3,5,14.6,5,12.7,6,13.8,4,14.6,5,13.5,5,13.7,4,15.1,4,12.5,4.0,16.0,5,18.5,2,16.2,1,13.8,4,16.0,4,19.5,2,18.7,2,19.7,1,18.7,2,19.8,3,19.4,3
2016-06-19 22:00:00,13.5,6,13.6,6,13.8,5,13.4,6,13.2,6,14.5,6,13.8,6,14.7,5,14.3,5,15.1,6,15.9,5,12.8,6,13.1,4,14.4,4,14.5,6,14.6,5,13.9,5,11.8,5,13.2,4,13.8,5,13.0,5,13.1,4,14.4,4,11.9,4.0,15.3,5,17.8,2,15.3,2,13.1,4,15.1,5,18.7,2,18.0,1,18.9,1,17.4,2,19.4,3,18.8,3
2016-06-19 23:00:00,13.3,6,13.2,6,13.1,6,13.0,6,12.5,6,14.1,6,13.4,6,14.1,5,13.7,5,14.3,6,15.2,6,12.5,6,12.5,5,13.7,4,14.1,6,14.0,6,13.2,6,11.3,5,12.7,4,13.4,5,12.7,5,12.7,5,13.9,5,11.6,4.0,14.9,5,17.1,2,14.6,2,12.5,4,14.5,5,18.0,2,17.5,1,18.3,1,16.4,2,18.9,3,18.3,3
2016-06-20 00:00:00,13.2,6,12.8,5,12.5,6,12.6,6,12.0,6,13.7,6,13.1,6,13.6,6,13.1,5,13.6,5,14.5,5,12.3,6,12.1,5,13.3,4,13.7,6,13.4,6,12.7,6,11.2,5,12.5,4,13.2,5,12.4,5,12.4,5,13.7,5,11.3,4.0,14.5,5,16.5,3,14.0,3,12.2,4,14.2,5,17.4,2,17.0,2,17.7,1,15.6,2,18.6,3,18.0,3
2016-06-20 01:00:00,13.1,6,12.3,5,12.1,6,12.3,6,11.6,6,13.4,6,12.8,6,13.1,6,12.5,5,12.9,5,13.8,5,12.1,6,11.9,5,13.0,5,13.2,6,12.9,6,12.2,6,11.1,5,12.2,4,13.0,5,12.2,5,12.2,5,13.6,5,11.0,5.0,14.2,5,15.9,3,13.4,3,12.1,5,14.0,5,16.9,2,16.6,2,17.3,1,15.0,2,18.3,3,17.6,3
2016-06-20 02:00:00,13.0,6,11.8,5,11.7,6,12.1,6,11.2,6,13.2,6,12.6,6,12.7,6,11.9,5,12.3,4,13.2,4,11.9,6,11.8,5,12.8,5,12.8,6,12.4,6,11.8,5,11.1,5,12.1,4,12.9,5,11.9,5,12.0,5,13.6,5,10.8,5.0,13.9,5,15.5,4,13.0,3,12.1,5,13.8,5,16.6,2,16.2,3,17.0,1,14.6,2,18.1,3,17.1,3
2016-06-20 03:00:00,13.9,6,12.5,6,12.4,5,12.9,7,11.0,2,14.2,6,13.7,6,13.8,6,12.5,6,12.9,6,14.4,6,11.0,2,11.2,2,12.5,2,13.5,7,13.3,7,11.6,5,10.5,3,11.5,2,12.3,5,11.7,7,11.3,5,12.9,3,10.0,5.0,13.9,7,15.3,1,12.7,1,11.8,6,13.8,6,16.9,1,15.7,1,16.9,1,14.5,1,17.9,2,16.8,3
2016-06-20 04:00:00,14.2,6,12.8,6,12.7,5,13.3,7,11.3,2,14.4,6,13.9,6,13.9,6,12.7,6,13.0,6,14.3,6,11.3,2,11.6,2,12.9,3,13.5,6,13.3,6,11.7,5,11.0,3,11.7,3,12.6,5,11.5,7,11.5,5,12.9,4,9.9,5.0,14.0,6,15.3,1,13.0,1,11.9,6,13.7,6,16.8,1,16.0,1,17.0,1,14.8,1,18.2,2,16.9,3
2016-06-20 05:00:00,14.5,7,13.4,6,13.3,5,13.8,6,11.8,2,14.7,6,14.3,6,14.2,6,13.1,6,13.4,6,14.5,6,12.0,2,12.2,2,13.8,4,13.7,5,13.5,6,12.0,6,11.7,3,12.3,3,13.1,6,11.5,7,12.1,5,13.2,6,10.2,4.0,14.3,6,15.8,1,13.9,1,12.2,6,13.8,6,17.1,1,16.7,1,17.5,1,15.7,1,18.8,2,17.3,3
2016-06-20 06:00:00,14.8,7,14.2,6,14.2,5,14.6,6,12.8,3,15.1,6,14.8,6,14.7,6,13.8,6,14.2,6,15.0,6,13.0,3,13.3,3,14.8,5,14.4,5,14.2,6,12.8,6,12.8,3,13.3,3,13.9,6,11.9,7,13.2,5,13.9,6,11.0,4.0,15.0,6,16.9,1,15.2,1,12.9,6,14.2,5,18.0,1,18.0,1,18.4,1,17.1,2,19.6,2,18.0,2
2016-06-20 07:00:00,15.0,7,15.1,6,15.3,6,15.4,6,14.2,3,15.6,6,15.4,6,15.5,6,14.7,6,15.4,6,15.8,6,14.4,3,14.7,3,16.0,4,15.6,5,15.4,7,14.0,6,14.1,3,14.8,3,15.0,6,13.0,7,14.6,4,15.0,6,12.4,4.0,16.1,6,18.5,2,16.9,1,14.1,6,15.0,6,19.8,1,19.7,1,19.7,1,19.0,1,20.5,3,19.1,2
2016-06-20 08:00:00,15.1,7,16.0,7,16.5,6,16.2,7,15.9,4,16.1,7,16.1,7,16.4,7,15.7,6,16.8,6,16.9,6,15.9,3,16.3,3,17.2,3,17.0,6,16.8,7,15.3,6,15.5,4,16.4,3,16.2,6,14.4,7,16.2,4,16.3,5,14.3,5.0,17.2,6,20.4,2,18.7,1,15.5,7,16.0,6,22.0,1,21.5,1,21.3,1,21.1,1,21.4,3,20.3,2
2016-06-20 09:00:00,15.2,7,16.7,7,17.7,6,16.9,7,17.6,4,16.7,7,16.8,7,17.3,7,16.7,7,18.1,7,18.0,7,17.4,3,17.9,3,18.5,3,18.2,7,18.0,7,16.6,7,16.9,4,18.0,3,17.4,6,15.7,7,17.5,4,17.7,3,16.3,5.0,18.3,7,22.2,2,20.5,2,16.6,7,17.0,7,24.1,1,23.3,1,22.8,1,23.2,1,22.1,3,21.7,2
2016-06-20 10:00:00,15.5,7,17.2,7,18.8,6,17.5,7,19.0,4,17.3,7,17.4,7,18.1,7,17.6,7,19.1,7,19.1,7,18.6,3,19.3,3,19.7,3,19.0,7,18.8,7,17.7,7,18.1,4,19.2,2,18.4,6,16.7,7,18.4,4,18.9,3,18.1,6.0,19.0,7,23.6,2,22.1,2,17.3,7,17.8,7,25.5,1,24.7,1,24.1,1,24.9,2,22.5,3,23.0,2
2016-06-20 11:00:00,15.8,7,17.6,7,19.8,7,17.9,7,20.1,5,17.9,7,18.0,7,18.7,7,18.3,7,19.9,7,20.0,7,19.5,4,20.4,3,20.7,3,19.4,7,19.2,7,18.5,7,19.1,5,20.1,2,19.3,6,17.3,7,19.0,4,19.9,3,19.7,6.0,19.5,7,24.6,2,23.3,2,17.6,7,18.5,7,26.4,1,25.8,1,25.2,1,26.1,2,22.7,4,24.0,2
2016-06-20 12:00:00,16.1,7,18.0,7,20.4,7,18.2,7,20.9,5,18.4,7,18.5,7,19.2,7,18.9,7,20.3,7,20.6,7,20.2,4,21.2,4,21.5,4,19.6,7,19.5,7,19.1,7,19.7,5,20.8,2,20.0,6,17.7,7,19.5,4,20.8,3,20.7,6.0,19.9,7,25.4,3,24.1,2,17.9,7,19.2,7,27.0,1,26.6,1,26.0,2,26.8,3,22.8,4,24.6,3
2016-06-20 13:00:00,16.3,7,18.4,7,20.7,7,18.5,7,21.4,6,18.8,7,18.9,7,19.7,7,19.4,7,20.5,7,20.9,7,20.7,5,21.7,4,21.9,5,19.8,7,19.8,7,19.6,7,20.0,6,21.3,2,20.6,6,18.0,7,19.9,5,21.5,4,21.2,6.0,20.4,7,26.0,3,24.5,2,18.4,7,19.9,7,27.4,1,27.1,1,26.6,1,26.9,3,22.8,4,24.7,3
2016-06-20 14:00:00,16.4,7,18.8,6,20.7,7,18.7,7,21.7,6,18.9,7,19.2,7,20.1,7,19.7,7,20.6,7,20.9,7,21.1,6,21.9,5,22.0,6,19.9,7,20.1,7,19.9,7,20.1,6,21.6,3,21.0,6,18.3,7,20.3,5,21.9,4,21.1,6.0,20.9,7,26.4,3,24.5,2,19.0,7,20.5,7,27.5,1,27.3,1,27.0,1,26.6,2,22.7,5,24.5,3
2016-06-20 15:00:00,15.8,7,18.0,7,19.3,7,18.6,7,20.3,7,18.5,7,18.3,7,19.7,7,18.1,7,18.7,7,19.1,7,19.6,7,21.0,5,22.3,6,19.0,7,18.9,7,18.4,7,19.3,7,20.4,5,21.6,5,17.4,7,20.2,7,22.1,4,20.7,5.0,20.6,7,26.0,2,25.2,2,20.4,7,21.6,7,26.9,2,27.3,1,27.0,2,27.0,2,22.5,3,24.6,3
2016-06-20 16:00:00,15.8,6,18.0,6,18.9,7,18.7,6,19.9,7,18.4,6,18.1,6,19.9,6,18.0,7,18.6,7,19.0,7,19.4,7,20.6,5,22.0,6,18.9,7,18.9,7,18.3,7,19.1,7,20.0,5,21.4,5,17.4,7,19.9,7,21.8,4,20.0,5.0,20.8,7,25.4,2,24.7,2,20.4,7,21.7,6,26.4,2,26.6,2,26.6,2,26.3,3,22.3,4,24.4,3
2016-06-20 17:00:00,15.6,5,17.7,5,18.4,6,18.5,5,19.3,7,18.1,5,17.6,6,19.8,6,17.7,7,18.4,7,18.8,7,19.1,7,20.0,5,21.5,6,18.7,7,18.6,7,18.1,7,18.7,7,19.5,5,20.9,5,17.3,7,19.3,6,21.3,3,19.0,4.0,20.7,7,24.6,2,23.9,2,20.1,7,21.6,6,25.7,2,25.6,2,25.9,3,25.5,3,22.2,4,24.1,4
2016-06-20 18:00:00,15.4,5,17.2,4,17.7,6,18.1,5,18.5,7,17.6,5,17.0,6,19.4,6,17.3,7,18.1,7,18.5,7,18.5,7,19.3,6,20.7,5,18.2,6,18.2,7,17.7,7,18.1,7,18.8,5,20.2,5,17.0,7,18.6,6,20.5,3,17.9,4.0,20.3,7,23.6,2,22.8,2,19.5,6,21.1,5,24.7,2,24.3,2,25.1,3,24.3,4,21.9,5,23.6,4
2016-06-20 19:00:00,15.0,5,16.7,4,17.0,6,17.3,5,17.7,7,16.9,5,16.3,6,18.8,5,16.8,6,17.6,6,18.1,6,17.7,7,18.4,6,19.7,5,17.5,6,17.7,7,17.1,7,17.2,7,17.9,5,19.1,4,16.4,7,17.8,6,19.5,4,16.7,4.0,19.4,6,22.7,2,21.5,3,18.5,6,20.1,6,23.5,3,23.0,3,24.1,3,22.8,4,21.5,4,22.8,5
2016-06-20 20:00:00,14.6,5,16.2,5,16.3,6,16.4,5,16.9,7,16.1,5,15.6,5,17.9,5,16.3,6,17.1,6,17.6,6,16.9,7,17.5,6,18.6,4,16.7,5,17.1,7,16.4,7,16.3,6,17.0,6,17.9,5,15.7,7,17.1,6,18.3,5,15.5,5.0,18.4,6,21.9,2,20.2,3,17.3,6,19.0,6,22.4,4,21.8,3,23.1,2,21.1,3,21.1,4,21.9,5
2016-06-20 21:00:00,14.6,5,15.9,5,16.0,6,15.7,5,16.5,6,15.6,5,15.1,5,17.0,5,16.1,6,16.8,6,17.4,6,16.5,7,16.9,6,17.9,4,16.1,5,16.7,7,15.9,7,15.7,6,16.4,6,17.2,5,15.2,7,16.3,6,17.8,5,14.5,5.0,17.5,6,21.0,2,18.8,3,16.2,6,17.9,6,21.5,4,20.8,3,22.3,2,19.8,4,20.6,4,21.2,5
2016-06-20 22:00:00,14.6,6,15.6,5,15.8,6,15.0,5,16.0,6,15.1,5,14.7,5,16.1,5,15.8,6,16.5,6,17.2,6,16.1,7,16.3,6,17.2,5,15.5,6,16.3,6,15.5,6,15.2,6,15.8,6,16.5,5,14.6,7,15.7,6,17.3,5,13.8,5.0,16.8,6,20.2,3,17.4,4,15.3,5,17.2,6,20.7,4,19.9,3,21.5,2,18.7,4,20.1,4,20.5,5
2016-06-20 23:00:00,14.7,6,15.4,5,15.6,6,14.6,5,15.7,6,14.7,5,14.4,5,15.3,5,15.6,6,16.3,6,17.0,6,15.7,7,15.8,6,16.6,5,15.1,6,15.9,6,15.1,6,14.7,6,15.2,6,15.9,5,14.2,7,15.1,6,16.8,5,13.1,5.0,16.3,6,19.3,3,16.2,4,14.7,5,16.6,5,19.9,5,19.1,3,20.7,2,17.8,4,19.7,4,19.9,4
2016-06-21 00:00:00,14.7,6,15.2,6,15.5,6,14.2,6,15.4,5,14.4,5,14.1,6,14.8,5,15.5,5,16.0,6,16.8,6,15.4,6,15.3,6,16.0,5,14.9,6,15.6,6,14.8,5,14.3,6,14.8,6,15.3,6,13.8,7,14.6,6,16.4,5,12.7,5.0,15.9,6,18.4,4,15.2,4,14.2,5,16.3,5,19.3,5,18.4,3,20.1,2,17.1,4,19.2,4,19.3,4
2016-06-21 01:00:00,14.9,6,15.1,6,15.5,6,14.1,6,15.2,5,14.2,5,14.0,6,14.6,5,15.4,5,15.9,5,16.7,6,15.2,6,14.9,5,15.5,6,14.8,6,15.4,6,14.5,5,14.0,6,14.4,6,14.9,6,13.5,6,14.2,6,16.1,5,12.3,4.0,15.6,5,17.4,4,14.5,5,13.8,5,15.9,4,18.7,5,17.8,3,19.5,3,16.6,4,18.9,4,18.8,4
2016-06-21 02:00:00,15.0,7,15.0,6,15.5,6,14.1,6,15.2,5,14.0,6,14.0,6,14.7,6,15.3,5,15.7,5,16.6,5,15.0,6,14.7,5,15.2,6,14.8,6,15.2,6,14.3,5,13.9,5,14.1,6,14.6,6,13.3,6,14.0,5,16.0,5,12.0,4.0,15.4,5,16.7,4,14.1,5,13.5,4,15.5,4,18.3,4,17.3,2,19.1,4,16.3,4,18.7,4,18.3,3
2016-06-21 03:00:00,14.2,6,14.2,7,14.9,6,13.7,6,14.1,5,14.0,4,13.9,5,14.4,5,14.3,5,15.0,6,15.8,6,14.6,6,13.8,6,14.3,7,14.5,6,14.4,6,14.3,6,13.7,6,13.6,7,13.8,7,13.8,6,14.3,6,15.2,6,11.5,6.0,15.4,6,16.9,5,14.6,6,14.2,4,15.7,6,18.3,5,17.6,6,19.1,5,16.8,3,19.1,5,19.2,5
2016-06-21 04:00:00,14.3,7,14.1,7,14.9,6,13.7,6,14.3,5,14.1,5,14.0,5,14.4,5,14.1,5,15.0,6,15.6,6,14.8,6,14.2,6,14.7,7,14.5,6,14.4,6,14.2,6,13.9,5,13.8,6,14.1,7,13.8,5,14.6,6,15.3,6,11.7,6.0,15.4,6,17.0,5,15.0,5,14.4,4,15.6,6,18.4,6,18.0,6,19.6,6,17.2,3,19.4,5,19.7,4
2016-06-21 05:00:00,14.5,7,14.3,7,15.2,6,13.9,6,14.8,5,14.4,5,14.2,5,14.6,6,14.3,6,15.2,6,15.6,6,15.3,6,14.9,6,15.4,6,14.9,6,14.6,5,14.3,6,14.5,5,14.3,5,14.8,7,14.0,5,15.2,6,15.6,7,12.4,6.0,15.8,6,17.6,6,15.9,4,15.0,5,15.9,6,18.9,6,18.9,6,20.4,6,18.2,3,20.0,5,20.6,4
2016-06-21 06:00:00,14.7,7,14.8,6,15.7,6,14.5,6,15.6,5,14.8,6,14.6,5,15.1,6,14.7,6,15.7,6,16.0,6,15.9,6,15.7,6,16.3,6,15.6,6,15.2,5,14.8,6,15.3,5,15.1,5,15.7,6,14.5,5,16.2,6,16.2,7,13.5,6.0,16.6,6,18.8,6,17.3,3,16.0,5,16.6,6,19.9,5,20.2,5,21.4,5,19.7,3,20.8,5,21.7,3
2016-06-21 07:00:00,14.9,6,15.7,6,16.4,7,15.4,6,16.5,5,15.3,6,15.2,5,15.9,5,15.5,6,16.5,6,16.8,6,16.5,6,16.6,6,17.3,6,16.7,6,16.2,5,15.7,6,16.4,5,16.1,5,16.8,6,15.5,5,17.5,6,17.2,6,15.1,6.0,17.9,6,20.5,5,19.2,3,17.6,5,17.9,6,21.6,4,21.9,4,22.6,5,21.7,3,21.6,5,22.9,3
2016-06-21 08:00:00,15.1,6,16.8,6,17.2,7,16.4,5,17.5,6,15.9,6,15.9,5,16.9,5,16.4,6,17.5,6,17.9,6,17.1,6,17.5,7,18.3,7,17.8,5,17.5,6,16.7,6,17.6,5,17.3,6,17.8,6,16.7,6,18.8,6,18.3,5,17.0,6.0,19.4,6,22.5,4,21.3,3,19.5,6,19.6,7,23.6,3,23.8,4,23.8,4,23.7,3,22.4,6,24.2,3
2016-06-21 09:00:00,15.2,6,17.5,6,17.9,6,17.4,5,18.3,6,16.5,6,16.6,5,17.8,4,17.3,6,18.5,6,18.8,6,17.7,7,18.4,7,19.2,7,18.9,5,18.5,6,17.8,7,18.6,6,18.3,7,18.8,6,17.8,7,19.9,5,19.5,5,18.9,5.0,20.8,6,24.4,3,23.2,4,21.1,6,21.1,7,25.2,3,25.5,3,25.1,3,25.5,3,22.8,5,25.3,3
2016-06-21 10:00:00,15.3,6,17.7,6,18.5,6,18.1,5,18.8,7,17.0,6,17.2,5,18.4,5,18.0,6,19.2,6,19.4,6,18.3,7,19.4,7,20.1,6,19.6,5,19.1,7,18.7,7,19.4,6,19.1,7,19.5,7,18.6,7,20.7,5,20.5,5,20.5,5.0,21.9,7,25.9,3,24.7,4,22.2,6,22.2,7,26.1,2,26.9,3,26.3,3,26.7,3,22.9,5,26.2,4
2016-06-21 11:00:00,15.3,5,17.6,5,18.9,5,18.5,4,19.2,7,17.5,5,17.6,4,18.9,5,18.4,6,19.8,6,19.7,6,18.9,7,20.3,7,20.8,6,20.1,4,19.5,7,19.5,7,19.9,6,19.7,7,20.0,7,19.2,7,21.2,6,21.3,4,21.7,5.0,22.7,7,27.0,3,25.8,4,23.0,7,22.9,7,26.5,3,28.1,3,27.3,3,27.3,4,22.7,4,26.8,5
2016-06-21 12:00:00,15.5,5,17.6,5,19.2,4,18.8,4,19.6,7,17.9,5,18.0,4,19.4,6,18.8,7,20.1,7,19.9,7,19.5,7,20.9,7,21.3,6,20.4,4,19.9,7,20.1,7,20.4,6,20.2,7,20.5,7,19.7,7,21.7,6,22.0,4,22.6,4.0,23.3,7,27.8,4,26.4,4,23.6,7,23.6,7,26.7,3,28.9,4,28.1,3,27.5,4,22.5,3,27.1,5
2016-06-21 13:00:00,15.8,5,17.9,5,19.4,4,19.0,5,20.1,7,18.2,6,18.3,3,20.0,6,19.1,7,20.3,7,20.2,7,20.1,7,21.2,7,21.6,6,20.6,4,20.5,7,20.7,6,20.8,6,20.8,7,20.9,7,20.3,7,22.3,5,22.7,4,23.1,4.0,23.9,6,28.4,4,26.6,4,24.3,6,24.4,6,26.9,3,29.5,4,28.5,3,27.5,4,22.4,3,27.1,5
2016-06-21 14:00:00,16.2,5,18.3,5,19.6,5,19.2,5,20.7,7,18.4,6,18.4,4,20.7,5,19.5,7,20.5,7,20.6,7,20.7,6,21.2,7,21.7,6,20.8,4,21.1,6,21.1,6,21.3,5,21.3,7,21.3,7,20.9,6,22.8,5,23.4,4,23.3,5.0,24.5,5,28.8,4,26.6,3,24.8,6,25.1,5,27.0,2,29.8,3,28.6,2,27.2,4,22.3,4,27.0,5
2016-06-21 15:00:00,16.6,7,19.1,7,20.2,7,19.4,7,20.7,7,19.2,7,18.9,7,20.7,7,19.6,7,20.5,7,21.0,7,20.4,7,20.5,6,20.3,7,20.7,7,21.2,7,21.2,7,21.3,7,21.0,5,19.9,7,21.9,6,24.2,4,23.1,4,21.9,6.0,25.9,4,28.1,5,25.9,4,26.7,4,27.1,3,26.4,3,28.0,4,27.3,3,26.6,4,22.3,4,26.4,3
2016-06-21 16:00:00,16.6,6,19.1,6,20.2,7,19.5,7,20.9,7,18.9,7,18.6,7,20.7,6,19.9,7,20.8,7,21.3,7,20.7,7,20.6,6,20.4,7,20.7,6,21.4,6,21.5,6,21.8,6,21.3,5,20.1,6,22.0,5,24.1,4,23.3,3,21.2,5.0,26.3,3,28.0,4,25.6,4,26.7,4,27.5,3,26.1,2,27.6,3,26.8,3,26.2,3,22.3,4,26.4,3
2016-06-21 17:00:00,16.4,6,18.9,6,20.0,7,19.5,6,20.8,6,18.4,7,18.1,7,20.5,6,20.1,6,20.9,6,21.4,6,20.8,7,20.4,6,20.3,6,20.4,6,21.4,6,21.6,6,22.0,6,21.3,5,20.1,6,21.7,4,23.4,3,23.0,3,20.2,5.0,26.3,2,27.5,3,25.0,2,26.2,4,27.4,3,25.5,2,26.9,3,26.1,2,25.7,3,22.2,5,26.2,2
2016-06-21 18:00:00,16.1,6,18.4,5,19.5,7,19.1,6,20.3,6,17.7,7,17.4,7,19.9,5,19.9,6,20.7,6,21.2,6,20.5,7,19.9,6,19.9,6,19.8,6,21.0,5,21.2,5,21.6,5,20.7,5,19.7,5,21.2,3,22.4,3,22.3,3,19.1,5.0,25.8,2,26.5,2,24.0,2,25.1,4,26.7,2,24.7,2,25.7,2,25.2,2,24.8,2,22.0,4,25.7,2
2016-06-21 19:00:00,15.7,6,17.8,5,18.7,7,18.3,6,19.4,6,16.9,6,16.6,6,19.2,5,19.3,6,20.1,6,20.6,6,19.6,7,19.1,6,19.0,6,18.9,5,20.3,5,20.3,4,20.3,4,19.6,4,18.7,5,20.5,3,21.1,2,21.2,3,17.9,4.0,24.6,2,25.1,2,22.5,1,23.4,3,25.4,2,23.7,2,24.2,2,24.2,2,23.5,2,21.8,4,24.5,2
2016-06-21 20:00:00,15.4,6,17.1,6,17.8,7,17.2,6,18.3,5,16.2,6,15.9,5,18.4,5,18.5,6,19.2,6,19.8,6,18.5,7,18.2,6,18.0,6,17.8,5,19.3,4,19.2,4,18.5,4,18.2,4,17.4,5,19.7,2,19.7,2,19.9,2,16.7,3.0,23.1,2,23.5,2,20.9,2,21.5,3,23.9,2,22.6,2,22.7,2,23.2,2,22.0,2,21.6,4,23.2,2
2016-06-21 21:00:00,15.1,6,16.5,6,17.0,6,16.3,6,17.3,5,15.6,6,15.3,5,17.6,5,17.8,6,18.4,6,19.1,6,17.5,6,17.3,6,17.1,6,17.0,5,18.4,4,18.2,3,16.9,3,17.0,4,16.3,5,18.9,2,18.5,2,18.7,2,15.7,3.0,21.7,2,22.0,2,19.4,2,19.9,2,22.4,2,21.9,2,21.6,2,22.5,2,20.8,2,21.4,4,22.5,2
2016-06-21 22:00:00,15.0,6,16.1,6,16.5,6,15.7,6,16.7,5,15.2,6,14.9,5,17.0,6,17.3,6,17.9,5,18.6,5,16.9,6,16.7,6,16.6,6,16.6,6,17.6,4,17.5,3,16.0,3,16.3,4,15.7,5,18.2,2,17.6,3,17.8,2,14.9,3.0,20.6,2,20.6,2,18.1,2,18.8,2,21.1,2,21.2,2,20.6,3,21.8,2,19.8,2,21.1,4,21.8,2
2016-06-21 23:00:00,15.0,6,15.8,6,16.2,6,15.3,6,16.3,5,14.9,6,14.7,5,16.5,6,17.0,6,17.6,5,18.3,5,16.5,5,16.2,5,16.4,6,16.3,6,17.0,5,17.0,3,15.6,3,16.0,4,15.6,5,17.7,2,17.0,3,17.3,2,14.3,3.0,19.8,2,19.3,2,17.0,3,18.1,2,20.2,2,20.6,3,19.7,3,21.2,2,19.0,3,20.8,4,21.3,2
2016-06-22 00:00:00,15.0,6,15.6,6,16.0,6,15.1,6,16.0,5,14.7,6,14.6,5,16.1,6,16.8,6,17.3,5,18.1,5,16.3,5,15.9,5,16.3,6,16.2,6,16.6,5,16.7,4,15.5,3,15.9,5,15.6,5,17.2,2,16.7,3,17.1,2,13.9,4.0,19.3,3,18.1,3,16.0,3,17.7,2,19.5,2,20.0,3,18.9,3,20.7,3,18.4,3,20.4,4,20.8,3
2016-06-22 01:00:00,14.9,5,15.3,6,15.7,6,15.0,6,15.7,5,14.4,5,14.5,5,15.8,6,16.5,6,17.0,5,17.9,5,16.1,5,15.7,5,16.2,6,16.1,6,16.4,5,16.3,5,15.3,4,15.8,5,15.6,6,16.7,2,16.4,4,17.1,3,13.8,4.0,18.8,4,17.2,4,15.2,4,17.3,3,19.0,2,19.6,4,18.3,4,20.4,3,17.9,4,20.0,4,20.4,4
2016-06-22 02:00:00,14.9,5,15.0,6,15.5,6,14.9,6,15.5,5,14.2,5,14.5,6,15.6,6,16.3,6,16.7,5,17.7,5,16.0,6,15.6,5,16.1,6,16.0,6,16.3,5,16.0,5,15.3,4,15.6,5,15.6,6,16.4,2,16.3,4,17.2,4,13.8,4.0,18.5,4,16.6,4,14.7,5,17.0,3,18.6,2,19.3,4,17.8,4,20.1,4,17.6,4,19.8,4,20.1,4
2016-06-22 03:00:00,15.5,5,15.1,6,15.4,5,15.9,5,15.1,5,15.4,6,15.4,5,15.7,6,16.6,6,16.7,6,17.6,6,15.8,3,15.0,4,15.0,4,15.8,5,16.0,4,16.1,2,14.7,2,15.1,3,14.3,3,17.6,2,16.3,2,17.2,2,12.6,2.0,19.3,1,18.1,1,15.2,1,17.6,2,19.3,1,19.3,1,18.5,1,20.0,1,17.8,1,19.6,2,19.7,1
2016-06-22 04:00:00,15.8,6,15.4,7,15.7,6,15.8,6,15.5,4,15.5,6,15.4,5,15.5,6,16.6,6,16.7,6,17.4,6,16.0,3,15.3,5,15.2,4,15.9,5,15.9,4,16.0,2,15.2,2,15.2,3,14.6,3,17.5,2,16.6,2,17.3,2,12.8,2.0,19.1,2,18.3,1,15.6,1,17.4,2,19.0,1,19.4,1,18.9,1,20.5,1,18.3,1,20.0,2,19.8,1
2016-06-22 05:00:00,16.2,6,15.9,7,16.4,6,16.0,6,16.2,5,15.7,6,15.5,6,15.6,6,16.8,6,17.1,6,17.6,6,16.4,3,16.0,6,15.8,5,16.3,6,16.3,4,16.2,2,16.1,2,15.8,3,15.4,5,17.6,2,17.4,2,17.7,2,13.4,2.0,19.2,2,19.0,1,16.7,1,17.6,3,19.0,1,20.0,1,19.8,2,21.4,1,19.3,2,20.9,2,20.4,1
2016-06-22 06:00:00,16.7,7,16.8,7,17.4,6,16.7,7,17.3,5,16.1,6,16.0,6,16.3,6,17.5,6,18.0,6,18.3,6,17.3,3,17.1,6,16.8,5,17.4,6,17.3,4,17.0,2,17.6,2,16.9,3,16.6,5,18.4,2,18.7,2,18.6,2,14.8,2.0,20.2,2,20.3,2,18.4,2,18.9,3,19.9,1,21.2,2,21.3,2,22.6,1,20.9,2,21.9,3,21.4,2
2016-06-22 07:00:00,17.4,7,18.0,7,18.7,7,18.1,7,18.8,5,16.9,7,16.9,6,17.7,6,18.9,6,19.4,6,19.8,6,18.7,2,18.6,6,18.3,4,19.1,6,19.3,4,18.7,2,19.6,2,18.6,3,18.3,5,19.9,2,20.4,2,20.1,2,17.1,2.0,22.1,2,22.2,1,20.7,2,21.6,3,21.8,1,23.0,2,23.2,2,24.0,1,22.9,2,22.9,2,22.8,2
2016-06-22 08:00:00,18.0,7,19.4,7,20.0,7,19.8,6,20.6,5,17.8,7,18.0,6,19.6,6,20.5,6,21.2,6,21.7,6,20.3,2,20.3,5,20.0,3,21.2,6,21.6,4,20.8,2,21.7,1,20.6,3,20.3,3,21.9,2,22.3,2,21.9,2,19.8,1.0,24.7,2,24.3,1,23.2,2,24.9,2,24.1,1,24.9,1,25.3,1,25.4,1,25.1,2,23.8,2,24.3,2
2016-06-22 09:00:00,18.6,7,20.7,7,21.3,7,21.5,6,22.2,5,18.7,7,19.2,6,21.4,6,22.1,6,22.8,5,23.4,6,22.0,2,21.9,4,21.7,2,23.1,6,23.8,4,23.0,2,23.7,2,22.5,3,22.0,2,23.8,2,24.1,2,23.6,2,22.5,1.0,27.1,1,26.4,1,25.5,2,27.8,2,26.3,1,26.3,1,27.2,1,26.7,1,27.0,1,24.3,2,25.6,1
2016-06-22 10:00:00,18.9,6,21.7,6,22.3,6,22.8,6,23.5,6,19.5,7,20.2,6,22.8,6,23.2,5,24.0,5,24.6,6,23.5,3,23.2,3,23.1,2,24.5,5,25.3,4,24.7,2,25.2,2,23.9,2,23.3,1,25.2,2,25.7,2,25.0,2,24.8,2.0,29.0,1,28.1,1,27.2,2,29.5,1,27.7,1,26.7,1,28.6,1,27.8,1,28.4,1,24.3,2,26.4,1
2016-06-22 11:00:00,19.2,6,22.4,6,23.0,6,23.6,5,24.5,6,20.1,7,20.9,6,23.8,6,24.0,6,24.9,5,25.4,6,24.8,3,24.2,3,24.2,2,25.5,5,26.2,5,26.1,2,26.4,2,25.0,2,24.2,2,26.2,2,27.1,2,26.2,2,26.5,3.0,30.4,1,29.4,1,28.4,2,30.4,2,28.7,1,26.5,2,29.6,1,28.5,1,29.2,2,24.0,2,26.8,1
2016-06-22 12:00:00,19.4,6,23.0,6,23.6,5,24.1,5,25.3,6,20.6,6,21.4,6,24.7,6,24.6,6,25.6,5,25.9,6,25.8,4,25.0,3,25.0,3,26.2,5,26.9,5,27.1,2,27.2,3,25.8,2,24.8,2,27.0,2,28.2,2,27.2,2,27.6,3.0,31.4,2,30.4,2,29.0,2,31.0,2,29.4,1,26.1,2,30.2,2,29.0,2,29.5,2,23.7,2,26.8,1
2016-06-22 13:00:00,19.8,6,23.5,6,24.1,5,24.2,5,26.0,6,21.0,6,21.6,6,25.5,6,25.2,5,26.1,5,26.4,5,26.6,4,25.8,3,25.6,3,26.8,5,27.6,4,27.9,2,27.9,3,26.5,2,25.3,2,27.7,2,29.1,2,28.1,2,28.2,4.0,32.1,2,31.3,2,29.2,3,31.7,3,30.2,1,26.0,1,30.5,2,29.2,2,29.5,2,23.6,2,26.6,1
2016-06-22 14:00:00,20.3,6,23.9,6,24.5,5,24.1,6,26.5,6,21.2,7,21.6,6,26.2,6,25.8,5,26.6,5,26.8,5,27.2,3,26.4,2,26.0,2,27.2,5,28.1,3,28.4,2,28.3,2,27.0,2,25.7,2,28.3,2,29.6,2,28.9,2,28.2,4.0,32.5,2,31.8,2,29.0,3,32.2,3,31.0,1,26.0,1,30.4,2,29.1,1,29.2,2,23.6,2,26.2,1
2016-06-22 15:00:00,19.6,6,23.2,6,23.8,6,22.4,7,25.9,4,20.2,7,20.0,7,24.9,7,24.7,7,25.3,7,25.8,7,26.4,2,26.1,3,26.0,2,25.7,7,26.5,5,27.7,3,28.0,2,27.0,2,25.9,2,28.3,2,29.8,2,29.5,1,27.6,3.0,31.1,4,31.4,2,28.9,3,31.4,2,31.2,1,25.2,2,29.9,2,28.0,2,28.2,3,22.9,3,25.2,2
2016-06-22 16:00:00,19.7,6,23.0,7,23.8,6,21.8,7,26.0,4,20.2,7,19.5,7,25.1,7,24.8,7,25.4,7,26.0,7,26.5,2,26.1,3,26.2,2,25.9,7,26.6,5,27.7,3,28.2,2,27.0,2,26.0,2,28.2,2,29.6,2,29.4,1,26.6,3.0,30.7,4,30.7,1,28.6,3,30.9,1,31.0,1,24.6,2,29.0,1,27.2,2,27.9,2,23.0,3,24.8,2
2016-06-22 17:00:00,19.5,6,22.5,7,23.6,6,21.1,7,25.7,5,20.0,7,18.8,7,24.7,7,24.6,7,25.3,6,25.9,6,26.2,3,25.7,2,26.0,2,25.8,7,26.4,4,27.3,3,27.9,2,26.7,2,25.7,2,27.7,2,28.9,2,28.9,1,25.3,3.0,29.9,4,29.5,2,28.0,2,29.8,1,30.3,2,23.9,2,27.7,1,26.2,2,27.5,2,22.9,2,24.3,2
2016-06-22 18:00:00,19.2,7,21.8,7,23.1,6,20.3,7,24.8,5,19.4,7,18.0,7,23.9,7,24.1,6,24.8,6,25.4,6,25.3,3,24.7,2,25.3,2,25.1,6,25.8,4,26.5,2,26.8,2,25.7,2,24.8,2,26.8,2,27.6,2,27.9,1,23.7,3.0,28.7,4,27.8,2,26.8,1,28.1,2,29.1,2,23.1,2,26.1,1,25.2,3,26.7,2,22.8,2,23.6,2
2016-06-22 19:00:00,18.8,7,21.0,7,22.2,6,19.5,7,23.2,6,18.2,7,17.2,7,22.8,7,23.3,5,24.0,5,24.6,5,23.7,3,23.2,2,23.9,2,23.8,6,24.8,5,25.2,2,24.7,2,24.1,2,23.1,2,25.5,2,25.9,2,26.5,1,22.1,2.0,27.1,4,25.9,1,24.9,1,25.9,2,27.4,2,22.4,1,24.3,1,24.2,3,25.3,2,22.7,2,22.6,2
2016-06-22 20:00:00,18.4,7,20.3,7,21.1,6,18.8,7,21.4,6,16.8,6,16.5,7,21.5,6,22.3,5,23.0,5,23.6,5,21.8,2,21.6,2,22.2,1,22.3,6,23.6,5,23.8,2,22.3,2,22.2,2,21.1,1,24.1,2,24.1,1,24.9,1,20.5,2.0,25.5,5,23.9,1,22.7,1,23.5,3,25.5,2,21.7,1,22.5,1,23.4,2,23.6,2,22.5,2,21.4,2
2016-06-22 21:00:00,18.1,7,19.7,7,20.2,6,18.1,7,19.9,6,15.8,6,16.1,7,20.3,6,21.6,4,22.2,5,22.8,5,20.3,2,20.0,2,20.6,2,21.1,6,22.6,6,22.4,2,20.5,2,20.6,2,19.5,1,22.8,2,22.7,1,23.5,1,19.1,2.0,24.4,6,22.1,1,20.7,1,21.6,3,24.0,2,21.2,1,21.1,1,22.7,2,22.0,2,22.3,2,20.7,2
2016-06-22 22:00:00,17.9,7,19.2,7,19.7,6,17.5,7,19.0,6,15.1,6,15.8,7,19.1,6,20.9,5,21.5,5,22.2,5,19.2,3,18.8,2,19.4,2,20.1,6,21.6,6,21.4,2,19.5,2,19.5,2,18.3,2,21.7,3,21.7,1,22.2,1,17.8,2.0,23.4,6,20.4,1,19.0,1,20.3,3,22.7,2,20.7,1,19.8,1,22.1,2,20.6,2,22.1,2,20.1,3
2016-06-22 23:00:00,17.7,7,18.7,7,19.5,6,16.9,6,18.5,6,14.7,6,15.6,7,18.1,6,20.4,5,20.8,5,21.8,5,18.6,3,18.0,2,18.6,2,19.4,6,20.8,6,20.7,3,19.2,2,18.9,2,17.8,2,20.9,3,20.9,1,21.2,1,16.8,2.0,22.5,6,19.0,1,17.5,1,19.4,2,21.7,2,20.3,1,18.7,1,21.6,2,19.7,2,21.9,2,19.7,3
2016-06-23 00:00:00,17.4,7,18.2,7,19.2,6,16.5,6,18.1,6,14.6,6,15.5,6,17.4,6,19.8,5,20.2,5,21.4,5,18.3,3,17.5,2,18.1,2,18.8,6,20.1,6,20.1,3,19.0,2,18.5,2,17.4,2,20.3,4,20.2,1,20.5,1,15.9,2.0,21.7,6,17.8,1,16.5,1,18.9,2,20.9,1,19.9,1,17.9,1,21.2,2,19.2,2,21.5,2,19.4,2
2016-06-23 01:00:00,17.1,7,17.7,6,18.6,6,16.2,6,17.7,5,14.6,6,15.4,6,17.0,6,19.2,5,19.6,5,20.9,5,18.1,3,17.2,2,17.7,2,18.5,6,19.4,6,19.5,4,18.6,2,18.1,2,17.2,2,20.0,4,19.6,1,19.9,1,15.3,2.0,21.0,5,16.9,1,15.8,1,18.4,2,20.3,1,19.7,1,17.3,1,21.0,1,19.1,2,21.2,3,19.3,2
2016-06-23 02:00:00,16.9,7,17.2,6,18.1,6,16.1,6,17.3,4,14.7,6,15.5,6,16.9,6,18.7,5,19.0,5,20.4,5,18.0,2,17.2,1,17.5,2,18.3,6,18.9,6,18.9,4,18.2,2,17.8,2,17.0,2,19.8,5,19.2,1,19.7,1,14.9,2.0,20.5,4,16.5,1,15.5,1,17.9,1,19.8,1,19.5,1,17.0,1,20.8,1,19.3,1,21.0,3,19.4,2
2016-06-23 03:00:00,17.7,7,17.9,6,18.6,5,15.6,7,17.9,2,14.6,6,14.3,7,16.0,7,19.6,3,19.7,3,20.8,3,18.6,2,16.9,1,17.2,1,18.6,7,19.3,2,19.2,2,18.9,1,17.4,2,17.2,2,20.3,1,19.7,1,20.3,2,14.7,1.0,20.3,2,18.0,1,15.6,1,18.1,2,20.3,1,19.2,1,18.3,1,20.8,1,18.7,1,21.5,1,19.0,2
2016-06-23 04:00:00,18.0,7,18.2,6,18.8,4,16.1,7,18.1,2,14.6,6,14.5,7,16.2,7,19.6,3,19.7,3,20.5,3,18.7,2,17.3,2,17.6,1,18.6,7,19.2,2,19.0,2,19.2,1,17.5,3,17.5,2,20.1,1,19.8,2,20.2,2,14.7,1.0,20.0,3,18.5,1,16.2,1,17.8,3,19.9,1,19.3,1,18.8,1,21.5,2,19.4,1,21.9,1,19.0,2
2016-06-23 05:00:00,18.5,7,18.7,7,19.3,3,17.0,7,18.8,2,14.7,7,14.9,7,16.7,7,19.9,3,20.1,3,20.5,3,19.2,2,18.0,2,18.5,2,19.0,7,19.5,2,19.1,2,19.9,1,18.1,3,18.1,2,20.1,1,20.2,2,20.3,2,15.3,1.0,20.1,3,19.4,1,17.6,1,17.9,3,20.0,1,19.9,1,19.8,1,22.6,2,20.7,1,22.7,2,19.3,2
2016-06-23 06:00:00,19.0,7,19.4,6,20.2,3,18.0,7,19.9,2,15.1,7,15.3,7,17.5,7,20.6,3,21.0,3,21.1,3,20.2,2,19.3,2,19.8,2,19.8,7,20.4,2,20.0,2,21.1,1,19.3,3,19.4,2,20.7,1,21.2,2,21.1,2,16.7,1.0,20.8,4,20.9,2,19.6,1,18.8,3,20.7,1,21.1,1,21.4,1,23.8,2,22.5,2,23.7,2,20.2,2
2016-06-23 07:00:00,19.4,7,20.4,6,21.3,3,19.0,7,21.5,2,15.7,7,15.6,7,18.5,7,21.6,3,22.5,2,22.4,3,21.8,2,21.1,2,21.6,2,20.8,7,21.9,2,21.7,1,22.9,1,21.1,3,21.3,2,21.9,1,22.7,2,22.6,2,19.2,1.0,22.2,3,22.8,1,22.1,1,20.5,3,22.3,1,22.9,1,23.4,1,25.0,2,24.6,1,24.5,2,21.6,3
2016-06-23 08:00:00,19.7,6,21.4,5,22.6,4,19.8,7,23.4,2,16.4,7,15.9,7,19.4,7,22.9,3,24.2,2,24.1,3,23.7,2,23.1,2,23.6,2,21.9,7,23.7,2,23.7,1,24.9,1,23.3,3,23.4,2,23.4,1,24.6,2,24.6,2,22.3,1.0,23.9,2,25.0,1,24.8,1,22.8,2,24.3,1,24.7,1,25.6,1,26.3,2,26.7,1,25.2,2,23.2,3
2016-06-23 09:00:00,19.8,6,22.1,5,23.9,5,20.5,7,25.2,2,17.1,7,16.3,7,20.2,7,24.1,3,25.7,3,25.6,3,25.5,1,25.0,2,25.5,1,22.8,7,25.3,2,25.7,1,26.7,1,25.3,3,25.4,2,24.8,1,26.4,1,26.5,1,25.2,1.0,25.6,2,27.2,1,27.2,1,24.9,2,26.1,1,26.1,1,27.6,1,27.6,2,28.7,1,25.5,1,24.6,3
2016-06-23 10:00:00,19.8,6,22.4,5,25.0,5,21.1,7,26.6,2,17.7,7,16.8,7,20.7,7,25.1,3,26.7,3,26.7,3,27.0,2,26.5,2,27.0,1,23.4,7,26.3,3,27.2,2,28.1,1,26.9,3,26.8,2,25.9,1,27.9,1,28.1,1,27.4,2.0,26.8,2,29.1,1,29.1,1,26.5,2,27.3,1,26.5,1,29.2,1,29.0,2,30.3,1,25.5,1,25.5,3
2016-06-23 11:00:00,19.7,6,22.5,6,25.8,5,21.4,7,27.6,2,18.1,7,17.3,7,21.1,7,26.0,4,27.4,3,27.3,4,28.2,2,27.7,2,28.2,1,23.7,7,26.8,4,28.2,2,29.0,1,28.0,2,27.7,2,26.7,2,29.1,1,29.4,1,28.9,3.0,27.6,2,30.7,1,30.4,1,27.7,2,28.1,1,26.3,1,30.2,1,30.1,2,31.4,1,25.3,1,26.0,2
2016-06-23 12:00:00,19.6,6,22.6,6,26.3,5,21.5,7,28.4,2,18.5,7,17.7,7,21.5,7,26.6,4,27.8,4,27.8,4,29.2,2,28.6,2,29.0,1,23.7,6,27.1,5,29.0,2,29.6,2,28.9,2,28.2,2,27.3,2,30.1,1,30.4,1,29.8,3.0,28.2,3,31.9,1,31.1,1,28.5,2,28.7,1,25.9,1,30.8,1,30.8,2,32.0,1,25.1,2,26.2,2
2016-06-23 13:00:00,19.7,6,22.9,6,26.6,5,21.3,7,29.1,2,18.8,7,17.9,7,22.1,7,27.1,5,28.2,4,28.2,4,30.2,2,29.4,2,29.6,1,23.6,7,27.4,6,29.7,2,30.1,2,29.6,2,28.6,2,27.7,2,30.9,2,31.3,1,30.2,3.0,28.6,4,32.7,1,31.3,1,29.1,2,29.3,1,25.7,1,30.9,1,30.8,2,32.0,1,25.1,2,26.3,1
2016-06-23 14:00:00,19.7,6,23.1,6,26.5,6,21.0,7,29.5,2,18.9,7,17.9,7,22.6,7,27.3,5,28.4,4,28.5,5,30.9,2,30.1,1,30.0,1,23.4,7,27.7,5,30.2,2,30.4,2,30.1,2,28.8,2,28.0,2,31.4,2,31.8,2,30.1,3.0,28.8,4,33.0,1,31.2,1,29.2,2,29.9,2,25.6,1,30.6,1,30.3,2,31.5,1,25.1,1,26.3,2
2016-06-23 15:00:00,20.6,7,23.7,7,25.0,7,21.6,7,29.3,4,19.5,7,19.0,7,23.7,7,26.8,3,27.6,4,28.1,4,30.2,2,30.6,2,30.5,2,24.1,7,27.0,3,29.7,2,30.5,2,31.1,2,29.6,1,28.4,2,31.5,1,32.5,1,29.7,2.0,29.4,2,32.9,1,31.8,1,29.5,2,31.1,1,26.5,1,30.9,1,30.3,1,32.1,1,25.6,1,26.7,1
2016-06-23 16:00:00,20.4,7,23.3,6,24.8,6,21.1,7,29.4,4,19.0,6,18.8,7,23.1,7,27.0,3,28.1,3,28.3,3,30.3,2,30.5,2,30.5,2,23.5,7,26.7,3,29.6,2,30.7,2,30.9,2,29.7,1,28.2,2,31.2,2,32.2,1,28.6,2.0,28.6,2,32.1,1,31.2,1,28.5,3,31.0,1,26.1,1,30.0,1,29.6,1,31.8,1,25.5,1,26.3,2
2016-06-23 17:00:00,20.0,7,22.5,6,24.5,4,20.5,7,29.1,4,18.2,5,18.2,7,22.1,7,26.9,2,28.3,3,28.2,3,29.8,2,29.9,2,30.1,2,22.7,7,26.2,2,29.1,3,30.4,2,30.0,2,29.4,2,27.6,2,30.3,2,31.5,1,27.2,2.0,27.4,3,30.8,1,30.1,1,27.0,4,30.3,2,25.4,1,28.7,1,28.6,1,31.3,1,25.4,1,25.8,2
2016-06-23 18:00:00,19.5,7,21.6,6,23.8,4,19.8,7,28.0,4,17.3,4,17.4,7,20.9,7,26.4,2,27.9,2,27.8,2,28.6,2,28.6,2,29.0,2,21.8,7,25.4,2,28.2,3,29.2,2,28.5,2,28.3,2,26.6,2,28.9,2,30.3,1,25.6,2.0,25.8,3,29.0,1,28.6,1,25.3,5,29.0,2,24.6,1,27.0,1,27.5,1,30.4,1,25.2,1,25.0,2
2016-06-23 19:00:00,19.0,7,20.8,6,22.8,4,19.0,7,26.0,4,16.3,3,16.4,7,19.8,7,25.3,3,26.6,3,26.8,3,26.4,2,26.7,2,27.2,2,20.8,6,24.3,2,26.7,3,26.7,2,26.4,2,26.3,2,25.2,2,27.1,1,28.8,1,23.8,2.0,24.1,4,26.9,1,26.6,1,23.4,5,27.2,2,23.6,1,25.1,1,26.2,1,28.7,1,24.9,1,23.8,2
2016-06-23 20:00:00,18.4,7,20.0,6,21.6,5,18.1,7,23.7,4,15.4,3,15.4,7,18.7,6,23.8,4,24.8,4,25.6,4,23.8,2,24.7,1,25.0,2,19.7,6,23.0,3,25.0,2,23.8,2,24.1,1,23.9,1,23.7,1,25.3,1,27.2,1,22.1,2.0,22.4,5,24.7,1,24.3,1,21.7,5,25.2,2,22.6,1,23.2,1,24.9,1,26.6,1,24.6,1,22.6,2
2016-06-23 21:00:00,18.0,7,19.5,6,21.1,6,17.5,7,21.9,4,14.9,4,15.1,6,18.0,6,22.4,5,23.1,4,24.4,4,21.8,2,23.0,1,23.2,2,19.0,6,22.2,4,23.4,2,21.5,2,22.4,1,22.1,1,22.2,2,23.7,1,26.2,1,20.5,2.0,21.2,6,23.3,1,22.2,1,20.2,5,23.3,2,22.0,1,21.7,1,24.1,1,24.9,1,24.2,1,21.6,2
2016-06-23 22:00:00,17.7,7,19.1,6,20.7,6,17.0,7,20.5,4,14.5,4,14.7,6,17.3,6,21.4,6,22.0,5,23.5,4,20.6,2,21.6,1,21.9,2,18.4,6,21.3,5,22.2,2,20.4,3,21.1,1,20.7,1,21.0,2,22.6,2,25.2,1,19.3,2.0,20.1,6,21.9,1,20.4,1,19.2,5,21.9,3,21.4,1,20.4,1,23.4,1,23.4,1,23.8,1,21.0,2
2016-06-23 23:00:00,17.5,7,18.7,6,20.3,6,16.5,7,19.8,4,14.2,4,14.5,6,16.7,6,20.7,6,21.3,5,22.7,4,20.1,3,20.6,1,21.1,3,17.8,6,20.6,5,21.3,2,20.2,3,20.2,1,19.7,1,20.0,2,21.9,2,24.2,1,18.3,2.0,19.3,6,20.6,1,18.8,1,18.5,5,20.9,4,21.0,1,19.5,1,22.8,1,22.2,1,23.4,1,20.6,2
2016-06-24 00:00:00,17.3,7,18.4,6,20.0,6,16.1,7,19.3,4,13.9,5,14.3,6,16.1,6,20.2,6,20.9,5,22.2,5,19.9,4,19.8,1,20.6,3,17.3,6,19.9,6,20.5,2,20.1,4,19.6,1,19.1,2,19.3,3,21.3,2,23.4,1,17.6,2.0,18.7,6,19.5,1,17.7,1,18.0,5,20.2,5,20.6,1,18.7,1,22.3,1,21.2,1,23.1,2,20.3,2
2016-06-24 01:00:00,17.1,7,18.1,6,19.8,6,15.7,7,19.0,4,13.7,5,14.1,6,15.7,6,19.7,5,20.4,5,21.7,5,19.7,4,19.4,1,20.2,4,16.9,6,19.3,6,19.8,3,19.5,5,19.3,1,18.8,2,18.9,4,20.5,2,22.7,1,17.1,3.0,18.4,6,18.7,1,17.0,1,17.4,5,19.6,5,20.4,1,18.1,1,22.0,1,20.6,1,22.8,1,20.2,3
2016-06-24 02:00:00,17.0,7,18.0,6,19.6,6,15.5,7,18.9,5,13.6,5,14.1,6,15.3,6,19.3,5,20.0,5,21.3,5,19.6,5,19.2,1,19.9,4,16.7,6,18.8,6,19.2,5,18.8,5,19.2,1,18.8,2,18.7,4,19.8,3,22.2,1,16.8,4.0,18.3,5,18.1,1,16.7,1,17.0,5,19.2,5,20.3,1,17.7,1,21.8,1,20.4,1,22.7,1,20.2,3
2016-06-24 03:00:00,16.0,7,16.7,7,18.2,6,14.4,7,18.6,3,12.6,5,12.7,5,14.3,7,17.9,7,18.7,7,20.1,7,19.7,2,19.9,1,20.4,2,15.6,7,17.7,5,18.9,3,19.5,2,19.1,2,19.6,2,18.1,4,20.1,2,21.8,1,16.7,2.0,17.4,6,18.1,1,16.6,1,17.1,3,18.9,6,19.4,2,18.6,1,21.4,1,20.0,1,23.1,1,19.9,2
2016-06-24 04:00:00,16.1,7,16.6,7,18.3,6,14.4,7,19.1,3,12.6,5,12.7,5,14.0,7,18.0,6,18.8,6,20.0,6,20.0,2,20.2,1,20.7,2,15.5,7,17.4,6,18.8,3,19.6,2,19.1,2,19.9,2,17.8,4,19.9,2,21.6,1,16.7,2.0,17.5,6,18.6,1,17.1,1,17.1,4,18.8,6,19.5,1,19.0,1,22.0,1,20.6,1,23.5,1,20.0,2
2016-06-24 05:00:00,16.3,7,16.7,7,18.7,7,14.6,7,20.0,4,12.8,6,12.9,5,13.9,7,18.4,6,19.4,6,20.2,6,20.6,2,20.9,1,21.5,2,15.8,7,17.3,6,19.0,3,20.0,2,19.6,2,20.7,2,17.6,4,20.1,2,21.7,1,17.3,2.0,17.9,7,19.6,2,18.4,1,17.4,4,19.0,6,20.1,1,20.0,1,23.0,1,21.9,1,24.2,2,20.6,3
2016-06-24 06:00:00,16.4,7,17.1,7,19.2,7,15.1,7,21.0,4,13.3,5,13.3,5,14.4,7,18.8,6,20.0,6,20.5,6,21.4,2,22.1,1,22.8,2,16.5,7,17.7,6,19.4,3,20.6,2,20.6,1,22.1,2,17.7,4,20.8,2,22.4,1,18.7,2.0,18.6,7,21.1,2,20.5,1,17.9,4,19.5,5,21.2,2,21.7,2,24.2,2,23.8,1,25.2,2,21.6,3
2016-06-24 07:00:00,16.4,7,17.7,7,19.6,7,15.7,6,21.9,4,14.1,4,14.0,5,15.5,7,19.1,7,20.5,6,20.7,7,22.2,2,23.7,1,24.5,2,17.6,7,18.6,7,20.1,4,21.3,2,22.3,1,24.1,2,18.2,5,22.0,2,23.7,1,21.0,2.0,19.4,7,23.1,2,23.3,1,18.6,4,20.3,5,22.9,3,24.0,2,25.5,2,26.0,1,26.1,2,23.2,2
2016-06-24 08:00:00,16.3,7,18.3,7,20.0,7,16.4,6,22.7,3,15.0,3,14.8,4,16.9,6,19.3,7,20.9,7,20.9,7,23.0,2,25.5,1,26.4,2,18.8,6,19.8,7,20.8,4,22.1,3,24.3,1,26.2,2,18.9,5,23.4,2,25.5,1,23.8,2.0,20.3,7,25.4,1,26.3,1,19.4,4,21.3,6,24.8,4,26.5,2,26.8,2,28.3,1,26.8,2,25.1,2
2016-06-24 09:00:00,16.2,7,18.6,7,20.3,7,17.1,6,23.4,3,15.9,2,15.6,4,18.0,6,19.3,7,21.1,7,20.9,7,23.7,2,27.0,1,28.2,2,19.7,6,20.6,7,21.4,5,22.9,4,26.0,2,28.1,2,19.6,6,24.5,1,27.2,1,26.4,2.0,20.9,7,27.7,1,28.9,1,20.1,4,22.3,6,26.3,5,28.7,3,28.1,3,30.4,1,27.0,1,26.8,2
2016-06-24 10:00:00,16.1,7,18.5,7,20.6,7,17.8,6,23.9,3,16.6,2,16.3,4,18.6,6,19.3,7,21.1,7,20.9,7,24.3,3,28.0,2,29.6,2,20.2,6,20.9,7,21.7,5,23.6,5,27.1,2,29.3,1,20.2,6,25.1,1,28.6,1,28.3,2.0,21.3,7,29.8,1,30.7,1,20.5,4,23.1,5,26.9,5,30.3,3,29.4,2,32.1,1,26.7,1,27.9,2
2016-06-24 11:00:00,16.0,7,18.1,7,20.9,7,18.3,6,24.3,4,17.2,2,16.8,4,18.9,6,19.3,7,21.1,7,20.9,7,24.8,4,28.6,2,30.6,1,20.3,6,20.8,7,21.8,5,24.2,6,27.7,2,30.0,1,20.6,7,25.3,1,29.7,1,29.6,2.0,21.5,7,31.6,1,31.7,1,20.8,5,23.6,4,26.9,4,31.3,3,30.5,2,33.4,1,26.1,1,28.5,2
2016-06-24 12:00:00,16.0,7,17.8,7,21.2,7,18.7,6,24.6,4,17.6,2,17.2,5,19.1,6,19.4,7,21.1,7,20.9,7,24.9,4,28.8,2,31.2,1,20.3,6,20.7,7,21.8,6,24.4,6,27.9,2,30.3,1,21.0,7,25.4,2,30.4,1,30.4,3.0,21.7,7,32.8,2,32.2,2,21.1,6,24.1,4,26.7,4,31.9,3,31.2,2,34.0,1,25.6,2,28.7,2
2016-06-24 13:00:00,16.1,7,17.8,7,21.4,7,18.9,6,24.7,4,17.9,2,17.4,5,19.6,6,19.6,7,21.2,7,21.0,7,24.7,4,28.7,2,31.4,1,20.4,6,20.9,7,21.9,6,24.2,7,28.0,2,30.3,1,21.3,7,25.7,3,30.7,2,30.9,3.0,22.0,7,33.3,2,32.4,2,21.4,6,24.5,4,26.6,3,32.1,3,31.4,1,34.0,1,25.4,2,28.6,2
2016-06-24 14:00:00,16.3,7,18.0,7,21.4,7,18.9,6,24.6,4,18.1,2,17.5,4,20.1,6,19.9,7,21.2,7,21.1,7,24.2,4,28.3,2,31.3,1,20.5,7,21.2,7,22.1,6,23.7,6,27.9,2,30.2,1,21.4,7,25.9,5,30.6,2,31.0,4.0,22.3,7,33.2,1,32.3,2,21.6,7,24.8,6,26.5,3,31.9,2,31.2,1,33.5,1,25.4,2,28.3,2
2016-06-24 15:00:00,17.3,6,19.0,6,21.6,7,19.1,5,24.2,7,17.9,3,17.6,6,20.5,4,20.4,7,21.5,7,21.5,7,23.7,6,27.4,5,30.0,2,20.6,4,21.2,7,21.9,7,23.4,7,26.5,5,29.3,2,21.2,7,25.6,5,29.4,2,29.3,6.0,22.0,7,32.8,1,32.1,2,21.3,7,24.5,6,27.4,2,32.0,1,29.7,2,32.5,2,25.8,2,28.1,3
2016-06-24 16:00:00,16.9,6,18.6,6,21.2,7,18.8,5,23.7,7,17.6,2,17.3,6,20.3,5,20.3,7,21.4,7,21.5,7,23.1,6,26.7,4,29.2,2,20.3,4,21.1,7,21.5,7,22.9,7,25.8,5,28.6,2,20.7,7,24.7,6,28.8,3,28.0,6.0,21.8,7,31.8,2,31.4,1,20.8,7,24.5,6,26.8,2,31.2,2,28.7,2,32.1,2,25.7,2,27.9,3
2016-06-24 17:00:00,16.4,6,18.0,7,20.4,7,18.3,4,22.8,7,17.1,2,16.8,6,19.7,5,20.0,7,21.1,6,21.5,6,22.2,6,25.8,4,28.2,2,19.9,4,20.7,6,21.0,7,22.3,7,25.0,5,27.7,1,19.9,7,23.5,6,27.9,3,26.3,6.0,21.4,7,30.5,2,30.3,1,20.0,7,24.2,6,25.9,2,29.9,2,27.6,2,31.6,2,25.5,2,27.7,3
2016-06-24 18:00:00,15.8,6,17.2,6,19.5,6,17.5,4,21.7,7,16.3,2,16.0,6,18.7,5,19.5,6,20.5,6,21.1,6,21.2,6,24.7,3,26.9,2,19.2,4,20.1,6,20.3,6,21.4,7,23.9,6,26.4,1,19.0,7,22.3,7,26.8,3,24.5,6.0,20.7,7,28.9,2,28.8,1,19.1,7,23.6,6,25.0,2,28.3,2,26.4,2,30.6,1,25.2,2,27.2,3
2016-06-24 19:00:00,15.4,6,16.4,6,18.4,6,16.4,3,20.4,7,15.3,2,15.0,5,17.5,5,18.7,6,19.6,6,20.4,6,20.2,6,23.4,3,25.4,2,18.2,4,19.2,6,19.5,6,20.4,7,22.6,6,24.8,2,18.2,7,21.3,7,25.6,4,22.9,6.0,19.8,6,27.3,2,26.9,1,18.2,6,22.6,6,24.4,2,26.4,2,25.2,2,28.9,1,24.8,2,26.1,3
2016-06-24 20:00:00,15.1,6,15.6,5,17.3,6,15.2,3,19.2,7,14.2,2,13.9,4,16.3,4,17.8,7,18.6,6,19.5,6,19.3,6,22.1,4,23.9,2,17.0,3,18.2,6,18.6,6,19.3,6,21.2,6,23.2,2,17.4,7,20.5,7,24.3,4,21.4,5.0,18.8,6,25.7,2,24.7,1,17.4,6,21.5,5,24.0,2,24.6,2,24.2,2,26.8,1,24.5,1,24.7,3
2016-06-24 21:00:00,14.8,6,15.0,5,16.5,6,14.2,2,18.2,7,13.4,3,13.1,3,15.2,3,16.9,6,17.7,6,18.6,6,18.6,6,21.0,4,22.7,2,16.1,2,17.3,6,17.9,6,18.6,6,20.1,6,21.9,3,17.0,6,20.0,7,23.2,4,20.2,5.0,18.3,6,24.2,2,22.8,1,16.9,6,20.8,5,23.4,2,23.7,2,23.3,2,25.0,1,24.2,1,23.6,4
2016-06-24 22:00:00,14.5,6,14.4,5,15.9,6,13.4,2,17.5,7,12.8,3,12.5,3,14.3,3,16.3,6,17.0,6,17.9,6,18.1,7,20.3,4,21.9,3,15.3,2,16.5,5,17.2,6,18.0,6,19.5,6,21.1,5,16.6,6,19.6,6,22.2,5,19.2,5.0,17.8,6,23.0,2,21.1,1,16.5,6,20.2,5,22.8,3,22.7,2,22.6,2,23.4,1,23.9,1,22.7,4
2016-06-24 23:00:00,14.3,6,14.0,5,15.4,6,12.8,2,16.8,7,12.3,4,12.1,3,13.6,3,15.7,5,16.5,6,17.4,6,17.7,7,19.9,4,21.3,4,14.5,2,15.8,4,16.6,6,17.5,6,19.1,6,20.5,6,16.3,6,19.2,6,21.5,5,18.4,5.0,17.5,6,21.9,2,19.6,1,16.1,6,19.6,5,22.3,3,21.9,2,22.0,2,22.0,1,23.5,1,22.1,4
2016-06-25 00:00:00,14.1,6,13.6,4,15.0,6,12.5,2,16.0,7,12.0,4,11.9,3,13.1,4,15.2,5,16.0,5,16.9,5,17.1,7,19.2,4,20.6,4,13.9,2,15.2,4,16.0,6,17.0,6,18.7,6,19.9,6,16.1,6,18.7,5,20.8,6,17.8,5.0,17.2,5,21.0,3,18.6,1,15.8,6,19.0,5,21.8,3,21.3,3,21.7,2,21.0,1,23.1,1,21.8,4
2016-06-25 01:00:00,14.0,5,13.4,4,14.6,5,12.4,3,15.1,7,11.9,5,11.8,3,12.7,4,14.5,5,15.3,5,16.3,5,16.4,7,18.2,5,19.7,5,13.4,2,14.7,4,15.5,6,16.4,6,18.1,7,19.1,6,15.9,6,18.0,5,20.3,6,17.3,5.0,17.0,5,20.2,3,17.9,1,15.6,5,18.5,5,21.4,4,20.8,4,21.6,2,20.4,1,22.7,1,21.5,4
2016-06-25 02:00:00,14.0,5,13.2,4,14.2,5,12.4,3,14.3,7,12.0,6,11.9,4,12.4,4,13.9,4,14.7,5,15.7,5,15.6,7,17.1,5,18.8,5,13.1,2,14.2,5,15.1,6,15.7,6,17.4,7,18.2,6,15.8,6,17.3,5,19.9,6,17.0,5.0,16.9,5,19.7,4,17.6,1,15.5,5,18.1,5,21.2,4,20.5,4,21.8,2,20.2,1,22.4,1,21.4,4
2016-06-25 03:00:00,13.2,6,13.1,5,13.8,6,12.4,6,13.5,7,12.0,3,11.4,3,12.0,2,13.9,6,14.3,6,15.4,6,15.3,7,18.5,6,19.6,7,12.8,3,13.9,4,15.4,7,15.4,7,17.8,7,18.7,7,14.5,7,17.1,7,19.8,7,16.2,4.0,14.9,5,21.2,2,18.3,2,14.9,6,16.8,7,21.7,2,21.6,2,22.6,2,19.7,1,22.3,1,21.4,3
2016-06-25 04:00:00,13.3,7,13.1,6,14.0,7,12.6,6,13.7,7,12.1,3,11.5,3,12.0,2,13.8,6,14.3,6,15.2,6,15.4,7,18.3,6,19.8,7,12.7,3,13.7,5,15.1,7,15.4,7,17.7,7,18.9,7,14.3,7,17.0,7,19.6,7,16.3,5.0,14.9,6,21.7,2,18.9,2,14.7,6,16.5,7,21.8,3,22.0,3,23.1,2,20.3,1,22.8,1,21.0,3
2016-06-25 05:00:00,13.5,7,13.4,6,14.3,6,13.0,6,14.3,7,12.3,3,11.7,3,12.3,3,13.9,6,14.6,6,15.1,6,15.8,7,18.3,7,20.3,7,13.0,4,13.8,5,15.1,7,15.8,7,17.8,7,19.4,7,14.2,7,17.1,7,19.7,7,16.8,5.0,15.2,6,22.5,2,20.0,2,14.8,7,16.5,7,22.4,4,22.9,3,23.8,2,21.6,2,23.7,2,20.8,3
2016-06-25 06:00:00,13.7,7,14.0,7,14.9,6,13.6,5,15.2,7,12.7,2,12.2,4,12.9,3,14.3,6,15.2,6,15.4,6,16.4,7,18.6,7,20.9,7,13.6,4,14.2,5,15.4,7,16.4,7,18.3,7,20.0,7,14.4,7,17.6,7,20.0,7,17.7,5.0,15.8,6,23.7,3,21.7,2,15.2,7,16.9,7,23.4,5,24.1,3,24.8,2,23.4,2,24.5,2,21.2,3
2016-06-25 07:00:00,14.0,6,14.9,7,15.6,6,14.3,5,16.2,6,13.4,2,12.9,4,13.9,3,14.9,5,16.0,5,16.0,5,17.1,7,19.3,7,21.4,7,14.7,4,15.1,4,16.0,6,17.2,7,19.2,7,20.4,7,14.9,7,18.4,7,20.6,7,18.8,6.0,16.8,5,25.0,2,23.7,2,16.0,7,17.6,7,24.9,4,25.6,3,26.0,2,25.7,2,25.1,3,22.1,3
2016-06-25 08:00:00,14.3,6,15.8,6,16.4,6,15.1,4,17.3,5,14.2,3,13.6,4,15.0,3,15.5,5,16.9,5,16.8,5,17.8,7,20.2,7,21.8,7,15.9,3,16.3,4,16.9,6,18.1,7,20.2,7,20.7,7,15.7,6,19.3,7,21.4,7,20.0,5.0,18.0,5,26.3,2,25.8,2,16.9,7,18.4,7,26.5,3,27.0,2,27.2,2,28.0,1,25.4,3,23.3,3
2016-06-25 09:00:00,14.6,6,16.5,6,17.1,6,15.8,3,18.2,5,15.0,3,14.4,4,16.0,3,16.2,4,17.7,4,17.5,4,18.5,6,20.9,7,22.0,7,17.1,3,17.3,3,17.7,5,18.8,7,21.1,7,20.9,7,16.5,6,20.0,7,22.1,7,21.1,5.0,19.1,4,27.5,2,27.5,2,17.7,7,19.2,7,27.7,2,28.2,2,28.5,1,30.1,1,25.3,4,24.6,3
2016-06-25 10:00:00,14.8,5,16.8,6,17.7,5,16.5,3,18.8,4,15.7,4,15.1,4,16.7,3,16.8,4,18.2,4,18.1,4,19.2,6,21.2,7,21.9,7,17.9,3,18.0,4,18.3,5,19.3,7,21.6,7,21.0,7,17.2,5,20.4,7,22.6,7,21.9,5.0,19.9,4,28.5,2,28.7,2,18.1,7,19.7,7,28.3,2,28.9,3,29.6,1,31.7,1,25.0,4,25.7,4
2016-06-25 11:00:00,14.9,5,16.9,6,18.3,4,17.0,3,19.3,4,16.3,4,15.7,4,17.1,3,17.3,4,18.4,4,18.5,4,19.7,6,21.3,7,21.7,7,18.4,4,18.3,5,18.8,6,19.6,7,21.7,6,21.1,7,17.7,5,20.6,7,22.9,6,22.4,5.0,20.4,4,29.2,3,29.4,2,18.3,7,20.2,7,28.4,3,29.3,4,30.5,2,32.6,1,24.5,4,26.5,5
2016-06-25 12:00:00,15.1,5,17.0,5,18.6,4,17.3,4,19.6,5,16.8,4,16.1,4,17.5,4,17.7,4,18.6,4,18.8,4,20.0,6,21.2,7,21.5,7,18.7,5,18.6,6,19.1,6,19.8,7,21.7,6,21.1,7,18.2,4,20.7,7,23.1,6,22.7,6.0,20.8,4,29.6,3,29.7,2,18.5,7,20.6,7,28.5,3,29.7,4,31.1,2,33.0,1,24.1,4,27.0,5
2016-06-25 13:00:00,15.3,5,17.2,5,18.8,4,17.4,4,19.9,5,17.1,4,16.3,5,18.0,4,17.9,4,18.7,4,19.1,4,19.9,6,21.1,7,21.5,7,18.8,5,18.9,6,19.4,6,19.9,7,21.7,6,21.1,7,18.6,4,20.9,6,23.2,6,23.0,6.0,21.2,5,29.6,3,29.8,2,19.0,7,21.2,7,28.7,3,30.1,4,31.2,1,32.8,1,23.9,3,27.1,5
2016-06-25 14:00:00,15.5,5,17.4,4,18.8,4,17.3,4,20.1,5,17.3,4,16.4,5,18.4,5,18.1,5,18.8,5,19.3,5,19.7,6,21.0,7,21.6,7,18.9,5,19.1,5,19.5,5,20.0,7,21.6,7,21.0,7,18.8,5,21.2,6,23.3,6,23.0,6.0,21.5,4,29.4,2,29.6,2,19.5,7,21.7,6,28.9,3,30.4,3,31.0,1,32.3,1,23.9,3,26.8,5
2016-06-25 15:00:00,15.6,6,17.0,6,17.7,6,17.1,5,19.3,7,16.6,4,16.1,5,18.4,5,17.2,4,18.3,5,18.6,5,18.6,6,20.5,7,22.1,7,18.7,3,18.7,4,19.2,5,19.7,6,21.2,6,21.5,7,18.4,5,20.9,7,23.1,6,23.4,7.0,20.9,4,28.6,4,29.7,2,19.5,7,21.5,6,28.6,2,29.7,4,30.2,1,31.6,1,24.5,2,25.7,4
2016-06-25 16:00:00,15.4,5,16.9,5,17.6,5,16.9,5,19.2,6,16.5,4,15.9,5,18.3,6,17.4,4,18.6,4,18.9,4,18.8,5,19.9,7,21.5,7,18.5,3,18.8,4,19.1,4,19.8,6,20.8,7,21.0,7,18.2,5,20.8,6,22.8,6,22.3,7.0,20.8,3,27.6,3,28.8,3,19.5,7,21.6,5,28.0,2,28.7,3,29.4,1,30.9,1,24.3,2,25.3,4
2016-06-25 17:00:00,15.0,5,16.5,4,17.3,3,16.5,5,18.7,6,16.1,3,15.6,4,17.9,6,17.6,3,18.7,3,19.1,3,18.7,4,19.1,7,20.7,7,18.0,3,18.6,4,18.9,4,19.6,6,20.0,7,20.3,7,17.8,4,20.3,6,22.3,6,20.9,7.0,20.4,2,26.4,2,27.6,4,19.1,6,21.5,4,27.1,3,27.2,3,28.5,2,30.1,2,23.9,2,24.7,3
2016-06-25 18:00:00,14.6,4,16.0,3,16.8,2,15.9,5,17.9,5,15.5,3,15.0,4,17.2,7,17.4,3,18.4,3,18.9,3,18.1,3,18.3,7,19.8,6,17.4,3,18.1,3,18.3,3,18.9,6,19.1,7,19.5,7,17.2,4,19.5,6,21.6,6,19.3,7.0,19.7,2,25.1,2,26.1,4,18.4,5,21.1,4,26.0,3,25.5,3,27.5,2,29.1,2,23.6,2,24.1,3
2016-06-25 19:00:00,14.2,4,15.3,3,16.1,2,15.1,5,16.7,4,14.7,2,14.2,3,16.3,6,16.7,3,17.6,2,18.3,2,17.0,3,17.5,7,18.9,6,16.6,3,17.2,3,17.5,3,17.6,6,18.1,7,18.8,7,16.4,3,18.5,6,20.6,5,17.9,6.0,18.7,1,24.0,1,24.6,3,17.5,4,20.4,4,24.9,2,24.0,2,26.3,2,27.9,1,23.4,2,23.3,3
2016-06-25 20:00:00,13.9,4,14.5,2,15.2,2,14.3,4,15.4,3,13.8,2,13.4,3,15.2,5,15.8,3,16.6,2,17.5,2,15.6,2,16.7,7,18.2,6,15.7,2,16.1,2,16.4,2,16.0,5,17.2,7,18.1,7,15.4,2,17.3,5,19.6,5,16.8,6.0,17.5,2,23.0,1,23.2,3,16.5,4,19.5,5,23.8,2,22.8,2,25.1,1,26.6,1,23.2,2,22.5,3
2016-06-25 21:00:00,13.7,5,13.9,3,14.7,2,13.6,4,14.5,3,13.1,3,12.7,3,14.2,5,14.9,3,15.6,2,16.7,3,14.7,3,16.1,6,17.6,6,14.9,2,15.1,2,15.5,2,14.9,4,16.4,6,17.5,7,14.9,2,16.5,5,19.0,5,16.0,6.0,16.5,2,21.9,1,21.7,3,15.7,4,18.7,5,22.9,2,21.7,2,24.0,1,25.2,1,22.9,2,22.0,4
2016-06-25 22:00:00,13.6,5,13.5,3,14.3,2,13.1,4,13.6,3,12.5,3,12.2,3,13.3,5,14.2,3,14.8,2,16.0,3,14.0,3,15.6,6,17.0,6,14.1,2,14.3,2,14.6,2,14.1,3,15.6,6,16.9,7,14.4,2,15.7,4,18.4,5,15.5,6.0,15.6,2,20.9,1,20.3,3,15.0,4,17.9,5,22.2,2,20.8,2,23.2,1,23.8,1,22.6,2,21.4,4
2016-06-25 23:00:00,13.5,5,13.1,3,13.9,3,12.7,4,12.9,3,12.2,4,11.8,4,12.6,5,13.6,3,14.1,2,15.3,3,13.5,3,15.1,6,16.5,6,13.5,3,13.6,3,13.8,2,13.5,3,15.0,6,16.4,6,13.9,2,15.1,4,17.9,5,15.1,6.0,14.9,2,20.0,1,19.1,3,14.5,4,17.3,5,21.5,2,20.1,2,22.7,1,22.4,1,22.2,2,21.0,4
2016-06-26 00:00:00,13.5,5,12.8,3,13.6,3,12.5,5,12.4,3,12.0,4,11.7,4,12.2,5,13.1,3,13.5,2,14.8,3,13.2,4,14.6,5,16.1,6,13.0,3,13.1,3,13.2,3,13.1,3,14.5,6,16.0,6,13.5,3,14.6,4,17.4,5,14.8,6.0,14.4,3,19.3,2,18.0,3,14.2,4,16.8,5,21.0,2,19.5,2,22.1,1,21.1,1,21.8,2,20.6,4
2016-06-26 01:00:00,13.5,5,12.7,4,13.3,3,12.5,5,12.1,4,12.1,5,11.6,4,12.0,5,12.7,3,13.2,2,14.4,3,13.1,4,14.3,5,15.8,6,12.7,4,12.7,4,12.9,3,12.8,3,14.1,5,15.7,6,13.2,3,14.2,4,17.0,5,14.6,6.0,14.2,3,18.8,2,17.3,4,13.9,4,16.3,5,20.5,3,19.1,2,21.5,1,20.0,1,21.4,2,20.3,4
2016-06-26 02:00:00,13.6,5,12.6,4,13.2,4,12.5,5,12.0,4,12.2,5,11.7,5,11.9,4,12.5,2,12.9,2,14.1,3,13.0,4,14.1,5,15.6,5,12.4,5,12.4,4,12.6,4,12.6,4,13.9,5,15.5,6,13.0,4,13.9,5,16.8,5,14.3,5.0,14.2,3,18.4,2,16.8,4,13.8,5,16.0,5,20.1,3,19.0,2,20.9,1,19.1,1,21.3,2,20.1,4
2016-06-26 03:00:00,13.1,6,12.9,7,13.0,4,12.2,4,12.1,6,12.6,4,12.1,5,12.2,2,12.6,3,12.9,3,14.1,3,13.1,4,13.4,6,14.3,4,12.3,2,12.5,4,12.2,3,12.3,2,13.5,5,14.3,5,12.2,2,13.3,2,15.6,5,13.8,5.0,13.6,2,17.9,1,17.0,1,13.1,3,14.9,2,19.3,1,18.6,1,20.1,1,20.0,1,20.8,3,19.1,3
2016-06-26 04:00:00,13.2,7,13.0,7,13.2,5,12.4,5,12.4,6,12.8,4,12.3,5,12.3,3,12.6,3,13.0,3,14.0,4,13.3,4,13.6,6,14.4,4,12.4,2,12.5,3,12.2,3,12.5,2,13.6,5,14.4,5,11.9,2,13.4,2,15.5,4,13.5,6.0,13.7,2,17.9,1,17.0,1,13.0,4,14.5,2,19.1,1,18.7,1,20.0,1,19.9,1,21.2,3,18.9,3
2016-06-26 05:00:00,13.3,7,13.3,7,13.6,6,12.9,5,13.0,5,13.1,4,12.7,5,12.6,3,12.8,4,13.5,4,14.0,4,13.7,3,14.0,7,14.9,4,12.8,2,12.7,3,12.5,4,13.0,2,13.9,5,14.7,4,11.9,3,13.9,3,15.5,3,13.5,6.0,14.0,2,18.3,1,17.4,1,13.3,4,14.5,2,19.4,1,19.2,1,20.3,1,20.3,1,22.0,3,19.0,3
2016-06-26 06:00:00,13.5,7,13.8,6,14.1,6,13.6,6,13.9,4,13.5,4,13.3,5,13.2,3,13.3,4,14.2,4,14.4,5,14.3,3,14.7,7,15.7,4,13.6,2,13.4,3,13.2,4,13.9,3,14.7,4,15.3,4,12.4,3,14.7,3,15.9,3,14.2,6.0,14.9,2,19.2,1,18.4,1,14.0,5,15.1,2,20.3,1,20.2,1,21.0,1,21.5,1,22.8,4,19.6,3
2016-06-26 07:00:00,13.8,7,14.5,6,14.8,6,14.5,6,14.9,4,14.1,5,14.1,5,14.3,4,14.1,4,15.2,4,15.2,5,15.2,3,15.7,6,16.7,5,14.7,3,14.6,3,14.3,4,15.1,3,15.8,4,16.2,4,13.6,3,15.8,3,16.7,2,15.6,6.0,16.3,2,20.6,1,20.1,1,15.3,5,16.3,2,21.9,1,21.7,1,22.2,1,23.5,1,23.5,4,20.8,3
2016-06-26 08:00:00,14.2,6,15.3,6,15.6,5,15.4,6,16.0,4,14.8,5,14.9,5,15.6,5,15.0,4,16.2,4,16.2,4,16.2,4,16.7,6,17.8,5,16.1,3,15.9,3,15.6,4,16.4,3,17.1,4,17.2,4,15.1,2,17.0,3,17.8,2,17.4,6.0,17.9,2,22.3,1,22.2,1,16.8,5,17.9,2,23.9,1,23.4,1,23.6,1,25.8,1,23.9,5,22.3,3
2016-06-26 09:00:00,14.5,6,15.9,6,16.3,5,16.3,5,16.9,5,15.5,6,15.7,5,16.7,6,15.9,4,17.2,4,17.2,4,17.2,4,17.7,5,18.8,5,17.3,3,17.2,4,16.8,4,17.6,3,18.3,4,18.1,5,16.5,2,18.1,3,19.0,2,18.9,6.0,19.4,2,23.9,1,24.2,1,18.0,5,19.3,2,25.6,1,25.0,1,25.0,1,27.9,1,24.1,5,23.8,2
2016-06-26 10:00:00,14.7,6,16.2,5,16.9,5,17.0,5,17.6,5,16.2,6,16.3,5,17.4,6,16.7,4,17.9,4,17.9,4,18.0,5,18.5,4,19.6,5,18.3,3,18.1,4,17.8,4,18.6,3,19.1,4,18.8,5,17.5,2,19.0,3,20.1,2,19.8,6.0,20.4,2,25.1,1,25.6,1,18.7,5,20.3,2,26.7,1,26.3,1,26.2,1,29.4,1,24.0,5,25.0,2
2016-06-26 11:00:00,14.9,5,16.4,5,17.4,6,17.6,5,18.2,6,16.9,6,16.8,6,17.9,6,17.3,4,18.5,4,18.3,4,18.7,5,19.0,4,20.2,5,19.0,4,18.7,5,18.6,5,19.3,3,19.6,4,19.4,5,18.2,2,19.6,3,21.0,2,20.3,5.0,21.1,2,26.0,2,26.6,1,19.0,5,21.0,2,27.2,1,27.3,1,27.2,1,30.2,1,23.8,5,25.9,2
2016-06-26 12:00:00,15.1,5,16.6,5,17.8,6,17.9,5,18.6,6,17.4,6,17.1,7,18.3,6,17.7,4,18.8,4,18.7,4,19.2,5,19.4,4,20.6,5,19.4,4,19.1,5,19.2,5,19.8,3,20.0,4,19.8,5,18.7,2,20.1,4,21.8,2,20.6,5.0,21.5,2,26.7,2,27.2,1,19.2,5,21.6,2,27.5,1,28.1,1,27.9,1,30.6,1,23.6,4,26.4,2
2016-06-26 13:00:00,15.3,5,16.9,5,18.1,7,18.0,5,19.0,6,17.8,6,17.3,6,18.8,6,18.0,4,19.0,4,19.0,4,19.5,5,19.6,4,20.9,5,19.6,5,19.5,6,19.7,5,20.1,3,20.5,4,20.1,5,19.1,3,20.5,4,22.3,2,21.1,5.0,21.9,3,27.2,2,27.6,1,19.6,6,22.2,2,27.7,1,28.8,1,28.3,1,30.6,1,23.5,4,26.6,2
2016-06-26 14:00:00,15.5,5,17.2,4,18.2,6,18.0,5,19.3,6,18.0,7,17.3,6,19.3,6,18.2,5,19.1,5,19.3,5,19.7,5,19.7,5,21.0,5,19.6,5,19.8,5,20.0,6,20.2,4,20.8,5,20.3,5,19.3,4,20.8,4,22.6,2,21.5,5.0,22.2,3,27.4,1,27.8,1,20.1,6,22.8,2,27.9,1,29.2,1,28.4,1,30.3,1,23.4,4,26.5,3
2016-06-26 15:00:00,16.0,6,17.9,6,18.8,5,18.2,6,20.0,5,17.5,7,17.1,7,19.4,6,18.5,6,19.4,6,19.8,6,19.9,5,20.2,5,21.3,4,18.9,6,20.1,6,19.9,6,20.3,5,21.4,5,21.3,5,19.5,4,21.3,6,23.1,2,21.8,5.0,22.4,4,27.7,2,28.5,1,19.9,7,23.2,3,27.9,1,29.3,1,28.6,1,30.8,1,24.4,3,26.1,4
2016-06-26 16:00:00,15.7,6,17.5,6,18.5,5,17.7,6,19.8,4,17.3,7,16.9,7,19.3,6,18.4,6,19.3,6,19.8,6,19.8,5,20.0,5,21.1,4,18.7,5,20.0,6,19.8,6,20.4,4,21.3,4,21.1,5,19.4,4,21.1,5,23.0,2,21.1,4.0,22.3,4,27.2,2,27.9,1,20.0,6,23.3,2,27.7,1,28.6,1,28.2,1,30.2,1,24.2,3,26.0,4
2016-06-26 17:00:00,15.3,6,17.0,6,18.1,5,17.2,6,19.4,4,16.9,6,16.6,6,18.9,5,18.2,6,19.1,6,19.6,6,19.6,6,19.6,4,20.8,4,18.5,5,19.6,6,19.6,6,20.2,4,20.8,3,20.6,4,19.0,4,20.6,4,22.6,1,20.1,4.0,21.8,4,26.3,2,26.9,1,19.7,5,23.0,2,27.3,1,27.4,2,27.5,1,29.4,1,24.0,3,25.7,3
2016-06-26 18:00:00,14.8,6,16.3,6,17.4,5,16.5,6,18.6,4,16.3,6,16.1,6,18.2,5,17.8,6,18.7,6,19.2,6,18.9,6,18.9,3,20.1,4,18.0,5,19.0,6,19.0,5,19.6,4,19.9,2,19.8,3,18.4,4,19.8,3,21.8,1,18.9,4.0,21.1,4,25.2,2,25.5,1,19.1,4,22.4,2,26.5,1,25.9,2,26.5,1,28.3,1,23.7,3,25.2,3
2016-06-26 19:00:00,14.5,6,15.7,6,16.6,5,15.9,6,17.4,4,15.7,6,15.5,6,17.4,5,17.1,6,18.0,6,18.6,6,17.6,6,17.8,2,19.0,4,17.2,5,18.1,5,18.1,5,18.3,5,18.6,2,18.8,3,17.5,4,18.7,3,20.7,1,17.6,3.0,20.0,4,24.0,2,23.8,1,18.2,4,21.4,2,25.3,2,24.4,2,25.4,1,26.9,1,23.5,4,24.3,2
2016-06-26 20:00:00,14.2,6,15.2,6,15.8,5,15.3,6,16.1,5,15.2,6,14.9,5,16.6,6,16.4,6,17.1,6,17.9,6,16.2,6,16.5,2,17.8,3,16.3,5,17.1,5,17.0,5,16.6,6,17.2,2,17.7,2,16.5,3,17.5,3,19.5,1,16.5,3.0,18.8,4,22.7,2,22.1,1,17.2,4,20.3,3,24.0,2,23.0,3,24.2,1,25.3,1,23.2,4,23.3,2
2016-06-26 21:00:00,14.1,6,14.8,6,15.1,5,14.9,6,15.4,6,14.8,6,14.6,5,15.9,5,15.7,6,16.4,6,17.3,6,15.1,6,15.5,3,16.8,2,15.7,5,16.4,5,16.1,5,15.4,6,16.0,3,17.0,3,15.6,3,16.5,3,18.5,2,15.6,3.0,17.8,4,21.6,2,20.5,1,16.3,4,19.4,3,22.9,2,21.8,3,23.1,1,23.6,1,22.7,4,22.5,2
2016-06-26 22:00:00,14.1,6,14.4,6,14.6,5,14.5,6,14.7,6,14.5,6,14.3,5,15.2,5,15.1,6,15.6,6,16.6,6,14.3,6,14.6,3,16.0,2,15.1,6,15.6,5,15.2,5,14.4,5,15.1,3,16.3,3,14.8,3,15.6,3,17.6,2,14.7,3.0,16.8,4,20.6,2,19.1,1,15.5,4,18.5,3,21.9,2,20.9,2,22.0,1,21.9,1,22.2,4,21.8,3
2016-06-26 23:00:00,14.0,6,14.1,6,14.1,5,14.1,6,14.1,6,14.2,6,14.0,5,14.6,5,14.5,6,14.9,5,16.0,6,13.7,6,14.0,4,15.4,2,14.7,6,15.0,5,14.4,5,13.7,5,14.3,3,15.6,3,14.2,3,14.9,3,16.8,3,14.0,4.0,16.1,4,19.7,2,17.8,1,14.9,4,17.7,3,21.0,2,20.2,2,21.1,1,20.4,1,21.7,4,21.1,3
2016-06-27 00:00:00,14.0,6,13.8,6,13.7,5,13.8,6,13.6,6,14.0,5,13.8,6,14.0,5,13.9,6,14.3,5,15.4,6,13.3,6,13.5,4,14.9,3,14.2,6,14.4,5,13.8,5,13.2,4,13.8,4,15.1,4,13.7,3,14.3,3,16.1,3,13.3,4.0,15.4,4,18.9,1,16.7,1,14.3,4,17.0,3,20.2,2,19.5,2,20.2,1,18.9,1,21.2,4,20.5,3
2016-06-27 01:00:00,14.0,6,13.5,6,13.5,5,13.5,6,13.2,5,13.8,5,13.6,6,13.5,5,13.5,6,13.8,4,14.9,6,13.1,6,13.1,5,14.5,4,13.8,6,13.9,5,13.3,5,12.8,4,13.4,4,14.7,4,13.2,4,13.8,4,15.6,4,12.7,4.0,14.9,4,18.2,1,15.9,1,13.9,5,16.3,3,19.5,2,18.9,2,19.5,1,17.8,1,20.8,4,20.0,4
2016-06-27 02:00:00,14.0,6,13.3,6,13.3,6,13.4,6,12.9,5,13.7,5,13.5,5,13.2,5,13.1,5,13.5,4,14.4,5,13.0,6,13.0,5,14.2,5,13.4,6,13.4,6,12.9,5,12.6,5,13.1,4,14.3,5,12.9,4,13.5,4,15.2,4,12.2,4.0,14.6,4,17.7,1,15.4,1,13.6,5,15.7,4,18.8,2,18.5,1,19.1,1,16.9,1,20.5,4,19.5,4
2016-06-27 03:00:00,14.4,7,14.1,6,14.1,6,13.7,6,12.9,7,14.6,5,13.9,5,13.8,6,13.9,6,14.1,6,15.5,6,13.5,6,12.8,6,13.7,5,14.0,5,13.8,5,13.3,6,13.1,6,13.0,3,13.6,2,13.1,6,13.8,5,14.9,2,12.4,4.0,14.7,4,17.7,1,15.5,1,13.6,3,15.1,4,18.9,1,18.2,1,19.3,1,17.3,1,20.5,3,19.2,2
2016-06-27 04:00:00,14.5,7,14.3,7,14.4,6,13.9,6,13.3,7,14.6,5,14.1,5,13.9,6,14.0,6,14.4,6,15.5,7,14.0,6,13.3,5,14.1,5,14.1,5,13.9,5,13.4,6,13.3,6,13.3,4,14.0,2,13.0,6,14.0,5,15.1,3,12.2,4.0,14.7,4,17.9,1,15.9,1,13.7,4,14.9,4,18.8,1,18.5,1,19.4,2,17.7,2,20.8,3,19.0,3
2016-06-27 05:00:00,14.7,7,14.7,7,14.8,6,14.4,6,14.0,7,14.7,5,14.4,5,14.3,6,14.4,6,14.9,6,15.8,7,14.8,6,14.1,5,15.0,6,14.5,4,14.4,5,13.8,6,13.9,6,14.1,5,14.7,3,13.1,5,14.7,6,15.6,5,12.5,4.0,15.1,4,18.6,2,16.8,1,14.0,5,15.1,4,19.2,2,19.3,2,19.9,2,18.6,2,21.4,3,19.1,3
2016-06-27 06:00:00,15.0,7,15.3,7,15.3,6,15.0,6,14.9,7,14.9,4,14.8,5,15.0,6,14.9,7,15.7,6,16.2,7,15.7,6,15.1,4,16.1,6,15.2,4,15.1,5,14.6,6,14.9,6,15.1,6,15.7,3,13.6,5,15.6,6,16.4,5,13.5,4.0,15.9,4,19.7,2,18.2,1,14.8,5,15.8,4,20.3,2,20.6,2,20.8,2,20.2,2,22.2,4,19.9,3
2016-06-27 07:00:00,15.3,7,16.0,7,15.8,6,15.8,6,15.9,7,15.3,4,15.3,5,16.1,5,15.6,7,16.6,7,16.8,7,16.4,7,16.3,5,17.3,6,16.2,5,16.2,5,15.8,6,16.3,6,16.4,6,16.9,4,14.7,5,16.8,6,17.4,5,15.2,4.0,17.3,5,21.2,2,20.1,1,16.0,4,17.2,3,22.1,2,22.2,2,22.2,2,22.4,2,23.0,4,21.3,3
2016-06-27 08:00:00,15.7,7,16.6,7,16.3,6,16.5,6,16.9,7,15.8,5,15.8,5,17.2,5,16.3,7,17.6,7,17.5,7,17.0,7,17.5,6,18.5,7,17.4,5,17.4,5,17.2,6,17.8,5,17.7,7,18.2,4,16.1,6,18.0,5,18.4,4,17.3,4.0,19.0,5,22.8,2,22.1,1,17.5,3,19.0,2,24.2,2,23.9,2,23.7,2,24.7,2,23.6,4,23.1,2
2016-06-27 09:00:00,15.9,7,17.1,7,16.8,7,17.2,5,17.8,7,16.4,5,16.4,5,18.1,5,17.1,7,18.3,7,18.2,7,17.7,7,18.6,7,19.6,7,18.5,6,18.5,5,18.4,6,19.1,5,18.8,7,19.3,5,17.4,7,19.2,5,19.5,3,19.2,4.0,20.4,6,24.3,2,24.0,1,19.0,2,20.6,2,26.1,2,25.6,1,25.2,1,26.9,2,24.1,5,24.9,2
2016-06-27 10:00:00,15.9,6,17.4,7,17.3,7,17.7,6,18.4,7,17.0,5,17.0,5,18.5,5,17.8,7,18.8,7,18.8,7,18.5,7,19.4,7,20.5,7,19.3,7,19.3,5,19.3,6,20.1,4,19.6,6,20.2,4,18.4,7,20.2,5,20.6,2,20.5,4.0,21.3,6,25.6,2,25.5,1,20.2,2,21.7,1,27.3,1,27.0,1,26.4,1,28.5,2,24.3,5,26.3,2
2016-06-27 11:00:00,15.9,6,17.5,7,17.8,7,18.0,6,18.9,7,17.5,5,17.5,5,18.7,5,18.4,7,19.0,7,19.3,7,19.3,7,20.0,7,21.1,7,19.9,7,19.9,6,19.8,6,20.8,4,20.2,6,20.8,4,19.1,7,20.9,5,21.5,2,21.4,4.0,21.8,6,26.7,2,26.5,1,21.0,3,22.5,2,28.0,1,28.2,1,27.4,1,29.5,1,24.4,5,27.4,1
2016-06-27 12:00:00,15.9,6,17.6,7,18.2,7,18.2,6,19.3,7,18.0,6,17.8,5,18.9,5,18.8,7,19.3,7,19.8,7,20.0,7,20.4,7,21.5,7,20.2,6,20.4,6,20.3,6,21.2,4,20.7,6,21.2,4,19.7,6,21.6,5,22.4,2,22.0,4.0,22.2,6,27.5,2,27.2,1,21.7,4,23.2,2,28.4,1,29.2,1,28.1,1,30.0,1,24.3,5,28.0,1
2016-06-27 13:00:00,16.1,5,17.8,6,18.6,7,18.3,5,19.7,7,18.4,5,18.0,5,19.3,5,19.1,7,19.7,6,20.3,6,20.5,7,20.7,7,21.7,7,20.4,6,20.8,6,20.8,6,21.5,5,21.3,7,21.5,5,20.2,6,22.2,5,23.1,3,22.5,4.0,22.6,6,28.1,2,27.6,1,22.2,4,23.9,2,28.8,1,30.0,1,28.7,1,30.1,1,24.2,4,28.2,2
2016-06-27 14:00:00,16.3,4,18.1,6,18.9,6,18.4,5,20.0,7,18.7,4,17.9,5,19.7,5,19.3,6,20.1,6,20.7,6,20.8,6,20.9,6,21.8,7,20.5,5,21.2,6,21.3,6,21.7,5,21.8,7,21.6,6,20.5,5,22.6,5,23.6,3,22.8,5.0,23.0,5,28.5,2,27.7,1,22.6,4,24.6,2,29.2,1,30.5,1,29.0,1,29.8,1,24.1,4,28.2,2
2016-06-27 15:00:00,16.4,4,18.2,5,19.5,7,18.8,5,20.8,6,18.1,4,17.2,4,20.2,5,19.8,6,20.7,6,20.9,6,21.8,6,21.7,6,22.4,7,20.4,4,21.7,5,22.3,6,22.8,5,23.1,5,22.6,4,21.3,3,23.2,4,24.5,2,23.1,3.0,23.6,3,28.4,1,28.6,1,23.1,4,25.4,2,29.4,2,30.3,1,28.9,1,29.8,1,24.9,3,27.8,4
2016-06-27 16:00:00,16.4,4,18.2,5,19.4,6,18.8,5,20.8,6,18.0,3,17.2,3,20.1,4,19.9,5,21.0,5,21.3,5,21.8,5,21.6,6,22.2,6,20.2,4,21.7,5,22.3,5,23.0,5,23.1,4,22.5,4,21.4,3,23.3,3,24.6,2,22.4,3.0,23.6,3,28.0,1,28.3,1,23.2,4,25.6,2,29.2,1,29.7,1,28.6,1,29.3,1,24.6,3,27.6,4
2016-06-27 17:00:00,16.2,4,17.9,5,19.1,5,18.7,4,20.5,5,17.6,3,17.0,3,19.8,4,19.9,5,21.1,5,21.5,5,21.5,5,21.2,5,21.8,6,19.9,4,21.4,5,22.0,4,22.9,4,22.8,4,22.2,3,21.1,2,23.0,3,24.3,2,21.4,2.0,23.5,2,27.2,1,27.6,1,23.1,3,25.4,2,28.6,1,28.6,1,28.1,1,28.7,1,24.3,3,27.3,3
2016-06-27 18:00:00,15.9,4,17.4,5,18.5,5,18.1,4,19.8,5,16.9,3,16.5,2,19.2,3,19.5,4,20.7,4,21.3,4,20.8,4,20.5,5,21.1,5,19.3,4,20.8,4,21.3,4,22.1,4,22.0,3,21.4,3,20.5,2,22.3,2,23.6,2,20.1,2.0,22.8,2,26.2,1,26.5,1,22.3,3,24.8,2,27.6,1,27.1,1,27.3,1,27.6,1,24.0,2,26.7,3
2016-06-27 19:00:00,15.5,4,16.7,5,17.6,5,17.0,3,18.6,5,15.9,2,15.5,2,18.3,3,18.7,4,19.8,4,20.6,4,19.4,4,19.4,4,20.0,5,18.5,4,19.8,4,20.3,4,20.5,3,20.6,3,20.2,2,19.5,2,21.1,2,22.4,2,18.8,2.0,21.6,2,25.0,1,24.9,1,20.9,2,23.7,1,26.2,1,25.5,1,26.1,1,26.1,1,23.8,2,25.7,3
2016-06-27 20:00:00,15.1,4,15.9,5,16.6,5,15.7,3,17.2,4,14.7,2,14.3,2,17.2,2,17.7,3,18.6,3,19.5,3,17.8,3,18.0,4,18.8,4,17.6,4,18.6,4,19.0,5,18.5,3,19.0,3,18.9,3,18.3,2,19.7,2,21.0,2,17.5,1.0,20.0,2,23.7,1,23.1,1,19.1,2,22.3,1,24.8,1,24.0,1,24.8,1,24.3,1,23.6,2,24.6,2
2016-06-27 21:00:00,14.9,4,15.2,5,15.9,5,14.8,3,16.1,4,14.0,2,13.6,2,16.4,3,17.1,3,17.7,4,18.9,3,16.6,3,16.9,4,17.6,5,16.8,3,17.9,4,18.2,5,17.2,2,17.7,3,17.6,3,17.3,2,18.4,2,19.9,2,16.3,2.0,18.8,2,22.6,1,21.9,1,17.6,2,21.1,1,23.8,1,22.7,1,23.6,1,22.8,1,23.2,2,23.7,2
2016-06-27 22:00:00,14.7,4,14.6,5,15.2,5,14.1,3,15.2,4,13.4,3,13.0,3,15.5,3,16.6,4,16.9,4,18.3,3,15.7,3,16.0,4,16.7,5,16.1,3,17.2,4,17.4,5,16.1,2,16.6,3,16.5,3,16.4,2,17.4,2,19.0,2,15.3,2.0,17.7,2,21.7,1,20.6,1,16.5,2,19.9,1,22.9,2,21.7,1,22.5,1,21.4,1,22.8,2,22.7,2
2016-06-27 23:00:00,14.6,4,14.1,5,14.7,5,13.5,4,14.6,5,12.9,3,12.5,3,14.8,3,16.0,4,16.2,4,17.8,3,15.2,4,15.3,4,16.0,5,15.5,2,16.6,4,16.7,5,15.4,3,15.8,3,15.6,4,15.5,2,16.5,2,18.2,2,14.6,2.0,16.8,2,20.9,1,19.5,1,15.7,3,18.8,2,22.0,2,20.9,1,21.6,1,20.1,1,22.3,2,21.8,2
2016-06-28 00:00:00,14.4,5,13.8,5,14.3,5,13.1,4,14.2,5,12.7,3,12.3,4,14.3,4,15.6,4,15.7,4,17.2,3,14.9,4,14.8,5,15.6,5,15.0,3,16.0,4,16.0,5,14.8,3,15.3,4,15.0,4,14.8,2,15.8,2,17.5,2,14.0,2.0,16.1,2,20.2,1,18.5,1,15.2,3,17.9,2,21.2,3,20.2,1,21.0,2,19.0,1,21.9,3,21.1,2
2016-06-28 01:00:00,14.3,5,13.7,5,14.1,6,12.9,4,14.0,5,12.6,4,12.3,4,13.9,4,15.1,4,15.3,5,16.7,4,14.8,4,14.6,5,15.3,6,14.7,4,15.5,5,15.4,5,14.4,4,14.8,4,14.7,5,14.2,2,15.2,2,17.0,2,13.6,2.0,15.5,2,19.3,1,17.7,1,14.7,3,17.0,2,20.6,3,19.6,1,20.5,2,18.3,2,21.6,3,20.4,3
2016-06-28 02:00:00,14.3,5,13.6,5,14.0,6,12.9,5,14.0,5,12.7,4,12.4,5,13.6,5,14.8,5,15.1,5,16.3,4,14.8,5,14.5,5,15.3,6,14.5,5,15.1,5,15.0,5,14.1,4,14.6,4,14.6,5,13.8,3,14.8,2,16.6,2,13.4,3.0,15.1,3,18.7,1,17.1,1,14.3,3,16.3,1,20.1,4,19.1,2,20.3,2,17.9,2,21.4,3,20.0,3
2016-06-28 03:00:00,13.7,4,13.1,6,13.5,5,12.1,3,13.2,5,12.8,6,12.1,6,12.7,5,13.4,4,14.1,5,15.2,5,14.6,4,15.1,5,15.7,5,13.3,4,14.0,4,14.4,4,14.3,5,14.7,4,14.5,3,14.4,3,14.9,4,16.1,2,12.4,1.0,15.1,3,18.6,1,16.4,1,14.6,1,16.4,2,19.7,1,19.3,1,20.1,1,18.2,1,21.8,1,20.2,1
2016-06-28 04:00:00,13.7,5,13.2,6,13.6,5,12.2,4,13.3,5,13.0,6,12.4,6,12.8,6,13.4,5,14.1,5,15.0,5,14.8,5,15.3,5,15.9,6,13.4,4,14.1,4,14.4,4,14.6,5,14.9,4,14.9,4,14.3,3,15.1,5,16.2,2,12.5,2.0,15.1,4,18.8,1,16.7,1,14.5,2,16.2,2,19.6,1,19.6,1,20.4,1,18.6,2,22.2,1,20.3,2
2016-06-28 05:00:00,13.8,5,13.5,6,13.9,5,12.6,4,13.7,5,13.2,6,12.8,5,13.2,6,13.7,5,14.4,5,15.1,5,15.3,5,15.8,6,16.5,6,13.8,5,14.4,5,14.8,5,15.3,5,15.5,4,15.8,5,14.4,3,15.8,5,16.8,2,13.1,2.0,15.5,5,19.5,1,17.6,1,14.8,2,16.3,2,20.1,1,20.4,1,21.1,1,19.5,2,22.8,2,20.8,2
2016-06-28 06:00:00,14.0,5,14.0,6,14.3,6,13.3,5,14.6,5,13.5,7,13.4,5,13.9,6,14.3,6,15.1,5,15.6,5,16.2,6,16.7,6,17.4,6,14.6,5,15.1,5,15.6,4,16.4,5,16.6,3,17.0,6,14.9,3,16.9,5,17.8,2,14.3,2.0,16.5,5,20.7,1,19.1,1,15.8,2,17.2,2,21.3,1,21.8,1,22.3,2,21.2,2,23.6,2,21.7,2
2016-06-28 07:00:00,14.3,5,14.8,6,14.9,6,14.2,5,15.9,6,13.9,7,14.0,6,15.0,6,15.2,6,16.2,5,16.4,5,17.3,6,17.9,6,18.7,6,15.7,5,16.1,4,16.9,4,17.8,4,18.1,3,18.5,5,16.1,4,18.5,5,19.1,2,16.3,2.0,18.1,4,22.4,1,21.1,1,17.6,2,18.9,2,23.2,1,23.7,1,23.8,1,23.5,2,24.4,2,23.1,2
2016-06-28 08:00:00,14.7,5,15.7,5,15.7,5,15.2,5,17.3,6,14.5,7,14.6,6,16.3,5,16.3,5,17.6,5,17.5,5,18.5,6,19.2,5,20.0,6,17.0,5,17.4,4,18.4,3,19.5,4,19.7,3,20.1,3,17.6,4,20.3,4,20.5,2,18.8,2.0,20.1,3,24.3,1,23.4,1,19.9,2,21.0,2,25.3,1,25.9,1,25.6,1,26.1,1,25.1,2,24.7,2
2016-06-28 09:00:00,15.0,5,16.5,5,16.5,5,16.2,5,18.6,6,15.0,7,15.1,7,17.4,5,17.4,5,18.8,5,18.7,5,19.7,6,20.4,4,21.3,6,18.2,5,18.7,4,19.9,3,21.0,4,21.2,3,21.4,2,19.1,4,22.0,3,22.0,1,21.2,1.0,21.9,3,26.2,1,25.5,1,22.0,2,23.0,2,27.1,1,27.8,1,27.2,1,28.4,1,25.6,2,26.3,1
2016-06-28 10:00:00,15.2,5,17.0,5,17.3,5,17.0,5,19.6,5,15.5,7,15.5,7,18.0,6,18.4,5,19.7,5,19.8,5,20.8,6,21.3,4,22.3,5,19.2,5,19.9,5,21.2,4,22.3,4,22.2,3,22.3,2,20.3,4,23.3,3,23.3,1,23.2,1.0,23.3,3,27.8,1,27.2,1,23.4,1,24.5,1,28.1,1,29.2,1,28.6,1,29.9,1,25.7,2,27.6,2
2016-06-28 11:00:00,15.4,5,17.4,5,18.0,5,17.6,5,20.4,5,16.0,7,15.9,7,18.3,7,19.3,5,20.4,6,20.7,6,21.7,6,22.0,4,23.0,4,19.9,5,20.9,5,22.1,5,23.3,4,23.0,3,22.9,2,21.3,3,24.4,3,24.5,1,24.8,2.0,24.4,4,29.2,1,28.4,1,24.3,1,25.6,2,28.5,1,30.2,1,29.6,1,30.7,1,25.6,2,28.5,2
2016-06-28 12:00:00,15.5,5,17.5,5,18.6,5,18.0,6,20.9,5,16.4,7,16.2,7,18.5,7,19.9,6,20.8,6,21.3,6,22.5,6,22.5,5,23.5,4,20.4,5,21.6,6,22.8,6,23.9,4,23.6,3,23.3,3,22.1,3,25.2,3,25.6,1,25.9,2.0,25.2,5,30.4,1,29.3,1,25.0,2,26.6,2,28.6,1,30.9,1,30.3,1,30.9,2,25.5,2,28.9,2
2016-06-28 13:00:00,15.6,5,17.5,5,19.0,5,18.2,6,21.3,5,16.7,7,16.5,7,18.8,7,20.3,6,21.1,6,21.5,6,23.1,6,22.9,5,23.8,5,20.6,5,22.1,7,23.2,6,24.2,4,24.3,4,23.7,3,22.8,4,25.9,3,26.5,2,26.6,2.0,25.8,5,31.4,1,29.8,2,25.6,3,27.6,2,28.6,2,31.6,1,30.5,1,30.7,2,25.4,2,28.8,2
2016-06-28 14:00:00,15.6,6,17.5,6,19.1,5,18.1,6,21.6,6,16.9,7,16.7,7,19.2,6,20.4,6,21.3,7,21.5,7,23.5,6,23.1,6,24.0,6,20.5,6,22.3,7,23.3,6,24.3,4,24.9,4,24.1,4,23.3,4,26.5,3,27.3,2,26.9,3.0,26.2,5,32.1,1,30.0,2,26.1,4,28.4,2,28.4,2,32.0,1,30.4,1,30.3,1,25.4,2,28.5,2
2016-06-28 15:00:00,17.3,5,20.1,5,21.8,3,19.6,5,23.1,6,16.9,7,17.4,7,19.7,6,21.9,5,22.9,5,23.2,5,24.2,3,24.1,6,24.5,4,19.7,5,22.2,6,23.4,5,24.6,4,25.9,3,24.7,2,22.6,2,26.5,2,27.9,1,26.6,3.0,24.7,2,31.9,1,29.9,2,25.3,3,28.2,1,27.9,1,31.6,1,29.6,1,29.6,2,25.5,2,28.1,3
2016-06-28 16:00:00,17.3,5,20.0,5,21.8,3,19.3,6,23.1,6,16.6,6,16.9,7,19.4,6,22.0,5,23.0,5,23.3,5,24.2,3,24.1,5,24.5,3,19.4,6,22.0,6,23.2,4,24.8,3,26.1,3,25.0,2,22.4,2,26.1,2,28.2,1,25.5,3.0,24.1,3,31.5,1,29.6,2,24.8,3,28.3,1,27.2,1,31.0,1,29.0,1,29.3,2,25.3,2,27.8,4
2016-06-28 17:00:00,17.1,5,19.8,5,21.5,4,18.9,6,22.7,6,16.1,5,16.3,7,18.9,6,21.8,5,22.9,5,23.3,5,23.9,3,23.7,4,24.2,3,18.9,6,21.5,6,22.9,4,24.7,3,25.8,2,24.8,2,21.9,2,25.4,2,28.1,2,23.8,4.0,23.2,3,30.6,1,28.8,2,23.8,4,28.0,1,26.2,1,29.8,1,28.2,2,28.8,2,25.0,2,27.4,4
2016-06-28 18:00:00,16.8,5,19.1,4,20.8,5,18.2,6,21.9,5,15.6,5,15.7,7,18.2,6,21.3,4,22.4,5,22.8,5,23.1,3,22.9,4,23.4,2,18.4,6,20.8,5,22.2,3,24.0,2,24.9,2,24.0,2,21.1,2,24.2,2,27.4,2,22.1,4.0,22.2,3,29.1,1,27.5,2,22.6,4,27.3,2,25.2,1,28.1,1,27.1,2,28.0,2,24.7,2,26.7,5
2016-06-28 19:00:00,16.3,5,18.1,4,19.7,6,17.2,6,20.7,5,15.1,4,15.0,5,17.3,5,20.4,4,21.3,5,21.9,5,21.7,3,21.7,3,22.1,2,17.7,5,19.9,4,21.1,3,22.3,2,23.3,2,22.5,2,19.9,2,22.7,2,26.1,2,20.6,3.0,21.1,4,27.0,2,25.5,2,21.2,5,26.1,2,24.4,2,26.0,2,25.8,2,26.5,2,24.4,2,25.6,5
2016-06-28 20:00:00,15.7,5,16.9,4,18.4,6,16.1,5,19.3,4,14.6,3,14.4,4,16.4,4,19.3,4,20.0,5,20.9,4,20.0,2,20.5,2,20.6,2,17.0,5,18.8,4,19.7,3,20.3,2,21.4,2,20.6,2,18.7,2,21.2,2,24.5,1,19.3,3.0,20.0,4,24.7,2,23.2,2,19.9,6,24.7,3,23.7,4,23.9,3,24.4,2,24.7,2,24.0,2,24.5,5
2016-06-28 21:00:00,15.3,5,16.3,4,17.8,6,15.3,4,18.4,5,14.3,3,13.8,3,15.6,4,18.6,5,19.2,5,20.1,5,19.2,3,19.6,2,19.7,2,16.4,5,17.8,4,18.6,3,19.3,2,20.4,3,19.8,2,17.5,2,19.9,2,23.4,2,18.0,3.0,19.1,4,23.4,3,21.9,2,18.8,6,23.2,3,22.9,4,22.4,3,23.6,2,23.1,2,23.6,1,23.8,5
2016-06-28 22:00:00,15.0,5,15.7,4,17.1,6,14.5,4,17.6,5,14.0,3,13.4,3,14.8,4,17.8,5,18.4,5,19.4,5,18.3,3,18.8,2,18.9,3,15.9,5,17.0,4,17.6,4,18.2,2,19.3,3,18.9,3,16.6,3,18.6,2,22.3,2,16.9,3.0,18.4,4,22.1,3,20.6,3,17.9,6,21.9,4,22.2,4,21.0,3,22.8,3,21.7,3,23.2,2,23.1,5
2016-06-28 23:00:00,14.7,5,15.2,4,16.5,5,13.9,4,16.8,5,13.7,3,13.0,3,14.2,3,17.0,5,17.6,5,18.6,5,17.5,4,18.0,3,18.2,3,15.5,5,16.3,4,16.8,4,17.3,3,18.4,3,18.2,3,16.0,3,17.5,2,21.3,3,16.0,3.0,17.9,5,21.0,3,19.4,3,17.1,5,20.7,4,21.6,4,20.0,4,22.2,3,20.5,3,22.8,2,22.5,5
2016-06-29 00:00:00,14.5,5,14.7,5,15.8,5,13.4,4,16.1,5,13.4,4,12.8,3,13.7,4,16.3,5,16.8,5,17.9,5,16.8,4,17.2,3,17.5,4,15.1,6,15.7,5,16.0,4,16.4,3,17.5,4,17.5,4,15.5,4,16.5,3,20.2,3,15.3,3.0,17.3,5,20.0,4,18.4,3,16.5,5,19.7,4,21.0,4,19.2,4,21.7,4,19.6,3,22.3,2,21.9,5
2016-06-29 01:00:00,14.3,5,14.2,5,15.3,5,13.1,5,15.4,5,13.2,4,12.7,4,13.4,4,15.6,5,16.1,5,17.2,5,16.1,5,16.5,4,17.0,4,14.7,6,15.2,5,15.3,4,15.6,4,16.7,4,17.0,4,15.0,4,15.7,3,19.3,4,14.8,4.0,16.7,5,19.2,4,17.6,4,16.0,5,18.7,4,20.5,4,18.6,4,21.3,4,19.0,4,21.9,3,21.4,5
2016-06-29 02:00:00,14.2,5,13.9,5,14.8,5,12.9,5,14.9,5,13.1,5,12.6,5,13.2,4,15.0,5,15.5,5,16.5,5,15.5,5,16.0,4,16.6,5,14.4,6,14.7,5,14.7,5,14.9,4,16.0,4,16.6,5,14.6,5,15.2,4,18.5,4,14.6,4.0,16.1,5,18.7,4,17.0,4,15.6,5,18.0,4,20.2,4,18.4,4,21.1,4,18.8,4,21.7,4,20.9,4
2016-06-29 03:00:00,13.7,4,12.9,4,13.7,4,12.7,4,13.8,5,12.8,4,12.2,4,12.6,4,13.4,5,14.3,5,15.3,5,15.3,5,16.6,4,17.1,5,13.3,5,13.9,5,14.6,5,14.9,4,15.8,3,16.8,3,14.4,5,15.4,4,18.3,4,13.9,2.0,16.0,7,18.6,2,15.9,2,15.6,5,17.8,6,20.7,3,19.8,3,20.6,3,18.5,4,21.1,4,22.1,5
2016-06-29 04:00:00,13.7,5,12.9,5,13.5,5,12.7,5,13.7,5,12.9,5,12.4,4,12.6,5,13.1,5,14.0,5,14.9,5,15.3,6,16.5,5,17.2,6,13.3,5,13.7,5,14.5,6,15.0,5,16.0,3,17.0,4,14.2,5,15.6,5,18.3,4,14.2,3.0,16.1,7,18.9,2,16.5,2,15.6,5,17.6,6,20.7,4,20.2,3,20.9,3,18.7,4,21.5,4,21.9,5
2016-06-29 05:00:00,13.8,5,13.2,5,13.6,5,12.9,5,14.0,6,13.2,5,12.7,4,12.8,5,13.1,5,14.1,5,14.8,5,15.5,6,16.8,6,17.6,6,13.5,5,13.7,5,14.7,6,15.5,6,16.6,4,17.5,5,14.0,6,16.1,6,18.7,5,14.8,4.0,16.4,7,19.7,2,17.7,2,15.8,6,17.6,7,21.1,4,21.0,3,21.6,3,19.5,4,22.2,5,21.9,6
2016-06-29 06:00:00,13.9,5,13.8,6,13.9,5,13.3,5,14.6,6,13.4,6,13.1,5,13.2,5,13.4,6,14.5,6,15.0,6,15.9,6,17.3,6,18.4,7,14.1,5,14.1,5,15.1,7,16.1,6,17.5,5,18.3,6,14.2,6,17.0,6,19.3,6,16.0,4.0,17.1,7,21.0,3,19.5,2,16.2,7,17.9,7,22.1,5,22.3,3,22.8,4,21.0,5,22.9,5,22.4,6
2016-06-29 07:00:00,14.2,5,14.6,6,14.4,5,13.9,6,15.6,6,13.7,6,13.5,5,14.0,5,14.0,6,15.3,6,15.6,6,16.3,6,18.1,6,19.7,7,14.9,5,14.9,5,15.6,6,16.8,7,18.5,6,19.5,6,14.7,7,18.1,7,20.1,5,17.6,5.0,18.0,7,22.7,3,21.6,2,16.8,7,18.5,7,23.5,5,24.0,4,24.4,4,23.1,5,23.5,6,23.3,6
2016-06-29 08:00:00,14.6,5,15.5,5,15.1,5,14.7,6,16.7,6,13.9,7,14.0,5,14.9,6,14.9,5,16.3,6,16.4,5,16.8,6,19.0,6,21.1,7,15.9,4,15.9,5,16.2,6,17.4,7,19.4,6,20.7,5,15.4,7,19.1,6,20.9,4,19.5,5.0,19.0,7,24.6,4,23.7,2,17.4,7,19.3,7,25.1,5,25.8,5,26.2,5,25.4,5,24.0,6,24.5,6
2016-06-29 09:00:00,14.9,4,16.2,5,15.9,5,15.4,5,17.6,5,14.2,7,14.4,6,15.8,6,15.8,5,17.2,5,17.2,5,17.4,6,19.7,5,22.3,6,16.9,4,16.9,5,16.8,5,18.0,6,20.1,6,21.8,4,16.2,7,20.0,6,21.9,4,21.3,4.0,19.8,7,26.4,5,25.6,3,18.0,7,20.1,7,26.3,5,27.4,5,27.6,6,27.4,6,24.3,6,25.6,6
2016-06-29 10:00:00,15.2,4,16.6,4,16.6,5,16.0,5,18.2,5,14.5,7,14.8,6,16.4,6,16.6,4,17.8,4,17.9,4,18.1,6,20.2,5,23.0,6,17.8,4,17.7,5,17.5,6,18.6,6,20.5,6,22.4,4,16.9,7,20.5,6,22.9,3,22.9,4.0,20.3,7,27.8,5,26.9,4,18.4,7,20.7,7,26.8,5,28.4,6,28.4,6,28.7,6,24.4,6,26.5,6
2016-06-29 11:00:00,15.4,4,16.9,4,17.2,5,16.4,5,18.5,5,14.9,7,15.1,7,16.9,6,17.3,4,18.3,4,18.5,4,18.7,6,20.4,6,23.2,5,18.4,4,18.3,5,18.1,6,19.1,7,20.7,6,22.7,5,17.4,7,20.9,7,23.9,3,24.2,4.0,20.6,7,28.9,6,27.8,5,18.8,7,21.2,7,26.9,5,29.0,6,28.7,6,29.3,6,24.4,5,27.1,7
2016-06-29 12:00:00,15.5,5,17.0,5,17.7,5,16.7,5,18.8,5,15.2,7,15.4,7,17.3,7,17.8,4,18.6,4,19.0,4,19.3,6,20.5,6,23.3,5,18.9,5,18.8,6,18.7,6,19.5,7,21.0,6,22.9,5,17.9,7,21.2,7,24.6,4,25.2,5.0,20.9,7,29.5,6,28.5,6,19.3,7,21.6,7,26.9,6,29.4,6,28.8,6,29.4,6,24.4,5,27.4,7
2016-06-29 13:00:00,15.6,5,17.1,5,18.0,5,17.0,5,19.2,5,15.5,7,15.7,7,17.7,7,18.1,5,18.9,4,19.4,4,19.7,6,20.6,6,23.4,6,19.1,5,19.2,6,19.1,6,19.8,6,21.4,7,23.0,6,18.3,7,21.6,7,24.9,5,25.9,5.0,21.3,6,29.7,7,29.0,7,20.0,7,22.0,7,27.0,6,29.6,6,28.8,6,29.2,6,24.3,5,27.3,7
2016-06-29 14:00:00,15.7,6,17.1,6,18.2,6,17.1,6,19.6,6,15.7,7,16.0,7,18.0,7,18.2,5,19.2,5,19.6,5,20.0,6,20.6,7,23.4,6,19.1,5,19.4,6,19.4,5,20.1,6,21.8,7,23.1,6,18.7,7,22.0,7,24.8,6,25.9,6.0,21.6,6,29.5,7,29.2,7,20.6,7,22.3,7,27.0,6,29.5,7,28.6,7,28.9,7,24.2,6,27.0,6
2016-06-29 15:00:00,16.1,4,17.7,5,19.3,5,17.8,4,20.3,5,16.5,7,16.7,7,18.2,5,18.5,5,19.5,6,19.8,6,21.0,5,21.3,7,22.9,6,18.8,6,19.6,6,19.7,5,20.7,4,22.2,7,23.0,7,18.9,6,22.0,7,24.5,7,25.3,6.0,21.6,5,28.8,5,28.7,4,20.4,7,22.9,7,26.8,5,29.1,5,27.5,5,29.1,4,24.5,4,26.4,6
2016-06-29 16:00:00,16.0,4,17.7,5,19.2,5,17.9,5,20.2,5,16.2,7,16.4,7,18.0,6,18.8,5,19.8,5,20.1,5,20.8,4,20.9,6,22.2,6,18.5,6,19.7,5,19.6,3,20.6,3,21.7,7,22.4,7,18.9,5,21.3,7,23.9,7,23.4,7.0,21.6,4,27.9,6,27.9,4,20.3,7,22.7,7,26.1,5,28.3,5,26.7,6,28.5,5,24.1,4,25.6,6
2016-06-29 17:00:00,15.8,4,17.6,5,18.8,5,17.8,5,19.8,4,15.8,7,16.0,7,17.6,6,19.0,5,19.9,4,20.3,5,20.4,3,20.3,6,21.4,6,18.2,6,19.6,4,19.4,2,20.3,2,20.8,7,21.7,7,18.6,3,20.4,6,23.1,7,21.1,7.0,21.5,3,26.8,6,26.7,4,19.7,7,22.3,7,24.9,5,27.0,5,25.8,6,27.7,6,23.6,5,25.0,6
2016-06-29 18:00:00,15.5,4,17.2,5,18.2,5,17.4,5,19.0,3,15.3,7,15.5,7,17.1,6,18.9,4,19.7,4,20.1,4,19.5,2,19.5,5,20.4,7,17.7,6,19.1,3,18.9,2,19.6,2,19.8,6,20.8,7,18.0,2,19.4,6,22.1,7,19.0,7.0,20.9,2,25.5,6,25.3,5,18.8,7,21.6,6,23.8,5,25.5,5,24.9,6,26.7,6,23.2,5,24.3,5
2016-06-29 19:00:00,15.2,4,16.6,5,17.4,5,16.7,5,17.9,3,15.0,6,15.0,6,16.6,6,18.3,4,18.9,4,19.5,4,18.2,2,18.4,5,19.4,6,17.1,6,18.3,2,18.1,2,18.5,3,18.7,6,19.8,7,17.1,2,18.6,6,20.9,7,17.5,7.0,19.9,1,24.2,6,23.8,5,17.9,6,20.8,6,22.9,5,24.0,5,24.2,6,25.6,6,23.0,5,23.6,5
2016-06-29 20:00:00,14.9,5,15.9,4,16.6,4,15.9,5,16.7,2,14.8,6,14.7,6,16.1,6,17.5,5,17.9,4,18.7,4,16.8,2,17.3,5,18.5,6,16.5,6,17.3,2,17.2,3,17.2,4,17.6,6,18.9,7,16.1,2,18.0,6,19.7,7,16.7,7.0,18.8,2,23.0,6,22.3,5,17.0,6,20.0,6,22.4,5,22.6,5,23.5,5,24.5,6,22.8,5,22.9,5
2016-06-29 21:00:00,14.8,5,15.5,4,16.0,4,15.3,5,15.8,3,14.5,6,14.3,6,15.7,6,17.0,5,17.1,4,18.3,4,16.0,2,16.4,4,17.7,5,16.1,6,16.5,2,16.4,3,16.5,5,16.7,6,18.0,7,15.7,3,17.3,6,18.9,7,16.2,7.0,17.8,2,21.9,6,20.9,5,16.2,6,19.3,6,21.9,5,21.6,5,22.8,5,23.4,6,22.5,5,22.3,4
2016-06-29 22:00:00,14.8,5,15.1,4,15.5,4,14.9,5,15.0,3,14.3,6,14.1,6,15.4,6,16.6,5,16.4,5,17.8,4,15.3,3,15.8,4,17.1,5,15.8,6,15.9,3,15.7,4,15.9,5,16.1,6,17.4,7,15.2,4,16.6,6,18.2,7,15.9,6.0,17.0,2,20.8,6,19.6,5,15.6,6,18.7,5,21.5,5,20.8,6,22.1,5,22.4,5,22.2,5,21.9,4
2016-06-29 23:00:00,14.8,5,14.8,4,15.0,4,14.5,5,14.4,3,14.0,6,13.8,6,15.1,6,16.1,5,15.9,5,17.4,4,14.7,3,15.3,4,16.6,5,15.6,6,15.4,3,15.2,4,15.3,5,15.6,6,16.9,7,14.9,5,15.9,6,17.7,7,15.7,6.0,16.3,3,19.9,6,18.4,6,15.2,6,18.1,5,21.1,5,20.2,6,21.5,5,21.4,5,21.9,5,21.5,4
2016-06-30 00:00:00,14.8,6,14.5,4,14.7,4,14.2,5,14.0,4,13.8,6,13.6,6,14.8,6,15.7,5,15.5,5,17.0,5,14.4,4,14.9,4,16.2,5,15.4,6,15.0,4,14.7,5,14.8,5,15.2,6,16.4,6,14.5,5,15.4,6,17.2,6,15.4,6.0,15.7,3,19.1,6,17.4,6,15.0,6,17.6,5,20.6,5,19.7,5,20.9,5,20.6,5,21.7,5,21.1,4
2016-06-30 01:00:00,14.7,6,14.3,5,14.4,5,13.9,5,13.7,4,13.5,6,13.4,6,14.5,6,15.3,5,15.2,5,16.6,5,14.2,5,14.6,4,15.8,5,15.3,6,14.8,4,14.3,5,14.5,5,15.0,6,15.9,6,14.3,6,14.9,6,16.9,6,15.0,6.0,15.3,4,18.5,6,16.7,6,14.9,5,17.1,5,20.1,5,19.2,5,20.5,5,19.8,5,21.6,5,20.8,4
2016-06-30 02:00:00,14.6,6,14.0,5,14.3,5,13.6,6,13.6,5,13.3,6,13.3,6,14.2,6,15.0,5,15.0,5,16.2,5,14.2,6,14.5,4,15.6,6,15.1,6,14.6,5,14.1,5,14.2,5,14.8,6,15.6,6,14.1,6,14.6,6,16.7,6,14.6,5.0,15.1,4,18.2,6,16.2,6,14.7,5,16.7,5,19.7,4,18.9,5,20.2,5,19.4,5,21.6,5,20.5,4
2016-06-30 03:00:00,14.6,7,14.2,7,14.4,6,14.1,6,13.7,7,14.3,5,13.8,5,14.6,6,14.2,6,14.8,6,15.9,6,14.9,6,15.6,6,16.3,6,14.9,6,14.7,7,14.7,6,14.8,6,15.9,6,16.2,7,14.5,5,15.7,6,18.2,5,14.6,5.0,16.0,6,19.6,4,16.7,5,15.5,4,17.7,6,21.0,4,20.3,4,21.5,3,19.5,5,21.6,5,21.6,3
2016-06-30 04:00:00,14.6,7,14.2,7,14.4,6,14.2,6,13.8,7,14.3,5,13.9,5,14.6,6,14.1,6,14.8,6,15.8,6,15.0,6,15.7,7,16.3,6,15.0,6,14.7,7,14.7,6,14.8,6,16.0,7,16.3,7,14.4,6,15.7,6,18.2,5,14.5,5.0,16.1,6,19.9,4,17.2,6,15.5,4,17.3,6,21.0,5,20.7,4,21.8,3,19.9,5,22.1,5,21.7,4
2016-06-30 05:00:00,14.6,7,14.5,7,14.6,6,14.4,6,14.3,7,14.3,5,14.2,6,14.7,6,14.2,6,15.0,6,15.8,6,15.4,7,16.0,7,16.6,7,15.3,6,14.8,7,14.9,6,15.1,6,16.5,7,16.6,7,14.4,6,16.1,6,18.5,6,14.8,6.0,16.6,6,20.6,4,18.3,6,15.8,5,17.4,6,21.5,5,21.5,5,22.5,4,20.8,6,22.9,5,22.1,4
2016-06-30 06:00:00,14.7,7,14.9,7,15.0,7,14.8,6,15.0,6,14.5,5,14.6,6,15.2,6,14.5,6,15.5,6,16.0,6,16.0,7,16.6,7,17.3,7,15.9,6,15.4,6,15.5,6,15.9,6,17.3,6,17.3,7,14.8,5,16.9,6,19.1,6,15.6,7.0,17.4,6,21.8,4,20.0,6,16.5,5,18.0,6,22.5,5,22.8,5,23.6,4,22.4,6,23.7,5,23.0,4
2016-06-30 07:00:00,14.9,7,15.4,7,15.6,7,15.4,6,15.9,6,14.9,6,15.1,6,16.1,6,15.1,6,16.2,6,16.4,6,16.5,6,17.3,6,18.5,7,16.7,6,16.4,5,16.4,6,17.0,6,18.3,6,18.3,6,15.6,5,18.1,5,20.0,6,17.0,7.0,18.6,5,23.3,5,22.0,5,17.6,5,19.3,6,24.1,4,24.4,5,24.9,4,24.5,5,24.3,5,24.3,4
2016-06-30 08:00:00,15.2,7,15.9,7,16.3,7,16.0,6,16.8,6,15.3,6,15.7,6,17.1,7,15.8,6,17.0,6,16.9,6,17.1,6,18.1,6,19.8,7,17.7,7,17.5,4,17.4,5,18.2,5,19.4,5,19.5,5,16.7,4,19.5,5,21.1,5,18.8,7.0,20.0,4,24.9,5,24.1,4,18.9,4,20.9,6,25.9,4,26.1,5,26.4,3,26.9,4,24.8,5,25.7,3
2016-06-30 09:00:00,15.4,7,16.4,7,16.9,7,16.6,7,17.6,6,15.9,7,16.3,6,18.0,7,16.5,6,17.7,6,17.6,6,17.7,5,18.8,5,21.0,6,18.5,7,18.4,4,18.4,4,19.4,4,20.3,3,20.5,5,17.8,3,20.7,4,22.3,4,20.5,7.0,21.3,3,26.5,5,26.0,3,20.1,4,22.4,6,27.3,3,27.7,5,27.7,2,28.9,3,25.1,5,27.1,3
2016-06-30 10:00:00,15.6,7,16.7,7,17.4,7,17.1,7,18.1,6,16.5,7,16.8,6,18.5,7,17.2,6,18.2,6,18.3,6,18.4,5,19.4,4,21.8,5,19.1,7,18.9,4,19.2,3,20.3,3,20.9,3,21.2,4,18.6,3,21.4,4,23.4,4,21.8,6.0,22.2,3,27.8,5,27.5,3,21.0,4,23.5,5,28.1,3,29.0,5,28.7,2,30.3,3,25.2,4,28.1,3
2016-06-30 11:00:00,15.7,7,17.0,7,17.7,7,17.6,7,18.6,6,17.0,7,17.2,5,18.7,7,17.8,6,18.6,6,19.0,6,19.1,4,19.8,4,22.3,4,19.5,7,19.2,4,19.8,2,20.9,3,21.3,2,21.7,5,19.3,3,21.8,3,24.4,3,22.9,6.0,22.8,3,28.8,5,28.7,4,21.7,5,24.2,5,28.3,4,30.0,5,29.5,2,31.1,2,25.3,4,28.7,4
2016-06-30 12:00:00,15.8,7,17.2,7,18.1,7,18.0,7,19.0,6,17.4,7,17.6,5,18.9,7,18.3,6,19.0,6,19.6,6,19.8,4,20.2,4,22.6,4,19.8,7,19.5,5,20.3,2,21.3,2,21.7,2,22.1,5,19.9,3,22.2,3,25.2,4,23.6,6.0,23.2,4,29.7,5,29.4,5,22.4,6,24.9,5,28.3,4,30.7,5,30.0,2,31.5,2,25.3,4,28.9,4
2016-06-30 13:00:00,16.0,7,17.5,7,18.5,7,18.4,7,19.6,7,17.7,7,17.9,5,19.2,7,18.7,6,19.4,6,20.1,6,20.4,4,20.5,5,22.7,4,20.0,7,20.1,5,20.7,2,21.6,2,22.2,3,22.4,5,20.6,3,22.7,4,25.9,4,24.1,6.0,23.6,3,30.4,5,29.8,5,23.1,6,25.7,6,28.2,3,31.1,4,30.3,2,31.5,2,25.4,3,28.7,4
2016-06-30 14:00:00,16.2,6,17.8,7,18.9,7,18.7,7,20.1,7,17.8,7,18.1,5,19.6,6,19.0,6,20.0,6,20.5,6,20.8,4,20.7,5,22.7,5,20.2,7,20.8,6,21.0,2,21.9,2,22.7,4,22.6,5,21.2,3,23.3,4,26.4,4,24.4,6.0,23.8,3,30.9,5,29.9,5,23.7,6,26.5,6,28.1,3,31.1,3,30.3,2,31.3,2,25.4,3,28.3,4
2016-06-30 15:00:00,16.6,6,18.5,7,19.8,7,19.0,7,20.5,7,18.0,7,18.0,7,19.9,7,19.7,7,20.5,7,21.0,7,21.4,6,21.9,4,23.2,5,20.3,6,21.0,7,21.3,6,22.3,5,23.9,5,23.7,5,21.0,3,24.2,4,26.1,4,24.2,7.0,23.3,2,30.8,5,29.2,4,23.1,7,25.9,6,27.7,5,31.3,5,30.2,4,30.6,4,25.1,4,27.9,7
2016-06-30 16:00:00,16.6,6,18.5,6,19.8,7,19.1,6,20.6,6,17.7,7,17.9,7,19.9,6,20.0,6,20.9,6,21.4,6,21.5,5,22.0,5,23.0,5,20.1,6,21.2,7,21.4,6,22.5,5,23.9,4,23.5,4,21.0,3,23.9,3,26.1,5,23.5,7.0,23.3,2,30.6,5,29.1,4,23.1,7,26.1,6,27.4,5,30.9,4,29.9,4,30.5,4,24.9,4,27.5,6
2016-06-30 17:00:00,16.3,6,18.2,6,19.6,7,19.0,6,20.4,5,17.2,6,17.6,6,19.7,6,20.2,5,21.0,5,21.5,5,21.4,4,21.6,5,22.4,5,19.7,5,21.2,6,21.4,6,22.4,4,23.6,3,23.0,4,20.7,2,23.3,3,25.8,6,22.4,6.0,23.1,2,29.9,5,28.7,4,22.7,6,25.9,6,27.1,4,30.1,4,29.2,5,30.1,3,24.6,3,27.0,6
2016-06-30 18:00:00,16.0,6,17.7,6,19.0,6,18.6,6,19.8,4,16.6,6,17.2,6,19.2,5,20.0,4,20.8,4,21.3,4,20.8,4,20.9,4,21.6,4,19.1,5,20.8,5,20.9,6,21.8,4,22.7,3,22.2,3,20.0,2,22.4,2,25.1,6,21.0,6.0,22.4,2,28.8,5,27.7,4,21.9,6,25.3,6,26.5,4,28.8,4,28.3,5,29.3,3,24.2,3,26.4,5
2016-06-30 19:00:00,15.6,6,17.0,6,18.1,6,17.8,6,18.8,4,16.1,6,16.5,5,18.5,5,19.3,3,20.0,3,20.6,3,19.7,3,19.8,3,20.4,3,18.2,4,19.9,4,20.0,5,20.5,3,21.3,2,21.0,3,19.1,2,21.4,2,23.9,5,19.6,6.0,21.2,2,27.3,5,26.1,3,20.8,5,24.3,5,25.7,4,27.0,4,27.2,4,27.8,3,23.9,3,25.6,5
2016-06-30 20:00:00,15.2,6,16.1,6,17.1,6,16.8,5,17.7,4,15.8,5,15.8,5,17.6,5,18.3,2,18.9,2,19.7,2,18.4,3,18.6,3,19.2,3,17.3,4,18.8,3,18.8,5,19.0,2,19.6,2,19.6,2,18.0,2,20.3,2,22.5,3,18.3,5.0,19.8,2,25.6,4,24.1,3,19.5,5,23.2,5,24.8,4,25.1,4,26.1,3,26.0,3,23.7,3,24.7,5
2016-06-30 21:00:00,15.0,6,15.7,6,16.6,6,16.3,5,16.8,4,15.5,5,15.4,5,17.0,5,17.7,3,18.3,2,19.2,2,17.7,2,17.7,2,18.2,3,16.8,5,18.1,3,18.1,4,17.8,2,18.8,3,18.4,3,17.1,2,19.2,2,21.5,3,17.1,5.0,18.7,2,24.1,4,22.4,2,18.4,5,22.1,5,24.0,3,23.7,4,25.2,3,24.4,3,23.3,3,24.1,5
2016-06-30 22:00:00,14.9,6,15.2,6,16.1,6,15.8,5,16.0,5,15.2,5,15.1,5,16.5,5,17.2,3,17.7,2,18.6,2,17.2,3,16.7,1,17.4,2,16.3,5,17.4,3,17.4,4,16.8,3,18.0,3,17.4,3,16.4,2,18.2,2,20.6,3,16.2,5.0,17.7,3,22.8,3,20.9,2,17.4,5,21.1,5,23.4,3,22.5,3,24.4,3,23.0,3,22.9,3,23.5,4
2016-06-30 23:00:00,14.7,6,14.8,6,15.6,6,15.4,6,15.3,5,14.9,6,14.7,5,15.9,5,16.6,3,17.2,2,18.1,2,16.6,3,16.0,2,16.8,2,15.9,5,16.8,4,16.7,4,16.1,3,17.3,3,16.6,3,15.9,3,17.2,2,19.8,3,15.5,4.0,17.0,3,21.7,3,19.6,2,16.6,5,20.1,5,22.8,3,21.6,3,23.7,2,21.8,3,22.6,3,23.1,4
2016-07-01 00:00:00,14.6,6,14.5,6,15.1,6,15.0,6,14.8,5,14.6,6,14.4,5,15.4,5,16.1,4,16.6,3,17.6,3,16.2,4,15.4,2,16.3,2,15.6,5,16.2,4,16.1,4,15.5,4,16.7,3,16.0,4,15.4,3,16.4,2,19.0,3,15.0,4.0,16.4,3,20.9,2,18.6,2,16.0,5,19.3,5,22.2,3,21.0,3,23.0,2,21.0,3,22.3,3,22.6,4
2016-07-01 01:00:00,14.5,6,14.2,6,14.8,6,14.6,6,14.4,5,14.4,6,14.2,5,15.0,5,15.6,4,16.2,3,17.1,3,15.8,5,15.0,3,15.9,3,15.3,5,15.7,4,15.6,4,14.9,4,16.2,4,15.6,4,15.0,4,15.7,3,18.4,3,14.6,4.0,16.0,4,20.2,2,17.9,1,15.5,5,18.5,5,21.7,3,20.6,2,22.4,2,20.5,3,22.2,3,22.2,4
2016-07-01 02:00:00,14.5,6,13.9,6,14.5,6,14.3,6,14.3,5,14.2,6,14.0,5,14.7,5,15.2,5,15.8,4,16.7,4,15.5,6,14.9,4,15.7,5,15.1,6,15.3,5,15.1,4,14.5,4,15.9,4,15.4,5,14.6,4,15.2,3,17.9,3,14.4,4.0,15.7,4,19.7,2,17.5,1,15.1,5,17.8,5,21.3,3,20.4,2,22.0,2,20.3,4,22.2,3,21.8,4
2016-07-01 03:00:00,15.4,6,15.2,6,15.5,6,14.8,5,15.0,5,14.5,5,14.2,5,14.9,5,15.6,5,16.0,5,17.1,5,15.8,3,15.3,3,15.6,2,15.1,6,15.3,5,14.9,2,15.3,2,15.1,2,15.1,2,15.1,2,15.7,2,17.4,2,13.5,1.0,16.2,5,19.9,1,16.9,2,16.3,3,17.6,2,20.8,2,20.6,1,21.6,2,18.9,3,20.9,4,21.7,2
2016-07-01 04:00:00,15.5,7,15.3,6,15.8,6,14.8,5,15.4,6,14.6,5,14.4,5,14.9,5,15.4,5,16.0,6,16.9,6,16.2,4,15.8,3,15.9,4,15.2,6,15.2,5,14.9,2,15.6,2,15.6,1,15.5,2,14.9,3,15.9,2,17.6,2,13.6,1.0,16.4,6,20.0,1,17.3,2,16.3,4,17.4,2,20.9,2,20.9,2,21.8,2,19.1,3,21.2,3,21.9,2
2016-07-01 05:00:00,15.6,7,15.6,7,16.2,6,15.1,6,16.1,6,14.8,5,14.8,5,15.1,6,15.4,6,16.2,6,16.9,6,16.8,5,16.7,4,16.7,5,15.6,6,15.5,5,15.3,2,16.2,2,16.6,2,16.4,3,15.0,3,16.5,2,18.3,2,14.2,2.0,17.0,6,20.6,2,18.3,2,16.5,5,17.6,3,21.6,2,21.8,2,22.5,3,19.9,4,21.8,3,22.5,2
2016-07-01 06:00:00,15.7,7,16.0,7,16.7,6,15.5,6,17.0,6,15.1,5,15.2,5,15.6,6,15.7,6,16.7,7,17.1,7,17.6,5,17.8,4,18.0,6,16.3,7,16.0,5,16.0,2,17.1,2,17.8,2,17.7,3,15.4,4,17.5,2,19.3,2,15.4,2.0,17.9,6,21.8,2,19.9,2,17.1,5,18.3,3,22.9,2,23.2,2,23.5,3,21.2,4,22.6,3,23.5,2
2016-07-01 07:00:00,15.7,7,16.5,7,17.1,7,16.1,7,17.9,6,15.4,5,15.6,6,16.4,6,16.3,7,17.5,7,17.6,7,18.3,5,19.1,4,19.6,5,17.1,7,16.9,5,17.0,2,18.3,2,19.2,2,19.4,3,16.4,4,19.0,2,20.6,2,17.2,2.0,19.0,5,23.6,2,21.9,2,18.0,5,19.5,3,24.7,2,25.1,2,24.9,3,23.1,3,23.5,4,24.8,2
2016-07-01 08:00:00,15.8,7,17.1,7,17.4,7,16.8,7,18.8,6,15.7,6,15.9,6,17.3,6,17.0,7,18.4,6,18.3,7,19.1,5,20.3,3,21.4,4,17.9,7,18.0,5,18.2,2,19.6,2,20.6,2,21.2,2,17.6,4,20.7,2,22.0,2,19.4,2.0,20.2,5,25.7,2,24.0,2,19.1,5,20.9,3,26.7,2,27.2,1,26.4,3,25.4,3,24.4,4,26.2,3
2016-07-01 09:00:00,15.8,7,17.5,7,17.8,7,17.5,7,19.5,6,16.0,6,16.3,6,18.1,6,17.8,6,19.2,6,19.1,6,19.8,5,21.3,2,22.9,3,18.7,7,19.0,4,19.4,2,20.9,2,21.9,2,22.7,2,18.8,4,22.2,2,23.4,2,21.6,2.0,21.3,5,27.7,1,26.1,2,20.1,5,22.4,3,28.2,1,29.1,1,27.9,3,27.5,3,25.0,5,27.4,3
2016-07-01 10:00:00,15.9,7,17.8,7,18.3,7,18.1,7,20.0,6,16.4,5,16.7,6,18.5,6,18.5,6,19.8,6,19.8,6,20.6,5,22.0,2,24.0,2,19.4,6,19.8,5,20.3,3,22.0,2,22.9,2,23.7,2,19.7,3,23.4,2,24.6,2,23.5,2.0,22.1,5,29.4,1,27.9,2,20.8,6,23.6,2,28.9,2,30.5,2,29.2,3,29.2,3,25.2,4,28.3,3
2016-07-01 11:00:00,16.0,7,18.0,7,18.8,7,18.6,7,20.3,6,16.8,5,17.2,6,18.8,7,19.2,6,20.2,6,20.3,5,21.3,4,22.5,3,24.7,2,19.9,6,20.3,5,21.0,5,22.8,3,23.7,2,24.4,2,20.4,4,24.2,2,25.7,2,25.0,3.0,22.6,5,30.8,2,29.4,2,21.2,6,24.6,2,29.0,2,31.4,2,30.2,4,30.4,3,25.2,4,28.7,4
2016-07-01 12:00:00,16.2,7,18.1,7,19.3,7,18.9,7,20.6,7,17.1,5,17.5,6,19.0,7,19.6,6,20.5,5,20.7,5,21.9,4,22.8,3,25.1,3,20.2,6,20.7,6,21.5,6,23.3,4,24.3,3,24.8,2,20.9,4,24.8,3,26.7,2,26.2,3.0,23.0,6,31.9,2,30.5,2,21.7,6,25.4,2,28.8,2,32.0,2,30.8,3,31.0,4,25.1,3,28.9,4
2016-07-01 13:00:00,16.3,7,18.3,7,19.8,7,19.0,7,21.0,7,17.3,5,17.7,6,19.3,7,19.8,6,20.7,6,20.9,6,22.4,5,23.1,4,25.4,3,20.4,6,21.0,6,21.8,6,23.5,4,24.9,3,25.2,3,21.3,4,25.3,3,27.5,2,26.9,3.0,23.3,6,32.6,2,31.1,2,22.3,7,26.1,3,28.6,2,32.4,2,30.9,3,31.0,3,25.0,3,28.8,4
2016-07-01 14:00:00,16.4,6,18.4,6,20.1,7,18.9,7,21.3,6,17.4,4,17.7,6,19.6,6,19.9,6,20.9,6,21.1,6,22.7,5,23.4,5,25.5,4,20.4,7,21.3,6,21.9,6,23.5,4,25.3,4,25.6,4,21.6,4,25.6,3,28.2,2,27.2,3.0,23.6,5,33.0,2,31.4,2,22.8,7,26.7,5,28.4,2,32.5,2,30.6,3,30.7,3,25.0,2,28.5,4
2016-07-01 15:00:00,16.6,4,18.4,5,19.7,7,19.0,6,21.8,7,17.6,4,17.6,6,19.5,5,20.1,5,21.0,5,21.2,5,22.7,6,23.8,6,25.3,5,20.1,5,21.4,6,22.1,6,23.7,5,25.4,5,25.6,4,21.9,5,25.8,4,28.2,3,26.4,3.0,23.7,5,32.8,2,30.3,3,22.8,7,27.2,5,28.6,1,32.5,2,30.5,2,30.0,3,25.2,2,28.3,6
2016-07-01 16:00:00,16.4,3,18.1,5,19.5,6,18.6,6,21.7,6,17.0,4,17.1,6,19.1,5,19.9,5,21.0,5,21.3,5,22.6,5,23.7,5,25.1,5,19.6,5,21.3,6,22.0,5,23.7,4,25.4,5,25.4,3,21.8,5,25.4,4,28.2,3,25.3,3.0,23.6,4,32.5,2,30.1,3,22.6,6,27.4,5,28.0,2,32.0,2,29.9,2,29.7,2,25.0,2,27.8,6
2016-07-01 17:00:00,16.1,3,17.7,4,19.2,6,18.0,6,21.3,6,16.1,4,16.5,5,18.5,4,19.6,5,20.8,5,21.3,5,22.2,5,23.3,4,24.5,5,19.0,5,20.9,6,21.8,5,23.5,4,25.0,4,24.9,3,21.4,5,24.6,4,27.8,3,23.9,3.0,23.2,3,31.7,2,29.6,2,22.2,6,27.3,5,27.1,2,31.0,2,28.9,2,29.2,2,24.7,3,27.3,5
2016-07-01 18:00:00,15.7,2,17.0,4,18.6,6,17.2,5,20.5,6,15.2,3,15.8,5,17.8,4,19.0,5,20.3,5,20.9,5,21.5,4,22.5,4,23.6,4,18.2,5,20.2,5,21.3,5,22.8,3,24.1,4,23.9,2,20.8,5,23.6,4,26.9,4,22.2,3.0,22.4,2,30.3,3,28.5,2,21.5,5,26.7,5,26.2,2,29.5,2,27.8,2,28.3,2,24.4,3,26.6,5
2016-07-01 19:00:00,15.3,2,16.2,4,17.7,6,16.2,5,19.4,5,14.4,4,14.9,5,16.9,4,18.2,5,19.4,5,20.1,5,20.4,4,21.4,3,22.3,4,17.3,5,19.3,5,20.4,5,21.5,3,22.6,4,22.5,2,19.8,4,22.4,4,25.6,3,20.6,3.0,21.3,2,28.4,3,26.6,2,20.5,5,25.5,5,25.3,2,27.5,2,26.6,2,26.8,2,24.0,3,25.7,5
2016-07-01 20:00:00,14.8,3,15.3,4,16.8,6,15.2,4,18.2,5,13.9,4,14.1,4,16.0,4,17.4,5,18.3,5,19.2,5,19.2,5,20.2,3,21.0,4,16.4,4,18.2,4,19.3,5,20.0,3,20.9,3,20.8,3,18.7,4,21.2,4,24.1,3,19.2,2.0,20.1,2,26.2,2,24.4,2,19.5,5,24.0,5,24.6,2,25.4,2,25.5,2,25.0,2,23.6,2,24.8,4
2016-07-01 21:00:00,14.5,3,14.6,4,16.0,6,14.5,3,17.2,5,13.4,4,13.4,4,15.2,4,16.6,5,17.4,5,18.3,5,18.2,5,19.1,3,19.8,4,15.7,4,17.3,4,18.3,5,18.8,3,19.5,4,19.4,3,17.7,4,20.1,4,22.8,3,18.0,2.0,19.0,2,24.6,2,22.5,2,18.6,5,22.6,5,23.9,2,24.4,2,24.7,2,23.6,2,23.4,2,24.2,4
2016-07-01 22:00:00,14.3,3,14.2,4,15.5,6,13.9,3,16.4,5,12.9,4,12.9,4,14.5,4,16.0,5,16.9,5,17.7,5,17.6,5,18.2,3,19.0,4,15.2,4,16.6,4,17.7,6,18.0,3,18.6,4,18.4,4,16.9,4,19.3,4,21.7,4,17.1,3.0,18.3,3,23.0,2,20.8,2,18.0,5,21.7,5,23.2,2,23.4,3,24.0,3,22.3,3,23.2,2,23.8,3
2016-07-01 23:00:00,14.2,4,14.0,4,15.2,6,13.5,3,15.9,5,12.6,4,12.4,4,13.9,4,15.6,5,16.6,5,17.4,5,17.2,5,17.5,3,18.5,4,14.8,4,16.1,5,17.2,6,17.4,4,18.0,4,17.8,4,16.3,5,18.6,4,20.9,4,16.4,3.0,17.7,3,21.7,2,19.5,2,17.4,5,21.1,5,22.5,3,22.5,3,23.4,3,21.3,3,23.0,2,23.5,3
2016-07-02 00:00:00,14.1,4,13.8,4,14.9,6,13.1,3,15.3,5,12.3,4,12.1,4,13.3,5,15.2,5,16.2,5,17.1,5,16.7,5,16.9,4,18.0,5,14.4,5,15.6,5,16.7,6,16.8,4,17.5,4,17.3,5,15.8,5,17.9,4,20.0,4,15.9,4.0,17.3,3,20.7,2,18.5,3,16.9,5,20.5,5,21.9,3,21.8,3,22.9,3,20.7,3,23.0,2,23.1,3
2016-07-02 01:00:00,13.9,5,13.5,5,14.5,6,12.6,4,14.6,6,12.1,5,11.8,5,12.8,5,14.7,5,15.6,5,16.7,5,16.0,6,16.3,4,17.5,5,14.1,5,15.1,5,16.0,6,15.9,4,16.8,5,16.9,5,15.4,5,16.9,4,19.2,4,15.6,4.0,16.8,4,20.0,3,17.8,4,16.5,5,19.7,5,21.4,4,21.2,4,22.5,4,20.3,4,22.9,3,22.7,3
2016-07-02 02:00:00,13.7,5,13.2,5,14.0,6,12.1,4,14.0,6,11.9,5,11.6,5,12.4,5,14.2,5,15.0,5,16.2,5,15.3,6,15.8,4,17.0,6,13.7,6,14.7,5,15.3,6,15.0,5,16.1,5,16.7,5,15.0,6,16.0,4,18.4,5,15.5,5.0,16.3,4,19.6,4,17.4,4,16.0,5,18.7,5,21.0,4,20.8,4,22.3,4,20.2,4,23.0,3,22.1,4
2016-07-02 03:00:00,13.5,5,12.5,4,13.2,4,12.6,4,13.3,6,12.6,4,12.0,4,12.5,4,13.3,5,13.9,6,15.0,5,15.1,4,16.0,5,17.0,5,13.2,6,13.8,5,14.8,4,15.2,5,16.0,4,16.9,6,14.5,5,15.9,4,18.7,3,14.7,2.0,16.2,5,20.9,1,18.1,1,16.3,4,18.8,5,21.9,1,21.5,1,22.2,1,20.2,2,21.6,3,22.4,2
2016-07-02 04:00:00,13.5,5,12.6,5,13.1,5,12.7,5,13.2,6,12.7,5,12.1,4,12.5,5,13.0,5,13.6,6,14.7,5,15.0,5,16.2,5,17.3,6,13.1,6,13.6,5,14.6,5,15.2,6,16.3,4,17.3,6,14.3,5,15.9,5,18.8,3,14.8,2.0,16.4,5,21.1,1,18.4,1,16.3,4,18.6,6,22.0,1,21.9,1,22.4,1,20.2,2,21.9,3,22.3,2
2016-07-02 05:00:00,13.6,5,13.0,5,13.2,5,12.9,5,13.5,6,12.9,5,12.4,4,12.7,5,12.9,6,13.7,6,14.6,6,15.3,5,16.6,6,17.9,7,13.3,6,13.7,6,14.7,5,15.7,6,17.0,4,18.0,7,14.2,5,16.4,5,19.2,3,15.4,3.0,16.9,6,21.9,2,19.3,1,16.5,5,18.6,6,22.6,1,22.8,1,23.0,1,20.8,3,22.6,3,22.5,3
2016-07-02 06:00:00,13.7,5,13.5,5,13.5,5,13.4,5,14.1,6,13.3,5,12.9,5,13.2,5,13.2,6,14.1,6,14.8,6,15.7,6,17.2,6,18.8,7,13.9,5,14.2,6,15.0,5,16.4,6,18.0,4,18.8,7,14.4,5,17.3,6,19.9,3,16.4,3.0,17.6,6,23.1,2,20.7,1,17.0,5,19.0,6,23.8,1,24.1,1,24.1,2,22.1,3,23.4,3,23.2,3
2016-07-02 07:00:00,13.9,4,14.2,5,14.1,6,14.1,5,15.0,6,13.9,5,13.6,5,14.1,5,13.8,6,14.9,6,15.4,6,16.2,6,17.7,7,19.8,7,14.8,5,15.0,6,15.5,5,17.2,5,19.0,4,19.6,6,15.0,5,18.5,5,20.7,3,17.9,3.0,18.4,6,24.7,2,22.6,1,17.8,6,19.8,7,25.5,1,25.8,1,25.5,1,24.2,3,24.2,4,24.3,3
2016-07-02 08:00:00,14.2,3,14.9,5,14.8,6,14.9,5,16.1,5,14.5,5,14.5,5,15.2,5,14.7,6,15.9,6,16.1,6,16.7,6,18.2,7,20.6,7,15.9,5,16.0,6,16.2,5,18.0,5,20.0,5,20.4,6,15.7,5,19.9,5,21.7,3,19.6,3.0,19.3,5,26.5,1,24.8,1,18.6,6,20.8,7,27.3,1,27.5,1,27.1,1,26.6,3,24.8,4,25.6,3
2016-07-02 09:00:00,14.5,3,15.5,4,15.6,5,15.7,5,17.0,5,15.2,5,15.3,5,16.2,5,15.6,6,16.9,6,16.9,6,17.2,6,18.6,7,21.1,7,16.9,5,17.0,6,17.0,5,18.7,5,20.7,5,21.0,6,16.5,5,20.9,4,22.6,2,21.2,3.0,20.0,4,28.1,1,26.8,1,19.3,6,21.6,6,28.7,1,29.1,1,28.7,1,28.9,2,25.2,4,26.9,3
2016-07-02 10:00:00,14.7,3,16.0,4,16.3,5,16.3,5,17.6,5,15.9,4,16.0,5,16.9,6,16.4,6,17.6,6,17.6,6,17.8,7,18.9,6,21.1,6,17.7,5,17.7,6,17.7,5,19.3,5,21.1,5,21.5,6,17.1,5,21.4,4,23.5,2,22.6,3.0,20.5,4,29.3,2,28.5,1,19.6,6,22.1,5,29.4,2,30.3,2,30.0,1,30.6,3,25.3,4,27.9,3
2016-07-02 11:00:00,14.8,3,16.3,4,16.8,5,16.8,5,18.0,5,16.4,4,16.5,4,17.4,6,17.0,6,18.1,6,18.1,6,18.3,7,19.2,6,20.8,6,18.3,5,18.3,6,18.3,5,19.7,5,21.2,5,21.8,6,17.7,4,21.6,3,24.3,2,23.7,4.0,20.8,5,30.1,2,29.7,1,19.8,6,22.5,4,29.6,2,31.1,3,31.0,1,31.8,3,25.3,4,28.6,4
2016-07-02 12:00:00,15.0,4,16.6,4,17.3,5,17.2,5,18.3,5,16.9,4,16.9,4,17.8,6,17.4,7,18.4,7,18.5,7,18.8,7,19.4,6,20.6,6,18.7,5,18.7,6,18.7,5,20.0,5,21.4,5,22.0,6,18.2,4,21.8,4,24.9,2,24.6,4.0,21.1,5,30.7,3,30.6,1,20.1,7,22.9,3,29.7,2,31.7,3,31.6,2,32.3,3,25.2,3,29.0,4
2016-07-02 13:00:00,15.2,4,16.8,4,17.7,5,17.5,5,18.7,5,17.2,4,17.2,4,18.2,6,17.7,7,18.7,7,18.8,7,19.1,7,19.5,6,20.7,6,19.1,5,19.1,7,18.9,5,20.2,5,21.7,6,22.1,6,18.7,4,22.1,4,25.4,3,25.4,4.0,21.5,5,31.1,3,31.1,2,20.7,7,23.5,4,29.8,2,32.1,3,31.8,2,32.3,3,25.2,3,29.0,4
2016-07-02 14:00:00,15.3,4,16.9,4,18.0,5,17.7,5,19.1,6,17.3,4,17.3,5,18.6,5,17.8,7,18.9,7,19.0,7,19.3,6,19.5,7,20.9,7,19.3,5,19.5,7,18.9,6,20.4,5,22.1,6,22.1,6,19.2,5,22.5,5,25.7,3,25.8,4.0,21.9,5,31.4,3,31.2,3,21.3,7,24.2,4,29.9,2,32.2,3,31.8,1,32.0,2,25.1,3,28.8,4
2016-07-02 15:00:00,15.3,3,16.3,4,17.3,5,17.2,4,18.8,5,16.9,4,16.5,4,18.3,4,17.6,5,18.4,5,18.7,5,18.5,6,18.1,7,19.6,7,18.9,5,19.3,6,18.3,6,19.1,6,20.5,6,20.8,6,17.8,5,20.7,7,23.2,6,23.1,6.0,21.3,5,30.0,5,30.3,4,20.6,7,22.3,7,30.0,4,31.3,4,31.3,3,30.8,2,25.4,2,27.7,6
2016-07-02 16:00:00,15.1,3,16.3,4,17.3,4,17.3,3,18.7,5,16.7,3,16.4,4,18.4,4,17.7,5,18.6,5,18.8,5,18.6,6,18.0,7,19.1,7,18.8,5,19.3,5,18.4,6,19.4,6,20.5,6,20.2,6,17.8,4,20.4,6,22.8,6,22.0,7.0,21.3,5,29.1,5,29.6,4,20.4,7,22.3,7,29.4,4,30.5,4,30.7,3,30.8,2,25.3,2,27.0,6
2016-07-02 17:00:00,14.9,3,16.2,3,17.0,3,17.1,3,18.2,5,16.3,3,16.1,4,18.2,4,17.7,4,18.5,5,18.7,5,18.6,6,17.8,6,18.5,7,18.5,4,19.1,5,18.4,5,19.5,5,20.1,5,19.5,6,17.6,3,19.7,5,22.1,6,20.5,6.0,21.1,5,27.9,5,28.5,3,19.8,6,22.0,6,28.3,3,29.1,3,29.8,3,30.7,2,25.1,2,26.3,5
2016-07-02 18:00:00,14.5,3,15.7,2,16.4,2,16.5,2,17.2,4,15.7,2,15.6,3,17.7,4,17.3,4,18.0,4,18.4,4,17.9,5,17.3,6,17.7,6,17.8,4,18.4,4,18.0,4,19.0,4,19.2,4,18.6,7,17.1,3,18.9,5,21.2,6,18.9,6.0,20.4,4,26.4,4,27.0,2,19.0,5,21.5,6,27.0,3,27.4,3,28.7,3,30.1,2,24.9,3,25.4,5
2016-07-02 19:00:00,14.1,3,14.8,2,15.4,2,15.4,2,15.8,3,14.8,2,14.7,3,16.8,3,16.4,3,17.1,4,17.8,4,16.5,4,16.3,5,16.7,6,16.8,3,17.3,3,17.1,3,17.6,3,17.8,4,17.5,7,16.3,2,17.9,4,20.0,6,17.5,6.0,19.3,3,24.8,4,25.2,2,18.0,5,20.8,6,25.7,4,25.5,3,27.2,3,28.8,2,24.6,3,24.5,5
2016-07-02 20:00:00,13.8,2,13.8,2,14.3,2,14.1,2,14.3,3,13.9,2,13.7,2,15.6,2,15.3,3,15.9,3,17.0,3,14.8,4,15.1,4,15.7,6,15.6,3,16.0,2,16.0,3,15.8,3,16.2,4,16.4,6,15.4,2,17.0,4,18.8,6,16.4,6.0,17.9,3,23.1,3,23.4,2,17.1,5,19.9,6,24.6,4,23.7,3,25.7,2,27.2,2,24.4,4,23.5,5
2016-07-02 21:00:00,13.6,2,13.1,2,13.3,2,13.2,2,13.6,3,13.3,2,13.3,2,14.7,2,14.4,3,14.8,3,16.3,3,13.6,4,14.0,4,14.9,6,14.6,2,14.9,2,15.1,3,14.6,3,15.0,4,15.7,6,14.6,2,16.0,4,17.7,5,15.5,6.0,16.8,3,21.8,3,21.8,2,16.3,5,19.2,5,23.4,3,22.3,3,24.4,2,25.9,2,24.0,4,22.7,4
2016-07-02 22:00:00,13.4,3,12.5,3,12.7,3,12.5,2,12.9,3,12.8,3,12.8,3,13.7,3,13.6,3,13.9,4,15.5,3,12.6,4,13.1,3,14.1,5,13.8,2,14.0,2,14.1,3,13.7,3,14.0,3,15.0,5,13.9,3,15.1,4,16.9,4,14.8,6.0,15.9,3,20.5,2,20.4,1,15.7,5,18.6,5,22.2,3,21.0,2,23.4,3,24.6,2,23.6,4,21.9,4
2016-07-02 23:00:00,13.2,3,12.2,3,12.3,3,12.0,3,12.4,4,12.5,3,12.4,3,12.9,3,12.8,4,13.1,4,14.9,3,12.0,4,12.3,3,13.5,5,13.2,2,13.2,2,13.2,3,13.1,3,13.3,3,14.5,5,13.4,3,14.3,4,16.3,3,14.2,6.0,15.1,3,19.5,2,19.2,2,15.3,5,18.1,5,21.2,3,20.0,2,22.5,3,23.3,2,23.2,4,21.2,4
2016-07-03 00:00:00,13.1,4,11.9,4,12.1,4,11.7,3,11.9,4,12.4,3,12.1,4,12.2,4,12.2,4,12.5,4,14.2,3,11.7,4,11.9,3,13.1,5,12.7,3,12.6,3,12.5,3,12.6,4,12.8,3,14.0,4,13.0,3,13.6,4,15.7,3,13.6,5.0,14.4,3,18.7,3,18.2,2,15.0,5,17.5,4,20.3,3,19.3,2,21.7,3,21.9,2,22.8,4,20.7,4
2016-07-03 01:00:00,12.9,4,11.8,4,11.9,5,11.6,4,11.5,4,12.3,4,11.9,4,11.7,4,11.7,4,12.1,4,13.6,3,11.5,5,11.6,3,12.8,5,12.4,4,12.1,3,11.8,4,12.2,4,12.4,2,13.6,4,12.6,4,12.9,4,15.2,3,13.1,5.0,13.9,3,18.1,3,17.3,3,14.7,5,16.9,4,19.6,3,18.8,2,20.9,3,20.5,3,22.6,4,20.2,4
2016-07-03 02:00:00,12.8,5,11.6,5,11.8,5,11.6,5,11.3,5,12.3,4,11.7,5,11.4,5,11.4,5,11.8,5,13.1,4,11.5,5,11.6,3,12.8,5,12.2,5,11.7,4,11.4,4,11.8,5,12.1,2,13.4,4,12.2,4,12.5,5,14.7,3,12.7,5.0,13.5,4,17.9,4,16.6,4,14.4,5,16.3,5,19.1,4,18.6,2,20.2,3,19.3,3,22.4,4,19.9,4
2016-07-03 03:00:00,13.2,4,11.9,6,12.1,4,11.8,4,11.2,2,12.7,3,11.6,4,11.6,2,11.7,3,12.1,4,13.2,3,11.7,3,11.3,2,12.2,3,11.9,2,12.2,2,11.9,3,12.0,2,11.9,2,12.6,2,11.6,2,12.8,2,13.9,2,12.5,4.0,13.3,2,17.2,1,16.3,2,13.7,3,15.9,4,18.8,2,18.2,1,19.6,1,20.5,1,21.5,4,19.2,3
2016-07-03 04:00:00,13.2,4,12.1,6,12.3,5,12.1,5,11.3,2,13.1,3,11.9,5,11.7,2,11.8,4,12.2,4,13.1,4,12.1,4,11.8,3,12.5,3,12.0,2,12.3,2,12.0,3,12.2,2,12.3,1,12.8,3,11.4,2,13.0,3,14.0,2,12.2,4.0,13.6,2,17.2,1,16.3,1,13.6,4,15.6,3,18.7,2,18.3,1,19.3,1,20.1,1,21.7,3,19.1,4
2016-07-03 05:00:00,13.3,4,12.5,5,12.6,5,12.6,5,11.7,2,13.5,3,12.5,5,12.1,2,12.1,4,12.6,5,13.3,5,12.8,5,12.7,3,13.3,3,12.5,2,12.7,2,12.4,3,12.9,2,13.1,1,13.4,3,11.5,2,13.6,3,14.5,2,12.2,3.0,14.2,2,17.8,1,16.8,1,13.8,5,15.7,3,19.2,2,18.9,1,19.5,1,20.2,1,22.2,3,19.4,4
2016-07-03 06:00:00,13.4,5,13.0,5,13.1,5,13.3,5,12.6,2,13.9,4,13.1,6,12.9,2,12.6,5,13.3,5,13.8,5,13.7,5,13.7,3,14.4,3,13.3,3,13.5,2,13.2,3,13.9,2,14.3,1,14.4,3,12.0,2,14.6,3,15.3,2,13.0,3.0,15.2,2,18.8,1,17.9,1,14.4,5,16.2,2,20.3,2,20.0,2,20.2,1,21.1,1,23.0,3,20.2,4
2016-07-03 07:00:00,13.6,5,13.7,5,13.9,6,14.1,6,13.9,3,14.3,5,13.7,6,14.1,3,13.5,5,14.5,5,14.7,5,14.8,5,14.8,3,15.8,3,14.5,3,14.8,2,14.4,3,15.3,3,15.7,2,15.7,3,13.0,2,16.0,3,16.4,2,14.7,2.0,16.6,2,20.2,1,19.6,1,15.6,5,17.3,2,22.0,2,21.5,1,21.5,1,23.1,1,23.9,3,21.5,3
2016-07-03 08:00:00,13.8,5,14.5,6,14.8,6,15.0,6,15.4,3,14.7,6,14.3,6,15.4,4,14.5,4,15.8,5,15.8,5,15.9,4,15.9,3,17.3,3,16.0,3,16.3,2,15.7,3,16.8,3,17.1,2,17.1,2,14.4,2,17.6,3,17.8,1,16.9,2.0,18.1,2,21.9,1,21.7,1,17.0,5,18.7,2,23.9,1,23.3,1,23.2,1,25.5,1,24.7,3,23.1,3
2016-07-03 09:00:00,14.1,6,15.2,6,15.7,6,15.9,6,16.8,3,15.1,7,14.9,6,16.6,5,15.7,4,17.1,4,17.0,4,17.0,4,16.9,3,18.6,3,17.3,3,17.7,2,17.1,3,18.2,3,18.4,2,18.4,2,15.7,2,18.9,2,19.1,1,19.0,2.0,19.5,2,23.5,1,23.8,1,18.3,4,20.0,2,25.6,1,25.0,1,24.8,1,27.8,1,25.3,3,24.7,2
2016-07-03 10:00:00,14.4,5,15.8,6,16.6,6,16.7,5,17.8,4,15.6,7,15.5,7,17.5,6,16.8,4,18.1,4,18.1,4,18.1,4,17.9,2,19.6,2,18.3,4,18.7,3,18.2,3,19.4,3,19.5,2,19.5,2,16.8,2,19.8,2,20.3,1,20.5,2.0,20.5,2,24.8,1,25.6,1,19.2,4,21.0,2,26.9,1,26.4,1,26.1,1,29.3,1,25.5,3,26.0,2
2016-07-03 11:00:00,14.7,5,16.2,6,17.3,6,17.3,5,18.5,4,16.1,7,16.1,7,18.1,6,17.8,4,18.8,4,19.1,4,19.1,3,18.7,3,20.3,2,19.0,5,19.4,3,19.1,3,20.3,3,20.4,2,20.2,2,17.6,2,20.4,2,21.4,1,21.6,2.0,21.2,2,25.9,1,27.1,1,19.9,4,21.7,2,27.7,1,27.6,1,27.2,1,30.2,1,25.5,3,26.9,2
2016-07-03 12:00:00,15.0,4,16.6,5,18.0,6,17.8,5,19.1,5,16.6,7,16.6,7,18.5,6,18.6,4,19.4,4,19.9,4,20.0,4,19.4,3,20.8,2,19.5,5,20.0,4,19.7,3,21.0,3,21.1,2,20.8,2,18.3,2,21.0,3,22.4,1,22.3,3.0,21.8,2,26.8,1,28.1,1,20.5,4,22.4,1,28.2,1,28.6,1,28.0,1,30.6,1,25.4,3,27.4,3
2016-07-03 13:00:00,15.2,5,16.9,5,18.5,7,18.2,5,19.7,5,16.9,7,17.1,7,18.8,7,19.2,5,20.0,4,20.5,5,20.6,4,19.9,4,21.2,3,19.8,6,20.5,4,20.0,3,21.4,3,21.8,2,21.2,2,18.9,3,21.6,2,23.3,1,22.8,3.0,22.3,2,27.5,1,28.7,1,21.1,4,23.1,1,28.5,1,29.4,1,28.6,1,30.7,1,25.3,3,27.6,3
2016-07-03 14:00:00,15.4,5,17.2,5,18.9,7,18.5,6,20.3,6,17.1,7,17.5,7,19.1,7,19.6,5,20.5,5,20.9,5,21.1,4,20.3,5,21.4,4,19.8,5,20.9,5,20.2,3,21.6,3,22.3,3,21.4,2,19.5,3,22.2,2,24.0,2,23.1,3.0,22.8,2,27.9,1,28.9,1,21.8,5,23.8,1,28.7,1,29.9,1,29.0,1,30.7,1,25.3,3,27.6,2
2016-07-03 15:00:00,15.3,7,17.0,6,18.6,7,18.2,7,20.0,5,17.8,7,18.0,6,19.2,6,19.2,5,20.3,4,20.4,5,20.6,5,20.3,4,21.0,3,19.8,3,21.0,4,20.2,3,21.5,4,22.3,3,21.3,3,19.6,2,22.0,2,23.4,1,22.9,3.0,22.7,2,27.7,1,28.9,1,21.9,2,24.0,1,28.9,1,30.1,1,28.7,1,31.2,1,25.6,2,27.2,2
2016-07-03 16:00:00,15.3,6,16.9,6,18.4,7,18.3,6,19.9,5,17.7,6,17.9,6,19.3,6,19.2,4,20.4,4,20.5,4,20.7,4,20.5,4,21.0,3,19.7,3,21.1,4,20.5,3,21.8,3,22.5,3,21.5,3,19.8,2,22.0,2,23.6,1,22.2,3.0,22.8,2,27.4,1,28.9,1,22.3,2,24.3,1,28.7,1,29.4,1,28.4,1,30.7,1,25.4,2,27.2,2
2016-07-03 17:00:00,15.3,5,16.6,5,18.1,6,18.2,6,19.6,5,17.4,6,17.6,6,19.3,6,19.1,4,20.2,4,20.4,4,20.7,4,20.4,4,20.8,3,19.5,2,20.8,4,20.6,3,21.9,3,22.3,2,21.3,2,19.7,2,21.6,2,23.4,1,21.1,3.0,22.7,2,26.9,1,28.4,1,22.3,3,24.3,1,28.2,1,28.2,1,27.8,1,29.7,1,25.1,2,27.1,2
2016-07-03 18:00:00,15.2,5,16.3,5,17.5,6,17.8,5,19.0,4,17.0,6,17.2,6,19.0,5,18.7,4,19.8,4,20.0,4,20.2,4,19.9,3,20.1,2,19.0,2,20.2,3,20.2,2,21.2,2,21.5,2,20.5,2,19.3,2,20.7,2,22.7,1,19.7,3.0,22.1,2,25.9,1,27.4,1,21.7,3,23.8,1,27.3,1,26.6,1,26.9,1,28.4,1,24.8,2,26.6,1
2016-07-03 19:00:00,14.9,5,15.8,5,16.7,6,17.2,5,18.0,4,16.5,5,16.6,5,18.4,5,18.0,4,18.9,4,19.4,4,18.9,3,18.8,3,18.8,2,18.2,2,19.2,2,19.2,2,19.5,2,19.8,2,18.9,2,18.5,1,19.4,2,21.4,1,18.3,2.0,20.9,2,24.6,1,25.7,1,20.5,3,22.8,1,26.0,1,24.9,1,25.7,1,26.6,1,24.5,2,25.6,1
2016-07-03 20:00:00,14.7,5,15.4,6,15.8,6,16.6,5,17.0,4,16.0,5,16.0,4,17.7,4,17.1,4,17.9,4,18.6,4,17.3,2,17.5,3,17.4,2,17.2,2,18.0,2,17.9,2,17.4,2,17.8,1,16.9,1,17.4,1,17.9,1,19.8,1,17.0,2.0,19.5,1,23.2,1,23.6,1,19.0,2,21.5,1,24.6,1,23.4,1,24.4,1,24.8,1,24.1,3,24.4,1
2016-07-03 21:00:00,14.5,6,15.1,6,15.4,6,16.1,6,16.3,3,15.6,5,15.6,4,17.1,4,16.5,4,17.2,4,18.1,4,16.6,3,16.4,2,16.2,2,16.5,2,17.1,2,16.8,2,15.9,2,16.5,2,15.5,2,16.4,1,16.7,1,18.6,1,15.8,2.0,18.4,1,22.0,1,21.9,1,17.6,2,20.1,1,23.3,1,22.1,1,23.3,1,23.2,1,23.8,2,23.4,1
2016-07-03 22:00:00,14.6,6,15.0,6,15.2,6,15.6,6,15.7,3,15.2,5,15.2,5,16.4,4,16.0,4,16.5,4,17.6,4,15.9,3,15.4,2,15.2,2,15.9,2,16.4,2,15.8,2,14.7,2,15.3,2,14.3,2,15.6,1,15.8,1,17.5,1,14.8,1.0,17.4,1,21.1,1,20.3,1,16.7,2,18.9,1,22.2,1,21.2,1,22.2,1,21.9,1,23.4,2,22.4,1
2016-07-03 23:00:00,14.8,6,14.9,6,15.1,6,15.1,6,15.1,3,14.9,5,14.8,5,15.8,4,15.5,4,15.9,4,17.2,4,15.3,4,14.5,3,14.5,2,15.4,2,15.8,2,14.9,2,13.9,3,14.3,2,13.6,3,15.0,1,15.1,1,16.7,1,14.0,2.0,16.5,1,20.4,1,19.0,1,16.1,2,17.9,1,21.2,1,20.6,1,21.4,1,20.7,2,22.9,2,21.7,1
2016-07-04 00:00:00,14.9,6,14.7,6,15.0,6,14.6,6,14.6,3,14.5,5,14.4,5,15.2,4,15.1,4,15.3,4,16.9,5,14.8,4,13.8,3,13.9,2,15.1,3,15.3,3,14.2,2,13.4,4,13.5,3,13.3,3,14.5,2,14.6,1,16.0,1,13.4,2.0,15.7,1,19.8,1,18.0,1,15.6,2,17.1,2,20.5,1,20.0,1,20.7,1,19.8,2,22.5,2,21.1,1
2016-07-04 01:00:00,14.8,6,14.5,6,14.7,6,14.2,6,14.2,4,14.3,6,14.1,5,14.7,5,14.7,4,14.9,5,16.4,5,14.4,5,13.4,3,13.6,3,14.8,4,14.9,4,13.5,3,13.0,4,13.0,3,13.2,3,13.9,2,14.0,1,15.6,1,13.0,3.0,15.0,1,19.1,1,17.2,1,15.0,2,16.6,2,19.8,1,19.5,1,20.3,1,19.1,2,22.1,3,20.6,1
2016-07-04 02:00:00,14.7,7,14.2,6,14.4,6,13.9,6,13.9,4,14.0,6,13.9,5,14.4,5,14.4,4,14.6,5,16.0,5,14.1,5,13.2,4,13.5,5,14.6,5,14.5,5,13.0,4,12.8,5,12.8,4,13.3,4,13.4,3,13.6,1,15.3,1,12.9,3.0,14.4,1,18.4,1,16.7,1,14.5,2,16.2,2,19.4,1,19.0,1,20.2,1,18.7,2,21.8,4,20.2,1
2016-07-04 03:00:00,13.9,7,13.6,6,14.0,5,13.7,6,13.8,5,14.8,6,14.3,5,14.8,5,14.5,4,15.0,4,15.9,4,14.9,6,14.2,6,14.2,4,14.9,5,14.8,5,14.0,5,14.0,5,13.8,2,13.7,3,13.9,3,14.2,2,15.0,1,12.0,1.0,15.0,3,18.5,1,16.6,1,14.8,2,16.1,1,19.6,1,19.4,1,20.4,1,18.6,1,22.1,2,20.6,1
2016-07-04 04:00:00,13.8,7,13.5,6,14.0,5,13.7,6,13.9,5,14.8,6,14.3,5,14.7,5,14.4,5,14.9,4,15.6,4,15.1,6,14.5,6,14.5,4,14.9,6,14.8,5,13.9,6,14.3,5,14.3,2,14.2,3,13.7,3,14.4,2,15.2,1,12.2,1.0,15.1,3,18.6,1,16.9,1,14.6,2,15.9,1,19.5,1,19.7,1,20.6,1,19.2,1,22.4,2,20.7,1
2016-07-04 05:00:00,13.9,7,13.6,7,14.2,6,13.9,6,14.3,4,15.0,5,14.5,6,14.9,6,14.5,5,15.1,4,15.6,4,15.6,6,15.2,6,15.2,4,15.3,6,15.1,5,14.3,6,15.0,6,15.2,2,15.1,3,13.8,3,15.0,3,16.0,1,13.0,2.0,15.6,4,19.3,1,17.8,1,14.9,3,16.1,1,19.9,1,20.4,1,21.3,1,20.3,1,23.0,2,21.2,1
2016-07-04 06:00:00,14.1,7,14.1,7,14.7,6,14.6,6,15.1,5,15.3,5,15.0,6,15.5,6,14.9,5,15.6,5,16.0,5,16.3,6,16.1,6,16.4,4,16.0,6,15.8,5,15.1,6,16.1,6,16.4,2,16.3,3,14.5,4,16.2,4,17.1,2,14.3,2.0,16.7,5,20.6,1,19.3,1,16.0,3,17.0,1,21.2,1,21.8,1,22.3,1,22.0,1,23.8,3,22.2,2
2016-07-04 07:00:00,14.6,7,15.0,7,15.5,6,15.8,6,16.3,5,15.9,5,15.7,6,16.7,6,15.7,5,16.6,5,16.9,5,17.2,6,17.2,6,17.9,5,17.2,6,17.1,5,16.4,6,17.5,5,17.9,3,17.8,3,15.9,4,17.9,4,18.5,2,16.2,2.0,18.5,4,22.3,1,21.2,1,18.1,3,18.8,1,23.3,1,23.7,1,23.7,1,24.0,1,24.6,3,23.8,1
2016-07-04 08:00:00,15.1,6,16.2,6,16.5,6,17.1,6,17.6,6,16.6,6,16.6,6,18.1,5,16.8,5,17.7,5,18.2,5,18.2,6,18.4,6,19.5,5,18.6,5,18.5,5,17.9,6,19.1,5,19.4,3,19.3,3,17.7,4,19.7,3,20.0,1,18.5,2.0,20.6,3,24.4,1,23.3,1,20.7,2,21.1,1,25.8,1,25.9,1,25.4,1,26.2,2,25.4,3,25.6,1
2016-07-04 09:00:00,15.6,6,17.4,6,17.6,6,18.3,6,18.8,6,17.4,6,17.5,6,19.4,5,17.9,5,18.9,5,19.3,5,19.2,6,19.5,6,20.8,6,19.9,5,19.9,4,19.3,6,20.5,5,20.9,4,20.7,3,19.5,4,21.3,3,21.5,1,20.8,1.0,22.6,2,26.4,1,25.4,1,23.0,1,23.3,1,28.0,1,27.9,1,27.1,1,28.0,2,26.0,3,27.4,1
2016-07-04 10:00:00,15.9,5,18.3,6,18.6,6,19.1,6,19.7,5,18.2,6,18.3,6,20.3,5,18.9,5,19.9,5,20.1,5,20.2,6,20.5,6,21.7,6,20.9,5,20.9,4,20.3,5,21.7,5,22.2,4,21.8,3,20.8,4,22.4,2,22.9,1,22.9,1.0,24.2,1,28.2,2,27.3,1,24.5,1,25.1,1,29.4,1,29.5,1,28.7,1,29.3,2,26.4,3,28.8,1
2016-07-04 11:00:00,16.1,5,19.0,6,19.5,5,19.5,5,20.3,5,18.8,6,18.9,6,20.9,5,19.8,5,20.6,5,20.7,5,21.0,6,21.3,6,22.3,5,21.7,5,21.5,5,21.0,5,22.6,5,23.2,4,22.7,4,21.9,3,23.2,2,24.1,1,24.8,2.0,25.5,2,29.8,2,28.8,1,25.3,2,26.5,1,30.1,1,30.8,1,30.1,1,30.0,2,26.7,4,29.8,1
2016-07-04 12:00:00,16.3,5,19.4,6,20.2,4,19.8,5,20.9,4,19.3,6,19.3,6,21.3,5,20.4,5,21.2,5,21.2,5,21.8,5,21.9,6,22.7,5,22.2,5,22.1,5,21.6,5,23.3,6,24.0,4,23.3,4,22.8,3,24.0,2,25.2,1,26.2,2.0,26.4,2,31.0,2,29.9,2,26.0,2,27.7,1,30.3,1,31.8,2,31.1,2,30.2,2,26.8,4,30.2,1
2016-07-04 13:00:00,16.5,5,19.6,6,20.7,4,20.1,5,21.5,5,19.5,6,19.5,6,21.7,5,20.8,4,21.7,5,21.7,5,22.4,5,22.3,6,23.1,6,22.6,5,22.7,5,22.1,5,23.8,5,24.6,4,23.7,4,23.8,3,24.9,2,26.2,1,27.1,2.0,27.1,2,31.8,2,30.6,2,26.8,2,28.8,1,30.2,1,32.6,1,31.5,2,30.1,2,26.8,4,30.0,1
2016-07-04 14:00:00,16.8,5,19.5,6,21.1,4,20.4,5,22.0,5,19.6,7,19.5,5,22.1,5,21.1,4,22.0,4,22.2,4,22.9,5,22.6,5,23.4,6,23.0,4,23.3,5,22.6,5,24.1,5,25.0,4,24.0,4,24.7,2,25.7,3,27.0,2,27.4,3.0,27.7,2,32.3,2,30.9,3,27.7,2,29.8,1,29.9,1,33.0,1,31.4,2,29.8,2,26.6,3,29.5,2
2016-07-04 15:00:00,16.4,5,19.0,4,21.0,6,19.8,4,22.0,4,18.9,2,18.4,2,21.2,3,21.3,3,22.3,3,22.5,3,22.9,3,22.4,4,23.1,4,22.7,2,23.3,4,22.9,4,24.3,4,24.8,4,23.7,4,24.1,4,25.7,4,27.1,2,27.1,3.0,27.4,4,32.7,1,31.1,3,27.0,4,29.2,3,29.5,2,33.4,2,30.9,2,30.0,2,26.7,3,29.4,3
2016-07-04 16:00:00,16.4,5,18.7,3,20.9,6,19.6,4,22.1,4,18.7,2,18.2,2,21.2,3,21.5,2,22.5,3,22.8,3,23.2,3,22.6,4,23.2,4,22.8,2,23.5,3,23.1,4,24.4,4,25.1,3,24.0,4,24.2,4,25.6,3,27.3,1,25.9,2.0,27.3,4,32.4,1,30.8,2,27.0,4,29.3,4,28.8,3,32.7,2,30.2,2,29.9,2,26.5,3,28.8,4
2016-07-04 17:00:00,16.2,4,18.3,2,20.4,6,19.1,3,21.9,3,18.3,2,17.7,2,21.0,3,21.5,2,22.4,2,22.8,2,23.2,3,22.5,4,22.9,3,22.6,2,23.3,2,23.2,3,24.2,4,24.9,3,23.9,4,23.9,4,25.0,3,27.1,1,24.2,2.0,26.9,4,31.6,1,30.0,2,26.5,5,29.1,5,27.9,3,31.5,2,29.2,2,29.6,2,26.2,2,28.3,5
2016-07-04 18:00:00,15.8,4,17.6,2,19.6,5,18.2,3,21.0,3,17.6,2,17.0,2,20.3,2,21.1,2,21.9,2,22.4,2,22.4,3,21.9,4,22.2,2,22.0,2,22.6,2,22.7,2,23.4,3,24.1,2,23.2,4,23.3,3,24.0,2,26.3,1,22.4,2.0,26.1,5,30.3,1,28.8,1,25.5,5,28.4,5,26.8,3,29.7,2,28.1,3,28.9,2,25.9,2,27.6,6
2016-07-04 19:00:00,15.3,3,16.7,2,18.3,4,16.9,3,19.4,2,16.6,2,16.1,2,19.2,2,20.1,2,20.8,2,21.6,2,20.5,2,20.7,3,20.9,3,20.9,2,21.4,2,21.6,2,21.7,3,22.4,2,21.6,3,22.3,3,22.6,2,24.9,1,20.7,1.0,24.9,5,28.4,1,27.0,1,23.9,5,27.2,5,25.7,3,27.6,2,26.9,3,27.5,2,25.6,3,26.6,5
2016-07-04 20:00:00,14.8,3,15.6,3,16.9,3,15.4,3,17.5,2,15.5,2,15.2,2,17.8,2,18.8,2,19.4,2,20.4,2,18.2,2,19.1,2,19.4,3,19.5,2,20.0,2,20.3,2,19.7,2,20.4,2,19.6,2,21.2,2,21.1,2,23.1,1,19.2,2.0,23.5,5,26.4,2,24.9,1,22.0,5,25.6,5,24.6,3,25.5,3,25.8,3,25.7,2,25.3,3,25.5,4
2016-07-04 21:00:00,14.7,3,15.2,3,15.9,2,14.9,3,16.1,2,14.7,2,14.8,2,16.7,3,17.6,2,18.2,2,19.4,2,16.4,2,17.8,3,18.0,3,18.3,2,18.6,2,19.1,2,18.2,3,18.9,3,18.1,2,20.3,3,19.8,3,21.7,2,17.8,2.0,22.2,5,25.0,2,23.5,1,20.3,5,24.1,5,23.8,4,24.3,3,25.0,4,24.3,2,24.9,3,24.6,4
2016-07-04 22:00:00,14.5,4,14.7,3,15.1,2,14.4,3,15.0,3,14.2,3,14.4,3,15.7,3,16.5,2,17.1,3,18.5,2,15.4,3,16.6,3,17.0,4,17.4,3,17.6,2,17.9,3,16.9,3,17.7,3,16.9,2,19.3,3,18.7,3,20.4,2,16.5,2.0,21.0,5,23.7,2,22.2,2,19.2,5,22.8,4,23.1,4,23.2,3,24.3,4,23.0,2,24.5,3,23.8,4
2016-07-04 23:00:00,14.4,4,14.4,4,14.5,3,14.0,4,14.2,3,13.8,3,14.1,3,14.9,3,15.6,3,16.2,3,17.7,3,15.0,3,15.7,3,16.3,4,16.9,3,16.9,2,17.0,3,16.0,3,16.7,3,16.0,2,18.5,4,17.8,3,19.4,3,15.5,2.0,20.0,5,22.5,2,20.9,2,18.6,5,21.7,4,22.5,4,22.2,3,23.6,4,22.0,2,24.0,3,23.1,4
2016-07-05 00:00:00,14.3,4,14.1,4,14.1,3,13.8,4,13.8,4,13.7,4,13.8,4,14.4,4,14.9,3,15.7,4,17.0,3,14.9,4,15.1,4,15.9,5,16.4,4,16.4,3,16.1,4,15.3,4,16.0,4,15.4,3,17.8,4,17.1,4,18.6,3,14.8,3.0,19.2,5,21.5,3,19.8,3,18.1,5,20.8,4,22.0,4,21.3,4,23.0,4,21.2,2,23.6,4,22.5,4
2016-07-05 01:00:00,14.3,5,13.9,4,13.9,4,13.6,5,13.7,4,13.6,4,13.6,4,14.1,4,14.6,4,15.3,4,16.5,4,14.9,5,14.7,4,15.5,5,15.9,5,16.0,4,15.4,4,14.9,4,15.4,4,15.1,4,17.2,5,16.6,4,18.1,4,14.3,3.0,18.5,5,20.6,4,18.9,3,17.6,5,20.2,4,21.6,4,20.7,4,22.6,4,20.7,2,23.3,4,22.0,4
2016-07-05 02:00:00,14.3,5,13.9,5,14.0,5,13.6,5,13.7,5,13.6,5,13.6,5,14.0,5,14.5,4,15.2,5,16.1,4,14.9,5,14.7,5,15.3,5,15.4,6,15.7,5,14.9,5,14.7,5,14.9,5,15.0,5,16.7,5,16.2,5,17.9,4,14.2,3.0,18.0,5,19.9,4,18.3,2,17.1,5,19.7,4,21.3,5,20.2,4,22.4,4,20.4,3,23.1,4,21.8,4
2016-07-05 03:00:00,13.9,6,13.4,6,13.8,5,13.7,6,13.2,3,13.9,6,13.7,6,14.5,5,14.1,3,14.9,3,15.8,3,14.6,3,14.2,2,15.1,3,15.1,3,15.2,2,14.6,2,14.8,2,15.3,2,15.2,2,16.6,4,15.8,2,17.4,2,14.0,1.0,17.5,4,19.8,2,17.6,2,17.5,4,19.6,6,21.3,3,20.3,2,22.0,2,20.1,2,23.3,2,22.2,3
2016-07-05 04:00:00,14.0,6,13.6,7,14.1,5,13.8,6,13.5,2,14.0,6,13.7,6,14.3,5,14.1,4,14.9,3,15.6,3,14.9,3,14.7,3,15.4,3,14.9,4,15.1,2,14.5,2,14.9,2,15.7,2,15.6,3,16.3,4,15.9,3,17.7,2,14.4,2.0,17.4,4,20.4,2,18.1,2,17.4,5,19.3,6,21.6,4,21.0,2,22.5,3,20.5,2,23.6,2,22.5,4
2016-07-05 05:00:00,14.1,6,14.0,7,14.6,6,14.1,6,14.3,2,14.2,5,14.0,6,14.4,6,14.4,4,15.1,3,15.6,4,15.5,3,15.5,4,16.2,4,15.1,5,15.2,2,14.8,3,15.4,2,16.6,2,16.5,3,16.2,4,16.5,4,18.3,2,15.1,2.0,17.6,5,21.5,3,19.2,2,17.6,5,19.4,6,22.3,5,22.2,3,23.3,3,21.5,3,24.2,2,23.3,4
2016-07-05 06:00:00,14.4,7,14.6,7,15.3,6,14.7,7,15.3,2,14.7,5,14.4,6,15.0,6,14.9,4,15.7,4,16.0,4,16.3,3,16.5,4,17.4,4,15.7,6,15.9,2,15.6,3,16.4,2,17.9,2,17.7,3,16.6,4,17.6,5,19.2,2,16.3,2.0,18.4,5,22.9,3,20.8,2,18.2,6,20.0,6,23.6,5,23.8,3,24.3,3,23.1,3,24.9,2,24.4,4
2016-07-05 07:00:00,14.8,7,15.4,7,16.1,6,15.6,6,16.5,2,15.4,5,15.1,6,16.1,6,15.6,4,16.7,4,16.8,4,17.2,3,17.7,4,18.9,3,16.9,6,17.1,2,16.9,2,17.9,2,19.4,2,19.1,3,17.7,4,19.2,4,20.3,2,17.8,2.0,19.8,5,24.4,3,22.7,2,19.3,6,21.2,6,25.4,4,25.6,3,25.4,3,25.3,3,25.6,2,25.8,4
2016-07-05 08:00:00,15.2,7,16.4,7,16.9,6,16.6,6,17.8,2,16.2,5,16.0,5,17.6,5,16.4,5,17.8,4,17.7,4,18.2,3,18.9,3,20.4,3,18.3,5,18.6,2,18.4,2,19.6,2,21.0,2,20.5,2,19.1,3,21.0,4,21.5,2,19.4,2.0,21.6,4,25.9,2,24.6,2,20.6,6,22.8,6,27.3,3,27.4,2,26.7,3,27.6,3,26.1,2,27.3,4
2016-07-05 09:00:00,15.6,6,17.2,7,17.7,6,17.6,6,19.0,2,17.0,5,16.9,6,18.9,5,17.4,5,18.9,4,18.8,4,19.3,3,20.1,3,21.8,2,19.7,4,20.1,2,19.9,2,21.3,2,22.4,3,21.8,2,20.5,3,22.5,3,22.7,1,21.1,2.0,23.3,3,27.2,2,26.5,2,21.8,6,24.2,6,28.8,2,29.0,2,28.0,2,29.7,3,26.5,3,28.6,3
2016-07-05 10:00:00,15.8,6,17.8,7,18.5,6,18.3,7,19.9,3,17.7,5,17.6,6,19.8,4,18.4,5,19.8,4,19.7,4,20.4,3,21.1,2,22.8,2,20.8,3,21.3,3,21.1,2,22.6,3,23.5,3,22.9,2,21.6,3,23.5,3,23.9,1,22.7,2.0,24.6,2,28.3,2,28.1,2,22.5,6,25.3,6,29.5,2,30.1,2,29.4,2,31.1,3,26.7,3,29.4,3
2016-07-05 11:00:00,15.9,6,18.3,7,19.2,6,18.8,7,20.6,3,18.3,5,18.1,6,20.4,4,19.3,5,20.4,4,20.5,4,21.4,3,21.9,2,23.5,2,21.5,3,22.2,3,22.1,2,23.6,4,24.2,3,23.7,2,22.4,3,24.3,3,24.9,1,24.1,3.0,25.5,2,29.3,2,29.4,2,22.9,6,26.1,5,29.7,3,31.0,2,30.7,2,31.9,3,26.8,3,29.9,3
2016-07-05 12:00:00,16.0,5,18.6,7,19.9,6,19.1,6,21.1,4,18.8,5,18.5,6,20.8,4,20.1,4,21.0,4,21.2,4,22.2,4,22.5,3,24.0,2,22.1,3,22.9,4,22.7,3,24.2,4,24.8,3,24.2,2,23.1,3,24.9,4,25.9,2,25.3,4.0,26.1,2,30.2,2,30.3,2,23.3,7,26.8,5,29.7,4,31.7,3,31.7,2,32.2,3,26.8,3,30.2,3
2016-07-05 13:00:00,16.1,5,18.8,6,20.5,6,19.3,5,21.6,5,19.1,5,18.7,5,21.2,4,20.7,4,21.5,4,21.7,4,22.7,4,23.0,3,24.4,3,22.5,3,23.4,4,23.1,3,24.6,4,25.2,3,24.4,2,23.8,3,25.6,4,26.7,2,26.2,4.0,26.6,2,31.1,2,30.8,2,23.8,7,27.6,4,29.8,4,32.5,3,32.2,2,32.2,3,26.8,3,30.4,4
2016-07-05 14:00:00,16.2,5,18.9,6,20.8,5,19.5,4,22.0,5,19.2,5,18.8,4,21.6,4,21.0,4,21.9,4,22.1,4,23.0,4,23.3,4,24.7,3,22.8,3,23.7,4,23.3,4,24.8,3,25.6,4,24.5,2,24.4,3,26.3,3,27.4,2,26.7,3.0,26.8,3,31.7,2,31.0,2,24.3,7,28.2,4,29.9,4,33.0,3,32.2,2,32.0,3,26.8,3,30.4,5
2016-07-05 15:00:00,16.4,3,18.5,4,20.3,5,19.6,6,21.7,5,19.3,4,18.7,5,21.4,6,21.0,4,21.9,4,22.1,4,22.3,4,22.5,5,24.1,4,22.9,2,23.5,4,23.0,2,24.3,2,25.0,4,24.6,4,24.0,3,25.9,4,27.3,3,27.2,4.0,26.2,5,32.3,2,30.5,3,24.0,6,27.7,4,30.5,2,33.3,2,32.0,2,31.9,2,26.5,3,30.2,3
2016-07-05 16:00:00,16.2,3,18.2,3,20.1,4,19.4,6,21.6,4,19.1,3,18.4,4,21.6,5,21.1,3,22.1,3,22.3,3,22.4,4,22.4,4,23.8,4,22.8,2,23.5,3,23.0,2,24.2,2,24.9,3,24.4,4,23.8,3,25.6,4,27.2,3,25.9,4.0,26.2,5,32.1,3,30.4,3,24.3,5,27.8,3,30.3,3,32.8,2,31.6,2,31.7,1,26.2,3,30.0,3
2016-07-05 17:00:00,15.9,2,17.6,2,19.6,3,19.0,5,21.0,3,18.6,2,18.0,4,21.5,3,20.9,3,21.9,3,22.2,3,22.2,3,22.1,4,23.1,4,22.4,2,23.2,2,22.8,2,23.9,2,24.5,2,24.0,3,23.2,2,24.9,3,26.8,2,24.0,4.0,25.8,4,31.4,3,30.2,2,24.2,5,27.5,3,29.9,3,31.9,3,31.0,2,31.4,2,25.8,2,29.8,3
2016-07-05 18:00:00,15.5,2,16.8,2,18.6,2,18.2,4,20.0,2,17.9,2,17.4,3,20.9,2,20.3,2,21.3,2,21.7,2,21.4,2,21.4,3,22.1,4,21.6,2,22.4,2,22.2,2,22.9,2,23.5,2,23.0,2,22.4,1,23.8,3,26.0,2,22.1,4.0,25.0,3,30.3,4,29.4,1,23.6,4,26.8,3,29.0,4,30.5,3,30.1,2,30.5,2,25.5,2,29.3,3
2016-07-05 19:00:00,15.1,3,15.9,3,17.4,3,17.0,4,18.5,2,16.9,2,16.6,3,19.7,2,19.2,2,20.1,2,20.9,2,19.8,2,20.2,3,20.7,4,20.4,2,21.2,2,21.0,2,21.3,2,21.8,1,21.4,2,21.3,1,22.3,2,24.7,2,20.4,3.0,23.7,3,28.8,3,27.9,1,22.5,4,25.7,3,27.8,3,28.7,3,29.0,2,28.9,2,25.2,2,28.3,3
2016-07-05 20:00:00,14.8,4,14.9,5,16.1,4,15.7,4,16.7,2,15.9,2,15.7,3,18.1,2,17.9,2,18.7,2,19.8,2,17.9,2,18.7,2,19.3,3,19.2,2,19.7,1,19.6,2,19.4,1,19.9,1,19.6,2,20.2,1,20.7,2,23.2,2,19.0,2.0,22.2,3,27.2,2,26.0,1,21.2,4,24.4,3,26.5,3,26.8,2,27.7,1,27.0,2,24.9,2,27.1,3
2016-07-05 21:00:00,14.6,4,14.3,5,15.1,4,15.0,4,15.5,2,15.2,2,15.0,4,17.1,2,17.1,2,17.6,2,18.8,2,16.6,2,17.5,2,18.1,3,18.2,2,18.6,1,18.3,1,17.9,2,18.3,2,18.1,2,19.3,1,19.4,2,21.9,2,17.6,2.0,21.1,3,25.9,2,24.4,1,20.4,4,23.5,3,25.5,3,25.6,2,26.7,2,25.4,1,24.5,2,26.3,3
2016-07-05 22:00:00,14.4,4,13.8,5,14.2,4,14.4,4,14.5,2,14.6,3,14.4,4,16.2,2,16.2,2,16.5,2,17.8,2,15.6,3,16.4,3,17.4,3,17.2,3,17.4,1,17.2,2,16.8,2,17.3,2,17.2,3,18.5,1,18.3,3,20.8,3,16.5,3.0,20.0,3,24.8,2,22.8,1,19.5,4,22.6,3,24.6,3,24.5,2,25.8,2,24.0,1,24.1,2,25.5,3
2016-07-05 23:00:00,14.3,4,13.4,5,13.6,4,13.8,4,13.7,2,14.0,3,13.9,4,15.3,2,15.4,3,15.6,3,16.9,3,14.9,3,15.6,3,16.9,3,16.3,3,16.4,2,16.3,2,15.9,3,16.5,2,16.7,3,17.6,1,17.3,3,19.9,3,15.5,3.0,19.0,3,23.6,2,21.2,1,18.7,4,21.7,4,23.8,3,23.5,2,24.8,3,22.8,1,23.7,1,24.7,3
2016-07-06 00:00:00,14.2,5,13.2,5,13.1,5,13.4,4,13.2,3,13.5,4,13.4,4,14.5,3,14.7,3,14.9,3,16.0,3,14.4,4,15.0,4,16.5,3,15.4,4,15.4,2,15.4,2,15.2,3,15.9,3,16.4,4,16.8,1,16.6,3,19.2,4,14.8,3.0,18.1,3,22.6,1,19.9,1,18.0,4,20.8,4,23.0,4,22.7,2,24.0,3,21.7,1,23.3,1,24.0,3
2016-07-06 01:00:00,14.0,5,13.0,5,12.8,5,13.0,5,12.7,3,13.1,5,12.9,5,13.7,3,14.1,4,14.3,4,15.3,4,14.0,4,14.4,4,15.9,4,14.7,5,14.7,3,14.7,3,14.7,4,15.3,3,15.9,4,16.2,1,16.1,4,18.5,4,14.3,4.0,17.4,3,21.7,1,18.8,1,17.3,5,20.1,4,22.4,4,22.0,2,23.2,4,20.8,1,22.9,1,23.4,3
2016-07-06 02:00:00,13.9,5,12.8,5,12.7,5,12.8,5,12.4,4,12.7,5,12.6,5,13.2,4,13.5,5,13.8,4,14.7,4,13.7,5,14.1,5,15.2,5,14.0,5,14.1,5,14.1,4,14.3,5,14.8,4,15.4,5,15.6,1,15.7,5,17.9,4,14.0,4.0,16.8,3,21.0,1,18.0,2,16.8,5,19.4,5,21.9,4,21.5,2,22.6,4,20.1,1,22.7,1,22.9,3
2016-07-06 03:00:00,13.7,6,12.9,6,13.1,5,12.1,6,12.9,4,12.2,5,12.0,5,12.1,3,13.3,4,14.0,4,15.2,4,14.3,3,14.2,3,15.3,3,13.7,2,14.3,2,14.1,2,14.6,2,15.0,1,15.4,2,15.5,2,16.0,2,17.3,1,14.6,2.0,16.7,3,21.2,2,19.0,2,17.2,5,19.2,5,22.5,2,21.8,1,22.9,1,21.0,1,22.8,2,23.6,3
2016-07-06 04:00:00,13.6,6,13.1,6,13.2,6,12.3,6,13.0,4,12.3,5,12.2,5,12.2,4,13.3,4,13.9,4,14.9,4,14.3,4,14.4,4,15.4,3,13.6,2,14.1,3,14.0,3,14.5,2,15.3,1,15.4,2,15.2,2,16.0,2,17.3,1,14.5,1.0,16.6,3,21.2,2,18.9,1,17.0,6,18.8,5,22.4,2,21.9,2,22.7,1,20.9,1,23.1,2,23.5,3
2016-07-06 05:00:00,13.6,6,13.5,7,13.7,6,12.8,6,13.5,5,12.7,4,12.7,5,12.6,5,13.5,4,14.1,4,14.9,4,14.6,5,14.9,5,15.9,4,14.0,3,14.3,3,14.4,3,14.8,2,16.1,1,15.8,2,15.2,2,16.5,2,17.8,2,14.8,2.0,16.8,3,21.7,2,19.3,1,17.0,6,18.9,5,22.8,2,22.6,2,22.9,1,21.3,1,23.8,2,23.8,3
2016-07-06 06:00:00,13.8,6,14.3,7,14.4,6,13.7,6,14.5,5,13.3,4,13.4,5,13.5,5,14.2,5,14.8,5,15.3,5,15.3,5,15.7,5,16.8,4,14.8,3,15.0,3,15.2,3,15.7,3,17.3,2,16.6,3,15.7,2,17.5,2,18.7,2,15.6,2.0,17.8,3,22.8,2,20.5,1,17.7,6,19.6,5,23.9,2,23.8,2,23.7,1,22.5,2,24.6,2,24.7,3
2016-07-06 07:00:00,14.3,5,15.3,6,15.4,6,15.1,6,15.9,5,14.2,5,14.5,6,15.0,6,15.3,5,16.1,5,16.4,5,16.3,5,16.7,5,18.1,4,16.2,3,16.4,3,16.5,2,17.3,2,18.7,2,17.9,2,16.9,2,19.1,2,19.8,2,17.2,2.0,19.5,2,24.4,2,22.4,1,19.1,6,21.1,4,25.7,2,25.6,2,25.0,1,24.7,1,25.4,2,26.1,3
2016-07-06 08:00:00,15.0,4,16.5,6,16.4,6,16.7,5,17.4,5,15.3,5,15.7,6,16.7,5,16.7,4,17.6,4,17.8,4,17.5,5,17.7,5,19.6,4,17.8,3,18.2,3,18.0,2,19.2,2,20.1,2,19.5,2,18.5,2,20.9,2,21.1,1,19.2,1.0,21.7,2,26.1,1,24.6,1,20.8,6,22.9,3,27.8,1,27.6,1,26.7,1,27.3,1,26.0,2,27.8,3
2016-07-06 09:00:00,15.7,4,17.6,6,17.4,6,18.1,5,18.8,6,16.4,5,16.8,6,18.3,5,18.0,4,19.1,4,19.2,4,18.8,5,18.8,4,20.9,4,19.3,2,19.9,2,19.5,2,21.0,2,21.5,2,21.0,2,20.0,2,22.5,2,22.4,1,21.3,1.0,23.6,2,27.7,1,26.8,1,22.3,5,24.6,2,29.5,1,29.5,1,28.4,1,29.7,1,26.5,2,29.2,3
2016-07-06 10:00:00,16.1,4,18.4,6,18.3,6,19.1,5,19.8,6,17.3,5,17.6,6,19.5,5,19.1,4,20.2,4,20.3,4,20.0,5,19.7,4,21.7,3,20.5,2,21.2,3,20.8,2,22.3,2,22.7,3,22.1,2,21.1,2,23.5,3,23.6,1,23.2,2.0,25.0,2,28.9,1,28.6,1,23.3,5,25.9,2,30.4,1,30.9,1,29.9,1,31.4,1,26.7,3,30.1,3
2016-07-06 11:00:00,16.4,4,19.0,6,19.0,6,19.7,5,20.5,6,18.0,4,18.1,6,20.3,5,20.0,4,21.0,4,21.2,4,21.0,5,20.6,4,22.2,3,21.3,3,22.1,4,21.8,2,23.1,2,23.6,3,22.9,3,21.9,2,24.0,3,24.6,1,24.8,2.0,25.8,2,29.8,1,29.9,1,23.8,5,26.8,2,30.8,1,31.9,1,31.1,1,32.5,2,26.8,3,30.6,3
2016-07-06 12:00:00,16.6,4,19.4,6,19.7,5,20.0,5,21.0,6,18.5,4,18.4,6,21.0,5,20.7,4,21.6,4,21.8,4,21.9,5,21.3,4,22.6,3,22.0,3,22.8,4,22.5,2,23.7,3,24.3,4,23.4,3,22.6,2,24.5,3,25.5,1,26.2,3.0,26.5,2,30.6,1,30.8,1,24.3,5,27.6,2,30.8,2,32.8,1,32.0,1,33.0,2,26.7,3,30.8,3
2016-07-06 13:00:00,16.8,4,19.7,6,20.4,5,20.2,6,21.5,6,18.9,4,18.5,5,21.6,4,21.2,5,22.1,5,22.3,5,22.5,5,21.9,5,23.0,4,22.6,3,23.4,5,23.0,3,24.2,3,24.8,4,23.7,3,23.4,2,25.1,3,26.3,2,27.2,3.0,27.1,2,31.5,1,31.4,1,24.9,5,28.4,2,30.8,1,33.6,1,32.6,1,33.2,2,26.6,3,31.0,3
2016-07-06 14:00:00,17.0,4,19.8,5,20.9,5,20.3,6,22.0,6,19.1,4,18.4,5,22.1,4,21.5,5,22.4,5,22.7,5,23.0,5,22.4,5,23.3,4,23.0,3,23.9,4,23.3,3,24.6,3,25.1,4,23.8,3,24.2,2,25.8,3,27.0,2,27.8,3.0,27.6,2,32.2,1,31.8,1,25.6,4,29.2,2,30.8,1,34.2,1,32.8,1,33.1,1,26.5,2,31.1,3
2016-07-06 15:00:00,16.9,3,19.4,4,21.2,4,20.0,4,21.6,5,19.6,2,18.7,2,22.4,3,21.7,4,22.7,4,22.8,4,22.5,5,21.9,5,22.8,5,23.6,3,24.3,4,23.3,4,24.3,4,24.5,5,23.1,4,24.4,3,25.4,3,26.4,2,26.6,3.0,28.0,2,31.6,1,31.1,1,26.9,4,29.6,2,31.1,1,33.6,1,31.8,1,32.8,1,26.8,2,30.9,3
2016-07-06 16:00:00,16.8,3,19.1,3,20.8,5,19.7,3,21.6,5,19.4,2,18.5,2,22.4,3,21.8,3,22.8,4,22.9,4,22.7,5,22.0,5,22.8,5,23.7,2,24.4,3,23.5,4,24.4,4,24.7,4,23.2,4,24.4,2,25.4,3,26.4,2,25.4,3.0,28.1,2,31.2,1,31.0,1,27.2,4,29.9,2,30.8,1,33.0,1,31.2,1,32.1,1,26.4,2,30.9,3
2016-07-06 17:00:00,16.5,3,18.6,3,20.1,4,19.2,3,21.2,4,18.9,2,18.1,2,22.1,2,21.6,3,22.6,3,22.7,3,22.6,5,21.8,5,22.4,5,23.5,2,24.1,2,23.4,3,24.1,3,24.5,3,23.0,4,24.0,2,24.9,2,26.1,1,23.8,2.0,27.9,2,30.4,1,30.5,1,27.1,4,29.7,2,30.2,1,31.8,1,30.2,1,31.2,1,25.9,2,30.8,2
2016-07-06 18:00:00,16.1,3,17.8,3,18.9,4,18.4,2,20.3,4,18.1,2,17.4,2,21.4,2,21.0,2,22.0,3,22.2,3,21.7,4,21.1,5,21.5,4,22.8,2,23.3,2,22.9,2,23.1,3,23.6,2,22.2,3,23.2,1,23.8,2,25.3,1,21.9,2.0,27.2,1,29.2,1,29.4,1,26.3,4,29.0,2,29.2,1,30.2,1,29.1,1,29.8,1,25.4,2,30.2,2
2016-07-06 19:00:00,15.7,3,16.7,3,17.5,3,17.2,2,18.7,4,17.0,2,16.5,2,20.2,2,19.9,2,20.8,2,21.4,2,19.8,3,19.8,4,20.2,4,21.5,2,22.0,1,21.7,1,21.1,2,21.8,2,20.7,3,22.1,1,22.1,1,24.0,1,20.1,2.0,25.9,1,27.7,1,27.5,1,24.8,3,27.7,1,27.9,1,28.2,1,27.9,1,27.9,1,25.0,1,29.0,2
2016-07-06 20:00:00,15.4,4,15.5,4,16.1,3,15.8,2,16.8,3,15.8,2,15.5,2,18.7,2,18.5,2,19.3,2,20.4,2,17.5,3,18.3,4,18.8,4,19.9,2,20.4,1,20.0,1,18.7,2,19.7,2,18.8,2,20.8,1,20.2,1,22.5,1,18.5,1.0,24.3,1,26.2,1,25.3,1,23.0,2,26.1,1,26.5,1,26.3,1,26.6,1,25.8,1,24.8,1,27.6,2
2016-07-06 21:00:00,15.1,4,14.6,4,15.3,3,14.6,2,15.8,3,14.9,2,14.7,2,17.4,2,17.5,2,18.3,2,19.4,2,16.0,3,17.3,4,17.8,4,18.7,2,19.3,1,18.7,1,17.0,2,18.6,2,17.9,3,19.8,1,18.7,1,21.5,1,17.1,2.0,23.0,1,24.8,1,23.4,1,21.7,2,24.6,1,25.4,1,24.7,1,25.4,1,24.0,1,24.5,1,26.5,1
2016-07-06 22:00:00,14.8,4,13.8,4,14.5,3,13.7,3,14.9,4,14.4,2,14.1,3,16.1,2,16.6,2,17.3,3,18.4,2,14.8,4,16.4,4,17.0,4,17.7,2,18.1,1,17.4,2,15.7,2,17.5,2,17.0,3,18.8,2,17.5,1,20.4,1,15.8,2.0,21.8,1,23.6,1,21.7,1,20.5,2,23.2,1,24.3,1,23.4,1,24.3,1,22.5,1,24.2,2,25.4,1
2016-07-06 23:00:00,14.6,4,13.2,4,13.9,3,13.0,3,14.1,4,14.2,3,13.7,3,15.2,3,15.7,2,16.3,3,17.4,2,14.0,4,15.6,5,16.1,4,16.9,2,17.1,1,16.1,2,14.8,2,16.4,3,16.1,4,17.8,2,16.6,1,19.4,2,14.7,2.0,20.6,1,22.4,1,20.3,1,19.4,2,21.9,1,23.4,1,22.4,1,23.3,1,21.3,1,23.8,2,24.4,1
2016-07-07 00:00:00,14.4,5,12.7,4,13.3,3,12.6,3,13.3,4,14.0,3,13.4,4,14.5,3,14.8,2,15.4,4,16.4,2,13.6,4,14.8,5,15.4,5,16.1,2,16.1,1,14.9,2,14.2,3,15.5,3,15.4,4,16.9,2,15.9,1,18.5,2,13.8,3.0,19.5,1,21.3,1,19.1,1,18.4,2,20.8,1,22.5,1,21.5,1,22.5,1,20.3,1,23.4,2,23.5,1
2016-07-07 01:00:00,14.1,5,12.3,5,12.8,4,12.5,4,12.8,5,13.9,3,13.2,4,14.1,4,14.1,3,14.7,4,15.6,3,13.3,5,14.2,5,14.7,5,15.4,1,15.2,2,13.9,3,13.7,3,14.7,4,14.7,5,16.1,2,15.3,1,17.7,2,13.2,3.0,18.5,1,20.4,1,18.3,1,17.5,2,19.7,1,21.7,1,20.8,1,21.9,1,19.6,1,23.1,2,22.7,1
2016-07-07 02:00:00,13.9,5,12.1,5,12.5,5,12.6,4,12.4,5,13.7,4,13.0,5,13.8,4,13.5,4,14.1,5,14.8,4,13.0,5,13.7,5,14.2,5,14.8,1,14.5,4,13.2,3,13.3,4,14.0,4,14.3,5,15.4,2,14.8,1,17.0,2,12.9,3.0,17.7,1,19.6,1,17.8,1,16.9,2,18.8,1,20.9,1,20.2,1,21.5,1,19.3,1,22.8,2,22.2,1
2016-07-07 03:00:00,14.3,2,12.9,2,13.4,2,12.2,2,12.7,2,12.2,2,12.5,2,12.8,2,14.1,2,14.5,2,16.0,2,13.8,2,14.4,1,14.5,2,14.8,1,14.9,1,14.0,1,13.7,1,14.7,1,14.3,1,16.4,1,15.1,1,16.4,1,12.8,1.0,17.6,1,20.2,1,17.9,1,17.9,2,19.2,1,21.3,1,21.0,1,21.5,1,19.2,2,22.3,3,23.2,1
2016-07-07 04:00:00,14.4,2,13.2,2,13.6,2,12.2,3,13.0,2,12.3,2,12.6,3,12.9,2,14.1,2,14.5,2,15.8,2,14.0,2,14.4,1,14.7,2,14.7,1,14.9,1,14.0,1,13.7,1,14.9,1,14.4,1,16.1,2,15.2,1,16.5,1,12.9,1.0,17.5,1,20.3,1,17.9,1,17.7,2,18.8,1,21.1,1,21.2,1,21.5,1,19.3,2,22.6,3,23.2,1
2016-07-07 05:00:00,14.6,2,13.9,2,14.2,3,12.6,3,13.6,2,12.7,2,13.0,3,13.3,2,14.4,2,14.8,2,15.8,2,14.6,2,14.7,2,15.3,2,15.1,1,15.2,2,14.4,1,14.3,1,15.6,1,15.0,2,16.2,2,15.8,2,17.2,1,13.6,1.0,17.8,2,21.0,1,18.6,1,18.0,3,19.0,1,21.6,1,22.0,1,21.9,1,20.1,2,23.2,3,23.7,2
2016-07-07 06:00:00,15.0,2,14.7,2,15.0,3,13.6,3,14.7,3,13.5,2,13.9,4,14.3,2,15.2,2,15.6,2,16.5,2,15.7,2,15.5,2,16.4,2,16.0,2,16.2,2,15.4,1,15.5,1,16.8,1,16.1,2,16.8,2,17.0,2,18.2,1,14.8,1.0,18.8,2,22.2,1,19.9,1,18.9,4,19.9,1,22.9,1,23.4,1,22.8,1,21.6,2,24.0,3,24.7,2
2016-07-07 07:00:00,15.5,2,15.7,3,16.1,4,15.3,3,16.2,3,14.8,2,15.4,4,16.0,2,16.6,2,17.1,2,17.9,2,17.2,2,16.7,2,17.9,2,17.6,2,18.0,2,17.0,1,17.4,2,18.4,2,17.7,2,18.2,2,18.8,2,19.5,1,16.7,1.0,20.7,2,23.9,1,21.9,1,20.6,4,21.8,1,25.0,1,25.4,1,24.3,1,24.0,2,24.8,4,26.1,2
2016-07-07 08:00:00,15.9,3,16.9,4,17.4,4,17.4,3,17.9,4,16.4,2,17.1,3,18.2,2,18.3,2,19.0,2,19.6,2,18.9,2,18.2,2,19.5,2,19.6,2,20.1,2,19.0,1,19.7,2,20.2,2,19.6,2,20.0,1,20.9,2,21.0,1,19.0,1.0,23.1,2,26.0,1,24.4,1,22.6,4,24.2,1,27.3,1,27.7,1,26.2,1,26.7,2,25.5,4,27.6,2
2016-07-07 09:00:00,16.4,3,18.1,4,18.6,4,19.4,3,19.5,4,17.9,2,18.7,3,20.2,2,20.0,3,20.8,2,21.2,2,20.5,2,19.6,2,21.0,2,21.5,3,22.1,2,20.9,1,21.8,2,21.9,2,21.3,2,21.7,1,22.9,1,22.5,1,21.6,1.0,25.4,2,27.9,1,26.8,1,24.6,4,26.5,1,29.2,1,29.8,1,28.2,1,29.2,2,26.0,4,29.0,2
2016-07-07 10:00:00,16.8,3,19.3,4,19.6,4,20.8,3,20.7,3,19.0,3,19.9,2,21.8,2,21.3,2,22.2,2,22.3,2,21.9,2,20.8,2,22.1,1,22.9,3,23.6,2,22.6,1,23.4,2,23.4,2,22.5,2,22.9,1,24.5,1,24.0,1,24.1,1.0,27.2,2,29.5,1,28.9,1,26.1,4,28.2,1,30.2,1,31.4,1,30.0,1,31.0,2,26.3,4,30.0,2
2016-07-07 11:00:00,17.0,2,20.3,4,20.4,4,21.8,3,21.6,3,19.8,3,20.6,3,23.0,2,22.2,2,23.1,2,23.0,2,23.1,2,21.7,2,22.8,1,24.0,2,24.6,2,23.9,1,24.6,2,24.5,2,23.3,2,23.8,1,25.7,2,25.3,1,26.4,1.0,28.6,2,30.9,1,30.5,1,27.1,4,29.3,1,30.5,1,32.5,1,31.5,1,32.2,3,26.4,3,30.6,2
2016-07-07 12:00:00,17.2,2,20.9,3,21.1,5,22.3,4,22.3,3,20.3,3,20.9,3,23.8,3,22.8,3,23.7,2,23.4,2,24.0,2,22.5,2,23.4,2,24.7,3,25.4,2,24.8,2,25.4,2,25.4,2,23.9,2,24.6,2,26.7,2,26.5,1,28.2,1.0,29.5,2,32.1,1,31.6,1,27.8,5,30.3,1,30.4,1,33.4,1,32.4,1,32.8,3,26.4,3,30.8,3
2016-07-07 13:00:00,17.3,2,21.0,4,21.7,5,22.5,4,23.0,3,20.5,3,20.9,3,24.4,3,23.1,3,24.1,3,23.8,3,24.7,2,23.2,2,23.9,2,25.3,3,26.0,2,25.4,2,26.1,2,26.0,2,24.4,2,25.5,2,27.6,2,27.5,1,29.3,1.0,30.1,2,33.2,1,32.2,1,28.4,5,31.2,1,30.3,1,34.2,1,32.7,1,32.9,3,26.5,2,30.8,3
2016-07-07 14:00:00,17.2,3,20.7,4,22.1,5,22.5,4,23.6,3,20.5,3,20.5,4,24.6,4,23.3,4,24.3,3,24.1,4,25.3,2,23.8,2,24.2,2,25.6,3,26.5,2,25.8,2,26.6,2,26.4,2,24.8,2,26.3,2,28.3,2,28.3,1,29.6,1.0,30.3,3,33.9,1,32.4,1,28.8,5,32.0,1,30.1,1,34.8,1,32.6,1,32.7,2,26.5,2,30.7,4
2016-07-07 15:00:00,17.6,3,20.5,4,22.3,4,21.6,3,23.6,2,20.9,4,20.6,5,23.9,2,23.5,2,24.4,2,24.5,2,24.5,2,23.7,3,24.1,2,25.0,2,26.5,3,25.1,2,26.0,2,26.1,2,24.6,2,25.7,3,27.5,2,27.9,1,28.6,1.0,29.3,2,33.8,1,32.2,1,28.7,5,31.2,2,30.0,1,34.1,1,32.4,2,32.0,2,26.6,2,30.0,3
2016-07-07 16:00:00,17.3,3,20.2,4,22.2,4,21.2,4,23.6,2,20.6,3,20.2,5,24.1,3,23.7,2,24.6,2,24.7,2,24.8,2,23.9,3,24.2,2,24.9,3,26.5,2,25.3,2,26.2,1,26.4,2,24.9,2,25.8,3,27.5,2,28.1,2,27.3,1.0,29.4,3,33.5,1,32.0,1,28.6,5,31.3,2,29.4,1,33.5,1,31.8,2,31.5,2,26.4,2,29.7,4
2016-07-07 17:00:00,16.8,3,19.6,4,21.8,4,20.7,4,23.2,2,20.0,3,19.4,5,24.0,4,23.6,2,24.5,2,24.6,2,24.6,2,23.8,3,23.8,2,24.5,4,26.1,2,25.3,2,26.0,1,26.3,2,24.8,2,25.4,3,27.0,2,27.9,2,25.6,1.0,29.0,4,32.5,1,31.4,1,28.0,4,30.9,2,28.6,2,32.3,1,30.9,2,30.8,2,26.0,2,29.3,4
2016-07-07 18:00:00,16.3,3,18.8,4,20.9,5,19.8,4,22.2,2,19.1,2,18.5,4,23.5,4,23.1,2,24.0,2,24.2,2,23.7,2,23.0,3,22.9,1,23.6,5,25.2,2,24.7,2,25.0,2,25.4,3,24.0,2,24.7,3,25.9,2,27.2,2,23.6,1.0,28.2,5,31.0,2,30.2,1,26.9,4,30.1,3,27.6,2,30.6,1,29.7,2,29.6,2,25.7,2,28.6,5
2016-07-07 19:00:00,15.9,4,17.7,4,19.5,5,18.6,4,20.6,2,17.9,3,17.4,4,22.3,4,22.0,2,22.9,2,23.3,2,21.7,2,21.6,2,21.5,1,22.2,5,23.8,2,23.4,2,23.1,2,23.6,3,22.3,2,23.6,3,24.3,2,25.9,2,21.8,1.0,26.7,5,29.0,2,28.3,1,25.2,5,28.8,3,26.6,2,28.4,2,28.3,2,27.9,2,25.4,2,27.6,5
2016-07-07 20:00:00,15.7,4,16.6,4,18.0,4,17.3,3,18.7,2,16.5,3,16.2,3,20.6,3,20.7,2,21.5,1,22.2,2,19.4,2,19.8,2,19.9,1,20.5,4,22.1,3,21.7,2,20.8,2,21.3,2,20.1,1,22.4,3,22.5,2,24.4,2,20.2,2.0,24.9,4,26.9,2,26.0,1,23.2,6,27.3,3,25.6,3,26.2,2,26.8,2,25.9,2,25.1,2,26.5,5
2016-07-07 21:00:00,15.5,5,15.8,4,16.9,4,16.4,3,17.2,2,15.6,4,15.4,3,19.1,3,19.8,2,20.5,2,21.2,2,17.8,3,18.4,2,18.7,2,19.3,4,20.9,3,20.4,2,19.7,2,20.2,2,19.1,2,21.4,3,21.4,2,23.3,2,18.7,2.0,23.7,4,25.6,2,24.6,1,21.8,5,25.9,3,24.8,3,24.5,3,25.9,3,24.3,2,24.7,2,25.8,5
2016-07-07 22:00:00,15.4,5,15.3,5,16.0,5,15.5,4,16.0,3,14.9,4,14.7,4,17.7,3,18.8,3,19.4,2,20.2,2,16.6,3,17.1,2,17.5,2,18.2,4,19.8,4,19.1,3,18.6,3,19.0,2,18.1,2,20.4,3,20.4,3,22.2,2,17.4,2.0,22.4,4,24.3,3,23.1,2,20.7,5,24.6,4,24.1,4,23.1,3,25.0,3,23.0,2,24.2,2,25.3,5
2016-07-07 23:00:00,15.3,5,14.9,5,15.4,5,14.8,4,15.1,3,14.3,4,14.2,4,16.5,3,17.8,3,18.4,3,19.2,3,15.9,4,16.0,3,16.5,2,17.4,4,18.7,4,17.8,3,17.6,3,17.9,3,17.2,3,19.4,3,19.3,3,21.1,2,16.2,3.0,21.2,4,23.2,3,21.8,2,19.8,5,23.3,4,23.4,4,22.0,3,24.3,3,22.0,2,23.8,2,25.0,4
2016-07-08 00:00:00,15.1,5,14.6,5,15.0,5,14.3,4,14.5,4,13.9,5,13.8,4,15.6,3,16.9,4,17.5,3,18.2,3,15.4,4,15.2,3,15.7,3,16.7,4,17.7,5,16.7,3,16.8,4,17.0,3,16.4,4,18.5,4,18.4,4,20.1,3,15.3,3.0,20.2,3,22.2,4,20.6,3,19.1,5,22.2,4,22.8,4,21.3,3,23.6,3,21.2,3,23.5,2,24.5,4
2016-07-08 01:00:00,15.0,6,14.4,6,14.6,6,13.9,5,14.0,4,13.7,5,13.6,5,14.9,4,16.1,4,16.6,4,17.4,4,15.1,5,14.7,4,15.1,4,16.0,5,16.8,5,15.6,4,16.1,4,16.2,3,15.8,4,17.6,4,17.6,4,19.2,3,14.6,4.0,19.2,3,21.3,4,19.7,4,18.4,5,21.2,4,22.2,5,20.8,4,23.1,3,20.6,3,23.2,2,24.0,4
2016-07-08 02:00:00,14.8,6,14.2,6,14.3,6,13.6,5,13.8,5,13.6,6,13.4,5,14.4,4,15.4,4,15.9,4,16.6,4,14.8,5,14.5,4,14.8,5,15.4,6,16.0,5,14.9,4,15.5,5,15.5,4,15.3,5,16.9,5,16.9,5,18.5,3,14.2,4.0,18.5,4,20.7,4,18.9,4,17.7,5,20.3,4,21.7,5,20.6,4,22.8,3,20.2,3,23.1,2,23.3,3
2016-07-08 03:00:00,14.4,5,13.8,6,14.4,4,12.9,3,14.2,5,13.5,5,13.4,5,13.4,6,15.3,3,15.7,4,16.8,4,15.4,4,15.3,4,15.3,4,15.8,3,16.7,3,15.7,2,15.4,2,15.4,2,15.0,2,18.8,2,17.4,2,18.2,3,14.8,1.0,19.2,2,20.1,2,17.6,3,19.2,3,21.1,2,22.0,3,21.0,2,22.3,2,19.9,2,22.2,3,23.9,3
2016-07-08 04:00:00,14.3,5,13.8,6,14.5,5,13.0,3,14.3,5,13.5,5,13.5,6,13.4,5,15.1,3,15.5,4,16.4,4,15.5,3,15.6,5,15.6,4,15.8,3,16.4,3,15.5,2,15.4,2,15.7,3,15.4,2,18.5,2,17.5,3,18.4,3,15.0,2.0,19.0,2,20.3,2,18.0,4,19.1,4,20.8,3,22.0,3,21.3,3,22.7,2,20.3,2,22.6,3,23.9,2
2016-07-08 05:00:00,14.4,6,14.1,6,15.0,5,13.5,4,15.0,5,13.8,6,13.8,6,13.9,5,15.2,4,15.7,4,16.4,5,16.1,3,16.3,5,16.5,4,16.1,4,16.5,3,15.8,2,16.0,2,16.6,3,16.3,3,18.6,2,18.1,3,19.1,3,15.8,3.0,19.3,2,21.2,3,19.1,4,19.3,4,20.9,3,22.7,2,22.3,3,23.5,2,21.3,2,23.3,3,24.5,2
2016-07-08 06:00:00,14.7,6,14.9,6,15.8,5,14.5,4,16.1,5,14.5,6,14.6,6,15.0,5,15.8,4,16.5,5,17.0,5,17.2,2,17.4,5,17.8,4,17.0,5,17.3,3,16.8,2,17.3,2,18.0,3,17.8,3,19.2,2,19.2,4,20.2,3,17.2,3.0,20.2,3,22.7,3,20.9,4,20.1,3,21.7,3,24.0,2,24.0,3,24.8,2,23.1,2,24.2,3,25.5,3
2016-07-08 07:00:00,15.4,7,16.2,6,17.0,5,16.1,5,17.8,5,15.7,6,15.9,6,16.8,4,17.1,4,18.0,5,18.3,5,18.7,3,18.9,5,19.6,4,18.5,4,19.0,3,18.5,2,19.2,2,19.9,3,19.8,3,20.6,2,21.0,3,21.7,3,19.3,3.0,22.0,3,25.0,3,23.4,3,21.5,3,23.5,3,26.1,2,26.5,2,26.5,2,25.6,3,25.0,4,27.0,3
2016-07-08 08:00:00,16.2,7,17.8,6,18.4,5,17.9,5,19.7,5,17.1,6,17.5,6,19.0,4,18.8,5,19.9,4,20.1,4,20.4,3,20.5,5,21.7,3,20.4,4,21.2,3,20.5,2,21.5,3,22.1,3,21.9,2,22.3,2,23.0,3,23.3,3,21.7,3.0,24.1,3,27.5,3,26.2,3,23.1,2,25.7,3,28.4,1,29.2,2,28.4,2,28.3,3,25.5,5,28.6,3
2016-07-08 09:00:00,16.9,6,19.3,6,19.7,5,19.6,5,21.5,5,18.4,6,19.0,5,21.0,4,20.4,5,21.7,4,21.7,4,22.1,4,22.0,4,23.5,3,22.1,3,23.2,3,22.6,2,23.6,3,24.0,3,23.8,2,23.9,3,25.1,2,25.0,2,24.2,2.0,26.2,3,30.0,3,28.9,3,24.6,2,27.8,2,30.2,2,31.7,2,30.3,2,30.8,4,25.9,5,29.9,3
2016-07-08 10:00:00,17.1,6,20.4,5,20.8,4,20.9,5,22.8,5,19.4,5,20.1,5,22.5,4,21.7,4,23.0,4,22.9,4,23.5,4,23.2,3,24.8,2,23.4,3,24.7,3,24.3,2,25.2,3,25.5,3,25.2,2,25.0,3,26.9,2,26.5,2,26.4,2.0,27.7,3,32.0,3,31.0,3,25.7,3,29.2,2,31.1,2,33.5,3,31.9,3,32.6,4,26.0,5,30.7,3
2016-07-08 11:00:00,17.1,6,21.2,5,21.7,4,21.8,5,23.7,4,20.1,4,20.8,4,23.5,5,22.6,4,23.9,4,23.6,4,24.6,4,24.2,3,25.7,2,24.3,3,25.6,4,25.6,3,26.4,3,26.5,2,26.1,2,25.8,3,28.3,2,27.9,1,28.3,3.0,28.7,2,33.5,3,32.6,3,26.4,4,30.2,2,31.2,3,34.6,3,33.2,4,33.7,4,26.0,3,31.0,2
2016-07-08 12:00:00,17.1,6,21.6,5,22.4,4,22.4,4,24.3,4,20.6,3,21.3,4,24.2,5,23.4,4,24.5,4,24.2,4,25.5,4,24.9,3,26.3,2,24.9,4,26.4,4,26.5,4,27.3,4,27.3,2,26.7,3,26.5,3,29.4,3,29.0,2,29.8,3.0,29.5,2,34.6,3,33.7,3,27.0,4,31.0,2,31.1,4,35.4,4,34.0,4,34.2,3,26.0,3,31.0,2
2016-07-08 13:00:00,17.3,6,21.7,5,23.0,4,22.8,4,24.8,5,20.9,4,21.6,4,24.6,5,24.0,5,25.0,5,24.8,5,26.1,4,25.5,3,26.8,3,25.3,4,27.1,5,27.0,4,28.0,4,27.9,3,27.2,3,27.2,3,30.2,3,29.9,2,30.8,3.0,30.2,3,35.5,3,34.4,3,27.6,4,31.9,2,31.0,4,36.0,4,34.3,3,34.3,3,26.0,3,30.9,2
2016-07-08 14:00:00,17.5,6,21.7,6,23.5,4,23.0,4,25.2,6,21.0,5,21.7,5,24.9,5,24.5,5,25.4,5,25.3,5,26.5,5,25.9,4,27.1,4,25.5,3,27.7,5,27.3,4,28.4,4,28.4,4,27.6,4,27.9,3,30.7,4,30.7,3,31.1,4.0,30.6,3,36.1,3,34.7,2,28.1,4,32.8,2,30.8,3,36.3,4,34.1,3,34.1,3,26.0,3,30.7,2
2016-07-08 15:00:00,17.8,6,21.4,6,23.0,5,23.0,6,24.9,6,20.5,6,21.1,6,25.0,4,24.6,6,25.6,6,25.6,6,26.3,5,25.6,5,26.8,5,25.4,3,27.9,5,27.4,5,28.6,4,28.4,5,27.5,5,28.1,4,30.4,5,31.3,4,29.8,6.0,30.8,4,35.7,3,33.5,4,28.8,5,33.2,2,29.5,3,34.9,2,32.9,3,32.8,2,26.1,4,30.1,3
2016-07-08 16:00:00,17.8,6,21.1,7,22.8,5,22.8,6,24.8,6,20.4,5,20.7,6,24.7,4,24.8,5,25.7,6,25.8,6,26.4,5,25.6,5,26.6,5,25.3,3,27.9,5,27.5,5,28.6,4,28.4,5,27.4,4,28.1,4,30.0,5,31.4,5,28.4,6.0,30.6,4,35.1,3,33.3,3,28.7,5,33.6,2,28.5,3,34.1,2,32.0,3,32.2,2,25.9,4,29.7,2
2016-07-08 17:00:00,17.6,6,20.5,7,22.3,5,22.3,5,24.4,6,20.0,4,20.1,6,23.9,4,24.7,5,25.4,5,25.7,5,26.0,5,25.4,5,26.0,5,24.8,4,27.4,4,27.3,4,28.2,4,27.9,4,26.9,4,27.8,4,29.1,4,31.0,5,26.5,6.0,30.0,4,33.8,3,32.6,3,28.1,5,33.5,2,27.3,3,32.7,2,30.7,3,31.3,2,25.5,4,29.3,2
2016-07-08 18:00:00,17.3,6,19.7,6,21.5,5,21.3,5,23.5,5,19.3,3,19.2,6,22.9,4,24.1,4,24.8,4,25.2,4,25.0,5,24.7,5,25.0,5,23.8,4,26.5,4,26.7,4,27.0,4,26.9,4,25.8,3,27.1,3,27.8,4,30.1,6,24.4,6.0,28.9,3,32.1,3,31.3,2,27.1,5,32.8,2,26.2,3,30.9,2,29.3,2,30.1,2,25.2,4,28.7,2
2016-07-08 19:00:00,17.0,6,18.7,6,20.3,5,19.8,4,22.0,5,18.3,4,18.2,6,21.7,4,22.9,4,23.7,4,24.2,4,23.1,4,23.4,5,23.5,5,22.2,4,25.1,4,25.5,4,24.9,4,25.2,3,24.1,3,26.0,3,26.2,3,28.6,5,22.4,6.0,27.3,3,30.1,3,29.4,1,25.5,5,31.4,2,25.6,3,28.9,3,28.0,2,28.5,2,24.9,4,27.9,2
2016-07-08 20:00:00,16.7,6,17.6,5,19.0,5,18.1,3,20.3,4,17.2,5,17.1,5,20.4,3,21.4,3,22.4,4,23.1,4,20.8,3,21.7,5,21.9,5,20.4,4,23.4,4,23.9,4,22.4,4,23.2,3,22.1,3,24.7,2,24.6,3,26.8,5,20.7,5.0,25.5,2,28.2,3,27.1,2,23.7,5,29.6,2,25.3,3,26.9,3,27.0,2,26.7,2,24.7,3,27.2,2
2016-07-08 21:00:00,16.5,6,16.9,5,18.0,5,16.9,3,19.0,4,16.4,5,16.4,5,19.3,3,20.3,3,21.2,3,22.1,3,19.3,3,20.4,5,20.9,5,19.1,4,21.9,4,22.6,4,20.6,4,21.7,3,21.1,3,23.7,2,23.3,3,25.7,4,19.3,5.0,24.0,2,26.5,3,25.3,2,22.4,5,28.3,3,25.0,3,25.6,3,26.0,2,25.2,2,24.4,3,26.6,2
2016-07-08 22:00:00,16.4,6,16.4,4,17.2,6,16.0,3,17.8,4,15.9,5,15.8,5,18.2,4,19.3,4,20.1,3,21.2,3,18.2,3,19.1,5,19.9,5,18.1,5,20.6,4,21.3,4,19.3,4,20.4,3,20.1,3,22.7,3,22.2,3,24.6,4,18.1,5.0,22.7,2,25.0,3,23.6,2,21.3,5,27.0,3,24.8,3,24.5,3,25.2,2,23.9,3,24.1,3,26.1,2
2016-07-08 23:00:00,16.4,6,16.1,4,16.7,6,15.3,3,16.9,3,15.5,5,15.3,5,17.2,4,18.4,4,19.1,2,20.4,3,17.5,4,18.0,5,19.1,5,17.5,5,19.5,4,20.0,4,18.3,4,19.1,3,19.1,3,21.7,3,21.2,4,23.6,4,17.2,5.0,21.7,2,23.7,3,22.3,2,20.5,5,25.8,3,24.5,3,23.7,2,24.5,2,22.9,3,23.8,3,25.6,3
2016-07-09 00:00:00,16.2,5,15.9,4,16.3,6,15.0,4,16.1,4,15.3,5,15.1,5,16.4,4,17.7,4,18.3,2,19.6,3,17.1,4,17.1,5,18.3,6,17.0,5,18.6,4,18.9,5,17.8,4,18.1,3,18.4,3,20.9,3,20.4,4,22.7,3,16.5,5.0,20.9,2,22.5,3,21.1,2,19.8,5,24.6,3,24.1,3,23.0,2,24.0,2,22.2,3,23.7,3,25.1,3
2016-07-09 01:00:00,16.1,5,15.7,5,15.9,6,14.9,4,15.5,4,15.2,5,14.9,5,15.9,4,17.0,4,17.5,3,18.7,4,16.7,4,16.5,5,17.7,6,16.7,6,17.8,4,17.9,5,17.4,4,17.3,4,17.7,4,20.1,3,19.7,4,21.9,3,16.1,5.0,20.3,3,21.6,4,20.2,2,19.2,5,23.6,4,23.6,4,22.3,3,23.7,2,21.9,3,23.6,3,24.7,4
2016-07-09 02:00:00,15.8,5,15.4,5,15.6,6,15.0,5,15.1,4,15.0,6,14.8,5,15.6,5,16.4,5,17.0,4,18.0,4,16.4,5,16.1,5,17.3,6,16.5,6,17.2,4,17.1,4,17.1,4,16.8,4,17.3,4,19.4,3,19.2,5,21.2,3,16.0,5.0,19.9,4,21.0,4,19.5,2,18.6,5,22.7,4,23.2,4,21.8,4,23.6,2,21.8,4,23.7,3,24.3,4
2016-07-09 03:00:00,15.7,7,15.1,6,15.4,5,15.1,2,15.0,2,15.2,6,14.7,3,15.3,4,16.5,3,16.8,3,18.2,4,16.8,2,16.7,2,17.1,2,16.1,6,16.9,2,17.1,3,17.3,2,17.8,2,17.4,2,18.3,2,19.6,4,21.1,3,16.6,3.0,17.9,5,22.0,2,19.3,2,17.8,4,20.9,3,23.0,1,22.7,1,23.3,2,21.5,2,22.7,3,24.6,2
2016-07-09 04:00:00,15.6,7,15.2,6,15.6,5,15.3,2,15.3,2,15.4,6,14.8,3,15.3,4,16.5,4,16.8,4,17.9,4,16.9,2,17.1,2,17.5,3,16.1,6,16.8,2,17.1,3,17.4,2,18.1,2,17.7,2,18.0,2,19.6,4,21.2,3,16.9,3.0,17.8,4,22.5,2,19.9,2,17.7,4,20.4,4,22.9,1,23.3,1,23.7,2,21.5,3,23.1,3,24.4,2
2016-07-09 05:00:00,15.6,7,15.6,7,16.1,5,15.7,3,16.0,2,15.7,6,15.3,3,15.7,3,16.7,5,17.1,4,18.0,4,17.5,2,17.8,2,18.5,3,16.4,6,17.1,2,17.5,3,18.1,2,18.9,2,18.5,3,18.0,2,20.1,5,21.7,4,17.6,3.0,18.2,4,23.6,2,21.2,2,17.9,5,20.3,4,23.5,1,24.5,1,24.6,2,22.2,3,24.0,3,24.8,2
2016-07-09 06:00:00,15.9,7,16.4,7,16.9,6,16.6,3,17.3,2,16.2,6,16.1,3,16.6,3,17.4,5,18.0,5,18.6,4,18.6,2,18.9,2,19.9,3,17.1,6,18.0,2,18.5,3,19.3,2,20.2,2,19.8,3,18.5,2,21.1,5,22.6,4,18.9,3.0,19.1,3,25.2,2,23.1,1,18.6,5,20.8,5,24.8,1,26.2,2,25.9,2,23.6,3,24.9,3,25.7,2
2016-07-09 07:00:00,16.5,7,17.6,7,18.0,5,18.0,3,19.0,3,16.7,7,17.2,4,18.0,3,18.7,5,19.5,5,19.9,4,20.1,2,20.3,2,21.7,3,18.4,6,19.6,2,20.0,3,21.0,2,22.0,2,21.6,3,19.5,2,22.6,4,23.8,4,20.7,3.0,20.5,3,27.3,2,25.4,1,19.7,4,22.1,4,27.0,1,28.4,1,27.5,2,25.8,3,25.8,4,27.2,2
2016-07-09 08:00:00,17.3,7,19.0,7,19.3,5,19.5,2,20.9,3,17.3,7,18.4,5,19.7,4,20.2,5,21.4,4,21.5,4,21.8,2,21.8,2,23.5,3,19.9,6,21.5,2,21.7,3,23.0,2,23.9,2,23.6,2,20.9,2,24.3,4,25.2,3,22.8,4.0,22.2,2,29.5,2,27.8,1,21.1,4,23.8,3,29.5,1,30.8,1,29.3,2,28.5,3,26.5,4,28.9,2
2016-07-09 09:00:00,18.0,6,20.3,6,20.5,5,21.0,2,22.5,3,17.9,7,19.5,6,21.4,4,21.8,4,23.1,4,23.1,4,23.4,2,23.2,2,25.0,3,21.4,6,23.2,2,23.4,3,24.7,2,25.6,3,25.4,2,22.3,1,25.9,3,26.6,2,24.9,4.0,23.8,2,31.6,1,30.0,1,22.4,3,25.5,2,31.4,1,32.9,1,31.0,2,30.9,2,26.9,4,30.3,2
2016-07-09 10:00:00,18.5,6,21.3,6,21.6,6,22.1,3,23.7,4,18.5,7,20.4,6,22.7,4,23.1,4,24.3,4,24.3,4,24.7,3,24.4,3,26.0,2,22.5,6,24.4,3,24.7,2,26.0,2,26.8,3,26.7,2,23.4,1,27.1,3,27.8,2,26.9,4.0,25.1,2,33.2,1,31.7,1,23.5,3,26.8,1,32.2,1,34.4,1,32.5,2,32.6,2,27.0,3,31.2,2
2016-07-09 11:00:00,18.7,5,22.0,5,22.5,6,22.8,4,24.5,5,19.0,7,21.1,6,23.6,4,24.0,4,25.0,4,25.1,4,25.7,3,25.4,3,26.7,2,23.3,5,25.3,4,25.7,2,26.9,3,27.6,2,27.5,2,24.3,2,27.9,3,28.8,1,28.6,4.0,26.0,2,34.4,1,33.0,1,24.3,3,27.7,1,32.2,1,35.4,1,33.6,2,33.7,3,26.9,3,31.5,3
2016-07-09 12:00:00,18.9,5,22.6,5,23.3,7,23.3,5,25.2,5,19.4,7,21.6,7,24.2,4,24.8,4,25.6,4,25.8,4,26.5,4,26.2,4,27.2,3,23.7,4,26.0,5,26.4,3,27.5,3,28.2,2,28.0,2,25.0,2,28.6,4,29.7,1,30.0,5.0,26.8,2,35.2,2,33.9,2,25.1,3,28.6,2,31.9,1,36.0,1,34.3,2,34.2,3,26.8,2,31.6,3
2016-07-09 13:00:00,19.1,5,23.1,5,23.9,7,23.7,5,25.8,6,19.7,7,22.0,7,24.4,4,25.4,5,26.1,5,26.4,5,27.2,4,26.8,4,27.7,4,23.9,4,26.7,5,26.9,3,28.1,3,28.7,3,28.4,2,25.6,3,29.3,4,30.5,2,30.9,5.0,27.5,2,35.7,2,34.5,2,25.8,3,29.5,2,31.6,1,36.4,1,34.4,2,34.2,3,26.8,2,31.6,3
2016-07-09 14:00:00,19.2,6,23.4,5,24.4,6,24.1,5,26.4,6,19.9,7,22.3,6,24.4,4,25.8,6,26.6,5,26.9,5,27.7,5,27.2,5,28.1,5,23.9,4,27.3,5,27.3,3,28.5,3,29.2,3,28.7,2,26.2,3,29.7,3,31.2,2,31.3,5.0,28.0,2,35.9,2,34.8,2,26.5,3,30.4,2,31.4,1,36.6,1,34.0,2,33.9,3,26.8,2,31.5,3
2016-07-09 15:00:00,19.0,6,23.5,5,25.3,6,24.6,5,27.0,4,20.1,4,22.6,6,24.5,4,26.8,3,27.7,3,27.8,3,28.2,2,27.2,3,27.9,2,23.6,3,28.0,2,27.9,2,29.4,3,29.3,3,28.3,2,26.6,1,30.4,2,31.6,1,30.3,5.0,28.1,1,35.7,1,33.8,2,27.5,3,31.3,1,31.5,1,36.1,1,33.8,2,33.2,2,26.7,2,31.7,3
2016-07-09 16:00:00,18.9,6,23.1,5,25.4,7,24.7,5,27.3,3,19.8,5,22.4,6,24.5,4,27.0,2,27.8,3,27.9,3,28.6,2,27.5,3,28.0,2,23.4,2,28.0,2,28.0,2,29.5,3,29.5,2,28.5,2,26.7,1,30.1,2,31.6,2,29.2,5.0,28.2,1,35.3,2,33.6,2,28.0,3,31.7,1,31.0,1,35.6,1,32.8,2,32.5,2,26.6,2,31.4,2
2016-07-09 17:00:00,18.6,6,22.4,5,25.1,6,24.5,4,27.1,3,19.3,6,21.9,7,24.3,3,26.9,2,27.6,2,27.8,2,28.6,2,27.3,2,27.7,2,23.0,2,27.6,2,27.9,2,29.2,2,29.2,2,28.3,1,26.5,1,29.4,2,31.2,2,27.6,4.0,27.9,1,34.4,2,33.0,2,28.0,3,31.6,1,30.4,2,34.6,1,31.6,3,31.4,2,26.3,2,30.9,2
2016-07-09 18:00:00,18.2,6,21.5,5,24.3,6,23.7,4,26.2,2,18.8,7,21.2,6,23.7,3,26.2,2,26.9,2,27.2,2,27.6,2,26.5,2,26.7,2,22.2,2,26.7,2,27.2,2,28.2,2,28.1,2,27.3,1,25.8,1,28.1,2,30.2,2,25.7,4.0,27.0,1,33.1,2,31.8,2,27.3,3,31.0,2,29.6,2,33.0,2,30.2,3,30.1,2,26.0,2,30.1,2
2016-07-09 19:00:00,17.8,6,20.4,5,22.9,5,22.3,3,24.3,2,18.2,7,20.1,5,22.6,3,24.9,2,25.6,2,26.2,2,25.4,2,24.9,2,25.0,2,20.9,3,25.3,2,25.8,2,26.2,1,26.2,1,25.3,1,24.7,1,26.5,2,28.7,2,23.8,3.0,25.4,1,31.3,2,29.9,2,25.7,3,29.9,2,28.7,2,30.8,2,28.8,3,28.5,2,25.7,2,28.9,2
2016-07-09 20:00:00,17.5,6,19.3,4,21.3,5,20.7,3,22.0,2,17.7,6,19.0,4,21.3,3,23.2,2,24.0,2,25.0,2,22.7,2,23.0,2,23.1,2,19.4,3,23.6,2,24.0,2,23.9,1,23.9,1,23.0,1,23.3,1,24.8,1,27.1,1,22.0,3.0,23.5,1,29.3,2,27.6,2,23.6,2,28.4,1,27.8,1,28.4,1,27.6,2,26.7,2,25.5,3,27.7,2
2016-07-09 21:00:00,17.3,6,18.5,5,20.1,5,19.8,3,20.3,2,17.3,6,18.1,4,20.3,4,22.2,2,22.9,2,24.1,2,20.7,2,21.2,2,21.4,2,18.3,3,22.2,2,22.5,2,22.1,1,22.3,2,21.1,1,22.2,1,23.3,2,26.1,2,20.6,3.0,22.0,2,27.8,2,25.8,2,22.2,2,27.0,2,27.0,1,27.1,2,26.5,2,25.7,2,25.1,3,26.9,2
2016-07-09 22:00:00,17.2,6,17.8,5,19.0,5,19.0,3,18.8,2,16.9,6,17.2,4,19.4,4,21.3,2,21.9,2,23.1,2,19.3,2,19.8,2,20.1,2,17.4,4,20.9,2,21.2,2,20.6,1,21.0,2,19.7,1,21.2,1,22.3,2,25.0,2,19.4,3.0,20.8,2,26.4,2,24.0,2,21.1,2,25.6,2,26.1,2,25.8,2,25.5,2,24.7,3,24.7,3,26.1,2
2016-07-09 23:00:00,17.0,6,17.3,5,18.2,5,18.2,4,17.8,3,16.5,6,16.6,5,18.5,4,20.3,2,20.9,3,22.1,3,18.4,3,18.8,2,19.3,2,16.9,4,19.8,2,20.1,3,19.6,1,20.0,3,18.6,1,20.3,1,21.6,3,24.1,3,18.5,3.0,19.9,2,25.0,2,22.4,3,20.2,2,24.5,2,25.4,2,24.7,2,24.7,2,23.8,3,24.4,3,25.5,2
2016-07-10 00:00:00,16.9,6,16.8,5,17.6,5,17.5,4,17.1,3,16.2,6,16.0,5,17.7,4,19.4,3,20.0,3,21.2,3,17.8,3,18.1,2,18.7,2,16.5,5,18.9,2,19.3,3,18.9,2,19.2,3,18.0,1,19.6,2,21.0,3,23.2,3,17.8,4.0,19.3,2,23.8,2,21.1,3,19.6,2,23.6,2,24.7,2,23.7,3,24.1,2,23.2,3,24.1,3,24.9,2
2016-07-10 01:00:00,16.7,7,16.4,6,17.2,6,16.9,5,16.7,4,16.0,7,15.6,5,17.0,5,18.6,3,19.2,3,20.3,3,17.6,4,17.7,3,18.2,2,16.3,5,18.1,2,18.5,3,18.4,2,18.6,3,17.6,1,18.9,2,20.4,4,22.5,4,17.2,4.0,18.8,2,22.7,3,20.0,4,19.0,2,22.9,2,24.1,2,22.9,3,23.7,2,22.7,4,24.0,4,24.5,3
2016-07-10 02:00:00,16.5,7,16.2,6,16.8,6,16.4,5,16.5,5,15.8,7,15.4,5,16.4,5,17.9,4,18.5,4,19.6,4,17.5,5,17.6,3,17.9,3,16.1,6,17.5,2,18.0,3,18.1,3,18.1,4,17.6,1,18.4,2,20.0,4,21.9,5,16.8,4.0,18.5,2,21.9,4,19.3,5,18.5,2,22.3,3,23.6,2,22.4,3,23.5,2,22.5,4,24.0,4,24.1,4
2016-07-10 03:00:00,18.1,5,18.7,3,18.5,3,17.0,3,17.1,2,16.1,6,15.9,6,16.3,5,18.7,3,18.7,3,20.3,3,17.9,2,17.1,1,17.4,2,16.2,6,17.6,2,17.8,2,17.9,2,17.5,1,17.2,2,19.1,2,18.9,1,20.3,1,15.9,2.0,18.6,2,21.2,1,19.1,2,18.9,2,21.6,1,22.8,1,22.7,2,22.3,3,20.1,3,23.2,3,24.6,1
2016-07-10 04:00:00,17.9,5,18.5,3,18.7,3,16.9,3,17.5,3,16.2,6,16.0,6,16.3,5,18.5,3,18.6,3,19.9,3,18.2,2,17.7,1,18.0,2,16.3,6,17.5,3,17.7,3,18.1,2,17.9,1,17.6,2,19.0,2,19.1,1,20.5,2,16.2,3.0,18.6,3,21.4,1,19.3,2,18.8,2,21.3,1,22.7,2,22.9,2,22.6,3,20.3,3,23.7,3,24.7,1
2016-07-10 05:00:00,17.7,5,18.4,3,19.2,2,17.0,3,18.4,3,16.4,5,16.3,6,16.4,5,18.5,3,18.8,4,19.8,4,19.0,3,18.6,1,19.1,2,16.6,6,17.9,4,18.1,4,18.8,2,18.9,1,18.6,2,19.1,2,19.8,2,21.1,2,17.1,3.0,19.0,4,22.2,2,20.3,2,19.1,3,21.4,1,23.2,2,23.8,2,23.4,3,21.1,3,24.5,3,25.2,1
2016-07-10 06:00:00,17.8,5,18.6,3,19.9,2,17.4,4,19.7,4,16.7,5,16.7,6,17.0,5,19.0,4,19.6,4,20.2,4,20.2,3,20.0,2,20.7,2,17.4,6,18.8,4,19.1,4,20.1,2,20.4,1,20.2,3,19.7,2,21.1,2,22.1,2,18.6,3.0,19.9,4,23.8,2,21.9,1,19.8,3,22.2,1,24.4,3,25.3,2,24.7,3,22.7,3,25.5,3,26.2,2
2016-07-10 07:00:00,18.1,5,19.4,3,20.7,2,18.1,4,21.3,5,17.2,6,17.3,6,18.0,5,20.0,4,21.0,4,21.2,4,21.8,4,21.7,2,22.7,2,18.6,6,20.3,4,20.7,3,21.9,2,22.3,2,22.3,2,20.8,2,22.9,1,23.5,2,20.8,3.0,21.4,4,26.1,2,24.2,1,21.0,3,23.8,1,26.2,4,27.4,2,26.5,3,25.2,3,26.3,4,27.5,2
2016-07-10 08:00:00,18.4,6,20.4,4,21.5,3,19.1,4,23.0,5,17.7,6,18.0,6,19.2,5,21.4,3,22.7,4,22.6,4,23.7,4,23.5,2,24.8,2,20.0,6,22.0,4,22.6,3,23.8,2,24.4,2,24.7,2,22.1,2,24.9,1,25.1,2,23.4,2.0,23.2,4,28.6,1,26.9,1,22.5,2,25.8,1,28.1,4,29.8,2,28.4,3,28.0,2,26.9,4,28.9,2
2016-07-10 09:00:00,18.7,6,21.3,4,22.4,3,20.1,4,24.5,4,18.1,6,18.6,6,20.4,5,22.7,3,24.2,3,23.9,3,25.4,4,25.2,2,26.6,2,21.2,5,23.6,4,24.5,2,25.7,2,26.4,2,26.7,2,23.5,2,26.8,1,26.7,2,26.0,2.0,24.8,3,30.8,1,29.2,2,23.9,2,27.7,1,29.5,4,31.8,2,30.2,3,30.5,2,27.2,4,30.0,2
2016-07-10 10:00:00,18.8,6,21.9,5,23.2,3,21.0,5,25.7,3,18.4,6,19.1,6,21.3,6,23.8,3,25.2,3,24.9,3,26.8,3,26.6,2,27.9,1,22.0,5,24.8,4,26.1,2,27.1,2,27.9,2,28.1,2,24.7,1,28.4,2,28.2,2,28.2,2.0,26.0,3,32.3,1,30.9,2,24.9,2,29.1,1,29.8,4,33.1,3,31.5,3,32.2,2,27.3,4,30.5,1
2016-07-10 11:00:00,18.7,6,22.2,5,23.9,4,21.8,6,26.5,2,18.6,5,19.5,5,21.9,7,24.5,3,25.9,3,25.7,3,27.8,3,27.7,2,28.8,1,22.3,5,25.7,4,27.2,2,28.2,2,29.1,2,29.0,2,25.7,2,29.6,2,29.5,2,29.8,3.0,26.8,3,33.3,1,31.9,2,25.5,3,30.2,1,29.5,4,33.8,3,32.2,3,33.2,2,27.3,3,30.6,1
2016-07-10 12:00:00,18.6,6,22.3,5,24.5,4,22.3,6,27.1,2,18.8,5,19.9,5,22.3,7,25.1,3,26.3,3,26.2,3,28.6,2,28.5,2,29.4,2,22.5,5,26.3,5,28.0,2,28.9,2,30.0,2,29.6,2,26.3,2,30.5,2,30.7,2,31.0,3.0,27.3,3,34.0,1,32.6,2,26.1,3,31.1,1,28.9,3,34.2,3,32.5,3,33.7,2,27.2,3,30.4,2
2016-07-10 13:00:00,18.6,6,22.3,5,24.9,5,22.5,7,27.5,3,19.0,5,20.2,5,22.6,6,25.5,3,26.6,3,26.6,3,29.1,2,29.1,3,30.0,3,22.6,5,26.7,5,28.4,2,29.4,2,30.7,2,30.1,3,26.6,2,31.2,2,31.7,2,31.7,3.0,27.5,4,34.8,1,33.1,2,26.7,3,32.0,1,28.5,3,34.5,3,32.3,3,33.8,2,27.2,3,30.2,2
2016-07-10 14:00:00,18.5,6,22.2,5,25.1,5,22.5,6,27.8,4,19.1,6,20.4,5,22.8,5,25.7,4,26.9,3,26.8,4,29.5,3,29.6,3,30.4,4,22.6,6,27.0,5,28.5,3,29.8,3,31.2,2,30.4,3,26.7,3,31.6,2,32.5,2,31.7,3.0,27.5,4,35.3,1,33.4,2,27.1,3,32.8,2,28.2,3,34.7,3,31.9,2,33.6,2,27.2,3,29.9,2
2016-07-10 15:00:00,19.1,7,23.6,6,27.5,6,23.2,6,29.1,5,19.0,7,20.7,6,23.7,5,27.6,5,28.7,5,28.8,5,29.8,5,29.7,4,30.1,3,23.1,5,28.2,5,29.2,4,30.8,4,31.4,3,30.2,2,27.0,2,31.9,2,33.3,2,31.1,4.0,27.3,3,35.5,2,33.2,2,27.2,2,33.2,1,28.9,2,34.3,2,31.3,3,32.4,2,27.3,2,30.0,2
2016-07-10 16:00:00,18.7,6,22.5,5,26.5,6,22.8,6,28.7,5,18.8,7,20.2,6,23.4,5,27.2,5,28.4,5,28.3,5,29.7,5,29.8,4,30.1,3,22.7,5,27.7,5,29.0,4,30.9,4,31.6,3,30.2,3,26.9,2,31.6,2,33.5,3,29.9,4.0,26.7,3,35.0,2,32.9,2,26.9,2,33.1,1,28.3,2,33.7,2,30.7,2,32.2,2,27.1,2,29.7,2
2016-07-10 17:00:00,18.1,5,21.3,4,25.1,6,22.1,6,27.9,4,18.4,6,19.6,6,22.9,5,26.5,4,27.8,5,27.5,5,29.3,5,29.4,4,29.5,3,22.0,5,26.9,4,28.5,3,30.6,3,31.3,3,29.8,3,26.5,2,30.8,2,33.1,3,28.1,3.0,25.8,3,33.9,2,32.1,1,26.3,2,32.5,2,27.5,2,32.6,2,29.9,2,31.7,2,26.7,2,29.2,1
2016-07-10 18:00:00,17.5,5,20.0,3,23.5,5,21.0,5,26.5,4,17.8,6,18.7,5,22.0,5,25.4,4,26.7,4,26.5,4,28.0,4,28.5,4,28.4,3,21.0,6,25.7,4,27.6,3,29.5,2,30.1,3,28.6,3,25.7,2,29.5,2,32.2,4,26.1,3.0,24.6,3,32.2,2,30.9,1,25.2,3,31.5,2,26.7,3,31.0,2,28.8,2,30.8,2,26.3,2,28.4,1
2016-07-10 19:00:00,17.0,5,18.8,4,21.9,5,19.6,5,24.6,4,17.1,6,17.7,5,20.8,5,24.0,4,25.2,4,25.3,4,25.8,4,27.0,4,26.7,3,19.7,5,24.3,3,26.1,3,27.4,2,28.1,3,26.7,3,24.4,2,27.7,2,30.7,4,24.2,2.0,23.1,3,30.2,2,29.1,1,23.7,4,30.0,2,26.1,3,28.9,2,27.7,2,29.3,2,26.0,2,27.3,1
2016-07-10 20:00:00,16.6,6,17.8,5,20.4,6,18.2,4,22.5,4,16.4,6,16.6,4,19.4,5,22.5,4,23.4,4,24.1,4,23.3,4,25.4,4,24.9,3,18.5,5,22.9,3,24.4,3,24.8,2,25.7,3,24.5,2,22.8,2,25.7,2,28.9,3,22.4,2.0,21.5,3,28.1,2,27.0,1,22.1,4,28.4,2,25.7,3,26.6,2,26.6,2,27.4,2,25.9,2,26.1,1
2016-07-10 21:00:00,16.3,6,17.1,5,19.2,6,17.2,4,20.8,4,15.9,6,15.9,4,18.3,4,21.2,4,21.9,4,23.0,4,21.3,3,23.9,3,23.4,3,17.4,5,21.5,3,22.8,4,22.7,2,24.0,3,22.8,2,21.3,2,24.0,2,27.5,3,21.0,3.0,20.2,3,26.7,2,25.1,1,20.8,4,26.8,2,25.0,3,25.0,3,25.7,2,25.7,2,25.7,2,25.5,2
2016-07-10 22:00:00,16.1,6,16.6,5,18.4,6,16.4,4,19.8,4,15.5,6,15.3,5,17.3,4,20.3,5,20.9,5,22.0,5,20.4,3,22.6,3,22.3,3,16.8,5,20.4,4,21.6,4,21.5,3,22.8,4,21.5,2,20.2,3,22.8,2,26.1,3,19.8,3.0,19.3,4,25.3,2,23.5,1,20.0,4,25.5,3,24.3,3,23.6,3,25.0,3,24.3,2,25.4,1,25.0,2
2016-07-10 23:00:00,16.0,6,16.3,5,17.8,6,16.0,4,19.1,4,15.0,6,15.0,5,16.5,4,19.6,5,20.2,5,21.2,5,20.1,4,21.6,3,21.6,3,16.5,5,19.4,4,20.7,4,20.8,3,21.9,4,20.6,2,19.5,3,22.0,2,24.9,3,18.9,3.0,18.8,5,24.1,2,22.1,2,19.5,5,24.4,3,23.7,4,22.6,3,24.4,3,23.2,2,25.1,1,24.6,2
2016-07-11 00:00:00,15.9,6,16.1,5,17.3,6,15.6,5,18.5,4,14.7,6,14.7,5,15.8,5,18.9,5,19.4,5,20.4,5,19.8,4,20.6,4,20.9,3,16.4,5,18.5,4,19.8,4,20.1,4,21.1,4,19.9,2,18.8,4,21.2,2,23.7,4,18.2,4.0,18.4,5,22.9,3,20.9,2,19.0,5,23.4,3,23.1,4,21.8,3,23.9,3,22.5,3,24.8,1,24.3,2
2016-07-11 01:00:00,15.9,6,15.9,5,16.7,6,15.2,5,17.5,4,14.5,6,14.5,5,15.3,5,18.0,5,18.4,5,19.6,5,19.0,4,19.7,4,20.3,4,16.2,6,17.6,5,18.8,4,19.1,4,20.2,4,19.4,3,18.2,4,20.3,3,22.8,4,17.8,4.0,18.1,5,22.0,3,20.0,2,18.6,5,22.4,4,22.6,4,21.2,4,23.5,4,22.1,3,24.5,1,24.1,3
2016-07-11 02:00:00,15.8,5,15.6,5,16.2,6,14.8,5,16.6,5,14.3,6,14.3,5,15.0,5,17.0,5,17.4,5,18.8,5,17.9,5,18.9,4,19.7,5,16.1,6,16.8,5,17.9,4,17.9,5,19.3,4,19.0,4,17.6,5,19.3,4,22.1,5,17.5,5.0,17.8,5,21.3,3,19.3,2,18.1,5,21.4,4,22.3,4,20.9,4,23.3,4,21.9,3,24.3,1,24.0,3
2016-07-11 03:00:00,15.6,6,15.9,6,16.7,5,15.5,5,17.1,5,14.8,4,15.0,4,16.0,6,17.3,4,17.9,4,19.3,4,18.4,6,20.7,4,20.6,3,16.5,6,16.9,5,17.7,5,18.4,6,20.0,4,20.4,2,18.2,6,19.8,4,22.9,4,17.5,3.0,17.6,6,19.9,1,18.7,2,18.0,5,20.9,6,21.5,4,20.9,2,22.4,3,21.4,3,24.1,2,22.7,2
2016-07-11 04:00:00,15.7,7,15.9,6,16.7,6,15.7,5,17.3,5,14.9,4,15.1,3,16.0,6,17.2,5,17.8,5,18.9,5,18.7,6,20.9,5,20.9,4,16.6,6,16.9,5,17.6,6,18.5,6,20.4,5,20.7,3,17.9,6,19.9,5,22.9,3,17.6,3.0,17.7,7,20.3,2,19.0,2,17.8,5,20.6,7,21.4,4,21.3,3,22.7,3,21.6,3,24.5,2,22.6,2
2016-07-11 05:00:00,15.8,7,16.2,7,17.0,6,16.2,5,18.1,6,15.1,3,15.3,3,16.2,6,17.4,5,18.1,6,18.8,6,19.5,7,21.5,6,21.8,4,17.0,7,17.3,6,18.0,6,19.1,6,21.3,5,21.5,3,17.8,7,20.5,6,23.4,3,18.2,4.0,18.1,7,21.2,2,20.1,2,18.0,5,20.6,7,21.8,4,22.2,3,23.6,3,22.5,3,25.2,3,22.8,3
2016-07-11 06:00:00,16.1,6,16.8,7,17.6,6,16.9,5,19.1,6,15.5,3,15.7,3,16.8,5,17.9,6,18.7,6,19.1,6,20.4,7,22.3,6,23.1,4,17.7,7,18.1,7,18.7,7,20.0,7,22.5,6,22.8,3,17.9,7,21.3,6,24.1,2,19.6,4.0,18.9,7,22.9,3,21.9,2,18.4,5,20.9,7,22.8,4,23.8,3,24.9,3,24.1,3,26.1,3,23.6,3
2016-07-11 07:00:00,16.5,6,17.6,6,18.5,6,17.7,5,20.3,7,16.0,3,16.3,3,17.8,5,18.5,6,19.6,6,19.7,6,21.2,7,23.3,7,24.7,5,18.6,7,19.1,6,19.6,6,20.9,7,23.9,6,24.6,4,18.2,7,22.2,7,25.0,2,21.8,4.0,19.9,7,25.2,2,24.4,2,19.0,5,21.6,7,24.5,5,26.0,3,26.5,3,26.4,3,26.9,4,24.9,3
2016-07-11 08:00:00,16.9,6,18.5,5,19.4,5,18.5,5,21.4,7,16.5,4,17.0,3,18.9,4,19.2,6,20.6,6,20.6,6,21.9,6,24.3,7,26.4,5,19.6,6,20.1,6,20.4,5,21.6,7,25.1,7,26.6,4,18.6,7,23.1,7,25.9,3,24.4,3.0,21.0,6,27.7,2,27.1,2,19.8,4,22.5,7,26.5,5,28.4,3,28.2,3,28.9,3,27.4,4,26.4,2
2016-07-11 09:00:00,17.3,6,19.3,5,20.3,5,19.3,4,22.3,6,17.0,4,17.7,3,20.0,4,20.0,6,21.5,6,21.4,6,22.5,6,25.2,7,27.7,6,20.5,6,21.1,5,21.2,4,22.2,7,26.0,7,28.1,4,19.2,6,23.9,7,26.9,3,26.9,3.0,22.0,6,29.9,2,29.5,2,20.5,4,23.5,7,28.0,5,30.4,3,29.8,3,31.2,3,27.8,4,27.8,2
2016-07-11 10:00:00,17.5,5,19.8,4,21.0,5,20.1,3,22.9,6,17.4,5,18.4,3,20.8,4,20.7,6,22.1,6,22.1,6,23.0,6,25.7,7,28.4,6,21.2,6,21.9,6,21.7,4,22.6,7,26.3,7,28.9,4,19.9,6,24.5,7,27.9,3,28.9,3.0,22.8,6,31.5,2,31.2,2,21.0,4,24.5,7,28.6,5,31.6,3,31.0,3,32.8,3,27.9,4,28.6,2
2016-07-11 11:00:00,17.5,5,20.2,4,21.5,5,20.7,3,23.3,5,17.7,5,19.0,3,21.3,4,21.4,6,22.6,6,22.7,6,23.5,6,26.0,7,28.7,6,21.7,5,22.5,6,22.1,4,22.9,7,26.3,7,29.1,3,20.6,6,24.9,7,28.7,3,30.3,3.0,23.3,6,32.5,2,32.2,2,21.5,4,25.5,6,28.5,4,32.2,3,31.8,3,33.6,3,27.9,3,29.0,2
2016-07-11 12:00:00,17.6,4,20.5,4,21.9,5,21.2,3,23.6,5,18.0,5,19.4,4,21.6,5,21.9,6,22.9,6,23.1,6,23.9,6,26.1,7,28.9,6,21.9,4,23.0,7,22.4,4,23.2,6,26.2,7,29.2,4,21.1,6,25.3,7,29.3,4,31.2,4.0,23.7,6,33.1,2,32.9,2,22.0,5,26.2,6,28.2,4,32.5,3,32.1,3,34.0,3,27.8,3,29.0,2
2016-07-11 13:00:00,17.7,4,20.8,3,22.3,5,21.4,3,23.9,5,18.2,5,19.7,4,21.8,5,22.3,7,23.2,7,23.5,7,24.2,6,26.2,7,29.2,6,21.9,4,23.4,7,22.7,5,23.5,6,26.2,7,29.3,5,21.4,6,25.7,7,29.5,5,31.7,5.0,23.9,6,33.4,2,33.4,2,22.6,6,26.7,6,27.9,4,32.8,3,32.0,3,34.0,3,27.7,3,28.7,2
2016-07-11 14:00:00,17.8,4,21.0,3,22.6,5,21.5,4,24.2,6,18.3,5,19.8,4,21.9,5,22.6,7,23.4,7,23.7,7,24.4,6,26.1,7,29.2,7,21.7,4,23.7,7,23.0,6,23.9,6,26.3,7,29.2,6,21.5,6,25.9,7,29.3,6,31.6,6.0,23.9,6,33.3,2,33.6,3,23.0,6,26.9,7,27.7,4,32.9,3,31.5,2,33.7,2,27.7,3,28.3,3
2016-07-11 15:00:00,17.6,5,20.3,5,21.7,5,20.2,6,23.0,5,18.1,4,19.2,5,21.3,5,22.0,5,22.7,5,23.1,5,23.6,6,24.0,7,26.3,7,21.1,3,22.6,7,22.3,7,23.5,5,24.3,7,26.2,7,21.1,7,25.4,7,26.6,6,29.7,7.0,23.6,7,32.6,5,33.5,2,22.8,7,26.1,7,27.2,6,32.7,5,30.3,4,33.4,2,27.2,2,28.9,5
2016-07-11 16:00:00,17.5,5,19.9,4,21.7,4,20.0,6,22.9,5,17.7,4,18.8,5,21.2,5,22.0,5,22.8,5,23.1,5,23.6,6,23.8,7,25.6,7,20.8,3,22.4,6,22.3,7,23.5,6,24.4,7,25.5,7,20.9,6,25.0,7,26.5,6,27.9,7.0,23.3,6,31.5,6,32.7,2,22.3,7,26.0,7,26.8,6,31.6,5,29.3,4,32.8,2,27.0,2,28.3,4
2016-07-11 17:00:00,17.2,5,19.3,3,21.5,3,19.5,6,22.4,4,17.2,4,18.1,6,20.8,6,21.8,5,22.7,5,22.9,5,23.4,7,23.4,7,24.5,7,20.2,3,22.0,5,22.1,6,23.2,6,24.2,7,24.5,7,20.6,5,24.2,6,26.1,6,25.5,7.0,22.7,6,30.0,6,31.3,3,21.5,7,25.6,6,26.2,6,30.0,5,28.1,4,31.9,2,26.6,2,27.7,4
2016-07-11 18:00:00,16.8,4,18.5,2,20.8,2,18.8,5,21.5,4,16.5,3,17.3,6,20.0,5,21.2,5,22.2,5,22.4,5,22.6,6,22.7,6,23.3,7,19.3,3,21.2,4,21.6,6,22.4,6,23.4,7,23.4,7,20.0,4,23.1,6,25.2,6,23.0,7.0,21.8,6,28.4,7,29.7,3,20.4,7,25.0,6,25.6,5,28.1,6,26.9,4,30.7,1,26.2,2,27.1,3
2016-07-11 19:00:00,16.3,4,17.5,2,19.7,2,17.8,4,20.3,3,15.7,4,16.3,5,18.9,5,20.3,4,21.3,4,21.6,4,21.2,6,21.9,6,22.1,6,18.2,3,20.1,3,20.7,6,21.2,6,22.2,7,22.1,7,19.1,4,22.0,6,23.9,7,21.1,7.0,20.7,6,27.0,7,27.9,3,19.4,6,24.1,6,25.1,5,26.2,6,25.9,4,29.2,2,25.9,1,26.5,3
2016-07-11 20:00:00,15.9,4,16.4,2,18.4,2,16.7,3,19.1,2,15.0,4,15.3,3,17.6,4,19.3,3,20.1,4,20.7,3,19.7,5,20.9,5,21.0,6,17.1,2,19.0,2,19.5,6,19.9,5,20.8,6,20.9,7,18.2,5,20.9,6,22.6,7,19.8,6.0,19.6,6,25.8,7,26.1,3,18.7,7,23.1,6,24.7,5,24.6,6,25.1,4,27.5,2,25.6,1,25.9,3
2016-07-11 21:00:00,15.5,4,15.6,2,17.4,2,15.8,3,18.1,2,14.4,4,14.5,3,16.5,3,18.5,3,19.2,4,20.0,3,18.4,5,20.0,5,20.2,6,16.2,2,17.9,2,18.5,6,18.9,5,19.7,6,19.8,7,17.4,5,19.9,6,21.7,7,19.0,6.0,18.7,6,24.8,6,24.5,3,18.1,6,22.4,6,24.2,5,23.4,6,24.4,4,26.0,2,25.2,2,25.2,3
2016-07-11 22:00:00,15.3,5,15.2,3,16.6,3,15.2,4,17.2,3,14.0,4,14.0,2,15.6,3,17.7,3,18.3,4,19.3,3,17.7,4,19.2,5,19.7,6,15.5,3,17.1,2,17.8,6,18.0,5,18.8,6,19.1,7,16.7,5,19.0,6,20.9,7,18.4,6.0,17.9,5,23.9,6,23.1,3,17.7,6,21.6,6,23.7,5,22.7,6,23.8,4,24.8,3,24.9,2,24.6,4
2016-07-11 23:00:00,15.1,5,14.9,4,16.0,3,14.8,4,16.3,3,13.7,4,13.6,3,14.7,3,16.9,2,17.7,4,18.6,3,17.4,4,18.5,5,19.2,6,14.9,3,16.6,2,17.2,6,17.2,4,18.0,6,18.5,6,16.2,5,18.1,6,20.2,6,18.0,6.0,17.3,5,23.0,6,21.9,3,17.4,6,20.8,5,23.2,5,22.3,5,23.2,4,23.8,3,24.6,2,24.0,4
2016-07-12 00:00:00,15.1,5,14.7,4,15.5,4,14.4,4,15.7,4,13.5,5,13.3,3,13.9,3,16.3,3,17.0,4,18.0,3,17.0,4,17.7,5,18.6,6,14.5,4,16.0,3,16.6,6,16.5,4,17.3,6,18.0,6,15.8,5,17.4,6,19.7,6,17.6,5.0,16.8,5,22.1,6,20.8,4,17.1,6,20.1,5,22.6,5,21.9,5,22.8,5,22.9,3,24.3,3,23.5,4
2016-07-12 01:00:00,15.0,5,14.5,5,15.1,4,13.9,5,15.1,5,13.2,5,13.0,4,13.3,4,15.7,3,16.3,4,17.4,4,16.3,4,16.9,5,17.9,6,14.2,4,15.5,4,16.0,6,15.8,4,16.7,6,17.4,6,15.5,5,16.7,6,19.4,6,17.1,5.0,16.5,5,21.2,6,19.8,4,16.8,6,19.4,5,22.0,5,21.5,5,22.5,5,22.2,4,24.1,3,23.1,4
2016-07-12 02:00:00,15.0,5,14.3,5,14.8,5,13.4,5,14.8,5,12.9,5,12.7,5,12.9,5,15.2,4,15.7,5,17.0,4,15.5,4,16.3,5,17.2,6,14.1,5,15.0,5,15.4,6,15.2,5,16.3,6,17.0,6,15.3,5,16.3,6,19.1,6,16.6,5.0,16.3,5,20.5,5,19.0,5,16.5,5,18.8,5,21.6,5,21.1,5,22.4,5,21.6,4,24.0,3,22.8,4
2016-07-12 03:00:00,14.7,6,14.5,5,15.0,4,13.6,4,15.1,6,12.8,2,12.2,3,13.3,2,15.1,5,15.6,5,16.9,5,16.0,3,16.7,5,17.1,4,14.2,3,14.3,2,14.8,4,15.1,4,16.2,5,16.9,5,14.1,5,16.2,5,18.3,5,16.5,5.0,15.9,4,20.2,5,18.8,5,16.1,6,18.1,6,21.7,5,21.1,5,22.6,5,21.3,4,23.5,4,22.2,5
2016-07-12 04:00:00,14.6,6,14.5,5,15.1,5,13.6,4,15.2,6,12.7,2,12.2,3,13.2,2,14.9,5,15.5,5,16.6,5,16.1,3,17.0,6,17.4,5,14.2,3,14.3,2,14.6,3,15.1,4,16.3,5,17.1,5,13.9,5,16.1,5,18.0,6,16.2,6.0,16.1,5,20.3,6,18.9,6,16.0,6,17.7,6,21.6,5,21.3,5,22.8,5,21.3,4,23.7,5,22.0,6
2016-07-12 05:00:00,14.5,6,14.7,4,15.3,5,13.9,4,15.7,6,12.8,2,12.5,3,13.3,2,15.0,5,15.7,5,16.5,5,16.5,2,17.5,6,18.2,6,14.4,4,14.7,2,14.8,3,15.6,3,17.0,6,17.7,5,13.9,5,16.4,6,18.1,6,16.2,6.0,16.5,5,20.8,6,19.6,6,15.9,7,17.6,6,22.0,5,21.8,5,23.4,5,21.9,5,24.2,5,22.1,6
2016-07-12 06:00:00,14.5,5,15.0,4,15.7,5,14.3,4,16.5,5,13.2,2,12.9,3,13.8,2,15.3,5,16.3,6,16.7,6,17.2,2,18.3,6,19.3,7,15.0,5,15.4,3,15.4,2,16.4,3,17.9,6,18.5,5,14.2,5,17.0,6,18.5,6,16.7,7.0,17.2,6,21.6,6,20.7,7,16.1,7,17.7,7,22.7,5,22.6,5,24.2,5,23.2,6,24.7,5,22.5,6
2016-07-12 07:00:00,14.7,4,15.5,4,16.2,4,14.9,4,17.4,5,13.8,2,13.5,3,14.7,3,15.9,6,17.2,6,17.3,6,18.0,3,19.1,5,20.5,6,15.9,5,16.4,3,16.4,2,17.5,3,19.1,5,19.6,5,14.8,5,17.9,6,19.0,5,17.7,7.0,18.0,5,22.5,6,22.1,7,16.5,7,18.1,7,23.8,5,23.6,5,25.1,5,25.1,6,25.2,5,23.1,6
2016-07-12 08:00:00,14.9,4,16.2,4,16.8,3,15.6,3,18.3,5,14.6,2,14.3,4,15.9,3,16.6,6,18.1,6,18.1,6,18.8,4,19.9,4,21.6,6,16.9,4,17.5,3,17.5,2,18.6,3,20.3,5,20.7,5,15.5,4,19.0,5,19.7,5,18.9,7.0,18.9,5,23.4,6,23.7,7,17.0,7,18.8,7,25.0,5,24.6,5,26.0,5,27.4,5,25.6,6,23.9,6
2016-07-12 09:00:00,15.2,4,16.7,4,17.4,3,16.3,3,19.0,5,15.3,2,15.0,4,16.9,4,17.4,5,19.0,5,18.9,5,19.5,4,20.5,3,22.5,5,17.8,4,18.5,3,18.6,2,19.6,4,21.3,4,21.7,5,16.3,4,19.9,4,20.4,4,20.1,7.0,19.8,4,24.3,5,25.0,6,17.5,7,19.5,6,26.1,4,25.6,5,26.9,5,29.4,5,25.9,6,24.7,6
2016-07-12 10:00:00,15.4,4,17.0,4,18.1,2,16.9,3,19.3,5,15.8,3,15.6,4,17.6,5,18.1,5,19.6,5,19.6,5,20.1,4,20.8,2,23.0,5,18.5,4,19.2,4,19.3,3,20.3,4,22.0,4,22.4,5,17.0,4,20.5,4,21.1,3,20.9,7.0,20.5,3,25.1,5,25.9,6,17.9,7,20.2,6,26.9,4,26.5,5,27.7,5,30.8,5,26.2,6,25.5,6
2016-07-12 11:00:00,15.6,4,17.3,4,18.7,2,17.3,4,19.4,5,16.2,4,16.1,4,18.1,5,18.8,4,20.0,4,20.2,4,20.5,4,21.0,2,23.3,5,18.9,4,19.7,5,19.8,4,20.8,3,22.4,3,22.7,5,17.6,4,20.9,5,21.7,3,21.5,6.0,21.0,3,25.7,5,26.6,6,18.2,7,20.7,6,27.4,4,27.4,5,28.4,5,31.7,5,26.4,6,26.1,6
2016-07-12 12:00:00,15.7,4,17.5,4,19.3,3,17.6,5,19.6,4,16.4,4,16.5,4,18.4,6,19.3,4,20.4,4,20.6,4,20.9,3,21.2,3,23.5,5,19.2,4,20.1,5,20.1,5,21.1,3,22.8,3,22.9,5,18.0,4,21.2,5,22.3,3,21.9,6.0,21.3,3,26.2,5,27.2,6,18.6,7,21.2,6,27.8,4,28.1,5,29.0,4,32.1,5,26.6,6,26.4,5
2016-07-12 13:00:00,15.9,5,17.8,4,19.7,3,17.7,5,20.0,5,16.5,4,16.7,5,18.6,6,19.7,4,20.8,4,20.9,4,21.2,3,21.4,4,23.7,5,19.3,4,20.4,6,20.3,5,21.3,4,23.2,3,23.0,5,18.2,3,21.6,5,22.8,3,22.2,6.0,21.4,4,26.6,5,27.9,6,19.0,7,21.6,6,28.2,4,28.7,5,29.3,3,32.2,4,26.7,5,26.4,5
2016-07-12 14:00:00,15.9,5,18.0,3,19.9,4,17.7,5,20.4,5,16.5,4,16.7,5,18.7,6,19.8,5,21.1,5,21.1,5,21.3,3,21.7,5,23.7,5,19.3,4,20.6,5,20.4,5,21.5,4,23.5,4,22.9,5,18.2,3,21.9,5,23.1,4,22.3,7.0,21.2,4,26.7,5,28.4,6,19.3,7,21.8,6,28.4,4,29.0,5,29.4,2,32.2,3,26.8,5,26.1,4
2016-07-12 15:00:00,15.9,6,17.5,5,19.6,5,17.5,5,21.0,4,16.1,3,16.9,5,19.0,4,19.6,5,20.9,5,20.9,5,21.4,5,21.5,6,22.7,6,19.0,3,20.4,7,20.3,5,21.6,4,22.2,6,21.7,5,18.4,4,21.0,5,21.5,6,20.2,7.0,21.3,5,25.3,5,26.3,6,19.7,7,22.2,7,27.2,3,27.6,4,27.9,2,31.4,2,26.9,4,25.1,7
2016-07-12 16:00:00,15.7,6,17.2,5,19.2,5,17.4,4,20.5,4,16.0,3,16.7,5,18.8,4,19.3,5,20.5,5,20.5,5,21.2,5,21.4,5,22.5,6,18.7,3,20.0,6,20.0,4,21.4,3,22.2,5,21.5,4,18.3,4,20.8,5,21.6,5,19.6,7.0,21.0,4,25.0,4,26.0,6,19.6,6,22.3,6,26.8,2,27.0,3,27.3,2,30.8,2,26.6,3,24.7,7
2016-07-12 17:00:00,15.4,5,16.7,4,18.5,5,17.0,4,19.7,4,15.7,2,16.4,5,18.3,5,18.8,5,19.9,5,20.0,5,20.8,5,21.0,4,21.8,6,18.2,3,19.3,5,19.4,4,20.9,3,21.7,5,20.9,4,18.0,4,20.2,5,21.5,4,18.5,7.0,20.6,4,24.6,3,25.3,5,19.2,5,22.1,5,26.1,2,26.0,2,26.6,2,29.9,2,26.1,3,24.2,6
2016-07-12 18:00:00,15.0,5,15.9,3,17.6,5,16.4,3,18.5,3,15.2,2,15.7,5,17.5,5,18.2,4,19.1,5,19.3,4,19.8,5,20.2,3,20.7,6,17.5,3,18.4,4,18.7,4,20.1,3,20.8,4,19.9,3,17.3,3,19.4,4,20.9,3,17.2,6.0,19.8,3,23.8,3,24.3,5,18.5,4,21.5,4,25.2,2,24.8,2,25.7,3,28.7,2,25.5,2,23.7,6
2016-07-12 19:00:00,14.7,4,14.9,2,16.5,4,15.5,3,17.1,3,14.5,2,14.7,4,16.5,4,17.4,3,18.1,4,18.5,3,18.3,5,19.2,3,19.3,6,16.5,3,17.4,3,17.7,4,18.8,2,19.3,4,18.6,4,16.3,3,18.4,4,20.0,2,15.9,6.0,18.7,3,22.8,3,23.1,3,17.6,4,20.6,5,24.2,2,23.5,2,24.7,3,27.1,2,25.0,2,23.2,6
2016-07-12 20:00:00,14.5,3,14.0,2,15.5,4,14.4,2,15.7,2,13.8,2,13.6,3,15.5,3,16.5,3,17.0,3,17.6,3,16.6,4,18.1,3,17.9,5,15.5,2,16.5,3,16.7,4,17.4,2,17.6,4,17.1,4,15.1,3,17.4,3,19.0,3,14.7,5.0,17.5,4,21.6,3,21.8,2,16.7,4,19.5,5,23.2,2,22.2,3,23.8,2,25.4,2,24.7,1,22.6,5
2016-07-12 21:00:00,14.4,3,13.3,2,14.6,4,13.7,2,14.8,3,13.2,2,12.9,3,14.5,3,15.6,2,16.0,3,16.9,2,15.2,5,17.0,3,16.8,5,14.7,2,15.8,3,15.8,4,16.1,3,16.3,4,16.4,4,14.3,3,16.7,3,18.3,3,14.1,5.0,16.6,4,20.9,3,20.8,2,15.8,4,18.6,5,22.4,2,21.5,3,22.9,2,23.9,1,24.3,2,22.0,5
2016-07-12 22:00:00,14.3,3,13.0,3,13.9,4,13.2,3,14.1,3,12.8,3,12.4,3,13.7,4,14.8,2,15.3,3,16.3,2,14.5,5,16.1,3,16.0,5,14.0,2,15.1,3,15.1,5,15.3,3,15.5,4,15.8,5,13.6,3,15.9,3,17.7,3,13.4,5.0,15.8,4,20.3,3,19.9,2,15.1,4,17.8,5,21.5,2,20.8,3,22.1,2,22.4,1,23.9,2,21.4,5
2016-07-12 23:00:00,14.2,3,13.0,3,13.4,4,12.8,3,13.7,4,12.6,3,12.0,3,12.9,4,14.2,2,14.8,3,15.9,2,14.2,5,15.3,4,15.4,5,13.4,2,14.4,3,14.6,5,14.7,3,14.9,5,15.2,5,13.0,4,15.2,3,17.1,3,12.9,5.0,15.3,4,19.7,3,19.0,3,14.6,4,17.2,4,20.7,2,20.3,3,21.3,2,21.0,1,23.6,2,20.8,5
2016-07-13 00:00:00,14.1,4,13.0,3,13.0,5,12.4,4,13.3,5,12.5,3,11.8,4,12.2,4,13.6,3,14.3,4,15.5,3,14.0,5,14.7,4,14.9,6,12.9,3,13.8,4,14.0,5,14.1,4,14.5,5,14.7,5,12.5,4,14.6,4,16.6,4,12.4,5.0,15.0,4,19.3,3,18.2,4,14.2,4,16.6,4,20.0,2,19.8,3,20.6,2,19.7,1,23.3,2,20.3,5
2016-07-13 01:00:00,13.9,4,12.9,4,12.8,5,12.1,4,12.9,5,12.3,4,11.5,4,11.6,5,13.1,3,13.8,4,15.1,3,13.5,5,14.1,4,14.6,6,12.5,4,13.4,4,13.5,6,13.4,4,14.0,5,14.3,5,12.2,4,14.1,4,16.1,4,12.1,5.0,14.6,4,18.9,3,17.5,3,14.0,4,16.1,4,19.4,2,19.5,2,20.0,2,18.6,1,23.0,3,19.9,5
2016-07-13 02:00:00,13.7,4,12.8,4,12.8,5,11.9,5,12.4,6,12.2,4,11.3,5,11.2,5,12.7,4,13.3,4,14.7,4,13.0,6,13.7,5,14.4,6,12.3,5,13.0,5,13.0,6,12.6,5,13.5,5,14.1,6,11.9,5,13.7,5,15.7,4,11.8,5.0,14.3,5,18.7,3,17.0,3,13.9,4,15.7,4,19.0,2,19.4,2,19.5,1,17.8,1,22.8,3,19.5,5
2016-07-13 03:00:00,13.1,6,12.8,6,12.8,5,12.1,4,12.2,6,12.3,3,11.4,2,11.9,2,12.4,4,12.8,4,13.9,4,12.7,7,14.1,7,14.8,7,12.6,2,12.2,4,12.0,5,11.9,5,13.5,3,13.9,5,11.2,3,12.6,4,14.9,2,11.8,5.0,14.2,2,17.0,1,16.1,2,13.1,3,15.2,2,18.2,1,17.8,1,19.1,1,19.3,1,22.6,2,18.5,3
2016-07-13 04:00:00,12.8,6,12.6,6,12.7,6,12.1,4,12.3,6,12.3,2,11.4,2,11.9,2,12.2,3,12.8,4,13.6,3,12.8,7,14.1,7,14.9,7,12.6,2,12.2,3,11.8,5,11.8,6,13.6,2,14.0,4,10.9,3,12.6,4,14.7,2,11.6,5.0,14.2,3,17.0,2,15.8,1,13.0,3,15.0,2,17.9,1,17.8,1,18.8,1,18.7,1,22.4,2,18.2,3
2016-07-13 05:00:00,12.6,6,12.5,6,12.8,6,12.3,3,12.8,5,12.4,2,11.6,2,12.2,2,12.2,3,13.1,3,13.5,3,13.2,7,14.3,7,15.4,7,12.7,2,12.6,3,11.8,6,12.2,6,14.1,2,14.4,4,10.8,4,13.0,5,14.9,2,11.7,6.0,14.6,3,17.3,2,15.8,1,13.0,4,14.9,2,18.1,2,18.1,1,19.0,1,18.6,1,22.6,2,18.2,3
2016-07-13 06:00:00,12.6,6,12.6,6,13.1,6,12.8,3,13.5,4,12.8,2,12.0,3,12.7,2,12.5,2,13.6,2,13.7,2,13.9,7,14.7,6,16.1,7,13.2,3,13.2,3,12.4,6,13.0,6,14.8,2,15.1,4,11.1,4,13.8,5,15.3,3,12.3,6.0,15.2,3,18.1,2,16.5,1,13.4,4,15.2,2,18.8,2,18.9,1,19.7,1,19.4,1,23.1,2,18.7,4
2016-07-13 07:00:00,12.8,6,13.1,7,13.6,7,13.5,4,14.2,5,13.4,2,12.7,3,13.5,3,13.0,3,14.3,3,14.2,3,14.7,7,15.3,6,16.9,7,14.0,3,14.1,3,13.5,5,14.2,6,15.6,3,15.9,4,11.9,4,14.8,5,15.9,3,13.5,6.0,16.2,3,19.2,2,18.0,1,14.3,4,15.9,2,20.0,2,20.0,2,20.8,1,21.5,1,24.0,2,19.7,4
2016-07-13 08:00:00,13.2,6,13.7,7,14.2,7,14.2,5,14.8,5,14.1,3,13.4,4,14.4,4,13.7,4,15.1,3,15.0,3,15.4,6,15.9,6,17.7,7,15.1,3,15.0,3,14.8,5,15.5,5,16.5,4,16.6,5,13.0,3,16.0,4,16.6,4,14.9,6.0,17.3,3,20.5,2,19.9,1,15.4,4,16.8,2,21.6,2,21.4,2,22.1,1,24.2,1,25.0,2,20.9,3
2016-07-13 09:00:00,13.6,6,14.3,7,14.9,7,14.9,5,15.4,5,14.7,4,14.2,4,15.3,5,14.4,4,15.9,4,15.7,4,16.1,6,16.5,6,18.3,7,16.1,3,15.9,4,16.0,4,16.7,4,17.2,5,17.3,5,14.1,3,17.0,3,17.2,4,16.2,5.0,18.4,3,21.7,2,21.7,1,16.6,4,17.9,2,23.1,2,22.7,2,23.4,1,26.8,1,25.9,2,22.3,2
2016-07-13 10:00:00,13.9,5,14.7,6,15.6,7,15.5,5,15.9,6,15.2,4,14.8,4,16.1,6,15.0,5,16.5,4,16.3,4,16.6,4,16.9,6,18.7,7,17.0,4,16.6,4,16.9,4,17.5,4,17.7,6,17.8,5,15.0,3,17.8,3,17.7,4,17.0,5.0,19.3,3,22.5,3,23.0,1,17.6,4,18.9,2,24.3,2,23.8,3,24.4,1,28.6,1,26.6,2,23.5,2
2016-07-13 11:00:00,14.2,4,15.0,5,16.2,7,15.9,5,16.3,6,15.6,4,15.3,4,16.7,6,15.4,5,17.0,4,16.7,4,17.0,3,17.1,5,19.0,7,17.6,4,17.2,5,17.5,5,18.0,4,18.1,5,18.1,5,15.7,3,18.3,4,18.2,4,17.5,4.0,20.0,4,23.0,3,23.9,1,18.3,5,19.8,3,25.3,2,24.7,3,25.1,1,29.8,1,27.0,1,24.5,3
2016-07-13 12:00:00,14.4,4,15.3,4,16.7,7,16.2,5,16.6,6,15.8,4,15.6,4,17.1,6,15.8,5,17.4,4,17.1,5,17.3,3,17.2,5,19.2,7,18.1,4,17.7,5,17.8,5,18.4,4,18.4,5,18.2,5,16.1,3,18.7,4,18.6,4,17.9,4.0,20.5,4,23.4,4,24.5,1,18.9,5,20.5,4,25.9,2,25.5,3,25.5,1,30.4,1,27.4,1,25.1,3
2016-07-13 13:00:00,14.7,4,15.7,4,17.1,7,16.4,5,16.9,6,16.0,4,15.8,4,17.4,6,16.1,5,17.7,5,17.5,5,17.5,4,17.3,6,19.3,7,18.3,5,18.2,5,17.9,5,18.7,5,18.8,5,18.2,5,16.4,3,19.0,5,19.0,4,18.4,4.0,20.7,4,23.8,3,25.0,1,19.3,6,21.1,5,26.3,2,26.2,3,25.7,1,30.7,1,27.8,1,25.3,3
2016-07-13 14:00:00,14.9,4,16.1,5,17.3,7,16.6,4,17.2,7,16.0,4,16.0,4,17.6,6,16.3,6,17.8,6,17.9,6,17.6,5,17.2,6,19.3,6,18.4,5,18.6,6,17.9,6,18.8,6,19.0,5,18.0,6,16.5,3,19.2,5,19.4,5,18.8,4.0,20.7,4,24.1,3,25.1,1,19.5,6,21.5,6,26.4,2,26.6,2,25.8,1,30.6,1,28.0,1,25.2,3
2016-07-13 15:00:00,15.3,6,16.8,7,17.4,7,17.1,5,17.7,6,16.2,2,16.0,4,18.1,5,17.1,6,18.4,6,18.6,6,18.3,4,17.5,5,19.1,5,18.7,5,19.4,5,17.8,4,19.0,4,18.9,5,18.2,6,16.6,6,18.6,6,19.4,4,18.1,6.0,20.0,6,23.8,3,24.4,1,18.8,7,20.6,6,25.7,2,26.1,3,25.5,1,28.5,1,27.6,1,24.4,6
2016-07-13 16:00:00,15.1,6,16.6,7,17.2,7,16.9,4,17.5,6,16.0,2,15.9,4,18.0,4,17.2,5,18.4,6,18.5,5,18.4,4,17.4,5,18.7,4,18.5,4,19.2,5,17.8,4,19.0,4,18.6,5,17.9,5,16.6,5,18.3,6,19.5,4,17.7,6.0,20.0,5,23.5,3,23.6,1,18.4,6,20.6,6,25.4,2,25.5,3,25.1,2,27.7,1,26.8,1,24.2,7
2016-07-13 17:00:00,14.8,5,15.9,7,16.9,7,16.6,3,16.8,6,15.5,2,15.7,3,17.6,3,17.2,5,18.2,5,18.3,4,18.1,4,17.1,5,18.1,3,18.2,3,18.7,5,17.6,4,18.6,3,18.0,4,17.4,4,16.3,5,17.8,6,19.3,4,16.8,5.0,19.8,4,23.0,3,22.4,1,17.8,6,20.4,6,24.8,2,24.6,4,24.6,2,26.7,1,25.9,1,23.9,7
2016-07-13 18:00:00,14.5,4,15.1,6,16.3,6,15.9,2,15.9,6,14.8,2,15.1,3,16.9,2,16.8,4,17.6,4,17.8,4,17.3,4,16.6,4,17.3,3,17.5,3,17.9,5,17.1,4,17.8,2,17.1,3,16.6,4,15.8,4,17.0,6,18.7,4,15.7,5.0,19.2,3,22.2,3,21.0,1,17.0,5,19.9,5,24.0,2,23.4,5,23.8,2,25.3,1,24.9,1,23.4,7
2016-07-13 19:00:00,14.2,3,14.2,5,15.5,6,14.9,2,14.8,6,13.9,2,14.1,2,15.9,2,16.0,3,16.7,4,17.2,3,15.9,5,15.9,4,16.4,3,16.4,2,16.9,4,16.2,4,16.4,2,15.8,2,15.5,4,15.1,4,16.1,6,17.7,5,14.3,5.0,18.1,2,21.1,3,19.7,1,16.0,5,18.9,5,22.8,2,22.0,4,22.8,2,23.6,1,24.1,1,22.6,6
2016-07-13 20:00:00,14.0,3,13.4,4,14.5,5,13.7,2,13.6,6,13.0,3,13.0,2,14.8,2,14.9,3,15.6,4,16.4,3,14.3,5,15.0,4,15.4,3,15.2,2,15.8,3,15.2,4,14.8,2,14.5,2,14.4,5,14.2,4,15.0,5,16.5,5,12.9,6.0,16.7,2,19.9,3,18.6,2,14.9,5,17.7,4,21.4,2,20.7,3,21.6,2,21.9,1,23.5,1,21.6,5
2016-07-13 21:00:00,13.8,3,12.8,3,14.0,5,12.9,2,12.8,6,12.7,3,12.2,2,13.8,2,14.4,4,14.8,4,15.8,3,13.2,5,14.5,4,14.8,3,14.1,2,14.8,3,14.3,4,14.0,2,13.8,2,13.8,5,13.4,4,14.4,5,15.9,5,12.2,6.0,15.7,2,19.2,3,17.7,2,14.3,4,17.0,4,20.5,2,19.9,3,20.8,2,20.4,1,22.9,1,20.9,5
2016-07-13 22:00:00,13.6,3,12.5,3,13.6,5,12.4,2,12.1,6,12.5,3,11.7,3,12.9,2,13.8,4,14.0,4,15.1,4,12.4,5,13.9,4,14.3,4,13.2,2,13.8,2,13.5,4,13.3,3,13.3,2,13.3,5,12.6,4,13.8,5,15.3,5,11.5,6.0,14.7,2,18.5,3,16.8,2,13.8,4,16.4,3,19.7,3,19.2,2,20.0,2,19.0,2,22.4,2,20.3,4
2016-07-13 23:00:00,13.6,3,12.3,3,13.2,5,12.1,3,11.7,6,12.3,3,11.3,3,12.2,3,13.3,4,13.3,4,14.5,4,12.0,5,13.4,4,13.8,4,12.5,3,13.0,3,12.8,4,12.7,3,12.8,3,12.8,5,12.1,5,13.3,5,14.8,5,10.9,6.0,14.0,2,18.0,3,16.1,3,13.4,5,15.8,3,18.9,3,18.6,2,19.3,3,17.7,2,21.9,2,19.7,4
2016-07-14 00:00:00,13.5,3,12.3,3,12.9,5,11.9,3,11.4,6,12.2,4,11.2,3,11.6,3,12.9,4,12.7,4,14.0,4,11.7,5,13.0,4,13.5,5,12.0,3,12.3,3,12.1,5,12.2,4,12.4,3,12.5,6,11.7,5,12.9,4,14.4,5,10.4,6.0,13.5,2,17.5,4,15.4,3,13.0,5,15.2,3,18.3,3,18.2,3,18.7,3,16.6,3,21.4,2,19.2,4
2016-07-14 01:00:00,13.4,3,12.3,3,12.7,5,11.8,4,11.3,5,12.1,4,11.1,4,11.3,4,12.5,4,12.3,5,13.7,4,11.6,6,12.7,5,13.2,5,11.8,4,11.9,4,11.7,5,11.9,4,12.2,4,12.3,6,11.5,5,12.5,4,14.0,5,10.0,5.0,13.1,3,17.2,4,15.0,4,12.8,5,14.8,3,17.8,4,17.9,3,18.2,4,15.6,3,21.0,3,18.9,4
2016-07-14 02:00:00,13.4,4,12.3,4,12.6,6,11.7,4,11.3,5,12.2,5,11.1,4,11.0,4,12.3,5,12.1,5,13.4,5,11.6,6,12.5,5,13.0,5,11.6,5,11.6,5,11.4,5,11.6,5,12.1,4,12.2,6,11.3,5,12.4,4,13.8,4,9.8,5.0,12.9,4,17.0,4,14.6,5,12.7,5,14.6,4,17.5,4,17.8,4,17.9,4,15.0,4,20.6,3,18.6,4
2016-07-14 03:00:00,13.0,3,12.4,4,12.1,5,11.4,2,11.1,5,11.3,4,10.7,3,11.1,2,11.7,4,12.1,5,13.1,5,11.4,5,12.0,7,12.3,7,11.0,2,11.1,2,10.5,4,10.1,4,11.1,6,10.9,7,9.7,3,11.0,4,12.4,6,8.9,7.0,12.5,3,14.9,2,13.2,2,11.5,4,13.2,4,16.2,2,15.9,2,16.5,1,15.9,1,20.3,1,16.7,4
2016-07-14 04:00:00,12.9,3,12.3,3,12.2,6,11.5,2,11.3,5,11.3,4,10.9,2,11.1,2,11.7,5,12.1,5,12.9,5,11.5,5,12.1,7,12.6,7,10.8,2,11.0,2,10.2,3,10.1,4,11.4,6,11.3,7,9.3,3,10.9,4,12.4,6,8.7,7.0,12.4,3,15.1,2,13.2,2,11.3,4,12.9,4,16.1,2,16.0,2,16.4,2,15.8,1,20.4,1,16.5,5
2016-07-14 05:00:00,12.9,3,12.4,3,12.6,6,11.8,2,11.7,5,11.6,5,11.4,2,11.3,2,11.9,5,12.4,6,13.0,6,11.9,6,12.5,7,13.4,7,11.0,2,11.3,2,10.3,3,10.6,4,12.1,7,12.0,7,9.2,4,11.2,5,12.7,6,8.9,7.0,12.7,4,15.6,2,13.5,2,11.3,4,12.8,4,16.4,2,16.5,2,16.7,2,16.2,1,20.8,1,16.7,5
2016-07-14 06:00:00,13.1,3,12.8,3,13.2,6,12.5,2,12.5,5,12.2,5,12.2,3,11.9,2,12.4,6,13.1,6,13.5,6,12.7,6,13.1,7,14.3,7,11.7,2,12.1,2,11.0,3,11.6,4,13.1,7,12.8,7,9.7,4,12.0,5,13.2,6,9.6,7.0,13.4,4,16.4,2,14.3,2,11.9,4,13.3,4,17.2,2,17.3,2,17.5,2,17.4,1,21.4,1,17.3,5
2016-07-14 07:00:00,13.5,3,13.8,3,14.2,6,13.6,2,13.3,5,13.1,4,13.4,3,13.0,3,12.5,5,13.9,6,13.5,6,13.4,6,14.0,6,15.1,7,13.1,2,13.5,2,12.4,2,13.0,3,14.2,6,13.5,7,10.9,3,13.2,4,13.9,7,10.7,7.0,14.7,4,17.5,2,15.7,2,13.2,4,14.4,4,18.6,2,18.5,2,18.6,2,19.4,1,22.2,1,18.4,5
2016-07-14 08:00:00,13.9,3,15.0,3,15.4,6,14.8,2,14.7,5,14.3,3,14.7,3,14.5,3,13.9,5,15.5,5,15.1,5,14.8,6,15.0,6,15.8,7,14.8,2,15.1,2,14.1,2,14.6,2,15.4,6,14.2,7,12.4,2,14.5,4,14.8,7,12.1,7.0,16.3,3,18.7,2,17.4,1,14.9,4,16.0,3,20.3,2,19.9,2,19.9,1,21.8,1,23.1,1,19.9,4
2016-07-14 09:00:00,14.4,3,16.1,3,16.6,5,16.0,2,16.1,4,15.4,3,15.8,4,15.9,3,15.3,4,17.0,4,16.7,4,16.2,5,16.0,5,16.4,7,16.5,2,16.7,2,15.7,2,16.1,2,16.5,6,14.9,7,13.9,2,15.8,3,15.6,6,13.5,7.0,18.0,2,19.8,2,19.1,1,16.5,4,17.6,3,22.0,2,21.3,2,21.2,1,24.1,1,24.0,1,21.5,4
2016-07-14 10:00:00,14.8,3,16.8,3,17.7,4,16.9,2,17.3,4,16.3,2,16.6,4,17.1,4,16.4,3,18.1,3,18.0,3,17.3,4,16.8,4,16.9,6,17.9,2,17.9,2,16.9,3,17.2,2,17.5,5,15.7,7,15.0,2,16.8,3,16.4,6,14.6,7.0,19.5,2,20.7,2,20.6,1,17.8,4,19.0,3,23.4,1,22.5,2,22.4,1,26.0,1,24.8,1,22.9,3
2016-07-14 11:00:00,15.1,3,17.2,3,18.5,4,17.6,3,18.1,3,17.0,2,17.1,4,18.0,4,17.4,3,19.0,3,19.0,3,18.2,4,17.5,3,17.2,5,18.9,3,18.8,2,17.7,4,18.0,3,18.3,4,16.6,7,15.7,2,17.6,3,17.1,5,15.5,7.0,20.6,2,21.5,3,21.7,1,18.7,4,20.1,3,24.5,1,23.5,2,23.3,1,27.4,1,25.5,1,24.1,3
2016-07-14 12:00:00,15.4,4,17.5,3,19.2,4,18.1,3,18.8,3,17.4,3,17.4,4,18.6,4,18.1,2,19.5,3,19.6,3,18.7,4,18.0,3,17.6,5,19.5,3,19.4,2,18.2,5,18.6,3,19.0,3,17.2,7,16.3,2,18.2,3,17.8,5,16.3,6.0,21.4,2,22.1,3,22.6,2,19.3,4,21.0,4,25.3,1,24.4,2,24.0,1,28.2,1,26.0,1,24.8,2
2016-07-14 13:00:00,15.6,3,17.8,2,19.7,4,18.4,3,19.2,3,17.6,3,17.7,4,19.0,4,18.5,3,19.9,3,20.0,3,19.0,4,18.4,3,18.0,6,19.8,3,19.9,3,18.6,5,19.1,3,19.6,4,17.6,7,16.9,2,18.7,3,18.5,4,17.2,6.0,21.8,2,22.6,3,23.2,2,19.8,5,21.7,3,25.8,1,25.2,1,24.4,1,28.6,1,26.3,1,25.0,2
2016-07-14 14:00:00,15.8,3,18.0,2,19.9,5,18.5,3,19.5,4,17.7,3,17.8,4,19.3,4,18.8,4,20.1,4,20.3,4,19.4,4,18.8,4,18.4,6,20.0,3,20.3,3,18.8,5,19.6,3,19.9,4,17.7,7,17.4,2,19.1,4,19.2,4,17.9,6.0,22.0,2,23.0,2,23.5,1,20.1,5,22.3,3,26.0,1,25.7,1,24.5,1,28.6,1,26.3,1,25.0,2
2016-07-14 15:00:00,15.6,3,17.6,3,19.2,5,18.1,2,19.2,5,17.6,2,17.6,3,18.9,3,18.3,3,19.6,4,19.9,4,19.3,6,18.4,5,19.4,6,19.6,3,20.0,4,18.4,4,19.3,5,19.4,6,18.1,6,17.5,3,18.6,5,19.0,6,18.1,7.0,21.3,2,22.9,2,23.4,1,19.2,6,21.6,2,25.5,2,25.7,2,24.5,1,27.3,1,26.1,2,24.2,3
2016-07-14 16:00:00,15.5,3,17.4,3,18.9,4,17.9,2,19.2,4,17.4,2,17.5,2,19.1,3,18.4,3,19.7,4,19.9,3,19.5,5,18.6,5,19.3,6,19.6,2,20.1,4,18.7,3,19.5,4,19.3,4,18.0,6,17.8,3,18.6,4,19.2,5,17.3,7.0,21.3,2,22.6,2,22.6,2,19.2,5,21.7,2,25.0,2,24.9,2,24.1,1,26.6,1,25.6,2,24.1,2
2016-07-14 17:00:00,15.3,2,16.8,2,18.4,3,17.5,2,18.7,3,16.9,2,17.1,2,19.0,2,18.4,2,19.5,3,19.7,3,19.3,3,18.5,4,19.0,4,19.3,2,19.9,4,18.7,2,19.3,3,18.8,3,17.7,5,17.8,2,18.4,3,19.0,5,16.1,7.0,21.1,2,22.0,2,21.5,2,18.8,4,21.6,1,24.2,3,23.7,2,23.4,1,25.6,1,24.9,3,23.8,2
2016-07-14 18:00:00,15.1,2,15.9,2,17.5,2,16.7,1,17.7,2,16.2,1,16.4,2,18.4,2,18.0,2,19.0,2,19.2,2,18.4,2,18.0,4,18.2,3,18.6,1,19.2,3,18.3,2,18.5,2,17.9,2,16.9,4,17.3,2,17.8,3,18.5,5,14.7,6.0,20.4,2,21.2,1,20.2,2,18.1,3,21.0,1,23.3,3,22.4,1,22.6,1,24.4,1,24.2,3,23.4,1
2016-07-14 19:00:00,14.8,2,14.8,2,16.3,2,15.4,1,16.1,2,15.4,1,15.3,1,17.2,2,17.1,2,18.0,2,18.5,2,16.7,1,17.0,3,17.0,3,17.3,1,17.9,3,17.3,2,16.9,1,16.5,2,15.7,3,16.4,1,16.8,3,17.5,5,13.4,6.0,19.0,2,20.2,1,19.1,1,17.0,3,20.0,1,22.3,2,21.2,1,21.6,1,23.0,1,23.5,3,22.7,1
2016-07-14 20:00:00,14.5,2,13.7,2,15.1,2,14.0,2,14.3,2,14.5,2,14.1,1,15.6,2,15.8,1,16.6,2,17.7,2,14.7,2,15.7,2,15.7,3,15.8,1,16.4,2,16.1,2,15.0,1,15.0,2,14.3,4,15.2,1,15.6,3,16.3,4,12.2,5.0,17.4,2,19.2,1,18.1,1,15.6,3,18.6,1,21.2,2,20.2,1,20.6,1,21.6,1,22.9,3,21.9,1
2016-07-14 21:00:00,14.2,2,12.8,2,14.1,2,12.9,2,12.8,2,14.0,2,13.2,2,14.3,2,14.5,2,15.4,2,16.8,2,13.2,2,14.8,3,14.7,4,14.4,2,15.0,2,14.8,2,13.4,2,13.9,1,13.3,4,14.1,1,14.5,3,15.4,4,11.4,5.0,15.9,2,18.3,1,17.1,1,14.3,3,17.4,2,20.1,2,19.1,1,19.8,1,20.1,1,22.3,3,21.0,2
2016-07-14 22:00:00,14.0,2,12.4,3,13.3,2,12.1,2,11.8,3,13.5,2,12.6,2,13.2,2,13.4,2,14.2,3,15.9,2,12.4,2,13.9,3,13.9,4,13.5,3,13.9,2,13.8,2,12.4,2,13.0,1,12.5,4,13.3,1,13.6,3,14.5,4,10.7,5.0,14.9,2,17.4,1,16.2,1,13.3,3,16.2,2,19.2,2,18.3,1,19.1,1,18.7,1,21.6,4,20.3,2
2016-07-14 23:00:00,13.8,2,12.3,3,12.8,2,11.7,3,11.3,3,13.2,3,12.2,3,12.3,3,12.6,3,13.3,3,15.1,3,12.2,2,13.1,3,13.3,4,12.9,3,13.2,3,13.0,3,11.8,2,12.3,2,12.0,4,12.7,1,13.0,4,13.8,4,10.3,5.0,14.3,2,16.8,1,15.4,1,12.7,3,15.3,2,18.3,1,17.6,1,18.5,1,17.3,1,21.0,4,19.6,2
2016-07-15 00:00:00,13.7,3,12.3,4,12.5,3,11.5,3,11.1,4,13.0,3,11.9,3,11.7,3,12.1,3,12.7,4,14.4,3,12.1,3,12.5,4,12.9,5,12.5,4,12.6,3,12.4,3,11.6,3,11.9,2,11.6,5,12.3,1,12.5,4,13.3,3,9.8,5.0,13.9,3,16.3,1,14.7,1,12.3,3,14.7,2,17.6,1,17.1,1,17.9,1,16.1,1,20.4,4,19.0,2
2016-07-15 01:00:00,13.6,3,12.3,4,12.3,4,11.6,4,11.1,4,12.8,4,11.7,4,11.3,4,11.8,4,12.2,4,13.9,4,12.0,3,12.1,4,12.6,5,12.1,4,12.1,3,11.8,4,11.4,4,11.6,3,11.4,5,12.0,2,12.1,5,13.0,3,9.4,5.0,13.5,3,16.1,1,14.0,1,12.3,3,14.2,3,17.1,1,16.8,1,17.5,1,15.2,1,20.0,3,18.5,2
2016-07-15 02:00:00,13.5,4,12.3,5,12.2,5,11.7,4,11.1,5,12.6,4,11.6,5,11.1,4,11.6,5,12.0,5,13.5,4,11.7,4,12.0,5,12.5,6,11.9,5,11.6,4,11.4,4,11.3,4,11.5,3,11.4,5,11.7,2,11.9,5,12.9,3,9.1,5.0,13.2,3,16.0,1,13.5,1,12.3,4,13.9,3,16.7,1,16.7,1,17.2,1,14.5,1,19.6,2,18.1,2
2016-07-15 03:00:00,13.2,1,12.0,3,11.7,4,10.8,2,10.4,2,12.3,2,11.4,1,11.0,2,11.3,1,11.6,1,13.1,1,10.5,2,11.5,4,11.7,4,11.5,1,11.1,1,10.4,1,9.6,2,10.5,2,10.6,6,10.6,1,10.3,3,12.0,3,8.5,4.0,12.6,1,14.7,1,12.8,1,11.5,2,12.9,1,16.0,1,15.6,1,15.8,1,14.9,1,20.0,3,17.7,2
2016-07-15 04:00:00,13.3,1,11.9,4,11.7,5,11.0,2,10.6,2,12.3,2,11.6,2,11.1,2,11.2,1,11.6,1,12.8,2,10.6,2,11.6,4,12.0,4,11.4,1,11.1,1,10.2,1,9.7,2,10.9,2,10.9,6,10.3,1,10.6,4,12.1,4,8.4,3.0,12.5,1,14.8,1,12.8,1,11.2,2,12.5,1,15.9,1,15.7,1,15.8,1,15.0,1,20.2,2,17.5,1
2016-07-15 05:00:00,13.5,1,12.1,4,12.0,5,11.5,2,11.2,3,12.4,3,12.1,2,11.6,2,11.4,1,11.9,2,12.8,2,11.1,2,12.0,5,12.8,5,11.6,1,11.5,1,10.4,1,10.4,2,11.8,3,11.7,6,10.2,1,11.2,5,12.5,4,8.7,3.0,12.8,1,15.2,1,13.2,1,11.3,2,12.5,1,16.2,1,16.3,1,16.1,1,15.8,1,20.6,2,17.7,1
2016-07-15 06:00:00,13.8,1,12.7,3,12.7,5,12.4,2,12.3,3,13.0,3,13.0,2,12.4,2,12.1,2,12.8,2,13.4,2,12.1,2,12.7,5,13.9,5,12.4,1,12.5,1,11.3,1,11.6,2,13.0,3,12.7,6,10.8,2,12.3,5,13.2,5,9.5,3.0,13.7,1,16.1,1,14.2,1,12.0,2,13.1,1,17.1,1,17.3,1,17.0,1,17.2,1,21.3,2,18.4,1
2016-07-15 07:00:00,14.3,1,13.9,3,14.0,5,13.8,2,13.8,4,14.1,2,14.2,2,13.7,2,13.4,2,14.3,2,14.8,2,13.5,2,13.8,5,15.0,5,13.9,1,14.1,1,12.9,1,13.4,2,14.4,3,13.9,6,12.2,1,13.7,4,14.2,4,11.0,3.0,15.4,1,17.5,1,15.8,1,13.5,2,14.6,1,18.8,1,18.9,1,18.4,1,19.3,1,22.2,2,19.7,1
2016-07-15 08:00:00,14.8,1,15.4,2,15.6,5,15.4,2,15.4,4,15.4,2,15.6,2,15.3,2,15.1,2,16.2,2,16.6,2,15.1,2,15.1,5,16.1,4,15.7,1,15.9,1,14.9,1,15.3,2,15.8,3,15.1,5,14.0,1,15.2,3,15.3,3,12.9,3.0,17.4,1,19.1,1,17.7,1,15.5,1,16.5,1,21.0,1,20.8,1,20.2,1,21.7,1,23.2,2,21.4,1
2016-07-15 09:00:00,15.2,2,16.9,2,17.2,5,16.8,2,16.9,4,16.7,1,16.8,2,16.8,2,16.8,2,18.0,2,18.3,2,16.7,2,16.3,6,17.1,4,17.5,1,17.7,1,16.8,1,17.2,2,17.1,2,16.3,5,15.7,1,16.6,2,16.5,2,14.9,3.0,19.5,1,20.8,1,19.8,1,17.5,1,18.5,1,23.1,1,22.6,1,22.0,1,24.2,1,24.3,1,23.1,1
2016-07-15 10:00:00,15.5,2,18.0,2,18.4,4,17.8,2,18.1,3,17.7,1,17.7,2,18.1,2,18.1,2,19.4,2,19.6,2,18.0,2,17.2,6,17.8,4,19.0,2,19.1,1,18.2,1,18.6,1,18.2,2,17.3,5,16.9,1,17.8,2,17.6,2,16.8,3.0,21.2,1,22.2,2,21.7,1,19.0,1,20.1,1,24.8,1,24.1,1,23.7,1,26.3,1,25.3,1,24.6,1
2016-07-15 11:00:00,15.8,2,18.7,2,19.4,4,18.4,2,18.9,3,18.3,1,18.2,2,19.2,2,19.1,2,20.5,2,20.5,2,19.1,3,17.9,6,18.4,4,20.1,2,20.2,2,19.1,1,19.7,2,19.2,2,18.0,5,17.8,1,18.8,2,18.6,2,18.3,3.0,22.4,1,23.3,2,23.3,1,20.2,2,21.3,1,26.1,1,25.3,1,25.1,1,27.9,1,26.1,1,25.8,1
2016-07-15 12:00:00,16.0,2,19.2,2,20.1,4,18.8,2,19.6,3,18.8,1,18.6,2,20.0,2,19.8,2,21.2,2,21.2,2,19.9,3,18.5,6,18.8,5,21.0,2,21.0,2,19.8,2,20.4,2,20.0,2,18.6,5,18.5,1,19.7,2,19.5,2,19.5,3.0,23.2,1,24.2,2,24.6,1,21.0,2,22.3,1,27.0,1,26.3,1,26.2,1,29.0,1,26.7,1,26.6,1
2016-07-15 13:00:00,16.3,2,19.5,2,20.7,4,19.1,2,20.2,3,19.2,2,18.9,2,20.6,2,20.3,2,21.7,2,21.7,2,20.4,4,19.1,6,19.2,5,21.6,2,21.6,2,20.3,2,21.0,2,20.7,2,19.0,5,19.2,1,20.4,2,20.3,3,20.2,3.0,23.6,1,24.8,2,25.4,1,21.6,2,23.2,1,27.5,1,27.1,1,26.8,1,29.4,1,26.9,1,27.1,1
2016-07-15 14:00:00,16.5,2,19.5,2,21.0,5,19.4,2,20.7,5,19.4,1,19.2,2,21.1,2,20.6,2,22.0,2,22.1,2,20.8,4,19.6,6,19.6,6,22.0,2,22.1,2,20.7,2,21.4,2,21.3,2,19.3,5,19.8,1,20.9,2,21.0,3,20.4,3.0,23.8,1,25.1,2,25.8,1,22.0,2,23.9,1,27.6,1,27.6,1,27.0,1,29.4,1,26.9,2,27.3,1
2016-07-15 15:00:00,16.7,2,19.6,3,22.1,4,20.1,2,21.5,2,19.7,1,19.5,2,21.7,2,21.0,3,22.1,3,22.3,3,21.4,3,21.0,3,21.0,4,22.2,2,22.5,2,21.0,2,21.7,3,22.1,3,20.3,3,20.1,1,21.3,3,22.2,3,20.7,3.0,24.6,1,25.6,1,26.0,1,22.4,2,24.5,1,27.7,1,28.2,1,26.9,1,28.6,1,26.9,1,27.3,1
2016-07-15 16:00:00,16.5,2,19.2,2,21.8,4,19.9,2,21.6,2,19.6,1,19.4,2,22.1,2,21.1,2,22.2,3,22.3,3,21.7,3,21.2,4,21.3,4,22.4,1,22.8,2,21.3,2,21.9,3,22.1,3,20.7,2,20.3,1,21.4,2,22.3,3,19.9,3.0,24.8,1,25.4,1,25.7,1,22.6,1,24.8,1,27.7,1,27.8,1,26.6,1,28.3,1,26.5,1,27.4,1
2016-07-15 17:00:00,16.1,2,18.5,2,21.0,4,19.4,1,21.2,2,19.2,1,18.9,2,22.2,2,20.9,2,22.0,2,22.1,2,21.7,2,21.0,4,21.1,3,22.4,1,22.8,1,21.3,1,21.8,2,21.7,2,20.8,2,20.3,1,21.1,2,22.0,2,18.9,2.0,24.6,1,24.9,1,25.0,1,22.5,1,24.7,1,27.5,1,27.0,1,26.1,1,27.8,1,25.9,1,27.3,1
2016-07-15 18:00:00,15.8,2,17.6,2,20.0,4,18.6,1,20.2,2,18.4,1,18.1,2,21.7,2,20.4,2,21.5,2,21.7,2,20.9,2,20.3,4,20.4,2,21.7,1,22.1,1,20.9,1,20.8,1,20.7,1,20.0,2,19.8,1,20.3,1,21.2,1,17.6,2.0,24.0,1,24.2,1,24.0,1,21.6,1,24.1,1,26.8,1,25.8,1,25.4,1,26.8,1,25.2,1,26.7,1
2016-07-15 19:00:00,15.5,2,16.5,2,18.7,3,17.3,1,18.4,2,17.2,1,16.8,2,20.4,2,19.5,2,20.4,2,21.0,2,19.0,2,18.9,3,19.0,2,20.3,1,20.7,1,19.8,1,18.6,1,19.1,1,18.2,2,18.8,1,18.9,1,20.0,1,16.2,1.0,22.7,1,23.1,1,22.6,1,19.9,1,22.9,1,25.4,1,24.3,1,24.3,1,25.2,1,24.4,1,25.5,1
2016-07-15 20:00:00,15.2,2,15.3,2,17.4,2,15.8,1,16.3,2,16.0,1,15.4,1,18.6,1,18.2,2,19.1,2,20.1,2,16.5,2,17.1,2,17.3,2,18.5,1,18.9,1,18.4,1,16.0,1,17.2,1,15.9,2,17.6,1,17.2,1,18.5,1,14.8,1.0,21.0,1,21.9,1,21.1,1,17.8,1,21.3,1,23.6,1,22.7,1,23.0,1,23.2,1,23.6,1,24.0,1
2016-07-15 21:00:00,15.1,2,14.6,2,16.6,2,14.6,2,14.7,2,15.1,1,14.3,2,16.9,1,17.1,2,17.7,2,19.2,2,14.6,2,15.6,2,15.8,1,17.0,1,17.3,1,16.9,1,13.8,1,15.6,1,14.3,1,16.5,1,15.6,1,17.2,1,13.6,1.0,19.5,1,20.6,1,19.6,1,16.0,1,19.6,1,22.0,1,21.2,1,21.8,1,21.6,1,22.9,1,22.8,1
2016-07-15 22:00:00,15.0,2,14.1,2,15.8,2,13.6,2,13.5,3,14.4,1,13.7,2,15.6,1,16.0,3,16.4,2,18.2,2,13.4,2,14.3,2,14.5,1,15.9,1,16.0,1,15.6,1,12.4,1,14.5,1,12.9,1,15.7,1,14.4,1,16.1,1,12.6,2.0,18.3,1,19.4,1,18.3,1,14.8,1,18.1,1,20.6,1,20.0,1,20.7,1,20.1,2,22.2,1,21.7,1
2016-07-15 23:00:00,14.9,3,13.8,3,15.1,2,13.1,3,12.7,3,14.0,1,13.5,2,14.5,1,15.0,3,15.3,3,17.1,3,12.8,2,13.2,2,13.6,1,15.3,1,15.1,1,14.6,1,11.9,1,13.7,1,12.1,1,15.0,1,13.7,1,15.1,2,11.8,2.0,17.4,1,18.4,1,17.1,1,14.2,1,16.9,1,19.5,1,19.2,1,19.8,1,18.7,2,21.6,1,20.8,1
2016-07-16 00:00:00,14.8,3,13.6,3,14.5,3,12.8,3,12.2,4,13.8,2,13.3,3,13.8,2,14.2,4,14.5,3,16.2,3,12.5,3,12.6,2,13.0,2,14.8,1,14.3,1,13.7,1,11.8,1,13.1,1,11.6,2,14.5,1,13.2,1,14.5,2,11.2,2.0,16.6,1,17.7,1,16.2,1,14.0,1,16.0,1,18.7,1,18.6,1,19.1,1,17.5,2,21.0,2,20.0,1
2016-07-16 01:00:00,14.7,4,13.4,4,14.1,4,12.8,4,12.0,4,13.7,2,13.2,3,13.3,2,13.6,4,13.8,4,15.3,4,12.5,3,12.4,2,12.7,3,14.4,1,13.8,1,12.9,2,11.8,1,12.6,1,11.5,3,13.9,1,12.9,1,14.1,2,10.6,3.0,15.9,1,17.1,1,15.5,2,13.9,1,15.4,1,18.0,1,18.2,1,18.5,1,16.6,3,20.5,3,19.3,1
2016-07-16 02:00:00,14.6,5,13.2,5,13.8,5,12.9,5,12.1,5,13.7,2,13.0,3,12.9,2,13.2,5,13.5,5,14.6,5,12.5,3,12.5,3,12.7,4,13.9,1,13.3,1,12.4,2,11.8,1,12.2,1,11.6,4,13.3,1,12.8,1,14.0,2,10.2,3.0,15.2,1,16.8,1,15.0,3,13.7,1,14.9,1,17.6,1,18.0,1,18.2,2,15.9,3,20.1,4,18.7,1
2016-07-16 03:00:00,14.9,6,13.4,5,13.9,5,12.6,2,12.5,1,13.5,1,13.0,2,12.5,2,13.5,1,13.8,1,15.4,1,12.0,1,12.4,1,12.3,2,13.5,1,13.3,1,11.8,1,10.8,1,11.7,1,11.1,1,13.0,1,11.6,2,12.8,1,9.6,1.0,14.6,1,16.1,1,14.4,1,12.5,1,13.5,1,17.2,1,17.2,1,17.4,1,15.7,1,20.9,1,18.8,1
2016-07-16 04:00:00,15.0,6,13.6,6,14.1,5,12.9,2,12.7,1,13.3,1,13.0,2,12.5,2,13.5,1,13.9,1,15.2,1,12.3,1,12.7,1,12.7,2,13.4,1,13.4,1,11.8,1,10.9,1,12.1,1,11.5,2,12.6,1,11.8,2,12.9,1,9.5,1.0,14.4,1,16.0,1,14.5,1,12.2,1,13.2,1,16.9,1,17.2,1,17.6,1,16.0,1,20.9,1,18.4,1
2016-07-16 05:00:00,15.2,6,14.1,6,14.6,5,13.4,2,13.4,1,13.5,1,13.4,2,12.9,2,13.8,1,14.3,1,15.4,1,13.2,1,13.3,1,13.7,2,13.8,1,13.9,1,12.3,1,11.6,1,13.0,1,12.3,2,12.5,1,12.4,3,13.3,2,9.9,1.0,14.6,1,16.3,1,14.9,1,12.2,1,13.3,1,17.1,1,17.6,1,18.3,1,17.0,1,21.2,1,18.4,1
2016-07-16 06:00:00,15.5,6,15.0,6,15.4,6,14.4,2,14.5,1,14.2,1,14.3,2,13.9,2,14.6,1,15.2,1,16.0,1,14.5,1,14.3,2,15.0,2,14.8,1,15.1,1,13.4,1,13.0,1,14.4,1,13.6,2,13.1,1,13.6,3,14.1,2,10.9,2.0,15.5,1,17.1,1,15.9,1,13.1,1,14.2,1,18.1,1,18.6,1,19.3,1,18.6,1,21.8,1,19.2,1
2016-07-16 07:00:00,15.9,6,16.3,6,16.6,6,15.9,2,16.2,2,15.7,1,15.7,2,15.7,2,15.9,1,16.7,1,17.3,1,16.2,1,15.8,2,16.6,2,16.6,1,16.9,1,15.3,1,15.1,1,16.1,1,15.2,2,14.6,1,15.3,3,15.3,2,12.6,2.0,17.3,1,18.6,1,17.5,1,15.1,1,15.8,1,20.1,1,20.3,1,20.6,1,20.7,1,22.8,1,20.9,1
2016-07-16 08:00:00,16.3,6,17.8,6,17.9,6,17.6,1,18.1,2,17.5,1,17.4,2,17.9,1,17.6,2,18.5,2,18.9,1,18.0,1,17.5,2,18.2,2,18.8,2,19.0,1,17.5,1,17.6,1,17.9,2,17.0,2,16.6,1,17.2,2,16.7,2,14.8,1.0,19.6,1,20.5,1,19.5,1,17.7,1,17.9,1,22.5,1,22.4,1,22.1,1,23.1,1,24.1,1,23.2,1
2016-07-16 09:00:00,16.7,6,19.1,5,19.2,6,19.2,2,19.8,2,19.3,1,18.9,2,20.0,1,19.2,2,20.3,2,20.5,2,19.7,1,19.1,2,19.7,2,20.8,2,21.0,1,19.6,1,19.9,1,19.7,2,18.7,2,18.5,1,19.0,2,18.3,1,17.2,1.0,21.8,1,22.5,1,21.6,1,20.1,1,20.1,1,24.9,1,24.4,1,23.8,1,25.6,1,25.3,1,25.3,1
2016-07-16 10:00:00,17.0,5,20.0,5,20.2,6,20.4,2,21.1,2,20.6,1,20.0,2,21.5,1,20.6,2,21.7,2,21.8,2,21.1,1,20.4,1,20.9,2,22.2,2,22.4,1,21.2,1,21.6,1,21.2,1,20.1,2,19.9,1,20.6,1,19.8,1,19.5,1.0,23.6,1,24.2,1,23.7,1,21.9,1,22.1,1,26.6,1,26.1,1,25.5,1,27.9,1,26.3,1,26.9,1
2016-07-16 11:00:00,17.2,5,20.6,5,21.0,5,21.2,3,21.9,2,21.4,1,20.6,2,22.5,1,21.6,3,22.7,2,22.7,3,22.3,2,21.3,1,21.9,2,23.1,1,23.4,1,22.2,1,22.8,1,22.4,1,21.1,2,20.9,1,21.8,1,21.2,1,21.4,1.0,25.0,1,25.6,1,25.4,1,23.0,1,23.8,1,27.8,1,27.4,1,27.0,1,29.9,1,27.1,1,27.8,1
2016-07-16 12:00:00,17.4,5,20.9,5,21.7,5,21.7,3,22.6,2,21.9,1,21.1,2,23.2,1,22.4,3,23.5,3,23.5,3,23.1,2,22.1,1,22.6,2,23.7,1,24.1,1,23.0,1,23.6,1,23.4,1,21.9,2,21.7,1,22.8,2,22.4,1,22.9,2.0,25.9,1,26.6,1,26.8,1,23.8,1,25.1,1,28.4,1,28.5,1,28.2,1,31.1,1,27.5,1,28.4,1
2016-07-16 13:00:00,17.6,4,21.2,4,22.3,5,22.0,3,23.2,3,22.2,1,21.5,2,23.7,2,23.0,3,24.1,3,24.1,4,23.7,2,22.8,2,23.2,2,24.2,1,24.7,1,23.6,1,24.2,1,24.1,1,22.5,2,22.5,1,23.6,2,23.3,1,23.7,2.0,26.5,1,27.3,1,27.6,1,24.4,1,26.1,1,28.7,1,29.3,1,28.8,1,31.5,1,27.6,1,28.6,1
2016-07-16 14:00:00,17.7,4,21.3,4,22.8,4,22.2,2,23.7,4,22.4,1,21.7,1,24.0,2,23.3,3,24.5,3,24.6,4,24.1,2,23.5,2,23.7,2,24.7,1,25.1,2,24.0,1,24.5,1,24.5,1,22.9,2,23.3,1,24.1,2,23.9,1,23.9,2.0,26.9,1,27.8,1,28.0,1,24.8,1,26.7,1,28.7,1,29.9,1,29.0,1,31.3,1,27.4,1,28.7,1
2016-07-16 15:00:00,17.9,6,21.4,5,23.9,6,22.6,2,24.2,3,22.4,1,21.3,2,24.3,2,23.7,2,24.6,2,24.8,2,24.6,2,24.2,4,24.2,3,25.1,1,25.4,2,24.2,2,24.8,2,25.1,2,23.4,4,23.5,1,24.2,2,24.8,1,23.5,2.0,27.6,1,28.1,1,28.7,1,25.3,1,27.5,1,28.3,1,30.3,1,29.0,1,30.7,1,26.7,1,28.6,1
2016-07-16 16:00:00,17.7,5,21.2,4,23.8,5,22.5,2,24.3,3,21.8,1,21.1,2,24.4,2,23.8,2,24.7,2,24.9,2,24.8,2,24.4,4,24.4,3,25.4,1,25.6,2,24.4,2,25.0,2,25.1,2,23.6,5,23.7,1,24.4,2,24.8,1,22.8,2.0,27.8,1,28.0,1,28.4,1,25.4,1,27.8,1,28.0,1,29.8,1,28.7,1,30.2,1,26.5,1,28.5,1
2016-07-16 17:00:00,17.4,4,20.8,3,23.2,4,22.0,2,24.0,2,20.9,1,20.6,2,24.2,2,23.7,2,24.5,2,24.8,2,24.7,2,24.3,3,24.3,4,25.4,1,25.4,2,24.2,2,24.8,2,24.7,2,23.4,5,23.4,1,24.2,1,24.6,1,21.8,2.0,27.6,1,27.6,1,27.6,1,25.1,1,27.7,1,27.6,1,28.9,1,28.2,1,29.4,1,26.2,1,28.2,1
2016-07-16 18:00:00,17.1,3,19.9,2,22.3,3,21.1,2,23.0,2,19.7,2,19.7,2,23.5,2,23.2,2,23.9,2,24.3,2,23.7,2,23.5,3,23.5,4,24.7,1,24.7,2,23.6,2,23.7,1,23.7,2,22.4,4,22.8,1,23.4,1,23.9,1,20.6,2.0,26.9,1,26.7,1,26.4,1,24.1,1,27.0,1,26.8,1,27.6,1,27.2,1,28.2,1,25.7,1,27.4,1
2016-07-16 19:00:00,16.8,3,18.6,2,21.0,3,19.6,2,21.2,2,18.4,2,18.4,2,22.2,2,22.2,2,22.7,2,23.4,2,21.6,2,22.0,2,22.0,4,23.3,1,23.3,2,22.4,2,21.5,1,22.0,2,20.4,3,21.7,1,21.9,1,22.7,1,19.1,1.0,25.5,1,25.4,1,24.8,1,22.2,1,25.7,1,25.7,1,26.0,1,25.8,1,26.3,1,25.1,1,26.0,1
2016-07-16 20:00:00,16.6,4,17.2,3,19.5,3,17.9,2,19.2,2,17.1,2,17.1,2,20.5,2,20.9,2,21.3,2,22.3,2,19.0,2,20.1,2,20.0,3,21.5,2,21.6,1,21.0,1,18.9,1,20.1,1,18.0,2,20.5,1,20.1,1,21.3,1,17.6,1.0,23.7,1,23.8,1,23.0,1,20.0,1,24.0,1,24.3,1,24.2,1,24.1,1,24.0,1,24.4,1,24.3,1
2016-07-16 21:00:00,16.4,4,16.3,3,18.8,3,16.6,2,17.7,2,16.2,2,15.9,2,18.9,2,19.6,2,19.9,2,21.3,2,16.9,2,18.5,2,18.4,3,19.8,1,20.2,1,19.5,2,16.7,1,18.4,2,16.1,2,19.3,1,18.3,1,19.8,1,16.1,1.0,21.9,1,22.4,1,21.4,1,18.2,1,22.2,1,23.4,1,22.8,1,23.2,1,22.2,1,23.7,1,23.1,1
2016-07-16 22:00:00,16.1,4,15.6,3,18.0,3,15.5,3,16.5,3,15.4,2,15.2,3,17.5,2,18.4,2,18.7,2,20.3,2,15.8,3,17.1,3,17.0,3,18.6,1,18.9,1,18.2,2,15.3,1,17.2,2,14.7,1,18.4,1,17.0,1,18.6,1,14.8,1.0,20.5,1,21.3,1,19.9,1,16.8,1,20.4,1,22.5,1,21.5,1,22.2,1,20.5,1,23.0,1,22.2,1
2016-07-16 23:00:00,16.0,4,15.3,3,17.3,3,14.8,3,15.7,3,14.8,2,14.8,4,16.4,1,17.3,3,17.7,3,19.3,2,15.5,3,16.0,3,16.0,4,17.9,1,17.8,1,17.2,3,14.8,1,16.3,2,13.9,1,17.7,1,16.1,1,17.7,1,13.8,1.0,19.5,1,20.4,1,18.5,1,15.9,1,19.0,1,21.6,1,20.5,1,21.4,1,19.0,1,22.3,1,21.6,1
2016-07-17 00:00:00,15.8,4,15.1,4,16.7,3,14.3,4,15.2,4,14.4,3,14.6,5,15.6,2,16.4,3,16.8,3,18.4,2,15.4,4,15.4,4,15.3,4,17.3,1,16.9,1,16.3,3,14.7,2,15.6,2,13.6,1,17.1,1,15.6,1,17.1,1,13.0,1.0,18.7,1,19.6,1,17.3,1,15.5,1,17.9,1,20.8,1,19.8,1,20.7,1,17.8,1,21.7,1,21.1,1
2016-07-17 01:00:00,15.7,4,14.9,5,16.2,4,14.1,4,14.9,4,14.1,4,14.4,5,15.0,3,15.8,4,16.2,4,17.6,3,15.3,5,15.0,4,14.9,5,16.7,3,16.1,3,15.5,4,14.5,3,15.1,2,13.5,2,16.5,1,15.2,1,16.8,1,12.5,1.0,18.0,1,18.8,1,16.4,1,15.3,1,17.3,1,20.2,1,19.2,1,20.2,1,16.9,1,21.1,1,20.6,1
2016-07-17 02:00:00,15.6,5,14.9,6,15.9,5,14.0,5,14.7,5,13.9,5,14.2,6,14.7,4,15.4,5,15.8,5,17.0,3,15.1,6,15.0,5,14.9,5,16.1,5,15.5,4,14.8,5,14.3,4,14.6,2,13.7,2,15.8,1,15.0,1,16.7,1,12.3,1.0,17.3,1,18.2,1,15.8,1,15.1,1,17.1,1,19.7,1,18.9,1,19.8,1,16.5,1,20.6,1,20.2,1
2016-07-17 03:00:00,15.9,4,14.9,6,15.7,5,14.3,5,14.8,4,14.2,3,13.8,5,14.0,2,15.3,2,15.6,2,17.1,2,14.4,2,15.6,2,14.9,3,15.9,2,15.7,2,14.6,1,13.6,1,14.6,1,13.2,2,16.0,1,14.3,1,15.4,1,11.8,1.0,16.6,1,18.4,1,16.1,1,14.8,1,16.4,1,19.2,1,19.1,1,18.8,1,17.5,1,21.2,1,20.0,1
2016-07-17 04:00:00,15.8,3,14.9,6,15.7,5,14.4,6,15.1,4,14.2,4,14.0,5,14.0,3,15.3,2,15.7,2,16.8,2,14.8,3,15.6,3,15.3,4,15.7,2,15.7,2,14.4,1,13.7,2,14.9,1,13.7,2,15.6,1,14.4,2,15.4,1,11.9,1.0,16.3,1,18.4,1,16.2,1,14.5,1,16.0,1,19.0,1,19.2,1,18.9,1,17.5,1,21.3,1,19.9,1
2016-07-17 05:00:00,15.8,2,15.2,5,16.0,5,14.8,7,15.9,5,14.4,5,14.5,6,14.5,4,15.6,2,16.1,3,16.9,3,15.7,3,16.0,4,16.2,5,15.9,2,16.1,2,14.8,2,14.4,2,15.8,1,14.6,2,15.5,1,15.1,2,15.9,2,12.5,2.0,16.5,1,18.8,1,16.8,1,14.7,2,16.1,1,19.2,1,19.8,1,19.4,1,18.0,1,21.8,1,20.4,1
2016-07-17 06:00:00,16.0,2,16.0,5,16.6,5,15.6,7,17.0,5,15.1,5,15.3,6,15.6,5,16.4,3,17.1,3,17.5,4,17.0,4,16.9,5,17.4,5,16.8,2,17.2,2,15.8,2,15.8,2,17.2,2,16.1,3,16.2,1,16.3,2,16.8,2,13.6,2.0,17.5,1,19.7,1,17.9,1,15.6,2,17.0,1,20.2,1,20.9,1,20.5,1,19.3,1,22.6,2,21.4,1
2016-07-17 07:00:00,16.5,2,17.3,5,17.6,5,17.1,6,18.4,5,16.5,5,16.5,5,17.5,4,17.8,3,18.7,4,18.9,4,18.7,4,18.4,5,18.9,5,18.6,2,19.0,2,17.7,1,18.0,2,19.1,2,18.1,2,17.8,1,18.1,2,18.2,2,15.4,1.0,19.5,1,21.3,1,19.7,1,17.6,2,18.8,1,22.3,1,22.7,1,22.1,1,21.6,1,23.7,2,23.0,1
2016-07-17 08:00:00,17.0,2,18.7,4,18.9,5,18.8,5,19.9,5,18.1,3,17.9,5,19.7,4,19.5,4,20.6,4,20.6,4,20.6,4,20.3,5,20.6,4,20.8,1,21.1,2,20.1,1,20.5,2,21.2,2,20.2,2,20.0,1,20.1,2,19.9,2,17.8,1.0,22.1,1,23.2,1,21.9,1,20.2,1,21.2,1,24.7,1,24.9,1,24.0,1,24.3,1,24.8,2,24.9,1
2016-07-17 09:00:00,17.6,2,20.0,4,20.1,5,20.5,4,21.3,5,19.7,2,19.2,5,21.7,3,21.1,4,22.4,4,22.3,5,22.3,4,21.9,4,22.3,3,22.8,1,23.1,2,22.3,1,22.8,2,23.1,2,22.2,2,22.0,1,22.1,2,21.7,1,20.4,1.0,24.6,1,25.1,1,24.3,1,22.7,1,23.5,1,26.9,1,26.9,1,26.0,1,27.1,1,25.8,1,26.6,1
2016-07-17 10:00:00,18.0,3,20.9,4,21.1,4,21.8,4,22.3,5,20.8,2,20.2,5,23.0,4,22.3,4,23.6,4,23.5,4,23.7,4,23.0,4,23.7,3,24.2,2,24.5,2,23.9,2,24.5,2,24.6,2,23.6,2,23.5,1,23.7,2,23.3,1,23.0,2.0,26.6,1,26.8,1,26.5,1,24.5,1,25.4,1,28.1,1,28.5,1,27.7,1,29.4,1,26.5,1,27.9,1
2016-07-17 11:00:00,18.2,3,21.4,3,21.9,4,22.6,4,23.1,5,21.5,2,20.8,5,23.8,4,23.2,4,24.4,4,24.3,4,24.7,5,23.6,5,24.8,3,25.0,3,25.5,3,25.0,2,25.6,2,25.8,2,24.6,3,24.5,1,24.9,2,24.6,1,25.3,2.0,28.0,1,28.2,1,28.5,1,25.8,1,26.9,1,28.6,1,29.7,1,29.1,1,31.1,1,26.9,1,28.7,1
2016-07-17 12:00:00,18.4,3,21.7,3,22.5,3,23.0,3,23.6,5,21.9,2,21.2,5,24.2,4,23.8,4,25.0,4,24.8,4,25.4,5,24.0,5,25.5,4,25.5,3,26.2,3,25.8,2,26.4,2,26.6,2,25.3,3,25.4,2,25.9,2,25.7,1,26.9,3.0,29.0,1,29.3,1,29.9,1,26.6,1,28.2,1,28.8,1,30.7,1,30.0,1,32.2,1,27.1,1,29.2,1
2016-07-17 13:00:00,18.6,3,21.9,3,23.0,3,23.0,3,24.0,6,22.1,2,21.3,4,24.5,4,24.2,5,25.5,5,25.2,5,25.8,5,24.4,6,25.7,5,26.0,3,26.7,4,26.3,2,27.0,3,27.2,3,25.8,4,26.4,2,26.8,2,26.5,2,27.6,3.0,29.7,1,30.2,1,30.7,1,27.3,1,29.3,1,28.9,1,31.6,1,30.4,1,32.6,1,27.1,1,29.4,1
2016-07-17 14:00:00,18.8,3,22.0,3,23.4,3,22.9,2,24.3,6,22.1,2,21.3,3,24.8,4,24.4,5,25.8,5,25.6,5,25.9,5,24.9,6,25.5,6,26.4,3,27.1,4,26.7,3,27.4,3,27.5,3,26.1,4,27.3,2,27.5,2,27.1,2,27.5,3.0,30.2,1,30.9,1,31.0,1,27.7,1,30.2,1,29.0,1,32.3,1,30.4,1,32.5,1,27.0,1,29.3,1
2016-07-17 15:00:00,19.5,5,22.9,3,25.2,6,24.4,3,26.1,5,24.3,2,23.1,2,26.6,2,25.8,3,26.9,3,26.9,3,27.4,3,26.4,4,27.0,6,28.0,2,28.7,2,27.9,3,28.5,4,28.8,3,27.2,2,28.2,1,28.6,2,28.9,2,27.3,2.0,31.9,1,32.0,1,31.8,1,29.4,1,31.6,1,28.3,1,32.3,1,29.6,2,32.6,1,26.9,1,28.9,1
2016-07-17 16:00:00,19.4,5,22.5,3,24.8,6,23.9,3,26.0,4,23.6,2,22.7,2,26.6,2,25.9,2,26.9,3,27.0,3,27.5,3,26.5,4,27.1,6,28.2,2,28.8,2,28.0,3,28.6,3,28.9,3,27.3,2,28.3,1,28.7,2,28.9,2,26.3,2.0,32.1,1,31.7,1,31.3,1,29.6,1,31.8,1,27.7,1,31.8,1,28.9,2,31.9,1,26.7,1,28.8,1
2016-07-17 17:00:00,19.1,5,21.9,3,24.0,6,23.1,3,25.5,3,22.6,1,21.9,2,26.2,2,25.7,2,26.5,2,26.8,2,27.2,4,26.3,3,26.8,5,28.1,2,28.4,2,27.6,2,28.3,2,28.5,2,26.9,2,27.9,1,28.2,1,28.5,1,25.0,2.0,31.9,1,30.7,1,30.4,1,29.2,1,31.4,1,26.8,1,30.8,1,28.0,2,31.0,1,26.4,1,28.4,1
2016-07-17 18:00:00,18.8,4,21.0,3,22.8,6,22.0,4,24.3,2,21.4,2,20.9,2,25.3,2,25.1,2,25.7,2,26.2,2,26.0,4,25.5,3,25.9,4,27.4,2,27.4,2,26.8,2,27.0,2,27.4,2,25.7,2,27.0,1,27.1,1,27.6,1,23.5,2.0,31.0,1,29.3,1,28.8,1,28.0,1,30.5,1,25.8,1,29.1,1,26.7,2,29.6,1,26.0,1,27.7,1
2016-07-17 19:00:00,18.4,4,19.7,3,21.4,5,20.4,4,22.5,2,20.0,2,19.6,3,23.7,2,23.9,2,24.4,2,25.2,2,23.8,3,24.1,2,24.2,4,26.0,2,25.8,2,25.4,2,24.6,1,25.4,1,23.5,2,25.7,1,25.4,1,26.2,1,21.9,1.0,29.4,1,27.5,1,26.6,1,25.8,1,29.0,1,24.8,1,26.9,1,25.2,2,27.7,1,25.4,1,26.5,1
2016-07-17 20:00:00,17.9,4,18.3,2,20.0,5,18.6,4,20.4,2,18.7,2,18.2,3,21.9,2,22.4,2,22.9,2,23.9,2,21.2,3,22.5,2,22.2,3,24.3,2,24.0,2,23.7,2,21.7,1,23.0,1,21.0,2,24.1,1,23.5,1,24.6,1,20.2,1.0,27.4,1,25.5,1,24.2,1,23.3,1,27.2,1,23.9,1,24.6,1,23.6,2,25.5,1,24.6,1,25.2,1
2016-07-17 21:00:00,17.6,4,17.4,2,18.9,4,17.3,4,18.8,3,17.7,2,17.1,3,20.2,2,21.1,2,21.6,2,22.8,2,19.2,3,20.8,2,20.6,3,22.9,2,22.5,1,22.2,2,19.5,2,21.3,1,19.1,2,22.9,1,21.8,2,23.2,2,18.6,2.0,25.6,1,24.1,1,22.7,1,21.1,1,25.4,1,23.1,1,23.4,1,22.4,2,23.7,1,24.1,1,24.3,1
2016-07-17 22:00:00,17.3,4,16.6,2,17.9,4,16.2,4,17.6,3,16.9,2,16.4,3,18.8,3,20.0,2,20.4,2,21.7,2,17.9,3,19.5,3,19.4,4,21.6,2,21.1,1,20.9,2,18.1,2,19.8,1,17.7,2,21.8,1,20.5,2,21.9,2,17.2,2.0,23.9,1,22.8,1,21.3,1,19.8,1,23.8,1,22.4,1,22.3,1,21.5,2,22.0,1,23.5,2,23.6,1
2016-07-17 23:00:00,17.0,5,16.2,2,17.1,4,15.5,4,16.7,3,16.3,2,15.8,3,17.8,3,19.0,2,19.3,3,20.8,3,17.1,2,18.5,3,18.4,4,20.4,2,20.0,1,19.6,3,17.4,3,18.7,1,16.7,2,20.9,1,19.6,3,20.9,3,16.0,2.0,22.5,1,21.5,1,19.9,1,19.2,1,22.4,1,21.6,1,21.3,1,20.8,2,20.6,1,23.0,2,23.1,1
2016-07-18 00:00:00,16.7,5,15.9,3,16.6,5,15.1,4,16.0,4,15.7,2,15.5,3,17.2,3,18.1,3,18.4,3,19.9,3,16.8,2,17.7,3,17.7,4,19.4,2,19.0,2,18.6,3,17.0,3,17.8,2,16.1,2,20.0,1,18.9,3,20.0,3,15.0,3.0,21.2,1,20.4,1,18.8,1,18.9,1,21.2,1,21.0,1,20.4,1,20.3,2,19.3,1,22.6,2,22.5,1
2016-07-18 01:00:00,16.5,5,15.8,3,16.2,5,14.9,4,15.6,4,15.4,2,15.3,3,16.7,3,17.3,3,17.6,3,19.0,3,16.4,2,17.1,4,17.1,5,18.5,2,18.1,3,17.6,3,16.6,3,17.0,2,15.8,2,19.1,1,18.2,4,19.3,4,14.2,3.0,20.1,1,19.5,1,17.8,1,18.5,1,20.3,1,20.5,1,19.7,1,20.0,2,18.3,1,22.2,2,21.9,1
2016-07-18 02:00:00,16.4,6,15.6,4,15.9,6,14.8,4,15.3,5,15.1,2,15.1,3,16.4,2,16.6,4,16.9,4,18.2,4,16.2,2,16.8,4,16.8,5,17.8,1,17.3,5,16.8,4,16.3,4,16.5,2,15.7,3,18.2,1,17.7,5,18.8,4,13.7,4.0,19.2,1,18.7,1,17.1,1,18.0,1,19.6,1,20.1,1,19.2,1,19.8,2,17.6,1,21.9,1,21.4,1
2016-07-18 03:00:00,16.7,2,15.4,3,15.9,2,14.9,2,15.9,1,15.3,2,14.7,2,15.4,2,16.3,2,16.8,2,18.3,2,15.8,2,17.1,1,16.9,2,17.9,1,17.6,1,16.6,1,15.8,2,16.7,1,15.9,1,19.0,1,16.6,1,18.2,1,13.6,1.0,19.0,1,16.8,1,15.8,1,17.4,1,19.0,1,18.2,1,17.7,2,18.7,2,18.2,1,21.3,2,19.8,1
2016-07-18 04:00:00,16.5,3,15.3,4,16.0,3,15.0,3,16.1,1,15.1,3,14.7,2,15.4,2,16.2,2,16.8,3,17.9,3,16.1,2,17.1,1,17.3,2,17.8,1,17.3,1,16.4,1,15.9,2,16.9,1,16.1,2,18.6,1,16.8,1,18.2,1,13.6,1.0,18.6,1,17.1,1,16.0,1,16.9,1,18.6,1,18.1,2,18.0,2,19.1,2,18.2,1,21.5,2,19.5,1
2016-07-18 05:00:00,16.5,3,15.6,5,16.4,4,15.4,3,16.7,2,15.2,4,15.2,2,15.8,2,16.5,2,17.2,3,17.9,3,16.9,2,17.5,2,18.2,2,18.2,2,17.6,2,16.8,1,16.6,2,17.7,1,16.9,2,18.5,1,17.5,1,18.5,1,14.1,1.0,18.7,1,17.9,1,16.7,1,16.9,2,18.6,1,18.4,2,18.8,2,19.9,2,18.8,1,22.1,3,19.7,1
2016-07-18 06:00:00,16.7,4,16.4,5,17.3,4,16.5,4,17.9,2,16.1,4,16.2,2,17.1,2,17.5,2,18.2,3,18.6,3,18.3,3,18.4,2,19.5,3,19.3,2,18.7,2,18.0,1,18.0,2,19.2,1,18.3,2,19.1,1,18.8,1,19.3,1,15.2,1.0,19.8,1,19.2,2,18.1,1,18.0,2,19.4,1,19.4,3,20.2,3,21.1,2,20.1,1,22.9,3,20.5,1
2016-07-18 07:00:00,17.4,4,17.9,6,18.6,4,18.3,3,19.6,2,18.0,3,17.9,2,19.3,2,19.2,2,20.0,3,20.3,3,20.2,3,20.0,2,21.1,2,21.2,1,20.7,2,20.1,1,20.3,2,21.2,2,20.2,2,20.6,1,20.6,1,20.8,1,17.2,1.0,22.0,1,21.2,2,20.2,1,20.6,2,21.2,1,21.3,2,22.3,2,22.7,3,22.2,1,23.8,3,22.1,1
2016-07-18 08:00:00,18.2,4,19.8,5,20.2,3,20.4,3,21.5,2,20.5,2,19.8,2,21.8,1,21.3,2,22.2,2,22.4,2,22.3,2,21.9,2,22.9,2,23.5,1,23.2,2,22.6,1,22.9,2,23.4,2,22.3,2,22.7,1,22.7,1,22.7,1,19.8,1.0,24.8,1,23.5,1,22.8,1,24.0,1,23.7,1,23.6,2,24.8,2,24.5,3,24.8,1,24.7,3,24.0,1
2016-07-18 09:00:00,19.0,4,21.5,5,21.7,3,22.4,3,23.3,2,22.7,1,21.5,2,24.1,1,23.2,2,24.3,2,24.4,2,24.2,2,23.6,2,24.6,2,25.5,1,25.5,2,24.9,1,25.3,2,25.4,2,24.2,2,24.7,1,24.8,1,24.6,1,22.7,1.0,27.6,1,25.6,1,25.4,1,27.1,1,26.1,1,25.4,2,27.0,2,26.3,3,27.5,2,25.4,3,25.7,1
2016-07-18 10:00:00,19.5,4,22.8,4,23.0,3,23.8,3,24.6,3,24.2,1,22.6,2,25.6,2,24.7,2,25.8,2,25.8,2,25.7,3,24.8,2,26.0,2,26.8,1,27.1,2,26.6,1,27.1,2,26.9,2,25.6,2,26.2,1,26.6,1,26.2,1,25.4,1.0,29.9,1,27.3,1,27.6,1,29.2,1,28.0,1,26.2,2,28.7,2,27.8,3,29.9,2,25.9,2,26.7,1
2016-07-18 11:00:00,19.8,4,23.6,4,24.0,3,24.6,4,25.5,3,25.0,1,23.3,2,26.4,2,25.6,2,26.9,2,26.6,2,26.8,3,25.6,3,27.0,3,27.5,2,28.2,2,27.7,2,28.2,2,28.1,2,26.5,2,27.4,1,28.1,1,27.5,1,27.7,2.0,31.6,1,28.6,1,29.4,1,30.5,1,29.6,1,26.1,3,29.8,2,28.8,3,31.7,2,26.2,2,27.2,1
2016-07-18 12:00:00,20.0,4,24.0,4,24.8,4,25.1,4,26.1,3,25.4,1,23.7,2,27.0,2,26.3,2,27.6,3,27.3,3,27.6,4,26.2,4,27.7,3,28.1,2,29.0,2,28.6,2,29.1,2,28.9,2,27.2,2,28.3,1,29.4,1,28.5,1,29.2,2.0,32.9,1,29.8,1,30.7,1,31.3,2,30.8,1,25.8,3,30.6,2,29.4,3,33.0,3,26.3,2,27.3,1
2016-07-18 13:00:00,20.2,3,24.2,4,25.4,4,25.3,3,26.7,3,25.7,1,24.1,2,27.5,2,26.7,3,28.1,3,27.9,3,28.2,4,26.9,4,28.0,3,28.9,2,29.7,2,29.4,2,29.8,2,29.6,2,27.8,2,29.2,1,30.5,2,29.3,2,29.8,2.0,33.8,1,31.1,1,31.5,1,32.1,2,31.9,1,25.5,3,31.1,2,29.4,3,33.6,2,26.3,1,27.3,1
2016-07-18 14:00:00,20.4,2,24.2,4,25.8,4,25.3,2,27.1,3,25.8,1,24.3,2,28.0,2,27.0,3,28.5,3,28.5,3,28.7,4,27.5,4,28.0,3,29.7,2,30.2,2,30.0,2,30.4,2,30.1,2,28.3,2,30.0,1,31.3,2,29.8,2,29.6,2.0,34.3,1,32.0,1,31.9,1,32.7,2,32.7,1,25.3,3,31.3,2,29.1,2,33.6,2,26.3,1,27.2,1
2016-07-18 15:00:00,21.4,3,25.5,3,27.3,6,26.0,2,28.0,4,26.6,1,25.7,1,29.4,2,28.4,2,29.4,2,29.5,2,29.4,2,28.2,4,28.5,3,31.4,1,31.6,1,30.5,2,31.0,2,30.5,3,28.9,2,31.1,1,31.8,1,30.8,1,28.9,2.0,35.4,1,32.7,1,32.2,1,33.5,1,33.6,1,25.2,3,31.0,2,28.9,2,33.0,2,25.5,2,26.8,1
2016-07-18 16:00:00,21.4,3,25.1,3,27.1,5,25.6,2,28.0,3,26.4,1,25.4,1,29.8,2,28.5,2,29.4,2,29.6,2,29.6,2,28.3,4,28.5,3,31.5,1,31.6,1,30.6,1,31.2,2,30.5,3,29.1,2,31.3,1,31.6,1,30.7,1,27.8,2.0,35.5,1,32.0,1,31.6,1,33.4,1,33.5,1,24.7,2,30.3,2,28.0,2,32.4,2,25.6,3,26.4,1
2016-07-18 17:00:00,21.1,2,24.3,2,26.4,4,25.0,1,27.4,2,26.0,1,24.5,2,29.8,2,28.3,2,29.0,2,29.3,2,29.3,2,28.0,4,28.1,2,31.0,1,31.1,1,30.4,1,30.7,1,30.1,2,28.7,2,30.9,1,30.8,1,30.2,1,26.4,2.0,35.1,1,30.5,1,30.4,1,32.7,1,32.8,1,24.0,2,29.0,2,26.9,2,31.6,2,25.6,3,25.8,1
2016-07-18 18:00:00,20.6,2,23.1,2,25.1,2,23.9,1,26.2,2,24.9,1,23.3,2,29.1,2,27.6,2,28.1,1,28.5,2,28.1,2,27.1,3,27.1,2,29.9,1,30.0,1,29.5,1,29.2,1,28.9,2,27.4,2,30.0,1,29.4,1,29.2,1,24.8,1.0,34.0,1,28.5,1,28.7,1,31.1,1,31.6,1,23.2,3,27.3,2,25.6,2,30.2,1,25.4,3,24.9,1
2016-07-18 19:00:00,19.9,2,21.4,1,23.4,2,22.3,1,24.2,2,23.1,1,21.7,1,27.5,1,26.2,1,26.6,1,27.3,1,25.7,1,25.6,3,25.4,2,28.3,1,28.2,1,27.9,1,26.6,1,26.9,1,25.1,2,28.5,1,27.5,1,27.8,1,23.1,1.0,32.1,1,26.2,1,26.4,1,28.7,1,29.9,1,22.5,3,25.1,2,24.2,2,28.3,1,24.9,3,23.7,1
2016-07-18 20:00:00,19.2,1,19.7,1,21.5,2,20.6,1,21.9,2,21.1,1,20.1,1,25.3,1,24.5,1,24.9,1,25.8,1,22.8,1,23.7,2,23.4,2,26.5,1,26.1,1,26.0,1,23.5,1,24.5,1,22.4,2,26.8,1,25.4,1,26.1,1,21.4,1.0,29.8,1,23.9,1,23.9,1,25.9,1,28.0,1,21.8,3,22.8,2,22.9,2,26.1,1,24.2,2,22.3,1
2016-07-18 21:00:00,18.8,1,18.6,1,20.4,1,19.3,1,20.8,2,20.2,1,19.1,2,23.5,1,23.3,1,23.4,1,24.6,1,20.8,1,22.6,2,21.9,2,25.0,1,24.5,1,24.4,1,21.4,1,22.8,1,20.4,2,25.4,1,23.6,1,24.7,1,19.8,1.0,27.9,1,22.0,1,21.8,1,23.9,1,26.2,1,21.3,3,21.8,2,21.9,2,24.4,1,23.7,2,21.9,1
2016-07-18 22:00:00,18.3,1,17.7,2,19.3,1,18.2,1,19.6,2,19.3,1,18.2,2,21.9,1,22.2,1,22.1,1,23.4,1,19.3,1,21.4,2,20.5,3,23.8,1,23.1,1,22.9,1,19.9,1,21.3,1,18.9,2,24.1,1,22.2,1,23.4,1,18.4,1.0,26.2,1,20.3,1,20.1,1,22.4,1,24.7,1,20.9,3,20.8,2,21.1,2,22.8,1,23.2,2,21.5,1
2016-07-18 23:00:00,17.9,1,16.9,2,18.3,1,17.4,2,18.6,2,18.6,2,17.4,2,20.6,1,21.0,1,20.8,1,22.2,1,18.2,1,20.3,2,19.3,3,22.8,1,21.9,1,21.7,1,18.8,1,20.2,1,17.9,2,23.1,1,21.2,1,22.3,1,17.3,1.0,24.8,1,19.1,1,18.9,1,21.3,1,23.4,1,20.5,3,20.1,2,20.6,2,21.5,1,22.8,2,21.2,2
2016-07-19 00:00:00,17.5,1,16.3,2,17.5,1,16.9,2,17.7,3,17.9,2,16.9,3,19.6,1,20.0,2,19.6,1,21.1,1,17.5,1,19.3,2,18.4,4,21.8,1,20.8,1,20.5,1,18.1,1,19.2,1,17.2,3,22.1,1,20.4,1,21.4,1,16.2,1.0,23.4,1,18.3,1,18.1,1,20.6,1,22.5,1,20.3,3,19.5,2,20.3,2,20.4,1,22.5,2,21.1,2
2016-07-19 01:00:00,17.2,1,15.9,2,16.8,2,16.4,2,17.0,3,17.4,2,16.5,3,18.9,2,19.0,2,18.6,1,20.1,1,17.0,2,18.5,2,17.6,4,20.8,1,19.8,1,19.3,1,17.6,1,18.4,1,16.8,4,21.1,1,19.7,1,20.7,1,15.4,2.0,22.1,1,17.9,1,17.5,1,19.9,1,21.8,1,20.2,3,19.2,2,20.1,2,19.5,1,22.3,2,21.1,2
2016-07-19 02:00:00,17.0,2,15.6,2,16.2,2,16.2,2,16.4,3,17.0,3,16.2,3,18.4,2,18.3,2,17.9,2,19.3,2,16.7,2,17.8,2,17.2,5,20.0,1,18.9,1,18.3,1,17.1,1,17.6,1,16.6,5,20.2,1,19.0,1,20.2,1,14.8,2.0,21.0,1,17.8,1,17.1,1,19.3,1,21.2,1,20.2,3,19.1,2,20.1,2,18.8,1,22.2,1,21.3,2
2016-07-19 03:00:00,19.5,1,18.0,1,18.0,1,18.2,1,17.3,1,20.6,1,19.3,1,19.9,1,19.2,1,19.3,1,20.8,1,17.6,1,17.0,1,17.1,1,21.3,1,19.9,1,18.7,1,17.4,1,17.5,1,16.5,2,21.0,1,18.6,1,20.0,1,15.1,1.0,21.8,1,16.2,1,16.1,1,20.3,1,20.4,1,17.7,4,17.3,2,18.6,3,19.1,2,21.4,3,18.9,2
2016-07-19 04:00:00,19.3,1,17.8,2,18.2,1,18.3,2,17.5,1,20.6,1,19.2,1,19.6,1,19.0,1,19.1,1,20.3,1,17.8,1,17.3,1,17.5,1,21.1,1,19.6,1,18.3,1,17.4,1,17.7,1,16.8,2,20.6,1,18.7,1,19.9,1,15.0,1.0,21.3,1,16.5,1,16.3,1,19.5,1,19.9,1,17.6,3,17.4,2,18.9,2,19.0,2,21.7,3,18.7,3
2016-07-19 05:00:00,19.4,1,18.0,2,18.7,2,18.8,2,18.2,1,20.9,1,19.5,1,19.8,1,19.4,1,19.4,1,20.3,1,18.5,1,18.1,1,18.5,1,21.3,1,19.9,1,18.6,1,18.1,1,18.6,1,17.6,2,20.6,1,19.5,1,20.1,1,15.3,1.0,21.3,1,17.3,1,17.0,1,19.2,1,19.8,1,18.0,3,18.1,2,19.8,2,19.5,2,22.5,3,19.0,3
2016-07-19 06:00:00,19.9,2,19.0,2,19.8,2,20.1,2,19.6,1,21.7,1,20.5,1,20.9,2,20.5,1,20.6,1,21.1,1,20.0,1,19.5,1,20.0,1,22.4,2,21.2,1,19.9,1,19.8,1,20.2,1,19.1,2,21.4,1,20.9,1,20.9,1,16.5,1.0,22.3,1,18.7,1,18.4,1,20.1,1,20.7,1,19.1,3,19.4,2,21.1,2,20.7,2,23.5,3,19.8,4
2016-07-19 07:00:00,21.0,2,20.9,2,21.4,2,22.2,2,21.6,1,23.1,1,22.4,1,23.1,2,22.6,1,22.9,1,23.1,1,22.2,1,21.4,1,21.9,1,24.4,2,23.6,1,22.3,1,22.5,1,22.3,1,21.2,2,23.3,1,22.9,1,22.4,1,18.6,1.0,24.5,1,20.8,1,20.7,1,22.8,1,22.7,1,21.0,4,21.6,2,22.7,2,22.8,2,24.4,3,21.2,4
2016-07-19 08:00:00,22.4,1,23.4,2,23.2,2,24.7,1,23.9,1,24.8,1,24.8,1,26.0,1,25.1,1,25.7,1,25.7,1,24.7,1,23.5,1,23.9,2,26.8,1,26.6,1,25.3,1,25.5,1,24.7,1,23.5,2,25.7,1,25.2,1,24.4,1,21.4,1.0,27.3,1,23.3,1,23.5,1,26.4,1,25.3,1,23.0,5,24.2,3,24.4,2,25.5,2,25.2,3,22.9,4
2016-07-19 09:00:00,23.7,1,25.6,1,25.1,2,27.1,1,26.0,1,26.4,1,27.0,2,28.7,1,27.4,1,28.2,1,28.2,1,27.1,1,25.3,1,25.7,2,29.1,1,29.3,1,28.2,1,28.3,1,26.9,1,25.5,2,28.0,1,27.5,1,26.3,1,24.4,1.0,30.3,1,25.7,1,26.2,1,29.8,1,27.9,1,24.6,5,26.6,3,26.2,2,28.2,1,25.7,3,24.5,3
2016-07-19 10:00:00,24.5,2,27.1,1,26.7,2,28.9,1,27.6,1,27.6,1,28.5,2,30.8,1,29.1,1,29.9,1,30.0,1,28.9,1,26.5,1,27.1,2,30.8,1,31.3,1,30.4,1,30.2,1,28.6,1,26.9,2,29.7,1,29.6,1,27.9,1,27.1,1.0,32.8,1,27.7,1,28.4,1,32.2,1,29.8,1,25.2,5,28.5,3,28.0,3,30.6,1,25.9,3,25.6,3
2016-07-19 11:00:00,25.0,2,28.0,2,28.0,2,30.1,1,28.7,1,28.3,1,29.4,2,32.1,1,30.2,1,30.9,1,31.1,1,30.1,1,27.4,1,28.2,2,32.0,2,32.6,1,32.0,1,31.4,1,29.9,1,27.8,2,30.8,1,31.3,1,29.2,1,29.3,2.0,34.7,1,29.2,1,30.0,1,33.6,1,31.2,1,25.1,4,29.7,2,29.4,3,32.4,1,25.8,2,26.3,2
2016-07-19 12:00:00,25.4,2,28.6,2,29.1,2,30.9,1,29.6,1,28.7,1,29.9,1,32.7,1,30.9,1,31.7,1,32.0,1,31.0,1,28.2,1,29.0,2,32.8,2,33.5,1,33.1,1,32.4,1,30.9,1,28.4,2,31.8,1,32.7,1,30.2,1,30.8,2.0,36.1,1,30.6,1,31.2,1,34.5,2,32.2,1,24.8,3,30.5,2,30.2,3,33.5,1,25.8,2,26.7,2
2016-07-19 13:00:00,25.8,2,29.1,2,29.9,2,31.4,1,30.3,1,28.7,1,30.3,1,32.6,1,31.5,1,32.5,1,32.8,1,31.7,1,29.1,1,29.6,2,33.2,2,34.3,1,34.0,1,33.4,1,31.6,1,29.0,2,32.7,1,33.7,1,31.0,1,31.4,2.0,36.9,2,31.8,1,32.0,1,35.1,2,33.0,1,24.7,3,30.9,2,30.2,2,33.9,1,25.9,2,26.8,2
2016-07-19 14:00:00,26.1,2,29.5,1,30.4,2,31.6,1,30.9,1,28.5,2,30.6,1,32.2,1,32.0,1,33.2,1,33.4,1,32.3,1,30.1,1,30.0,1,33.3,2,34.9,1,34.6,1,34.4,1,32.1,1,29.5,2,33.6,1,34.4,1,31.6,1,31.2,2.0,37.1,2,32.7,1,32.4,1,35.3,2,33.5,1,24.6,2,30.9,2,29.6,2,33.7,1,26.1,2,26.7,3
2016-07-19 15:00:00,26.3,2,30.3,1,31.7,2,32.5,1,31.6,1,30.4,1,32.3,1,34.2,1,32.6,1,33.5,1,33.7,1,33.0,1,30.9,2,30.9,2,34.8,1,36.1,1,34.6,1,34.6,1,32.9,1,30.5,2,34.7,1,35.0,1,33.1,1,30.5,2.0,37.7,1,33.3,1,32.6,1,36.0,1,34.5,1,24.6,3,30.7,2,29.4,1,33.5,1,26.4,1,26.1,3
2016-07-19 16:00:00,26.4,2,30.0,1,31.6,2,32.3,1,31.6,1,29.8,1,31.9,2,34.2,2,32.7,1,33.4,1,33.5,1,33.3,2,31.2,2,30.9,2,33.9,2,36.1,1,34.6,1,34.7,1,32.9,1,30.7,1,34.7,1,34.9,1,32.9,1,29.4,2.0,36.7,1,32.6,1,32.0,1,35.5,1,34.2,1,24.1,3,30.1,2,28.4,1,33.1,1,26.4,1,25.6,3
2016-07-19 17:00:00,26.2,1,29.3,1,31.0,2,31.8,2,31.1,1,28.9,2,31.0,2,33.8,2,32.4,1,32.8,1,33.0,1,33.1,2,30.9,2,30.4,2,32.4,2,35.6,1,34.1,1,34.1,1,32.4,1,30.3,1,34.2,1,34.2,1,32.3,1,27.9,1.0,35.0,1,31.0,1,30.9,1,34.3,1,33.4,1,23.4,3,29.1,1,27.1,1,32.3,1,26.4,1,25.0,3
2016-07-19 18:00:00,25.8,1,28.1,1,29.8,2,30.6,2,29.8,1,27.3,2,29.5,2,32.6,2,31.5,1,31.7,1,32.1,1,31.7,2,29.9,2,29.1,2,30.3,2,34.2,1,33.0,1,32.4,1,31.1,1,28.9,1,33.0,1,32.7,1,31.3,1,26.3,1.0,32.6,2,28.8,1,29.2,1,32.1,1,32.0,1,22.7,3,27.5,1,25.8,1,31.0,1,26.2,1,24.2,3
2016-07-19 19:00:00,25.2,1,26.5,1,28.1,1,28.6,2,27.6,1,25.0,3,27.4,2,30.5,1,30.0,1,30.1,1,30.8,1,28.9,1,28.1,1,27.1,1,28.0,2,32.0,1,31.1,1,29.4,1,28.9,1,26.4,1,31.2,1,30.5,1,29.9,1,24.5,1.0,29.8,2,26.3,1,27.0,1,29.0,2,30.1,1,22.1,3,25.3,2,24.5,1,29.0,1,25.8,1,23.3,3
2016-07-19 20:00:00,24.5,1,24.7,1,26.1,1,26.3,1,25.1,1,22.5,4,25.0,2,27.9,1,28.1,1,28.2,1,29.3,1,25.6,1,25.8,1,24.9,1,25.7,2,29.4,1,28.9,1,26.1,1,26.3,1,23.4,1,29.0,1,28.1,1,28.3,1,22.7,1.0,26.9,2,23.9,1,24.5,1,25.6,2,28.1,1,21.5,3,23.0,2,23.3,1,26.7,1,25.3,1,22.3,3
2016-07-19 21:00:00,23.9,1,23.8,1,25.0,1,24.8,1,23.8,1,20.4,5,23.3,2,25.4,1,26.9,1,26.9,1,28.2,1,23.3,1,23.9,1,23.1,1,23.9,3,27.5,2,27.0,1,23.8,1,24.4,1,21.3,1,26.9,1,26.2,1,26.8,1,21.1,1.0,24.8,3,21.9,1,22.5,1,22.8,3,26.4,1,21.1,3,22.1,2,22.4,1,24.8,1,25.0,1,22.0,4
2016-07-19 22:00:00,23.3,1,22.9,1,23.8,1,23.4,1,22.7,1,18.9,6,21.7,2,23.5,2,25.6,1,25.6,1,27.0,1,21.6,1,22.3,1,21.6,1,22.4,3,25.7,2,25.3,1,22.2,1,22.8,1,19.7,1,25.2,1,24.6,1,25.3,1,19.7,1.0,23.2,4,20.3,1,20.8,1,21.2,3,24.9,1,20.8,3,21.2,2,21.6,1,23.2,1,24.9,1,21.7,4
2016-07-19 23:00:00,22.7,1,22.0,1,22.7,1,22.2,1,21.6,1,18.1,6,20.5,3,22.1,3,24.4,1,24.3,1,25.9,1,20.4,1,20.9,1,20.4,1,21.2,4,24.1,3,23.7,2,21.1,1,21.7,1,18.6,1,23.8,2,23.2,1,24.0,1,18.4,1.0,21.9,5,19.1,1,19.5,1,20.5,3,23.5,1,20.6,3,20.5,2,21.0,1,21.9,1,24.8,1,21.5,4
2016-07-20 00:00:00,22.1,2,21.3,1,21.8,1,21.1,1,20.6,1,17.6,7,19.7,4,21.1,4,23.3,1,23.2,2,24.8,1,19.7,1,19.9,1,19.4,1,20.3,5,22.8,3,22.2,2,20.3,1,20.7,1,17.8,1,22.8,2,22.1,1,23.0,1,17.4,1.0,21.0,5,18.4,2,18.6,1,20.1,2,22.3,1,20.4,3,20.0,1,20.6,1,20.9,1,24.5,1,21.4,4
2016-07-20 01:00:00,21.6,2,20.7,2,21.0,1,20.2,3,19.8,1,17.4,7,19.1,4,20.2,4,22.3,1,22.1,2,23.8,1,19.2,1,19.1,1,18.6,1,19.9,5,21.6,4,21.0,2,19.6,1,19.8,1,17.3,1,22.1,2,21.1,1,22.1,1,16.6,1.0,20.5,4,18.1,2,18.0,1,19.6,2,21.3,1,20.4,2,19.7,1,20.4,1,20.0,1,24.1,1,21.4,4
2016-07-20 02:00:00,21.1,3,20.2,2,20.4,1,19.5,4,19.3,1,17.2,6,18.9,3,19.5,5,21.4,2,21.3,2,23.0,2,18.9,1,18.6,1,18.1,1,19.7,6,20.8,4,20.1,2,19.0,1,19.2,1,17.1,1,21.7,2,20.3,1,21.5,1,16.0,1.0,20.3,2,18.1,2,17.7,1,18.9,2,20.7,2,20.5,2,19.6,1,20.5,1,19.5,1,23.6,1,21.6,3
2016-07-20 03:00:00,23.0,1,21.9,1,21.1,1,22.1,2,19.5,1,18.1,6,19.4,2,20.0,2,22.0,1,21.7,1,23.2,1,19.0,1,17.8,1,18.2,1,20.5,2,21.9,1,20.5,1,19.7,1,18.6,1,17.3,1,22.0,1,21.2,1,21.7,1,15.7,1.0,20.5,2,17.0,1,17.4,1,20.1,1,20.9,1,18.4,4,18.2,2,19.5,3,19.5,1,23.0,1,19.0,2
2016-07-20 04:00:00,22.8,1,21.4,1,21.0,1,21.5,2,19.6,1,17.7,6,19.0,2,19.6,2,21.7,1,21.4,1,22.6,1,19.0,1,18.2,1,18.6,1,20.6,2,21.6,1,20.0,1,19.8,1,18.8,1,17.7,2,21.8,1,21.1,2,21.5,1,15.7,1.0,20.5,2,17.4,1,17.6,1,19.9,1,20.4,1,18.4,4,18.3,2,19.8,3,19.7,1,23.4,2,19.0,3
2016-07-20 05:00:00,22.6,1,21.2,1,21.2,1,21.0,2,20.2,1,17.7,7,18.8,3,19.6,2,21.8,1,21.6,1,22.5,1,19.7,1,19.3,1,19.6,1,20.9,2,21.7,1,20.2,1,20.6,1,19.7,1,18.8,2,22.1,1,21.5,2,21.7,1,16.3,1.0,20.9,2,18.2,1,18.3,1,20.0,1,20.4,1,18.9,3,18.9,2,20.7,3,20.5,1,24.2,2,19.5,3
2016-07-20 06:00:00,22.7,1,21.7,2,22.1,1,21.3,2,21.5,1,18.2,7,19.3,4,20.4,3,22.7,1,22.6,1,23.2,1,21.2,1,20.9,1,21.2,1,21.6,2,22.7,1,21.4,1,22.2,1,21.4,1,20.6,2,22.8,1,22.6,2,22.6,1,17.7,1.0,21.8,2,19.7,1,19.9,1,20.5,1,21.1,1,20.1,3,20.2,2,22.0,3,22.1,1,25.1,2,20.5,4
2016-07-20 07:00:00,23.3,1,23.3,2,23.9,1,22.6,1,23.6,1,19.1,7,20.5,3,22.0,3,24.6,1,24.8,1,25.1,1,23.7,1,23.0,1,23.2,1,22.8,3,24.5,2,23.8,1,24.7,1,23.7,1,22.9,2,23.9,1,24.6,2,24.2,1,20.1,1.0,23.1,3,21.9,1,22.4,1,21.5,1,22.6,1,21.9,4,22.5,2,23.7,2,24.5,1,25.8,3,22.0,4
2016-07-20 08:00:00,24.1,1,25.5,1,26.3,1,24.5,1,26.2,1,20.3,6,22.2,3,24.0,3,27.1,2,27.6,1,27.7,1,26.7,1,25.2,1,25.5,1,24.2,4,26.8,2,26.9,1,27.5,1,26.2,1,25.3,2,25.2,1,27.1,2,26.3,1,23.0,1.0,24.5,4,24.4,1,25.3,1,22.8,1,24.6,1,23.9,5,25.2,2,25.7,2,27.4,1,26.3,3,23.6,4
2016-07-20 09:00:00,24.9,1,27.7,1,28.5,1,26.5,1,28.6,1,21.2,6,23.8,3,25.7,4,29.5,2,30.2,1,30.2,1,29.5,1,27.2,1,27.6,1,25.3,5,28.8,2,29.8,1,30.1,1,28.6,1,27.5,2,26.6,1,29.7,1,28.4,1,26.1,1.0,25.7,5,26.8,1,28.0,1,24.2,1,26.7,1,25.3,5,27.7,3,27.7,2,30.0,1,26.5,3,25.1,4
2016-07-20 10:00:00,25.5,1,29.2,2,30.2,1,28.2,1,30.5,1,21.7,6,25.0,3,26.6,4,31.3,1,32.1,1,32.1,1,31.5,1,28.7,1,29.3,1,25.9,6,30.2,3,32.0,1,32.0,1,30.6,1,29.1,1,27.8,1,31.9,1,30.3,1,28.8,1.0,26.6,6,28.8,1,30.1,1,25.6,1,28.5,1,25.8,5,29.5,2,29.6,2,32.0,1,26.5,3,26.2,3
2016-07-20 11:00:00,25.9,1,30.1,2,31.4,1,29.3,1,31.9,1,21.8,6,25.7,4,26.9,5,32.4,1,33.2,1,33.4,1,32.9,1,29.9,1,30.6,1,26.0,6,30.9,4,33.4,1,33.2,1,32.2,1,30.1,1,28.8,1,33.6,1,31.9,1,31.0,2.0,27.2,6,30.4,1,31.6,1,26.9,1,30.0,1,25.6,4,30.7,2,31.0,2,33.4,1,26.3,2,26.8,2
2016-07-20 12:00:00,26.0,2,30.5,2,32.3,1,29.8,2,32.8,1,21.8,6,25.8,4,27.1,5,33.1,1,33.9,1,34.2,1,33.8,1,30.9,1,31.5,1,26.1,6,31.4,4,34.1,1,34.0,1,33.4,1,30.9,1,29.5,2,34.9,1,33.1,1,32.5,2.0,27.8,7,31.8,1,32.7,1,27.8,2,31.0,1,25.2,3,31.4,2,31.8,2,34.2,1,26.2,2,27.2,2
2016-07-20 13:00:00,25.8,2,30.4,2,33.0,1,29.6,3,33.4,1,21.9,6,25.4,5,27.5,5,33.5,2,34.2,2,34.5,2,34.5,1,31.9,1,32.1,1,26.2,6,31.7,4,34.3,1,34.5,1,34.3,1,31.6,1,29.9,2,35.7,1,34.0,1,33.1,2.0,28.4,7,33.0,1,33.5,1,28.3,2,31.6,1,25.0,2,31.8,1,31.7,2,34.5,1,26.2,2,27.3,2
2016-07-20 14:00:00,25.3,2,29.9,2,33.3,1,28.9,5,33.8,1,22.0,6,24.6,5,27.8,5,33.5,3,34.2,2,34.4,2,35.1,1,32.8,1,32.4,1,26.3,5,31.8,4,34.0,1,34.7,2,34.8,1,32.1,1,30.1,3,36.0,1,34.5,1,33.0,2.0,28.8,7,33.9,1,33.9,1,28.3,2,31.8,1,24.9,2,31.9,1,30.9,2,34.4,1,26.3,2,27.1,2
2016-07-20 15:00:00,22.4,5,27.1,3,32.7,2,26.8,4,33.6,2,22.2,3,23.8,3,27.7,4,31.4,2,32.7,2,32.5,2,34.9,3,34.5,2,33.8,2,26.6,3,32.3,4,33.0,2,35.0,2,35.5,2,34.2,1,30.6,5,35.6,2,36.0,1,32.9,1.0,29.3,7,35.0,1,35.0,1,28.6,3,31.7,4,25.4,3,32.3,2,30.5,2,35.0,1,26.5,1,27.0,2
2016-07-20 16:00:00,21.6,5,25.8,4,31.2,3,26.2,4,33.2,2,21.6,3,22.9,2,27.5,4,30.8,2,31.9,2,31.9,2,34.1,4,34.8,2,34.0,1,26.3,4,31.6,4,32.2,3,34.2,2,35.5,2,34.3,1,30.0,6,34.3,2,35.5,1,31.6,1.0,29.0,7,33.9,1,34.1,1,27.9,3,31.2,5,24.9,3,31.5,2,29.4,3,34.3,1,26.4,1,26.8,2
2016-07-20 17:00:00,20.7,5,24.5,5,29.2,4,25.1,3,32.3,2,21.0,3,21.8,2,27.0,3,29.7,3,30.8,3,31.0,3,32.9,5,34.5,2,33.6,1,25.5,4,30.5,4,31.1,4,32.8,2,34.9,2,33.6,1,29.0,6,32.6,3,34.5,1,29.9,1.0,28.3,7,32.0,1,32.7,1,26.8,4,30.4,6,24.3,3,30.2,2,28.1,3,33.2,1,26.1,1,26.5,3
2016-07-20 18:00:00,19.9,6,23.1,5,27.1,5,23.7,2,30.8,3,20.1,3,20.5,2,25.9,3,28.3,3,29.4,3,29.9,3,31.0,5,33.4,2,32.3,1,24.4,4,29.0,4,29.7,5,30.8,3,33.5,2,31.9,1,27.7,6,30.8,3,33.3,1,28.1,1.0,27.3,7,29.6,1,30.7,1,25.4,4,29.3,6,23.6,3,28.4,2,26.7,2,31.6,1,25.8,1,26.0,3
2016-07-20 19:00:00,19.3,6,21.8,6,25.3,5,21.9,2,28.5,4,19.0,3,19.3,2,24.0,3,26.7,3,27.6,3,28.6,3,28.7,6,31.4,2,30.1,2,22.9,4,27.2,4,28.1,5,28.3,4,31.1,2,29.1,1,26.2,6,29.1,4,31.8,1,26.2,1.0,25.8,6,27.2,2,28.2,1,23.8,5,28.0,6,23.1,4,26.3,3,25.4,2,29.4,1,25.4,1,25.3,4
2016-07-20 20:00:00,18.9,6,20.7,6,23.8,4,20.1,2,25.9,5,17.9,3,18.1,3,21.8,3,25.0,3,25.8,3,27.2,3,26.3,5,29.0,2,27.5,2,21.3,3,25.4,4,26.4,5,25.8,5,28.4,2,25.9,1,24.7,6,27.5,4,30.3,1,24.4,1.0,24.1,6,25.0,2,25.6,1,22.2,5,26.7,6,22.7,4,24.1,4,24.3,2,27.1,1,25.0,1,24.5,4
2016-07-20 21:00:00,18.7,6,19.9,6,22.5,3,18.7,2,23.8,5,17.0,3,17.2,3,19.8,3,23.6,3,24.3,3,25.8,3,24.6,6,27.5,2,25.6,3,19.9,3,23.7,3,24.9,4,23.9,6,26.3,2,23.9,1,23.5,6,26.1,5,28.7,2,22.7,2.0,23.2,6,23.1,2,23.3,1,21.1,5,25.8,6,22.3,4,22.5,4,23.4,3,25.2,1,24.7,1,24.1,5
2016-07-20 22:00:00,18.6,6,19.4,6,21.5,2,17.9,2,22.5,5,16.4,4,16.5,3,18.4,3,22.6,3,23.3,4,24.6,4,23.6,6,26.1,3,24.0,3,19.0,3,22.3,3,23.8,4,23.0,6,24.9,3,22.2,1,22.4,6,24.9,5,27.2,2,21.2,2.0,22.4,6,21.5,3,21.5,2,20.3,5,24.9,6,21.9,4,21.3,4,22.7,3,23.5,2,24.3,1,23.7,5
2016-07-20 23:00:00,18.7,6,19.2,6,20.6,2,17.5,3,21.7,5,16.0,4,16.1,4,17.6,3,21.8,3,22.7,4,23.5,4,23.1,6,24.6,3,22.8,3,18.4,3,21.3,3,22.9,4,22.7,6,23.9,4,20.7,2,21.4,5,23.8,5,25.9,3,20.0,3.0,21.7,6,20.2,4,20.1,3,19.6,5,24.0,5,21.6,4,20.4,4,22.2,3,22.3,2,24.0,2,23.4,5
2016-07-21 00:00:00,18.6,6,18.9,6,19.9,3,17.1,4,20.9,6,15.6,5,15.7,4,16.9,4,21.1,3,22.0,4,22.6,4,22.4,7,23.3,4,21.8,4,17.9,4,20.4,4,22.1,4,22.1,6,22.9,4,19.7,2,20.8,5,22.8,5,24.7,4,19.0,3.0,21.0,5,19.2,4,19.1,3,19.1,5,23.2,5,21.4,4,19.9,4,21.9,4,21.3,2,23.7,2,23.1,5
2016-07-21 01:00:00,18.4,6,18.5,6,19.3,3,16.4,4,20.0,6,15.2,5,15.3,5,16.2,4,20.3,3,21.1,5,21.9,5,21.3,7,22.1,4,20.8,5,17.4,5,19.7,4,21.3,5,21.1,6,21.8,5,18.9,3,20.3,5,21.8,5,23.7,4,18.3,4.0,20.5,5,18.6,4,18.4,4,18.7,5,22.5,5,21.3,4,19.6,4,21.6,4,20.5,3,23.5,2,23.0,5
2016-07-21 02:00:00,18.2,6,17.9,6,18.8,4,15.7,5,19.1,6,14.8,5,15.0,5,15.5,5,19.4,4,20.1,5,21.4,5,20.0,7,21.0,5,20.0,5,16.9,6,19.2,5,20.6,5,19.8,6,20.6,5,18.6,4,20.1,5,20.9,5,22.9,5,17.8,4.0,20.2,5,18.4,5,18.1,4,18.5,5,21.9,5,21.3,4,19.5,5,21.4,4,20.1,3,23.4,2,22.9,5
2016-07-21 03:00:00,17.6,5,16.6,4,17.8,4,15.2,5,18.3,6,14.6,6,14.4,6,14.8,4,17.9,4,18.7,4,19.9,4,19.0,4,21.5,7,21.4,6,16.4,5,17.2,4,18.4,4,18.2,5,20.7,7,20.8,5,17.3,5,19.1,6,22.9,6,18.0,4.0,17.1,4,18.6,5,18.6,6,17.4,4,19.8,6,20.6,4,19.9,4,20.7,5,20.0,3,22.6,3,21.1,5
2016-07-21 04:00:00,17.6,4,16.5,4,17.7,5,15.2,6,18.2,6,14.6,6,14.5,6,14.7,5,17.6,5,18.4,5,19.3,5,18.8,5,21.2,7,21.3,6,16.5,5,17.0,4,18.0,4,18.4,5,20.3,7,20.6,6,17.0,5,19.2,6,22.4,7,17.8,5.0,17.3,5,18.7,5,18.8,4,17.3,5,19.3,6,20.6,4,20.2,4,21.1,4,19.8,4,23.0,4,21.1,5
2016-07-21 05:00:00,17.7,4,16.8,5,17.9,5,15.4,6,18.5,6,14.8,6,14.8,6,14.9,5,17.8,6,18.6,6,19.2,6,19.2,6,21.3,7,21.7,6,16.9,5,17.3,5,18.2,5,19.1,5,20.4,6,20.8,7,17.0,5,19.8,6,22.1,6,18.0,5.0,17.9,6,19.5,4,19.4,3,17.4,6,19.1,6,20.9,4,21.0,3,22.0,4,20.3,5,23.9,5,21.7,6
2016-07-21 06:00:00,17.8,4,17.4,5,18.5,6,16.0,6,19.4,6,15.3,7,15.4,5,15.8,5,18.4,6,19.4,6,19.5,6,20.2,6,21.7,6,22.5,6,17.7,4,18.2,6,19.0,5,20.2,5,21.1,6,21.5,6,17.3,5,20.7,5,22.4,6,18.7,5.0,18.9,6,21.0,3,20.8,2,17.8,7,19.4,6,21.9,4,22.4,3,23.3,3,21.7,5,24.7,6,22.7,6
2016-07-21 07:00:00,18.0,5,18.4,5,19.6,6,17.0,6,20.8,5,16.2,7,16.4,5,17.4,5,19.4,6,20.7,6,20.5,6,21.7,6,22.6,6,23.5,7,19.0,4,19.8,5,20.5,5,21.6,5,22.4,6,22.7,5,18.2,5,22.0,5,23.5,4,20.2,5.0,20.2,5,23.3,2,23.0,2,18.5,7,20.4,6,23.6,4,24.5,3,24.8,3,24.0,5,25.3,6,24.1,5
2016-07-21 08:00:00,18.1,5,19.6,5,20.9,5,18.2,6,22.4,5,17.3,6,17.5,5,19.2,4,20.6,5,22.2,5,21.8,5,23.3,6,23.6,6,24.5,7,20.5,4,21.6,4,22.3,5,23.1,5,23.9,7,24.1,4,19.4,5,23.4,5,25.0,3,22.1,4.0,21.5,4,25.8,2,25.5,2,19.4,7,21.9,6,25.5,4,26.9,3,26.4,4,26.8,3,25.5,6,25.7,5
2016-07-21 09:00:00,18.3,5,20.6,5,22.2,5,19.4,5,23.8,4,18.4,6,18.5,5,20.8,3,21.8,4,23.6,4,23.2,4,24.8,5,24.5,6,25.4,6,21.8,4,23.2,4,23.8,5,24.5,5,25.3,6,25.1,3,20.7,5,24.7,4,26.5,2,24.1,4.0,22.7,4,28.2,2,27.9,2,20.3,6,23.5,6,27.0,5,29.1,3,28.0,4,29.3,2,25.6,5,27.1,5
2016-07-21 10:00:00,18.4,6,21.1,4,23.3,5,20.4,5,24.8,4,19.3,5,19.2,5,21.6,3,22.8,4,24.6,4,24.3,4,25.8,5,25.0,6,25.9,6,22.6,4,24.1,4,24.7,5,25.6,4,26.2,6,25.5,3,21.8,4,25.7,4,27.6,2,25.9,4.0,23.6,4,29.9,3,29.6,2,21.1,6,24.8,6,27.6,5,30.6,4,29.4,4,31.1,2,25.5,4,28.1,5
2016-07-21 11:00:00,18.5,6,21.3,4,24.2,5,21.1,5,25.5,4,19.9,5,19.7,4,22.0,3,23.6,4,25.3,4,25.1,4,26.5,5,25.2,5,26.1,5,23.0,4,24.6,4,25.1,5,26.3,4,26.8,5,25.5,3,22.7,4,26.5,4,28.3,3,27.4,4.0,24.2,5,31.1,4,30.8,2,21.8,6,25.8,6,27.5,5,31.6,5,30.5,3,32.2,2,25.4,3,28.6,5
2016-07-21 12:00:00,18.6,6,21.3,4,24.8,5,21.6,4,26.0,4,20.2,4,20.0,4,22.4,3,24.2,4,25.8,4,25.7,4,27.0,5,25.5,5,26.2,4,23.3,5,24.9,5,25.5,5,26.9,5,27.2,4,25.6,4,23.4,4,27.2,4,28.8,4,28.4,4.0,24.6,5,32.0,4,31.6,2,22.4,6,26.6,6,27.3,4,32.2,5,31.1,3,32.8,2,25.2,2,28.9,5
2016-07-21 13:00:00,18.7,6,21.4,5,25.1,5,21.8,5,26.4,5,20.3,5,20.2,4,23.0,4,24.5,5,26.1,5,26.1,5,27.4,6,26.0,5,26.2,5,23.8,5,25.4,5,26.1,6,27.3,5,27.6,5,26.1,4,23.9,5,27.8,4,29.3,4,28.9,4.0,25.0,5,32.8,4,32.3,2,22.9,6,27.2,5,27.3,4,32.6,4,31.1,2,33.2,2,25.1,2,29.0,5
2016-07-21 14:00:00,18.7,6,21.4,5,25.2,5,21.9,5,26.7,6,20.2,5,20.3,4,23.7,4,24.8,6,26.3,6,26.4,6,27.7,6,26.5,6,26.3,6,24.2,5,25.9,5,26.7,6,27.6,6,27.9,6,26.7,5,24.2,5,28.2,4,29.6,4,28.9,5.0,25.3,4,33.2,3,32.7,1,23.2,7,27.6,5,27.3,3,32.7,3,30.7,2,33.3,2,25.0,2,29.0,5
2016-07-21 15:00:00,18.2,5,20.4,6,23.1,6,21.4,4,25.5,6,20.3,4,20.3,5,23.1,5,23.6,5,25.0,6,25.0,6,27.6,5,27.6,4,27.9,6,24.1,3,25.6,6,26.2,5,28.3,4,29.2,4,28.3,6,24.6,5,29.3,4,30.5,3,28.8,4.0,25.9,5,34.3,3,33.5,2,23.5,7,28.1,6,28.5,3,33.5,3,31.6,3,34.3,3,25.0,2,29.4,5
2016-07-21 16:00:00,17.9,5,20.1,6,22.9,6,21.1,4,25.3,6,20.3,4,20.1,5,23.1,4,23.7,5,25.1,6,25.1,6,27.8,6,27.6,5,27.9,6,24.0,3,25.9,5,26.4,5,28.5,3,29.3,4,28.6,6,24.8,4,29.1,4,30.3,3,27.7,4.0,25.9,5,33.5,3,33.0,2,23.7,7,28.4,6,27.8,3,32.8,3,30.6,3,33.0,2,24.9,2,29.0,5
2016-07-21 17:00:00,17.5,5,19.6,6,22.5,6,20.6,4,24.8,6,20.2,3,19.6,4,22.8,4,23.6,5,24.9,5,25.0,5,27.5,6,27.3,5,27.6,5,23.5,2,25.8,4,26.5,5,28.3,3,29.1,4,28.3,4,24.8,4,28.3,3,29.7,3,26.2,4.0,25.5,5,32.1,4,32.1,2,23.5,6,28.3,5,26.9,3,31.7,3,29.4,4,31.2,2,24.7,2,28.6,5
2016-07-21 18:00:00,17.1,5,18.7,5,21.8,5,19.7,4,23.9,5,19.6,3,18.8,3,22.0,4,23.0,5,24.3,5,24.4,5,26.5,6,26.6,5,26.8,5,22.6,2,25.1,3,26.0,4,27.4,2,28.2,3,27.3,3,24.3,3,27.1,3,28.7,3,24.5,4.0,24.6,5,30.4,4,30.6,2,22.8,6,27.7,5,26.1,4,30.2,4,28.2,4,29.2,3,24.5,2,28.0,5
2016-07-21 19:00:00,16.8,5,17.5,4,20.6,5,18.5,4,22.7,5,18.5,2,17.7,3,20.8,3,21.9,5,23.1,5,23.4,5,24.6,5,25.5,5,25.4,4,21.3,2,23.8,3,24.8,4,25.6,3,26.6,3,25.4,3,23.3,3,25.7,3,27.4,3,22.8,4.0,23.2,4,28.6,4,28.6,2,21.5,6,26.6,5,25.5,4,28.3,4,27.1,4,27.4,3,24.2,2,27.2,5
2016-07-21 20:00:00,16.5,5,16.4,4,19.2,5,17.1,4,21.3,4,17.2,3,16.4,3,19.4,3,20.7,4,21.7,4,22.1,4,22.4,5,24.2,4,23.8,4,19.8,2,22.1,2,23.1,3,23.3,3,24.7,4,23.1,3,22.1,3,24.2,3,26.0,3,21.4,4.0,21.6,4,26.9,4,26.5,2,20.1,6,25.2,5,25.1,5,26.4,5,26.1,4,25.7,4,23.9,3,26.4,5
2016-07-21 21:00:00,16.4,5,15.6,4,18.2,5,16.0,4,20.2,3,16.3,3,15.4,3,18.1,3,19.6,4,20.6,4,21.1,4,20.8,5,23.0,4,22.6,4,18.5,1,20.8,2,21.7,3,21.6,4,23.3,4,21.6,3,21.2,3,22.9,3,24.9,4,20.2,4.0,20.8,4,25.3,4,24.6,2,19.2,6,24.3,5,24.5,5,25.0,5,25.3,4,24.1,4,23.7,3,25.7,5
2016-07-21 22:00:00,16.3,5,15.2,4,17.4,5,15.1,4,19.2,3,15.6,3,14.8,3,16.9,4,18.7,4,19.6,4,20.3,3,19.6,5,21.9,5,21.5,5,17.7,1,19.6,2,20.6,3,20.3,4,22.1,4,20.2,3,20.3,3,22.0,3,24.0,4,19.4,4.0,20.0,3,23.9,4,22.9,3,18.5,6,23.3,5,23.9,5,23.7,5,24.7,4,22.8,4,23.5,3,25.1,5
2016-07-21 23:00:00,16.2,6,15.0,4,16.8,5,14.5,4,18.3,3,15.2,4,14.5,4,15.9,4,18.0,4,18.8,4,19.7,3,18.9,5,20.7,5,20.7,5,17.1,2,18.6,3,19.8,3,19.4,4,21.1,5,19.1,3,19.6,4,21.2,4,23.2,4,18.8,4.0,19.3,3,22.5,5,21.5,4,17.8,6,22.4,5,23.3,5,22.6,5,24.0,5,21.7,5,23.4,3,24.4,5
2016-07-22 00:00:00,16.2,6,15.0,5,16.4,5,14.1,5,17.6,3,14.9,4,14.3,4,15.1,4,17.3,5,18.2,5,19.1,3,18.3,5,19.7,5,19.9,5,16.8,3,17.9,3,19.1,3,18.6,4,20.1,5,18.2,4,18.9,4,20.4,4,22.4,5,18.2,5.0,18.7,2,21.4,5,20.3,4,17.3,6,21.5,5,22.7,5,21.7,5,23.3,5,20.8,5,23.3,4,23.8,5
2016-07-22 01:00:00,16.2,6,14.9,5,16.1,6,13.9,5,16.8,4,14.7,5,14.2,4,14.6,5,16.8,5,17.6,5,18.7,4,17.6,6,18.8,5,19.1,5,16.4,4,17.3,4,18.5,4,17.8,5,19.1,6,17.5,4,18.4,4,19.4,5,21.6,5,17.3,5.0,18.3,3,20.4,5,19.3,4,17.0,5,20.7,5,22.1,5,21.0,5,22.7,5,20.3,5,23.3,4,23.2,5
2016-07-22 02:00:00,16.3,6,14.9,6,15.8,6,13.9,5,16.3,5,14.5,5,14.0,5,14.3,5,16.4,5,17.2,5,18.2,4,17.0,6,18.2,5,18.5,6,16.1,5,16.8,5,17.9,4,17.0,5,18.3,6,17.2,5,18.1,5,18.5,5,20.8,5,16.5,5.0,18.0,4,19.7,5,18.6,4,16.8,5,20.0,5,21.5,5,20.6,5,22.1,5,20.1,5,23.3,4,22.7,5
2016-07-22 03:00:00,16.4,7,15.3,6,16.6,6,14.1,4,16.6,5,14.6,5,14.2,5,14.7,5,15.8,2,16.6,3,17.8,3,17.2,5,18.4,5,18.7,5,16.7,4,16.8,3,18.0,4,17.2,3,18.5,5,17.9,4,18.1,4,18.8,4,21.0,5,16.9,5.0,17.8,6,20.3,5,18.7,5,17.0,7,19.8,6,21.8,5,21.5,5,21.2,4,18.5,5,22.0,4,23.5,4
2016-07-22 04:00:00,16.3,7,15.3,6,16.6,6,14.3,5,16.8,6,14.5,6,14.4,6,14.7,5,15.7,2,16.4,2,17.3,2,17.3,6,18.7,5,19.1,5,16.8,4,16.6,4,17.6,3,17.3,3,18.8,5,18.3,4,17.9,5,18.8,4,20.9,6,16.9,5.0,17.9,6,20.5,5,19.0,4,17.0,7,19.4,7,21.7,6,21.8,5,21.5,4,18.9,5,22.5,4,23.5,5
2016-07-22 05:00:00,16.4,7,15.6,6,16.8,6,14.8,6,17.4,6,14.8,6,14.9,6,15.2,5,16.0,2,16.8,2,17.3,2,17.9,6,19.5,5,20.1,5,17.2,3,16.9,4,17.5,3,18.0,3,19.7,5,19.3,5,18.0,5,19.2,5,21.2,6,17.3,6.0,18.4,6,21.3,5,19.8,3,17.2,7,19.3,7,22.1,6,22.5,5,22.4,4,20.0,5,23.2,4,24.0,6
2016-07-22 06:00:00,16.6,7,16.3,7,17.4,7,15.8,6,18.5,6,15.6,5,15.8,6,16.3,5,16.8,2,17.8,2,17.9,2,18.9,6,20.6,5,21.4,5,18.2,3,17.9,4,18.1,2,19.1,3,21.0,5,20.6,5,18.5,5,20.1,5,21.7,6,18.0,6.0,19.3,6,22.4,5,21.1,3,17.5,7,19.5,7,22.9,6,23.5,5,23.5,3,21.7,5,24.0,4,24.6,6
2016-07-22 07:00:00,17.1,7,17.5,7,18.5,7,17.3,5,19.8,6,17.1,4,17.2,5,18.1,4,18.1,2,19.4,2,19.2,2,20.4,6,21.9,5,22.8,4,19.7,2,19.6,4,19.5,2,20.6,3,22.4,5,22.1,4,19.4,4,21.4,4,22.5,6,19.0,6.0,20.5,7,23.7,5,22.8,3,17.8,7,20.0,7,24.0,6,24.8,4,24.6,4,23.9,5,24.5,5,25.3,6
2016-07-22 08:00:00,17.6,7,19.0,7,19.9,7,19.1,5,21.1,6,19.0,3,18.7,4,20.2,4,19.7,2,21.2,2,20.9,2,22.0,6,23.1,6,24.2,4,21.4,3,21.6,3,21.3,2,22.2,3,23.7,5,23.6,4,20.5,3,22.9,3,23.3,6,20.3,6.0,21.7,7,25.1,4,24.5,3,18.1,7,20.8,7,25.2,6,26.0,4,25.6,4,26.1,5,24.8,6,25.9,6
2016-07-22 09:00:00,18.2,7,20.4,7,21.2,7,20.8,4,22.3,6,20.6,2,20.1,3,22.1,4,21.2,2,22.9,2,22.5,2,23.5,6,24.1,6,25.4,4,23.0,3,23.4,2,23.1,2,23.6,2,24.9,5,24.8,4,21.6,3,24.1,3,24.1,5,21.6,6.0,22.8,7,26.1,3,26.1,3,18.4,7,21.5,7,26.0,6,27.2,4,26.5,4,28.1,5,24.9,6,26.5,6
2016-07-22 10:00:00,18.6,7,21.3,6,22.3,7,22.0,5,23.2,5,21.7,1,21.0,3,23.3,4,22.4,2,24.1,2,23.7,2,24.5,5,24.7,6,26.2,3,24.2,3,24.7,2,24.5,2,24.6,2,25.7,5,25.4,4,22.5,3,24.8,3,24.7,4,22.9,7.0,23.6,7,26.7,3,27.2,3,18.8,7,22.1,7,26.3,5,28.1,4,27.2,5,29.4,5,24.9,5,27.1,5
2016-07-22 11:00:00,18.9,7,21.9,6,23.2,7,22.8,5,23.8,5,22.2,2,21.6,3,24.0,4,23.3,2,24.8,2,24.5,2,25.1,4,24.9,5,26.7,3,25.0,3,25.5,3,25.4,2,25.3,2,26.3,5,25.7,4,23.1,3,25.1,4,25.1,3,24.0,7.0,24.1,6,27.0,3,28.0,3,19.3,7,22.5,7,26.2,5,28.7,4,27.8,5,30.3,5,24.9,4,27.5,5
2016-07-22 12:00:00,19.2,6,22.2,6,23.8,7,23.2,6,24.3,4,22.5,2,21.9,3,24.4,5,23.9,2,25.4,2,25.2,2,25.6,4,25.1,5,26.9,4,25.6,3,26.1,3,26.1,2,25.8,2,26.7,5,25.8,5,23.5,4,25.4,4,25.4,3,24.7,7.0,24.5,6,27.3,4,28.6,3,19.7,7,22.8,7,26.3,5,29.2,5,28.2,5,30.8,6,24.9,4,27.8,6
2016-07-22 13:00:00,19.4,6,22.3,6,24.2,7,23.3,6,24.6,5,22.7,2,22.1,3,24.8,4,24.3,2,25.9,2,25.8,2,26.1,4,25.3,6,26.8,4,26.0,3,26.7,4,26.6,2,26.4,2,27.0,6,25.9,5,23.7,3,25.8,4,25.6,3,25.0,7.0,24.7,6,27.7,3,29.2,3,20.0,7,23.0,7,26.7,5,29.6,4,28.5,4,31.1,5,24.9,4,27.8,6
2016-07-22 14:00:00,19.6,6,22.3,6,24.4,7,23.1,5,24.9,6,22.7,2,22.1,2,25.2,4,24.6,3,26.2,3,26.3,3,26.6,4,25.5,6,26.5,5,26.3,3,27.2,4,26.8,2,26.8,2,27.1,6,26.0,6,23.8,3,26.2,5,25.7,3,24.8,7.0,24.9,6,28.0,3,29.6,4,20.2,7,23.2,7,27.1,6,29.7,4,28.6,4,31.2,5,25.0,4,27.4,6
2016-07-22 15:00:00,19.4,7,21.8,7,23.8,7,23.1,5,25.6,7,21.9,2,21.7,4,25.0,4,24.7,6,25.7,6,26.0,6,25.6,7,25.9,5,27.7,6,26.4,2,27.4,6,25.9,6,26.0,7,25.4,7,26.3,6,24.1,5,25.0,7,24.7,5,23.8,7.0,26.1,6,28.3,5,29.4,3,21.0,7,23.8,7,25.1,6,28.7,5,27.9,6,30.7,6,24.9,5,26.7,6
2016-07-22 16:00:00,19.2,6,21.4,6,23.4,7,22.7,5,25.2,7,21.6,2,21.4,3,24.8,4,24.6,6,25.5,6,25.9,6,25.4,7,25.6,6,27.0,6,26.1,2,27.3,5,25.7,6,25.9,7,25.0,7,25.8,6,24.1,6,24.6,7,24.3,5,23.2,7.0,26.1,6,28.0,4,29.2,3,21.0,7,23.6,7,25.1,6,28.3,4,27.5,5,30.3,5,24.8,5,25.9,5
2016-07-22 17:00:00,18.9,6,20.8,6,22.8,6,22.0,4,24.4,6,21.2,2,20.9,3,24.2,4,24.3,6,25.1,6,25.5,6,24.8,7,24.9,6,26.1,6,25.4,2,26.7,5,25.2,6,25.4,6,24.3,6,25.0,7,23.9,6,23.9,7,23.7,5,22.4,6.0,25.8,6,27.2,3,28.6,2,20.6,6,23.2,7,24.8,5,27.5,4,26.9,4,29.4,4,24.6,4,24.9,5
2016-07-22 18:00:00,18.4,6,19.8,5,21.9,6,21.0,4,23.3,6,20.4,2,20.0,2,23.1,3,23.5,6,24.4,6,24.8,6,23.8,7,24.1,6,25.0,6,24.3,2,25.6,4,24.3,6,24.3,6,23.4,6,24.0,7,23.3,6,22.9,7,22.9,4,21.4,6.0,25.1,6,26.1,3,27.5,2,20.0,6,22.5,7,24.4,4,26.4,3,26.0,3,28.2,3,24.4,3,24.0,4
2016-07-22 19:00:00,17.9,6,18.6,5,20.7,6,19.6,3,22.0,6,19.2,2,18.8,2,21.6,3,22.3,6,23.3,6,23.8,6,22.4,6,23.2,6,23.7,6,23.0,2,24.1,4,23.2,6,22.7,6,22.3,6,22.6,6,22.3,6,21.9,7,22.1,4,20.2,5.0,23.8,5,24.8,3,25.9,2,19.1,6,21.6,7,23.8,3,25.2,2,25.1,2,26.7,2,24.1,3,23.5,4
2016-07-22 20:00:00,17.3,6,17.3,5,19.5,6,18.1,2,20.6,6,17.9,2,17.4,3,19.9,3,20.9,6,22.0,6,22.7,6,20.9,6,22.2,6,22.5,6,21.6,2,22.3,4,21.9,6,20.8,7,21.1,6,21.1,6,21.1,5,21.0,7,21.3,4,18.9,4.0,22.4,5,23.6,3,24.0,2,18.0,6,20.8,7,23.1,2,23.9,2,24.3,2,25.0,2,23.8,2,23.2,4
2016-07-22 21:00:00,17.2,6,16.5,5,18.6,6,17.0,2,19.5,6,16.7,2,16.3,3,18.4,3,19.8,6,20.9,5,21.7,6,19.7,6,21.5,6,21.6,6,20.3,2,20.9,4,20.9,6,19.4,7,20.2,6,19.9,6,20.1,5,20.1,7,20.8,4,18.1,4.0,21.1,4,22.5,3,22.4,2,17.3,6,20.1,7,22.4,2,22.9,2,23.5,2,24.0,2,23.5,3,22.7,4
2016-07-22 22:00:00,17.0,6,15.9,5,17.8,6,16.1,2,18.6,6,16.0,3,15.5,3,17.2,3,18.9,5,19.9,5,20.8,5,18.8,6,21.0,6,21.1,6,19.3,3,19.7,4,19.9,6,18.2,7,19.3,6,19.4,6,19.2,5,19.3,6,20.3,4,17.3,4.0,20.3,4,21.6,3,21.1,3,16.8,6,19.6,6,21.9,2,22.1,2,22.8,2,23.0,2,23.2,3,22.3,4
2016-07-22 23:00:00,16.9,5,15.6,5,17.2,6,15.4,3,17.8,5,15.5,3,14.9,4,16.2,3,18.1,5,19.1,5,20.0,5,18.0,6,20.5,6,20.8,6,18.3,3,18.7,4,19.1,6,17.3,7,18.5,6,19.1,6,18.5,5,18.5,6,19.8,5,16.6,4.0,19.9,4,20.8,3,20.0,3,16.5,6,19.1,6,21.4,3,21.5,3,22.2,2,22.1,3,23.0,3,22.0,4
2016-07-23 00:00:00,16.8,5,15.4,5,16.7,6,15.0,3,17.1,5,15.3,4,14.5,4,15.4,4,17.4,5,18.3,5,19.3,5,17.3,6,19.8,5,20.2,6,17.4,4,17.9,4,18.3,6,16.5,6,17.8,6,18.7,6,18.0,5,17.8,6,19.4,5,16.0,4.0,19.6,4,20.2,3,19.1,3,16.4,5,18.7,6,21.0,3,21.0,3,21.6,3,21.3,3,22.7,3,21.7,4
2016-07-23 01:00:00,16.8,5,15.3,5,16.3,6,14.7,4,16.4,5,15.1,4,14.3,5,14.8,4,16.8,5,17.6,5,18.7,5,16.7,6,18.8,5,19.1,6,16.6,5,17.2,4,17.6,6,15.9,6,17.3,5,17.8,6,17.6,5,17.2,6,19.1,6,15.5,4.0,19.1,4,19.8,4,18.4,4,16.3,5,18.3,5,20.7,3,20.7,3,21.2,3,20.8,3,22.6,4,21.4,4
2016-07-23 02:00:00,16.9,5,15.2,5,15.9,6,14.5,5,15.9,5,14.9,4,14.2,5,14.4,5,16.4,5,17.1,5,18.3,5,16.3,6,17.8,5,18.0,6,16.0,5,16.6,4,16.9,5,15.4,6,17.0,5,16.8,6,17.3,5,16.8,6,18.9,6,15.2,5.0,18.6,4,19.5,4,17.9,5,16.3,5,18.0,5,20.6,3,20.5,4,21.0,4,20.4,4,22.5,4,21.3,4
2016-07-23 03:00:00,16.5,6,15.4,5,16.0,5,14.8,3,15.9,5,15.0,4,14.9,4,14.8,2,16.2,4,16.8,4,17.9,4,16.2,6,17.9,7,18.6,6,16.2,1,16.7,2,16.6,6,15.4,7,17.2,6,17.4,7,16.1,4,16.2,7,18.7,7,15.1,5.0,17.8,6,19.4,4,18.1,3,15.8,6,17.4,7,20.3,4,20.3,4,21.3,3,18.9,3,22.7,4,20.6,4
2016-07-23 04:00:00,16.4,6,15.4,6,15.9,5,14.9,2,16.0,6,15.0,4,15.0,5,15.0,3,16.0,3,16.7,4,17.4,4,16.4,6,18.1,7,18.9,6,16.1,1,16.4,2,16.4,6,15.8,7,17.6,7,17.8,7,15.9,4,16.5,7,18.7,7,15.1,5.0,17.7,6,19.9,4,18.3,4,15.9,6,17.2,7,20.4,4,20.6,4,21.6,3,19.2,2,22.9,4,20.8,3
2016-07-23 05:00:00,16.5,6,15.7,7,16.2,5,15.4,2,16.6,6,15.2,4,15.4,5,15.5,4,16.2,3,17.1,4,17.3,4,17.1,6,18.8,7,19.7,6,16.5,2,16.5,2,16.7,6,16.6,7,18.6,7,18.7,7,16.0,5,17.3,7,19.0,7,15.5,5.0,18.1,6,20.8,5,18.9,4,16.3,6,17.4,7,20.9,4,21.4,4,22.2,4,20.1,2,23.3,4,21.3,3
2016-07-23 06:00:00,16.8,6,16.5,7,16.9,6,16.4,2,17.6,6,15.9,4,16.2,5,16.6,4,17.1,3,18.1,4,17.9,4,18.2,6,19.7,6,20.8,6,17.4,2,17.4,2,17.6,6,17.8,7,19.8,7,19.8,7,16.5,5,18.3,7,19.6,7,16.2,5.0,19.0,5,21.9,5,20.0,4,17.0,6,18.0,7,21.9,5,22.4,4,23.2,4,21.7,2,23.9,5,22.1,3
2016-07-23 07:00:00,17.5,6,18.0,6,18.1,6,18.1,2,18.9,6,17.1,3,17.6,5,18.4,4,18.6,3,19.6,4,19.4,4,19.7,6,20.7,6,22.0,6,19.0,2,19.2,2,19.2,6,19.4,6,21.1,7,20.9,7,17.6,4,19.5,7,20.5,7,17.2,5.0,20.5,5,23.1,4,21.6,4,18.0,6,19.1,6,23.3,5,23.7,4,24.3,3,23.9,2,24.4,5,23.2,3
2016-07-23 08:00:00,18.3,5,19.8,5,19.7,6,20.0,2,20.3,6,18.4,3,19.1,5,20.5,5,20.3,3,21.4,3,21.4,3,21.4,6,21.7,5,23.0,6,20.8,2,21.4,2,21.1,5,21.1,5,22.4,7,22.0,7,19.0,3,20.7,7,21.3,7,18.3,5.0,22.3,4,24.2,4,23.3,3,19.2,7,20.5,6,24.9,5,25.0,4,25.5,2,26.2,2,24.7,4,24.4,3
2016-07-23 09:00:00,19.0,4,21.4,4,21.1,6,21.8,2,21.5,6,19.7,3,20.4,5,22.3,4,21.9,3,23.1,3,23.2,3,22.8,5,22.4,5,23.9,6,22.6,2,23.5,2,22.7,4,22.6,5,23.4,7,22.8,7,20.4,2,21.7,7,22.0,7,19.5,5.0,23.9,3,25.2,3,24.8,3,20.3,7,21.8,6,26.3,5,26.2,4,26.6,2,28.2,2,25.0,4,25.6,3
2016-07-23 10:00:00,19.4,3,22.6,3,22.2,6,23.0,3,22.3,6,20.6,3,21.1,4,23.5,4,23.1,2,24.3,2,24.3,2,23.7,5,22.7,5,24.4,6,23.9,2,25.0,2,23.7,4,23.6,4,24.2,6,23.3,6,21.5,2,22.3,7,22.3,7,20.6,5.0,25.0,3,26.1,3,25.8,2,21.1,6,22.8,6,27.3,4,27.1,4,27.6,2,29.5,2,25.2,4,26.6,3
2016-07-23 11:00:00,19.6,3,23.3,3,23.1,5,23.6,3,22.8,6,21.1,5,21.4,4,24.1,4,23.9,2,25.2,2,25.0,2,24.3,5,22.9,5,24.7,5,24.9,2,26.0,2,24.3,4,24.3,4,24.7,5,23.6,6,22.2,2,22.6,7,22.4,7,21.6,5.0,25.8,2,26.8,3,26.5,2,21.6,6,23.6,6,27.9,4,27.9,4,28.4,2,30.2,3,25.4,4,27.5,3
2016-07-23 12:00:00,19.8,2,23.6,2,23.7,5,23.9,3,23.2,6,21.4,5,21.5,3,24.6,3,24.5,2,25.8,2,25.5,2,24.7,5,23.0,6,24.9,5,25.6,2,26.6,2,24.7,4,24.8,4,25.0,5,23.9,6,22.8,2,23.0,7,22.5,7,22.3,6.0,26.3,2,27.4,3,27.1,3,22.0,6,24.3,6,28.4,4,28.5,4,28.9,2,30.5,3,25.5,4,28.1,4
2016-07-23 13:00:00,20.1,3,23.7,2,24.2,5,23.9,3,23.7,6,21.6,5,21.5,3,25.1,3,25.0,3,26.2,3,26.1,3,25.1,5,23.3,6,25.0,5,26.3,2,27.1,2,25.1,4,25.2,4,25.2,5,24.2,6,23.3,2,23.5,7,22.8,7,22.7,6.0,26.7,2,27.8,4,27.7,4,22.3,6,24.9,6,28.8,4,29.1,4,29.2,2,30.5,4,25.6,5,28.4,4
2016-07-23 14:00:00,20.3,3,23.5,2,24.5,5,23.8,3,24.3,6,21.7,4,21.5,2,25.6,3,25.3,4,26.5,4,26.6,4,25.5,4,23.6,6,25.1,6,26.7,2,27.4,2,25.5,4,25.6,3,25.4,5,24.4,6,23.6,2,24.0,7,23.1,7,22.8,7.0,27.0,3,28.0,4,28.0,5,22.5,6,25.5,5,29.0,4,29.5,4,29.2,2,30.3,4,25.7,6,28.4,4
2016-07-23 15:00:00,20.9,2,23.8,2,25.2,2,23.9,3,24.9,3,21.6,2,21.7,4,25.3,4,25.7,2,26.9,2,27.0,2,25.8,5,24.1,6,24.1,7,26.7,2,28.0,3,26.3,4,26.6,4,25.2,6,24.2,7,24.7,2,25.7,7,23.7,7,21.6,7.0,26.5,3,27.4,4,27.3,4,22.0,6,25.2,5,27.8,4,29.4,5,28.7,4,29.4,4,25.8,3,27.8,2
2016-07-23 16:00:00,20.9,2,23.6,2,25.0,2,23.3,3,25.0,3,21.4,2,21.4,3,25.1,3,25.7,2,26.7,2,26.9,2,26.1,5,24.3,6,24.3,7,26.6,2,28.0,3,26.3,3,26.6,3,25.1,5,24.6,7,24.8,2,25.5,6,23.6,7,21.0,7.0,26.4,3,26.8,4,26.5,4,21.9,5,25.2,4,27.5,4,28.6,5,28.1,4,28.6,4,25.3,3,27.5,2
2016-07-23 17:00:00,20.6,2,23.0,2,24.4,2,22.4,3,24.6,2,21.0,2,20.9,3,24.5,3,25.5,2,26.2,2,26.6,2,25.9,4,24.2,6,24.2,7,26.0,2,27.6,3,26.0,3,26.0,2,24.6,5,24.7,6,24.5,2,24.9,6,23.1,7,20.2,7.0,26.0,2,25.8,4,25.4,4,21.5,5,24.9,4,27.1,4,27.5,5,27.2,4,27.6,3,24.7,3,27.0,2
2016-07-23 18:00:00,20.1,2,21.8,2,23.3,2,21.2,3,23.7,2,20.2,2,20.1,3,23.5,2,24.8,2,25.4,2,25.9,2,24.9,3,23.6,5,23.6,6,24.9,2,26.6,3,25.3,2,24.8,2,23.6,4,24.1,6,23.9,2,23.8,5,22.4,7,19.1,6.0,25.2,2,24.7,3,24.1,4,20.8,4,24.2,3,26.4,4,26.2,4,26.2,4,26.4,3,24.1,3,26.4,2
2016-07-23 19:00:00,19.4,2,20.1,2,21.8,2,19.7,3,22.2,2,19.1,2,18.9,3,22.1,2,23.5,2,24.2,2,24.9,2,23.0,2,22.6,5,22.5,7,23.3,1,25.1,3,24.0,2,22.8,1,22.3,5,22.5,6,22.8,2,22.4,4,21.4,7,17.8,6.0,23.8,2,23.8,3,22.8,3,19.7,3,23.1,3,25.6,4,25.0,4,25.3,3,25.1,3,23.7,3,25.7,2
2016-07-23 20:00:00,18.6,3,18.2,2,20.2,2,18.1,3,20.4,2,17.9,2,17.5,3,20.4,2,22.0,2,22.7,1,23.6,1,20.7,2,21.5,4,21.1,7,21.5,1,23.3,2,22.5,2,20.6,1,20.8,5,20.6,6,21.5,2,21.0,4,20.5,6,16.6,5.0,22.2,2,23.1,2,21.5,3,18.5,3,21.7,2,24.7,4,24.0,3,24.5,2,23.8,3,23.4,3,25.1,2
2016-07-23 21:00:00,18.3,3,16.9,2,18.9,2,16.8,4,19.0,2,16.9,3,16.4,3,19.0,2,20.8,2,21.5,2,22.5,1,19.0,2,20.5,5,20.1,7,20.1,2,21.7,3,21.2,2,18.8,2,19.7,5,19.2,6,20.3,2,19.7,4,20.0,6,15.8,5.0,21.0,2,22.2,2,20.4,2,17.6,3,20.7,2,23.8,3,23.0,3,23.7,2,22.5,4,23.0,3,24.5,2
2016-07-23 22:00:00,18.0,3,16.1,3,17.9,3,15.9,4,17.8,2,16.2,3,15.6,3,17.8,3,19.6,2,20.3,2,21.4,1,17.7,2,19.8,5,19.4,7,18.9,2,20.4,3,20.0,2,17.4,2,18.7,4,18.1,6,19.3,2,18.5,4,19.5,6,15.2,5.0,20.0,2,21.4,2,19.4,2,17.0,3,19.9,3,23.0,3,22.1,3,22.9,2,21.3,4,22.7,3,24.0,2
2016-07-23 23:00:00,17.7,3,15.7,3,17.1,3,15.2,4,16.9,3,15.7,3,15.0,4,16.7,3,18.6,2,19.3,2,20.4,1,17.0,3,19.3,5,19.1,6,18.0,2,19.2,3,19.0,2,16.4,3,17.9,4,17.3,6,18.5,2,17.6,4,19.1,6,14.7,5.0,19.3,2,20.6,2,18.5,3,16.5,3,19.3,4,22.3,3,21.4,2,22.1,2,20.2,4,22.4,3,23.6,2
2016-07-24 00:00:00,17.5,3,15.4,4,16.5,4,14.8,4,16.2,3,15.4,4,14.6,4,15.8,4,17.8,2,18.3,2,19.6,2,16.4,3,18.7,5,18.7,6,17.2,3,18.2,3,18.0,2,15.6,3,17.2,4,16.7,6,17.9,2,16.8,5,18.7,6,14.3,5.0,18.7,2,20.0,2,17.8,3,16.3,3,18.8,4,21.6,4,20.9,2,21.4,2,19.3,4,22.1,3,23.1,1
2016-07-24 01:00:00,17.4,3,15.3,4,16.0,4,14.6,5,15.6,4,15.1,4,14.4,5,15.1,4,17.0,2,17.5,3,18.8,2,16.0,4,17.8,5,18.1,6,16.6,3,17.4,4,17.2,3,15.0,4,16.6,4,16.2,6,17.4,3,16.3,5,18.4,5,14.0,5.0,18.3,3,19.6,2,17.3,3,16.1,4,18.4,5,21.0,4,20.5,2,20.9,2,18.5,4,22.0,4,22.5,1
2016-07-24 02:00:00,17.4,4,15.1,5,15.7,5,14.6,5,15.2,5,15.0,5,14.3,5,14.6,4,16.4,2,16.8,3,18.2,3,15.5,5,17.0,5,17.5,6,16.0,4,16.7,4,16.4,3,14.7,5,16.2,5,16.0,6,17.0,4,16.1,5,18.3,5,13.8,5.0,17.9,3,19.4,2,17.1,4,16.1,5,18.1,5,20.6,4,20.4,2,20.5,2,18.1,4,21.9,4,21.8,1
2016-07-24 03:00:00,16.6,7,15.0,5,15.6,3,14.2,3,15.3,2,15.3,5,14.4,5,14.2,3,15.8,1,16.2,1,17.5,1,15.3,2,17.4,6,17.6,6,15.9,1,16.6,2,15.9,1,14.4,2,16.4,6,16.3,6,16.3,1,15.7,4,17.4,7,14.1,5.0,17.5,2,18.7,2,17.0,3,15.1,3,17.0,6,20.3,2,19.8,2,20.0,2,18.1,4,21.6,3,21.4,2
2016-07-24 04:00:00,16.6,7,15.0,6,15.7,3,14.4,4,15.3,2,15.4,4,14.7,5,14.2,3,15.6,1,16.1,2,17.0,2,15.5,2,17.7,6,18.1,6,15.9,1,16.3,2,15.6,1,14.6,2,16.7,6,16.8,7,16.0,1,15.9,4,17.5,7,14.0,5.0,17.5,2,19.0,2,17.2,3,15.1,3,16.7,6,20.4,3,20.3,2,20.3,2,18.2,4,21.8,3,21.4,2
2016-07-24 05:00:00,16.8,7,15.4,7,16.2,4,14.9,4,15.7,2,15.7,4,15.2,6,14.7,4,15.9,2,16.4,2,17.0,2,16.2,2,18.4,5,19.0,6,16.3,1,16.5,2,15.7,2,15.4,2,17.5,6,17.8,7,16.0,2,16.5,5,17.9,7,14.4,6.0,18.0,2,19.8,3,17.9,3,15.4,3,16.7,5,20.9,4,21.2,3,21.2,2,19.0,4,22.4,4,21.7,2
2016-07-24 06:00:00,17.2,7,16.3,7,17.1,4,15.9,5,16.8,2,16.4,4,16.1,6,15.7,4,16.8,2,17.4,2,17.7,2,17.4,2,19.4,5,20.2,6,17.3,2,17.4,2,16.6,2,16.8,2,18.6,6,19.0,7,16.6,2,17.6,5,18.6,7,15.1,6.0,19.0,3,20.9,3,19.0,4,16.2,3,17.3,5,22.0,4,22.4,3,22.3,2,20.6,5,23.1,4,22.4,2
2016-07-24 07:00:00,17.9,6,17.6,6,18.6,4,17.5,5,18.0,2,17.5,5,17.4,6,17.5,4,18.2,2,19.1,2,19.3,2,19.1,2,20.0,5,21.6,6,18.8,2,18.5,2,18.2,1,18.5,2,19.3,6,20.2,7,18.1,2,18.9,5,19.5,7,16.1,6.0,20.3,2,22.3,3,20.4,3,17.4,4,18.7,4,23.3,4,23.8,3,23.6,2,22.8,5,23.8,5,23.6,2
2016-07-24 08:00:00,18.6,6,19.3,4,20.3,3,19.3,6,19.9,2,18.8,6,18.9,5,19.6,4,20.0,2,21.1,2,21.3,2,20.9,2,21.3,6,22.9,6,20.7,2,20.7,2,20.2,1,20.5,1,20.5,6,21.4,7,19.9,2,20.5,4,20.5,7,17.3,5.0,21.9,2,23.7,2,22.0,3,18.8,4,20.5,4,24.9,2,25.3,2,25.0,2,25.3,5,24.4,5,25.0,2
2016-07-24 09:00:00,19.3,5,20.9,3,22.0,2,21.0,6,21.7,2,20.0,6,20.3,5,21.4,4,21.6,2,22.9,2,23.1,2,22.5,2,22.3,6,23.9,6,22.3,2,22.7,2,22.1,2,22.2,1,21.8,6,22.3,6,21.7,2,21.8,4,21.3,7,18.6,5.0,23.4,2,24.9,2,23.5,3,20.2,4,22.2,4,26.5,2,26.7,2,26.3,1,27.3,5,24.9,5,26.4,2
2016-07-24 10:00:00,19.7,5,22.0,3,23.4,2,22.3,7,23.0,2,20.8,7,21.3,5,22.6,5,22.8,2,24.2,2,24.2,2,23.6,2,22.9,6,24.7,5,23.4,2,24.0,2,23.3,2,23.4,2,22.8,5,22.9,6,23.0,2,22.8,4,21.9,7,19.9,5.0,24.7,2,26.0,2,24.9,3,21.3,4,23.4,4,27.5,1,27.9,2,27.5,2,28.5,5,25.4,5,27.6,2
2016-07-24 11:00:00,19.9,4,22.7,3,24.4,2,23.2,7,23.8,2,21.3,6,22.1,5,23.4,5,23.7,2,25.1,2,24.9,2,24.2,2,23.3,5,25.2,4,24.3,2,24.8,2,23.9,3,24.2,2,23.6,5,23.3,6,23.9,2,23.5,5,22.4,7,21.2,5.0,25.6,2,26.9,2,26.0,4,22.1,5,24.3,4,28.2,2,28.9,2,28.6,2,29.1,5,25.7,5,28.6,2
2016-07-24 12:00:00,19.9,4,23.0,3,25.2,2,23.8,7,24.4,2,21.7,6,22.5,5,24.0,6,24.3,2,25.6,2,25.3,2,24.7,2,23.6,5,25.5,4,24.9,3,25.5,2,24.3,3,24.8,2,24.3,4,23.6,6,24.7,2,24.1,5,22.9,7,22.2,6.0,26.2,3,27.7,3,26.9,5,22.7,5,25.0,4,28.6,2,29.8,2,29.4,2,29.2,4,26.0,5,29.3,2
2016-07-24 13:00:00,19.9,4,23.1,3,25.7,2,24.1,6,25.1,2,21.9,6,22.7,5,24.7,6,24.7,2,25.9,2,25.8,2,25.1,2,24.1,5,25.7,5,25.4,3,26.1,3,24.9,3,25.4,2,24.8,4,24.0,7,25.5,2,24.5,5,23.4,7,22.9,6.0,26.7,3,28.3,3,27.5,5,23.0,5,25.8,3,28.9,2,30.5,2,30.0,2,29.1,4,26.1,5,29.6,2
2016-07-24 14:00:00,19.9,5,23.1,4,26.1,2,24.2,5,25.7,3,22.0,6,22.8,5,25.5,6,25.0,2,26.1,2,26.3,3,25.6,3,24.8,6,25.8,6,25.9,3,26.8,4,25.3,2,25.8,2,25.1,5,24.3,7,26.1,2,24.8,4,24.0,6,23.2,6.0,27.0,3,28.7,3,27.7,5,23.1,5,26.5,2,29.1,2,30.8,2,30.2,2,29.1,4,26.1,4,29.7,2
2016-07-24 15:00:00,19.9,6,23.0,5,25.4,6,24.2,3,25.8,3,21.5,7,22.9,6,25.9,3,25.4,3,26.6,4,27.0,3,25.5,3,26.0,5,25.9,6,25.8,2,27.4,4,26.7,3,26.3,4,25.7,5,25.6,6,25.1,2,25.9,2,24.0,4,23.6,6.0,26.4,3,28.3,2,28.2,3,23.3,5,26.6,2,29.5,2,31.1,2,30.5,1,29.6,2,26.0,2,29.5,2
2016-07-24 16:00:00,19.6,5,22.7,4,25.2,5,24.1,3,25.9,3,21.4,7,22.4,6,26.0,3,25.7,3,26.7,3,27.1,3,26.0,3,25.9,5,25.8,5,25.5,2,27.7,4,26.9,3,26.5,4,25.6,5,25.6,6,25.2,2,25.8,2,24.2,4,22.8,6.0,26.3,3,28.0,2,27.8,3,23.5,5,26.8,2,29.3,2,30.5,2,30.0,1,29.4,2,25.5,2,29.2,2
2016-07-24 17:00:00,19.2,5,22.2,3,24.7,4,23.6,3,25.6,2,21.2,7,21.8,7,25.7,3,25.9,3,26.5,3,26.9,3,26.1,3,25.4,5,25.5,4,24.8,2,27.6,3,26.7,3,26.2,4,25.1,4,25.2,6,24.9,2,25.4,2,24.0,4,21.7,6.0,25.9,2,27.4,1,27.0,2,23.3,4,26.6,2,29.0,3,29.3,2,29.3,2,29.2,2,25.1,2,28.8,1
2016-07-24 18:00:00,18.8,5,21.2,3,23.7,3,22.7,3,24.7,2,20.6,6,20.9,6,24.8,3,25.4,2,25.9,2,26.4,2,25.4,3,24.6,5,24.8,2,23.7,2,26.9,3,26.0,4,25.2,3,24.2,4,24.2,6,24.3,3,24.5,2,23.5,4,20.4,6.0,25.1,2,26.6,1,25.9,2,22.7,4,26.0,2,28.3,3,27.9,2,28.3,1,28.4,2,24.7,2,28.1,1
2016-07-24 19:00:00,18.4,5,19.9,2,22.3,3,21.2,3,23.0,2,19.6,6,19.8,6,23.4,3,24.2,2,24.8,2,25.5,2,23.6,2,23.4,4,23.5,2,22.2,2,25.4,2,24.7,4,23.3,3,22.8,4,22.5,6,23.2,2,23.1,2,22.6,3,19.1,5.0,23.6,1,25.5,1,24.5,2,21.4,4,24.8,2,27.2,3,26.3,2,27.2,1,26.9,2,24.4,2,27.3,1
2016-07-24 20:00:00,18.1,5,18.4,2,20.7,2,19.5,3,21.1,2,18.4,5,18.7,5,21.8,3,22.5,2,23.3,2,24.3,2,21.3,2,22.1,3,21.9,2,20.7,3,23.5,2,23.0,4,21.1,3,21.4,3,20.7,6,21.9,2,21.5,1,21.5,3,17.9,5.0,21.9,1,24.3,1,22.9,1,19.8,3,23.4,2,25.8,2,24.8,2,26.0,1,25.1,1,24.1,1,26.4,1
2016-07-24 21:00:00,17.9,5,17.5,3,19.8,2,18.2,3,19.5,3,17.8,5,17.7,5,20.3,4,21.2,2,22.0,2,23.2,2,19.5,3,21.0,2,20.8,2,19.6,3,21.9,2,21.6,4,19.3,3,20.1,3,19.3,6,20.7,2,20.1,2,20.7,3,17.0,5.0,20.6,1,23.3,1,21.5,1,18.5,3,22.3,2,24.6,2,23.6,1,25.0,1,23.6,2,23.9,1,25.6,1
2016-07-24 22:00:00,17.8,6,16.8,3,19.0,3,17.2,4,18.4,3,17.3,4,17.0,5,19.0,4,20.1,3,20.8,2,22.1,2,18.2,3,19.9,2,19.9,3,18.7,4,20.6,2,20.4,3,18.0,3,19.3,3,18.5,6,19.7,2,19.0,3,20.1,3,16.4,5.0,19.5,2,22.3,1,20.4,2,17.6,3,21.2,2,23.5,2,22.7,1,24.0,1,22.2,2,23.7,2,24.7,1
2016-07-24 23:00:00,17.8,6,16.3,4,18.3,3,16.4,4,17.7,4,16.8,4,16.4,5,17.9,4,19.1,3,19.8,2,21.1,3,17.4,4,19.0,2,19.2,4,18.1,4,19.5,2,19.5,3,17.2,3,18.8,3,18.0,6,18.9,2,18.1,3,19.6,4,15.9,5.0,18.8,2,21.5,1,19.6,2,17.0,2,20.3,3,22.6,2,22.0,1,23.2,1,21.1,2,23.4,2,23.9,2
2016-07-25 00:00:00,17.7,6,15.9,4,17.7,4,16.0,5,17.2,4,16.3,4,16.1,5,17.1,5,18.3,3,18.9,2,20.2,3,17.0,5,18.2,3,18.6,5,17.5,5,18.6,2,18.8,3,16.7,4,18.3,4,17.6,6,18.2,2,17.4,4,19.2,4,15.5,5.0,18.2,2,20.7,2,18.9,2,16.7,3,19.5,3,21.8,3,21.6,1,22.3,1,20.0,2,23.0,2,23.0,2
2016-07-25 01:00:00,17.7,6,15.7,5,17.2,4,15.7,5,16.7,5,16.0,4,15.9,5,16.4,5,17.6,4,18.1,3,19.5,4,16.6,5,17.7,3,18.1,5,17.1,5,17.8,2,18.1,3,16.2,4,17.5,5,17.1,6,17.7,3,17.0,4,18.8,4,15.0,5.0,17.8,3,20.1,2,18.3,2,16.5,3,18.9,3,21.2,3,21.2,1,21.6,1,19.0,2,22.5,2,22.2,2
2016-07-25 02:00:00,17.8,7,15.7,5,16.9,5,15.5,6,16.4,6,15.7,5,15.7,5,15.9,5,17.1,5,17.6,4,18.9,4,16.3,6,17.3,4,17.7,6,16.7,6,17.3,3,17.4,3,15.9,5,16.9,5,16.6,6,17.2,3,16.7,5,18.5,5,14.7,5.0,17.5,3,19.7,2,17.8,2,16.3,4,18.3,4,20.7,3,20.9,1,21.0,2,18.2,2,22.1,2,21.6,2
2016-07-25 03:00:00,17.3,6,16.1,6,16.6,5,16.2,5,16.5,2,16.0,6,15.8,6,16.8,5,17.3,3,17.5,4,18.8,3,16.1,2,17.5,4,17.7,6,17.1,4,17.5,2,16.9,2,15.0,2,16.4,2,16.9,6,16.7,1,16.5,2,17.9,5,14.4,4.0,17.0,3,20.0,1,17.6,1,15.3,2,17.6,2,20.8,1,21.0,1,21.4,1,18.3,1,22.4,1,22.6,1
2016-07-25 04:00:00,17.3,6,16.3,6,16.7,6,16.4,6,16.6,3,15.8,6,16.0,6,17.0,6,17.3,4,17.5,5,18.6,4,16.4,3,17.8,5,18.1,6,17.2,5,17.5,3,16.7,2,15.3,2,16.7,2,17.4,6,16.4,1,16.6,2,18.0,6,14.4,4.0,17.1,4,20.2,1,17.6,2,15.2,2,17.1,2,20.8,1,21.3,1,21.6,1,18.5,1,22.7,2,22.6,1
2016-07-25 05:00:00,17.3,7,16.7,7,17.1,6,16.9,6,17.1,3,15.8,6,16.4,6,17.4,6,17.5,5,17.9,5,18.6,5,17.3,4,18.4,6,19.1,6,17.7,5,17.9,4,17.0,3,16.3,2,17.7,2,18.2,7,16.4,1,17.2,2,18.5,6,14.8,4.0,17.7,5,20.9,2,18.2,2,15.4,3,17.1,2,21.3,1,22.1,1,22.3,2,19.3,2,23.3,2,23.1,1
2016-07-25 06:00:00,17.4,7,17.5,7,17.8,7,17.6,6,18.0,3,16.1,6,16.9,7,18.0,6,18.2,5,18.8,6,19.2,6,18.6,4,19.4,6,20.4,6,18.5,6,18.8,4,17.9,3,17.8,2,19.0,3,19.4,7,17.0,2,18.3,2,19.4,6,15.7,4.0,18.7,6,22.0,2,19.3,2,16.2,3,17.7,2,22.4,2,23.3,1,23.3,2,21.0,2,24.0,3,23.9,1
2016-07-25 07:00:00,17.6,7,18.5,7,19.0,7,18.5,7,19.4,4,16.9,6,17.4,7,18.9,6,19.2,6,20.2,6,20.4,6,20.2,4,20.6,6,21.7,6,19.6,5,20.1,4,19.6,3,19.8,2,20.5,3,20.7,7,18.2,2,19.9,2,20.5,5,17.0,4.0,20.2,5,23.5,2,21.1,2,17.7,3,19.2,2,24.2,2,24.9,1,24.7,2,23.4,2,24.7,3,25.1,1
2016-07-25 08:00:00,17.8,7,19.6,7,20.3,7,19.5,7,21.1,4,17.9,6,18.0,7,19.9,6,20.4,5,21.8,5,21.8,6,21.8,4,21.8,5,22.8,7,20.8,5,21.6,3,21.5,4,21.9,3,22.1,3,22.0,7,19.8,2,21.6,2,21.7,4,18.5,5.0,21.9,3,25.1,2,23.1,2,19.4,2,21.1,2,26.3,1,26.6,1,26.2,1,26.2,1,25.3,4,26.6,1
2016-07-25 09:00:00,18.1,6,20.6,7,21.7,7,20.3,7,22.5,5,18.8,5,18.4,7,20.7,6,21.5,5,23.2,5,23.1,5,23.2,4,22.8,4,23.7,7,21.9,5,23.0,3,23.3,4,23.7,3,23.6,3,23.0,6,21.4,2,23.2,2,22.8,3,20.0,5.0,23.5,2,26.6,1,25.2,2,21.1,2,23.0,2,28.1,1,28.3,1,27.7,1,28.7,1,25.8,4,27.9,1
2016-07-25 10:00:00,18.4,6,21.3,7,22.8,6,20.9,7,23.5,4,19.4,5,18.7,6,21.3,6,22.2,5,24.1,5,23.9,5,24.2,4,23.6,3,24.4,6,22.8,4,23.9,3,24.4,4,24.9,3,24.8,2,23.5,6,22.6,2,24.4,3,23.7,2,21.3,5.0,24.9,2,27.9,1,26.9,2,22.3,2,24.4,2,29.2,1,29.6,1,29.0,1,30.6,1,26.2,4,29.0,1
2016-07-25 11:00:00,18.6,5,21.6,7,23.7,6,21.3,7,24.1,4,19.8,4,19.0,6,21.7,6,22.7,5,24.7,4,24.3,5,24.8,4,24.1,3,24.8,6,23.4,4,24.6,4,25.1,4,25.7,4,25.8,2,23.8,7,23.5,2,25.2,3,24.5,3,22.4,5.0,26.0,2,28.9,2,28.2,2,23.1,3,25.4,2,29.6,1,30.7,1,30.1,2,31.9,2,26.5,4,29.7,1
2016-07-25 12:00:00,18.8,5,21.8,6,24.3,6,21.5,6,24.6,4,20.1,4,19.2,6,22.1,6,23.1,5,25.1,5,24.7,5,25.3,4,24.6,3,25.2,6,23.9,4,25.1,5,25.6,4,26.2,4,26.4,2,24.1,7,24.2,2,25.8,4,25.1,3,23.3,5.0,26.7,3,29.7,2,29.0,3,23.7,3,26.2,2,29.9,1,31.5,1,30.9,2,32.6,2,26.6,4,30.3,1
2016-07-25 13:00:00,18.8,4,21.8,6,24.6,6,21.6,6,25.0,5,20.3,4,19.4,6,22.6,6,23.5,6,25.5,5,25.2,5,25.7,5,25.1,3,25.5,6,24.3,5,25.7,5,26.1,5,26.7,4,26.8,2,24.5,7,24.7,2,26.4,4,25.6,3,24.1,6.0,27.1,3,30.3,2,29.4,3,24.1,3,27.0,2,30.2,1,32.1,1,31.4,2,32.8,2,26.6,4,30.7,2
2016-07-25 14:00:00,18.8,4,21.8,6,24.7,5,21.7,5,25.4,6,20.4,4,19.6,5,23.0,5,23.9,6,25.7,6,25.7,6,26.0,5,25.5,4,25.7,6,24.6,5,26.2,6,26.6,5,27.0,4,26.9,3,25.0,7,25.0,2,26.8,4,26.0,3,24.5,6.0,27.3,3,30.5,2,29.5,4,24.4,3,27.6,2,30.4,1,32.4,1,31.5,2,32.6,2,26.5,3,30.9,2
2016-07-25 15:00:00,18.7,4,21.7,5,24.4,4,21.9,5,25.5,7,20.5,2,20.2,5,23.7,4,24.2,6,25.8,6,25.7,6,26.3,6,25.8,4,26.3,4,25.1,5,26.6,6,26.9,6,27.5,5,27.4,5,26.1,5,25.3,2,27.6,3,27.7,3,25.1,6.0,26.6,3,31.2,1,30.4,4,24.2,3,27.8,2,30.6,1,33.0,1,31.8,1,32.8,2,26.2,3,30.9,2
2016-07-25 16:00:00,18.5,4,21.2,4,24.1,4,21.7,5,25.4,6,20.5,2,20.1,4,23.7,3,24.2,5,25.7,6,25.7,6,26.3,6,25.5,4,25.9,3,24.9,4,26.5,5,26.9,6,27.4,5,27.1,5,26.0,5,25.3,2,27.4,3,27.5,3,24.3,6.0,26.6,3,30.7,1,29.9,3,24.4,3,28.0,2,30.3,2,32.3,2,31.3,1,32.4,1,26.0,3,30.7,2
2016-07-25 17:00:00,18.2,3,20.5,4,23.5,4,21.2,5,24.8,5,20.2,2,19.7,3,23.2,3,24.1,5,25.2,5,25.5,5,25.9,5,24.9,4,25.3,3,24.2,3,25.9,5,26.5,6,26.9,4,26.4,4,25.6,5,25.0,2,26.8,3,26.9,2,23.1,5.0,26.2,3,29.9,1,28.9,2,24.4,3,27.8,2,29.8,4,31.0,2,30.6,1,31.7,1,25.6,3,30.3,2
2016-07-25 18:00:00,17.9,3,19.5,4,22.6,4,20.3,4,23.8,4,19.5,2,19.0,2,22.3,2,23.5,5,24.5,5,25.0,5,24.9,4,24.0,4,24.3,2,23.2,2,25.0,4,25.7,5,25.7,4,25.3,4,24.5,5,24.3,3,25.9,3,26.0,2,21.6,5.0,25.4,2,28.7,1,27.6,2,23.8,4,27.2,2,29.0,4,29.5,2,29.6,1,30.7,2,25.3,2,29.6,1
2016-07-25 19:00:00,17.6,4,18.3,4,21.3,4,18.9,3,22.2,3,18.4,2,17.9,2,20.9,2,22.4,4,23.4,5,24.1,5,23.2,4,22.8,4,22.9,2,21.8,1,23.7,4,24.4,5,23.7,3,23.6,4,22.7,4,23.1,2,24.5,2,24.8,2,20.1,4.0,24.0,2,27.4,1,26.0,2,22.5,4,26.0,2,28.0,4,27.9,2,28.5,1,29.1,1,25.0,2,28.6,1
2016-07-25 20:00:00,17.3,4,17.1,4,19.8,4,17.3,3,20.4,3,17.1,2,16.6,2,19.3,2,21.1,4,22.1,5,22.9,5,21.2,4,21.6,3,21.3,2,20.4,1,22.2,3,22.8,6,21.5,3,21.7,4,20.7,3,21.7,2,22.8,2,23.4,2,18.8,3.0,22.3,2,26.1,1,24.5,2,20.9,4,24.5,2,26.9,2,26.4,1,27.5,1,27.3,1,24.7,2,27.6,1
2016-07-25 21:00:00,17.1,4,16.4,4,19.0,4,16.1,3,19.1,3,16.1,2,15.6,2,17.9,2,20.2,4,21.2,5,22.0,4,20.2,5,20.8,4,20.6,2,19.2,2,21.2,3,21.6,6,20.4,3,20.8,4,19.2,3,20.6,2,21.8,2,22.6,2,17.8,3.0,21.0,2,24.9,1,23.1,2,19.6,4,23.3,2,25.9,2,25.2,1,26.4,1,25.9,1,24.4,3,26.7,1
2016-07-25 22:00:00,17.0,4,15.7,4,18.3,5,15.1,3,17.9,4,15.4,3,14.9,2,16.8,2,19.3,4,20.2,5,21.2,4,19.3,5,20.0,4,19.8,3,18.2,2,20.2,3,20.4,6,19.4,3,19.9,4,18.2,3,19.6,3,20.8,2,21.8,2,17.1,4.0,20.0,2,24.0,1,22.0,1,18.7,4,22.1,2,25.1,2,24.2,1,25.3,1,24.6,1,24.2,3,25.7,1
2016-07-25 23:00:00,16.9,5,15.3,5,17.6,5,14.5,3,17.0,4,14.8,3,14.4,2,15.8,3,18.5,4,19.3,5,20.4,4,18.5,5,19.3,4,19.2,3,17.4,3,19.3,3,19.4,6,18.5,3,19.1,4,17.4,3,18.8,3,19.9,3,21.1,2,16.5,4.0,19.2,3,23.3,1,21.0,1,18.0,4,21.1,3,24.2,2,23.4,1,24.2,1,23.3,1,23.8,4,24.9,1
2016-07-26 00:00:00,16.9,5,15.0,5,17.0,5,14.1,4,16.3,4,14.3,3,14.0,3,15.0,3,17.8,4,18.5,5,19.6,4,17.8,6,18.7,5,18.7,4,16.8,4,18.4,3,18.5,6,17.8,3,18.5,5,17.0,3,18.2,3,19.1,3,20.5,2,16.0,4.0,18.6,3,22.5,1,20.1,1,17.5,4,20.3,3,23.4,2,22.7,1,23.2,1,21.9,1,23.4,4,24.1,1
2016-07-26 01:00:00,16.8,5,14.8,5,16.6,5,13.9,4,15.8,5,14.0,4,13.7,4,14.4,4,17.1,5,17.8,5,18.9,4,17.2,6,18.2,5,18.3,5,16.2,4,17.7,4,17.7,6,17.2,3,18.0,5,16.6,4,17.7,4,18.4,4,20.0,2,15.5,4.0,18.1,4,21.7,1,19.2,1,17.1,5,19.5,3,22.5,2,22.2,1,22.3,1,20.4,1,22.9,4,23.4,1
2016-07-26 02:00:00,16.8,5,14.8,5,16.3,5,13.9,5,15.5,5,13.8,4,13.5,4,14.0,4,16.6,5,17.2,5,18.4,5,16.8,6,17.9,5,18.1,5,15.7,5,17.2,5,17.2,6,16.8,4,17.7,5,16.4,5,17.4,4,18.0,4,19.6,2,15.1,5.0,17.7,4,21.0,1,18.6,1,16.8,5,18.9,4,21.8,1,21.8,1,21.6,1,19.0,1,22.4,3,22.8,1
2016-07-26 03:00:00,16.6,3,14.2,3,14.8,2,13.5,4,14.5,1,13.8,5,13.6,5,13.6,4,15.0,2,15.9,2,16.9,2,15.0,2,16.5,3,17.1,5,15.4,2,16.3,3,16.7,2,15.4,2,16.4,3,16.3,3,17.1,2,16.8,3,18.1,4,15.3,4.0,17.5,3,21.0,1,19.3,1,16.5,2,18.3,2,22.1,1,21.9,1,22.3,1,20.4,1,23.0,3,22.9,2
2016-07-26 04:00:00,16.6,3,14.3,4,14.9,3,13.6,5,14.6,2,13.8,5,13.8,5,13.7,5,14.8,3,15.8,3,16.5,3,15.2,2,16.7,3,17.4,5,15.4,3,16.1,3,16.5,2,15.5,2,16.9,3,16.7,4,16.9,2,17.0,3,18.2,5,15.3,5.0,17.5,3,21.2,1,19.2,2,16.4,2,18.0,2,22.1,1,22.1,1,22.4,1,20.2,2,23.3,3,22.8,2
2016-07-26 05:00:00,16.7,3,14.7,5,15.4,4,14.0,5,15.1,2,14.1,4,14.3,5,14.2,5,15.0,3,16.2,3,16.5,3,15.9,3,17.3,3,18.3,6,15.8,4,16.3,3,16.7,2,16.2,2,18.0,3,17.5,5,16.9,2,17.6,3,18.7,5,15.7,5.0,18.0,3,21.8,2,19.5,2,16.6,2,18.2,2,22.5,1,22.8,2,23.0,1,20.6,2,24.0,3,23.1,2
2016-07-26 06:00:00,16.9,3,15.6,5,16.3,5,14.9,6,16.3,2,14.8,5,15.2,5,15.2,5,15.8,3,17.1,4,17.1,4,17.2,4,18.3,3,19.6,6,16.8,4,17.2,3,17.5,2,17.5,2,19.3,3,18.7,6,17.5,2,18.7,3,19.5,6,16.6,6.0,19.0,3,22.9,2,20.4,2,17.3,2,18.9,2,23.6,1,24.0,2,24.0,1,22.0,2,24.6,4,23.9,2
2016-07-26 07:00:00,17.2,3,16.9,5,17.6,5,16.3,6,18.0,3,16.0,5,16.4,5,16.8,5,17.2,4,18.5,4,18.5,4,18.9,4,19.6,3,21.0,6,18.3,4,18.7,2,19.0,2,19.3,2,20.7,3,20.2,6,18.6,2,20.2,3,20.6,5,18.0,5.0,20.5,3,24.3,2,21.9,2,18.5,3,20.2,2,25.3,1,25.6,2,25.4,1,24.4,2,25.1,5,25.2,2
2016-07-26 08:00:00,17.5,3,18.5,5,19.2,4,18.0,5,19.9,3,17.5,5,17.7,5,18.7,4,18.9,4,20.1,3,20.3,3,20.7,3,21.1,3,22.5,6,20.0,3,20.4,2,20.8,2,21.2,3,21.9,3,21.7,5,20.1,2,21.9,3,21.8,4,19.6,5.0,22.3,2,25.9,2,23.7,2,20.0,3,21.9,2,27.3,1,27.4,1,26.9,1,27.2,2,25.5,5,26.8,2
2016-07-26 09:00:00,17.9,3,19.9,4,20.7,3,19.6,4,21.5,4,18.9,5,18.9,5,20.4,3,20.4,3,21.7,3,21.9,3,22.2,3,22.4,2,23.7,5,21.6,3,22.1,2,22.4,2,22.9,3,23.0,3,22.9,5,21.5,2,23.5,3,23.0,3,21.1,5.0,23.9,2,27.4,2,25.5,2,21.4,3,23.5,2,29.1,1,29.1,1,28.4,1,29.8,1,25.7,6,28.4,2
2016-07-26 10:00:00,18.3,3,20.9,4,21.9,3,20.8,4,22.5,4,19.9,5,19.7,5,21.6,3,21.5,3,22.9,3,23.0,3,23.2,3,23.3,2,24.6,5,22.8,2,23.3,2,23.5,3,24.0,4,23.9,3,23.7,5,22.6,2,24.8,3,24.2,2,22.3,5.0,25.2,2,28.6,2,27.0,2,22.4,4,24.8,2,30.2,1,30.4,1,29.7,1,31.7,2,25.8,5,29.7,1
2016-07-26 11:00:00,18.5,3,21.6,3,22.9,3,21.6,4,23.1,3,20.5,4,20.2,5,22.5,3,22.3,3,23.8,3,23.7,3,23.9,4,24.0,2,25.1,5,23.8,2,24.2,2,24.2,3,24.8,4,24.6,2,24.2,5,23.5,3,25.7,4,25.3,2,23.3,5.0,26.1,2,29.6,2,28.2,2,23.0,5,25.8,3,30.8,1,31.5,1,30.8,1,32.8,2,25.8,5,30.6,1
2016-07-26 12:00:00,18.7,3,21.9,3,23.6,3,22.1,4,23.5,4,20.9,3,20.5,5,23.1,3,22.8,3,24.5,3,24.2,3,24.3,4,24.4,2,25.5,5,24.5,2,24.8,2,24.8,4,25.3,5,25.1,2,24.5,6,24.3,3,26.3,4,26.1,3,24.0,5.0,26.8,3,30.5,2,29.2,2,23.5,5,26.6,3,31.2,1,32.3,1,31.7,1,33.2,3,25.9,4,31.3,2
2016-07-26 13:00:00,18.7,3,22.0,4,24.0,4,22.3,4,23.9,4,21.2,4,20.7,5,23.7,3,23.3,4,25.0,4,24.8,4,24.7,5,24.7,2,25.7,4,25.1,2,25.4,3,25.4,4,25.8,5,25.5,3,24.9,7,25.1,3,26.7,4,26.6,3,24.6,5.0,27.3,3,31.2,2,30.0,3,23.9,6,27.4,3,31.5,1,33.0,1,32.3,1,33.1,3,26.0,4,31.7,3
2016-07-26 14:00:00,18.6,3,22.0,5,24.2,4,22.2,5,24.3,5,21.3,4,20.9,5,24.2,3,23.7,4,25.3,4,25.3,5,25.1,5,24.9,3,25.8,4,25.6,2,25.9,3,25.9,4,26.3,5,25.8,4,25.2,7,25.7,3,26.8,4,26.8,3,24.9,5.0,27.6,3,31.7,2,30.4,3,24.4,5,28.0,3,31.7,1,33.5,1,32.5,1,32.7,2,26.1,4,31.8,4
2016-07-26 15:00:00,18.6,2,21.7,4,24.2,5,22.0,4,24.7,5,20.6,4,20.4,5,23.9,3,24.0,4,25.2,4,25.4,4,25.0,5,25.0,4,26.2,5,25.7,2,26.1,3,25.9,4,26.4,5,26.4,4,26.0,6,25.9,2,26.7,4,27.1,2,25.7,5.0,28.0,2,32.0,1,30.3,3,25.1,4,29.1,1,32.2,1,34.0,1,32.7,1,32.1,2,25.6,4,31.7,2
2016-07-26 16:00:00,18.5,2,21.4,3,24.0,5,21.7,4,24.6,5,20.6,4,20.2,4,23.9,3,24.2,4,25.2,4,25.5,4,25.2,5,24.9,4,26.0,5,25.6,2,26.4,3,26.0,4,26.5,4,26.2,4,26.2,5,25.9,2,26.5,5,26.8,2,24.8,5.0,27.9,2,31.5,1,29.8,2,25.2,4,29.4,1,32.0,2,33.4,1,32.2,1,31.5,2,25.3,4,31.4,2
2016-07-26 17:00:00,18.3,2,20.8,3,23.5,6,21.2,3,24.2,5,20.3,4,19.8,4,23.6,3,24.2,4,24.9,4,25.3,4,25.0,5,24.5,3,25.6,4,25.0,2,26.3,3,25.7,4,26.2,4,25.7,3,26.0,4,25.6,2,25.8,5,26.3,2,23.6,4.0,27.6,2,30.6,1,29.0,2,25.0,5,29.3,2,31.6,2,32.1,2,31.3,1,30.7,2,24.8,4,30.9,2
2016-07-26 18:00:00,18.0,2,19.9,3,22.5,6,20.2,2,23.2,5,19.7,3,19.0,3,22.7,3,23.6,4,24.3,4,24.8,4,24.1,5,23.8,3,24.7,3,24.0,2,25.6,2,25.0,4,25.0,4,24.7,3,25.0,3,24.8,2,24.8,4,25.5,2,22.2,4.0,26.7,2,29.4,1,27.7,1,24.3,5,28.6,2,30.7,2,30.5,2,30.2,1,29.6,2,24.5,4,30.2,2
2016-07-26 19:00:00,17.6,2,18.5,3,21.1,6,18.7,2,21.6,4,18.6,3,17.8,2,21.2,2,22.4,4,23.2,4,23.9,4,22.2,4,22.6,3,23.2,3,22.5,2,24.2,2,23.8,5,22.9,4,23.2,3,23.1,2,23.6,2,23.4,4,24.4,2,20.8,3.0,25.2,2,28.0,1,26.0,1,23.0,4,27.3,2,29.5,2,28.7,1,29.0,1,28.1,2,24.3,3,29.2,1
2016-07-26 20:00:00,17.1,2,17.1,3,19.5,5,16.9,2,19.7,4,17.2,3,16.4,2,19.5,2,20.9,4,21.9,4,22.7,4,19.8,3,21.3,3,21.5,3,21.0,2,22.4,2,22.3,5,20.5,4,21.4,3,20.8,2,22.2,2,21.9,3,23.1,2,19.5,2.0,23.4,2,26.5,1,24.3,1,21.4,4,25.6,2,28.1,1,27.1,1,27.8,1,26.4,2,24.2,3,28.1,1
2016-07-26 21:00:00,16.8,2,16.1,3,18.0,5,15.4,2,18.2,4,16.2,3,15.2,2,18.1,2,19.6,4,20.7,4,21.6,4,18.1,3,20.0,3,20.1,4,19.7,2,20.9,2,21.0,5,18.6,4,20.1,3,19.1,3,21.0,2,20.6,2,22.3,2,18.5,2.0,22.1,2,25.3,1,22.9,1,20.2,4,24.4,2,26.9,1,25.7,1,26.7,1,24.9,2,24.0,3,27.2,2
2016-07-26 22:00:00,16.6,3,15.3,3,16.9,5,14.4,3,17.0,4,15.4,4,14.4,2,16.7,3,18.4,4,19.5,4,20.5,4,16.7,3,18.8,3,19.2,4,18.4,3,19.6,3,19.8,5,17.2,4,19.1,3,17.8,3,20.0,2,19.4,2,21.5,2,17.6,3.0,21.0,3,24.3,1,21.6,1,19.3,4,23.1,2,25.7,1,24.7,1,25.7,1,23.4,2,23.7,3,26.3,2
2016-07-26 23:00:00,16.5,3,14.9,4,16.2,5,13.8,3,16.0,4,14.8,4,14.0,3,15.5,3,17.4,5,18.4,4,19.5,4,15.8,3,17.8,4,18.6,4,17.2,3,18.4,3,18.6,5,16.1,4,18.4,3,17.0,3,19.2,3,18.4,2,20.8,3,16.8,3.0,20.1,3,23.4,1,20.5,1,18.5,4,21.9,3,24.6,1,23.8,1,24.8,1,22.1,2,23.5,3,25.4,2
2016-07-27 00:00:00,16.4,4,14.5,4,15.7,5,13.6,4,15.3,4,14.5,5,13.8,3,14.4,4,16.4,5,17.4,5,18.6,5,15.2,3,17.1,4,18.1,5,16.2,4,17.4,3,17.6,5,15.5,5,17.7,4,16.4,4,18.5,3,17.6,3,20.1,3,16.1,3.0,19.4,4,22.5,1,19.6,1,18.0,5,20.8,3,23.6,1,23.1,1,23.8,1,20.9,2,23.2,3,24.6,2
2016-07-27 01:00:00,16.3,4,14.2,4,15.4,6,13.5,4,14.7,5,14.3,5,13.6,4,13.6,4,15.6,5,16.5,5,17.7,5,14.8,3,16.5,4,17.7,5,15.3,5,16.5,4,16.8,5,15.1,5,17.0,4,16.1,4,17.8,4,17.0,3,19.6,4,15.5,4.0,18.7,4,21.8,1,19.0,1,17.4,5,19.9,4,22.7,1,22.5,1,22.9,1,19.9,2,23.0,3,23.8,2
2016-07-27 02:00:00,16.1,4,13.9,5,15.1,6,13.5,5,14.3,6,14.2,6,13.6,5,13.0,5,14.9,5,15.7,5,16.9,5,14.6,4,16.2,5,17.3,6,14.6,6,15.7,4,16.0,5,14.9,6,16.5,4,16.0,5,17.1,4,16.7,4,19.2,4,14.9,4.0,18.1,5,21.2,1,18.6,1,16.9,5,19.1,4,22.0,1,22.1,1,22.2,1,19.1,2,22.9,3,23.2,2
2016-07-27 03:00:00,16.1,7,13.9,7,14.8,6,13.5,5,14.3,3,14.9,5,14.1,5,13.5,4,14.6,2,15.5,2,16.8,2,14.6,3,16.4,5,16.8,6,15.4,2,15.5,3,15.5,2,14.9,2,16.6,4,16.0,3,16.9,2,16.6,3,18.2,3,14.6,4.0,17.6,3,21.1,2,18.8,1,17.0,4,19.2,2,22.7,3,22.2,3,22.2,1,19.7,2,23.0,4,23.8,2
2016-07-27 04:00:00,16.1,7,14.1,7,15.0,6,14.0,5,14.5,3,15.0,5,14.4,5,13.6,4,14.5,2,15.5,2,16.4,2,14.9,3,16.5,5,17.1,6,15.3,2,15.4,4,15.3,2,14.9,2,16.9,4,16.4,4,16.6,1,16.6,4,18.1,3,14.5,4.0,17.6,3,21.0,3,18.7,1,16.8,5,18.8,2,22.6,4,22.3,3,22.2,2,19.8,2,23.4,5,23.7,2
2016-07-27 05:00:00,16.3,7,14.6,7,15.5,6,14.7,6,15.3,2,15.4,5,15.0,5,14.1,4,15.0,2,15.9,2,16.4,2,15.7,3,17.1,6,17.8,7,15.6,2,15.7,4,15.6,2,15.4,2,17.8,4,17.2,5,16.6,1,17.0,4,18.4,3,14.8,5.0,18.0,3,21.4,4,19.1,1,16.9,6,18.8,3,23.1,4,22.8,4,22.8,2,20.5,2,24.1,5,24.0,2
2016-07-27 06:00:00,16.4,7,15.4,7,16.3,6,15.7,6,16.4,2,16.0,5,15.8,5,15.1,4,15.9,2,16.9,2,17.0,2,17.0,3,18.1,6,19.0,7,16.5,2,16.7,4,16.5,2,16.6,2,19.0,4,18.4,6,17.1,1,18.0,4,19.1,3,15.7,5.0,19.0,3,22.4,4,19.9,2,17.5,6,19.4,3,24.0,4,23.8,4,23.8,3,21.9,2,24.7,6,24.7,2
2016-07-27 07:00:00,16.5,7,16.4,7,17.2,6,16.9,6,17.9,3,16.9,5,16.7,5,16.7,3,17.2,3,18.4,2,18.2,3,18.6,3,19.4,6,20.4,7,18.0,2,18.3,3,18.2,2,18.5,3,20.3,4,19.7,6,18.3,1,19.5,3,20.2,3,17.3,5.0,20.5,3,23.8,4,21.3,3,18.8,6,20.7,2,25.4,3,25.3,4,25.2,2,24.1,2,25.0,7,25.7,2
2016-07-27 08:00:00,16.7,7,17.6,7,18.3,6,18.2,6,19.4,3,17.9,6,17.7,5,18.5,3,18.6,3,20.1,3,19.8,3,20.3,4,20.8,5,21.8,6,19.7,3,20.2,2,20.2,2,20.7,3,21.6,4,21.0,6,19.8,1,21.3,3,21.5,2,19.1,5.0,22.2,3,25.5,3,23.0,4,20.3,6,22.4,2,27.0,2,27.0,3,26.7,2,26.5,2,25.2,7,26.9,3
2016-07-27 09:00:00,16.9,7,18.6,7,19.3,7,19.4,7,20.8,4,18.9,6,18.7,5,20.2,4,20.0,4,21.6,3,21.3,3,21.8,4,22.1,4,23.0,6,21.4,3,21.9,2,22.0,2,22.6,3,22.8,4,22.1,5,21.3,1,22.9,3,22.7,2,20.7,5.0,23.9,3,27.0,2,24.6,5,21.8,6,24.0,2,28.4,2,28.6,3,28.0,1,28.7,2,25.3,6,28.1,3
2016-07-27 10:00:00,17.2,7,19.4,7,20.3,7,20.4,7,21.8,4,19.7,6,19.6,6,21.4,5,21.1,4,22.7,4,22.5,4,22.9,4,23.1,3,23.8,6,22.7,3,23.2,2,23.3,2,23.9,4,23.8,3,23.0,5,22.4,1,24.1,3,23.8,2,21.7,5.0,25.3,2,28.2,2,25.8,6,22.8,5,25.1,2,29.2,2,29.9,2,29.0,1,30.1,2,25.5,6,29.1,3
2016-07-27 11:00:00,17.6,7,19.9,7,21.1,7,21.1,7,22.5,4,20.2,6,20.3,6,22.3,6,21.9,5,23.4,4,23.3,4,23.6,4,23.8,3,24.3,5,23.6,3,24.1,3,24.1,3,24.7,4,24.6,3,23.6,6,23.3,2,24.8,3,24.6,2,22.3,5.0,26.3,2,29.0,2,26.8,6,23.5,5,25.9,2,29.6,2,31.0,2,29.7,1,30.9,3,25.7,5,29.8,4
2016-07-27 12:00:00,17.9,7,20.3,7,21.7,7,21.6,7,23.1,4,20.6,6,20.8,6,22.9,6,22.6,5,23.9,5,24.0,5,24.1,4,24.2,4,24.7,5,24.3,3,24.7,4,24.7,3,25.3,4,25.3,4,24.1,6,23.9,2,25.4,4,25.3,2,22.7,5.0,27.0,2,29.7,2,27.5,6,23.9,5,26.6,2,29.8,2,31.8,2,30.3,1,31.2,4,25.9,5,30.3,4
2016-07-27 13:00:00,18.0,7,20.6,7,22.1,7,21.9,6,23.7,5,20.8,6,21.1,6,23.5,6,23.2,6,24.3,5,24.6,6,24.5,4,24.5,5,25.1,5,24.8,3,25.3,5,25.3,4,25.8,5,25.8,4,24.5,7,24.5,2,25.9,4,25.9,3,23.2,6.0,27.4,2,30.3,2,28.1,6,24.2,5,27.3,2,30.0,1,32.5,1,30.8,1,31.2,4,25.9,5,30.6,4
2016-07-27 14:00:00,18.0,7,20.7,7,22.2,7,22.0,6,24.1,6,20.9,6,21.2,6,23.9,5,23.6,6,24.7,6,25.0,6,24.8,5,24.6,5,25.4,5,25.0,4,25.7,5,25.8,4,26.3,5,26.1,5,24.8,7,24.9,2,26.3,3,26.2,4,23.6,6.0,27.5,3,30.8,2,28.5,6,24.4,5,28.0,2,30.2,1,32.8,1,31.1,1,31.1,4,25.8,6,30.7,4
2016-07-27 15:00:00,18.2,7,21.2,7,22.8,6,22.0,6,24.4,5,20.0,7,20.7,6,24.2,5,24.4,4,25.4,5,25.7,5,25.4,5,24.5,4,25.9,5,24.1,5,26.0,5,26.6,3,27.2,4,26.8,4,25.5,5,24.8,2,26.9,2,27.2,2,24.6,5.0,25.8,3,30.9,2,29.8,3,23.4,4,27.8,1,30.6,2,33.1,1,31.5,2,31.6,2,25.3,4,30.6,4
2016-07-27 16:00:00,18.1,6,21.0,6,22.9,6,21.9,6,24.4,5,19.9,7,20.5,6,24.2,5,24.6,4,25.4,5,25.9,5,25.7,5,24.3,4,25.6,5,23.7,5,26.0,5,26.7,3,27.5,3,26.6,4,25.4,4,24.8,2,26.9,2,27.0,2,23.6,5.0,25.5,3,30.5,1,29.4,2,23.4,4,28.0,1,30.4,2,32.5,1,31.1,1,31.1,2,25.0,5,30.4,3
2016-07-27 17:00:00,17.8,6,20.7,5,22.7,5,21.5,5,23.9,4,19.7,6,20.1,6,23.7,4,24.5,4,25.2,4,25.7,4,25.6,5,23.9,4,24.9,4,23.0,4,25.7,4,26.4,3,27.3,3,26.0,3,24.9,3,24.6,2,26.5,2,26.5,2,22.3,5.0,24.9,2,29.6,1,28.7,2,23.2,4,27.9,1,30.0,2,31.3,1,30.4,1,30.3,2,24.6,5,29.9,2
2016-07-27 18:00:00,17.6,6,20.0,4,22.1,5,20.8,5,23.0,3,19.2,6,19.4,5,22.9,4,23.9,4,24.6,4,25.2,4,24.8,4,23.2,4,23.9,3,21.9,4,24.9,4,25.6,3,26.2,2,24.9,3,23.8,2,24.0,2,25.6,2,25.7,2,20.8,4.0,23.9,2,28.5,1,27.5,1,22.5,4,27.3,2,29.3,1,29.8,1,29.4,1,29.1,2,24.3,5,29.2,2
2016-07-27 19:00:00,17.3,6,19.0,4,21.0,5,19.6,4,21.6,3,18.4,6,18.4,5,21.6,4,22.8,3,23.6,4,24.2,4,23.1,4,22.1,3,22.4,3,20.5,4,23.6,3,24.2,3,24.0,2,23.3,3,21.9,2,22.8,2,24.1,2,24.5,2,19.5,4.0,22.4,2,27.2,1,26.0,1,21.3,4,26.0,2,28.3,1,28.1,1,28.3,1,27.5,2,24.1,4,28.3,1
2016-07-27 20:00:00,17.1,6,17.8,4,19.7,5,18.3,4,20.0,4,17.6,6,17.3,5,20.2,4,21.4,3,22.4,3,23.1,3,20.9,4,20.7,3,20.7,2,19.1,4,22.1,3,22.6,4,21.3,3,21.5,2,19.7,2,21.3,1,22.4,2,23.2,2,18.4,3.0,20.8,2,25.8,1,24.4,1,19.8,3,24.4,2,27.1,1,26.5,1,27.2,1,25.8,2,24.0,4,27.4,2
2016-07-27 21:00:00,17.0,6,17.1,4,18.8,5,17.3,4,19.1,4,17.0,6,16.5,5,18.9,4,20.6,3,21.5,3,22.3,3,19.4,4,19.9,3,19.5,2,18.1,4,20.8,3,21.3,4,19.5,3,20.0,3,18.2,2,20.0,1,20.9,2,22.1,2,17.6,3.0,19.6,2,24.6,1,23.0,1,18.7,4,23.1,2,26.1,1,25.2,1,26.2,1,24.3,2,23.7,4,26.5,2
2016-07-27 22:00:00,17.0,6,16.6,5,18.0,5,16.6,4,18.3,4,16.5,6,15.9,5,17.8,4,19.7,3,20.6,3,21.4,4,18.2,4,19.0,3,18.5,2,17.3,4,19.7,3,20.1,4,18.0,3,18.9,3,17.0,3,18.9,1,19.7,2,21.1,2,17.0,3.0,18.7,2,23.6,1,21.7,1,17.8,4,21.9,2,25.1,2,24.2,1,25.3,2,22.9,2,23.4,4,25.7,2
2016-07-27 23:00:00,16.9,6,16.3,5,17.4,5,16.0,5,17.5,4,16.2,5,15.5,5,16.8,5,18.9,4,19.7,3,20.6,4,17.3,5,18.3,3,17.7,2,16.8,5,18.8,3,18.9,4,17.0,4,17.9,3,16.2,3,18.1,1,18.6,3,20.2,3,16.5,4.0,18.0,3,22.8,1,20.5,2,17.1,4,21.0,3,24.3,2,23.4,1,24.4,2,21.6,1,23.2,4,24.8,2
2016-07-28 00:00:00,16.9,6,16.0,5,16.9,5,15.5,5,16.9,4,15.8,5,15.2,5,16.1,5,18.1,4,18.8,3,19.9,4,16.6,5,17.6,3,17.2,2,16.4,5,18.0,4,17.9,4,16.2,4,17.1,4,15.8,4,17.5,2,17.7,3,19.4,3,16.0,4.0,17.5,3,22.0,1,19.6,2,16.7,4,20.0,3,23.4,3,22.8,2,23.5,2,20.4,1,22.9,3,24.0,3
2016-07-28 01:00:00,16.9,7,15.7,6,16.5,6,15.1,5,16.3,4,15.5,5,15.0,5,15.5,5,17.5,4,18.1,3,19.2,4,16.1,5,17.1,4,16.7,3,16.2,5,17.3,4,17.0,4,15.7,4,16.5,4,15.5,4,17.0,3,16.9,4,18.7,4,15.3,4.0,17.1,4,21.4,1,18.8,3,16.3,5,19.2,4,22.5,3,22.3,2,22.5,3,19.3,1,22.8,3,23.3,3
2016-07-28 02:00:00,16.9,7,15.4,6,16.2,6,14.8,5,15.9,5,15.2,5,14.9,5,15.1,5,16.9,5,17.5,4,18.6,5,15.7,6,16.7,4,16.4,5,16.0,6,16.6,5,16.3,5,15.3,5,16.1,4,15.4,5,16.5,4,16.3,4,18.1,4,14.6,4.0,16.8,4,20.9,1,18.3,4,16.0,5,18.3,4,21.7,4,21.9,2,21.6,3,18.4,1,22.7,3,22.6,4
2016-07-28 03:00:00,16.7,7,15.5,7,16.4,7,14.7,6,16.2,6,15.6,5,15.0,5,15.1,5,17.0,6,17.5,6,18.6,6,16.2,5,15.7,4,15.8,4,15.9,6,16.4,5,16.8,5,15.7,5,16.4,2,15.0,4,15.8,5,16.7,2,17.7,2,14.1,2.0,16.7,4,20.9,1,18.7,2,15.9,4,18.2,2,21.8,1,21.9,1,22.1,1,19.1,2,22.6,3,22.5,2
2016-07-28 04:00:00,16.8,7,15.6,7,16.5,7,15.0,6,16.6,6,15.6,4,15.2,6,15.1,5,16.9,6,17.5,6,18.4,6,16.7,6,16.1,5,16.2,5,16.0,6,16.4,5,16.6,5,16.2,6,16.8,2,15.4,5,15.5,5,16.8,3,17.9,3,14.0,2.0,16.8,4,21.0,1,18.5,2,15.8,4,17.7,2,21.8,2,22.0,1,22.0,1,19.0,2,22.9,3,22.1,2
2016-07-28 05:00:00,17.0,7,15.9,7,16.9,7,15.6,6,17.3,6,15.7,4,15.6,6,15.6,5,17.1,6,17.8,6,18.4,6,17.7,6,16.9,6,17.0,6,16.3,5,16.8,6,16.8,5,17.1,6,17.8,3,16.3,6,15.5,5,17.3,4,18.7,3,14.3,3.0,17.3,5,21.5,2,18.6,1,15.9,4,17.5,3,22.3,2,22.4,2,22.4,1,19.5,2,23.3,3,22.0,2
2016-07-28 06:00:00,17.1,7,16.4,7,17.4,7,16.3,6,18.2,6,16.2,5,16.3,6,16.4,6,17.5,6,18.5,6,18.7,6,18.8,6,18.0,6,18.3,6,17.1,5,17.6,6,17.5,5,18.4,6,19.0,3,17.7,6,15.8,6,18.3,5,19.7,3,15.2,3.0,18.2,5,22.6,2,19.4,1,16.3,4,17.8,3,23.3,2,23.4,2,23.4,1,20.9,2,23.8,3,22.5,2
2016-07-28 07:00:00,17.0,7,17.2,7,17.9,7,17.2,7,19.1,7,17.0,5,17.2,6,17.6,6,18.0,7,19.3,6,19.3,7,19.9,5,19.2,6,19.7,6,18.3,5,18.7,6,18.7,6,19.8,6,20.3,4,19.5,5,16.7,6,19.7,4,20.9,3,16.8,3.0,19.4,5,24.1,2,20.9,1,17.1,4,18.7,3,24.7,2,24.9,2,24.9,1,23.2,2,24.3,4,23.5,2
2016-07-28 08:00:00,16.9,7,18.0,7,18.5,7,18.1,7,19.9,7,17.9,6,18.2,6,19.0,6,18.6,7,20.2,7,19.9,7,20.9,5,20.3,6,21.2,6,19.7,6,19.8,6,20.0,6,21.0,6,21.5,4,21.3,4,17.8,6,21.2,3,22.2,2,18.8,4.0,20.7,4,25.8,2,22.8,2,18.2,3,19.9,3,26.3,1,26.6,2,26.5,1,25.9,2,24.7,4,24.9,2
2016-07-28 09:00:00,16.8,7,18.7,7,19.0,7,18.9,7,20.5,6,18.7,7,19.1,6,20.3,6,19.1,7,20.9,6,20.6,6,21.7,5,21.4,5,22.4,5,21.0,6,20.7,6,21.0,6,22.0,5,22.6,5,22.9,3,18.9,7,22.5,2,23.5,2,20.8,4.0,21.9,3,27.4,1,24.8,2,19.3,2,21.1,3,27.7,1,28.3,1,28.1,1,28.4,2,25.1,4,26.4,2
2016-07-28 10:00:00,16.8,7,19.1,7,19.5,7,19.6,7,20.8,6,19.2,7,19.8,6,21.2,6,19.6,6,21.5,6,21.1,6,22.2,5,22.3,5,23.3,4,21.9,7,21.3,6,21.5,6,22.6,5,23.5,5,23.9,2,19.7,7,23.3,2,24.8,2,22.5,4.0,22.8,4,28.6,1,26.5,2,20.2,2,22.1,3,28.7,1,29.8,1,29.3,1,30.3,3,25.4,4,27.7,3
2016-07-28 11:00:00,17.0,6,19.3,7,19.9,7,20.2,7,21.0,6,19.5,7,20.3,6,21.8,6,20.0,6,21.9,5,21.5,5,22.5,5,22.9,5,23.8,4,22.4,6,21.7,6,21.7,6,22.9,5,24.2,5,24.5,2,20.4,6,23.8,2,26.0,2,23.9,4.0,23.4,5,29.4,1,27.9,2,21.0,2,22.9,2,29.4,1,30.9,1,30.1,1,31.5,3,25.5,4,28.6,3
2016-07-28 12:00:00,17.2,6,19.5,7,20.4,7,20.6,7,21.3,6,19.7,7,20.7,7,22.2,6,20.5,5,22.3,5,22.0,5,22.7,5,23.3,5,24.2,4,22.8,6,22.1,6,22.0,6,23.1,4,24.8,5,24.9,3,20.9,6,24.2,3,26.8,2,24.8,4.0,23.8,6,30.1,2,28.9,2,21.7,3,23.7,2,29.8,1,31.8,2,30.7,1,32.1,3,25.6,4,29.3,3
2016-07-28 13:00:00,17.5,6,19.9,7,20.9,7,20.9,7,21.7,7,19.8,7,21.0,7,22.6,6,21.1,6,22.7,5,22.5,5,22.9,5,23.4,6,24.5,4,23.1,6,22.8,6,22.6,6,23.4,5,25.3,5,25.2,3,21.5,5,24.6,3,27.1,3,25.3,4.0,24.2,6,30.7,2,29.6,2,22.3,3,24.6,3,30.0,1,32.4,2,31.2,1,32.2,3,25.6,4,29.6,3
2016-07-28 14:00:00,17.7,7,20.4,7,21.3,7,21.2,7,22.3,7,19.8,7,21.1,7,22.9,5,21.8,6,23.2,6,23.1,6,23.2,5,23.4,6,24.7,6,23.4,6,23.6,6,23.4,6,23.8,5,25.6,5,25.4,3,22.0,5,25.1,4,27.0,3,25.4,4.0,24.5,5,31.0,2,29.9,2,22.8,3,25.4,3,29.9,1,32.6,1,31.5,1,31.9,2,25.6,4,29.7,3
2016-07-28 15:00:00,17.5,7,20.2,6,21.9,7,21.9,7,23.2,6,19.6,7,20.5,7,23.4,5,23.0,5,24.2,5,24.5,5,24.2,7,22.9,6,24.5,7,23.3,5,24.9,6,25.0,5,25.5,4,25.7,5,24.8,6,23.7,4,26.4,4,27.5,3,25.5,5.0,25.4,4,31.4,2,30.5,2,24.4,3,26.7,2,30.4,1,33.1,1,31.4,1,31.5,2,26.0,3,29.8,3
2016-07-28 16:00:00,17.4,7,20.1,5,22.0,6,21.9,6,23.3,6,19.3,7,20.3,6,23.5,5,23.5,5,24.5,5,25.0,5,24.4,6,22.9,5,24.0,7,23.0,5,25.2,6,25.3,5,26.0,5,25.7,5,24.6,7,24.0,4,26.4,4,27.3,3,24.3,5.0,25.6,3,31.0,1,30.0,1,24.8,3,27.1,2,30.2,1,32.7,1,31.1,1,30.8,2,25.6,2,29.6,2
2016-07-28 17:00:00,17.3,6,19.8,5,21.9,5,21.6,6,23.0,5,18.9,7,20.0,6,23.3,5,23.8,5,24.6,5,25.2,5,24.4,6,22.8,5,23.3,7,22.4,5,25.2,5,25.4,5,26.2,5,25.3,4,24.1,7,23.9,4,26.1,3,26.7,3,22.7,6.0,25.4,2,30.2,1,29.1,1,24.9,3,27.2,2,29.9,1,31.8,1,30.6,1,29.8,1,25.1,2,29.2,2
2016-07-28 18:00:00,17.2,6,19.3,4,21.3,5,21.0,5,22.3,5,18.5,6,19.4,6,22.6,5,23.5,5,24.3,5,24.9,5,23.7,5,22.3,5,22.3,6,21.5,5,24.7,5,24.9,5,25.4,4,24.4,4,23.1,6,23.4,3,25.2,3,25.9,3,21.0,5.0,24.7,2,29.1,1,27.8,1,24.3,3,26.7,2,29.2,1,30.4,1,29.8,1,28.6,1,24.7,2,28.6,2
2016-07-28 19:00:00,17.0,6,18.5,4,20.3,5,20.0,5,21.0,5,18.1,6,18.6,6,21.5,5,22.5,5,23.6,5,24.1,5,22.3,5,21.4,5,21.1,6,20.3,4,23.6,4,23.8,4,23.4,4,23.0,4,21.6,6,22.3,3,23.8,2,24.8,2,19.6,5.0,23.3,2,27.7,1,26.2,1,22.9,3,25.6,2,28.2,1,28.6,1,28.7,1,27.0,2,24.5,2,27.8,1
2016-07-28 20:00:00,16.9,6,17.5,4,19.0,5,18.9,5,19.6,5,17.6,5,17.6,5,20.1,4,21.3,4,22.6,4,23.0,4,20.5,5,20.3,4,19.9,6,19.0,4,22.2,3,22.5,4,21.0,3,21.4,4,19.9,6,20.9,2,22.3,2,23.6,2,18.5,4.0,21.6,2,26.3,1,24.5,1,21.1,2,24.2,2,27.0,1,26.8,1,27.6,1,25.4,3,24.3,3,26.8,1
2016-07-28 21:00:00,16.9,6,17.2,4,18.2,5,18.0,5,18.3,5,17.2,5,17.0,5,19.0,5,20.3,5,21.6,4,22.1,4,19.1,4,19.3,4,19.0,6,18.1,4,21.0,2,21.2,4,19.0,3,20.0,4,18.7,6,19.6,2,20.8,2,22.5,2,17.7,3.0,20.1,2,25.0,1,23.0,1,19.6,2,22.8,2,25.9,1,25.4,1,26.6,1,24.0,2,24.0,3,25.9,1
2016-07-28 22:00:00,16.9,6,16.8,4,17.6,5,17.2,5,17.3,5,16.7,5,16.5,5,18.1,5,19.5,5,20.6,4,21.2,4,18.0,4,18.4,4,18.3,5,17.3,4,19.8,2,20.0,4,17.7,2,19.1,4,17.7,6,18.5,2,19.7,2,21.7,2,17.1,3.0,19.0,2,24.0,1,21.8,1,18.8,2,21.7,2,24.8,1,24.3,1,25.7,1,22.7,2,23.7,3,25.1,2
2016-07-28 23:00:00,16.9,6,16.5,5,17.1,5,16.6,6,16.5,5,16.3,5,16.3,5,17.3,5,18.8,5,19.7,4,20.5,4,17.1,3,17.6,4,17.8,5,16.8,5,18.8,2,19.1,3,16.9,2,18.4,4,17.0,6,17.7,2,18.8,2,20.9,2,16.6,3.0,18.2,2,23.1,1,20.8,1,18.4,2,20.9,2,23.8,1,23.4,1,24.7,1,21.6,2,23.5,3,24.3,2
2016-07-29 00:00:00,17.0,6,16.3,5,16.7,6,16.0,6,16.0,5,15.9,5,16.0,5,16.7,5,18.2,5,18.9,4,20.0,4,16.5,3,17.0,4,17.3,5,16.3,5,17.9,3,18.3,3,16.4,3,17.8,4,16.4,6,17.1,2,18.0,2,20.2,2,16.1,3.0,17.6,2,22.2,1,20.0,1,18.1,2,20.2,2,22.9,1,22.7,1,23.7,1,20.6,2,23.3,3,23.7,2
2016-07-29 01:00:00,17.0,6,16.1,5,16.6,6,15.6,6,15.7,6,15.5,5,15.7,5,16.2,5,17.7,5,18.2,4,19.5,4,16.1,3,16.6,4,17.0,5,16.1,5,17.2,4,17.6,3,15.9,3,17.2,4,16.0,6,16.6,2,17.2,2,19.4,1,15.5,3.0,17.1,3,21.4,1,19.3,1,17.5,3,19.5,2,22.0,1,22.1,1,22.7,1,19.6,2,23.1,3,23.1,2
2016-07-29 02:00:00,17.0,6,16.0,5,16.6,6,15.2,6,15.7,6,15.2,5,15.4,5,15.8,5,17.2,5,17.7,4,19.0,4,15.9,4,16.4,4,16.7,5,16.1,6,16.6,5,16.9,3,15.5,4,16.6,4,15.7,6,16.2,2,16.5,2,18.7,1,14.9,3.0,16.7,3,20.7,1,18.8,1,16.8,4,18.8,2,21.4,1,21.6,1,21.7,1,18.9,1,23.0,3,22.6,1
2016-07-29 03:00:00,16.9,6,15.9,5,16.5,5,15.7,4,15.6,6,14.9,4,15.0,4,15.6,3,16.9,5,17.5,5,18.9,5,15.8,4,16.3,4,16.8,4,16.1,6,16.1,3,16.4,2,15.2,2,16.3,2,16.3,6,15.9,2,16.4,2,18.6,2,14.8,3.0,16.1,2,21.5,1,19.1,2,16.6,2,18.3,1,22.0,1,22.3,1,22.2,1,19.5,2,22.5,3,22.7,1
2016-07-29 04:00:00,16.9,6,15.9,5,16.6,5,15.6,5,16.1,6,14.8,5,15.1,4,15.5,3,16.6,5,17.3,6,18.6,6,16.4,5,16.6,4,17.0,4,16.3,6,16.1,3,16.1,2,15.5,2,16.8,2,16.6,6,15.5,2,16.5,2,18.7,2,14.6,3.0,16.2,3,21.5,1,19.0,2,16.3,2,17.9,2,22.1,1,22.4,1,22.1,1,19.4,2,22.7,3,22.8,2
2016-07-29 05:00:00,17.0,6,16.2,6,16.9,5,15.8,5,17.0,5,15.1,5,15.4,5,15.8,4,16.6,6,17.5,6,18.5,6,17.4,6,17.4,5,17.7,4,16.7,6,16.5,4,16.2,2,16.3,2,17.8,2,17.4,6,15.4,2,17.0,2,19.2,2,14.9,3.0,16.8,4,22.0,1,19.2,1,16.4,2,17.9,2,22.6,2,23.0,1,22.6,2,19.9,2,23.2,3,23.3,2
2016-07-29 06:00:00,17.1,7,16.8,6,17.4,5,16.3,5,18.1,5,15.6,5,16.0,5,16.4,4,17.1,6,18.2,6,18.8,6,18.6,6,18.5,5,18.9,5,17.4,6,17.4,5,17.0,2,17.7,2,19.2,2,18.7,6,15.9,2,18.1,2,20.2,2,15.8,3.0,17.8,4,23.1,1,20.1,1,17.0,2,18.5,2,23.7,2,24.1,2,23.7,2,21.2,2,23.8,3,24.2,2
2016-07-29 07:00:00,17.1,6,17.5,6,18.0,5,17.2,5,19.2,6,16.5,5,16.8,4,17.5,3,18.0,6,19.3,6,19.5,6,19.9,6,19.8,5,20.5,5,18.5,6,18.7,5,18.5,2,19.5,2,20.8,2,20.5,5,17.1,2,19.8,2,21.6,2,17.6,3.0,19.3,3,24.7,1,21.6,1,18.4,2,19.9,2,25.2,1,25.8,1,25.3,2,23.5,2,24.5,4,25.5,2
2016-07-29 08:00:00,17.2,6,18.4,6,18.7,5,18.4,5,20.3,6,17.5,4,17.8,4,18.8,3,19.2,6,20.6,6,20.4,6,21.2,5,21.2,5,22.1,5,19.8,6,20.2,5,20.4,2,21.4,2,22.3,2,22.5,3,18.8,2,21.8,2,23.2,2,20.0,2.0,21.0,2,26.6,1,23.5,1,20.1,2,21.7,2,26.8,1,27.6,1,27.1,1,26.3,2,25.2,4,27.0,2
2016-07-29 09:00:00,17.2,6,19.1,6,19.4,5,19.4,4,21.1,7,18.4,3,18.7,3,19.9,3,20.2,5,21.7,5,21.3,6,22.3,5,22.5,5,23.7,6,21.0,6,21.6,5,22.1,2,23.1,2,23.7,3,24.3,2,20.5,2,23.7,2,24.8,2,22.4,2.0,22.6,2,28.4,1,25.5,1,21.7,2,23.5,2,28.1,1,29.4,1,28.7,1,28.9,2,25.6,4,28.3,2
2016-07-29 10:00:00,17.3,5,19.7,6,20.1,5,20.1,4,21.7,7,19.1,4,19.4,4,20.6,4,20.9,5,22.4,5,22.0,5,23.2,5,23.6,6,24.9,6,21.8,6,22.6,5,23.1,3,24.3,2,24.8,3,25.5,2,21.9,2,25.3,2,26.2,2,24.5,3.0,23.9,3,29.8,1,27.3,2,22.8,2,25.0,2,28.9,1,30.8,2,29.9,1,30.7,2,25.7,4,29.3,2
2016-07-29 11:00:00,17.5,5,20.1,6,20.7,5,20.6,4,22.2,7,19.5,4,19.9,4,20.9,5,21.3,5,22.9,5,22.6,5,23.9,5,24.4,6,25.7,5,22.4,6,23.3,6,23.7,4,25.2,3,25.6,3,26.3,2,23.0,3,26.5,2,27.4,2,26.2,3.0,24.9,4,30.9,1,28.9,2,23.7,2,26.3,2,29.2,2,31.8,2,30.8,1,31.6,2,25.7,4,30.0,2
2016-07-29 12:00:00,17.6,5,20.4,6,21.2,5,20.9,5,22.6,7,19.7,5,20.2,5,21.3,6,21.7,4,23.2,5,23.1,5,24.5,5,24.9,6,26.1,5,22.8,6,23.8,6,24.2,4,25.7,3,26.3,3,26.8,3,23.8,3,27.4,2,28.4,1,27.4,3.0,25.7,5,31.9,1,30.1,2,24.4,2,27.4,2,29.3,2,32.6,2,31.3,1,32.0,3,25.6,4,30.3,2
2016-07-29 13:00:00,17.7,5,20.6,6,21.6,5,21.1,5,23.1,6,19.8,5,20.4,5,21.8,6,22.2,4,23.6,4,23.7,5,25.0,6,25.1,7,26.2,5,23.1,5,24.3,6,24.8,4,26.1,4,26.9,4,27.2,3,24.4,3,28.0,2,29.1,1,28.0,3.0,26.3,5,32.8,1,31.0,2,25.2,2,28.4,2,29.2,2,33.2,2,31.6,1,31.9,2,25.6,3,30.3,2
2016-07-29 14:00:00,17.7,5,20.7,5,22.0,5,21.2,5,23.7,6,19.9,4,20.4,5,22.4,5,22.7,5,24.1,4,24.3,4,25.3,6,25.2,7,26.2,6,23.3,5,24.8,6,25.4,4,26.4,4,27.5,4,27.6,4,24.8,3,28.4,2,29.6,2,28.1,3.0,26.6,4,33.5,1,31.5,1,26.1,2,29.2,2,28.9,2,33.5,2,31.7,1,31.6,2,25.6,3,30.0,2
2016-07-29 15:00:00,17.5,6,20.4,6,21.8,6,21.1,6,23.3,6,19.2,6,20.1,6,22.7,4,23.2,4,24.5,4,24.5,4,25.3,5,24.9,6,26.7,5,23.2,4,24.6,5,26.1,3,27.3,3,28.1,4,27.4,4,25.4,2,29.0,2,30.4,1,27.8,3.0,27.1,2,33.7,1,32.0,1,27.3,2,30.4,1,28.9,1,33.3,1,31.8,1,31.9,1,25.9,2,29.9,2
2016-07-29 16:00:00,17.5,6,20.2,6,21.8,6,20.9,7,23.4,6,19.2,6,20.1,6,22.9,4,23.4,4,24.6,4,24.8,4,25.5,5,24.9,6,26.4,5,22.9,4,24.9,4,26.4,3,27.9,3,28.2,4,27.3,4,25.6,2,29.1,2,30.5,1,26.7,2.0,27.0,2,33.3,1,31.6,1,27.7,2,30.7,2,28.1,1,32.7,1,31.0,1,31.2,1,25.7,2,29.4,3
2016-07-29 17:00:00,17.5,6,19.8,6,21.5,6,20.5,7,23.2,5,19.1,5,19.9,6,22.8,5,23.4,4,24.5,4,24.8,4,25.5,5,24.6,5,25.9,5,22.2,3,24.9,3,26.4,3,28.0,2,27.9,3,26.9,3,25.4,2,28.8,2,30.1,1,25.1,2.0,26.5,2,32.3,1,30.7,1,27.6,2,30.6,2,27.2,1,31.7,1,29.9,1,30.1,1,25.3,2,28.8,4
2016-07-29 18:00:00,17.4,6,19.1,6,20.9,7,19.8,6,22.5,5,18.7,5,19.3,6,22.1,5,22.9,4,24.0,4,24.5,4,24.7,4,23.9,5,24.9,5,21.2,3,24.4,2,25.8,3,27.1,2,27.0,2,25.8,2,24.7,1,27.8,1,29.3,1,23.5,2.0,25.5,2,30.7,1,29.3,1,26.7,2,29.9,2,26.3,2,30.1,1,28.6,1,28.8,1,25.0,2,28.0,4
2016-07-29 19:00:00,17.1,6,18.2,6,19.9,6,18.7,5,21.2,5,17.9,5,18.2,5,20.8,4,21.9,4,23.0,4,23.7,4,22.9,3,22.7,4,23.3,4,19.9,2,23.2,2,24.5,2,24.8,2,25.3,2,23.9,2,23.5,1,26.0,1,28.0,1,22.0,2.0,23.9,2,28.6,1,27.3,1,24.9,2,28.7,2,25.6,2,28.0,1,27.4,1,27.1,1,24.7,2,27.0,4
2016-07-29 20:00:00,16.8,6,17.2,6,18.7,6,17.5,5,19.7,4,17.1,5,17.0,4,19.3,3,20.6,4,21.8,4,22.6,4,20.6,2,21.4,3,21.5,3,18.6,2,21.5,1,22.9,2,21.9,1,23.2,2,21.7,2,22.1,1,23.9,1,26.5,1,20.7,1.0,22.0,2,26.4,1,25.2,1,22.8,3,27.1,2,25.1,2,25.8,1,26.2,1,25.4,1,24.5,2,26.1,3
2016-07-29 21:00:00,16.7,6,16.6,6,17.8,6,16.6,4,18.7,4,16.4,5,16.2,5,18.1,4,19.6,4,20.7,4,21.7,4,19.0,2,20.2,2,20.1,3,17.6,3,20.2,1,21.8,2,19.8,2,21.5,2,20.1,2,20.9,1,22.6,1,25.3,1,19.3,1.0,20.6,2,24.6,1,23.4,1,21.7,3,25.9,2,24.4,2,24.2,1,25.1,1,24.0,2,24.2,2,25.5,3
2016-07-29 22:00:00,16.5,6,16.1,6,17.2,6,15.8,4,17.9,4,15.8,5,15.5,5,17.0,4,18.6,4,19.6,4,20.8,4,17.7,2,19.1,2,19.2,3,16.8,3,19.0,2,20.6,2,18.1,2,20.1,2,18.8,2,19.7,1,21.2,1,24.0,1,18.1,1.0,19.4,3,23.2,2,21.8,1,20.6,3,24.7,3,23.7,2,23.0,2,24.0,1,22.8,2,23.9,3,25.1,3
2016-07-29 23:00:00,16.4,6,15.7,6,16.6,6,15.0,4,17.0,5,15.4,6,15.0,5,16.1,4,17.7,4,18.6,4,20.0,5,16.8,2,18.2,2,18.6,3,16.1,4,17.9,2,19.5,2,17.0,3,18.9,2,18.0,3,18.7,2,20.0,2,22.8,1,17.0,2.0,18.5,3,22.0,2,20.6,1,19.6,3,23.4,3,23.0,2,22.1,2,23.1,2,21.8,2,23.6,3,24.7,3
2016-07-30 00:00:00,16.3,6,15.3,6,16.2,6,14.4,5,16.3,5,14.9,6,14.5,5,15.2,4,16.8,4,17.6,4,19.1,5,16.1,3,17.3,3,18.1,3,15.6,4,16.9,3,18.4,3,16.2,3,17.9,2,17.3,3,17.7,2,18.9,2,21.7,1,16.1,2.0,17.8,3,21.1,2,19.7,1,18.6,4,22.2,3,22.4,3,21.5,2,22.4,2,20.9,3,23.4,3,24.4,3
2016-07-30 01:00:00,16.2,6,15.0,5,15.8,6,13.9,5,15.6,5,14.4,6,14.0,5,14.5,5,16.1,5,16.7,4,18.4,5,15.6,3,16.6,3,17.6,4,15.2,5,16.1,4,17.5,3,15.6,4,17.1,3,16.7,4,16.9,2,17.9,2,20.7,1,15.5,2.0,17.2,4,20.5,2,19.1,1,17.7,4,21.1,4,21.9,3,21.1,2,21.9,3,20.1,3,23.3,3,23.9,4
2016-07-30 02:00:00,16.1,6,14.6,5,15.4,6,13.6,5,15.1,6,13.9,6,13.5,5,13.8,5,15.5,5,16.1,5,17.7,5,15.2,4,16.1,4,17.1,5,14.8,6,15.4,5,16.7,4,15.2,4,16.5,3,16.3,4,16.3,2,17.1,3,19.8,2,15.1,2.0,16.6,4,20.0,2,18.7,1,17.0,5,20.1,4,21.5,3,20.8,2,21.6,3,19.6,3,23.2,3,23.5,4
2016-07-30 03:00:00,16.3,7,14.6,5,15.5,3,14.2,5,15.5,3,14.4,4,14.2,4,14.0,4,15.9,4,16.6,4,18.0,4,15.8,2,16.9,2,17.2,2,14.7,3,15.6,2,16.3,2,16.1,1,16.6,1,16.7,2,17.2,2,17.3,2,19.6,1,14.8,1.0,17.0,3,20.6,1,18.7,2,18.1,3,19.9,5,21.6,3,21.5,2,22.0,1,19.1,2,22.8,4,23.7,2
2016-07-30 04:00:00,16.3,7,14.7,6,15.7,4,14.4,5,15.8,4,14.2,5,14.3,4,14.0,5,15.7,5,16.4,5,17.6,5,16.1,2,17.2,2,17.5,2,14.7,4,15.4,2,16.0,2,16.1,2,17.1,1,17.0,2,16.9,2,17.3,3,19.6,1,14.9,1.0,16.9,3,20.7,2,18.8,1,17.7,3,19.5,5,21.6,4,21.7,2,22.2,2,19.1,3,22.9,3,23.7,2
2016-07-30 05:00:00,16.4,7,15.2,6,16.1,5,14.8,5,16.4,5,14.3,5,14.6,4,14.3,5,15.9,5,16.7,5,17.6,5,17.0,2,17.9,2,18.3,3,15.1,6,15.7,2,16.1,2,16.6,2,18.1,1,17.9,2,16.8,2,17.8,4,20.2,2,15.4,1.0,17.3,3,21.3,2,19.5,1,17.7,4,19.5,6,22.0,5,22.4,3,22.9,2,19.7,3,23.3,3,24.1,2
2016-07-30 06:00:00,16.5,7,15.9,6,16.8,6,15.5,5,17.4,5,14.8,6,15.2,5,15.1,6,16.5,6,17.5,6,18.0,6,18.2,2,19.0,2,19.7,3,16.0,6,16.5,3,16.9,2,17.7,2,19.6,1,19.5,2,17.4,2,18.8,4,21.3,2,16.5,2.0,18.2,3,22.5,2,20.6,1,18.3,4,20.1,6,23.1,6,23.7,3,24.1,2,21.2,4,23.9,3,24.9,2
2016-07-30 07:00:00,16.7,7,16.9,6,17.6,6,16.6,6,18.6,5,15.8,6,16.2,5,16.3,5,17.6,6,18.8,6,18.9,6,19.7,3,20.6,2,21.6,3,17.3,7,17.9,3,18.5,2,19.4,2,21.4,2,21.8,2,18.7,2,20.5,3,22.9,2,18.4,2.0,19.7,2,24.3,2,22.3,2,19.6,3,21.4,5,24.8,6,25.6,3,25.7,2,23.6,4,24.7,4,26.2,2
2016-07-30 08:00:00,16.9,7,18.1,6,18.5,5,17.9,6,19.9,5,17.0,5,17.3,5,17.7,5,18.8,6,20.3,6,20.1,6,21.2,3,22.3,2,23.7,3,18.8,7,19.7,3,20.5,2,21.4,1,23.3,2,24.3,2,20.4,2,22.6,2,24.7,3,20.8,3.0,21.5,2,26.4,2,24.3,4,21.2,3,23.1,4,26.6,5,27.8,3,27.5,2,26.3,4,25.6,4,27.6,3
2016-07-30 09:00:00,17.1,7,19.1,6,19.4,5,19.0,6,21.1,5,18.1,4,18.4,5,19.0,4,20.0,6,21.6,6,21.3,6,22.6,4,23.9,2,25.6,3,20.3,6,21.3,3,22.3,2,23.3,2,25.0,2,26.5,2,22.2,2,24.6,2,26.5,3,23.3,3.0,23.2,2,28.4,2,26.3,5,22.8,2,24.8,3,28.1,5,29.8,3,29.2,2,28.9,3,26.2,5,28.9,3
2016-07-30 10:00:00,17.3,7,19.8,6,20.2,5,19.8,5,22.0,5,18.9,4,19.3,6,20.1,5,20.9,5,22.5,5,22.2,5,23.8,4,25.1,2,27.1,3,21.4,5,22.5,3,23.5,2,24.7,2,26.3,2,28.1,2,23.6,2,26.3,2,28.0,3,25.6,4.0,24.7,3,30.1,2,28.2,5,24.1,2,26.2,3,28.7,5,31.3,3,30.5,2,30.8,4,26.4,4,29.8,2
2016-07-30 11:00:00,17.5,7,20.3,6,21.0,5,20.3,5,22.6,5,19.3,3,19.8,6,21.0,5,21.6,5,23.1,5,23.0,5,24.7,4,25.8,3,28.2,3,22.3,5,23.3,3,24.2,2,25.7,3,27.3,2,29.1,2,24.7,2,27.6,2,29.2,2,27.6,5.0,25.9,3,31.6,2,29.8,5,25.1,2,27.4,2,28.8,4,32.4,3,31.3,2,32.0,4,26.3,4,30.3,2
2016-07-30 12:00:00,17.7,7,20.5,6,21.6,6,20.6,5,23.1,5,19.6,3,20.2,6,21.7,6,22.2,5,23.6,5,23.6,5,25.4,4,26.3,3,28.8,3,22.9,4,24.0,4,24.8,2,26.4,4,28.0,2,29.7,2,25.6,3,28.6,2,30.1,2,29.0,5.0,26.8,4,32.8,2,31.1,5,25.9,2,28.5,2,28.5,4,33.2,3,31.8,2,32.6,4,26.2,3,30.5,2
2016-07-30 13:00:00,17.8,6,20.6,6,22.1,6,20.8,5,23.6,5,19.8,3,20.3,5,22.3,6,22.7,5,24.1,5,24.2,5,25.9,4,26.5,4,28.9,3,23.3,3,24.6,4,25.4,3,26.9,4,28.6,3,30.1,2,26.3,3,29.4,3,30.7,2,29.8,5.0,27.5,4,33.8,1,32.0,5,26.6,2,29.7,2,28.2,3,33.7,3,32.0,2,32.6,3,26.1,2,30.4,2
2016-07-30 14:00:00,17.9,6,20.6,6,22.3,6,20.9,5,24.0,6,19.8,3,20.3,5,22.6,6,23.1,6,24.6,6,24.7,6,26.1,4,26.6,4,28.8,3,23.6,3,25.1,5,26.0,4,27.3,4,29.0,3,30.4,2,26.9,3,30.0,3,31.1,3,29.9,5.0,28.0,4,34.4,1,32.5,5,27.2,2,30.8,2,27.9,2,33.8,2,31.9,2,32.4,2,26.2,2,30.0,2
2016-07-30 15:00:00,17.2,6,19.9,6,22.4,7,20.7,5,24.2,5,19.3,4,19.2,7,23.0,6,23.6,5,25.0,5,25.0,5,26.6,4,26.7,4,28.6,3,24.7,3,25.6,4,27.2,5,28.6,4,29.5,4,29.8,2,27.6,2,30.5,2,31.7,3,29.8,3.0,28.3,3,33.4,2,33.2,1,27.8,2,32.0,2,27.8,4,32.7,2,31.3,2,32.9,2,26.2,2,29.8,3
2016-07-30 16:00:00,17.2,6,19.8,6,22.2,7,20.6,5,24.2,5,19.2,4,19.0,7,22.9,5,24.0,5,25.2,5,25.3,5,26.8,4,26.6,4,28.3,3,24.6,3,25.9,4,27.6,5,29.2,4,29.5,4,29.6,2,27.7,2,30.6,2,31.5,3,28.4,3.0,28.3,3,32.6,2,32.5,1,27.6,3,32.2,2,27.1,4,32.1,2,30.6,2,32.2,2,26.2,2,29.3,2
2016-07-30 17:00:00,17.2,6,19.6,6,21.6,6,20.3,5,23.9,4,18.8,4,18.6,7,22.5,5,24.1,5,25.1,5,25.3,5,26.5,4,26.1,4,27.7,3,24.0,3,26.0,4,27.6,5,29.3,3,29.1,4,29.0,2,27.4,3,30.2,2,31.0,3,26.6,3.0,27.9,3,31.4,2,31.2,1,27.0,3,32.0,2,26.4,4,31.3,2,29.8,2,31.2,2,26.1,2,28.7,2
2016-07-30 18:00:00,17.1,6,19.0,5,20.7,6,19.6,5,23.0,3,18.2,3,18.0,7,21.6,4,23.6,4,24.5,4,24.9,4,25.4,4,25.2,3,26.5,3,22.9,3,25.5,4,27.0,5,28.3,3,28.0,4,27.7,2,26.6,3,29.1,2,30.1,3,24.6,3.0,27.0,4,29.9,2,29.5,1,25.9,3,31.1,2,25.7,4,30.0,2,28.9,2,29.9,2,25.9,2,27.9,2
2016-07-30 19:00:00,16.8,6,17.9,5,19.5,6,18.4,5,21.3,3,17.3,3,17.1,6,20.3,4,22.3,4,23.3,4,23.9,4,23.3,4,23.7,3,24.8,3,21.3,3,24.2,3,25.6,5,25.8,3,26.2,3,25.5,2,25.3,3,27.3,2,28.8,3,22.9,3.0,25.4,4,28.1,2,27.5,2,24.4,3,29.5,2,25.3,4,28.2,2,27.9,2,28.2,2,25.6,2,27.0,2
2016-07-30 20:00:00,16.4,6,16.7,4,18.2,6,17.0,5,19.3,2,16.4,3,16.0,6,18.8,4,20.6,4,21.7,4,22.6,4,20.7,4,21.9,2,22.9,3,19.5,3,22.5,3,23.7,5,22.7,3,24.1,2,23.0,2,23.7,2,25.2,2,27.4,3,21.4,3.0,23.6,4,26.3,2,25.4,2,22.7,4,27.6,3,25.1,4,26.2,2,27.0,2,26.4,2,25.2,2,26.0,3
2016-07-30 21:00:00,16.2,6,15.8,4,17.1,6,16.0,5,17.8,2,15.7,3,15.3,5,17.6,3,19.3,4,20.5,4,21.5,4,18.9,4,20.8,2,21.8,3,18.3,3,21.0,3,22.1,4,20.6,4,22.5,3,21.2,2,22.3,3,23.6,2,26.1,3,20.2,3.0,22.0,5,24.8,2,23.6,2,21.5,4,26.0,3,24.5,4,24.6,2,26.0,2,24.9,2,24.9,2,25.4,3
2016-07-30 22:00:00,16.1,6,15.1,5,16.2,6,15.1,5,16.6,2,15.1,4,14.8,5,16.5,3,18.2,3,19.3,3,20.5,5,17.4,4,19.8,3,20.7,4,17.3,4,19.7,3,20.7,4,19.0,4,21.3,3,19.8,3,21.1,3,22.0,3,24.8,4,19.2,3.0,20.8,5,23.7,2,22.2,2,20.6,4,24.7,3,23.9,4,23.5,2,25.1,1,23.5,2,24.5,2,24.9,3
2016-07-30 23:00:00,15.9,6,14.5,5,15.4,6,14.5,5,15.6,2,14.7,4,14.4,5,15.6,4,17.3,3,18.3,3,19.6,5,16.4,5,18.8,3,19.7,4,16.5,4,18.5,3,19.5,4,17.9,4,20.4,4,18.8,3,20.1,4,20.6,3,23.6,4,18.3,3.0,19.9,5,22.8,2,21.2,3,19.8,4,23.7,4,23.3,3,22.8,2,24.3,1,22.3,2,24.2,2,24.4,4
2016-07-31 00:00:00,15.8,6,14.2,5,14.9,6,14.1,5,14.9,3,14.4,4,14.0,5,14.8,4,16.5,3,17.4,3,18.8,5,15.7,5,17.9,4,18.9,4,15.9,5,17.4,4,18.4,4,17.1,4,19.5,4,18.1,4,19.3,4,19.3,4,22.4,4,17.6,4.0,19.2,5,22.0,2,20.4,3,19.2,5,22.8,4,22.7,3,22.3,2,23.5,1,21.4,2,23.8,2,24.1,4
2016-07-31 01:00:00,15.7,6,13.9,5,14.5,6,13.7,5,14.4,3,14.2,4,13.7,5,14.2,5,15.8,3,16.5,3,18.1,5,15.2,5,17.2,4,18.2,5,15.4,5,16.5,4,17.5,5,16.4,5,18.4,5,17.4,4,18.7,5,18.3,4,21.4,5,16.9,4.0,18.5,5,21.2,2,19.7,3,18.6,5,21.8,5,22.2,3,21.7,2,22.8,1,20.5,2,23.5,2,23.8,4
2016-07-31 02:00:00,15.7,6,13.7,5,14.2,6,13.4,6,14.0,4,13.9,5,13.5,5,13.6,5,15.2,4,15.9,4,17.4,5,14.8,6,16.7,5,17.6,5,14.9,6,15.7,4,16.7,6,15.8,5,17.4,6,16.9,5,18.2,5,17.6,5,20.6,5,16.5,5.0,17.8,5,20.6,3,19.1,3,18.1,5,20.9,5,21.9,3,21.3,2,22.4,1,20.0,2,23.3,2,23.7,4
2016-07-31 03:00:00,15.4,6,13.8,5,14.2,6,12.7,3,14.5,4,13.2,2,12.7,3,12.5,4,14.9,5,15.8,5,17.1,5,15.2,4,16.4,5,17.4,5,14.3,2,15.5,3,16.8,4,16.0,5,17.4,6,17.9,4,17.5,7,18.2,6,20.5,5,16.8,3.0,16.9,5,20.9,4,19.1,3,18.1,4,20.5,4,22.0,5,22.0,4,22.8,4,19.9,2,23.1,4,22.9,4
2016-07-31 04:00:00,15.4,6,13.9,5,14.3,6,12.9,4,14.7,5,13.3,2,12.9,3,12.5,5,14.7,6,15.7,6,16.9,6,15.6,4,16.5,5,17.6,6,14.2,3,15.3,3,16.6,4,16.3,6,17.7,7,18.0,5,17.0,6,18.1,6,20.2,6,16.6,4.0,16.8,4,21.1,4,19.2,2,17.8,4,19.9,5,22.1,5,22.3,4,22.9,4,19.8,2,23.4,3,22.8,4
2016-07-31 05:00:00,15.6,7,14.2,5,14.6,6,13.4,5,15.3,6,13.6,2,13.3,4,12.9,5,15.0,6,16.1,6,16.9,6,16.5,5,17.0,6,18.1,6,14.5,3,15.6,4,16.8,4,17.2,5,18.5,7,18.4,6,16.8,6,18.5,6,20.3,6,16.8,6.0,17.1,4,21.8,3,19.9,2,17.7,5,19.6,5,22.6,5,22.9,5,23.6,4,20.3,2,23.9,3,23.2,4
2016-07-31 06:00:00,15.8,7,14.8,6,15.2,6,14.2,6,16.2,6,14.2,2,14.1,4,13.8,5,15.7,6,17.0,6,17.4,6,17.6,5,17.8,6,19.1,7,15.3,4,16.4,4,17.5,4,18.4,5,19.6,7,19.2,7,16.9,6,19.3,6,20.8,6,17.5,7.0,17.9,3,23.0,3,21.1,2,17.9,5,19.8,6,23.5,4,24.0,5,24.8,4,21.8,2,24.5,3,24.0,4
2016-07-31 07:00:00,16.1,6,15.8,5,16.0,5,15.5,5,17.4,6,15.2,2,15.2,4,15.3,5,16.8,6,18.2,6,18.4,6,18.9,5,19.0,6,20.4,7,16.7,4,17.8,4,18.6,3,19.7,4,20.8,7,20.3,7,17.5,6,20.6,6,21.7,6,18.8,7.0,19.1,3,24.5,3,22.9,2,18.6,5,20.5,6,24.9,4,25.5,5,26.4,4,24.2,3,25.2,4,25.3,4
2016-07-31 08:00:00,16.5,5,17.0,5,16.9,5,17.0,4,18.7,6,16.3,2,16.5,4,17.1,4,18.1,6,19.6,6,19.6,6,20.2,5,20.3,6,21.7,7,18.3,3,19.4,3,20.0,3,21.0,4,22.0,7,21.6,7,18.5,6,22.0,6,22.8,7,20.5,7.0,20.5,3,26.3,3,24.9,2,19.5,4,21.6,5,26.4,3,27.3,5,28.0,4,27.1,3,25.9,4,26.9,4
2016-07-31 09:00:00,16.9,4,18.1,4,17.9,5,18.4,3,19.9,6,17.3,2,17.6,4,18.7,4,19.3,5,20.9,5,20.8,5,21.4,5,21.4,6,22.9,7,19.9,3,21.0,3,21.2,2,22.1,4,23.0,7,22.9,7,19.6,7,23.3,7,23.9,7,22.2,7.0,21.9,3,27.9,3,26.9,2,20.4,4,22.8,5,27.7,3,29.0,5,29.4,4,29.7,3,26.3,4,28.4,4
2016-07-31 10:00:00,17.3,4,19.0,4,18.8,5,19.4,3,20.7,5,18.1,2,18.3,3,19.8,3,20.3,5,21.9,5,21.8,5,22.5,5,22.2,6,23.7,6,21.1,3,22.2,3,22.1,3,23.0,4,23.6,6,23.9,7,20.6,6,24.2,7,24.9,6,23.5,6.0,22.9,4,29.2,4,28.6,2,21.1,5,23.8,5,28.5,4,30.4,5,30.2,4,31.6,3,26.5,3,29.6,4
2016-07-31 11:00:00,17.7,3,19.7,5,19.7,6,20.0,4,21.3,4,18.6,2,18.8,3,20.6,2,21.1,4,22.6,4,22.6,4,23.3,5,22.6,5,24.2,6,21.9,3,22.9,4,22.8,4,23.7,4,24.1,6,24.7,7,21.3,5,24.7,6,25.6,6,24.5,6.0,23.7,4,30.3,4,29.9,2,21.6,5,24.7,5,28.8,4,31.5,5,30.7,4,32.7,3,26.4,2,30.5,5
2016-07-31 12:00:00,17.9,3,20.1,4,20.5,5,20.3,4,21.7,4,19.0,2,19.0,3,21.2,2,21.7,4,23.2,4,23.2,4,23.9,5,22.9,6,24.4,6,22.4,3,23.5,4,23.3,5,24.2,4,24.4,6,25.1,7,21.9,5,25.1,6,26.2,6,25.2,5.0,24.2,5,31.0,4,30.9,2,22.0,6,25.4,5,29.0,4,32.3,5,30.8,4,33.2,3,26.3,2,31.0,5
2016-07-31 13:00:00,18.0,3,20.4,4,21.1,5,20.4,4,22.2,5,19.3,2,19.1,3,21.8,3,22.2,4,23.7,4,23.7,4,24.2,5,23.1,6,24.5,6,22.8,3,23.9,5,23.8,5,24.6,4,24.8,6,25.3,7,22.3,5,25.5,6,26.6,5,25.6,6.0,24.6,5,31.5,4,31.7,3,22.5,6,25.9,5,29.2,5,32.9,5,30.8,3,33.2,3,26.2,2,31.2,5
2016-07-31 14:00:00,17.9,2,20.5,3,21.6,4,20.5,4,22.6,6,19.5,2,19.1,3,22.3,4,22.7,5,24.1,5,24.1,5,24.4,5,23.3,6,24.5,7,23.0,4,24.2,5,24.2,5,24.9,4,25.1,6,25.2,7,22.5,5,25.8,5,26.8,5,25.6,6.0,24.8,4,31.6,4,32.0,3,23.0,6,26.3,6,29.3,5,33.3,4,30.8,3,33.0,3,26.2,2,31.2,5
2016-07-31 15:00:00,17.5,2,19.9,3,20.9,5,20.2,3,23.0,5,19.4,3,19.1,2,22.0,3,22.6,4,24.1,5,23.9,5,24.5,4,23.0,6,25.0,5,23.5,3,23.8,5,24.6,4,25.2,4,25.5,6,24.7,7,22.3,4,25.0,6,26.0,7,24.7,7.0,24.2,4,29.8,4,30.6,4,22.8,7,25.3,4,28.8,3,30.6,4,29.2,3,31.3,2,26.3,2,29.7,4
2016-07-31 16:00:00,17.4,3,19.8,3,20.9,4,20.0,3,22.8,5,19.3,3,19.0,2,22.0,3,22.5,4,23.8,4,23.8,4,24.6,4,22.9,5,24.3,5,23.3,3,23.9,5,24.6,4,25.3,4,25.4,5,24.3,6,22.3,4,24.8,5,25.6,6,23.4,7.0,24.2,4,29.0,4,29.8,3,22.8,6,25.5,3,28.5,3,30.3,4,28.6,3,30.6,2,26.1,2,29.2,4
2016-07-31 17:00:00,17.3,3,19.4,2,20.5,3,19.5,2,22.3,4,18.9,2,18.7,2,21.5,3,22.2,4,23.2,3,23.5,4,24.3,4,22.6,4,23.4,4,22.6,3,23.6,5,24.2,4,25.1,4,24.8,4,23.7,6,22.1,4,24.3,5,25.0,6,21.7,7.0,23.9,3,27.9,3,28.6,3,22.5,5,25.5,3,28.0,3,29.6,5,28.0,3,29.5,2,25.8,2,28.6,4
2016-07-31 18:00:00,17.1,3,18.6,2,19.8,2,18.7,2,21.2,3,18.1,2,18.1,2,20.6,3,21.5,3,22.4,3,22.9,3,23.3,4,21.9,3,22.2,3,21.6,3,23.0,4,23.5,3,24.3,4,23.9,4,22.6,6,21.5,4,23.4,5,24.1,6,19.9,7.0,23.1,2,26.6,3,26.9,2,21.8,5,25.0,2,27.3,3,28.5,5,27.2,3,28.3,3,25.5,2,27.9,4
2016-07-31 19:00:00,16.8,3,17.3,2,18.6,2,17.4,2,19.6,2,17.0,2,16.9,2,19.2,2,20.4,2,21.4,2,22.0,2,21.4,3,20.7,2,20.8,3,20.2,2,21.8,3,22.3,4,22.6,4,22.5,4,21.1,5,20.6,3,22.3,4,23.0,6,18.4,6.0,21.7,2,25.4,3,25.0,2,20.8,5,24.1,3,26.6,3,27.1,4,26.4,3,26.9,3,25.1,2,27.2,4
2016-07-31 20:00:00,16.5,3,15.8,2,17.2,2,15.9,2,17.8,2,15.7,2,15.6,2,17.6,2,19.2,2,20.4,2,21.1,2,19.2,2,19.2,2,19.5,2,18.8,2,20.4,2,21.0,4,20.6,3,21.0,4,19.4,4,19.5,3,21.2,3,21.7,6,17.3,6.0,20.0,2,24.4,2,23.2,2,19.7,4,23.0,3,25.9,2,25.6,3,25.7,2,25.6,2,24.7,2,26.6,3
2016-07-31 21:00:00,16.3,3,14.8,2,16.0,2,14.8,2,16.4,2,14.8,2,14.6,2,16.2,2,18.1,2,19.3,2,20.1,2,17.4,3,18.3,2,18.4,3,17.6,2,19.1,2,19.9,4,19.6,3,19.8,4,18.6,5,18.9,3,20.3,3,21.0,6,16.3,6.0,18.8,2,23.7,3,22.3,2,19.1,4,22.3,3,25.2,2,24.9,2,25.0,3,24.4,3,24.4,2,26.0,3
2016-07-31 22:00:00,16.1,3,14.0,3,15.0,3,13.8,2,15.2,3,14.1,2,13.8,2,15.1,3,17.0,2,18.2,3,19.2,2,16.1,3,17.4,3,17.5,3,16.5,2,18.0,2,18.9,4,18.5,3,18.8,4,17.8,5,18.2,3,19.3,3,20.4,6,15.6,6.0,17.9,2,23.1,3,21.5,1,18.5,4,21.5,4,24.4,3,24.2,2,24.4,3,23.2,3,24.2,3,25.4,3
2016-07-31 23:00:00,15.8,4,13.5,3,14.3,3,13.2,2,14.3,3,13.6,3,13.2,3,14.1,3,16.1,2,17.2,3,18.4,2,15.3,4,16.7,3,16.7,3,15.6,3,17.0,2,18.0,5,17.5,3,17.9,4,17.1,5,17.5,4,18.5,3,19.8,6,15.1,6.0,17.2,2,22.5,3,20.8,2,17.9,4,20.7,4,23.8,3,23.6,2,23.8,3,22.2,3,24.0,3,24.9,3
2016-08-01 00:00:00,15.6,4,13.2,3,13.8,4,12.8,2,13.7,4,13.3,3,12.8,3,13.3,4,15.2,3,16.2,3,17.5,3,14.8,4,16.0,4,16.0,4,14.8,3,16.1,3,17.2,5,16.6,3,17.1,4,16.5,5,16.9,4,17.7,4,19.3,6,14.7,6.0,16.7,3,22.1,3,20.2,2,17.4,5,19.9,4,23.1,3,23.2,2,23.3,4,21.3,4,23.8,3,24.4,3
2016-08-01 01:00:00,15.4,4,13.0,4,13.5,5,12.5,3,13.1,5,13.0,4,12.4,4,12.6,4,14.4,3,15.3,4,16.7,3,14.3,4,15.4,4,15.6,5,14.1,3,15.2,4,16.4,5,15.8,4,16.3,5,16.0,5,16.4,4,17.0,4,18.8,6,14.5,5.0,16.3,3,21.8,4,19.8,3,16.9,5,19.2,4,22.6,4,22.9,3,23.0,4,20.6,4,23.7,4,24.0,4
2016-08-01 02:00:00,15.2,4,12.9,4,13.3,5,12.3,3,12.7,5,12.7,4,12.1,5,12.1,5,13.8,4,14.5,4,15.9,4,13.9,5,15.0,5,15.4,5,13.4,3,14.5,5,15.6,6,15.2,4,15.8,5,15.7,6,16.0,5,16.4,5,18.6,6,14.5,5.0,16.0,4,21.7,4,19.6,4,16.6,5,18.7,4,22.2,4,22.7,4,22.7,4,20.2,4,23.7,4,23.6,4
2016-08-01 03:00:00,15.3,4,13.2,3,13.6,4,11.9,4,13.3,2,12.4,3,11.9,3,11.7,4,13.4,2,14.3,2,15.9,2,13.8,1,13.9,1,14.9,2,13.6,2,14.0,2,15.0,2,14.2,2,15.1,1,14.9,2,14.9,1,15.3,2,17.2,2,14.2,4.0,15.5,2,19.8,1,18.5,1,15.7,2,17.5,2,21.1,1,20.8,1,21.1,1,18.8,1,22.7,3,21.7,2
2016-08-01 04:00:00,15.3,4,13.2,4,13.6,5,12.0,4,13.3,2,12.3,4,12.1,3,11.7,5,13.3,2,14.2,2,15.6,2,14.0,1,14.0,2,14.8,2,13.5,2,13.8,2,14.7,2,14.3,2,15.3,1,15.0,2,14.6,1,15.5,2,17.2,2,13.9,4.0,15.5,2,19.8,1,18.3,1,15.4,3,17.0,2,21.0,1,20.9,1,21.2,1,18.6,1,22.9,3,21.3,2
2016-08-01 05:00:00,15.5,4,13.4,4,13.9,5,12.4,4,13.7,2,12.5,5,12.6,4,12.1,5,13.5,2,14.5,2,15.6,2,14.7,2,14.5,2,15.2,2,13.8,2,14.1,2,14.7,1,14.9,1,16.1,1,15.4,3,14.5,1,16.2,2,17.5,2,14.0,4.0,15.8,2,20.2,1,18.4,1,15.3,3,16.9,2,21.4,1,21.4,1,21.7,1,19.1,1,23.3,3,21.2,2
2016-08-01 06:00:00,15.7,4,14.0,5,14.6,5,13.2,4,14.6,2,13.1,6,13.4,5,13.0,5,14.3,3,15.4,2,16.0,2,15.8,2,15.4,3,16.1,2,14.7,3,14.9,2,15.4,1,16.0,2,17.2,1,16.4,3,14.9,2,17.2,2,18.3,2,14.7,3.0,16.6,2,21.1,1,19.2,1,15.6,3,17.2,2,22.3,1,22.4,1,22.7,1,20.5,1,23.9,3,21.7,2
2016-08-01 07:00:00,16.0,4,15.1,5,15.9,5,14.5,4,16.1,3,14.3,6,14.5,5,14.5,5,15.5,3,16.7,2,17.0,3,17.1,2,16.7,3,17.5,2,16.2,3,16.4,2,16.9,2,17.6,2,18.5,2,17.8,3,16.0,2,18.6,2,19.4,2,16.1,3.0,17.9,2,22.4,1,20.7,1,16.4,3,18.1,2,23.8,1,23.8,1,24.0,1,22.9,1,24.6,3,22.9,2
2016-08-01 08:00:00,16.4,4,16.5,5,17.5,4,16.1,4,17.9,3,15.7,6,15.8,5,16.3,5,16.9,3,18.3,3,18.3,3,18.6,2,18.2,3,19.2,2,18.0,4,18.2,2,18.7,2,19.3,2,19.8,2,19.5,2,17.4,2,20.1,2,20.7,2,17.9,2.0,19.4,2,24.0,1,22.6,1,17.5,2,19.3,2,25.5,1,25.5,1,25.5,1,25.8,1,25.3,3,24.6,2
2016-08-01 09:00:00,16.7,4,17.8,4,19.0,3,17.7,4,19.6,3,17.0,6,17.0,4,18.1,5,18.3,3,19.8,3,19.7,3,20.0,2,19.6,3,20.8,2,19.7,4,20.0,2,20.4,2,20.9,2,21.0,2,20.9,2,18.9,2,21.4,2,22.0,2,19.8,2.0,21.0,2,25.6,1,24.5,1,18.6,2,20.6,2,27.1,1,27.1,1,26.9,1,28.6,1,25.8,3,26.2,2
2016-08-01 10:00:00,16.9,4,18.9,3,20.1,3,18.9,4,20.8,3,17.9,6,17.9,4,19.6,5,19.5,3,21.1,3,20.9,3,21.2,3,20.7,3,22.0,1,21.0,4,21.4,2,21.6,2,22.1,2,22.0,2,21.8,2,20.1,2,22.4,2,23.0,2,21.4,2.0,22.3,2,26.9,1,26.0,1,19.6,2,21.7,2,28.1,1,28.5,1,28.1,1,30.7,2,26.1,3,27.4,2
2016-08-01 11:00:00,17.1,4,19.6,3,20.9,2,19.8,4,21.6,3,18.5,6,18.6,4,20.7,5,20.6,3,22.2,3,22.0,3,22.2,3,21.6,3,22.8,1,21.9,4,22.5,2,22.3,2,22.8,2,22.8,2,22.4,2,20.9,2,23.1,3,23.8,2,22.8,3.0,23.3,2,27.9,1,27.3,2,20.4,2,22.6,2,28.7,1,29.5,1,28.9,1,32.2,2,26.3,2,28.3,2
2016-08-01 12:00:00,17.2,4,20.1,3,21.5,3,20.4,4,22.2,3,18.8,6,19.0,4,21.4,5,21.4,4,23.0,4,22.8,4,23.0,4,22.2,4,23.3,2,22.5,4,23.2,3,22.9,2,23.4,2,23.5,2,22.8,2,21.6,2,23.5,3,24.4,2,23.8,3.0,24.0,2,28.6,1,28.3,2,21.0,3,23.4,2,29.0,1,30.3,1,29.6,1,32.9,2,26.4,2,28.8,2
2016-08-01 13:00:00,17.3,4,20.3,4,21.9,3,20.7,5,22.8,4,19.0,6,19.2,5,21.8,5,22.0,4,23.6,4,23.5,4,23.5,4,22.6,4,23.7,2,22.9,4,23.7,3,23.5,3,23.9,2,24.0,2,23.2,2,22.1,2,23.8,3,24.9,2,24.5,3.0,24.4,3,29.1,1,29.2,2,21.5,2,24.1,2,29.1,1,30.8,1,30.1,1,33.0,2,26.5,2,29.1,2
2016-08-01 14:00:00,17.3,5,20.3,5,22.1,4,20.7,5,23.2,5,19.0,7,19.2,6,22.0,5,22.4,5,23.9,5,23.9,5,23.9,5,22.9,4,23.9,3,23.0,4,24.0,3,24.0,3,24.3,2,24.4,2,23.5,2,22.6,2,24.0,3,25.1,2,24.7,3.0,24.5,3,29.4,1,29.9,2,21.9,2,24.7,2,29.2,1,31.1,1,30.3,1,32.7,1,26.5,2,29.2,2
2016-08-01 15:00:00,17.0,5,20.1,5,22.2,5,20.7,5,23.0,5,18.4,7,19.2,6,21.5,4,22.7,5,24.0,5,24.1,5,23.9,5,22.7,4,23.5,3,22.4,4,24.1,5,24.6,4,25.0,4,24.6,3,23.6,2,23.6,3,24.7,2,25.2,2,24.5,3.0,24.8,4,29.1,1,30.2,2,22.6,4,25.5,1,29.6,1,31.2,1,30.1,1,32.7,1,26.5,2,29.6,2
2016-08-01 16:00:00,16.8,6,19.6,6,21.9,6,20.5,5,23.1,5,17.8,7,18.7,7,21.2,5,22.8,5,24.0,5,24.2,5,24.2,5,22.7,4,23.4,3,21.8,5,24.2,5,24.7,4,25.2,4,24.7,2,23.7,2,23.5,3,24.8,2,25.1,2,23.4,3.0,24.5,4,28.8,1,29.5,2,22.7,4,25.8,1,29.3,1,30.8,1,29.7,1,32.1,1,26.4,2,29.4,2
2016-08-01 17:00:00,16.6,6,19.0,6,21.4,6,20.1,5,22.8,5,17.2,7,18.1,6,20.7,5,22.5,5,23.8,5,23.9,5,24.2,5,22.5,4,22.8,3,21.1,5,24.0,5,24.4,4,25.0,4,24.4,2,23.5,2,23.0,4,24.6,2,24.7,1,21.8,3.0,24.0,4,28.1,1,28.1,1,22.4,4,25.8,1,28.8,1,29.9,1,29.1,1,31.1,1,26.1,2,29.0,2
2016-08-01 18:00:00,16.3,6,18.1,6,20.5,6,19.4,5,21.9,4,16.7,7,17.5,6,20.0,5,22.0,5,23.2,5,23.4,5,23.4,5,21.9,4,21.8,2,20.1,5,23.4,5,23.7,4,24.1,4,23.5,2,22.5,2,22.2,4,23.8,2,23.9,1,20.2,3.0,23.1,4,27.1,1,26.5,1,21.7,4,25.3,2,28.0,1,28.5,1,28.2,1,29.8,1,25.8,2,28.3,3
2016-08-01 19:00:00,16.1,5,17.2,5,19.4,6,18.3,5,20.3,4,16.6,6,16.9,6,19.0,6,21.1,5,22.2,5,22.5,5,21.5,5,20.7,4,20.4,2,19.0,5,22.2,5,22.5,5,22.2,4,21.8,2,20.7,2,21.1,3,22.4,1,22.7,1,18.8,2.0,21.7,4,25.7,1,24.8,1,20.5,4,24.2,2,26.8,1,26.8,1,27.0,1,28.0,1,25.4,2,27.3,3
2016-08-01 20:00:00,15.9,5,16.3,5,18.1,5,17.1,4,18.5,3,16.7,6,16.4,6,17.8,5,20.0,5,21.0,5,21.6,5,19.2,5,19.3,4,18.8,3,18.0,5,20.7,5,21.1,5,20.0,5,19.8,2,18.6,2,19.9,3,20.8,1,21.2,1,17.6,2.0,20.2,4,24.2,1,23.2,2,19.2,4,22.7,2,25.5,1,25.1,1,25.8,1,25.9,1,24.9,2,26.2,2
2016-08-01 21:00:00,15.7,5,15.6,5,17.2,5,16.4,5,17.5,3,16.5,6,15.9,6,17.0,5,19.1,5,20.0,5,20.7,5,17.6,4,18.4,4,17.6,3,17.2,6,19.6,4,19.9,5,18.8,4,18.2,2,17.1,2,18.8,3,19.5,2,20.0,2,16.5,2.0,19.0,4,23.4,2,21.8,2,18.2,4,21.6,2,24.4,2,24.2,2,24.8,1,24.2,2,24.4,2,25.3,3
2016-08-01 22:00:00,15.6,5,15.0,5,16.3,5,15.8,5,16.6,3,16.3,6,15.4,6,16.2,6,18.2,5,19.0,5,19.8,5,16.3,4,17.4,3,16.7,3,16.5,6,18.5,4,18.7,5,17.7,4,17.0,3,15.8,2,17.8,3,18.4,2,19.0,2,15.4,2.0,18.1,4,22.6,2,20.6,2,17.3,5,20.6,3,23.3,2,23.4,2,23.8,2,22.4,2,24.0,3,24.4,3
2016-08-01 23:00:00,15.6,5,14.4,5,15.5,6,15.2,5,15.8,3,16.1,6,15.0,6,15.4,6,17.3,5,18.1,5,18.9,5,15.3,4,16.5,3,16.0,3,15.8,6,17.5,4,17.5,5,16.6,4,16.2,3,14.9,2,17.0,3,17.4,3,18.1,3,14.5,3.0,17.3,4,21.9,3,19.5,3,16.7,5,19.7,3,22.3,3,22.6,3,22.9,2,20.9,2,23.5,3,23.5,3
2016-08-02 00:00:00,15.5,5,14.0,5,14.8,6,14.7,5,15.0,4,15.7,6,14.6,6,14.8,6,16.4,5,17.2,5,18.1,5,14.7,4,15.7,3,15.4,4,15.3,6,16.7,4,16.4,5,15.7,4,15.5,3,14.4,3,16.2,4,16.4,3,17.4,3,13.7,3.0,16.7,5,21.2,3,18.6,3,16.2,5,18.8,3,21.4,3,22.0,3,22.1,3,19.5,3,23.1,3,22.7,3
2016-08-02 01:00:00,15.4,6,13.6,5,14.3,6,14.3,6,14.3,4,15.4,6,14.2,6,14.3,6,15.6,5,16.3,4,17.3,5,14.2,5,15.1,3,14.9,4,14.9,6,15.8,4,15.4,5,14.9,4,14.8,4,14.0,4,15.6,4,15.4,4,16.8,4,13.0,4.0,16.1,5,20.8,4,18.0,4,15.7,5,18.0,4,20.7,3,21.6,3,21.5,4,18.4,3,22.7,3,22.1,4
2016-08-02 02:00:00,15.3,6,13.4,6,13.9,6,14.0,6,13.8,5,15.0,6,13.9,6,13.9,6,14.9,5,15.6,4,16.6,5,13.9,5,14.5,4,14.5,5,14.6,6,15.1,5,14.7,5,14.3,5,14.3,4,13.8,5,15.0,4,14.6,4,16.3,4,12.6,4.0,15.6,5,20.4,4,17.6,5,15.2,5,17.2,4,20.3,4,21.3,4,20.9,4,17.6,4,22.4,4,21.5,4
2016-08-02 03:00:00,15.9,7,14.6,7,14.7,5,14.1,7,14.3,5,16.5,7,15.3,7,14.9,6,15.4,5,16.2,5,17.4,5,14.7,3,13.8,4,14.4,2,15.9,7,15.6,6,15.6,5,14.5,5,14.2,4,13.9,2,15.0,4,14.6,4,15.9,4,13.2,5.0,15.4,4,18.9,2,17.7,1,15.2,3,16.8,3,19.6,1,19.5,1,20.1,1,18.1,1,23.1,2,21.5,3
2016-08-02 04:00:00,15.9,7,14.7,7,14.8,6,14.4,7,14.6,5,16.6,6,15.8,7,15.3,6,15.3,5,16.2,5,17.2,5,15.3,4,14.2,4,14.7,3,16.2,7,15.6,6,15.5,6,15.0,5,14.7,4,14.2,2,14.8,5,15.0,5,16.2,4,13.1,5.0,15.6,4,18.8,2,17.6,2,14.9,4,16.4,3,19.5,2,19.6,2,19.9,1,18.2,2,23.4,3,21.1,3
2016-08-02 05:00:00,15.9,7,15.0,7,15.2,6,14.9,7,15.2,4,16.8,6,16.5,7,15.9,6,15.4,6,16.5,6,17.2,6,16.2,5,15.1,5,15.5,3,16.8,6,15.9,6,15.8,6,15.9,4,15.8,4,15.1,2,14.7,5,15.7,5,17.0,4,13.5,5.0,16.1,5,19.0,3,17.8,2,14.9,5,16.3,4,19.9,2,20.2,2,20.2,1,19.0,2,23.9,4,21.2,4
2016-08-02 06:00:00,16.1,7,15.4,7,15.7,6,15.6,7,16.0,4,17.1,6,17.2,7,16.6,7,15.7,7,16.9,6,17.3,6,17.1,5,16.1,5,16.7,4,17.5,6,16.4,6,16.2,6,16.8,4,17.0,4,16.4,2,15.1,5,16.8,6,18.0,4,14.3,5.0,17.0,5,19.9,3,18.6,2,15.4,5,16.8,4,21.0,2,21.3,3,21.0,1,20.5,3,24.5,5,21.8,4
2016-08-02 07:00:00,16.3,7,15.9,7,16.4,6,16.4,7,17.0,5,17.5,6,17.8,6,17.3,7,16.0,7,17.3,7,17.6,7,17.7,5,17.2,5,18.1,4,18.3,6,17.0,6,16.7,6,17.6,4,18.2,4,18.0,2,15.9,4,18.1,5,19.1,3,15.7,5.0,18.3,5,21.5,4,20.1,2,16.6,4,17.9,5,22.8,2,23.0,3,22.5,1,22.8,2,25.1,5,23.1,4
2016-08-02 08:00:00,16.6,7,16.4,7,17.1,5,17.2,7,18.0,5,17.9,7,18.2,6,18.1,7,16.4,7,17.6,7,17.9,7,18.1,5,18.4,4,19.6,3,19.0,7,17.6,7,17.3,6,18.3,5,19.2,4,19.7,2,17.0,4,19.5,5,20.3,2,17.5,5.0,19.7,5,23.5,4,22.0,2,18.2,3,19.4,5,24.8,2,25.0,4,24.5,1,25.5,2,25.6,6,24.8,4
2016-08-02 09:00:00,16.9,7,17.0,7,17.9,5,18.0,7,18.8,6,18.3,7,18.6,6,18.7,7,16.8,7,18.0,7,18.3,7,18.5,5,19.5,3,21.0,2,19.7,7,18.2,7,17.9,6,18.8,5,20.0,4,21.2,2,18.1,3,20.7,4,21.4,2,19.3,6.0,21.1,4,25.4,4,24.0,2,19.7,2,20.9,4,26.7,2,26.9,4,26.4,2,28.1,2,26.0,6,26.5,4
2016-08-02 10:00:00,17.2,7,17.7,7,18.7,6,18.6,7,19.3,6,18.5,7,19.0,6,19.3,7,17.2,7,18.6,7,18.8,7,18.9,5,20.6,3,22.2,2,20.2,7,18.8,7,18.4,6,19.2,5,20.5,5,22.4,2,19.0,3,21.6,4,22.5,1,20.8,5.0,22.2,4,27.0,4,25.8,2,20.8,2,22.1,4,28.0,2,28.5,3,28.0,3,30.1,2,26.3,5,27.8,4
2016-08-02 11:00:00,17.4,7,18.3,7,19.6,6,19.1,7,19.5,7,18.7,7,19.3,6,19.7,7,17.7,7,19.2,7,19.2,7,19.4,6,21.5,4,23.2,2,20.6,7,19.4,7,19.0,7,19.5,4,20.9,5,23.3,3,19.7,3,22.3,3,23.4,1,22.1,5.0,23.0,4,28.1,4,27.3,3,21.6,2,23.1,3,28.9,3,29.8,3,29.3,3,31.4,3,26.5,5,28.8,4
2016-08-02 12:00:00,17.5,7,18.8,7,20.3,7,19.5,7,19.8,7,18.9,7,19.7,6,20.2,7,18.2,7,19.7,7,19.7,7,19.8,7,22.0,5,23.7,2,21.0,7,20.0,7,19.5,7,19.9,4,21.3,5,23.8,3,20.4,4,22.9,3,24.0,2,23.1,5.0,23.7,3,29.0,3,28.5,4,22.3,3,24.0,2,29.3,3,30.8,2,30.2,4,32.1,3,26.7,4,29.4,4
2016-08-02 13:00:00,17.6,7,19.1,7,20.9,7,19.9,6,20.2,7,19.2,7,20.0,7,20.6,7,18.8,7,20.1,7,20.1,7,20.0,7,22.1,6,23.8,3,21.4,7,20.6,7,20.1,7,20.5,5,21.8,5,24.0,4,21.1,4,23.5,3,24.3,3,23.9,5.0,24.2,3,29.6,3,29.4,4,23.0,2,24.8,2,29.5,3,31.4,2,30.8,3,32.2,3,26.8,4,29.8,4
2016-08-02 14:00:00,17.6,7,19.2,7,21.2,7,20.2,6,20.6,7,19.5,7,20.3,7,21.0,7,19.4,7,20.3,7,20.5,7,20.2,7,21.9,6,23.6,4,21.6,7,21.2,7,20.7,7,21.1,6,22.3,5,24.0,5,21.6,5,23.9,3,24.3,4,24.2,5.0,24.6,3,30.0,2,29.9,4,23.6,2,25.6,2,29.5,2,31.7,2,31.0,3,31.9,3,26.7,4,29.9,3
2016-08-02 15:00:00,17.5,7,19.8,7,20.6,7,21.5,7,21.5,7,19.6,7,20.1,7,22.5,7,22.0,7,23.0,7,23.2,7,23.1,7,21.6,7,22.9,7,22.0,7,23.5,7,23.8,7,24.7,7,24.9,7,24.0,7,23.1,4,26.1,6,26.7,4,24.7,5.0,25.3,4,31.0,3,29.9,4,24.5,2,27.0,2,29.8,2,32.5,2,31.3,3,31.4,4,26.7,4,30.8,3
2016-08-02 16:00:00,17.6,7,19.6,7,20.6,7,21.3,7,21.7,7,19.5,7,20.0,7,22.4,6,22.1,6,23.2,7,23.5,6,23.2,7,21.7,7,22.5,7,21.7,7,23.6,7,24.0,6,25.2,6,25.1,6,23.7,6,23.1,4,26.2,5,26.5,4,23.7,5.0,25.2,5,30.6,4,29.6,3,24.8,2,27.4,2,29.5,2,32.0,2,30.9,4,31.1,4,26.6,4,30.6,2
2016-08-02 17:00:00,17.7,6,19.2,6,20.5,7,20.9,6,21.7,7,19.2,7,19.9,7,22.1,6,22.1,6,23.2,6,23.5,6,23.1,6,21.6,7,22.0,7,21.2,6,23.5,7,24.0,6,25.4,5,25.0,5,23.0,6,22.9,4,25.9,4,26.0,5,22.3,5.0,24.8,6,29.8,4,29.0,3,24.8,2,27.5,2,29.1,3,31.1,3,30.3,4,30.6,3,26.5,4,30.1,2
2016-08-02 18:00:00,17.6,6,18.7,6,20.0,7,20.3,6,21.4,7,18.9,6,19.6,6,21.5,6,21.7,6,22.9,6,23.3,6,22.6,6,21.3,7,21.2,7,20.6,6,23.1,6,23.5,5,24.7,5,24.3,4,21.9,5,22.2,4,25.1,3,25.2,5,20.8,4.0,23.9,6,28.6,4,27.8,2,24.2,2,27.1,2,28.4,3,29.8,3,29.5,3,29.6,2,26.3,4,29.4,2
2016-08-02 19:00:00,17.4,6,18.2,6,19.3,7,19.6,6,20.9,6,18.6,6,19.2,6,20.7,6,21.0,6,22.3,6,22.7,6,21.5,6,20.9,7,20.2,7,19.8,6,22.4,6,22.6,5,22.9,5,22.9,4,20.5,5,21.2,4,23.8,2,24.0,4,19.4,4.0,22.5,6,27.2,3,26.2,2,22.8,2,26.1,2,27.4,3,28.1,3,28.5,3,28.0,2,25.9,3,28.4,1
2016-08-02 20:00:00,17.2,6,17.7,7,18.5,6,18.9,6,20.2,5,18.4,6,18.7,5,19.9,6,20.2,6,21.6,6,21.9,6,20.2,6,20.5,7,19.3,7,19.0,6,21.4,5,21.4,6,20.6,6,21.2,4,19.0,5,20.0,4,22.2,2,22.7,4,18.1,3.0,20.9,5,25.7,3,24.4,2,21.1,2,24.7,2,26.4,2,26.4,2,27.3,2,26.1,2,25.4,3,27.2,2
2016-08-02 21:00:00,17.2,6,17.4,7,18.0,6,18.3,6,19.5,5,18.1,6,18.3,5,19.2,6,19.6,6,20.9,6,21.2,6,19.1,7,20.0,7,18.7,7,18.3,6,20.5,5,20.4,6,18.6,6,19.7,4,18.0,5,19.0,4,20.6,2,21.5,4,17.0,3.0,19.8,4,24.5,3,22.9,2,19.7,2,23.2,2,25.4,2,25.1,2,26.2,2,24.5,2,25.0,3,26.3,2
2016-08-02 22:00:00,17.3,6,17.2,7,17.8,6,17.9,6,18.9,5,17.8,6,17.9,5,18.5,6,19.1,6,20.2,6,20.7,6,18.4,6,19.5,7,18.3,6,17.8,6,19.6,5,19.5,6,17.3,6,18.8,4,17.3,5,18.2,4,19.4,2,20.7,3,16.1,2.0,18.8,4,23.7,3,21.7,2,18.8,2,21.9,3,24.7,3,24.1,2,25.2,2,22.9,2,24.6,3,25.4,2
2016-08-02 23:00:00,17.4,6,17.1,7,17.6,6,17.5,6,18.4,6,17.5,6,17.5,5,17.9,6,18.8,6,19.6,6,20.4,6,18.1,6,18.9,6,17.9,6,17.3,6,18.7,6,18.7,7,16.6,6,18.2,4,16.7,4,17.5,5,18.4,2,20.2,3,15.4,2.0,18.1,4,23.1,3,20.7,2,18.3,2,20.9,3,24.1,3,23.3,3,24.1,2,21.6,2,24.2,3,24.6,2
2016-08-03 00:00:00,17.4,6,17.0,7,17.6,6,17.1,6,17.9,6,17.1,6,17.1,5,17.4,6,18.5,6,19.0,6,20.1,6,17.7,6,18.2,6,17.6,6,16.9,6,17.9,6,18.0,6,16.2,6,17.8,5,16.3,4,16.9,5,17.6,2,19.6,3,14.9,2.0,17.5,4,22.5,3,19.9,2,17.9,2,20.0,3,23.4,3,22.7,3,23.2,2,20.4,2,23.7,3,23.9,3
2016-08-03 01:00:00,17.5,7,16.8,7,17.5,6,16.7,6,17.3,6,16.8,6,16.8,5,16.9,6,18.1,5,18.5,5,19.9,5,17.3,5,17.4,5,17.1,6,16.7,6,17.3,6,17.4,5,15.9,6,17.2,5,16.0,4,16.5,4,16.8,2,19.1,2,14.6,1.0,17.1,4,21.8,4,19.2,2,17.4,2,19.3,3,22.7,3,22.1,3,22.4,3,19.3,3,23.3,3,23.3,3
2016-08-03 02:00:00,17.6,7,16.7,6,17.3,6,16.4,6,16.7,5,16.5,6,16.5,6,16.6,6,17.8,5,18.1,5,19.7,5,16.9,5,16.8,5,16.7,6,16.6,6,16.8,6,16.9,4,15.6,5,16.6,5,15.8,3,16.2,3,16.2,3,18.5,2,14.4,1.0,16.6,4,21.1,4,18.7,2,16.8,2,18.7,3,21.9,4,21.7,4,21.8,3,18.5,3,23.0,4,22.7,4
2016-08-03 03:00:00,18.0,7,17.1,6,17.5,7,16.9,4,16.5,6,17.1,6,16.7,6,16.7,6,17.2,6,17.7,6,18.9,6,16.7,7,16.5,6,17.1,6,16.7,5,16.5,7,16.6,6,15.9,6,16.6,4,16.9,6,16.4,5,16.6,4,18.2,4,13.8,3.0,16.4,2,21.2,2,18.9,2,16.0,2,18.3,1,21.6,2,21.9,2,22.0,1,18.3,3,22.9,2,22.5,1
2016-08-03 04:00:00,18.1,7,17.1,6,17.6,7,17.0,4,16.6,6,17.1,6,16.9,6,16.7,5,17.1,6,17.6,6,18.7,6,16.8,7,16.7,6,17.2,7,16.8,5,16.5,7,16.4,6,16.1,6,16.9,5,17.2,6,16.2,4,16.6,4,18.3,4,13.8,3.0,16.3,2,21.2,2,18.7,2,15.5,2,17.8,1,21.5,2,22.0,2,22.1,1,18.5,3,23.0,2,22.4,2
2016-08-03 05:00:00,18.3,7,17.3,7,17.8,7,17.3,3,17.1,6,17.2,7,17.3,6,17.0,5,17.3,7,17.9,7,18.7,7,17.3,7,17.3,6,17.8,7,17.1,5,16.9,7,16.4,6,16.6,6,17.8,6,18.0,6,16.3,4,17.1,5,18.9,5,14.2,3.0,16.7,3,21.8,2,19.0,2,15.5,2,17.7,2,21.8,2,22.7,2,22.6,1,19.3,2,23.5,3,22.8,2
2016-08-03 06:00:00,18.3,7,17.7,7,18.2,7,17.7,4,17.9,7,17.4,7,17.8,6,17.6,5,17.7,6,18.5,6,19.0,6,18.1,7,18.3,7,18.9,7,17.8,5,17.7,7,17.1,6,17.7,6,19.0,6,19.2,6,16.8,3,18.1,5,20.0,5,15.3,3.0,17.7,3,22.9,2,20.0,2,16.4,2,18.4,2,22.8,2,23.8,2,23.6,2,21.1,2,24.1,3,23.6,2
2016-08-03 07:00:00,18.1,7,18.2,7,18.7,7,18.3,4,18.9,7,17.7,7,18.2,6,18.4,5,18.3,6,19.4,6,19.6,6,19.3,7,19.7,7,20.5,7,18.9,5,19.0,6,18.5,6,19.3,6,20.5,7,20.8,6,18.0,2,19.8,4,21.4,5,17.2,4.0,19.5,3,24.5,2,21.7,2,18.3,2,20.0,2,24.6,2,25.4,2,25.1,2,23.7,2,24.9,3,24.9,2
2016-08-03 08:00:00,17.9,7,18.8,7,19.3,7,19.0,6,20.0,7,18.1,7,18.6,6,19.2,6,19.1,5,20.4,6,20.4,5,20.7,7,21.2,7,22.3,7,20.1,5,20.5,5,20.3,5,21.1,6,22.0,7,22.5,5,19.6,2,21.8,3,22.9,4,19.6,4.0,21.7,2,26.3,2,23.8,2,20.8,2,22.3,2,26.7,1,27.2,2,26.9,2,26.7,2,25.7,3,26.5,2
2016-08-03 09:00:00,17.7,7,19.2,7,19.8,7,19.6,6,21.0,7,18.5,7,18.9,7,20.0,6,20.0,5,21.4,5,21.3,5,22.0,7,22.6,7,23.9,7,21.3,5,22.0,4,22.1,5,22.8,6,23.4,6,24.1,5,21.2,2,23.7,2,24.3,3,22.1,4.0,23.8,2,28.0,2,25.9,2,23.1,1,24.5,1,28.5,1,29.0,1,28.6,2,29.4,3,26.4,3,28.0,2
2016-08-03 10:00:00,17.7,7,19.4,7,20.3,7,20.1,7,21.7,7,18.8,7,19.3,7,20.5,6,20.9,4,22.3,4,22.3,4,23.0,7,23.6,7,25.1,7,22.1,5,23.2,4,23.5,5,24.0,6,24.4,6,25.3,5,22.5,2,25.2,2,25.5,2,24.3,4.0,25.3,2,29.4,2,27.7,2,24.7,1,26.4,1,29.5,1,30.5,1,30.0,2,31.3,3,26.8,4,29.3,2
2016-08-03 11:00:00,17.8,7,19.6,7,20.7,7,20.6,7,22.2,7,19.0,7,19.6,7,20.9,7,21.8,4,23.1,4,23.2,4,23.6,7,24.3,7,25.9,7,22.6,5,24.1,4,24.5,5,24.9,6,25.2,6,26.2,5,23.6,3,26.4,3,26.5,2,26.0,5.0,26.4,2,30.6,2,29.2,2,25.8,1,27.8,1,30.0,2,31.6,2,31.0,2,32.4,4,27.0,4,30.3,2
2016-08-03 12:00:00,17.9,7,19.8,7,21.1,7,20.9,7,22.7,7,19.3,7,19.9,7,21.3,7,22.5,4,23.8,4,23.9,4,24.2,7,24.7,7,26.4,7,22.9,5,24.8,4,25.3,5,25.6,7,25.9,6,26.8,6,24.5,3,27.3,4,27.5,2,27.2,5.0,27.2,2,31.6,2,30.4,2,26.5,2,29.0,1,30.0,2,32.5,2,31.7,2,32.9,4,27.1,4,30.9,2
2016-08-03 13:00:00,18.0,7,20.2,7,21.4,7,21.2,7,23.3,6,19.6,7,20.1,7,21.8,7,23.0,4,24.3,4,24.4,4,24.7,6,24.9,7,26.8,7,23.1,4,25.3,4,26.0,5,26.3,6,26.6,6,27.2,6,25.4,3,28.1,4,28.4,2,27.9,5.0,28.0,2,32.5,2,31.3,3,27.1,2,30.0,1,29.9,2,33.2,2,32.0,2,33.0,4,27.2,4,31.1,2
2016-08-03 14:00:00,18.1,7,20.5,7,21.8,7,21.3,7,23.9,6,19.9,7,20.3,7,22.2,7,23.4,4,24.7,3,24.8,4,25.3,6,25.1,7,27.0,6,23.2,4,25.7,4,26.5,4,27.0,6,27.2,6,27.4,6,26.1,2,28.7,3,29.1,3,27.9,5.0,28.6,2,33.2,2,31.9,3,27.7,2,30.7,1,29.6,2,33.5,2,31.9,2,32.7,4,27.2,4,30.9,2
2016-08-03 15:00:00,18.3,7,20.8,7,21.9,7,21.3,7,23.8,5,19.2,7,20.3,7,22.7,6,23.8,3,24.9,3,25.2,4,26.2,3,24.8,5,26.1,3,23.0,4,25.8,2,26.7,2,28.0,2,28.4,3,27.6,4,26.7,1,29.8,1,29.7,2,27.6,4.0,29.2,1,33.9,1,32.2,3,28.8,1,31.3,1,29.7,1,33.7,1,31.9,2,32.2,2,27.1,3,30.6,2
2016-08-03 16:00:00,18.4,7,20.6,7,21.8,7,21.2,7,24.0,5,19.0,7,20.1,7,22.6,6,24.1,3,25.2,3,25.5,4,26.5,2,25.0,4,26.0,3,22.7,4,26.1,2,27.2,2,28.6,2,28.6,2,27.6,3,27.0,1,29.9,1,29.5,2,26.4,4.0,29.0,1,33.5,1,31.7,3,29.2,1,31.5,1,28.9,1,33.1,1,31.2,2,31.6,2,26.9,3,30.0,2
2016-08-03 17:00:00,18.4,6,20.0,7,21.5,7,20.8,7,23.9,5,18.7,7,19.7,7,22.2,6,24.2,4,25.2,4,25.5,4,26.4,2,25.0,3,25.6,2,22.2,3,26.1,2,27.3,2,28.7,1,28.2,2,27.1,3,27.0,1,29.5,1,28.9,2,24.8,4.0,28.2,1,32.5,1,30.7,3,29.1,1,31.3,1,28.0,1,32.1,1,30.3,2,30.8,2,26.5,3,29.2,1
2016-08-03 18:00:00,18.3,6,19.3,7,21.0,7,20.2,7,23.2,5,18.3,7,19.1,7,21.5,6,23.8,4,24.8,4,25.1,4,25.4,2,24.4,2,24.6,2,21.5,3,25.5,2,26.8,2,27.6,1,27.2,2,25.9,2,26.3,1,28.3,1,27.9,3,23.1,4.0,26.8,2,30.8,1,29.2,2,28.1,1,30.5,1,27.0,1,30.5,1,29.1,2,29.6,2,26.2,3,28.3,1
2016-08-03 19:00:00,18.0,6,18.6,7,20.2,7,19.5,6,22.0,4,17.8,7,18.4,7,20.6,6,22.7,3,23.8,3,24.2,3,23.3,2,23.3,1,23.2,2,20.5,3,24.3,2,25.4,2,25.1,1,25.3,2,23.8,2,24.9,1,26.3,1,26.5,2,21.6,3.0,25.0,2,28.7,1,27.3,2,26.0,1,29.2,1,26.1,1,28.4,1,27.8,1,27.9,2,25.9,3,27.2,1
2016-08-03 20:00:00,17.6,6,18.0,7,19.4,7,18.7,6,20.5,3,17.3,7,17.7,7,19.7,6,21.4,3,22.6,3,23.1,3,20.8,1,21.9,1,21.6,2,19.3,4,22.7,1,23.6,1,21.9,1,23.0,1,21.4,2,23.2,1,24.0,1,25.0,2,20.3,3.0,23.0,2,26.4,1,25.2,2,23.6,2,27.5,1,25.3,1,26.1,1,26.4,1,25.9,2,25.7,3,26.1,2
2016-08-03 21:00:00,17.4,6,17.6,7,18.8,7,18.1,6,19.5,3,16.9,7,17.1,7,19.0,6,20.4,3,21.5,2,22.3,3,19.1,1,20.4,1,20.2,2,18.5,4,21.1,2,21.9,1,19.6,1,21.2,2,19.3,2,21.9,1,22.1,2,23.7,2,19.1,2.0,21.6,2,24.7,2,23.5,2,22.1,2,26.3,2,24.4,2,24.6,2,25.4,1,24.3,2,25.3,3,25.4,2
2016-08-03 22:00:00,17.2,6,17.3,7,18.2,6,17.5,5,18.5,3,16.4,7,16.8,7,18.5,6,19.6,3,20.6,2,21.7,3,17.9,2,19.2,1,19.4,2,17.9,4,19.9,2,20.5,1,17.9,2,19.7,2,18.1,2,20.7,1,20.5,2,22.5,2,18.1,2.0,20.4,2,23.2,2,22.0,2,20.7,2,25.0,2,23.6,2,23.2,2,24.5,1,22.9,2,24.9,3,24.8,2
2016-08-03 23:00:00,17.2,6,17.1,6,17.8,6,16.9,6,17.8,3,16.0,6,16.5,6,17.9,6,19.0,4,19.8,2,21.1,3,17.1,2,18.3,2,18.9,2,17.5,5,19.1,3,19.3,1,16.7,2,18.6,2,17.6,3,19.6,1,19.3,3,21.6,2,17.3,2.0,19.3,2,21.9,2,20.7,3,19.6,3,23.7,3,22.8,2,22.2,2,23.7,1,21.7,2,24.5,3,24.5,3
2016-08-04 00:00:00,17.1,6,16.8,6,17.4,6,16.4,6,17.2,4,15.6,6,16.2,6,17.3,6,18.5,4,19.0,2,20.6,4,16.8,3,17.6,2,18.6,3,17.2,5,18.4,4,18.4,2,16.1,3,17.8,3,17.4,3,18.7,1,18.3,3,20.8,2,16.6,2.0,18.6,2,20.8,3,19.6,3,18.6,3,22.5,3,22.1,3,21.3,2,23.0,2,20.7,2,24.1,3,24.1,3
2016-08-04 01:00:00,17.1,6,16.4,6,17.0,6,16.0,6,16.7,4,15.3,6,15.8,6,16.7,6,18.0,4,18.4,3,20.1,4,16.6,3,17.2,2,18.2,4,17.0,6,17.8,4,17.7,2,15.9,4,17.4,3,17.2,3,17.9,2,17.7,4,20.2,2,16.1,3.0,18.0,3,20.1,3,18.7,4,17.8,4,21.3,4,21.6,3,20.8,3,22.4,2,19.8,2,23.6,3,23.6,3
2016-08-04 02:00:00,17.0,6,16.1,6,16.7,6,15.6,6,16.3,5,15.0,6,15.3,6,16.0,6,17.5,5,17.9,4,19.6,5,16.6,4,17.0,3,17.9,5,16.7,6,17.2,5,17.3,3,15.9,5,17.2,4,17.0,4,17.4,4,17.3,5,19.7,2,15.7,3.0,17.7,4,19.7,3,18.2,4,17.1,4,20.4,4,21.3,4,20.5,3,22.0,2,19.2,2,23.3,3,23.0,4
2016-08-04 03:00:00,16.3,5,14.9,6,15.6,5,14.8,7,15.7,5,15.0,7,14.5,6,14.6,6,16.8,5,17.4,5,18.8,5,16.6,4,16.8,2,17.0,2,15.9,6,16.6,5,16.8,2,15.7,1,16.6,1,16.4,1,17.5,2,16.8,1,19.0,1,14.8,1.0,17.2,5,19.7,1,18.1,1,17.8,3,19.7,2,20.7,4,20.3,2,21.0,2,18.2,1,23.3,1,22.9,2
2016-08-04 04:00:00,16.3,5,14.9,6,15.6,5,14.8,7,15.8,5,14.9,7,14.6,6,14.6,6,16.6,6,17.4,5,18.6,6,16.7,3,16.8,1,17.0,2,16.1,6,16.5,5,16.7,2,16.0,1,16.8,1,16.6,2,17.5,2,17.0,2,19.1,1,14.7,1.0,17.3,5,19.6,1,18.1,1,17.4,3,19.1,2,20.6,4,20.4,2,21.2,2,18.3,2,23.5,2,22.7,2
2016-08-04 05:00:00,16.4,5,15.2,6,15.9,5,15.0,7,16.2,6,15.0,7,15.0,6,14.9,6,16.6,6,17.6,6,18.6,6,17.2,2,17.1,2,17.4,2,16.5,6,16.6,5,16.8,3,16.6,1,17.6,1,17.4,2,17.6,2,17.5,2,19.7,2,15.0,2.0,17.7,6,20.1,1,18.6,1,17.2,4,18.9,3,20.9,5,21.0,3,22.0,3,19.1,3,24.0,2,22.7,2
2016-08-04 06:00:00,16.5,5,15.7,6,16.3,6,15.4,7,17.1,6,15.3,7,15.6,6,15.5,6,16.8,7,18.0,7,18.6,7,18.1,2,18.0,2,18.5,2,17.1,7,17.1,5,17.2,3,17.5,1,18.9,1,18.8,2,17.9,2,18.5,2,20.8,2,16.3,2.0,18.4,6,21.2,2,19.8,1,17.6,4,19.3,3,21.8,5,22.2,3,23.3,3,20.9,3,24.8,2,23.2,3
2016-08-04 07:00:00,16.6,5,16.4,6,16.9,6,16.2,7,18.3,6,15.9,6,16.4,6,16.3,7,17.1,7,18.3,6,18.7,7,19.1,2,19.5,2,20.3,2,17.7,7,17.9,5,17.8,4,18.7,2,20.6,1,21.0,2,18.3,3,19.9,2,22.3,2,18.7,2.0,19.3,6,23.1,1,21.8,1,18.6,3,20.3,3,23.3,5,24.1,3,25.0,3,23.6,3,25.7,2,24.2,3
2016-08-04 08:00:00,16.6,6,17.2,6,17.6,6,17.1,7,19.5,6,16.6,5,17.2,7,17.2,7,17.4,6,18.7,6,18.9,6,20.3,3,21.3,2,22.5,2,18.2,7,18.7,5,18.6,5,19.9,2,22.4,2,23.7,2,18.7,3,21.5,2,24.1,1,21.7,1.0,20.4,6,25.4,1,24.2,1,19.9,3,21.7,3,25.0,5,26.3,3,26.9,3,26.8,2,26.5,2,25.4,4
2016-08-04 09:00:00,16.7,6,17.9,7,18.3,7,18.0,7,20.6,6,17.3,4,17.9,7,18.0,7,18.0,6,19.2,6,19.3,6,21.3,4,23.1,2,24.7,2,18.6,7,19.3,5,19.5,5,21.2,2,24.1,2,26.1,1,19.4,4,23.2,2,26.0,1,24.7,1.0,21.4,6,27.8,1,26.6,1,21.1,3,23.2,3,26.5,5,28.4,3,28.7,4,29.7,2,27.0,2,26.6,3
2016-08-04 10:00:00,16.8,6,18.4,7,19.0,7,18.7,7,21.4,6,17.9,4,18.4,7,18.5,7,18.8,6,19.9,6,20.1,6,22.2,4,24.5,2,26.5,2,18.9,7,19.6,5,20.4,5,22.3,3,25.5,2,27.9,1,20.2,5,24.7,1,27.8,1,27.1,2.0,22.3,6,29.8,1,28.7,1,22.0,3,24.5,2,27.3,5,30.1,3,30.2,4,31.8,2,27.2,2,27.6,3
2016-08-04 11:00:00,17.0,6,18.8,7,19.5,7,19.2,6,21.9,5,18.3,4,18.7,6,18.9,7,19.6,7,20.7,6,20.9,7,22.8,4,25.5,3,27.7,2,19.1,7,19.6,6,21.3,5,23.2,4,26.5,2,29.1,1,21.0,5,25.8,2,29.3,1,29.0,2.0,22.9,6,31.4,1,30.4,1,22.6,4,25.5,2,27.6,5,31.2,3,31.3,4,33.1,2,27.1,2,28.3,3
2016-08-04 12:00:00,17.1,6,19.1,6,19.9,7,19.5,6,22.1,5,18.7,4,18.9,6,19.3,7,20.3,7,21.4,7,21.6,7,23.1,5,25.8,3,28.5,1,19.4,7,19.8,6,21.9,5,23.8,5,27.1,3,29.7,1,21.7,5,26.5,2,30.3,2,30.4,2.0,23.3,6,32.3,2,31.8,1,23.0,5,26.3,2,27.5,5,31.9,3,31.9,3,33.8,2,27.1,2,28.7,3
2016-08-04 13:00:00,17.2,6,19.4,6,20.1,6,19.6,6,22.1,6,19.0,5,19.0,6,19.8,7,20.7,7,21.8,7,21.9,7,23.1,5,25.5,5,28.8,1,19.7,7,20.2,7,22.2,5,24.1,5,27.3,4,29.8,1,22.0,5,26.7,4,30.5,2,31.4,2.0,23.4,6,32.6,2,32.8,1,23.4,5,26.8,3,27.2,5,32.1,4,31.8,3,33.9,2,27.2,2,28.7,3
2016-08-04 14:00:00,17.2,6,19.6,6,20.2,6,19.6,7,21.9,6,19.1,5,19.1,6,20.3,7,20.7,7,21.9,7,21.8,7,22.8,6,24.8,6,28.7,1,20.0,7,20.7,7,22.1,6,24.0,6,27.0,6,29.6,1,22.0,6,26.5,5,30.1,3,31.7,2.0,23.2,6,32.2,2,33.3,2,23.7,6,27.1,3,26.8,6,31.8,4,31.2,3,33.7,2,27.3,2,28.4,4
2016-08-04 15:00:00,17.0,6,18.8,5,20.0,6,19.2,6,20.3,7,18.6,4,18.4,5,19.8,6,20.1,7,21.0,7,21.0,7,21.4,7,22.5,6,26.6,6,19.3,7,19.9,6,20.5,7,22.2,7,24.8,7,27.2,4,21.1,7,26.1,6,28.4,4,31.4,2.0,22.6,7,32.1,3,33.5,1,23.8,6,27.0,5,26.0,6,31.2,5,30.3,4,33.1,2,27.1,2,27.9,6
2016-08-04 16:00:00,16.9,6,18.4,5,19.5,6,18.9,6,19.5,7,18.2,3,18.1,5,19.7,6,19.3,7,20.1,7,20.1,7,20.5,7,21.6,7,25.1,7,19.0,6,19.7,6,19.8,7,21.4,7,23.6,7,25.8,4,20.3,7,25.0,6,27.0,5,29.2,3.0,22.0,6,30.8,4,32.1,2,23.2,7,26.8,6,25.5,5,30.4,5,29.0,4,32.2,2,26.8,2,27.3,6
2016-08-04 17:00:00,16.7,5,17.9,5,18.8,6,18.5,5,18.7,7,17.7,3,17.6,4,19.3,7,18.1,6,18.9,6,19.1,6,19.5,7,20.8,7,23.5,7,18.5,5,19.1,7,18.9,7,20.5,7,22.4,7,24.4,5,19.3,6,23.7,5,25.6,6,26.3,3.0,21.2,6,29.1,4,30.1,3,22.5,7,26.5,6,24.8,5,29.3,4,27.6,5,31.0,2,26.4,2,26.6,6
2016-08-04 18:00:00,16.5,5,17.1,5,17.9,6,17.8,4,17.8,7,17.0,3,17.0,3,18.6,6,17.0,6,17.7,6,18.1,6,18.3,7,20.1,7,21.9,6,17.8,4,18.4,7,18.1,7,19.4,7,21.2,7,22.9,5,18.3,6,22.2,5,24.3,6,23.6,3.0,20.2,6,27.3,5,27.8,4,21.5,6,25.8,6,24.3,4,28.0,4,26.4,5,29.6,2,25.9,2,25.9,5
2016-08-04 19:00:00,16.3,5,16.1,5,16.9,6,16.8,3,17.0,6,16.2,2,16.2,3,17.6,6,16.3,6,17.0,6,17.6,5,17.0,6,19.4,7,20.5,6,17.0,4,17.5,7,17.3,7,18.0,6,20.0,7,21.3,6,17.3,5,20.8,5,23.2,6,21.8,4.0,19.0,5,25.6,5,25.7,4,20.5,6,24.8,6,24.0,5,26.4,5,25.5,5,28.1,3,25.5,2,25.3,5
2016-08-04 20:00:00,16.1,4,15.2,5,16.0,7,15.7,4,16.2,6,15.5,2,15.3,2,16.5,4,15.9,5,16.5,5,17.3,5,15.8,6,18.7,7,19.4,6,16.1,3,16.6,7,16.6,7,16.5,6,19.0,7,19.8,6,16.4,5,19.5,5,22.3,7,20.7,4.0,17.8,5,24.2,6,24.0,4,19.5,6,23.6,6,23.8,6,24.7,6,25.0,5,26.6,3,25.2,3,24.8,5
2016-08-04 21:00:00,15.9,4,14.6,5,15.5,6,14.9,4,15.6,6,14.9,3,14.6,2,15.6,4,15.4,5,16.0,5,16.9,5,15.2,6,17.8,7,18.6,6,15.5,2,16.0,6,16.0,6,15.7,6,18.1,7,18.7,7,15.8,5,18.4,5,21.4,7,19.9,5.0,17.2,5,23.1,6,22.6,4,18.7,6,22.4,5,23.4,6,23.4,6,24.7,5,25.3,3,25.0,3,24.3,5
2016-08-04 22:00:00,15.8,5,14.2,5,15.0,6,14.3,4,15.0,6,14.5,3,14.1,2,14.8,4,15.0,5,15.6,5,16.6,5,14.7,6,17.1,6,18.2,6,15.0,2,15.5,5,15.4,6,15.0,6,17.3,7,18.1,7,15.3,5,17.6,5,20.5,7,19.0,5.0,16.7,5,22.4,6,21.7,5,18.1,5,21.4,5,22.9,6,22.7,6,24.6,5,24.4,4,24.8,4,23.8,5
2016-08-04 23:00:00,15.8,5,14.0,5,14.7,6,13.8,4,14.5,6,14.1,3,13.7,2,14.1,4,14.7,5,15.3,5,16.3,5,14.3,6,16.3,6,17.9,6,14.6,2,15.0,4,14.9,5,14.4,5,16.6,7,17.8,7,14.9,5,16.9,5,19.7,7,18.1,6.0,16.2,4,22.0,6,21.0,5,17.7,5,20.5,5,22.4,6,22.3,6,24.3,5,23.6,4,24.6,4,23.3,5
2016-08-05 00:00:00,15.7,5,13.8,5,14.3,6,13.5,4,14.1,6,13.8,3,13.3,3,13.6,4,14.4,5,15.0,5,16.1,5,14.0,6,15.7,6,17.5,6,14.2,3,14.6,4,14.5,5,13.9,5,16.0,7,17.4,7,14.6,5,16.2,5,18.9,7,17.1,6.0,15.8,4,21.5,5,20.3,5,17.3,5,19.6,5,21.8,6,21.9,5,23.8,5,22.6,4,24.3,4,22.8,4
2016-08-05 01:00:00,15.6,5,13.6,6,14.1,6,13.2,4,13.8,6,13.6,4,13.0,4,13.1,4,14.2,5,14.9,5,16.0,5,13.9,7,15.2,6,16.9,6,14.0,4,14.3,5,14.2,5,13.5,5,15.4,7,16.6,6,14.3,5,15.3,5,18.2,6,16.2,5.0,15.6,4,20.8,5,19.4,6,16.9,5,18.7,5,21.1,6,21.3,5,22.8,5,21.2,4,23.8,4,22.4,4
2016-08-05 02:00:00,15.5,5,13.5,6,14.0,6,13.0,5,13.6,6,13.3,4,12.7,4,12.7,5,14.1,5,14.8,5,16.0,5,13.9,7,14.8,6,16.2,6,13.8,5,14.2,6,14.0,6,13.3,5,15.0,6,15.8,6,14.2,5,14.5,5,17.6,6,15.4,5.0,15.4,5,20.0,5,18.6,6,16.5,5,17.9,5,20.6,5,20.7,5,21.7,5,19.7,4,23.3,4,22.0,4
2016-08-05 03:00:00,15.6,6,13.9,7,14.3,6,13.5,4,13.1,6,13.5,2,13.1,3,13.0,3,13.7,4,14.1,5,15.2,5,12.5,7,13.6,6,15.0,7,13.3,2,13.1,4,11.9,6,11.1,5,13.6,7,15.1,6,12.0,5,12.3,4,15.8,6,15.1,7.0,14.4,2,17.9,3,17.6,5,14.7,3,15.5,2,19.3,1,18.9,1,20.2,4,19.5,3,23.3,3,19.9,5
2016-08-05 04:00:00,15.4,6,13.7,6,14.2,6,13.4,5,13.2,6,13.5,3,13.2,3,13.0,3,13.6,5,14.1,5,15.1,5,12.8,7,13.5,6,14.8,7,13.3,3,13.1,4,11.8,6,11.4,5,13.6,6,14.9,6,11.8,5,12.4,4,15.4,6,14.4,7.0,14.3,3,17.7,2,17.3,4,14.3,4,15.1,2,19.0,2,18.7,1,19.8,3,18.9,2,23.3,3,19.6,4
2016-08-05 05:00:00,15.3,5,13.8,5,14.3,6,13.5,6,13.7,6,13.7,3,13.6,3,13.2,4,13.7,5,14.5,5,15.1,5,13.4,7,13.8,5,15.0,7,13.6,3,13.3,4,12.1,5,12.1,5,14.0,4,15.0,6,11.8,5,12.9,4,15.3,5,13.8,7.0,14.5,3,17.9,2,17.2,3,14.2,4,15.1,2,18.9,2,18.8,1,19.8,2,18.8,2,23.6,2,19.6,4
2016-08-05 06:00:00,15.4,5,14.2,5,14.8,6,14.0,6,14.5,5,14.3,4,14.3,3,13.9,4,14.1,6,15.1,5,15.5,5,14.2,6,14.5,5,15.7,6,14.4,3,14.0,4,12.8,5,13.1,6,14.8,3,15.5,6,12.2,5,13.8,4,15.6,4,13.8,7.0,15.2,3,18.5,2,17.7,2,14.5,4,15.6,2,19.5,2,19.4,1,20.3,2,19.5,1,24.0,2,20.0,3
2016-08-05 07:00:00,15.7,4,15.2,5,15.9,6,15.1,6,15.7,5,15.2,4,15.4,3,15.1,4,14.9,6,16.1,5,16.3,5,15.3,6,15.6,5,16.7,6,15.8,3,15.1,4,13.9,5,14.4,5,15.9,3,16.4,6,13.2,5,14.9,4,16.4,4,14.5,7.0,16.5,3,19.6,2,18.8,1,15.4,4,16.6,2,20.8,2,20.4,2,21.2,1,21.3,1,24.5,2,21.0,3
2016-08-05 08:00:00,16.0,4,16.5,5,17.4,6,16.5,5,17.1,5,16.2,3,16.7,3,16.6,3,16.0,5,17.2,5,17.3,5,16.5,6,16.8,5,17.9,7,17.4,3,16.5,4,15.3,5,15.7,5,17.1,3,17.6,6,14.6,5,16.2,3,17.4,3,15.6,7.0,18.1,2,20.8,2,20.2,1,16.7,3,18.0,2,22.6,2,21.8,2,22.4,1,23.6,1,25.0,2,22.3,2
2016-08-05 09:00:00,16.4,4,17.8,6,18.7,6,18.0,5,18.3,5,17.2,3,17.9,3,18.0,3,17.1,5,18.5,5,18.5,5,17.6,6,18.0,5,19.0,7,18.9,3,17.9,4,16.7,6,17.0,5,18.3,4,18.8,5,15.9,5,17.3,3,18.4,3,16.9,7.0,19.6,2,22.0,2,21.7,1,18.0,2,19.3,2,24.4,1,23.2,2,23.6,1,26.0,1,25.5,2,23.7,2
2016-08-05 10:00:00,16.7,5,18.8,6,19.7,6,19.2,4,19.2,5,18.0,3,18.8,3,19.1,3,18.1,5,19.7,5,19.6,5,18.6,6,18.9,6,19.7,6,20.0,3,19.1,4,17.9,6,18.0,5,19.2,4,19.8,4,17.0,5,18.2,3,19.1,2,18.0,6.0,20.7,2,22.9,2,23.0,1,19.1,2,20.3,2,25.8,1,24.6,2,24.6,1,27.9,1,25.9,2,25.1,2
2016-08-05 11:00:00,16.9,5,19.4,6,20.3,6,20.1,5,19.8,6,18.5,4,19.3,4,19.9,4,19.0,5,20.7,5,20.5,5,19.3,6,19.6,6,20.2,6,20.7,3,20.1,5,18.9,6,18.8,5,20.0,4,20.6,3,17.8,3,19.0,3,19.6,2,18.8,5.0,21.5,3,23.5,2,24.2,1,20.0,3,21.1,2,26.9,1,25.8,2,25.4,1,29.3,1,26.2,2,26.2,2
2016-08-05 12:00:00,17.0,5,19.8,5,20.7,6,20.7,5,20.3,6,18.9,5,19.6,4,20.6,4,19.7,5,21.4,5,21.1,5,19.9,6,20.0,6,20.6,6,21.2,3,20.9,5,19.6,6,19.4,5,20.5,5,21.1,3,18.5,3,19.6,4,20.1,2,19.6,5.0,22.0,3,24.0,2,25.1,1,20.6,3,21.8,2,27.5,1,26.7,1,26.1,1,30.2,1,26.4,3,26.9,2
2016-08-05 13:00:00,17.1,4,20.0,5,21.0,6,21.0,5,20.8,6,19.1,5,19.7,4,21.3,5,20.2,5,21.7,5,21.4,5,20.3,5,20.2,6,21.0,6,21.6,3,21.4,5,20.1,6,19.9,5,20.9,5,21.4,4,19.2,3,20.1,4,20.7,3,20.3,4.0,22.4,3,24.5,2,25.8,1,21.0,4,22.5,2,27.7,1,27.3,1,26.7,1,30.7,1,26.6,2,27.2,2
2016-08-05 14:00:00,17.1,4,20.0,5,21.2,5,21.0,5,21.2,6,19.2,4,19.6,4,21.9,5,20.5,5,21.6,5,21.6,5,20.6,4,20.3,6,21.4,6,21.9,3,21.7,5,20.3,6,20.4,5,21.2,5,21.5,5,19.7,3,20.5,4,21.1,4,20.8,4.0,22.6,3,25.0,2,26.2,1,21.3,4,23.1,2,27.7,1,27.6,1,27.0,1,30.7,1,26.7,2,27.1,2
2016-08-05 15:00:00,17.2,5,19.4,5,21.3,5,20.3,5,21.9,5,18.7,6,19.1,5,21.9,5,20.9,5,22.2,5,22.0,5,21.5,5,20.7,5,21.9,5,22.1,5,22.3,5,21.5,4,21.7,4,22.0,5,21.6,4,20.5,3,21.5,3,22.5,2,21.3,4.0,23.6,2,26.3,1,26.8,1,22.5,2,24.3,1,28.3,1,28.9,1,27.9,1,30.7,1,26.1,3,27.7,2
2016-08-05 16:00:00,17.1,5,18.9,5,20.9,5,20.0,4,21.7,5,18.6,6,18.8,5,21.8,5,20.9,5,22.0,5,22.0,5,21.4,5,20.7,4,21.8,4,21.8,4,22.5,5,21.7,4,21.9,4,21.9,4,21.5,4,20.6,3,21.7,3,22.3,2,20.4,3.0,23.7,2,25.9,1,26.2,1,22.9,2,24.6,1,28.1,1,28.3,1,27.5,1,29.9,1,25.8,2,27.6,2
2016-08-05 17:00:00,16.9,6,18.3,5,20.3,5,19.5,4,21.2,5,18.4,6,18.4,5,21.5,5,20.6,5,21.6,5,21.9,5,21.1,5,20.5,4,21.4,3,21.2,3,22.5,5,21.6,4,21.7,4,21.6,4,21.2,3,20.5,3,21.6,2,21.9,2,19.0,2.0,23.5,1,25.2,1,25.1,1,23.0,2,24.5,1,27.7,1,27.3,1,26.7,1,28.9,1,25.5,2,27.3,2
2016-08-05 18:00:00,16.6,6,17.5,6,19.4,5,18.7,4,20.2,4,18.0,6,17.8,5,20.7,5,20.1,5,21.0,5,21.6,5,20.2,5,20.0,3,20.6,3,20.3,2,22.0,5,21.1,4,20.9,4,20.8,3,20.3,2,20.0,3,21.0,2,21.1,1,17.5,2.0,22.6,1,24.3,1,23.8,1,22.4,2,24.1,1,27.0,1,26.0,1,25.8,1,27.5,1,25.1,2,26.8,2
2016-08-05 19:00:00,16.3,6,16.7,5,18.3,5,17.6,4,18.8,4,17.5,6,17.0,5,19.6,5,19.3,5,20.3,5,21.0,5,18.7,5,19.1,3,19.4,2,19.0,2,20.9,5,20.2,3,19.2,3,19.6,3,18.8,2,19.1,2,19.7,1,20.1,1,16.3,2.0,21.0,2,23.2,1,22.5,1,21.0,2,23.2,1,25.9,1,24.6,1,24.8,1,25.8,1,24.8,1,26.0,1
2016-08-05 20:00:00,16.0,5,15.8,5,17.3,6,16.5,4,17.3,4,16.9,6,16.1,5,18.3,5,18.3,5,19.4,5,20.3,5,17.0,5,17.9,2,18.0,2,17.5,2,19.6,5,19.0,3,17.2,2,18.1,2,16.9,2,18.0,2,18.1,1,19.0,1,15.4,1.0,19.1,2,22.2,1,21.4,1,19.1,2,22.0,1,24.6,1,23.2,1,23.9,1,24.2,1,24.5,2,25.1,1
2016-08-05 21:00:00,15.9,5,15.2,5,16.4,6,15.4,4,16.0,4,16.4,6,15.5,5,17.1,5,17.5,5,18.6,5,19.7,5,15.8,5,16.9,2,16.9,2,16.3,2,18.5,5,17.8,3,15.7,3,16.9,3,15.5,2,16.9,2,16.7,1,18.1,2,14.7,2.0,17.5,2,21.3,1,20.4,1,17.8,2,20.8,2,23.5,1,22.1,1,22.9,1,22.7,1,24.1,2,24.3,1
2016-08-05 22:00:00,15.9,5,14.8,5,15.6,6,14.6,4,15.1,4,16.1,6,15.0,5,16.2,5,16.7,5,17.8,5,19.0,5,14.9,4,15.9,2,15.9,2,15.5,3,17.4,5,16.8,3,14.5,3,15.9,3,14.5,3,16.1,2,15.6,2,17.2,2,14.1,2.0,16.5,2,20.7,1,19.6,1,16.8,2,19.8,2,22.5,2,21.3,1,22.0,1,21.5,1,23.6,2,23.5,1
2016-08-05 23:00:00,15.9,5,14.4,5,15.0,6,14.1,4,14.4,4,15.8,6,14.6,5,15.4,5,16.0,5,16.9,5,18.3,4,14.3,4,15.0,2,15.3,2,15.0,3,16.5,5,15.9,3,13.6,4,15.1,3,13.8,3,15.5,2,14.9,2,16.6,3,13.5,2.0,16.1,2,20.2,1,18.9,1,16.1,3,18.9,3,21.6,2,20.8,1,21.2,1,20.3,1,23.1,2,22.9,2
2016-08-06 00:00:00,15.9,5,14.1,5,14.6,6,13.8,5,14.0,5,15.5,6,14.2,5,14.8,5,15.3,5,16.2,4,17.6,4,13.9,4,14.4,3,14.8,3,14.7,3,15.7,5,15.2,4,13.1,4,14.5,4,13.4,4,15.0,3,14.3,3,16.0,3,13.0,3.0,15.8,2,19.8,1,18.3,1,15.6,3,18.1,3,20.8,2,20.4,1,20.5,1,19.2,1,22.7,2,22.2,2
2016-08-06 01:00:00,15.8,5,13.9,5,14.2,6,13.6,5,13.6,5,15.0,6,13.8,5,14.2,5,14.7,5,15.5,4,16.9,4,13.6,5,13.9,3,14.5,4,14.4,4,15.0,6,14.7,4,12.8,5,14.1,4,13.2,4,14.6,3,13.9,3,15.6,4,12.5,3.0,15.4,3,19.4,1,17.7,1,15.2,3,17.3,4,20.1,3,20.1,1,20.0,1,18.0,1,22.2,2,21.6,3
2016-08-06 02:00:00,15.7,6,13.7,5,14.0,6,13.5,5,13.3,5,14.6,5,13.5,5,13.7,5,14.2,5,14.9,5,16.3,5,13.5,5,13.7,4,14.4,5,14.2,4,14.3,6,14.2,4,12.7,5,13.8,4,13.3,5,14.1,4,13.5,4,15.4,4,12.1,4.0,15.0,3,19.0,1,17.1,2,14.9,4,16.6,4,19.6,3,19.9,1,19.6,1,17.0,1,21.9,1,20.9,4
2016-08-06 03:00:00,15.9,5,13.4,5,13.6,5,13.4,5,13.0,4,15.2,6,14.6,6,14.0,3,13.5,3,14.2,3,16.1,3,12.8,3,12.5,4,13.0,4,14.0,2,14.1,2,13.1,2,11.9,2,12.7,1,12.7,2,13.1,2,12.0,2,14.0,2,11.3,2.0,14.1,2,17.8,1,16.3,1,14.4,2,16.0,1,19.0,1,19.0,1,18.8,1,16.6,1,22.1,1,20.6,1
2016-08-06 04:00:00,15.8,4,13.5,5,13.7,5,13.7,5,13.0,4,15.1,6,14.8,5,14.0,3,13.6,3,14.2,4,15.8,4,13.0,4,12.8,5,13.2,5,14.0,2,14.0,2,12.8,2,11.9,2,12.9,1,12.9,3,12.7,2,12.4,3,14.1,2,11.0,2.0,13.9,2,17.8,1,16.1,1,14.0,2,15.6,1,18.8,1,19.0,1,18.7,1,16.5,1,22.0,1,20.4,1
2016-08-06 05:00:00,15.8,3,14.0,5,14.1,5,14.3,5,13.4,4,15.2,6,15.3,5,14.4,3,14.0,4,14.5,4,15.9,4,13.6,5,13.5,5,14.0,5,14.3,2,14.2,2,12.8,2,12.3,2,13.6,2,13.5,5,12.5,2,13.4,4,14.7,2,11.2,2.0,14.2,2,18.1,1,16.3,1,13.9,2,15.5,2,19.1,1,19.4,1,18.9,1,17.1,1,22.3,1,20.5,1
2016-08-06 06:00:00,15.9,3,14.8,5,14.9,5,15.3,5,14.4,4,15.7,6,16.0,5,15.3,4,14.7,4,15.3,5,16.3,5,14.6,6,14.6,5,15.1,5,15.2,2,14.9,2,13.5,2,13.3,2,14.7,2,14.6,5,13.0,2,14.7,5,15.7,3,12.0,2.0,15.2,3,19.0,1,17.0,1,14.6,2,16.2,2,20.0,1,20.3,1,19.7,1,18.6,1,22.9,1,21.2,1
2016-08-06 07:00:00,16.2,3,16.0,5,16.2,5,16.7,5,15.9,4,16.6,6,17.1,5,16.7,4,15.8,4,16.5,5,17.2,5,15.9,6,16.0,5,16.6,6,16.8,3,16.3,2,15.0,2,15.0,2,16.2,2,16.2,5,14.4,2,16.3,5,17.0,2,13.6,2.0,16.9,2,20.4,1,18.4,1,16.2,1,17.8,2,21.8,1,21.8,1,21.0,1,21.1,1,23.8,1,22.4,1
2016-08-06 08:00:00,16.5,3,17.4,5,17.6,5,18.2,4,17.7,4,17.8,6,18.3,6,18.4,4,17.1,4,18.0,4,18.5,4,17.4,5,17.5,6,18.2,6,18.7,3,18.1,2,17.1,2,17.2,2,17.8,3,18.0,3,16.4,2,17.9,4,18.5,2,15.6,2.0,19.0,2,22.0,1,20.3,1,18.3,1,19.8,2,24.0,1,23.7,1,22.7,1,24.0,1,24.8,1,24.0,1
2016-08-06 09:00:00,16.9,3,18.7,5,19.0,5,19.6,4,19.3,5,18.9,6,19.4,6,20.0,5,18.4,4,19.6,4,19.8,4,18.9,5,18.9,6,19.6,7,20.5,4,19.9,2,19.1,2,19.2,2,19.4,3,19.7,2,18.3,2,19.5,3,19.9,2,17.8,3.0,21.1,2,23.7,1,22.4,1,20.3,1,21.7,1,26.1,1,25.5,1,24.5,1,26.9,1,25.8,1,25.7,1
2016-08-06 10:00:00,17.2,3,19.6,5,20.0,5,20.6,4,20.4,5,19.6,6,20.2,6,21.1,6,19.7,4,21.1,4,21.0,4,20.2,5,20.1,6,20.7,7,21.7,4,21.4,3,20.7,2,20.8,2,20.7,3,20.9,3,19.7,2,20.9,2,21.1,1,19.7,3.0,22.7,1,25.1,1,24.3,1,21.8,2,23.1,1,27.7,1,27.1,1,26.2,1,29.2,1,26.5,1,27.2,1
2016-08-06 11:00:00,17.4,3,20.2,5,20.7,4,21.3,5,21.2,5,20.1,6,20.7,6,21.9,6,20.8,5,22.4,4,22.1,4,21.3,5,21.0,6,21.4,6,22.5,4,22.5,4,21.8,3,21.9,3,21.8,4,21.7,4,20.6,2,22.0,2,22.1,2,21.3,3.0,24.0,2,26.2,1,26.0,1,22.9,2,24.1,1,28.7,1,28.3,1,27.6,1,30.8,2,27.0,1,28.5,1
2016-08-06 12:00:00,17.6,3,20.5,4,21.2,4,21.7,5,21.8,5,20.3,6,21.0,6,22.7,6,21.7,5,23.3,5,22.9,5,22.0,5,21.5,7,21.9,6,23.1,5,23.4,5,22.6,4,22.7,3,22.5,4,22.2,5,21.3,2,22.8,3,22.9,2,22.4,3.0,24.8,2,27.0,1,27.4,1,23.6,3,24.9,1,29.2,1,29.2,1,28.7,1,31.8,2,27.3,2,29.4,1
2016-08-06 13:00:00,17.8,3,20.7,4,21.6,4,21.9,4,22.4,6,20.5,6,21.2,5,23.6,6,22.3,6,23.8,6,23.4,6,22.4,5,21.7,7,22.3,6,23.7,5,24.1,6,23.1,4,23.3,4,22.9,5,22.5,6,22.0,2,23.3,3,23.6,2,23.1,3.0,25.4,2,27.5,1,28.4,1,24.1,3,25.6,1,29.4,1,29.8,1,29.4,1,32.2,2,27.5,2,29.9,1
2016-08-06 14:00:00,18.0,3,20.8,4,21.8,5,22.1,4,22.8,6,20.6,7,21.4,4,24.4,5,22.7,6,23.9,6,23.8,6,22.7,6,21.7,7,22.5,6,24.2,6,24.6,5,23.3,4,23.6,4,23.2,5,22.7,6,22.5,2,23.7,3,24.0,3,23.2,4.0,25.7,2,27.7,1,29.0,1,24.5,3,26.3,1,29.4,1,30.1,1,29.7,1,32.0,1,27.5,2,30.1,1
2016-08-06 15:00:00,17.9,2,20.7,2,22.3,3,21.5,6,23.0,5,21.2,2,21.0,3,24.2,3,22.5,3,23.6,4,23.5,4,22.7,5,21.6,5,23.1,4,24.9,2,24.2,4,23.0,2,23.3,4,23.3,4,23.0,5,22.2,2,23.2,4,23.8,3,22.8,3.0,26.0,1,27.3,1,29.0,1,24.2,2,26.4,1,29.2,1,30.0,1,29.3,1,31.2,1,27.4,1,29.3,1
2016-08-06 16:00:00,17.8,2,20.3,2,22.1,2,21.4,5,23.1,4,21.2,2,20.9,3,24.5,3,22.5,3,23.6,3,23.6,3,22.9,5,21.6,4,22.8,4,25.1,2,24.6,4,23.2,2,23.5,3,23.2,3,22.8,5,22.3,2,23.3,3,23.5,2,21.7,3.0,26.2,2,26.9,1,28.4,1,24.5,1,26.6,1,29.0,1,29.5,1,28.7,1,30.6,1,27.0,1,29.1,1
2016-08-06 17:00:00,17.5,2,19.7,2,21.5,2,21.1,4,22.7,3,20.9,2,20.6,3,24.5,2,22.3,3,23.4,3,23.6,3,22.7,4,21.5,4,22.3,3,24.8,2,24.7,4,23.1,2,23.3,3,22.8,2,22.4,5,22.1,2,23.2,2,23.0,2,20.3,3.0,26.1,2,26.3,1,27.3,1,24.5,1,26.4,1,28.8,1,28.5,1,27.8,1,29.8,1,26.4,1,28.8,1
2016-08-06 18:00:00,17.2,2,18.8,2,20.6,2,20.3,4,21.6,2,20.3,2,20.0,3,23.8,2,21.7,2,22.8,2,23.2,2,21.8,4,20.9,3,21.3,3,23.9,1,24.1,3,22.5,2,22.3,2,22.0,2,21.4,4,21.6,2,22.6,2,22.2,2,18.8,3.0,25.2,2,25.5,1,25.9,1,23.9,1,25.7,1,28.2,1,27.3,1,26.8,1,28.6,1,25.8,1,28.2,1
2016-08-06 19:00:00,16.9,2,17.7,2,19.4,1,18.9,3,19.7,1,19.3,2,18.9,3,22.4,2,20.7,2,21.8,2,22.5,2,19.8,3,19.7,2,19.9,2,22.2,1,22.7,3,21.4,2,20.2,1,20.6,1,19.8,3,20.7,1,21.2,1,21.1,1,17.5,3.0,23.5,2,24.5,1,24.5,1,22.4,1,24.6,1,27.2,1,25.9,1,25.8,1,26.9,1,25.3,1,27.3,1
2016-08-06 20:00:00,16.6,2,16.5,2,18.1,1,17.3,3,17.6,1,18.2,2,17.7,3,20.7,2,19.4,2,20.6,2,21.5,2,17.4,2,18.1,2,18.3,2,20.3,1,20.9,2,19.9,2,17.7,1,18.9,1,17.8,2,19.6,1,19.4,1,19.9,1,16.5,3.0,21.5,1,23.3,1,23.1,1,20.5,1,23.3,1,25.9,1,24.4,1,24.8,1,25.0,1,24.8,1,26.3,1
2016-08-06 21:00:00,16.4,3,15.6,2,16.9,1,15.9,3,16.0,1,17.3,2,16.8,3,19.2,2,18.2,2,19.4,2,20.6,2,15.7,2,16.8,2,17.1,2,18.7,1,19.2,2,18.5,2,15.9,1,17.6,1,16.4,2,18.6,1,17.9,1,19.1,1,15.6,2.0,19.9,1,22.4,1,21.8,1,19.1,1,22.0,1,24.7,1,23.2,1,23.8,1,23.3,1,24.3,1,25.5,1
2016-08-06 22:00:00,16.4,4,14.9,2,15.9,1,15.0,3,14.7,1,16.6,3,16.2,3,17.9,2,17.2,2,18.3,1,19.7,2,14.5,1,15.6,2,16.1,3,17.6,1,18.0,1,17.3,2,14.4,1,16.4,1,15.3,1,17.8,1,16.5,1,18.3,1,14.8,2.0,18.8,1,21.5,1,20.7,1,18.0,1,21.0,1,23.6,1,22.3,1,22.8,1,21.8,1,23.7,1,24.8,1
2016-08-06 23:00:00,16.3,5,14.5,2,15.1,2,14.5,3,13.8,1,16.3,4,15.7,3,16.7,2,16.5,2,17.3,1,18.8,2,13.8,1,14.7,1,15.4,3,17.0,1,17.2,1,16.4,2,13.5,1,15.5,1,14.5,2,17.2,1,15.4,1,17.6,1,14.1,2.0,18.1,1,20.7,1,19.7,1,17.2,1,20.1,1,22.6,1,21.6,1,21.9,1,20.5,1,23.2,1,24.1,1
2016-08-07 00:00:00,16.3,5,14.3,2,14.5,2,14.3,2,13.2,1,16.0,5,15.3,2,15.8,2,15.8,2,16.5,1,17.9,2,13.4,1,14.1,1,14.8,4,16.6,1,16.6,1,15.6,2,12.9,1,14.8,1,14.0,2,16.6,1,14.6,1,17.0,1,13.4,2.0,17.7,1,20.0,1,18.9,1,16.6,1,19.3,1,21.6,1,21.1,1,21.1,1,19.4,1,22.8,1,23.3,1
2016-08-07 01:00:00,16.2,4,14.1,2,14.2,2,14.2,2,12.8,1,15.7,5,14.9,2,15.0,2,15.1,2,15.7,1,17.1,2,13.3,1,13.7,2,14.5,4,16.1,1,15.9,1,14.9,2,12.6,1,14.2,1,13.6,3,16.0,1,14.0,1,16.5,1,12.8,2.0,17.1,1,19.5,1,18.2,1,16.1,1,18.4,1,20.8,1,20.6,1,20.5,1,18.5,2,22.4,1,22.5,1
2016-08-07 02:00:00,16.1,3,13.9,2,14.0,2,14.1,2,12.6,1,15.3,5,14.5,2,14.3,2,14.5,2,15.1,2,16.3,2,13.2,1,13.5,2,14.2,5,15.5,1,15.2,1,14.4,2,12.5,1,13.8,1,13.4,4,15.5,1,13.6,1,16.1,1,12.3,2.0,16.5,1,19.1,1,17.6,1,15.7,1,17.5,1,20.1,1,20.1,1,20.1,1,17.8,2,22.1,1,21.6,1
2016-08-07 03:00:00,15.3,6,13.1,5,13.4,2,12.8,3,12.3,1,14.0,4,14.2,6,13.6,3,14.2,1,14.5,1,16.6,1,12.8,1,13.4,1,13.7,1,15.0,1,14.5,1,13.2,1,11.5,1,13.4,1,13.2,1,14.8,1,12.6,2,14.9,2,12.2,1.0,15.4,1,18.7,1,17.4,1,14.9,1,16.6,1,20.3,1,20.0,1,19.9,1,17.9,1,22.7,1,22.0,1
2016-08-07 04:00:00,15.2,6,13.2,6,13.6,3,12.9,4,12.4,1,13.9,4,14.1,6,13.4,3,14.0,1,14.3,1,16.2,1,13.0,1,13.3,1,13.8,1,14.7,1,14.3,1,12.8,1,11.7,1,13.6,1,13.3,1,14.2,1,12.8,2,14.7,2,11.9,2.0,15.1,1,18.6,1,17.3,1,14.4,2,16.1,1,20.1,1,19.9,1,20.0,1,18.0,1,22.8,1,21.8,1
2016-08-07 05:00:00,15.2,6,13.7,6,14.2,4,13.3,5,13.1,1,14.0,4,14.4,6,13.7,3,14.1,1,14.5,1,16.1,1,13.6,1,13.6,1,14.5,1,14.9,1,14.5,1,12.9,1,12.4,1,14.3,1,13.9,1,13.8,1,13.6,3,15.0,2,11.9,2.0,15.2,1,18.8,1,17.5,1,14.4,2,16.1,1,20.4,1,20.2,1,20.5,1,18.9,1,23.2,1,21.9,1
2016-08-07 06:00:00,15.5,7,14.7,7,15.2,4,14.3,5,14.4,2,14.7,3,15.2,6,14.7,3,14.8,2,15.4,2,16.6,2,14.8,1,14.5,1,15.6,2,15.8,1,15.4,1,13.7,1,13.7,1,15.5,1,15.1,2,14.2,1,14.8,4,15.7,2,12.6,2.0,16.2,1,19.7,1,18.3,1,15.2,2,16.9,1,21.3,1,21.1,1,21.4,1,20.6,1,23.9,2,22.5,1
2016-08-07 07:00:00,16.0,7,16.2,6,16.7,4,16.0,5,16.3,2,16.0,3,16.7,5,16.5,3,16.2,2,17.0,2,17.8,2,16.5,1,16.1,1,17.3,2,17.6,1,17.1,1,15.5,1,15.7,1,17.2,1,16.9,2,15.7,1,16.5,3,17.0,2,14.3,2.0,18.1,1,21.2,1,19.7,1,17.1,1,18.5,1,23.0,1,22.7,1,22.7,1,23.0,1,24.9,1,23.5,1
2016-08-07 08:00:00,16.6,6,18.0,6,18.4,4,18.0,4,18.5,1,17.7,3,18.5,4,18.7,2,18.0,2,19.0,2,19.5,2,18.5,1,18.1,1,19.1,1,19.9,1,19.3,1,17.7,1,18.0,1,19.1,1,19.0,2,17.9,1,18.4,2,18.7,2,16.7,2.0,20.6,1,23.0,1,21.5,1,19.5,1,20.5,1,25.0,1,24.7,1,24.2,1,25.8,1,26.0,1,24.9,1
2016-08-07 09:00:00,17.2,6,19.6,5,20.1,4,20.0,4,20.6,2,19.2,2,20.2,4,20.8,2,19.9,2,21.1,2,21.3,2,20.4,1,20.0,2,20.9,1,22.1,1,21.4,1,20.0,1,20.2,1,20.9,1,20.9,2,20.0,1,20.3,2,20.5,2,19.2,2.0,22.9,1,24.9,1,23.5,2,21.7,1,22.4,1,27.0,1,26.7,1,25.9,1,28.4,1,27.0,1,26.3,1
2016-08-07 10:00:00,17.6,5,20.8,4,21.4,4,21.5,4,22.2,2,20.3,2,21.5,3,22.3,2,21.5,2,22.8,2,22.8,2,22.0,2,21.5,2,22.2,1,23.8,2,23.1,2,21.8,1,22.0,1,22.4,1,22.4,2,21.6,1,21.9,1,22.1,1,21.5,2.0,24.6,1,26.5,1,25.4,2,23.1,2,23.8,1,28.5,1,28.4,1,27.5,1,30.4,2,27.7,1,27.7,1
2016-08-07 11:00:00,17.8,5,21.6,3,22.4,4,22.5,4,23.3,2,21.0,2,22.3,3,23.5,3,22.8,2,24.2,2,24.1,2,23.2,2,22.6,2,23.2,2,25.0,2,24.4,2,23.1,1,23.4,2,23.5,1,23.5,2,22.6,1,23.2,1,23.4,1,23.5,3.0,25.8,1,27.9,1,27.1,2,23.8,2,24.8,1,29.4,1,29.8,1,29.0,1,31.6,2,28.1,1,28.8,1
2016-08-07 12:00:00,18.0,5,22.0,3,23.0,4,23.1,5,24.2,3,21.4,2,22.7,4,24.4,4,23.8,2,25.2,2,25.0,2,24.2,3,23.4,2,24.0,2,25.8,2,25.4,2,24.1,1,24.4,2,24.4,1,24.2,1,23.5,1,24.2,2,24.5,1,24.9,3.0,26.6,1,28.8,1,28.6,2,24.3,3,25.7,1,29.9,1,30.8,1,30.2,1,32.3,2,28.3,2,29.7,1
2016-08-07 13:00:00,18.2,5,22.2,3,23.3,4,23.3,5,24.9,3,21.6,3,22.8,4,25.3,4,24.4,2,25.8,2,25.6,2,24.9,3,24.1,2,24.7,2,26.4,2,26.1,2,24.8,2,25.1,2,25.0,1,24.7,1,24.3,1,24.9,2,25.3,1,25.8,3.0,27.1,1,29.4,1,29.7,2,24.8,2,26.6,1,30.0,1,31.4,1,31.0,1,32.4,2,28.4,2,30.1,1
2016-08-07 14:00:00,18.3,6,22.2,3,23.4,3,23.3,4,25.4,4,21.7,5,22.7,5,26.1,3,24.7,2,26.1,2,26.0,2,25.4,3,24.6,2,25.2,2,26.8,2,26.6,2,25.4,2,25.6,2,25.4,1,25.0,1,25.0,1,25.4,2,25.9,2,25.9,3.0,27.5,1,29.6,1,30.4,2,25.3,2,27.4,1,29.8,1,31.6,1,31.3,1,32.2,2,28.3,2,30.3,1
2016-08-07 15:00:00,18.5,6,22.1,5,24.2,4,23.3,3,25.7,3,21.1,3,22.1,3,26.2,3,25.3,2,26.3,2,26.2,2,25.7,2,25.0,3,25.6,2,26.5,2,27.1,2,25.9,2,26.1,1,26.0,2,25.4,2,25.3,1,25.5,1,26.4,2,25.4,2.0,28.3,1,29.8,1,30.1,2,25.8,1,28.1,1,29.2,1,31.7,1,30.9,1,31.3,1,28.1,2,30.4,1
2016-08-07 16:00:00,18.3,6,21.6,5,23.9,4,23.0,3,25.7,2,20.8,4,21.6,4,25.9,3,25.1,2,26.1,2,26.0,2,25.9,2,25.1,3,25.6,2,26.2,2,27.2,2,26.0,2,26.3,1,26.1,1,25.5,2,25.3,1,25.7,1,26.3,2,24.1,2.0,28.5,1,29.4,1,29.5,2,25.9,1,28.3,1,28.8,1,31.1,1,30.2,1,30.8,2,27.7,2,30.2,1
2016-08-07 17:00:00,18.1,6,20.9,4,23.2,4,22.3,3,25.2,2,20.5,5,20.8,4,25.2,3,24.7,2,25.7,2,25.7,2,25.6,2,24.9,3,25.2,2,25.6,2,27.0,2,25.8,2,26.0,1,25.8,1,25.3,1,24.9,1,25.7,1,25.8,1,22.5,2.0,28.3,1,28.7,1,28.3,1,25.6,1,28.1,1,28.5,1,30.2,1,29.3,1,30.2,2,27.3,2,29.7,1
2016-08-07 18:00:00,17.7,6,20.0,4,22.3,3,21.3,3,24.0,2,19.8,5,19.9,4,24.1,3,23.9,2,24.9,2,25.1,2,24.5,2,24.1,3,24.2,2,24.4,2,26.1,2,25.1,2,24.7,1,24.8,1,24.2,1,24.2,1,24.9,1,24.9,1,20.8,2.0,27.2,1,27.7,1,26.8,1,24.6,1,27.4,1,27.9,1,28.9,1,28.1,1,29.2,2,26.7,2,29.1,1
2016-08-07 19:00:00,17.3,6,18.8,5,21.1,3,19.9,3,22.1,2,18.8,5,18.9,4,22.7,3,22.8,2,23.7,2,24.2,2,22.4,1,22.6,3,22.5,1,22.8,2,24.5,2,23.8,1,22.3,1,23.0,1,22.0,1,23.1,1,23.2,1,23.6,1,19.4,1.0,25.2,1,26.4,1,25.2,1,22.8,1,26.2,1,27.0,1,27.3,1,26.8,1,27.5,2,26.1,2,28.2,1
2016-08-07 20:00:00,17.0,6,17.6,5,19.8,3,18.3,3,20.0,2,17.6,4,17.9,4,21.1,3,21.4,2,22.3,2,23.2,2,19.8,1,20.7,2,20.5,1,21.0,2,22.5,1,22.2,1,19.5,1,20.9,1,19.4,1,21.9,1,21.1,1,22.1,1,18.3,1.0,22.8,1,25.0,1,23.6,1,20.8,1,24.7,1,25.9,1,25.7,1,25.6,1,25.5,1,25.5,1,27.3,1
2016-08-07 21:00:00,16.8,5,16.6,5,18.7,4,16.9,4,18.2,2,16.8,4,17.1,4,19.7,4,20.1,2,21.1,2,22.1,2,18.0,2,19.1,3,18.8,1,19.7,2,20.9,1,20.7,1,17.4,1,19.1,1,17.1,1,20.7,1,19.1,1,20.8,2,17.3,1.0,21.0,1,23.8,1,22.2,1,19.2,1,23.1,1,24.9,1,24.3,1,24.5,1,23.9,1,25.0,1,26.4,1
2016-08-07 22:00:00,16.7,5,16.0,5,17.8,4,16.0,4,17.0,2,16.2,5,16.4,4,18.4,4,19.0,2,19.9,2,21.0,2,16.9,2,17.8,3,17.7,2,18.6,1,19.6,1,19.3,1,15.8,1,17.8,1,15.8,1,19.7,1,17.7,2,19.5,2,16.3,1.0,19.7,1,22.9,1,21.2,1,18.0,1,21.7,1,23.9,1,23.4,1,23.6,1,22.3,1,24.4,1,25.5,1
2016-08-07 23:00:00,16.6,5,15.6,5,17.2,5,15.4,4,16.3,3,15.8,6,15.8,5,17.3,5,18.1,2,18.9,3,20.1,3,16.4,2,16.7,3,17.1,2,17.7,1,18.5,1,18.1,1,14.8,1,17.0,1,15.2,1,18.8,1,16.7,2,18.6,2,15.4,1.0,18.7,1,22.1,1,20.3,1,17.3,1,20.5,1,22.9,1,22.8,1,22.7,1,21.0,1,23.8,1,24.6,1
2016-08-08 00:00:00,16.5,5,15.4,5,16.7,5,15.0,4,15.7,3,15.4,6,15.3,5,16.4,5,17.3,3,18.0,3,19.3,3,16.1,3,15.9,4,16.6,2,17.0,2,17.7,1,17.2,1,14.2,1,16.4,1,15.0,1,18.0,1,16.1,2,17.9,3,14.6,1.0,18.0,1,21.5,1,19.6,1,16.9,1,19.6,1,22.1,1,22.3,1,22.0,1,19.8,1,23.3,1,23.6,1
2016-08-08 01:00:00,16.4,5,15.2,5,16.2,6,14.6,5,15.3,4,15.1,6,14.9,5,15.6,6,16.7,3,17.3,4,18.8,4,15.8,3,15.4,4,16.1,2,16.4,3,17.0,2,16.4,1,14.0,1,15.8,1,14.7,1,17.3,1,15.5,2,17.4,3,13.9,1.0,17.4,1,20.8,1,18.8,1,16.6,1,18.9,1,21.4,1,21.7,1,21.4,1,18.8,1,22.7,1,22.6,1
2016-08-08 02:00:00,16.4,5,15.1,5,15.8,6,14.4,5,14.9,5,14.7,6,14.6,5,15.0,5,16.2,4,16.7,4,18.3,4,15.4,3,15.1,5,15.6,3,15.9,5,16.3,2,15.8,1,13.9,1,15.2,1,14.5,1,16.6,1,15.2,2,17.1,4,13.3,1.0,16.9,1,20.2,1,18.2,1,16.2,1,18.3,1,20.9,1,21.2,1,20.9,1,18.0,1,22.3,1,21.7,1
2016-08-08 03:00:00,16.1,4,15.1,4,15.5,4,14.7,5,15.4,3,14.8,6,15.1,6,15.2,5,16.3,2,17.1,3,18.5,3,15.3,3,15.3,2,15.1,2,16.1,3,16.7,3,15.6,2,13.8,2,14.6,1,14.4,1,16.5,1,14.5,1,16.0,1,13.1,1.0,16.5,1,19.7,1,18.1,1,15.8,1,17.5,1,20.8,1,21.0,1,20.8,1,17.7,1,23.2,1,23.6,1
2016-08-08 04:00:00,16.0,5,14.9,4,15.4,4,14.6,6,15.4,4,14.7,5,14.9,5,14.9,6,16.1,3,16.9,3,18.1,3,15.6,3,15.5,2,15.3,2,15.9,4,16.5,4,15.3,2,14.2,2,14.7,1,14.6,2,16.0,1,14.6,2,15.9,1,12.8,1.0,16.1,1,19.4,1,17.9,1,15.5,1,17.0,1,20.7,1,21.0,1,20.8,1,17.7,1,23.1,1,23.4,1
2016-08-08 05:00:00,15.8,5,14.9,5,15.5,4,14.8,6,15.9,4,14.7,5,14.8,4,14.8,6,16.1,3,17.1,4,17.8,4,16.4,4,16.2,2,15.9,2,16.0,5,16.6,4,15.4,2,15.1,2,15.4,1,15.3,2,15.8,1,15.3,2,16.3,1,13.0,1.0,16.3,1,19.6,1,18.1,1,15.5,1,17.0,1,20.9,1,21.4,1,21.2,1,18.4,1,23.4,1,23.6,1
2016-08-08 06:00:00,15.8,5,15.3,6,15.9,4,15.3,6,16.8,5,15.1,4,15.2,4,15.3,5,16.5,4,17.6,4,17.9,4,17.6,4,17.4,3,17.2,2,16.6,5,17.2,5,16.2,2,16.5,2,16.7,2,16.7,2,16.2,1,16.5,2,17.2,2,14.0,1.0,17.2,2,20.5,1,19.0,1,16.2,1,17.8,2,21.9,1,22.4,1,22.2,1,20.1,1,24.0,2,24.4,1
2016-08-08 07:00:00,16.0,5,16.3,6,16.7,4,16.3,6,18.2,4,15.9,5,16.2,4,16.5,5,17.3,4,18.5,4,18.5,4,18.9,4,19.1,3,19.1,2,17.8,5,18.2,5,17.8,2,18.3,2,18.5,2,18.9,2,17.5,1,18.3,2,18.7,2,16.0,1.0,18.9,2,22.2,1,20.6,1,17.6,1,19.5,2,23.7,1,24.1,1,23.7,1,22.7,1,25.0,2,25.8,1
2016-08-08 08:00:00,16.4,4,17.6,6,17.7,4,17.5,5,19.8,4,16.9,6,17.4,4,18.2,4,18.3,4,19.6,4,19.5,4,20.3,4,21.0,2,21.3,2,19.3,4,19.5,5,19.9,2,20.2,2,20.6,2,21.5,2,19.3,1,20.5,1,20.6,1,18.6,1.0,21.1,2,24.4,1,22.8,1,19.5,1,21.7,1,25.8,1,26.1,1,25.5,1,25.7,1,26.0,1,27.6,1
2016-08-08 09:00:00,16.7,4,18.8,6,18.8,4,18.8,5,21.2,4,17.9,6,18.7,5,19.7,3,19.5,3,20.8,4,20.7,4,21.6,4,22.7,2,23.3,2,20.8,3,20.9,5,21.8,2,22.1,2,22.6,2,23.9,1,21.2,1,22.6,1,22.6,1,21.3,1.0,23.1,2,26.6,1,25.0,1,21.3,1,23.9,1,27.7,1,28.2,1,27.4,1,28.6,1,27.0,1,29.3,1
2016-08-08 10:00:00,16.9,4,19.5,5,19.7,4,19.8,5,22.2,3,18.7,6,19.7,5,20.8,4,20.6,3,22.0,3,21.8,3,22.8,4,23.9,3,24.9,2,21.9,3,22.1,5,23.1,3,23.6,3,24.2,3,25.6,1,22.8,2,24.4,2,24.4,1,23.7,2.0,24.5,2,28.5,1,27.1,1,22.7,1,25.5,1,29.0,1,30.0,1,29.0,1,30.9,1,27.7,1,30.6,1
2016-08-08 11:00:00,17.1,4,19.9,5,20.5,5,20.6,5,22.9,3,19.2,6,20.3,6,21.5,5,21.6,2,23.1,3,22.8,2,23.8,4,24.6,3,26.0,2,22.6,3,23.2,5,24.0,4,24.8,4,25.3,3,26.8,1,23.9,2,25.8,2,25.8,1,25.7,2.0,25.5,2,30.0,1,28.8,1,23.8,1,26.7,1,29.7,1,31.3,1,30.4,1,32.5,1,28.1,1,31.5,1
2016-08-08 12:00:00,17.2,5,20.1,5,21.0,5,21.0,6,23.3,3,19.5,6,20.6,6,22.0,5,22.4,2,23.9,2,23.5,2,24.5,4,25.0,4,26.7,2,23.0,3,24.0,6,24.6,4,25.6,4,26.1,4,27.5,2,24.6,3,26.8,2,27.0,1,27.0,2.0,26.0,2,31.1,1,30.2,1,24.5,2,27.6,1,29.9,1,32.3,1,31.3,1,33.4,1,28.3,1,31.9,1
2016-08-08 13:00:00,17.4,5,20.3,5,21.2,5,21.0,6,23.7,4,19.6,6,20.6,6,22.5,5,23.0,3,24.4,3,24.0,3,25.0,5,25.3,4,27.1,3,23.2,3,24.6,5,25.2,5,26.2,5,26.6,4,27.9,2,24.9,3,27.4,2,27.8,1,27.6,2.0,26.3,2,31.9,1,31.1,1,25.0,2,28.3,1,29.9,1,32.8,1,31.8,1,33.6,1,28.4,2,31.9,1
2016-08-08 14:00:00,17.6,6,20.3,5,21.3,5,20.8,7,23.9,4,19.5,6,20.4,6,22.9,5,23.3,4,24.5,3,24.2,4,25.3,5,25.5,5,27.1,3,23.3,3,25.0,5,25.7,5,26.5,5,26.9,4,28.1,2,24.9,4,27.8,2,28.2,2,27.5,2.0,26.4,2,32.3,1,31.5,1,25.3,3,28.8,1,29.6,1,33.0,1,31.9,1,33.4,1,28.4,2,31.5,1
2016-08-08 15:00:00,17.5,5,19.8,6,21.5,5,20.8,6,23.9,5,19.2,6,19.5,6,22.9,4,22.9,5,24.4,5,24.2,5,25.5,5,25.4,5,27.1,4,23.4,2,25.0,4,26.5,5,27.3,4,27.2,4,27.7,2,25.5,2,28.4,2,28.9,1,27.0,2.0,26.5,2,32.7,1,31.4,1,25.7,3,29.6,1,29.1,1,33.3,1,31.3,1,32.6,1,27.8,1,31.2,1
2016-08-08 16:00:00,17.3,5,19.3,6,21.1,6,20.4,7,23.7,5,18.9,5,19.2,7,22.6,5,22.7,5,24.1,4,24.0,4,25.7,5,25.3,5,26.7,4,22.9,3,24.9,3,26.2,5,27.3,3,27.2,3,27.5,2,25.3,2,28.4,2,28.8,1,25.7,2.0,26.1,2,32.2,1,30.9,1,25.7,3,29.7,1,28.4,1,32.5,1,30.4,1,32.0,1,27.5,1,30.6,1
2016-08-08 17:00:00,17.0,5,18.7,6,20.5,6,19.7,7,23.2,4,18.4,4,18.7,6,21.9,5,22.2,4,23.6,4,23.6,4,25.5,5,24.8,5,26.0,3,22.0,4,24.5,3,25.5,5,26.8,3,26.9,3,27.0,2,24.8,2,28.1,2,28.3,1,24.0,2.0,25.4,2,31.3,1,29.9,1,25.4,3,29.5,1,27.6,1,31.3,1,29.2,1,31.1,1,27.0,1,29.9,1
2016-08-08 18:00:00,16.7,5,17.8,6,19.6,6,18.8,6,22.3,4,17.7,4,17.9,6,20.9,5,21.4,4,22.7,4,22.9,4,24.5,5,24.0,4,24.8,3,21.0,5,23.6,3,24.5,4,25.6,2,26.0,3,25.7,2,24.0,2,27.1,2,27.3,2,22.2,2.0,24.2,2,29.8,1,28.4,1,24.5,3,28.7,1,26.8,1,29.7,1,27.9,1,29.8,1,26.5,1,29.2,1
2016-08-08 19:00:00,16.4,5,16.7,5,18.5,6,17.6,5,20.8,4,16.8,4,16.8,5,19.7,6,20.3,4,21.5,4,22.0,4,22.5,4,22.6,3,23.1,3,19.9,5,22.2,3,23.1,4,23.5,2,24.4,2,23.6,2,22.7,2,25.2,2,25.9,2,20.6,1.0,22.6,2,27.9,1,26.4,1,23.0,3,27.4,1,26.2,1,27.8,1,26.5,1,27.9,1,25.9,1,28.4,1
2016-08-08 20:00:00,16.2,5,15.7,5,17.3,6,16.4,4,19.1,4,15.7,4,15.6,5,18.3,6,19.2,4,20.3,4,21.0,5,20.1,3,21.1,2,21.3,3,18.8,4,20.6,4,21.6,3,21.0,3,22.6,2,21.2,2,21.3,2,23.0,2,24.4,2,19.2,1.0,20.8,1,26.0,1,24.3,1,21.2,2,25.8,1,25.6,1,26.0,1,25.3,1,25.8,1,25.3,1,27.7,1
2016-08-08 21:00:00,16.0,5,14.9,5,16.3,6,15.4,4,17.9,4,15.0,4,14.6,5,17.1,6,18.3,4,19.4,5,20.2,5,18.3,3,19.8,2,19.9,3,17.8,4,19.2,4,20.3,3,19.1,3,21.1,3,19.4,3,19.9,2,21.1,2,23.2,2,18.0,1.0,19.3,2,24.5,2,22.7,2,19.6,3,24.4,2,24.7,2,24.6,2,24.1,1,24.1,1,24.8,1,26.9,2
2016-08-08 22:00:00,15.9,5,14.6,5,15.6,6,14.7,4,16.8,5,14.4,4,14.1,5,16.1,5,17.5,5,18.6,5,19.4,5,17.2,3,18.8,3,19.0,3,16.9,5,18.4,4,19.3,3,17.7,3,20.0,3,18.2,3,18.8,3,19.7,2,22.2,3,17.0,1.0,18.4,3,23.2,2,21.2,2,18.7,3,23.1,2,23.9,2,23.4,2,23.1,1,22.5,2,24.2,2,26.0,2
2016-08-08 23:00:00,15.8,5,14.5,5,15.2,6,14.2,4,15.8,5,14.0,4,13.9,5,15.3,5,16.9,5,17.9,5,18.7,5,16.6,4,18.0,3,18.6,4,16.1,5,17.8,5,18.5,4,16.8,4,19.1,4,17.6,4,17.9,3,18.6,2,21.3,3,16.2,2.0,17.9,4,22.0,3,19.9,3,18.2,3,21.9,3,23.0,2,22.3,3,22.3,1,21.2,2,23.7,2,25.1,2
2016-08-09 00:00:00,15.8,5,14.5,5,14.9,6,13.9,4,14.9,5,13.8,5,13.8,5,14.6,5,16.3,5,17.1,5,18.0,5,16.1,4,17.2,3,18.1,4,15.4,5,17.2,5,17.6,4,16.1,4,18.2,4,17.0,4,17.2,4,17.7,3,20.4,4,15.4,2.0,17.4,5,21.1,3,18.9,3,17.8,4,20.7,3,22.2,3,21.5,3,21.5,1,20.0,2,23.2,2,24.2,3
2016-08-09 01:00:00,15.7,5,14.3,5,14.6,6,13.6,4,14.2,6,13.6,5,13.5,5,13.9,5,15.5,5,16.3,5,17.4,5,15.5,5,16.4,4,17.3,5,14.8,5,16.4,5,16.7,4,15.3,4,17.2,5,16.4,5,16.5,4,16.7,3,19.4,4,14.6,3.0,16.8,5,20.3,4,18.0,4,17.3,4,19.5,4,21.5,3,20.9,3,21.0,2,18.9,3,22.7,2,23.2,3
2016-08-09 02:00:00,15.6,5,14.1,5,14.4,6,13.3,5,13.6,6,13.3,5,13.2,5,13.3,5,14.8,5,15.5,5,16.8,6,14.9,5,15.5,4,16.5,5,14.3,6,15.5,5,15.7,5,14.6,5,16.1,5,15.7,5,15.8,5,15.7,4,18.4,5,14.0,4.0,16.2,5,19.7,4,17.5,4,16.7,4,18.4,4,20.9,4,20.5,4,20.6,3,18.0,3,22.3,3,22.3,4
2016-08-09 03:00:00,15.4,3,14.1,5,14.0,4,13.6,6,13.9,5,12.6,2,12.7,4,12.8,5,14.0,6,14.9,6,16.1,6,14.7,5,15.2,6,16.2,5,14.3,4,14.7,6,14.8,5,14.4,6,15.4,4,15.8,3,15.3,5,15.7,4,18.2,3,14.1,2.0,15.7,4,21.6,4,18.8,4,16.5,4,18.5,2,22.5,3,22.4,3,21.7,1,18.3,2,23.1,3,23.8,2
2016-08-09 04:00:00,15.2,3,13.9,6,13.9,5,13.7,6,14.0,6,12.4,2,12.6,3,12.8,4,13.8,6,14.7,6,15.8,6,15.0,6,15.4,7,16.3,5,14.2,5,14.5,6,14.4,5,14.6,6,15.5,5,16.1,4,15.0,6,15.7,4,18.0,3,13.9,3.0,15.6,4,21.5,4,18.7,4,16.2,4,18.0,2,22.4,4,22.3,3,21.8,2,18.3,3,23.1,3,23.2,3
2016-08-09 05:00:00,14.9,4,13.9,6,14.1,5,13.9,6,14.5,6,12.4,2,12.7,3,13.1,3,13.9,7,14.9,7,15.6,7,15.6,6,16.0,7,16.9,6,14.3,5,14.6,6,14.2,6,15.2,6,16.2,6,16.7,5,14.9,6,16.1,4,18.3,3,14.1,3.0,15.8,5,22.0,4,19.0,4,16.1,5,17.8,2,22.6,4,22.7,4,22.3,3,19.0,4,23.5,4,23.1,4
2016-08-09 06:00:00,14.8,4,14.2,6,14.5,5,14.3,5,15.2,6,12.8,2,13.1,3,13.7,3,14.2,7,15.2,7,15.6,7,16.2,7,16.8,7,17.8,6,14.9,5,15.0,6,14.5,6,15.9,6,17.2,6,17.8,6,15.1,7,16.9,5,18.9,3,14.8,4.0,16.4,6,22.9,4,19.9,4,16.4,5,18.1,2,23.4,4,23.6,4,23.2,3,20.6,4,24.1,4,23.5,5
2016-08-09 07:00:00,14.9,3,14.9,6,15.3,5,15.0,4,16.0,6,13.7,2,14.0,2,14.7,3,14.5,7,15.4,7,15.8,7,16.6,7,17.6,6,19.0,6,15.9,4,15.6,6,15.2,7,16.5,6,18.3,6,19.2,6,15.5,6,17.9,5,19.9,3,16.2,4.0,17.4,6,24.3,4,21.5,4,17.1,6,18.8,3,24.8,4,25.1,4,24.6,3,23.1,4,24.9,5,24.5,4
2016-08-09 08:00:00,15.1,3,15.8,5,16.2,6,15.8,3,16.8,6,14.9,2,15.0,2,15.8,3,14.9,7,15.7,7,16.1,7,16.9,6,18.4,6,20.3,5,17.0,3,16.3,6,16.0,7,17.1,6,19.4,6,20.7,5,16.2,6,19.0,5,21.0,3,18.2,4.0,18.6,5,26.0,3,23.6,4,17.9,6,19.8,3,26.5,3,26.9,3,26.4,2,26.0,3,25.6,5,25.9,4
2016-08-09 09:00:00,15.4,3,16.6,4,17.1,6,16.7,2,17.5,6,16.1,3,16.0,2,16.9,4,15.3,7,16.1,7,16.5,7,17.2,6,19.0,5,21.5,4,18.1,3,17.0,5,16.8,7,17.6,5,20.3,6,22.0,4,16.9,5,19.9,5,22.2,3,20.3,4.0,19.7,4,27.7,2,25.7,4,18.7,7,20.8,4,28.1,2,28.8,3,28.2,2,28.7,2,26.3,5,27.4,3
2016-08-09 10:00:00,15.6,3,17.1,4,17.8,6,17.4,2,17.9,6,17.0,3,16.6,2,17.7,4,15.8,7,16.8,7,17.0,7,17.5,6,19.5,5,22.4,3,18.9,2,17.6,5,17.3,7,18.1,6,20.9,6,23.0,4,17.6,5,20.5,5,23.2,3,22.3,4.0,20.4,4,29.1,2,27.6,3,19.3,7,21.5,4,29.2,2,30.4,2,29.8,2,30.8,2,26.7,4,28.7,2
2016-08-09 11:00:00,15.7,3,17.3,4,18.3,6,18.0,2,18.2,6,17.6,2,16.9,2,18.2,3,16.4,7,17.5,7,17.5,7,17.9,6,19.8,5,22.9,3,19.5,2,18.2,4,17.6,7,18.5,6,21.1,6,23.5,4,18.2,5,21.0,5,24.0,3,24.0,4.0,20.9,3,30.1,1,29.3,3,19.6,7,22.1,4,29.8,2,31.6,2,31.0,2,32.1,3,27.0,4,29.6,2
2016-08-09 12:00:00,15.9,3,17.5,4,18.7,6,18.3,2,18.4,7,17.9,2,17.1,2,18.6,2,16.9,7,18.3,7,18.1,7,18.2,7,19.9,5,23.1,4,19.9,2,18.7,4,17.9,7,18.9,6,21.2,6,23.6,4,18.8,5,21.3,5,24.5,4,25.1,4.0,21.2,3,30.6,2,30.5,2,19.9,7,22.5,4,30.1,2,32.3,2,31.9,2,32.9,3,27.1,3,30.1,2
2016-08-09 13:00:00,16.1,3,17.7,4,18.9,6,18.4,2,18.6,7,18.0,2,17.2,2,19.0,2,17.3,7,18.9,7,18.6,7,18.4,7,19.8,6,22.9,5,20.1,2,19.2,4,18.3,7,19.3,6,21.2,6,23.3,5,19.4,5,21.7,6,24.5,5,25.5,5.0,21.6,3,30.6,3,31.2,3,20.2,7,22.8,5,30.2,3,32.5,2,32.3,1,33.1,3,27.1,3,30.1,3
2016-08-09 14:00:00,16.3,2,17.9,3,19.0,6,18.4,2,18.8,7,18.0,2,17.3,2,19.3,3,17.6,7,19.2,7,19.0,7,18.6,7,19.5,7,22.5,6,20.2,2,19.7,4,18.6,7,19.5,6,21.0,6,22.7,6,19.9,6,21.9,6,24.2,6,25.3,5.0,21.9,3,30.2,4,31.4,4,20.4,7,23.0,5,30.0,4,32.1,3,32.1,1,32.9,2,27.0,3,29.7,3
2016-08-09 15:00:00,17.0,2,18.4,3,19.3,5,18.1,4,18.3,7,17.5,2,17.1,2,18.9,3,17.0,7,18.0,7,18.2,7,17.7,7,18.0,7,20.4,7,20.2,2,18.4,6,16.5,7,17.5,7,19.5,7,20.8,7,17.6,6,19.1,7,22.0,7,24.2,7.0,21.1,6,29.1,5,30.6,2,20.0,7,22.3,7,29.9,4,31.0,4,31.1,2,32.3,2,26.7,2,28.7,4
2016-08-09 16:00:00,16.8,2,18.1,3,19.0,4,17.9,3,18.0,7,17.2,2,17.1,2,18.9,3,16.7,7,17.7,7,17.9,7,17.3,7,17.8,7,19.7,7,20.2,2,18.6,6,16.0,7,16.8,7,18.8,7,20.4,7,17.1,5,18.5,7,20.8,7,22.4,7.0,21.0,5,27.9,5,29.5,2,19.4,7,21.6,7,28.9,5,29.6,5,30.1,2,31.2,1,26.3,2,27.5,5
2016-08-09 17:00:00,16.6,2,17.6,2,18.4,3,17.6,3,17.4,7,16.8,2,16.9,2,18.6,2,16.1,7,17.1,7,17.4,7,16.7,7,17.5,7,18.9,7,19.9,2,18.3,5,15.3,6,15.8,7,18.0,7,19.8,7,16.3,4,17.6,7,19.8,7,20.3,7.0,20.4,3,26.6,6,28.0,2,18.5,7,20.9,7,27.6,6,27.8,5,28.7,3,29.9,2,25.8,2,26.0,5
2016-08-09 18:00:00,16.2,2,16.8,2,17.6,2,17.0,2,16.6,7,16.1,2,16.4,2,17.9,2,15.5,7,16.4,7,16.9,7,15.9,7,17.1,6,18.1,7,19.2,1,17.6,5,14.6,6,14.8,7,17.1,6,19.0,7,15.3,3,16.7,7,18.8,7,18.3,6.0,19.5,2,25.1,6,26.2,2,17.6,7,20.1,7,26.2,6,25.9,6,27.3,3,28.5,2,25.3,2,24.7,6
2016-08-09 19:00:00,15.8,1,15.6,2,16.5,2,16.0,1,15.6,7,15.2,2,15.5,2,16.8,2,15.0,6,15.8,7,16.5,7,15.0,7,16.6,6,17.4,7,18.1,1,16.4,4,14.0,6,13.9,7,16.2,6,17.8,7,14.3,3,15.7,7,18.0,7,16.9,6.0,18.3,2,23.6,5,24.4,2,16.7,7,19.4,7,24.9,6,24.2,6,25.9,2,27.0,2,24.8,2,23.7,6
2016-08-09 20:00:00,15.5,1,14.4,2,15.4,2,14.8,1,14.5,7,14.3,1,14.5,2,15.5,2,14.4,6,15.2,6,16.2,6,14.2,7,16.0,7,16.8,7,16.7,1,15.1,3,13.4,6,13.1,7,15.3,6,16.6,7,13.4,2,14.8,6,17.3,7,16.0,7.0,17.0,2,22.1,5,22.8,3,15.9,7,18.7,6,23.8,5,22.7,6,24.6,2,25.7,2,24.3,3,22.9,5
2016-08-09 21:00:00,15.2,2,13.8,2,14.4,2,14.1,1,13.6,7,13.6,2,13.7,1,14.5,2,13.9,5,14.6,6,15.7,6,13.6,7,15.3,6,16.0,7,15.5,1,14.4,3,12.9,6,12.5,7,14.6,6,15.7,7,13.0,3,14.0,6,16.5,7,15.3,6.0,16.3,2,20.9,5,21.5,3,15.5,6,18.0,6,22.8,5,21.4,6,23.6,2,24.7,2,23.9,3,22.1,5
2016-08-09 22:00:00,14.9,2,13.2,2,13.5,3,13.4,2,12.8,7,13.0,2,13.1,1,13.6,2,13.3,5,13.9,6,15.2,6,12.9,7,14.6,6,15.4,7,14.4,1,13.7,3,12.3,6,11.9,7,13.9,6,15.1,7,12.5,3,13.3,6,15.8,7,14.7,6.0,15.6,2,20.1,5,20.6,4,15.0,6,17.4,6,21.8,5,20.4,6,22.9,2,24.0,3,23.5,3,21.4,5
2016-08-09 23:00:00,14.6,3,12.8,3,12.8,3,12.9,2,12.0,6,12.7,3,12.7,2,12.9,3,12.8,4,13.4,6,14.7,6,12.4,7,13.9,6,14.7,6,13.5,2,13.1,3,11.9,6,11.3,6,13.3,6,14.6,7,12.2,3,12.7,5,15.0,7,14.2,6.0,15.0,2,19.4,5,19.8,5,14.6,6,16.8,6,20.8,5,19.6,6,22.4,3,23.1,3,23.1,3,20.9,5
2016-08-10 00:00:00,14.4,4,12.3,3,12.2,4,12.4,3,11.4,6,12.3,3,12.3,2,12.2,3,12.3,4,12.9,6,14.2,5,11.9,7,13.2,6,14.0,6,12.7,2,12.5,3,11.5,6,10.9,6,12.8,6,14.2,7,11.9,3,12.2,5,14.5,7,13.5,6.0,14.5,2,18.9,5,19.1,5,14.3,5,16.3,6,20.0,5,19.0,6,21.7,3,21.8,3,22.7,4,20.4,5
2016-08-10 01:00:00,14.1,4,12.0,3,11.8,4,12.0,4,10.8,6,12.1,4,11.9,3,11.6,4,11.9,4,12.4,6,13.8,5,11.5,7,12.5,6,13.4,6,12.1,2,12.1,4,11.2,5,10.6,5,12.4,6,13.5,6,11.7,3,11.8,5,14.1,7,12.8,6.0,14.1,2,18.4,5,18.3,5,14.1,5,15.9,5,19.4,5,18.6,5,20.7,4,20.0,4,22.5,4,20.1,5
2016-08-10 02:00:00,13.8,4,11.8,4,11.5,5,11.7,4,10.5,6,11.8,4,11.5,4,11.0,4,11.6,4,12.1,6,13.4,5,11.3,7,11.9,6,12.9,6,11.6,2,11.7,5,11.0,5,10.4,5,12.2,6,12.8,6,11.6,4,11.5,5,13.9,6,12.1,5.0,13.8,3,18.0,5,17.4,6,14.0,5,15.6,5,18.9,5,18.4,5,19.7,4,18.2,4,22.2,4,19.8,5
2016-08-10 03:00:00,14.2,3,12.6,4,11.5,5,12.8,2,10.7,2,11.8,2,11.8,2,11.5,2,11.8,2,12.0,2,13.5,2,11.1,2,11.4,5,11.7,4,12.0,2,11.6,1,10.5,2,9.8,3,11.2,3,11.1,5,10.9,2,10.5,4,12.4,2,11.4,5.0,13.5,1,16.2,2,16.0,2,13.3,4,14.6,3,17.7,2,17.1,2,17.5,2,18.3,1,21.5,4,18.7,5
2016-08-10 04:00:00,14.0,3,12.6,4,11.6,5,12.6,3,10.7,2,11.6,2,11.7,2,11.3,2,11.7,2,11.9,2,13.3,2,11.0,3,11.4,5,11.7,4,11.7,2,11.5,1,10.1,2,9.9,4,11.3,4,11.0,6,10.4,2,10.5,5,12.3,3,10.7,5.0,13.0,1,15.9,2,15.5,2,13.0,4,14.2,3,17.5,2,17.0,2,16.9,2,17.5,2,21.5,4,18.4,5
2016-08-10 05:00:00,13.7,3,12.6,4,11.8,5,12.6,3,10.9,2,11.7,3,11.9,3,11.3,2,11.7,2,12.0,2,13.1,2,11.1,4,11.6,6,12.0,4,11.8,2,11.6,2,10.0,2,10.3,5,11.8,4,11.3,6,10.1,2,10.8,5,12.5,3,10.3,5.0,12.8,1,16.0,2,15.4,2,13.0,4,14.0,2,17.6,2,17.1,3,16.7,2,17.3,2,21.8,4,18.3,6
2016-08-10 06:00:00,13.5,3,12.9,4,12.2,5,12.8,3,11.5,3,12.2,4,12.4,3,11.9,2,12.0,2,12.5,3,13.2,3,11.6,4,12.2,6,12.7,4,12.4,2,12.1,2,10.5,2,11.1,6,12.6,4,12.1,5,10.5,2,11.6,5,13.0,3,10.5,5.0,13.4,1,16.5,2,15.8,2,13.5,4,14.5,2,18.2,2,17.8,3,17.1,2,18.1,2,22.3,4,18.6,5
2016-08-10 07:00:00,13.3,3,13.4,4,12.7,4,13.5,3,12.4,3,13.2,5,13.3,3,13.1,3,12.6,3,13.4,3,13.7,3,12.5,4,13.1,5,13.8,3,13.8,2,13.0,2,11.7,2,12.4,6,13.8,4,13.5,4,11.7,2,12.9,4,13.9,3,11.8,4.0,14.9,1,17.5,2,17.0,2,14.5,3,15.7,2,19.5,2,19.0,3,18.3,2,20.1,2,23.0,5,19.5,5
2016-08-10 08:00:00,13.3,4,14.0,4,13.4,5,14.4,3,13.5,4,14.4,5,14.4,4,14.7,4,13.4,4,14.5,4,14.4,4,13.7,4,14.2,4,15.1,3,15.5,2,14.2,2,13.3,2,13.9,5,15.1,4,15.1,3,13.3,1,14.5,3,15.1,2,13.7,3.0,17.0,1,18.8,2,18.8,2,15.9,3,17.2,1,21.2,2,20.5,3,20.0,2,22.7,2,23.8,5,20.7,4
2016-08-10 09:00:00,13.3,4,14.5,5,14.0,5,15.4,4,14.6,5,15.6,5,15.4,4,16.2,5,14.3,5,15.6,5,15.3,5,15.0,4,15.2,4,16.4,3,17.3,3,15.5,2,14.9,2,15.5,3,16.4,4,16.7,2,15.0,1,16.0,2,16.4,2,15.6,3.0,18.9,1,20.2,2,20.6,1,17.3,3,18.7,1,22.9,1,22.1,2,21.7,1,25.4,1,24.5,5,22.1,4
2016-08-10 10:00:00,13.4,5,14.9,5,14.5,5,16.2,5,15.5,5,16.5,5,16.2,5,17.4,5,15.1,5,16.5,5,16.2,5,16.2,4,15.9,4,17.5,3,18.8,3,16.7,3,16.3,2,16.9,2,17.4,3,17.8,2,16.2,1,17.2,2,17.6,2,17.1,3.0,20.3,1,21.4,2,22.2,1,18.4,4,19.8,1,24.4,1,23.4,2,23.2,1,27.6,1,25.1,5,23.4,3
2016-08-10 11:00:00,13.6,5,15.2,5,15.0,5,16.8,6,16.2,6,17.1,5,16.7,6,18.3,6,15.9,5,17.2,5,17.0,5,17.1,4,16.3,4,18.2,3,19.8,4,17.8,4,17.3,2,18.0,2,18.1,2,18.6,2,17.1,1,18.1,2,18.6,2,18.2,3.0,21.2,1,22.3,2,23.4,1,19.3,4,20.6,1,25.6,1,24.5,2,24.4,1,29.1,1,25.5,4,24.6,2
2016-08-10 12:00:00,13.9,5,15.5,5,15.4,6,17.2,7,16.7,6,17.4,5,17.0,6,18.9,6,16.5,5,17.8,6,17.7,6,17.7,5,16.5,5,18.7,4,20.5,5,18.7,5,18.1,3,18.8,2,18.6,3,18.9,2,17.7,1,18.7,2,19.3,2,19.0,4.0,21.7,1,23.0,2,24.5,1,19.8,5,21.2,1,26.4,1,25.3,1,25.3,1,30.1,1,25.7,3,25.4,2
2016-08-10 13:00:00,14.2,5,15.8,5,15.7,6,17.4,7,17.1,6,17.5,5,17.2,7,19.4,6,17.0,6,18.3,6,18.3,6,17.9,5,16.6,5,18.8,5,20.8,5,19.3,5,18.6,4,19.3,3,18.8,4,18.9,2,18.1,2,19.0,3,19.7,3,19.5,4.0,22.0,2,23.5,2,25.4,1,20.1,5,21.7,1,26.8,1,25.9,1,25.9,1,30.6,1,25.7,3,25.9,1
2016-08-10 14:00:00,14.5,5,16.1,5,16.0,6,17.4,7,17.3,6,17.5,6,17.2,7,19.6,6,17.4,6,18.6,6,18.8,6,17.8,6,16.6,5,18.7,6,20.8,6,19.7,6,18.8,5,19.4,4,18.9,5,18.7,3,18.4,2,19.1,3,19.7,3,19.6,5.0,22.1,3,23.8,1,25.9,1,20.2,4,22.2,1,26.9,1,26.1,1,26.2,1,30.6,1,25.6,3,26.0,1
2016-08-10 15:00:00,15.5,5,17.5,6,18.1,6,18.2,5,19.0,6,17.4,6,17.2,6,20.2,4,18.8,6,20.3,6,20.3,6,19.8,6,17.8,5,19.2,6,21.5,5,21.1,6,20.6,5,20.9,4,20.5,3,19.6,3,19.9,2,20.5,2,21.3,2,20.1,4.0,23.5,2,25.2,1,26.0,1,21.6,3,24.2,1,27.5,1,27.5,1,27.0,1,29.2,1,25.0,3,26.9,1
2016-08-10 16:00:00,15.3,5,17.2,5,18.0,6,17.9,4,18.8,6,17.1,6,17.0,6,19.8,4,18.6,6,19.9,6,20.1,6,19.7,6,17.7,5,18.7,6,21.1,5,21.0,6,20.5,5,20.8,3,20.2,3,19.3,4,19.8,2,20.5,2,21.0,2,19.1,4.0,23.2,3,24.9,1,25.2,1,21.4,3,24.2,1,27.3,1,27.0,1,26.3,1,28.3,1,24.6,3,26.7,1
2016-08-10 17:00:00,15.1,5,16.6,4,17.6,6,17.5,3,18.2,6,16.8,6,16.7,6,19.0,4,18.2,5,19.2,5,19.5,5,19.3,6,17.4,6,17.9,6,20.4,4,20.5,6,20.1,5,20.2,3,19.7,3,18.8,3,19.5,3,20.4,2,20.5,2,17.7,3.0,22.5,3,24.4,1,23.9,1,21.0,2,23.8,1,26.8,1,26.1,1,25.4,1,27.2,1,24.2,3,26.3,1
2016-08-10 18:00:00,14.8,4,15.8,4,16.8,5,16.7,3,17.2,5,16.2,6,16.2,6,18.0,4,17.6,4,18.4,4,18.9,4,18.3,6,16.8,6,16.9,5,19.5,4,19.7,5,19.3,5,19.0,3,18.8,3,17.8,3,18.8,3,19.7,1,19.7,3,16.3,3.0,21.4,3,23.6,1,22.6,1,20.2,2,23.0,1,26.1,1,25.0,1,24.4,1,25.8,1,23.7,3,25.6,1
2016-08-10 19:00:00,14.6,4,14.8,3,15.7,4,15.5,2,15.8,5,15.5,5,15.4,5,16.9,4,16.8,4,17.5,3,18.2,3,16.7,5,15.8,5,15.7,6,18.3,3,18.5,5,18.2,5,17.2,4,17.5,3,16.3,4,17.6,3,18.5,2,18.7,3,15.0,3.0,19.9,3,22.5,1,21.4,1,19.0,2,21.8,2,25.1,1,23.6,1,23.5,1,24.2,1,23.3,3,24.7,1
2016-08-10 20:00:00,14.4,3,13.7,4,14.5,3,14.3,3,14.3,5,14.7,5,14.5,5,15.7,4,15.9,3,16.6,3,17.6,3,14.9,4,14.6,4,14.5,6,17.0,3,17.2,4,16.9,5,15.3,5,15.9,3,14.7,4,16.3,3,16.9,2,17.7,4,13.9,4.0,18.4,3,21.2,1,20.4,1,17.5,2,20.5,2,23.9,1,22.2,1,22.7,1,22.7,2,23.0,3,23.7,1
2016-08-10 21:00:00,14.3,4,13.0,4,13.5,3,13.3,3,13.2,4,14.1,5,13.7,5,14.6,5,15.0,3,15.7,2,16.8,2,13.6,3,13.6,4,13.5,6,15.8,3,16.0,4,15.8,5,13.9,5,14.7,3,13.5,4,15.3,3,15.7,2,16.8,4,12.9,4.0,17.2,3,20.2,1,19.3,1,16.3,2,19.4,2,22.7,1,21.1,1,21.7,1,21.3,2,22.5,3,22.8,1
2016-08-10 22:00:00,14.2,4,12.5,4,12.6,3,12.6,3,12.3,4,13.6,5,13.2,5,13.7,5,14.1,3,14.8,2,16.1,2,12.5,3,12.7,3,12.9,5,14.8,3,14.9,4,14.7,4,12.6,5,13.7,3,12.6,4,14.3,3,14.4,3,15.8,4,12.0,4.0,16.1,3,19.3,1,18.2,2,15.3,3,18.2,2,21.5,1,20.1,1,20.8,2,20.3,2,22.1,3,21.9,1
2016-08-10 23:00:00,14.2,4,12.1,4,12.0,3,12.3,4,11.5,4,13.4,5,13.0,5,12.9,5,13.3,3,14.0,2,15.4,2,11.8,3,11.8,3,12.6,4,13.8,3,14.0,4,13.6,4,11.6,5,12.9,3,12.0,5,13.4,3,13.2,3,14.9,5,11.2,4.0,15.1,2,18.6,2,17.2,3,14.5,3,17.0,3,20.3,1,19.3,1,19.9,2,19.4,3,21.6,3,21.1,1
2016-08-11 00:00:00,14.2,4,11.9,5,11.6,4,12.2,4,11.0,4,13.2,5,12.9,5,12.3,5,12.6,4,13.3,2,14.7,2,11.2,3,11.2,3,12.2,3,12.9,4,13.2,4,12.6,4,10.7,5,12.3,4,11.4,5,12.6,3,12.1,4,14.0,5,10.4,4.0,14.3,2,17.9,2,16.3,3,13.8,3,16.0,3,19.2,1,18.7,1,19.0,3,18.4,3,21.1,3,20.2,1
2016-08-11 01:00:00,14.2,5,11.8,5,11.4,4,12.2,4,10.6,4,13.1,5,12.8,5,11.8,5,12.1,4,12.6,2,14.2,3,10.9,4,10.7,4,11.8,3,12.3,4,12.5,5,11.7,4,10.0,5,11.6,4,11.0,5,11.9,4,11.2,4,13.2,5,9.7,4.0,13.5,2,17.3,3,15.6,4,13.2,3,15.0,3,18.2,1,18.1,1,18.2,3,17.0,4,20.7,3,19.4,1
2016-08-11 02:00:00,14.1,5,11.8,5,11.4,5,12.2,5,10.4,4,13.0,5,12.6,5,11.5,5,11.7,5,12.2,3,13.7,4,10.6,5,10.5,4,11.3,4,11.8,5,11.9,5,10.9,5,9.6,5,11.1,4,10.6,6,11.2,4,10.5,5,12.6,5,9.2,4.0,12.9,1,16.8,3,15.0,4,12.7,3,14.1,4,17.5,1,17.6,1,17.6,4,15.6,4,20.3,4,18.7,1
2016-08-11 03:00:00,13.9,2,12.0,2,10.9,2,12.9,4,10.0,3,13.1,4,13.1,4,12.1,4,11.7,2,12.3,2,13.8,1,10.3,2,9.8,2,10.8,5,12.5,4,12.2,2,11.0,2,9.6,2,10.5,1,10.5,4,11.6,2,10.6,2,12.4,1,9.9,5.0,13.5,2,16.5,1,15.1,1,12.7,3,14.5,2,18.2,1,17.5,1,17.4,1,15.8,1,20.6,4,19.4,2
2016-08-11 04:00:00,14.0,2,12.0,2,10.8,2,12.7,4,10.0,3,12.9,4,13.0,4,12.0,4,11.5,2,12.1,2,13.5,2,10.4,2,10.0,3,10.8,6,12.3,3,12.1,2,10.6,2,9.5,2,10.6,1,10.6,5,11.1,2,10.6,3,12.2,2,9.4,5.0,13.1,2,16.3,1,14.9,1,12.3,3,14.0,2,18.0,1,17.4,1,17.1,1,15.9,1,20.5,4,19.0,2
2016-08-11 05:00:00,14.0,2,12.2,2,11.0,2,12.7,5,10.3,3,13.0,5,13.2,5,12.2,4,11.6,2,12.3,2,13.3,2,10.9,2,10.6,4,11.3,6,12.5,3,12.3,2,10.5,2,9.9,2,11.1,1,11.0,5,10.9,2,11.1,4,12.3,2,9.3,5.0,13.2,2,16.4,1,15.1,1,12.3,4,13.8,2,18.2,1,17.6,1,17.2,1,16.7,1,20.6,4,19.0,2
2016-08-11 06:00:00,14.2,3,12.7,2,11.7,2,13.2,5,11.2,4,13.6,5,13.8,5,13.0,4,12.1,2,12.9,2,13.7,2,11.8,2,11.5,5,12.1,5,13.4,2,13.0,2,11.2,2,11.0,2,12.1,2,11.9,5,11.4,2,12.1,4,12.9,2,9.8,5.0,14.0,3,17.1,1,15.7,1,13.0,4,14.4,2,18.8,1,18.3,1,17.9,1,18.1,1,21.1,4,19.5,2
2016-08-11 07:00:00,14.5,3,13.7,2,12.9,2,14.5,5,12.7,4,14.8,5,15.1,6,14.5,4,13.3,2,14.1,2,14.7,2,13.2,3,12.8,5,13.4,5,15.1,2,14.4,2,12.7,2,12.7,2,13.5,2,13.2,5,12.7,2,13.5,4,13.9,2,11.1,4.0,15.7,3,18.3,1,16.8,1,14.5,4,15.8,2,20.0,1,19.5,1,19.2,1,20.1,1,21.9,4,20.6,2
2016-08-11 08:00:00,15.0,4,15.0,3,14.5,2,16.2,5,14.6,3,16.2,5,16.6,6,16.3,4,14.8,2,15.7,2,16.2,2,14.7,4,14.1,4,14.8,5,17.2,3,16.1,2,14.7,2,14.8,2,15.2,2,14.7,4,14.5,2,15.2,3,15.3,2,12.9,4.0,17.9,3,19.8,1,18.3,1,16.3,4,17.8,2,21.5,1,21.0,1,20.8,1,22.4,1,22.9,3,22.0,3
2016-08-11 09:00:00,15.4,4,16.3,3,16.0,2,17.8,5,16.3,3,17.6,5,18.0,5,18.0,4,16.3,2,17.4,2,17.7,2,16.2,4,15.4,4,16.2,5,19.1,3,17.8,2,16.6,2,16.7,2,16.7,2,16.1,3,16.2,2,16.7,2,16.7,2,14.9,4.0,20.0,3,21.3,2,19.9,1,18.1,5,19.6,1,23.2,1,22.6,2,22.4,1,24.5,1,23.8,2,23.5,3
2016-08-11 10:00:00,15.8,4,17.5,4,17.2,2,19.0,4,17.6,3,18.5,5,18.9,5,19.3,4,17.6,3,18.9,2,19.0,2,17.4,3,16.4,4,17.2,5,20.4,3,19.2,2,18.1,2,18.2,2,17.9,2,17.1,3,17.4,2,17.9,2,18.0,2,16.7,4.0,21.5,3,22.5,2,21.5,1,19.4,5,21.0,2,24.7,2,24.0,2,23.8,1,26.1,1,24.5,2,24.8,2
2016-08-11 11:00:00,16.1,4,18.4,4,18.1,2,19.7,4,18.5,3,19.1,5,19.3,5,20.2,4,18.6,3,20.2,3,20.0,3,18.4,3,17.1,4,18.0,4,21.2,3,20.3,2,19.1,3,19.2,2,18.8,2,17.8,4,18.2,3,18.9,2,19.0,2,18.2,4.0,22.4,2,23.3,3,22.9,1,20.2,6,21.9,2,25.9,2,25.2,2,24.9,2,27.3,1,25.0,1,25.9,2
2016-08-11 12:00:00,16.4,4,19.0,4,18.8,3,20.1,4,19.2,3,19.4,4,19.6,5,20.9,5,19.3,4,21.1,3,20.8,4,19.1,2,17.6,4,18.5,4,21.8,3,21.1,2,19.9,3,20.0,3,19.5,2,18.3,5,18.8,3,19.5,2,19.8,2,19.3,4.0,23.0,2,23.9,3,24.1,1,20.7,6,22.6,2,26.8,2,26.1,2,25.7,2,27.9,1,25.3,1,26.6,2
2016-08-11 13:00:00,16.6,5,19.3,4,19.3,3,20.2,4,19.9,3,19.6,4,19.8,4,21.6,5,19.8,4,21.6,4,21.4,4,19.6,3,18.0,5,18.9,4,22.3,3,21.8,2,20.5,4,20.6,3,19.9,2,18.6,5,19.4,3,19.9,3,20.3,2,20.0,4.0,23.4,2,24.3,3,24.9,1,21.0,6,23.2,3,27.2,2,26.6,2,26.3,2,28.1,1,25.4,2,27.0,2
2016-08-11 14:00:00,16.7,5,19.4,5,19.7,4,20.2,4,20.4,4,19.6,3,19.9,4,22.2,4,20.2,5,21.8,5,21.7,5,20.1,4,18.3,5,19.2,5,22.8,4,22.3,2,20.9,3,21.0,2,20.2,3,18.8,5,19.9,2,20.2,3,20.6,3,20.3,4.0,23.6,3,24.4,2,25.3,1,21.2,6,23.7,3,27.3,1,26.7,2,26.6,2,28.0,1,25.4,3,27.2,2
2016-08-11 15:00:00,16.7,6,18.9,6,20.0,7,20.2,5,21.0,6,19.8,2,19.6,2,22.6,4,20.8,5,22.2,6,22.1,6,21.1,5,19.1,5,19.9,5,23.1,5,22.7,6,21.6,6,21.9,4,21.1,4,19.9,5,20.5,3,20.8,5,21.2,3,20.0,3.0,23.7,3,24.6,2,26.1,2,21.5,5,24.0,2,27.4,2,27.1,2,26.7,2,27.7,2,25.1,3,27.2,3
2016-08-11 16:00:00,16.6,6,18.6,6,19.8,7,20.1,5,20.7,6,19.6,2,19.5,2,22.7,4,20.8,5,22.0,6,22.1,6,21.3,5,19.2,5,19.8,5,22.8,5,22.9,6,21.8,5,22.1,4,21.2,3,19.9,4,20.6,2,21.1,4,21.1,3,18.9,3.0,23.5,2,24.3,2,25.3,1,21.6,4,24.0,2,27.1,2,26.6,2,26.1,3,27.3,3,24.9,4,27.1,2
2016-08-11 17:00:00,16.5,6,18.2,5,19.3,6,19.8,4,20.1,6,19.2,2,19.2,2,22.4,4,20.6,5,21.6,5,21.8,5,21.3,5,19.1,6,19.4,5,22.1,4,22.7,5,21.7,4,21.8,3,21.0,3,19.6,3,20.5,2,21.1,3,20.7,2,17.5,3.0,23.0,2,23.8,2,24.1,1,21.4,3,23.8,2,26.6,1,25.9,2,25.2,3,26.6,3,24.6,4,26.7,2
2016-08-11 18:00:00,16.4,5,17.5,4,18.5,5,19.0,4,19.2,6,18.4,2,18.5,2,21.5,4,20.1,4,21.0,5,21.4,5,20.6,5,18.7,6,18.6,5,21.0,4,22.0,4,21.1,4,20.7,2,20.2,2,18.8,2,20.0,2,20.5,2,20.0,2,16.0,3.0,22.0,2,23.1,1,22.7,1,20.7,2,23.1,2,25.8,1,24.8,2,24.2,2,25.5,3,24.1,4,26.0,2
2016-08-11 19:00:00,16.3,5,16.6,4,17.5,5,17.6,3,18.0,6,17.3,2,17.4,2,20.0,3,19.3,4,20.2,4,20.8,4,19.0,5,17.9,5,17.4,5,19.6,3,20.7,3,20.1,4,18.6,3,18.8,2,17.2,2,19.1,2,19.1,1,19.0,1,14.8,3.0,20.5,2,22.1,1,21.5,2,19.3,2,22.0,2,24.7,1,23.5,2,23.2,2,24.0,3,23.4,4,25.0,2
2016-08-11 20:00:00,16.2,4,15.6,4,16.4,4,16.0,3,16.7,6,16.0,2,16.0,2,18.2,3,18.2,3,19.2,3,20.0,3,17.0,5,16.9,4,16.1,5,18.0,2,19.0,3,18.8,5,16.1,4,17.0,2,15.3,2,17.9,2,17.2,1,17.8,1,13.8,2.0,18.8,2,21.0,1,20.4,2,17.6,2,20.7,2,23.4,1,22.0,2,22.2,2,22.3,2,22.7,3,24.0,2
2016-08-11 21:00:00,16.2,4,14.9,4,15.6,4,14.9,3,15.7,6,15.0,2,15.0,2,16.8,3,17.3,3,18.2,3,19.2,3,15.6,5,15.9,4,15.0,5,16.8,2,17.7,3,17.6,5,14.3,4,15.6,2,13.6,3,17.0,2,15.4,1,16.6,2,13.0,2.0,17.5,2,20.0,2,19.2,2,16.0,2,19.5,2,22.2,2,20.8,2,21.2,2,20.8,2,22.1,3,23.1,2
2016-08-11 22:00:00,16.3,4,14.5,4,14.9,4,14.1,3,14.8,6,14.3,3,14.3,3,15.5,3,16.4,3,17.3,3,18.5,3,14.7,5,15.0,4,14.4,5,15.8,2,16.5,2,16.5,5,12.8,4,14.5,2,12.6,3,16.2,2,14.1,2,15.7,2,12.2,3.0,16.6,2,19.2,2,18.1,2,14.9,2,18.3,2,21.0,2,19.9,2,20.2,2,19.4,3,21.6,3,22.2,2
2016-08-11 23:00:00,16.3,5,14.3,4,14.6,4,13.6,3,14.2,6,13.8,3,13.8,3,14.4,3,15.6,3,16.5,3,17.9,3,14.1,5,14.3,4,14.1,5,14.9,2,15.6,2,15.4,5,11.9,4,13.6,3,12.0,3,15.4,2,13.2,2,14.9,3,11.6,3.0,16.0,3,18.6,2,17.0,2,14.3,2,17.3,3,20.0,2,19.3,2,19.4,2,18.2,3,21.2,4,21.3,2
2016-08-12 00:00:00,16.4,5,14.2,5,14.5,4,13.4,4,13.7,6,13.5,4,13.6,4,13.5,4,14.9,3,15.8,3,17.3,3,13.7,6,13.7,5,13.9,6,14.3,2,14.9,2,14.5,5,11.3,5,13.0,3,11.8,3,14.6,2,12.6,2,14.3,3,11.0,3.0,15.4,3,18.1,3,16.1,3,13.9,2,16.3,3,19.1,2,18.8,2,18.7,2,17.1,3,20.8,4,20.4,2
2016-08-12 01:00:00,16.4,5,14.3,5,14.6,5,13.3,4,13.5,6,13.4,4,13.4,5,12.8,4,14.4,3,15.1,4,16.8,3,13.4,6,13.2,5,13.4,6,13.7,2,14.2,3,13.7,5,11.1,5,12.5,4,11.6,4,13.8,3,12.1,3,13.8,4,10.5,4.0,14.9,4,17.6,3,15.4,3,13.5,2,15.5,3,18.4,3,18.4,3,18.2,3,16.2,3,20.5,4,19.6,2
2016-08-12 02:00:00,16.3,6,14.3,5,14.7,5,13.3,5,13.3,6,13.3,5,13.3,5,12.2,4,14.0,4,14.7,4,16.3,4,13.2,6,12.9,5,12.8,6,13.2,3,13.7,3,13.0,5,11.1,5,12.2,4,11.5,4,13.0,3,11.8,3,13.5,4,10.1,4.0,14.2,4,17.2,3,14.8,3,13.2,1,14.7,4,17.8,3,18.0,3,17.9,3,15.4,3,20.2,4,18.9,3
2016-08-12 03:00:00,15.9,4,13.3,4,13.6,4,13.0,5,12.3,1,13.4,3,13.4,5,12.2,5,12.7,2,13.5,2,15.2,2,12.1,1,11.6,2,11.3,2,13.2,3,13.3,2,12.2,2,10.8,1,11.1,1,9.9,2,13.4,1,10.8,2,12.1,3,9.2,2.0,14.0,1,16.4,3,14.5,3,12.1,2,14.6,1,18.0,1,17.8,1,17.2,1,14.8,2,20.5,2,19.9,2
2016-08-12 04:00:00,15.8,4,13.3,4,13.6,5,13.1,6,12.2,1,13.4,4,13.4,5,12.0,6,12.5,2,13.1,2,14.7,2,12.0,2,11.8,2,11.4,2,13.1,3,13.0,2,11.7,1,10.7,1,11.2,1,10.1,2,12.9,1,11.0,2,12.1,2,8.9,2.0,13.6,1,16.1,3,14.5,3,11.6,2,14.1,1,17.8,1,17.7,1,17.3,1,15.0,2,20.5,2,19.5,2
2016-08-12 05:00:00,15.8,3,13.6,4,13.9,5,13.3,6,12.5,2,13.6,5,13.6,5,12.3,6,12.6,2,13.2,2,14.4,2,12.4,2,12.5,2,11.8,3,13.3,4,13.1,2,11.7,1,11.0,1,11.8,1,10.9,2,12.7,1,11.6,3,12.6,2,9.1,2.0,13.6,1,16.3,4,14.8,2,11.6,3,14.0,1,17.9,1,18.0,1,17.8,2,15.9,3,20.6,2,19.4,2
2016-08-12 06:00:00,15.9,3,14.4,4,14.7,6,14.1,6,13.5,2,14.2,5,14.3,4,13.2,6,13.3,2,13.9,2,14.8,2,13.4,2,13.7,2,12.9,3,14.2,4,13.9,2,12.5,1,12.1,1,13.0,1,12.2,2,13.3,1,12.9,3,13.6,2,10.1,2.0,14.5,1,17.1,3,15.6,2,12.6,3,14.7,1,18.7,1,18.8,2,18.8,2,17.7,4,21.1,2,20.0,2
2016-08-12 07:00:00,16.2,3,15.8,5,16.1,6,15.4,6,15.3,2,15.1,4,15.6,4,14.9,5,14.6,2,15.4,2,16.0,2,15.2,2,15.3,2,14.7,3,15.9,4,15.5,2,14.3,2,14.1,1,14.8,1,14.3,2,14.8,1,14.8,2,15.0,2,12.0,2.0,16.4,1,18.6,3,17.1,2,14.7,3,16.3,1,20.3,1,20.3,2,20.3,2,20.2,3,21.9,3,21.4,2
2016-08-12 08:00:00,16.6,4,17.4,5,17.8,6,17.1,6,17.5,2,16.3,3,17.1,3,17.0,4,16.3,2,17.4,2,17.8,2,17.4,2,17.1,2,16.8,2,18.1,3,17.5,2,16.7,2,16.7,1,16.9,1,16.7,2,16.9,1,17.0,2,16.7,2,14.5,2.0,18.9,1,20.6,2,18.9,2,17.4,2,18.5,1,22.4,1,22.3,1,22.0,2,23.0,2,23.0,3,23.2,2
2016-08-12 09:00:00,16.9,4,18.8,6,19.4,5,18.7,6,19.6,2,17.5,2,18.6,2,18.9,3,18.1,2,19.4,2,19.6,2,19.4,2,18.8,2,18.9,2,20.1,3,19.5,2,19.0,2,19.1,1,19.0,1,18.9,1,18.9,1,19.0,1,18.5,1,17.2,2.0,21.3,1,22.7,1,21.0,2,19.9,2,20.7,1,24.4,1,24.3,1,23.8,2,25.6,2,24.0,3,25.0,1
2016-08-12 10:00:00,17.1,4,19.7,6,20.6,6,20.0,6,21.1,2,18.6,1,19.7,2,20.3,3,19.6,2,21.2,2,21.1,2,21.0,2,20.1,2,20.6,2,21.6,3,21.1,2,20.7,2,20.9,2,20.7,1,20.6,1,20.3,1,20.6,1,20.1,1,19.6,2.0,23.1,1,24.6,1,23.0,2,21.6,1,22.4,1,25.8,1,26.0,1,25.4,2,27.4,2,24.8,3,26.4,1
2016-08-12 11:00:00,17.2,4,20.1,6,21.4,6,20.9,6,22.1,2,19.4,2,20.3,2,21.3,4,20.9,2,22.6,2,22.4,2,22.1,2,21.2,2,21.8,2,22.7,3,22.4,2,21.8,2,22.2,2,22.0,1,21.7,1,21.3,1,21.8,1,21.5,1,21.6,2.0,24.4,1,26.1,1,24.8,2,22.6,2,23.8,1,26.7,1,27.4,1,26.7,2,28.5,2,25.3,3,27.4,1
2016-08-12 12:00:00,17.3,5,20.3,5,21.9,6,21.4,5,22.8,3,20.0,2,20.7,2,22.2,4,21.9,2,23.6,2,23.3,2,22.9,2,21.9,2,22.7,2,23.5,2,23.4,3,22.7,2,23.1,2,23.0,1,22.5,1,22.1,1,22.7,2,22.6,1,22.9,3.0,25.3,1,27.1,1,26.2,2,23.2,2,24.8,1,27.2,1,28.3,1,27.7,2,29.1,3,25.5,3,27.9,1
2016-08-12 13:00:00,17.4,5,20.4,4,22.2,5,21.5,5,23.4,3,20.2,2,20.8,2,23.1,4,22.6,2,24.3,2,24.0,2,23.6,2,22.4,2,23.3,2,24.2,2,24.2,3,23.5,2,23.8,2,23.6,2,23.0,1,22.9,1,23.4,2,23.4,1,23.5,3.0,25.9,1,27.6,1,27.2,1,23.8,3,25.7,1,27.4,1,28.8,1,28.2,1,29.2,3,25.5,3,28.0,1
2016-08-12 14:00:00,17.5,5,20.5,4,22.4,5,21.4,3,23.9,3,20.2,2,20.8,2,23.9,3,23.1,2,24.6,2,24.5,2,24.1,2,22.8,2,23.6,2,24.8,2,24.9,3,24.1,2,24.4,2,24.0,2,23.3,2,23.5,1,23.9,2,23.9,2,23.4,2.0,26.4,1,27.7,1,27.7,1,24.3,3,26.4,1,27.3,1,29.0,1,28.3,1,29.0,2,25.4,2,27.8,1
2016-08-12 15:00:00,17.8,2,20.4,3,22.7,5,21.9,2,24.0,4,21.3,1,21.2,1,24.6,2,23.3,2,24.6,2,24.6,2,24.2,2,23.3,3,24.3,3,25.6,2,25.3,2,24.7,2,25.0,2,24.3,2,24.0,2,24.2,2,24.9,2,24.5,2,22.8,2.0,27.2,1,28.0,1,27.3,2,25.0,2,27.2,1,26.8,1,28.9,1,28.1,2,28.1,2,24.8,3,27.7,1
2016-08-12 16:00:00,17.6,2,20.1,2,22.5,4,21.8,2,24.0,4,21.1,1,20.9,1,24.8,2,23.6,2,24.9,2,24.8,2,24.7,2,23.4,3,24.2,3,25.6,2,25.7,2,25.0,2,25.4,2,24.5,2,24.1,2,24.3,2,25.1,2,24.5,2,21.7,2.0,27.4,1,27.8,1,26.9,2,25.2,1,27.2,1,26.1,1,28.4,1,27.4,2,27.7,2,24.7,2,27.3,1
2016-08-12 17:00:00,17.3,2,19.6,2,22.1,3,21.5,2,23.6,3,20.7,2,20.2,2,24.4,2,23.7,2,24.8,2,24.8,2,24.7,2,23.3,2,23.7,2,25.2,2,25.6,2,25.0,2,25.1,2,24.4,2,23.9,2,24.1,2,24.9,2,24.1,2,20.2,2.0,27.1,1,27.1,1,26.0,1,25.0,1,26.8,1,25.2,1,27.5,1,26.4,2,27.1,2,24.5,2,26.7,2
2016-08-12 18:00:00,16.9,2,18.8,2,21.4,2,20.6,2,22.6,2,19.8,2,19.3,2,23.5,2,23.1,2,24.2,2,24.3,2,23.8,2,22.5,2,22.7,2,24.1,2,24.9,2,24.4,2,23.9,2,23.6,2,22.8,1,23.5,2,24.0,1,23.3,2,18.8,2.0,26.2,2,26.1,1,24.7,1,24.1,2,26.0,1,24.3,1,26.3,1,25.2,2,26.1,2,24.2,2,25.8,2
2016-08-12 19:00:00,16.6,3,17.8,2,20.3,1,19.0,2,20.8,2,18.5,2,18.1,2,21.9,2,21.9,2,22.9,2,23.4,2,21.6,2,21.0,2,21.0,2,22.4,2,23.4,2,23.1,2,21.4,1,21.8,2,20.7,1,22.5,2,22.3,1,22.1,1,17.5,1.0,24.5,2,24.6,1,23.1,1,22.3,2,24.8,1,23.5,1,24.7,1,23.9,1,24.5,2,23.7,2,24.6,2
2016-08-12 20:00:00,16.4,3,16.6,2,19.1,1,17.0,2,18.6,2,17.1,2,16.9,2,19.9,2,20.3,2,21.2,2,22.2,2,18.8,1,19.1,1,19.0,2,20.4,1,21.5,2,21.4,2,18.4,1,19.6,1,18.0,1,21.4,2,20.2,1,20.8,1,16.3,1.0,22.4,2,22.9,1,21.4,1,20.2,2,23.3,1,22.6,1,23.0,1,22.7,1,22.6,2,23.1,2,23.4,1
2016-08-12 21:00:00,16.3,4,15.7,3,18.2,2,15.6,2,17.0,2,16.0,2,15.8,2,18.1,2,18.9,1,19.8,1,21.1,2,16.9,1,17.5,2,17.5,2,18.9,1,19.9,2,19.9,1,16.1,1,17.7,1,16.2,1,20.4,2,18.3,1,19.5,1,15.2,1.0,20.6,2,21.5,1,20.0,1,18.3,2,21.8,2,21.7,1,21.7,1,21.6,1,21.0,2,22.6,2,22.4,1
2016-08-12 22:00:00,16.2,4,15.2,3,17.3,2,14.5,1,15.7,2,15.1,2,14.9,2,16.6,2,17.6,1,18.4,1,20.0,1,15.4,1,16.3,2,16.4,2,17.7,1,18.5,2,18.5,1,14.5,1,16.5,1,14.8,1,19.4,2,16.9,1,18.5,1,14.1,1.0,19.5,2,20.4,1,18.7,1,17.2,2,20.4,2,20.8,1,20.7,1,20.6,1,19.5,2,22.1,2,21.7,1
2016-08-12 23:00:00,16.1,4,14.8,3,16.5,2,13.8,1,14.7,3,14.5,2,14.3,2,15.4,3,16.5,1,17.3,2,19.0,2,14.5,1,15.2,3,15.5,2,16.7,1,17.3,2,17.2,1,13.7,2,15.8,1,13.8,1,18.5,3,16.0,1,17.7,1,13.2,1.0,18.8,2,19.4,1,17.7,1,16.6,3,19.2,3,20.0,2,20.0,1,19.8,1,18.2,2,21.6,2,21.1,1
2016-08-13 00:00:00,16.1,4,14.6,4,15.8,3,13.4,2,14.0,3,14.1,3,13.8,2,14.4,3,15.6,2,16.3,2,18.1,2,13.9,2,14.5,4,14.9,2,15.9,1,16.3,2,16.1,1,13.3,2,15.3,1,13.3,1,17.6,3,15.3,2,17.1,1,12.5,1.0,18.3,3,18.7,1,16.9,1,16.3,3,18.3,3,19.3,2,19.3,1,19.1,1,17.1,2,21.2,2,20.7,2
2016-08-13 01:00:00,16.1,4,14.4,4,15.2,4,13.2,3,13.5,4,13.9,3,13.6,3,13.6,4,14.9,2,15.5,3,17.2,3,13.5,2,13.9,5,14.4,2,15.1,2,15.4,2,15.0,1,13.0,2,14.6,1,12.9,1,16.6,3,14.6,2,16.5,1,12.1,1.0,17.6,3,18.0,2,16.2,1,15.9,4,17.6,3,18.8,3,18.8,1,18.7,1,16.2,2,20.8,2,20.3,3
2016-08-13 02:00:00,16.1,5,14.2,5,14.7,5,13.1,5,13.0,4,13.7,3,13.5,4,13.0,4,14.2,3,14.8,4,16.4,4,13.2,3,13.6,5,14.1,3,14.4,2,14.7,2,14.1,1,12.8,1,13.9,1,12.7,1,15.6,4,14.1,3,16.1,1,11.8,1.0,16.8,4,17.5,2,15.7,1,15.5,5,17.1,4,18.5,3,18.3,1,18.5,1,15.5,1,20.5,2,20.0,4
2016-08-13 03:00:00,16.1,4,14.1,6,14.3,5,13.1,5,13.4,2,13.1,3,13.2,4,12.8,4,13.8,2,14.6,2,16.4,2,13.3,1,13.9,1,14.0,2,14.6,1,14.6,2,14.3,1,12.8,1,14.0,1,13.4,1,16.3,1,13.7,1,15.4,1,11.8,1.0,16.3,1,17.8,1,15.5,2,14.9,2,16.6,1,18.9,1,18.8,1,18.7,1,15.4,2,21.0,1,20.3,2
2016-08-13 04:00:00,16.0,5,14.1,6,14.3,5,13.0,6,13.2,2,12.8,4,13.0,5,12.5,5,13.5,2,14.2,2,15.8,2,13.2,1,13.8,1,14.0,2,14.1,2,14.1,2,13.8,1,12.7,1,14.1,1,13.5,2,15.8,1,13.7,2,15.3,1,11.6,2.0,15.8,1,17.4,2,15.4,2,14.4,2,16.1,1,18.7,1,18.6,2,18.6,2,15.5,2,21.0,2,20.0,2
2016-08-13 05:00:00,15.9,5,14.3,5,14.5,6,13.2,7,13.5,2,12.9,5,13.1,6,12.6,5,13.7,3,14.3,2,15.5,3,13.7,2,14.2,2,14.6,2,14.1,2,14.0,1,13.8,1,13.3,1,14.7,1,14.2,2,15.6,1,14.2,2,15.6,2,11.8,2.0,15.7,1,17.5,2,15.8,2,14.3,3,16.0,1,18.8,2,18.8,2,18.8,2,16.4,2,21.2,2,20.0,2
2016-08-13 06:00:00,16.0,5,15.0,5,15.2,6,14.0,7,14.5,2,13.7,5,13.9,6,13.6,5,14.5,3,15.1,3,15.9,3,14.9,2,15.2,2,15.8,2,15.0,2,14.8,1,14.6,1,14.6,1,16.0,1,15.7,2,16.2,1,15.4,2,16.5,2,12.8,2.0,16.7,2,18.4,3,16.8,2,15.4,3,16.8,1,19.6,2,19.7,2,19.7,2,18.1,3,21.8,2,20.6,3
2016-08-13 07:00:00,16.4,5,16.3,6,16.5,6,15.8,6,16.4,2,15.4,4,15.6,5,15.7,4,16.0,3,16.8,3,17.2,3,16.8,1,16.9,2,17.7,2,17.0,2,16.7,1,16.5,1,16.9,1,17.9,1,18.0,2,17.8,1,17.3,2,18.1,2,14.8,2.0,18.9,2,20.2,2,18.5,2,18.0,3,18.7,1,21.3,2,21.5,2,21.4,2,20.6,2,22.7,2,22.0,3
2016-08-13 08:00:00,16.9,5,17.8,6,18.2,6,18.0,4,18.6,2,17.6,3,17.6,4,18.3,3,17.9,2,19.1,2,19.1,2,19.0,2,19.0,2,20.0,2,19.7,2,19.3,1,19.1,1,19.7,1,20.0,1,20.6,2,20.0,1,19.7,2,20.1,1,17.4,2.0,21.8,1,22.4,2,20.7,2,21.3,2,21.3,1,23.3,2,23.8,2,23.5,2,23.5,2,23.8,2,23.8,3
2016-08-13 09:00:00,17.4,5,19.3,6,19.8,6,20.2,3,20.8,2,19.7,1,19.6,2,20.8,2,19.8,2,21.3,2,21.1,2,21.1,2,21.1,2,22.2,2,22.3,2,21.8,2,21.6,1,22.2,2,22.1,1,23.0,2,22.1,1,22.0,1,22.1,1,20.2,2.0,24.7,1,24.7,1,23.0,2,24.3,2,23.9,1,25.2,2,26.1,2,25.6,2,26.3,1,24.8,2,25.5,3
2016-08-13 10:00:00,17.7,6,20.4,6,21.0,6,21.8,3,22.4,2,21.2,1,20.9,2,22.5,2,21.3,2,23.0,2,22.7,2,22.8,2,22.7,3,24.0,2,24.2,2,23.8,2,23.5,1,24.0,2,23.8,1,24.6,1,23.7,1,24.0,1,23.9,1,22.7,2.0,26.9,1,26.5,1,25.1,2,26.2,2,26.0,1,26.4,2,27.9,2,27.2,3,28.7,1,25.5,1,26.8,3
2016-08-13 11:00:00,17.9,6,21.2,5,21.9,6,22.8,3,23.5,2,22.2,1,21.7,2,23.6,2,22.5,2,24.2,2,23.9,2,24.1,3,23.9,3,25.2,2,25.6,2,25.3,3,24.9,2,25.3,2,25.1,2,25.6,1,24.9,1,25.5,1,25.5,1,24.7,2.0,28.4,1,27.9,1,27.0,2,27.3,3,27.5,1,27.1,2,29.2,2,28.4,3,30.5,2,26.0,1,27.6,2
2016-08-13 12:00:00,18.1,6,21.6,4,22.5,5,23.3,3,24.3,3,22.7,1,22.1,2,24.5,2,23.4,2,25.1,2,24.8,2,25.1,4,24.7,3,26.1,2,26.5,2,26.4,4,26.0,2,26.2,2,26.1,2,26.2,2,25.9,2,26.7,2,26.6,1,26.1,3.0,29.5,1,29.0,2,28.5,2,27.9,3,28.7,1,27.4,2,30.0,2,29.1,3,31.5,2,26.3,2,28.0,1
2016-08-13 13:00:00,18.3,5,21.7,4,22.8,4,23.4,3,24.9,4,23.0,1,22.2,2,25.4,2,24.0,2,25.7,2,25.5,2,25.8,4,25.1,3,26.6,2,27.2,2,27.3,3,26.9,2,27.1,2,26.8,2,26.6,2,26.8,2,27.5,2,27.3,1,26.9,3.0,30.3,1,29.9,2,29.5,2,28.5,4,29.5,1,27.5,2,30.4,2,29.4,3,31.8,2,26.4,2,28.0,1
2016-08-13 14:00:00,18.3,5,21.6,4,23.0,4,23.2,2,25.3,4,23.0,1,22.1,1,26.1,2,24.5,2,26.2,2,26.0,2,26.4,3,25.3,3,26.8,2,27.7,2,28.0,2,27.7,2,27.8,2,27.2,2,26.8,2,27.5,1,28.0,2,27.8,1,27.0,3.0,30.9,1,30.5,1,30.1,2,29.1,4,30.1,1,27.4,2,30.4,2,29.3,2,31.4,2,26.3,2,27.7,2
2016-08-13 15:00:00,18.3,5,21.1,3,23.2,4,22.5,2,25.5,3,22.1,1,21.2,2,25.9,2,24.8,2,26.4,2,26.1,2,26.6,2,25.4,2,26.8,2,27.7,1,28.3,2,28.2,2,28.6,2,27.5,3,26.8,2,28.4,1,29.0,2,28.4,2,26.2,3.0,31.8,1,30.9,2,30.1,1,29.9,2,31.5,1,27.8,1,30.5,2,28.7,1,30.8,1,26.0,2,28.1,2
2016-08-13 16:00:00,18.2,5,20.8,3,23.0,4,22.2,1,25.3,3,21.7,1,20.8,1,25.7,2,24.9,2,26.4,2,26.2,2,26.7,2,25.4,2,26.4,2,27.6,1,28.5,2,28.4,2,28.8,2,27.6,3,26.7,2,28.4,2,29.0,2,28.3,2,25.0,3.0,32.0,2,30.4,2,29.3,1,30.1,1,31.2,1,27.2,1,29.8,2,27.8,1,30.2,1,25.9,2,27.7,2
2016-08-13 17:00:00,17.9,4,20.3,2,22.5,3,21.6,2,24.6,2,21.1,1,20.3,1,25.0,2,24.7,2,26.0,2,26.0,2,26.4,2,25.1,2,25.6,2,27.2,2,28.2,2,28.1,2,28.3,2,27.2,2,26.2,2,27.9,2,28.6,2,27.7,2,23.5,2.0,31.8,2,29.3,3,27.9,1,29.7,1,30.4,1,26.3,1,28.7,2,26.7,1,29.5,1,25.6,2,27.2,1
2016-08-13 18:00:00,17.6,3,19.5,2,21.6,2,20.6,2,23.3,2,20.1,2,19.4,2,23.7,2,24.0,2,25.2,2,25.4,3,25.1,2,24.1,2,24.4,2,26.3,2,27.3,2,27.2,2,26.8,2,26.2,2,24.9,2,27.0,3,27.4,2,26.8,2,21.9,2.0,30.7,2,27.7,3,26.2,1,28.4,1,29.2,1,25.3,1,27.2,2,25.4,1,28.3,1,25.2,1,26.3,1
2016-08-13 19:00:00,17.3,3,18.3,3,20.4,2,19.0,3,21.3,2,18.7,2,18.2,2,22.0,2,22.8,2,23.9,2,24.4,3,22.7,2,22.4,2,22.6,2,24.8,2,25.7,1,25.7,2,24.1,2,24.3,1,22.7,2,25.6,2,25.4,2,25.5,1,20.3,2.0,28.7,2,25.7,3,24.4,1,26.1,1,27.6,1,24.3,1,25.3,2,24.1,1,26.5,1,24.7,1,25.1,1
2016-08-13 20:00:00,17.0,3,17.0,3,18.9,3,17.1,3,19.1,2,17.1,2,16.9,3,20.0,2,21.2,2,22.3,2,23.1,2,20.0,1,20.2,2,20.7,2,23.0,2,23.6,1,23.8,1,21.0,1,22.1,1,20.1,1,24.1,2,23.1,2,24.0,1,18.9,2.0,26.3,2,23.6,2,22.6,1,23.4,1,25.9,1,23.4,1,23.3,2,22.9,1,24.4,1,24.2,1,23.8,1
2016-08-13 21:00:00,16.8,3,16.1,4,17.7,3,15.7,3,17.4,2,16.0,2,15.8,3,18.3,2,19.7,2,20.9,2,21.9,3,17.7,2,18.6,2,19.1,3,21.3,2,21.8,1,22.3,1,18.7,1,20.4,1,18.1,2,22.8,2,21.2,2,22.8,1,17.7,2.0,24.5,2,22.0,3,21.0,1,21.5,2,24.4,2,22.5,2,21.8,2,21.9,2,22.7,1,23.6,2,22.8,1
2016-08-13 22:00:00,16.6,4,15.5,4,16.6,3,14.7,4,16.1,2,15.3,3,15.0,4,16.8,2,18.5,2,19.7,3,20.8,3,16.3,2,17.1,3,17.7,3,20.0,2,20.2,1,20.8,1,17.0,2,19.0,1,16.7,2,21.7,2,19.7,2,21.7,1,16.5,2.0,22.9,2,20.6,3,19.5,1,20.0,2,22.9,2,21.7,2,20.5,3,21.2,2,21.1,1,23.0,2,22.0,1
2016-08-13 23:00:00,16.5,4,15.0,4,15.8,4,14.0,4,15.1,3,15.0,3,14.5,4,15.8,2,17.5,2,18.6,3,19.8,3,15.7,3,16.0,3,16.7,4,19.0,2,19.1,1,19.5,1,15.8,2,17.8,2,15.9,3,20.7,2,18.5,2,20.7,1,15.5,2.0,21.7,3,19.3,3,18.2,1,19.0,3,21.6,2,20.9,2,19.4,3,20.5,3,19.7,2,22.5,2,21.3,1
2016-08-14 00:00:00,16.4,4,14.6,4,15.2,4,13.5,5,14.3,3,14.8,4,14.2,5,15.1,2,16.7,2,17.5,3,18.8,4,15.4,3,15.3,4,16.0,4,18.2,2,18.2,1,18.3,1,15.0,2,16.9,2,15.4,4,19.8,2,17.5,1,19.7,1,14.6,3.0,20.5,3,18.3,4,17.1,1,18.3,3,20.5,3,20.1,2,18.6,3,20.0,3,18.5,2,21.9,2,20.7,2
2016-08-14 01:00:00,16.3,4,14.3,4,14.7,4,13.3,5,13.8,4,14.7,4,14.0,5,14.6,2,15.8,3,16.6,4,17.9,4,15.0,4,14.8,4,15.5,5,17.4,1,17.4,1,17.1,1,14.5,2,16.1,3,15.1,4,18.8,3,16.6,1,18.9,1,13.7,3.0,19.5,4,17.5,4,16.3,1,17.6,4,19.5,3,19.5,3,18.0,4,19.5,4,17.3,1,21.4,2,20.2,2
2016-08-14 02:00:00,16.1,4,13.9,4,14.4,5,13.1,6,13.3,4,14.3,5,13.9,5,14.2,3,15.1,4,15.7,4,17.1,4,14.6,4,14.5,5,15.3,5,16.6,1,16.7,1,16.0,2,14.1,2,15.4,4,14.8,5,17.9,3,15.8,1,18.2,1,12.9,3.0,18.4,4,17.0,5,15.8,1,17.0,4,18.6,4,19.1,4,17.7,4,19.1,4,16.3,1,21.0,1,19.8,3
2016-08-14 03:00:00,16.1,4,13.8,6,14.5,5,13.1,5,13.8,2,14.3,5,14.1,6,13.4,2,14.6,2,15.3,2,17.1,2,14.1,2,14.8,2,15.1,2,16.4,2,16.3,2,15.9,2,14.7,1,15.9,1,15.1,2,18.2,1,16.4,1,17.9,1,13.6,1.0,18.7,1,17.3,1,15.8,1,17.5,1,19.1,1,18.4,3,18.1,2,18.8,1,16.3,1,21.5,1,20.0,1
2016-08-14 04:00:00,15.9,4,13.7,7,14.4,5,13.0,6,13.8,2,14.2,5,14.1,6,13.0,2,14.2,2,14.9,2,16.4,2,14.2,2,14.7,2,15.1,2,15.9,2,15.7,2,15.3,2,14.7,2,16.0,1,15.1,2,17.8,1,16.3,2,17.7,2,13.4,2.0,18.1,1,17.1,1,15.8,2,16.9,2,18.4,1,18.2,3,18.1,2,18.9,1,16.2,1,21.6,1,19.7,1
2016-08-14 05:00:00,15.9,4,14.0,7,14.6,6,13.2,6,14.4,3,14.3,5,14.3,6,13.2,2,14.3,2,15.1,2,16.0,2,14.8,2,15.0,3,15.5,2,15.9,2,15.7,2,15.3,2,15.2,2,16.7,1,15.6,3,17.7,2,16.7,2,18.0,2,13.7,2.0,18.0,1,17.4,2,16.2,2,16.7,2,18.2,1,18.4,3,18.4,2,19.4,2,16.9,1,21.9,2,19.7,2
2016-08-14 06:00:00,16.1,4,14.8,7,15.3,6,14.1,6,15.6,3,15.0,5,15.0,6,14.3,3,15.1,2,16.1,2,16.4,2,16.1,2,16.0,3,16.6,2,16.8,2,16.5,3,16.3,2,16.5,2,18.0,1,16.9,3,18.4,2,17.8,2,18.9,2,14.8,2.0,18.9,2,18.4,2,17.4,2,17.6,3,18.9,1,19.2,3,19.4,3,20.4,2,18.6,2,22.6,2,20.3,2
2016-08-14 07:00:00,16.7,4,16.3,6,16.6,6,16.0,5,17.5,4,16.4,4,16.4,5,16.6,2,16.8,2,17.9,2,17.9,2,18.0,2,17.8,3,18.4,2,18.8,2,18.4,2,18.4,2,18.8,2,19.9,2,19.0,3,20.0,1,19.6,2,20.5,2,16.9,2.0,21.1,2,20.3,2,19.4,2,19.9,2,20.8,1,20.9,2,21.2,3,22.0,2,21.3,1,23.5,2,21.7,2
2016-08-14 08:00:00,17.4,3,18.1,5,18.3,6,18.5,4,19.6,4,18.3,3,18.2,4,19.4,2,19.0,2,20.1,2,20.1,2,20.3,2,20.0,3,20.6,2,21.5,2,20.9,2,21.1,2,21.5,2,22.0,2,21.5,2,22.0,1,21.9,2,22.4,2,19.6,2.0,24.1,1,22.6,1,21.9,2,23.0,2,23.4,1,22.8,2,23.6,2,24.0,2,24.5,1,24.5,2,23.5,3
2016-08-14 09:00:00,18.1,2,19.8,5,19.9,5,20.8,4,21.6,3,20.0,2,19.8,3,22.0,2,21.1,2,22.3,2,22.2,2,22.4,2,22.0,2,22.6,2,24.0,1,23.4,2,23.6,1,24.1,2,24.0,2,23.7,2,24.0,1,24.2,1,24.4,1,22.3,2.0,26.9,1,25.0,1,24.4,2,25.8,1,25.9,1,24.5,2,26.0,2,25.9,2,27.6,1,25.4,2,25.1,3
2016-08-14 10:00:00,18.6,2,21.1,4,21.2,4,22.5,4,23.1,3,21.2,1,20.9,3,23.8,2,22.6,2,24.0,2,23.8,2,24.1,2,23.5,2,24.2,2,25.8,1,25.3,2,25.4,1,26.0,2,25.6,2,25.2,1,25.5,1,26.3,2,26.1,1,24.6,2.0,29.0,1,27.0,1,26.6,2,27.7,1,27.8,1,25.4,2,28.0,2,27.5,2,30.1,1,26.0,1,26.2,2
2016-08-14 11:00:00,18.9,2,21.9,4,22.2,3,23.5,4,24.1,3,22.0,1,21.5,3,24.9,2,23.7,2,25.2,2,25.0,2,25.3,2,24.5,2,25.3,2,27.0,2,26.7,2,26.7,2,27.2,2,26.7,2,26.1,1,26.7,1,28.0,2,27.4,2,26.4,3.0,30.5,1,28.7,1,28.5,1,28.9,1,29.1,1,25.7,3,29.5,2,28.7,2,31.9,1,26.4,2,26.8,2
2016-08-14 12:00:00,19.2,2,22.3,4,22.9,2,24.0,4,24.8,3,22.5,2,21.8,3,25.7,2,24.4,2,26.1,2,25.9,2,26.2,2,25.1,2,26.1,2,27.8,2,27.7,2,27.6,2,28.1,2,27.6,2,26.7,1,27.6,1,29.2,2,28.4,2,27.7,3.0,31.5,1,29.9,2,29.9,1,29.7,2,30.1,1,25.7,3,30.4,2,29.5,2,32.8,1,26.6,2,27.1,1
2016-08-14 13:00:00,19.4,2,22.5,4,23.3,2,24.1,4,25.3,4,22.7,2,21.9,2,26.5,2,24.9,2,26.8,2,26.7,2,26.9,2,25.5,2,26.8,2,28.4,2,28.5,2,28.4,2,28.8,2,28.2,2,27.1,2,28.5,1,30.0,2,29.2,2,28.4,4.0,32.3,1,30.8,2,30.9,1,30.5,2,30.9,1,25.8,3,30.6,2,29.8,2,32.9,1,26.6,2,27.1,1
2016-08-14 14:00:00,19.6,2,22.4,4,23.5,2,24.0,3,25.6,4,22.7,2,22.0,2,27.1,2,25.3,2,27.4,2,27.3,2,27.3,2,25.7,2,27.1,2,28.9,2,29.1,2,29.1,2,29.4,2,28.6,2,27.3,2,29.2,1,30.3,2,29.6,2,28.4,4.0,33.0,1,31.3,1,31.4,2,31.1,2,31.5,1,25.8,2,30.2,2,29.7,2,32.5,1,26.6,2,26.9,1
2016-08-14 15:00:00,19.5,4,22.8,4,23.8,5,22.9,4,26.0,4,23.1,1,21.8,2,27.5,2,25.9,2,27.5,2,27.4,2,27.8,5,25.8,4,27.0,4,29.9,2,30.0,2,29.3,2,29.9,3,28.8,3,27.3,4,29.7,2,30.5,2,30.2,2,27.6,4.0,33.6,1,30.8,1,30.6,1,31.8,1,31.6,1,25.5,1,29.1,1,28.9,1,31.6,1,26.3,1,25.8,3
2016-08-14 16:00:00,19.4,3,22.5,3,23.6,4,22.4,3,25.8,4,22.6,1,21.5,2,27.3,2,26.1,2,27.5,2,27.5,2,28.0,5,25.7,4,26.6,4,30.0,2,30.1,2,29.4,2,29.9,3,28.7,3,27.2,3,29.6,2,30.4,3,29.9,2,26.3,3.0,33.8,1,30.2,1,29.7,1,31.9,1,31.2,1,25.0,1,28.4,1,27.9,1,31.0,1,26.0,1,25.1,3
2016-08-14 17:00:00,19.0,2,21.8,3,23.0,3,21.8,3,25.2,3,21.8,1,20.9,2,26.6,2,26.0,2,27.1,2,27.3,2,27.7,5,25.3,4,25.8,4,29.6,2,29.6,2,29.0,2,29.3,2,28.2,3,26.7,3,29.1,3,29.8,3,29.2,3,24.5,3.0,33.5,1,29.1,1,28.3,1,31.3,1,30.2,1,24.2,1,27.5,1,26.5,1,30.2,1,25.7,1,24.4,3
2016-08-14 18:00:00,18.5,2,20.8,2,22.1,2,20.9,3,24.0,3,20.6,2,20.0,2,25.4,2,25.3,2,26.2,2,26.6,2,26.5,4,24.5,4,24.4,3,28.7,2,28.5,2,28.1,2,27.8,2,27.1,2,25.5,2,28.1,3,28.6,3,28.1,3,22.6,3.0,32.2,1,27.4,1,26.4,1,29.8,1,28.9,1,23.4,1,26.2,1,25.1,1,29.0,1,25.2,1,23.6,3
2016-08-14 19:00:00,18.0,1,19.5,2,20.8,2,19.5,3,22.2,2,19.2,2,18.8,2,23.7,2,24.0,2,24.7,2,25.5,2,24.1,4,23.1,3,22.6,3,27.2,2,26.7,2,26.5,2,25.4,2,25.3,2,23.4,2,26.8,3,26.6,3,26.7,3,20.9,3.0,30.0,1,25.2,1,24.3,1,27.3,1,27.3,1,22.7,1,24.3,1,23.7,1,27.3,1,24.7,1,22.8,3
2016-08-14 20:00:00,17.5,1,18.1,1,19.4,2,17.9,4,20.1,2,17.8,2,17.5,2,21.8,2,22.3,1,23.1,1,24.1,2,21.3,3,21.4,2,20.7,2,25.5,2,24.7,2,24.7,2,22.6,2,23.2,2,21.0,2,25.3,2,24.2,2,25.1,3,19.5,3.0,27.4,1,22.9,1,22.3,1,24.5,2,25.6,1,21.9,1,22.3,2,22.5,1,25.3,1,24.3,1,22.1,3
2016-08-14 21:00:00,17.1,2,17.0,2,18.4,2,16.7,4,18.6,3,16.7,2,16.4,2,20.1,1,21.0,1,21.7,2,22.9,2,19.3,3,20.0,3,19.2,3,23.8,1,22.9,2,23.2,3,20.5,2,21.6,3,19.3,2,24.1,3,22.4,2,23.8,3,18.3,3.0,25.4,2,21.0,1,20.6,1,22.5,2,24.2,2,21.3,1,21.3,2,21.5,1,23.6,1,23.9,1,21.6,4
2016-08-14 22:00:00,16.8,2,16.2,2,17.4,2,15.7,4,17.4,3,16.2,3,15.7,3,18.6,1,19.8,1,20.6,3,21.8,2,17.8,4,18.7,3,18.1,3,22.3,1,21.4,3,21.8,3,18.9,3,20.3,3,17.9,3,22.9,3,20.8,3,22.6,4,17.3,3.0,23.7,2,19.5,1,19.2,1,20.9,2,22.9,2,20.7,2,20.4,2,20.8,1,22.1,1,23.6,2,21.2,4
2016-08-14 23:00:00,16.6,2,15.6,2,16.5,3,15.0,4,16.4,4,16.0,3,15.4,3,17.5,1,18.8,2,19.6,3,20.9,3,16.8,4,17.4,3,17.3,3,21.0,2,20.4,3,20.5,3,17.6,3,19.2,3,16.9,3,21.9,3,19.6,3,21.5,4,16.3,4.0,22.4,2,18.5,2,18.1,1,19.9,3,21.8,2,20.2,2,19.7,3,20.3,1,20.7,1,23.3,2,20.8,5
2016-08-15 00:00:00,16.5,2,15.1,3,15.7,3,14.6,5,15.6,4,16.0,4,15.3,4,16.9,2,17.9,2,18.6,4,20.0,3,16.1,4,16.4,4,16.5,3,19.9,2,19.6,4,19.4,3,16.7,3,18.2,3,16.1,4,21.0,3,18.7,3,20.5,4,15.4,4.0,21.3,3,17.8,2,17.3,1,19.1,3,20.9,3,19.8,2,19.1,3,19.9,1,19.4,1,22.9,2,20.6,5
2016-08-15 01:00:00,16.4,2,14.5,3,14.9,4,14.3,5,14.9,4,16.0,4,15.4,5,16.5,3,17.0,3,17.7,4,19.2,4,15.6,5,15.5,4,15.8,3,19.0,2,18.9,5,18.3,4,16.0,4,17.3,4,15.4,4,20.1,3,17.8,3,19.7,4,14.5,4.0,20.3,3,17.5,2,16.8,1,18.4,4,20.0,3,19.5,3,18.7,3,19.6,1,18.1,1,22.4,2,20.4,5
2016-08-15 02:00:00,16.3,3,14.1,4,14.4,4,14.2,5,14.2,5,15.8,4,15.5,5,16.3,4,16.3,4,16.8,5,18.5,5,15.1,5,14.8,4,15.2,4,18.3,3,18.2,5,17.3,4,15.5,4,16.4,4,14.8,5,19.2,4,17.2,3,19.0,5,13.7,5.0,19.5,4,17.4,2,16.5,1,17.8,4,19.3,3,19.4,3,18.5,3,19.4,1,17.1,1,22.0,3,20.3,5
2016-08-15 03:00:00,15.6,2,14.3,1,14.5,2,14.9,2,14.6,2,14.5,2,14.8,2,15.3,2,16.6,2,17.0,2,18.6,2,15.6,2,16.1,2,16.6,3,17.9,1,18.1,2,17.6,2,16.2,1,17.3,2,16.1,2,19.1,1,18.3,3,19.7,2,14.5,2.0,19.2,1,16.9,1,16.1,1,18.3,2,19.0,2,18.4,1,17.9,1,19.9,1,17.0,1,22.0,1,19.4,4
2016-08-15 04:00:00,15.4,2,14.1,2,14.3,2,14.9,2,14.5,2,14.1,2,14.6,3,14.9,2,16.1,1,16.5,1,17.9,1,15.5,3,15.9,3,16.6,4,17.5,1,17.5,2,16.9,2,16.2,2,17.3,2,16.2,2,18.6,1,17.9,2,19.4,2,14.3,2.0,18.6,1,16.7,1,15.9,1,17.5,2,18.4,2,18.2,2,17.8,2,19.9,1,16.8,1,22.1,1,19.3,4
2016-08-15 05:00:00,15.3,2,14.3,2,14.5,2,15.2,2,15.0,2,14.2,3,14.7,5,15.1,2,16.1,1,16.7,2,17.5,2,16.0,3,16.2,3,17.0,5,17.7,2,17.3,2,16.7,1,16.8,2,17.8,2,16.7,3,18.6,1,18.0,2,19.6,2,14.5,3.0,18.6,1,16.9,1,16.1,1,17.3,3,18.2,2,18.3,3,18.2,2,20.1,1,17.5,1,22.4,2,19.5,5
2016-08-15 06:00:00,15.5,2,15.0,2,15.1,2,16.2,2,16.2,2,15.2,3,15.6,5,16.3,2,16.7,2,17.6,2,17.8,2,17.2,3,17.2,3,18.0,5,18.8,2,18.1,2,17.6,1,18.2,2,19.0,2,18.0,3,19.3,1,18.9,2,20.4,2,15.6,3.0,19.6,2,17.9,2,17.2,1,18.3,4,18.9,2,19.0,3,19.2,2,20.8,1,19.1,1,23.0,2,20.2,5
2016-08-15 07:00:00,16.2,2,16.4,2,16.4,2,18.2,2,18.1,2,17.5,3,17.5,5,18.8,2,18.2,2,19.4,2,19.2,2,19.1,3,19.0,3,19.8,5,21.1,1,20.1,2,19.8,1,20.5,2,20.8,2,20.1,2,20.8,1,20.6,2,21.9,2,17.7,3.0,21.9,2,19.8,2,19.3,1,20.8,3,20.8,2,20.6,3,21.0,2,22.2,1,21.7,1,23.9,2,21.5,6
2016-08-15 08:00:00,17.1,2,18.2,2,18.0,2,20.6,2,20.2,2,20.5,2,19.9,3,22.0,2,20.1,2,21.6,2,21.2,2,21.4,3,21.2,2,22.0,5,23.9,1,22.8,2,22.6,1,23.1,2,22.8,2,22.6,2,22.8,1,22.8,1,23.7,2,20.3,3.0,24.8,2,22.4,2,21.9,2,24.1,2,23.4,2,22.6,2,23.4,2,24.0,1,24.9,1,24.9,2,23.0,5
2016-08-15 09:00:00,18.1,2,20.0,2,19.7,2,22.9,2,22.3,2,23.1,1,22.1,2,24.9,2,22.1,2,23.7,2,23.3,2,23.6,3,23.3,2,24.0,4,26.5,1,25.4,2,25.2,1,25.5,2,24.8,2,24.8,2,24.7,1,25.1,2,25.6,2,23.0,3.0,27.7,1,24.9,2,24.6,2,27.1,2,26.0,2,24.3,2,25.7,2,26.0,2,28.1,1,25.7,2,24.4,5
2016-08-15 10:00:00,19.0,2,21.5,2,21.1,2,24.5,2,23.9,2,24.7,1,23.5,2,26.9,1,23.7,2,25.3,2,25.0,2,25.3,3,24.8,2,25.5,3,28.3,1,27.3,2,27.0,2,27.2,2,26.3,2,26.3,1,26.2,1,27.0,2,27.2,2,25.3,3.0,29.9,1,27.0,3,26.8,3,29.1,1,27.9,2,25.3,2,27.7,3,27.8,2,30.7,1,26.2,2,25.4,4
2016-08-15 11:00:00,19.6,2,22.5,2,22.1,2,25.4,2,25.0,2,25.5,1,24.3,2,28.2,1,25.0,2,26.5,2,26.4,2,26.5,3,25.8,2,26.7,2,29.5,2,28.7,3,28.2,2,28.4,2,27.5,2,27.2,2,27.3,1,28.5,2,28.4,2,27.0,3.0,31.5,1,28.7,3,28.6,3,30.2,2,29.2,1,25.8,3,29.2,4,29.3,3,32.6,1,26.4,2,26.1,4
2016-08-15 12:00:00,20.1,2,23.3,2,22.9,2,25.9,2,25.8,2,25.9,1,24.8,2,29.1,2,25.9,2,27.4,2,27.4,2,27.4,3,26.4,3,27.5,2,30.3,2,29.7,3,29.0,2,29.3,2,28.3,2,27.8,2,28.2,2,29.6,3,29.3,2,28.2,4.0,32.6,1,29.9,4,30.0,3,30.9,2,30.2,1,26.0,4,30.0,4,30.2,3,33.7,2,26.5,2,26.4,3
2016-08-15 13:00:00,20.4,2,23.8,2,23.4,2,26.2,2,26.4,2,26.1,2,25.3,2,29.9,2,26.6,2,28.2,2,28.2,2,28.0,3,26.8,3,28.2,2,30.9,2,30.6,3,29.8,2,30.1,2,28.9,2,28.3,2,29.1,2,30.4,3,29.9,2,28.7,4.0,33.5,1,30.7,5,31.0,3,31.6,2,30.9,2,26.1,4,30.2,4,30.4,3,33.8,2,26.5,2,26.5,3
2016-08-15 14:00:00,20.5,2,24.1,2,23.7,2,26.2,2,26.7,2,26.2,2,25.6,2,30.6,2,27.1,2,28.8,2,28.8,2,28.3,3,27.0,4,28.6,3,31.4,2,31.3,3,30.4,2,30.6,2,29.3,2,28.6,2,29.8,1,30.7,2,30.2,3,28.6,5.0,34.1,1,31.0,5,31.5,2,32.2,2,31.4,2,26.1,4,29.8,4,30.1,2,33.3,1,26.4,2,26.3,4
2016-08-15 15:00:00,20.0,2,23.4,1,23.8,2,24.6,2,27.1,2,26.1,1,24.8,1,31.2,2,27.5,1,28.9,1,28.7,1,28.7,2,26.7,3,28.3,2,32.5,1,32.2,2,30.7,2,30.9,2,29.7,2,28.4,2,30.6,1,30.8,2,31.0,2,28.2,4.0,34.6,1,30.7,2,30.9,1,32.4,1,32.1,1,25.6,3,29.2,2,29.0,1,32.3,1,26.5,2,26.3,3
2016-08-15 16:00:00,19.7,2,23.1,1,23.8,2,24.3,2,26.8,2,25.5,1,24.3,1,31.1,2,27.5,2,28.7,2,28.6,2,28.4,2,26.5,2,27.7,2,32.4,2,32.1,2,30.3,2,30.6,2,29.2,2,28.0,2,30.3,1,30.2,2,30.5,2,26.9,3.0,34.6,1,30.1,2,29.9,1,32.5,1,31.6,1,24.9,3,28.5,2,27.9,2,31.5,1,26.4,2,25.7,3
2016-08-15 17:00:00,19.2,2,22.5,1,23.4,2,23.7,2,26.0,2,24.6,1,23.4,1,30.3,2,27.1,2,28.1,2,28.2,2,27.6,2,26.0,2,26.5,2,31.7,2,31.3,3,29.4,2,29.6,2,28.3,2,27.2,2,29.5,1,29.3,2,29.7,2,25.1,3.0,33.9,1,29.0,2,28.4,1,31.8,1,30.5,1,24.2,3,27.5,2,26.6,2,30.6,1,26.2,2,25.0,3
2016-08-15 18:00:00,18.6,2,21.5,1,22.6,2,22.8,2,24.7,2,23.3,1,22.3,2,28.9,2,26.2,2,27.1,2,27.4,2,26.2,2,25.1,2,25.0,2,30.4,2,30.0,3,28.0,2,27.8,2,27.0,2,25.7,2,28.4,1,27.8,2,28.5,2,23.2,3.0,32.5,1,27.4,2,26.5,1,30.2,1,29.0,2,23.4,3,26.2,2,25.3,2,29.3,1,25.8,2,24.2,3
2016-08-15 19:00:00,18.0,2,20.2,1,21.3,2,21.5,2,22.9,2,21.6,1,21.1,2,27.1,2,24.9,2,25.7,2,26.2,2,24.2,2,23.7,2,23.2,2,28.4,2,28.1,3,26.4,2,25.3,2,25.3,2,23.6,1,26.9,1,25.9,2,27.1,1,21.4,3.0,30.3,1,25.3,2,24.6,1,27.7,2,27.4,1,22.8,3,24.4,2,24.0,2,27.6,1,25.3,2,23.4,3
2016-08-15 20:00:00,17.4,2,18.8,1,19.8,2,20.0,2,20.9,1,20.0,1,19.9,2,25.0,1,23.4,1,24.2,1,24.9,1,22.0,1,22.0,1,21.4,2,26.2,2,26.0,2,24.8,2,22.6,2,23.4,2,21.4,1,25.4,1,23.8,1,25.6,1,19.9,2.0,27.9,1,23.1,2,22.7,1,25.0,2,25.7,1,22.3,3,22.5,3,22.8,2,25.7,1,24.7,1,22.7,3
2016-08-15 21:00:00,17.0,2,17.6,2,18.6,2,18.7,2,19.4,2,18.9,2,18.9,2,23.2,1,22.1,1,22.8,1,23.6,1,20.3,1,20.6,1,20.0,2,24.6,2,24.3,3,23.3,2,20.6,2,22.0,2,19.8,2,24.1,2,22.2,1,24.3,1,18.6,3.0,26.5,2,21.4,2,21.1,2,23.0,2,24.3,2,21.6,3,21.6,3,21.8,2,24.1,2,24.1,2,22.2,3
2016-08-15 22:00:00,16.8,3,16.9,2,17.5,2,17.9,2,18.0,2,18.1,2,18.3,2,21.6,1,21.0,1,21.8,2,22.6,1,19.0,1,19.3,1,18.7,1,23.0,3,22.8,3,22.2,2,19.0,2,20.8,2,18.5,2,23.0,2,20.9,1,23.0,2,17.5,3.0,25.0,2,19.9,2,19.6,2,21.6,3,23.1,2,21.1,4,20.7,3,20.9,2,22.5,2,23.6,2,21.8,3
2016-08-15 23:00:00,16.7,3,16.5,3,16.7,3,17.4,3,17.0,2,17.7,3,17.8,2,20.3,1,20.3,1,20.9,2,21.8,2,17.9,1,18.1,1,17.6,1,21.7,3,21.6,4,21.2,3,17.8,3,19.7,2,17.6,3,22.0,2,19.9,1,21.8,2,16.5,3.0,23.7,3,18.9,3,18.4,3,20.6,3,22.1,3,20.6,4,20.0,3,20.2,2,21.0,2,23.1,2,21.5,4
2016-08-16 00:00:00,16.8,4,16.2,3,16.0,3,17.0,3,16.1,2,17.3,3,17.6,2,19.4,2,19.5,2,20.0,2,21.1,2,17.1,2,17.1,2,16.7,2,20.5,4,20.6,4,20.2,3,17.0,3,18.8,2,16.8,4,21.2,3,19.0,2,20.8,2,15.6,4.0,22.4,3,18.3,3,17.4,3,19.8,4,21.3,3,20.2,4,19.5,4,19.7,2,19.6,3,22.7,3,21.3,4
2016-08-16 01:00:00,17.0,4,15.8,4,15.4,4,16.6,3,15.4,3,16.9,3,17.4,2,18.6,3,18.6,2,19.0,2,20.5,2,16.3,2,16.1,2,15.9,3,19.5,5,19.6,5,19.2,4,16.3,3,17.8,2,16.1,4,20.4,3,18.2,2,19.9,2,14.7,4.0,21.4,4,17.9,3,16.7,4,19.2,4,20.5,4,19.9,4,19.1,4,19.3,3,18.3,3,22.2,3,21.2,4
2016-08-16 02:00:00,17.1,4,15.4,5,14.8,4,16.2,3,14.8,4,16.5,4,17.1,2,17.9,4,17.7,2,17.9,2,19.9,2,15.7,3,15.5,2,15.4,5,18.8,6,18.7,5,18.2,4,15.7,4,17.0,2,15.5,5,19.6,4,17.6,2,19.2,2,13.8,4.0,20.5,5,17.8,4,16.3,4,18.6,5,19.8,4,19.7,4,18.9,4,19.2,3,17.2,4,21.9,3,21.3,4
2016-08-16 03:00:00,15.4,1,13.9,1,14.1,2,14.3,1,13.8,1,16.5,1,15.8,1,15.9,1,15.7,1,16.3,1,17.6,1,15.1,1,15.4,1,16.2,2,19.4,1,17.6,1,17.0,2,15.6,1,17.4,1,16.3,2,19.5,1,18.0,1,20.0,1,14.6,2.0,20.7,1,16.4,1,16.0,2,19.2,2,19.4,2,18.7,5,17.6,2,19.1,3,17.8,2,21.3,2,20.3,5
2016-08-16 04:00:00,15.1,2,13.6,2,13.8,2,14.1,2,13.6,1,15.9,1,15.3,1,15.4,1,15.2,1,15.9,1,17.0,1,15.0,1,15.2,1,16.0,2,18.7,1,16.9,2,16.4,2,15.5,1,17.4,1,16.3,2,19.1,1,17.7,2,19.6,2,14.2,2.0,20.2,2,16.2,1,15.9,2,18.8,2,19.1,2,18.5,4,17.6,3,19.1,3,17.4,2,21.4,2,20.3,5
2016-08-16 05:00:00,14.9,2,13.7,2,13.9,2,14.3,2,14.0,1,15.8,1,15.2,1,15.4,1,15.2,1,16.0,1,16.7,1,15.4,1,15.5,1,16.3,2,18.4,1,16.8,2,16.3,2,16.1,1,18.0,1,16.7,2,19.1,1,18.0,2,19.6,2,14.3,2.0,20.2,2,16.5,2,16.2,1,18.8,2,19.1,2,18.6,4,18.1,3,19.5,3,17.7,2,21.9,2,20.6,5
2016-08-16 06:00:00,15.1,2,14.4,2,14.6,2,15.2,2,15.1,1,16.7,1,15.9,2,16.5,2,16.0,2,16.9,2,17.2,2,16.6,1,16.4,1,17.2,2,19.2,1,17.6,2,17.3,2,17.5,1,19.2,1,17.7,2,19.8,1,19.0,2,20.2,2,15.2,3.0,21.1,2,17.7,2,17.3,1,19.5,2,19.9,2,19.3,4,19.2,3,20.4,3,19.0,2,22.7,2,21.3,5
2016-08-16 07:00:00,16.0,2,15.9,2,16.1,2,17.1,2,17.1,1,19.0,1,17.7,2,19.0,2,17.7,2,18.6,2,18.8,2,18.6,1,18.1,1,18.8,2,21.3,1,19.6,2,19.5,2,19.8,1,21.0,1,19.4,2,21.4,1,20.9,2,21.7,2,17.3,3.0,22.9,2,19.8,2,19.3,1,21.2,2,21.6,2,20.7,5,21.1,3,21.8,3,21.5,2,23.6,2,22.4,5
2016-08-16 08:00:00,17.2,2,17.9,2,18.0,2,19.6,1,19.6,1,21.9,1,20.2,2,22.1,2,19.8,1,20.8,1,21.0,1,21.1,1,20.2,1,20.7,2,24.2,1,22.3,2,22.3,1,22.5,1,23.0,2,21.5,2,23.4,1,23.3,2,23.7,1,20.0,2.0,25.1,2,22.5,2,21.8,1,23.2,2,23.7,2,22.3,5,23.3,3,23.6,3,24.7,2,24.4,3,23.8,5
2016-08-16 09:00:00,18.4,2,19.9,1,19.9,2,21.9,1,22.0,1,24.7,1,22.4,2,25.0,2,22.0,1,23.0,1,23.2,1,23.5,1,22.2,1,22.5,2,26.9,1,25.0,1,24.8,1,24.9,1,24.9,2,23.4,2,25.3,1,25.6,1,25.8,1,22.8,2.0,27.3,2,25.0,1,24.4,1,25.0,2,25.8,1,23.8,6,25.4,3,25.5,3,27.8,1,25.1,3,25.0,5
2016-08-16 10:00:00,19.3,2,21.4,2,21.5,2,23.6,1,23.7,1,26.5,1,23.9,2,26.9,2,23.7,1,24.8,1,24.9,1,25.3,1,23.7,2,24.0,2,28.8,1,27.1,1,26.5,1,26.6,1,26.4,2,24.8,2,26.7,1,27.3,2,27.5,1,25.1,3.0,28.9,2,26.9,1,26.6,1,26.0,2,27.4,1,24.7,5,27.0,3,27.2,3,30.3,1,25.4,3,25.8,4
2016-08-16 11:00:00,20.0,2,22.5,2,22.7,2,24.6,1,24.9,1,27.6,1,24.7,2,28.1,2,25.0,1,26.2,1,26.2,1,26.6,1,24.7,2,25.1,2,29.9,1,28.6,1,27.6,1,27.7,2,27.5,2,25.7,1,27.5,2,28.6,2,28.8,1,26.8,3.0,30.0,2,28.2,1,28.4,1,26.5,2,28.6,1,25.1,5,28.1,3,28.6,3,32.1,1,25.6,3,26.3,4
2016-08-16 12:00:00,20.4,2,23.2,2,23.5,3,25.2,1,25.8,1,28.1,1,25.3,1,29.0,1,25.9,1,27.3,1,27.2,1,27.6,1,25.4,2,25.9,2,30.7,2,29.7,2,28.4,1,28.5,2,28.4,2,26.4,2,28.2,2,29.4,2,29.7,1,28.0,3.0,30.7,2,29.2,1,29.8,1,26.9,2,29.6,1,25.2,5,28.8,3,29.5,3,33.1,2,25.6,3,26.5,3
2016-08-16 13:00:00,20.7,2,23.6,2,24.0,3,25.5,1,26.5,1,28.4,2,25.8,1,29.8,1,26.6,2,28.1,1,28.0,2,28.3,1,25.9,2,26.6,2,31.3,2,30.6,2,29.3,2,29.3,2,29.0,2,26.9,2,28.8,2,30.0,2,30.3,1,28.6,4.0,31.1,2,30.0,1,30.8,1,27.6,3,30.4,1,25.3,5,29.2,3,29.7,3,33.5,2,25.7,2,26.5,3
2016-08-16 14:00:00,20.9,2,23.8,2,24.2,3,25.6,1,26.9,1,28.4,2,26.2,1,30.6,1,27.1,2,28.5,2,28.5,2,28.8,1,26.3,2,27.0,2,31.7,2,31.3,2,30.1,2,30.0,2,29.5,2,27.2,2,29.2,2,30.3,2,30.5,2,28.6,4.0,31.3,3,30.4,1,31.3,2,28.3,3,31.0,1,25.2,5,29.3,3,29.3,2,33.2,2,25.7,2,26.3,3
2016-08-16 15:00:00,20.8,2,24.1,2,24.3,2,25.1,1,27.6,1,28.0,1,26.3,1,31.7,1,28.5,1,29.8,1,29.9,1,29.8,2,26.9,2,27.6,2,32.9,2,31.7,2,31.4,2,31.8,2,30.6,2,28.1,2,30.3,1,31.2,2,31.5,2,27.7,3.0,29.4,4,29.9,2,30.8,1,26.4,2,31.2,1,24.6,5,28.5,3,27.9,4,32.2,3,25.7,3,26.1,4
2016-08-16 16:00:00,20.4,2,23.7,2,24.3,2,24.8,1,27.3,1,27.3,1,25.7,1,31.5,1,28.7,2,29.8,2,29.9,2,29.8,2,26.9,2,27.2,2,32.7,2,31.5,2,31.2,2,31.4,2,30.5,2,28.0,2,29.9,2,30.9,2,31.0,2,26.4,3.0,28.6,3,29.1,2,29.6,2,26.5,2,30.9,1,24.3,5,27.9,4,26.8,4,31.0,3,25.4,3,25.6,4
2016-08-16 17:00:00,19.7,2,23.0,2,23.9,2,24.2,1,26.4,1,26.3,1,24.7,1,30.6,1,28.5,2,29.3,2,29.5,2,29.2,2,26.5,2,26.3,2,32.0,2,30.9,2,30.4,2,30.2,2,29.8,3,27.4,1,29.0,2,30.2,1,30.1,2,24.7,2.0,27.4,3,27.8,2,27.9,2,26.0,2,30.0,2,23.9,5,27.0,4,25.7,4,29.5,3,24.9,3,25.1,4
2016-08-16 18:00:00,19.0,2,21.9,1,23.0,2,23.2,2,25.0,1,24.8,1,23.3,1,29.1,1,27.6,2,28.2,2,28.5,2,27.7,2,25.6,2,24.9,2,30.5,2,29.7,2,29.1,2,28.3,2,28.5,3,26.1,1,27.8,1,28.9,1,28.8,2,22.8,2.0,25.8,2,26.3,2,25.9,2,24.9,2,28.7,2,23.5,5,25.8,5,24.6,5,27.9,3,24.4,3,24.5,4
2016-08-16 19:00:00,18.3,2,20.4,1,21.6,2,21.7,2,23.0,1,22.8,2,21.7,2,27.0,1,25.9,1,26.6,1,27.1,1,25.2,2,24.0,2,23.0,2,28.2,2,27.9,2,27.3,2,25.7,2,26.5,2,23.9,1,26.3,1,27.0,1,27.3,2,21.1,2.0,24.0,2,24.7,2,24.0,2,23.3,3,27.2,2,23.2,5,24.4,4,23.7,5,26.3,3,23.9,3,24.0,4
2016-08-16 20:00:00,17.8,2,18.8,1,19.9,2,19.9,3,20.8,1,20.7,2,20.2,2,24.7,1,23.9,1,24.8,1,25.6,1,22.2,2,22.1,2,20.9,2,25.7,2,25.9,2,25.4,2,22.9,2,24.2,2,21.5,2,24.6,1,24.9,1,25.8,2,19.6,2.0,22.3,2,23.1,2,22.3,1,21.5,4,25.6,2,22.9,5,23.0,4,23.1,5,24.7,3,23.5,3,23.4,6
2016-08-16 21:00:00,17.3,2,17.6,1,18.6,2,18.5,3,19.5,1,19.4,2,19.1,2,22.8,1,22.6,1,23.4,1,24.4,1,20.3,1,20.8,2,19.7,2,23.8,2,24.0,2,23.7,2,20.9,2,22.8,2,20.2,2,23.3,1,23.2,2,24.5,2,18.2,2.0,21.1,2,21.8,2,20.8,1,20.7,4,24.3,2,22.4,5,21.9,4,22.2,5,23.4,3,23.0,3,23.0,5
2016-08-16 22:00:00,17.0,2,16.7,1,17.4,2,17.3,3,18.2,1,18.2,3,18.1,3,21.0,1,21.2,1,22.0,1,23.1,1,18.6,1,19.5,2,18.5,2,22.0,3,22.4,2,22.2,2,19.2,2,21.4,3,18.9,2,22.0,2,21.6,2,23.2,3,16.9,3.0,20.1,3,20.6,3,19.5,1,20.0,4,23.3,3,21.8,5,20.9,4,21.5,5,22.1,3,22.6,3,22.5,5
2016-08-16 23:00:00,16.7,2,16.0,1,16.5,2,16.4,3,17.1,2,17.3,4,17.3,3,19.5,2,20.0,1,20.7,1,21.9,1,17.2,1,18.2,2,17.4,2,20.6,4,20.9,3,20.7,2,17.7,2,20.1,3,17.8,3,20.9,3,20.2,3,22.0,3,15.9,3.0,19.4,3,19.6,3,18.3,1,19.3,4,22.5,3,21.2,5,20.2,4,20.8,5,20.9,3,22.2,4,22.2,5
2016-08-17 00:00:00,16.5,2,15.5,1,15.7,2,15.7,2,16.0,2,16.5,4,16.7,4,18.2,3,18.7,1,19.4,1,20.8,1,16.1,1,17.1,2,16.4,2,19.4,4,19.7,3,19.4,2,16.6,2,18.8,3,16.7,3,19.9,4,19.0,3,20.9,4,14.9,4.0,18.8,4,18.7,4,17.4,1,18.7,5,21.8,3,20.7,5,19.6,4,20.3,5,19.6,4,21.9,4,21.9,5
2016-08-17 01:00:00,16.4,2,15.0,1,15.0,2,15.2,2,15.1,2,16.0,5,16.3,5,17.3,3,17.7,2,18.3,1,19.7,1,15.2,2,16.0,3,15.5,2,18.5,5,18.7,4,18.2,2,15.7,3,17.8,4,15.8,4,19.2,5,18.1,4,19.9,4,14.1,4.0,18.5,4,18.1,4,16.8,1,18.2,5,21.1,4,20.2,5,19.2,4,19.9,5,18.4,4,21.6,4,21.7,5
2016-08-17 02:00:00,16.3,1,14.5,1,14.4,2,14.8,2,14.5,1,15.5,5,16.1,5,16.7,4,16.7,2,17.3,1,18.8,1,14.6,4,15.2,3,14.8,2,17.9,5,17.8,4,17.3,2,15.1,3,16.9,4,15.2,4,18.6,5,17.4,4,19.2,4,13.5,4.0,18.3,5,17.8,4,16.4,1,17.8,5,20.3,4,19.8,5,18.8,4,19.6,4,17.3,4,21.5,4,21.6,5
2016-08-17 03:00:00,16.6,1,15.2,1,14.9,2,16.4,2,14.8,1,17.4,6,18.2,5,17.7,4,17.6,1,17.9,1,19.6,1,16.2,1,15.7,2,16.3,3,18.5,5,18.9,2,18.2,1,16.4,1,18.1,1,16.6,2,19.3,3,18.2,2,20.0,2,14.7,2.0,18.6,5,18.4,4,16.6,3,17.7,3,19.7,6,19.9,5,19.2,4,20.0,6,17.3,4,21.5,3,20.3,4
2016-08-17 04:00:00,16.2,1,14.8,1,14.4,2,16.3,2,14.6,1,17.0,7,17.6,5,17.1,4,16.9,1,17.3,1,18.7,1,16.0,1,15.5,2,16.2,3,18.3,6,18.4,3,17.6,1,16.4,1,18.0,1,16.6,2,18.9,4,18.0,2,19.7,2,14.4,2.0,18.6,5,18.4,4,16.5,3,17.6,5,19.3,6,19.9,5,19.2,4,19.9,5,16.9,4,21.5,3,20.1,4
2016-08-17 05:00:00,16.0,1,14.7,2,14.3,2,16.6,2,14.9,1,16.9,7,17.2,5,16.9,5,16.7,1,17.4,1,18.3,1,16.5,1,15.8,2,16.4,2,18.3,6,18.5,4,17.5,1,17.1,1,18.6,1,16.9,3,18.9,5,18.4,2,19.9,2,14.6,3.0,18.9,6,18.8,4,16.9,3,17.7,6,19.2,5,20.2,4,19.6,5,20.2,4,17.3,4,21.8,3,20.2,4
2016-08-17 06:00:00,16.2,2,15.3,2,14.9,2,17.5,2,16.0,1,17.2,7,17.5,5,17.5,5,17.4,1,18.3,1,18.7,1,17.7,1,16.8,1,17.3,2,18.9,6,19.2,5,18.4,1,18.6,1,19.8,1,17.9,3,19.3,5,19.5,2,20.8,2,15.6,3.0,19.6,6,19.9,4,18.1,3,18.3,6,19.7,4,21.1,4,20.7,5,21.1,4,18.8,4,22.4,3,21.0,5
2016-08-17 07:00:00,17.1,2,16.9,2,16.4,2,19.2,1,18.0,1,18.1,7,18.6,5,19.0,5,19.2,1,20.2,1,20.3,1,19.9,1,18.5,1,18.8,2,20.1,6,20.8,4,20.4,2,21.0,1,21.7,2,19.5,3,20.1,5,21.6,2,22.4,2,17.6,3.0,20.6,7,21.8,4,20.2,3,19.3,5,20.9,4,22.5,5,22.5,5,22.7,4,21.6,4,23.5,4,22.5,5
2016-08-17 08:00:00,18.4,1,19.0,1,18.6,2,21.5,1,20.4,1,19.2,6,20.2,5,21.0,6,21.6,1,22.6,1,22.7,1,22.5,1,20.6,1,20.7,2,21.7,7,22.8,3,23.0,2,23.7,2,24.0,2,21.5,2,21.1,5,24.0,2,24.4,2,20.1,3.0,21.7,7,24.1,3,22.7,3,20.4,4,22.5,3,24.2,5,24.8,5,24.8,4,25.0,3,24.6,4,24.4,5
2016-08-17 09:00:00,19.7,1,21.2,1,20.7,1,23.7,2,22.8,1,20.3,6,21.7,5,22.9,6,23.9,1,25.0,1,25.0,1,24.9,1,22.6,2,22.4,2,23.0,7,24.8,3,25.4,2,26.2,2,26.1,2,23.4,2,22.1,4,26.3,2,26.5,1,22.7,3.0,22.7,7,26.4,3,25.3,3,21.6,3,24.1,3,25.6,5,27.1,4,26.7,5,28.3,3,25.5,5,26.1,5
2016-08-17 10:00:00,20.6,1,23.0,1,22.4,1,25.5,2,24.6,1,21.1,5,22.7,5,24.1,6,25.6,1,26.9,1,26.8,1,26.7,1,24.1,2,23.7,2,23.8,7,26.3,3,27.1,1,28.0,1,27.7,2,24.8,2,23.0,4,27.9,2,28.3,1,24.8,3.0,23.6,7,28.3,2,27.4,3,22.6,2,25.5,2,26.4,5,28.9,3,28.1,5,30.7,3,25.8,5,27.3,4
2016-08-17 11:00:00,21.3,2,24.3,1,23.7,1,26.8,3,25.9,1,21.7,4,23.3,5,24.8,6,26.8,1,28.2,1,28.1,1,27.8,2,25.1,2,24.6,1,24.2,6,27.4,4,28.2,1,29.2,1,28.9,2,25.8,2,23.9,4,28.8,2,29.8,1,26.4,4.0,24.3,7,29.7,2,29.1,2,23.5,3,26.7,2,26.7,4,30.3,3,29.1,4,32.2,4,25.7,5,28.0,4
2016-08-17 12:00:00,21.7,2,25.1,1,24.6,2,27.5,4,26.8,1,22.1,3,23.5,5,25.4,6,27.7,1,29.2,1,29.0,1,28.6,2,25.9,3,25.4,1,24.6,6,28.1,5,28.9,2,29.8,2,29.7,2,26.5,2,24.7,4,29.3,3,30.7,1,27.5,4.0,24.9,7,30.8,2,30.5,2,24.2,4,27.7,2,26.8,4,31.2,3,29.6,4,33.1,5,25.5,4,28.3,3
2016-08-17 13:00:00,22.0,2,25.5,1,25.2,2,27.5,5,27.4,1,22.3,4,23.5,5,26.1,6,28.4,2,29.9,2,29.7,2,29.1,2,26.5,3,26.2,2,25.1,6,28.6,6,29.3,3,30.1,3,30.2,2,27.1,3,25.4,4,29.6,4,31.0,2,28.2,4.0,25.5,6,31.6,2,31.6,2,24.9,4,28.6,3,26.8,3,31.6,3,29.8,4,33.4,5,25.4,4,28.3,3
2016-08-17 14:00:00,22.3,2,25.5,1,25.6,2,27.0,5,27.8,2,22.3,5,23.3,5,26.7,6,28.9,3,30.3,2,30.2,3,29.4,2,26.9,4,26.8,2,25.5,6,28.9,6,29.5,4,30.1,4,30.3,2,27.4,4,26.0,4,29.6,4,30.9,2,28.3,4.0,26.0,6,31.9,3,32.2,2,25.4,5,29.3,3,26.8,4,31.6,4,29.6,4,33.1,4,25.3,5,28.1,3
2016-08-17 15:00:00,21.9,2,25.3,1,25.3,2,27.2,2,27.9,2,22.1,6,23.8,3,28.3,3,29.6,2,30.7,2,30.4,2,30.1,2,27.2,3,27.6,3,26.2,6,30.7,5,30.5,2,31.1,2,30.7,4,28.2,4,25.3,5,29.6,4,31.3,3,27.1,4.0,24.8,6,30.9,5,31.6,4,24.7,6,28.1,5,26.3,6,30.3,5,29.3,5,32.1,5,25.5,5,27.7,5
2016-08-17 16:00:00,21.7,1,25.0,1,25.4,2,26.1,3,27.8,2,21.5,7,23.1,4,27.5,3,29.5,2,30.4,2,30.3,2,30.1,2,27.1,3,27.3,3,25.6,6,30.1,5,30.1,2,30.8,2,30.5,4,28.1,4,25.0,5,29.1,4,30.5,3,25.7,4.0,24.5,6,29.9,5,30.1,4,24.5,6,27.9,5,25.7,6,29.4,5,28.2,5,30.8,5,25.2,5,27.3,5
2016-08-17 17:00:00,21.1,1,24.4,1,25.1,2,24.9,3,27.1,2,20.8,7,22.2,6,26.4,4,29.0,2,29.5,2,29.8,2,29.5,2,26.8,3,26.5,3,24.7,6,29.1,5,29.3,2,30.0,2,29.9,3,27.4,3,24.5,5,28.4,3,29.4,3,23.9,3.0,24.0,5,28.6,5,28.1,5,24.0,6,27.3,5,25.1,6,28.2,5,26.8,5,29.2,5,24.7,5,26.8,5
2016-08-17 18:00:00,20.5,2,23.3,1,24.2,2,23.4,4,25.7,2,20.0,6,21.1,6,24.9,4,28.0,2,28.3,2,29.0,2,28.0,2,25.9,3,25.1,3,23.5,5,27.7,5,28.0,3,28.4,2,28.6,3,25.9,3,23.7,5,27.3,3,28.0,3,22.0,3.0,23.2,4,27.0,4,26.0,5,23.0,5,26.5,5,24.6,5,26.9,5,25.6,4,27.5,5,24.3,5,26.1,5
2016-08-17 19:00:00,19.9,2,21.7,1,22.7,1,21.7,3,23.6,1,19.1,7,19.9,7,23.2,5,26.4,2,26.8,2,27.8,2,25.5,2,24.3,3,23.1,2,22.1,6,26.1,5,26.4,3,26.0,2,26.4,2,23.6,2,22.6,5,25.8,3,26.6,3,20.3,2.0,22.0,4,25.3,4,24.2,5,21.8,5,25.6,5,24.4,5,25.4,5,24.7,4,25.8,5,23.9,4,25.4,6
2016-08-17 20:00:00,19.3,3,20.0,2,21.0,1,20.1,3,21.2,2,18.2,7,18.6,7,21.4,5,24.6,2,25.2,2,26.4,2,22.6,2,22.3,2,21.0,2,20.6,6,24.5,5,24.6,4,23.3,2,24.0,2,21.1,2,21.5,5,24.1,3,25.3,3,18.9,2.0,20.8,5,23.8,4,22.6,4,20.6,6,24.8,5,24.4,5,24.0,5,24.0,4,24.3,5,23.6,4,24.7,6
2016-08-17 21:00:00,18.9,4,18.9,2,19.7,1,18.8,3,19.5,2,17.4,7,17.6,7,19.9,5,23.5,2,23.9,2,25.3,2,20.8,2,21.0,1,19.8,2,19.4,6,23.0,5,23.2,4,21.5,3,22.3,2,19.4,2,20.4,5,22.7,3,24.2,3,17.8,2.0,20.2,5,22.5,4,21.2,4,19.7,6,24.0,5,23.9,5,22.8,5,23.2,4,22.8,5,23.3,4,24.3,6
2016-08-17 22:00:00,18.5,4,17.9,3,18.5,2,17.8,4,18.1,2,16.9,6,17.0,6,18.8,5,22.2,3,22.7,3,24.2,3,19.2,3,19.8,1,18.7,2,18.6,6,21.7,5,21.8,4,19.8,3,20.7,3,18.0,1,19.6,5,21.5,3,23.4,3,17.1,3.0,19.6,5,21.4,4,20.0,4,18.9,6,23.3,5,23.3,5,21.9,5,22.5,4,21.5,4,23.0,4,23.9,6
2016-08-17 23:00:00,18.2,4,17.0,3,17.5,2,17.2,4,16.9,3,16.5,6,16.6,6,18.0,5,21.0,3,21.4,3,23.0,3,17.9,3,18.5,1,17.6,1,18.1,6,20.5,5,20.6,5,18.3,4,19.4,3,16.8,1,18.9,5,20.5,4,22.6,4,16.6,3.0,19.0,5,20.5,4,19.0,3,18.4,6,22.5,5,22.7,5,21.1,5,21.9,5,20.2,4,22.8,4,23.6,6
2016-08-18 00:00:00,18.0,4,16.3,4,16.6,3,16.7,5,15.9,4,16.2,6,16.3,6,17.3,5,19.9,4,20.2,4,21.9,4,16.9,4,17.4,2,16.6,2,17.8,6,19.5,5,19.4,5,17.1,4,18.2,4,15.9,2,18.4,5,19.5,4,21.7,4,16.0,3.0,18.6,5,19.8,4,18.2,4,18.0,5,21.7,5,22.1,5,20.5,5,21.4,5,19.1,4,22.6,5,23.2,5
2016-08-18 01:00:00,17.7,5,15.8,4,15.8,4,16.1,5,15.2,4,15.8,6,16.0,6,16.7,5,18.8,4,19.2,4,20.9,4,16.2,5,16.5,3,15.8,3,17.5,6,18.5,5,18.4,5,16.2,5,17.3,5,15.2,3,17.9,5,18.5,5,20.7,4,15.2,4.0,18.2,5,19.3,4,17.6,4,17.6,5,20.8,5,21.4,5,20.1,5,21.0,5,18.2,4,22.4,5,22.9,5
2016-08-18 02:00:00,17.4,5,15.4,5,15.2,5,15.5,5,14.8,5,15.5,6,15.7,6,16.0,5,17.9,5,18.2,5,20.0,5,15.7,5,15.7,4,15.2,5,17.1,6,17.7,6,17.5,6,15.5,5,16.7,5,14.8,4,17.5,6,17.4,5,19.6,5,14.3,4.0,18.0,5,19.1,5,17.3,5,17.2,5,19.9,5,21.0,5,20.0,5,20.7,5,17.6,4,22.4,5,22.5,5
2016-08-18 03:00:00,18.0,5,17.2,6,16.2,5,15.8,7,15.5,5,14.8,4,14.7,5,14.9,4,18.0,6,18.3,6,20.1,6,16.7,7,15.7,4,15.8,3,15.3,4,16.7,5,17.2,6,16.1,6,17.7,5,15.6,3,16.0,6,17.3,6,19.9,6,14.6,4.0,17.2,5,20.3,5,17.7,4,16.5,6,19.0,6,22.1,5,21.3,5,21.7,6,17.4,5,22.1,4,22.9,7
2016-08-18 04:00:00,17.9,5,16.9,6,16.2,5,15.6,7,15.7,6,14.7,4,14.5,5,14.5,4,17.5,6,18.0,6,19.4,6,16.8,7,16.1,4,16.0,3,14.9,5,16.4,5,16.7,6,16.0,6,18.0,6,16.2,3,15.6,6,17.2,7,19.7,7,14.6,4.0,17.1,4,20.6,6,17.8,5,16.3,6,18.5,6,21.8,5,21.6,5,21.9,6,17.4,5,22.3,4,22.5,7
2016-08-18 05:00:00,17.7,6,16.6,7,16.3,5,15.6,7,16.3,6,14.7,4,14.5,5,14.4,5,17.3,6,18.3,6,18.9,6,17.2,7,16.9,5,16.7,4,14.9,5,16.6,5,16.5,6,16.5,6,18.7,7,17.2,3,15.5,6,17.5,7,19.8,7,14.8,5.0,17.3,4,21.2,6,18.4,5,16.5,7,18.4,7,21.9,5,22.2,6,22.5,6,18.1,5,22.7,5,22.4,7
2016-08-18 06:00:00,17.5,7,16.6,7,16.6,5,16.0,7,17.1,7,15.1,4,14.9,4,14.9,5,17.3,6,18.7,6,18.7,6,17.8,7,17.8,5,17.6,5,15.5,5,17.1,5,16.8,6,17.3,6,19.7,7,18.3,3,15.8,5,18.3,7,20.3,7,15.4,6.0,18.0,4,22.1,7,19.5,6,17.1,7,18.8,7,22.6,6,23.1,6,23.3,6,19.7,6,23.2,5,22.9,7
2016-08-18 07:00:00,17.1,7,16.9,7,16.9,5,16.8,6,17.8,7,15.8,5,15.8,4,16.2,5,17.5,6,19.1,6,18.8,6,18.6,7,18.6,6,18.6,6,16.9,5,18.0,5,17.7,6,18.4,6,20.6,7,19.3,4,16.5,6,19.5,6,20.9,7,16.3,6.0,19.2,3,23.3,6,21.0,6,18.2,7,19.8,7,23.9,5,24.3,6,24.4,6,22.1,6,23.8,6,23.9,7
2016-08-18 08:00:00,16.6,7,17.3,7,17.3,5,17.9,6,18.3,7,16.8,6,17.0,4,17.8,5,17.8,6,19.6,7,19.2,7,19.4,7,19.3,7,19.7,6,18.7,5,19.1,5,18.9,6,19.5,7,21.3,7,20.1,5,17.5,6,20.8,5,21.6,7,17.4,6.0,20.6,3,24.7,6,22.6,6,19.5,6,21.0,7,25.5,5,25.6,5,25.5,7,24.8,7,24.5,6,25.2,7
2016-08-18 09:00:00,16.3,7,17.7,7,17.8,5,18.9,6,18.7,7,17.7,6,18.1,5,19.4,5,18.2,7,20.0,7,19.7,7,20.1,7,19.7,7,20.5,7,20.3,5,20.2,5,20.0,6,20.4,6,21.8,7,20.7,6,18.5,6,22.0,4,22.2,7,18.5,7.0,21.9,3,26.0,5,24.1,6,20.7,6,22.3,7,26.9,4,27.0,5,26.6,7,27.3,7,25.0,6,26.5,7
2016-08-18 10:00:00,16.2,7,17.9,7,18.4,5,19.6,5,18.9,7,18.5,6,19.0,5,20.5,5,18.6,7,20.5,7,20.2,6,20.7,7,19.9,7,21.0,6,21.4,5,21.1,5,20.7,6,21.0,6,22.1,7,21.1,6,19.2,6,22.8,4,22.6,7,19.6,7.0,22.8,3,27.1,5,25.3,6,21.5,7,23.4,7,27.7,4,28.3,5,27.5,7,29.0,7,25.3,6,27.4,7
2016-08-18 11:00:00,16.4,6,18.1,7,19.1,6,20.1,5,19.0,7,19.0,5,19.6,6,21.2,5,19.1,7,21.0,6,20.6,6,21.1,7,20.1,7,21.3,6,22.0,4,21.7,6,21.1,7,21.3,5,22.2,6,21.4,6,19.8,5,23.3,4,22.8,7,20.5,7.0,23.4,3,27.9,6,26.2,6,22.0,7,24.2,6,28.0,4,29.5,5,28.2,7,30.0,6,25.5,6,28.0,7
2016-08-18 12:00:00,16.6,6,18.3,7,19.6,7,20.4,4,19.3,7,19.4,5,19.9,6,21.7,5,19.7,6,21.5,6,21.1,6,21.5,7,20.3,7,21.6,6,22.5,4,22.3,6,21.5,7,21.6,5,22.4,6,21.7,7,20.4,4,23.6,4,23.2,6,21.4,7.0,23.8,3,28.5,6,27.0,7,22.6,7,25.0,6,28.2,4,30.2,6,28.7,7,30.4,6,25.6,6,28.4,7
2016-08-18 13:00:00,16.8,6,18.7,7,19.9,7,20.6,4,19.8,7,19.6,4,20.0,6,22.3,5,20.4,6,22.1,6,21.7,6,21.8,7,20.7,7,21.9,6,22.9,4,22.9,6,22.1,6,22.1,5,22.7,6,22.0,7,21.2,4,23.9,5,23.8,6,22.1,7.0,24.2,3,28.9,6,27.7,7,23.4,7,25.8,5,28.5,4,30.4,6,29.0,7,30.4,6,25.6,6,28.6,7
2016-08-18 14:00:00,16.9,6,19.1,6,19.9,7,20.7,5,20.4,7,19.5,4,19.9,6,22.7,5,21.1,6,22.6,6,22.2,6,22.1,7,21.1,7,22.1,7,23.2,4,23.3,5,22.7,6,22.6,5,23.1,7,22.4,7,22.0,4,24.1,5,24.4,6,22.5,7.0,24.6,3,29.1,6,28.2,7,24.2,7,26.4,5,28.8,4,30.3,6,29.1,7,30.1,7,25.5,6,28.7,7
2016-08-18 15:00:00,18.4,4,20.0,4,20.7,5,20.6,7,22.3,7,19.1,5,19.7,6,23.5,4,21.6,7,22.8,7,22.8,7,22.0,7,21.4,7,22.1,7,23.2,4,23.2,5,22.3,4,22.5,5,23.2,6,22.6,7,20.6,4,23.4,5,24.3,7,22.2,7.0,23.2,4,28.7,4,28.8,6,21.9,6,24.2,4,28.3,4,29.4,4,29.6,5,31.0,6,25.8,3,27.3,6
2016-08-18 16:00:00,18.3,3,19.9,4,20.8,5,20.3,7,21.8,7,19.0,5,19.6,6,23.2,4,21.7,7,22.6,7,22.8,7,21.9,7,21.1,7,21.6,7,22.9,4,23.2,5,22.4,4,22.7,4,23.0,6,22.1,7,20.7,4,23.4,4,24.0,7,21.2,7.0,23.1,4,28.4,4,28.2,6,22.0,5,24.1,3,28.1,3,29.0,3,29.2,4,30.5,5,25.7,3,26.9,6
2016-08-18 17:00:00,18.1,3,19.6,3,20.8,5,19.9,6,21.0,6,18.6,4,19.3,5,22.4,4,21.4,6,22.2,7,22.6,7,21.4,7,20.7,7,20.9,7,22.2,4,23.0,4,22.1,4,22.5,4,22.4,6,21.3,7,20.6,3,23.1,4,23.5,7,19.9,6.0,22.7,4,27.7,3,27.1,5,21.7,4,23.7,3,27.6,2,28.2,3,28.6,4,29.8,4,25.6,2,26.4,5
2016-08-18 18:00:00,17.8,2,18.9,3,20.3,5,19.1,6,20.0,6,18.1,5,18.7,5,21.2,4,20.9,6,21.5,6,22.1,6,20.5,7,20.2,7,20.1,7,21.1,4,22.3,4,21.6,4,21.8,3,21.5,6,20.2,7,20.1,2,22.4,3,22.8,7,18.6,6.0,21.8,3,26.7,3,25.8,4,20.8,3,22.9,2,26.9,2,27.1,3,27.8,4,28.9,3,25.4,2,25.7,4
2016-08-18 19:00:00,17.4,2,17.9,2,19.3,4,18.0,6,19.1,6,17.3,5,17.7,5,19.9,4,20.0,6,20.6,6,21.3,6,19.1,6,19.5,7,19.0,7,19.7,4,21.2,3,20.7,4,20.4,3,20.3,6,19.0,7,19.2,2,21.1,3,21.9,7,17.4,6.0,20.4,3,25.3,3,24.4,3,19.4,3,21.9,2,25.9,2,25.7,3,26.8,3,27.7,3,25.2,2,25.0,4
2016-08-18 20:00:00,17.0,2,16.7,2,18.0,3,16.8,6,18.2,6,16.5,5,16.6,5,18.6,5,19.0,6,19.7,6,20.4,6,17.6,6,18.7,7,18.0,7,18.3,4,20.0,2,19.7,4,18.6,2,19.0,6,17.8,7,18.1,1,19.6,2,20.9,6,16.4,6.0,18.8,3,23.9,3,23.1,2,17.7,3,20.7,2,24.8,2,24.3,2,25.7,3,26.3,3,25.0,3,24.3,4
2016-08-18 21:00:00,16.8,2,15.9,2,16.9,3,16.1,6,17.3,6,15.9,5,15.9,5,17.5,5,18.2,6,18.9,6,19.7,6,16.6,6,17.9,7,17.2,7,17.2,5,18.9,3,18.8,5,17.0,2,18.0,5,16.9,7,17.1,1,18.3,2,20.1,6,15.6,6.0,17.5,3,22.8,3,21.9,2,16.4,3,19.7,2,23.8,2,23.2,2,24.7,3,24.9,3,24.6,3,23.7,4
2016-08-18 22:00:00,16.7,3,15.3,3,16.0,3,15.5,6,16.4,5,15.5,5,15.3,5,16.6,5,17.5,6,18.1,6,19.2,6,15.7,6,17.2,6,16.5,7,16.4,5,18.0,3,17.9,4,15.6,3,17.2,4,16.3,7,16.2,2,17.1,3,19.4,6,14.9,5.0,16.4,3,21.9,3,20.9,3,15.5,3,18.8,2,22.8,2,22.2,2,23.8,3,23.3,3,24.2,3,23.1,4
2016-08-18 23:00:00,16.6,3,14.9,3,15.4,3,15.0,6,15.7,4,15.1,6,14.8,5,15.8,5,16.9,5,17.4,5,18.8,5,15.0,6,16.4,6,15.8,7,15.8,5,17.1,3,17.1,4,14.6,3,16.5,4,15.7,7,15.5,2,16.1,3,18.8,5,14.4,5.0,15.7,3,21.2,4,19.9,3,15.1,3,18.0,2,21.9,2,21.3,2,23.0,3,21.8,4,23.7,3,22.6,4
2016-08-19 00:00:00,16.5,4,14.7,4,15.0,4,14.6,6,15.2,4,14.8,6,14.4,5,15.1,5,16.4,5,16.8,5,18.5,5,14.5,6,15.8,6,15.3,6,15.4,5,16.4,4,16.4,4,13.8,4,16.0,3,15.3,6,15.1,3,15.4,4,18.2,5,13.9,5.0,15.3,4,20.5,4,19.1,4,15.0,3,17.5,3,21.1,3,20.6,2,22.2,3,20.3,4,23.2,4,22.2,4
2016-08-19 01:00:00,16.5,5,14.7,4,14.9,4,14.2,6,14.8,4,14.6,6,14.1,5,14.4,5,16.0,5,16.3,5,18.2,5,14.2,5,15.2,5,14.8,6,15.1,6,15.8,4,15.8,4,13.4,4,15.5,3,14.8,6,14.8,3,15.0,4,17.6,5,13.4,5.0,15.1,4,19.9,4,18.2,4,15.0,4,17.2,3,20.5,3,20.2,3,21.3,4,18.9,4,22.7,4,21.8,4
2016-08-19 02:00:00,16.5,5,14.7,5,14.8,5,14.0,6,14.6,4,14.4,6,13.9,5,13.8,5,15.6,5,15.9,5,17.8,5,14.2,5,14.8,5,14.6,6,14.8,6,15.2,5,15.3,4,13.3,4,15.2,4,14.4,6,14.6,4,14.7,4,17.0,5,12.9,5.0,15.0,5,19.3,5,17.5,5,15.1,4,17.0,4,20.1,4,19.9,4,20.6,4,17.7,4,22.3,4,21.6,4
2016-08-19 03:00:00,16.7,5,14.8,6,15.1,5,14.0,6,14.7,5,14.6,7,14.6,6,14.6,5,16.1,6,16.6,6,18.4,6,15.0,5,15.4,5,15.9,6,15.3,5,15.2,5,15.9,5,14.2,5,16.4,5,16.0,7,15.4,4,15.3,4,18.1,4,13.8,5.0,15.5,5,19.5,4,17.7,4,14.6,3,17.7,3,20.7,3,20.3,3,21.1,3,18.0,4,22.1,4,21.2,4
2016-08-19 04:00:00,16.8,5,15.0,7,15.1,5,14.4,6,14.9,4,14.6,7,14.6,6,14.5,5,15.9,6,16.5,6,18.1,6,15.2,6,15.5,6,15.9,6,15.2,5,15.1,5,15.4,6,14.3,5,16.5,5,16.1,7,15.0,4,15.4,4,17.9,4,13.3,5.0,15.3,5,19.3,4,17.2,4,14.3,4,17.1,3,20.4,3,20.3,4,21.0,4,17.5,4,22.1,4,20.9,4
2016-08-19 05:00:00,16.9,5,15.5,7,15.2,5,15.1,6,15.5,4,14.7,7,14.7,6,14.8,6,15.9,6,16.7,6,18.0,6,15.9,6,16.0,6,16.3,6,15.3,5,15.4,5,15.3,5,14.9,5,17.1,5,16.7,7,14.8,4,15.8,5,18.1,4,13.3,5.0,15.6,6,19.6,4,17.2,4,14.5,5,16.9,4,20.6,4,20.7,4,21.3,4,17.8,4,22.3,4,21.0,4
2016-08-19 06:00:00,17.1,5,16.2,7,15.8,5,16.0,6,16.5,4,15.2,7,15.2,6,15.4,6,16.3,6,17.4,6,18.2,6,16.9,6,16.9,6,17.2,6,15.9,6,16.1,6,15.9,5,16.0,4,18.2,4,17.7,6,15.3,4,16.8,5,18.8,4,14.1,5.0,16.6,6,20.6,5,18.0,4,15.6,6,17.6,4,21.4,4,21.7,4,22.2,4,19.1,4,22.8,5,21.7,4
2016-08-19 07:00:00,17.4,5,17.0,6,16.8,5,16.9,6,17.9,5,16.0,6,16.0,7,16.4,7,17.1,6,18.4,6,18.7,6,18.3,6,18.2,5,18.7,6,17.0,6,17.2,5,17.3,5,17.7,4,19.7,4,19.3,5,16.6,3,18.4,5,20.0,3,15.9,4.0,18.5,5,22.3,4,19.8,4,17.9,5,19.3,3,22.9,4,23.4,4,23.6,5,21.7,4,23.6,5,23.1,4
2016-08-19 08:00:00,17.6,6,17.9,6,18.2,6,17.7,7,19.5,6,17.0,6,17.0,7,17.7,7,18.0,7,19.5,6,19.5,6,19.9,6,19.7,4,20.5,5,18.4,7,18.6,5,19.1,5,19.7,5,21.2,4,21.1,4,18.5,3,20.2,4,21.6,2,18.2,4.0,20.8,4,24.3,4,22.3,4,20.8,3,21.6,2,24.8,3,25.4,4,25.4,4,24.9,3,24.4,5,24.8,4
2016-08-19 09:00:00,17.9,6,18.6,6,19.5,6,18.5,7,20.9,7,18.1,5,17.9,7,18.8,7,19.1,7,20.7,7,20.5,7,21.4,6,21.2,4,22.1,5,19.8,7,20.0,5,20.9,5,21.5,5,22.7,4,22.7,3,20.3,2,22.1,4,23.2,2,20.7,3.0,23.1,3,26.3,4,24.7,4,23.5,2,24.0,2,26.4,3,27.4,4,27.2,4,28.0,3,25.2,5,26.4,4
2016-08-19 10:00:00,18.2,6,19.2,7,20.6,6,19.2,7,21.8,7,19.0,5,18.6,6,19.6,7,20.1,7,21.8,7,21.7,7,22.6,6,22.4,5,23.3,4,20.9,7,21.3,5,22.2,4,22.9,4,23.8,4,23.9,3,21.7,3,23.7,3,24.5,2,22.8,3.0,24.9,2,27.8,4,26.6,4,25.4,2,26.0,1,27.4,3,29.0,4,28.7,5,30.3,3,25.7,4,27.6,4
2016-08-19 11:00:00,18.4,6,19.6,7,21.4,6,19.8,7,22.5,7,19.7,5,19.1,6,20.2,7,21.0,7,22.8,7,22.8,7,23.5,6,23.4,5,24.2,4,21.7,7,22.4,6,23.2,4,23.8,4,24.6,4,24.6,4,22.9,3,25.0,3,25.6,3,24.5,4.0,26.1,2,29.0,4,28.1,4,26.6,2,27.5,1,28.0,3,30.2,4,29.9,5,31.7,4,25.9,4,28.4,4
2016-08-19 12:00:00,18.5,6,19.9,7,22.0,6,20.3,7,23.0,6,20.2,5,19.6,5,20.8,7,21.8,7,23.6,7,23.7,7,24.2,6,24.1,6,24.8,4,22.3,7,23.2,6,23.9,4,24.6,4,25.2,4,25.2,5,23.8,4,26.0,3,26.5,4,25.8,4.0,26.9,3,29.9,4,29.2,3,27.4,3,28.9,2,28.2,4,31.0,4,30.6,5,32.4,4,26.0,4,28.8,4
2016-08-19 13:00:00,18.5,6,20.2,7,22.3,6,20.6,7,23.6,6,20.4,4,20.0,5,21.4,7,22.5,7,24.1,7,24.2,7,24.7,6,24.5,6,25.3,5,22.8,7,23.8,7,24.5,4,25.3,4,25.7,5,25.7,5,24.6,4,26.7,3,27.2,4,26.6,4.0,27.4,3,30.7,4,30.1,3,28.0,3,30.1,2,28.3,4,31.5,4,30.9,4,32.5,4,26.0,4,28.9,4
2016-08-19 14:00:00,18.5,6,20.3,6,22.4,7,20.8,6,24.0,6,20.5,4,20.4,5,22.0,7,22.9,7,24.3,7,24.3,7,25.0,6,24.7,6,25.6,6,23.1,7,24.1,7,24.9,5,25.8,5,26.2,6,26.1,6,25.3,4,27.2,4,27.8,5,26.9,3.0,27.6,4,31.1,4,30.6,4,28.4,4,31.1,2,28.1,4,31.5,4,30.7,4,32.1,4,25.9,4,28.9,4
2016-08-19 15:00:00,17.9,7,19.8,7,21.8,6,20.2,6,24.1,6,20.4,5,20.7,6,22.3,7,22.2,6,23.5,6,23.5,6,25.2,6,24.6,6,25.3,6,22.9,7,23.8,7,24.9,5,26.2,5,26.9,6,26.3,5,24.9,4,28.3,4,28.5,3,27.0,4.0,27.5,4,30.8,2,31.0,2,28.3,2,31.3,2,27.5,3,30.9,2,29.9,2,31.9,3,26.0,4,28.5,3
2016-08-19 16:00:00,17.7,7,19.4,7,21.4,6,20.4,6,23.4,6,20.0,4,20.7,6,22.3,6,22.1,6,23.3,6,23.4,6,24.7,7,24.2,6,24.9,7,22.5,6,23.7,7,24.6,5,25.9,4,26.6,6,25.9,5,24.7,4,27.9,4,28.4,3,25.8,4.0,26.6,5,30.1,3,30.2,2,27.7,2,31.1,2,26.8,3,30.0,2,28.9,3,31.0,2,25.8,4,28.1,3
2016-08-19 17:00:00,17.5,7,18.7,7,20.7,6,20.3,6,22.3,5,19.4,4,20.6,5,21.8,5,21.7,6,22.8,6,23.1,5,23.8,6,23.5,6,24.3,6,21.8,6,23.3,7,23.9,5,25.0,4,25.8,5,25.1,5,24.2,4,27.0,3,28.0,4,24.1,3.0,25.3,5,28.9,3,28.7,2,26.6,2,30.3,2,25.9,3,28.7,2,27.6,3,29.8,2,25.4,4,27.6,3
2016-08-19 18:00:00,17.3,6,18.0,6,19.8,6,19.8,5,21.1,5,18.7,3,20.0,5,21.0,4,21.0,5,22.1,5,22.5,5,22.6,6,22.7,6,23.3,6,20.9,5,22.6,7,23.0,5,23.7,4,24.6,5,23.8,5,23.3,4,25.8,3,27.2,4,22.4,3.0,23.8,5,27.4,3,26.9,2,25.1,2,29.2,2,25.1,4,27.2,3,26.3,4,28.4,2,25.1,4,26.9,3
2016-08-19 19:00:00,17.2,6,17.3,6,18.8,6,18.9,5,20.0,5,18.0,3,18.9,4,19.9,4,20.0,5,21.1,5,21.6,5,21.1,6,21.8,6,22.1,6,19.9,5,21.5,6,21.8,5,22.1,5,23.1,5,22.2,5,22.1,4,24.4,3,26.2,4,20.9,3.0,22.3,6,25.7,3,25.0,2,23.3,3,27.7,2,24.4,4,25.6,3,25.2,4,26.7,2,24.8,4,25.9,3
2016-08-19 20:00:00,17.0,6,16.7,6,17.8,7,17.9,5,19.1,5,17.3,3,17.7,3,18.8,4,19.0,5,19.9,4,20.6,4,19.6,5,20.9,6,20.8,6,18.9,5,20.2,6,20.6,5,20.4,5,21.6,5,20.6,5,20.7,4,22.8,3,25.0,3,19.7,3.0,20.9,6,24.0,3,23.1,2,21.6,5,26.1,2,23.9,5,24.0,4,24.4,3,25.0,2,24.5,4,24.9,3
2016-08-19 21:00:00,17.1,6,16.4,6,17.4,6,17.2,5,18.4,5,16.7,3,16.9,3,17.8,3,18.6,5,19.3,5,20.3,4,18.8,5,20.1,6,19.8,6,18.1,5,19.5,6,19.6,5,19.0,5,20.5,5,19.4,5,19.4,4,21.3,3,23.9,3,18.8,3.0,19.7,6,22.6,3,21.5,2,20.1,6,24.5,2,23.2,5,22.7,4,23.6,4,23.5,2,24.2,4,24.1,3
2016-08-19 22:00:00,17.1,6,16.2,6,17.0,6,16.4,5,17.8,5,16.3,3,16.2,3,17.1,3,18.1,5,18.8,5,19.9,4,18.1,5,19.3,6,18.9,6,17.5,5,18.7,5,18.7,5,17.8,5,19.5,5,18.5,5,18.4,4,20.0,3,23.0,3,18.0,3.0,18.8,6,21.7,3,20.3,2,19.2,6,23.1,3,22.6,5,21.8,4,22.9,4,22.1,3,23.9,4,23.4,3
2016-08-19 23:00:00,17.2,6,16.0,6,16.8,6,15.8,5,17.3,5,15.9,3,15.6,4,16.5,3,17.6,5,18.3,5,19.5,4,17.4,5,18.6,5,18.1,6,17.0,5,18.0,5,17.9,5,16.7,5,18.7,5,17.8,5,17.6,4,18.8,3,22.1,3,17.3,4.0,18.3,6,21.0,3,19.4,3,18.6,6,22.0,3,21.9,5,21.2,4,22.2,4,20.9,3,23.5,4,22.9,4
2016-08-20 00:00:00,17.2,6,15.8,6,16.6,6,15.2,5,16.9,5,15.6,3,15.1,4,15.9,3,17.2,5,17.9,5,19.2,4,16.8,4,17.9,5,17.4,6,16.7,6,17.4,5,17.3,5,15.8,5,18.1,6,17.2,5,17.1,4,17.8,4,21.1,4,16.5,4.0,17.8,6,20.4,3,18.7,3,18.1,6,20.9,4,21.3,5,20.7,5,21.6,4,19.7,3,23.1,4,22.4,4
2016-08-20 01:00:00,17.3,6,15.7,5,16.4,6,14.8,5,16.6,5,15.2,4,14.8,4,15.4,4,16.9,5,17.5,5,19.0,4,16.4,4,17.4,5,16.8,6,16.3,6,16.8,5,16.7,5,15.1,5,17.4,6,16.6,6,16.7,5,16.9,4,20.1,4,15.7,4.0,17.4,6,19.7,4,18.0,4,17.5,6,19.9,4,20.7,5,20.2,5,21.0,4,18.6,4,22.7,4,22.0,4
2016-08-20 02:00:00,17.3,6,15.7,5,16.4,6,14.5,5,16.4,5,14.9,4,14.5,5,14.8,4,16.7,5,17.3,5,18.8,4,16.1,4,16.9,5,16.4,6,16.1,6,16.4,6,16.3,5,14.7,5,16.9,6,16.1,6,16.5,5,16.2,4,19.2,5,14.8,5.0,17.2,6,19.0,4,17.3,5,17.0,5,19.0,5,20.3,5,19.8,5,20.6,4,17.7,4,22.4,4,21.8,5
2016-08-20 03:00:00,16.8,6,15.2,6,15.8,6,14.7,4,15.5,6,14.9,4,14.7,2,14.4,2,15.4,4,15.9,3,17.3,3,15.3,7,16.5,7,16.9,6,15.3,3,14.9,4,15.7,4,14.3,6,17.0,7,16.7,6,15.2,6,15.7,7,19.2,6,15.3,5.0,16.5,6,19.2,6,17.3,5,16.2,6,18.7,6,21.7,6,20.9,6,21.2,6,17.7,5,22.5,5,22.2,4
2016-08-20 04:00:00,16.7,5,15.1,5,15.7,6,14.6,3,15.4,6,14.8,4,14.5,2,14.1,2,15.0,4,15.7,4,16.9,4,15.2,6,16.6,7,17.0,7,15.1,3,14.6,3,15.0,4,14.0,6,16.9,7,17.1,6,14.7,6,15.5,7,18.7,7,15.2,6.0,16.5,6,19.4,6,17.4,4,15.9,6,18.0,6,21.6,6,21.1,6,21.3,6,17.6,5,22.7,5,22.0,4
2016-08-20 05:00:00,16.6,5,15.3,5,15.8,6,14.6,3,15.7,6,14.8,5,14.4,3,14.2,2,15.0,5,15.9,5,16.6,4,15.5,6,17.2,7,17.6,7,15.3,4,14.7,3,14.7,3,14.2,6,17.3,7,17.7,7,14.4,6,15.6,6,18.5,7,15.4,6.0,16.8,7,20.0,6,18.0,4,15.9,7,17.5,7,21.8,6,21.6,7,21.7,5,18.3,6,23.1,5,22.2,4
2016-08-20 06:00:00,16.5,4,15.6,4,16.1,6,15.0,3,16.4,6,15.1,5,14.6,3,14.7,2,15.2,5,16.5,5,16.7,5,16.2,6,17.9,7,18.3,7,15.8,5,15.3,3,14.9,3,15.0,6,17.9,7,18.5,7,14.5,5,16.1,6,18.6,7,15.8,7.0,17.5,7,20.9,6,19.0,4,16.3,7,17.6,7,22.3,7,22.2,7,22.4,5,19.9,6,23.6,5,22.7,5
2016-08-20 07:00:00,16.5,4,16.2,4,16.7,5,15.7,2,17.5,6,15.6,5,15.2,3,15.9,2,15.8,5,17.3,5,17.1,5,17.3,6,18.6,6,19.2,7,16.7,5,16.3,3,15.9,2,16.4,5,18.6,7,19.1,7,15.1,6,17.1,6,18.9,7,16.5,7.0,18.5,6,21.9,6,20.3,5,17.1,7,18.3,7,23.2,7,23.1,7,23.3,5,22.5,5,24.2,5,23.6,5
2016-08-20 08:00:00,16.5,4,16.9,4,17.4,4,16.7,2,18.7,6,16.3,5,16.1,4,17.3,3,16.5,5,18.3,5,17.8,5,18.6,6,19.2,6,20.0,7,17.9,5,17.7,3,17.4,3,18.0,5,19.3,7,19.6,7,15.9,6,18.3,5,19.3,7,17.3,7.0,19.7,6,23.0,6,21.7,5,18.1,7,19.3,7,24.3,7,24.0,7,24.3,5,25.4,5,24.8,5,24.7,5
2016-08-20 09:00:00,16.5,4,17.5,4,18.2,3,17.7,3,19.8,6,17.0,4,17.0,5,18.6,4,17.4,4,19.4,5,18.7,5,19.9,6,19.8,5,20.5,7,19.2,4,19.0,4,18.9,3,19.5,4,19.8,7,20.0,7,16.9,6,19.4,5,19.6,7,18.3,7.0,20.7,5,24.0,6,23.0,6,19.1,7,20.3,7,25.2,7,25.1,7,25.4,6,28.0,5,25.3,5,25.7,6
2016-08-20 10:00:00,16.6,4,18.0,4,19.0,3,18.6,3,20.6,6,17.7,5,17.7,5,19.4,5,18.2,4,20.4,5,19.7,5,20.9,5,20.3,5,20.7,6,20.4,4,20.1,4,20.0,4,20.4,4,20.0,6,20.3,7,17.7,6,20.3,5,19.7,7,19.3,7.0,21.3,5,24.9,6,24.0,6,19.9,7,21.1,6,25.8,6,26.1,7,26.4,6,29.6,5,25.6,5,26.4,6
2016-08-20 11:00:00,16.7,4,18.3,4,19.7,3,19.3,4,21.1,5,18.4,5,18.1,6,19.8,6,19.0,4,21.3,5,20.7,5,21.6,4,20.6,5,20.7,5,21.3,4,21.0,5,20.8,6,21.0,4,20.1,5,20.6,7,18.4,6,20.9,4,19.8,7,20.2,7.0,21.7,6,25.6,6,24.9,6,20.5,7,21.7,6,26.2,6,27.0,7,27.1,6,30.4,5,25.7,4,27.0,6
2016-08-20 12:00:00,16.9,5,18.5,4,20.2,3,19.8,5,21.4,5,18.8,5,18.4,6,20.2,7,19.7,5,21.9,5,21.4,5,22.0,3,20.9,5,20.8,5,22.0,4,21.6,6,21.3,6,21.4,4,20.4,5,20.8,7,19.0,5,21.4,4,20.0,7,20.9,7.0,22.0,6,26.1,6,25.7,5,20.9,7,22.2,6,26.5,6,27.7,7,27.7,6,30.7,5,25.8,4,27.3,6
2016-08-20 13:00:00,17.1,5,18.7,4,20.4,4,20.0,5,21.7,5,19.0,5,18.5,6,20.7,6,20.3,5,22.3,5,21.8,5,22.3,3,21.1,5,21.2,5,22.4,5,22.0,6,21.7,6,21.9,4,20.9,5,21.0,7,19.4,5,21.7,4,20.5,7,21.3,7.0,22.4,6,26.4,6,26.6,5,21.3,7,22.8,6,26.8,6,28.1,7,28.0,5,30.7,5,25.8,4,27.5,6
2016-08-20 14:00:00,17.2,5,18.9,4,20.4,5,19.9,5,21.8,5,19.0,5,18.6,6,21.2,6,20.6,5,22.4,5,21.9,5,22.4,3,21.3,5,21.6,6,22.4,5,22.2,5,22.0,6,22.3,5,21.6,6,21.2,6,19.8,5,22.0,4,21.1,6,21.4,7.0,22.8,6,26.5,6,27.4,5,21.5,7,23.4,5,27.1,6,28.1,7,28.0,5,30.4,5,25.8,5,27.6,6
2016-08-20 15:00:00,17.3,6,19.1,6,20.6,5,19.2,5,23.2,3,18.7,4,18.5,5,22.1,4,21.4,5,22.9,5,23.2,5,23.6,5,22.0,7,21.9,7,22.3,4,23.0,6,22.7,5,23.1,4,21.8,6,21.0,6,20.1,4,22.6,5,21.0,6,20.1,7.0,23.1,5,24.5,6,26.4,5,21.4,7,23.2,7,27.0,5,27.0,6,27.5,5,29.4,5,25.3,5,26.7,7
2016-08-20 16:00:00,17.2,6,18.7,6,20.2,5,18.8,5,22.7,3,18.4,4,18.3,5,21.6,4,21.3,4,22.4,5,22.9,5,23.5,5,22.0,6,21.8,7,21.8,4,22.7,6,22.6,5,23.3,4,22.0,6,21.2,6,20.0,4,22.5,4,21.1,5,19.3,6.0,22.9,4,24.1,5,26.0,5,21.2,6,23.1,6,26.6,4,26.2,5,27.1,5,28.9,5,25.1,5,26.0,7
2016-08-20 17:00:00,17.0,6,18.0,6,19.7,6,18.3,6,21.9,3,18.0,3,17.9,5,20.6,4,20.8,4,21.8,4,22.3,4,23.1,4,21.8,6,21.3,6,21.0,3,22.1,5,22.2,6,23.0,4,21.8,6,20.9,5,19.8,4,22.1,4,20.9,5,18.1,6.0,22.4,3,23.5,5,25.1,5,20.8,5,22.7,5,26.0,4,25.2,5,26.4,5,28.2,5,24.8,5,25.3,6
2016-08-20 18:00:00,16.8,6,17.2,6,18.9,6,17.6,5,20.8,3,17.4,2,17.3,5,19.3,4,20.1,4,21.0,4,21.5,4,22.1,4,21.2,6,20.4,6,20.0,3,21.2,4,21.5,6,22.1,4,21.1,6,20.1,5,19.2,3,21.3,3,20.3,5,16.8,6.0,21.5,2,22.8,5,23.9,5,20.0,5,22.0,4,25.2,4,24.1,5,25.6,5,27.2,5,24.6,5,24.6,6
2016-08-20 19:00:00,16.5,5,16.3,5,17.8,5,16.7,5,19.6,3,16.7,2,16.4,4,18.0,4,19.1,3,20.0,3,20.5,3,20.4,3,20.2,5,19.3,5,18.8,2,20.0,3,20.4,5,20.5,4,19.9,6,18.7,6,18.3,3,20.2,3,19.5,5,15.7,6.0,20.1,2,22.0,4,22.7,5,18.9,4,21.1,4,24.3,4,23.1,4,24.7,4,26.0,5,24.4,5,24.0,5
2016-08-20 20:00:00,16.2,5,15.4,4,16.7,5,15.8,4,18.3,4,15.9,2,15.4,3,16.8,3,18.1,3,19.1,3,19.5,3,18.5,2,18.9,5,18.1,5,17.5,2,18.8,3,19.2,4,18.5,4,18.6,5,17.2,6,17.2,2,18.8,2,18.6,4,14.9,6.0,18.6,2,21.1,4,21.5,5,17.8,4,20.1,4,23.3,4,22.3,3,23.8,4,24.7,5,24.2,5,23.5,5
2016-08-20 21:00:00,16.0,5,14.9,4,15.9,5,15.1,4,17.3,4,15.3,2,14.8,3,15.8,3,17.3,3,18.2,3,18.8,3,16.9,2,18.0,5,17.2,5,16.5,2,17.6,3,18.1,4,17.0,4,17.5,5,16.2,6,16.4,2,17.8,2,17.9,4,14.1,6.0,17.4,2,20.5,3,20.5,4,16.8,4,19.3,4,22.4,3,21.6,3,23.0,4,23.6,5,23.9,5,22.9,5
2016-08-20 22:00:00,15.9,5,14.5,4,15.3,5,14.5,4,16.6,4,15.0,3,14.4,3,15.0,3,16.6,3,17.4,3,18.2,2,16.1,2,17.2,5,16.4,5,15.9,2,16.7,3,17.2,4,15.7,4,16.7,4,15.5,6,15.6,3,16.8,3,17.2,3,13.5,5.0,16.5,2,20.0,3,19.7,4,16.0,4,18.6,4,21.5,3,21.0,2,22.3,4,22.6,5,23.6,5,22.3,5
2016-08-20 23:00:00,15.9,5,14.2,4,14.9,5,14.0,4,16.1,5,14.8,3,14.1,3,14.4,4,15.9,3,16.7,3,17.6,2,15.7,2,16.5,5,15.6,5,15.5,2,16.0,4,16.5,4,14.7,4,16.0,4,15.0,6,14.8,3,15.9,3,16.6,3,13.0,5.0,16.0,2,19.4,3,18.8,3,15.4,4,18.0,4,20.7,3,20.4,2,21.5,3,21.5,5,23.4,5,21.7,4
2016-08-21 00:00:00,15.9,6,14.0,5,14.6,6,13.5,5,15.6,5,14.6,3,13.8,4,13.8,4,15.3,3,16.1,4,17.2,3,15.4,3,15.8,5,15.0,6,15.1,2,15.4,4,15.9,5,13.8,4,15.4,4,14.6,6,14.2,3,15.0,4,16.1,3,12.6,5.0,15.6,3,19.0,2,18.1,3,15.0,4,17.4,4,20.0,2,20.0,2,20.9,3,20.3,5,23.1,5,21.1,4
2016-08-21 01:00:00,15.9,6,13.9,5,14.5,6,13.2,5,15.0,5,14.3,4,13.5,4,13.2,4,14.8,3,15.5,4,16.9,3,14.9,4,15.2,5,14.4,6,14.8,4,14.8,5,15.2,5,13.0,4,14.9,4,14.2,6,13.7,4,14.3,4,15.6,4,12.2,5.0,15.2,3,18.7,2,17.5,3,14.7,4,16.8,4,19.5,2,19.7,1,20.3,2,19.1,5,23.0,5,20.6,4
2016-08-21 02:00:00,15.9,6,13.9,5,14.4,6,13.1,5,14.4,5,14.0,4,13.2,5,12.6,4,14.4,4,15.1,4,16.7,4,14.2,5,14.6,5,14.1,6,14.4,5,14.2,5,14.5,5,12.4,5,14.4,4,13.9,6,13.2,4,13.7,5,15.3,4,11.9,5.0,14.8,4,18.5,2,17.1,4,14.5,4,16.2,4,19.1,1,19.5,1,19.9,2,18.0,5,22.8,5,20.1,4
2016-08-21 03:00:00,16.2,6,14.3,6,14.6,5,13.6,5,14.1,5,14.6,4,14.0,4,13.3,3,14.3,5,15.0,5,16.3,5,13.8,3,14.6,4,14.7,3,14.4,2,13.8,3,13.8,3,12.7,2,14.5,4,14.4,3,13.2,4,13.3,4,15.4,4,12.5,5.0,15.1,2,17.0,1,16.4,2,13.4,2,15.7,2,18.8,2,18.5,1,19.9,3,17.8,2,22.0,3,20.0,4
2016-08-21 04:00:00,16.2,6,14.3,6,14.6,5,13.6,5,14.1,6,14.5,4,13.9,4,13.0,3,13.9,5,14.8,5,15.9,5,13.7,4,14.5,5,14.6,3,14.1,2,13.5,3,13.3,3,12.5,2,14.4,3,14.5,4,12.7,4,13.2,4,15.1,3,12.1,5.0,15.1,2,16.8,2,15.9,1,13.0,2,15.2,2,18.6,2,18.4,1,19.5,2,17.3,2,21.9,3,19.6,4
2016-08-21 05:00:00,16.1,6,14.4,6,14.6,5,13.9,4,14.5,6,14.6,4,14.0,4,13.1,3,13.7,6,15.0,6,15.7,6,14.0,5,14.7,5,14.9,4,14.1,2,13.5,3,13.2,4,12.6,2,14.7,3,15.0,4,12.5,4,13.4,5,15.0,2,12.1,5.0,15.3,3,17.1,2,15.9,1,13.0,2,15.0,2,18.7,2,18.6,2,19.4,2,17.4,1,22.0,3,19.6,4
2016-08-21 06:00:00,16.1,6,14.8,6,14.9,5,14.4,4,15.1,7,15.0,4,14.5,4,13.7,3,13.9,6,15.5,6,15.7,6,14.6,6,15.3,6,15.5,4,14.7,3,14.0,3,13.7,4,13.4,2,15.4,3,15.8,5,12.7,4,14.1,4,15.5,2,12.6,5.0,16.0,4,17.9,2,16.5,1,13.7,2,15.5,2,19.3,2,19.3,2,19.8,2,18.6,2,22.5,3,20.1,3
2016-08-21 07:00:00,16.1,6,15.5,6,15.4,5,15.3,5,15.9,7,15.8,4,15.4,4,15.1,4,14.5,6,16.2,7,16.0,7,15.7,6,16.2,6,16.5,4,16.0,3,15.1,3,14.8,5,14.9,3,16.4,3,17.0,5,13.6,4,15.4,3,16.5,2,13.9,5.0,17.3,4,19.2,2,17.9,1,15.2,2,16.6,2,20.5,2,20.5,1,20.9,1,21.0,2,23.4,4,21.3,3
2016-08-21 08:00:00,16.2,6,16.4,6,16.0,6,16.4,5,16.8,7,16.8,4,16.7,4,16.9,5,15.3,6,17.1,6,16.6,6,16.9,6,17.2,6,17.7,4,17.8,3,16.6,3,16.3,6,16.7,4,17.6,4,18.3,4,15.0,4,17.0,3,17.8,2,15.6,4.0,18.8,4,20.8,2,19.9,1,17.2,2,18.2,2,22.0,2,22.1,1,22.4,1,24.1,1,24.4,4,22.9,2
2016-08-21 09:00:00,16.3,6,17.1,6,16.6,6,17.5,6,17.6,7,17.8,4,17.8,5,18.5,5,16.3,6,18.0,6,17.5,6,18.1,6,18.1,5,18.8,3,19.5,3,18.1,4,17.8,6,18.4,5,18.8,4,19.5,4,16.4,4,18.6,2,19.1,2,17.3,4.0,20.3,4,22.3,2,21.9,1,19.0,3,19.7,2,23.7,2,23.7,2,24.0,1,27.0,1,25.3,4,24.5,2
2016-08-21 10:00:00,16.4,6,17.5,6,17.2,6,18.4,6,18.2,7,18.7,4,18.6,5,19.6,6,17.2,6,18.9,6,18.5,6,19.0,6,18.8,5,19.5,4,20.8,4,19.5,4,18.9,7,19.5,5,19.8,5,20.4,3,17.5,3,19.8,3,20.0,2,18.8,4.0,21.4,4,23.4,2,23.7,1,20.3,4,20.9,2,25.3,2,25.1,2,25.3,1,29.2,1,25.9,4,25.8,2
2016-08-21 11:00:00,16.6,6,17.8,6,17.7,7,19.2,6,18.7,7,19.3,4,19.2,6,20.4,6,18.1,6,19.7,6,19.5,6,19.6,6,19.3,5,20.0,4,21.8,4,20.6,5,19.7,7,20.2,5,20.5,6,21.0,2,18.4,3,20.8,3,20.7,3,19.9,3.0,22.2,3,24.2,2,25.1,1,21.0,5,21.9,2,26.6,2,26.3,3,26.3,1,30.7,1,26.1,4,26.8,3
2016-08-21 12:00:00,16.8,6,18.0,6,18.1,7,19.7,6,19.1,7,19.8,4,19.4,6,21.0,6,18.8,6,20.4,6,20.4,7,20.0,7,19.7,6,20.4,5,22.4,4,21.4,6,20.4,7,20.7,5,21.1,6,21.4,2,19.1,3,21.4,4,21.3,3,20.7,4.0,22.7,3,24.8,3,26.1,1,21.5,6,22.7,2,27.5,2,27.1,3,27.0,1,31.5,1,26.2,3,27.3,3
2016-08-21 13:00:00,17.0,6,18.3,6,18.4,7,20.0,6,19.5,7,20.0,4,19.4,6,21.6,6,19.4,6,20.9,7,21.0,7,20.3,7,19.9,6,20.7,6,22.7,4,21.9,6,21.1,7,21.2,6,21.5,6,21.6,3,19.7,3,21.8,4,21.9,3,21.1,4.0,23.0,4,25.3,3,26.7,1,21.8,6,23.5,3,27.9,2,27.6,3,27.5,1,31.8,1,26.1,3,27.4,3
2016-08-21 14:00:00,17.2,5,18.6,6,18.7,7,20.1,5,19.9,7,20.1,5,19.3,6,22.1,5,19.9,6,21.2,7,21.3,7,20.6,7,20.0,7,21.0,6,22.8,4,22.2,6,21.7,6,21.7,6,21.7,6,21.7,4,20.1,2,22.1,4,22.3,4,21.0,4.0,23.1,4,25.7,2,26.9,1,22.0,5,24.2,3,28.0,1,27.7,2,27.7,1,31.5,1,26.0,3,27.3,3
2016-08-21 15:00:00,17.7,5,19.1,6,19.4,7,19.7,6,20.5,7,19.8,4,19.3,4,22.4,4,20.0,6,21.7,7,21.5,7,21.6,6,19.9,7,20.9,6,22.5,4,22.7,5,21.8,4,22.3,4,22.1,5,21.5,4,20.4,4,22.1,4,22.3,4,20.2,4.0,23.2,3,25.1,2,26.8,1,21.8,5,23.9,3,27.3,1,27.4,1,27.0,1,31.4,1,25.6,2,26.6,2
2016-08-21 16:00:00,17.7,5,19.0,6,19.4,6,19.5,6,20.4,6,19.5,5,19.1,3,22.1,3,20.2,6,21.7,6,21.7,6,21.8,5,19.8,6,20.5,5,22.2,3,22.8,5,22.1,4,22.5,4,22.0,5,21.0,4,20.5,4,22.1,3,22.0,3,19.3,4.0,23.1,2,24.6,1,25.9,1,21.5,5,23.8,2,26.9,1,26.7,1,26.5,1,30.1,1,25.3,2,26.3,2
2016-08-21 17:00:00,17.5,5,18.5,5,19.2,6,19.1,5,20.0,5,19.0,5,18.8,3,21.3,3,20.3,5,21.4,5,21.6,5,21.5,4,19.6,6,19.8,4,21.6,2,22.5,4,22.0,3,22.2,3,21.5,4,20.1,3,20.3,4,21.7,3,21.4,3,18.0,3.0,22.7,2,23.9,1,24.5,1,20.9,4,23.4,2,26.2,1,25.7,1,25.7,1,28.5,1,24.9,2,25.8,2
2016-08-21 18:00:00,17.3,5,17.8,5,18.8,5,18.4,4,19.3,5,18.3,6,18.3,3,20.3,2,19.9,4,20.8,4,21.2,4,20.6,3,19.0,6,18.8,4,20.6,2,21.8,4,21.5,3,21.3,2,20.6,4,18.9,3,19.7,4,21.0,2,20.5,3,16.7,3.0,21.9,2,22.9,1,23.0,1,20.0,4,22.6,2,25.4,1,24.5,1,24.8,1,26.7,1,24.5,2,25.1,2
2016-08-21 19:00:00,17.0,4,16.8,4,18.0,5,17.4,4,18.3,5,17.5,6,17.5,3,19.1,2,19.0,3,19.8,4,20.4,4,18.9,4,18.1,6,17.6,4,19.3,2,20.5,3,20.4,2,19.8,2,19.1,3,17.4,3,18.7,3,19.8,2,19.5,3,15.5,3.0,20.5,2,21.8,1,21.5,1,18.8,3,21.5,2,24.3,1,23.3,1,23.9,1,25.1,1,24.2,2,24.3,1
2016-08-21 20:00:00,16.8,4,15.8,4,17.0,5,16.4,5,17.2,5,16.8,6,16.7,4,17.8,3,17.8,3,18.7,3,19.3,3,16.8,4,17.0,6,16.4,4,17.9,2,19.0,2,19.0,2,17.9,2,17.3,3,15.8,3,17.4,2,18.4,2,18.4,2,14.4,3.0,18.8,2,20.8,1,20.1,1,17.5,3,20.2,2,23.2,1,22.1,1,22.9,1,23.7,1,24.0,2,23.5,2
2016-08-21 21:00:00,16.6,4,15.1,5,16.2,5,15.5,5,16.3,5,16.3,6,16.1,4,16.8,4,16.9,3,17.7,3,18.6,3,15.3,4,16.2,5,15.5,4,16.7,2,17.5,2,17.6,2,16.2,2,16.0,2,14.7,3,16.3,2,17.0,2,17.5,2,13.5,3.0,17.3,2,19.9,1,18.9,1,16.3,3,19.0,2,22.1,1,21.1,1,22.1,1,22.4,1,23.5,2,22.7,1
2016-08-21 22:00:00,16.6,4,14.9,5,15.8,5,15.0,5,15.7,5,16.1,6,15.7,4,16.1,4,16.1,3,16.9,4,18.0,3,14.3,5,15.5,5,14.7,4,16.0,2,16.4,2,16.5,2,15.0,2,15.0,2,13.9,3,15.5,2,15.9,2,16.8,2,12.8,3.0,16.3,2,19.1,1,17.9,1,15.3,3,18.1,2,21.1,1,20.3,1,21.3,1,21.2,2,23.1,3,22.1,1
2016-08-21 23:00:00,16.6,4,14.9,5,15.6,5,14.7,5,15.3,5,16.0,6,15.3,4,15.7,4,15.6,3,16.3,4,17.6,3,13.9,5,14.8,5,14.0,5,15.6,3,15.6,2,15.6,2,14.1,2,14.3,2,13.3,4,14.8,2,15.1,2,16.2,2,12.2,3.0,15.7,2,18.5,1,17.0,1,14.6,2,17.3,1,20.3,1,19.7,1,20.6,1,20.0,2,22.6,3,21.5,1
2016-08-22 00:00:00,16.7,5,15.0,5,15.4,5,14.5,5,15.0,5,15.9,6,15.1,5,15.3,4,15.2,3,15.8,4,17.3,4,13.7,5,14.3,5,13.5,5,15.4,4,15.1,2,15.0,2,13.5,2,13.8,2,12.9,4,14.4,2,14.4,2,15.7,1,11.7,3.0,15.3,2,17.9,1,16.3,1,14.3,2,16.7,1,19.5,1,19.3,1,20.0,1,18.7,3,22.2,3,21.1,1
2016-08-22 01:00:00,16.7,5,15.0,6,15.3,6,14.4,6,14.6,4,15.7,5,14.9,5,14.7,5,14.9,4,15.5,4,17.1,4,13.5,5,13.9,5,13.1,5,15.1,4,14.7,3,14.5,2,12.9,2,13.4,2,12.6,4,14.0,2,13.8,2,15.3,1,11.4,4.0,14.9,2,17.6,1,15.8,1,14.2,2,16.1,1,18.9,1,19.1,1,19.5,1,17.4,3,21.8,4,20.7,1
2016-08-22 02:00:00,16.6,5,14.8,6,15.1,6,14.2,6,14.3,4,15.5,5,14.7,5,14.1,5,14.7,4,15.2,5,16.8,5,13.4,6,13.5,5,12.9,5,14.7,5,14.4,3,14.1,2,12.4,2,13.2,2,12.4,5,13.6,2,13.2,2,14.9,1,11.0,4.0,14.5,2,17.4,1,15.5,2,14.1,2,15.5,1,18.6,1,19.0,1,19.1,1,16.2,4,21.5,4,20.3,1
2016-08-22 03:00:00,16.2,6,14.4,7,14.5,5,13.9,6,12.9,2,15.1,6,14.4,5,13.3,4,13.6,4,13.6,4,15.6,4,11.6,2,12.9,2,13.0,3,13.4,3,13.4,2,12.4,2,10.8,2,11.9,1,12.5,5,12.9,1,11.7,2,13.0,1,9.8,3.0,13.6,1,16.8,1,14.9,1,12.5,2,14.4,1,18.4,1,18.2,1,18.5,1,16.2,1,21.0,1,19.5,1
2016-08-22 04:00:00,16.1,6,14.5,7,14.5,5,13.9,7,12.9,3,15.1,6,14.4,4,13.0,3,13.3,5,13.5,5,15.2,5,11.6,3,12.6,2,13.0,3,13.0,3,13.1,2,11.8,2,10.5,2,11.9,1,12.5,5,12.4,1,11.7,2,12.8,1,9.4,2.0,13.3,2,16.8,1,14.8,1,12.0,2,13.9,1,18.1,1,18.2,1,18.3,1,15.8,1,20.8,1,19.1,1
2016-08-22 05:00:00,16.1,6,14.8,6,14.8,5,14.2,7,13.3,3,15.2,7,14.6,4,13.0,3,13.3,5,13.8,5,15.0,5,12.1,3,12.8,3,13.3,3,13.1,3,13.2,2,11.6,2,10.8,2,12.4,1,12.9,5,12.1,1,12.0,2,12.9,2,9.5,2.0,13.4,2,17.1,1,15.2,1,12.0,3,13.8,1,18.1,1,18.5,1,18.4,1,16.2,1,20.8,1,18.9,1
2016-08-22 06:00:00,16.3,7,15.4,6,15.4,6,14.9,6,14.2,4,15.7,6,15.3,4,13.8,3,13.8,6,14.7,6,15.4,6,13.1,4,13.4,3,14.1,4,13.9,3,14.0,2,12.3,2,11.9,2,13.3,2,13.9,5,12.6,2,13.0,3,13.6,2,10.4,2.0,14.3,2,18.0,1,16.0,1,12.9,3,14.5,2,18.8,1,19.4,1,19.1,1,17.6,1,21.3,1,19.5,1
2016-08-22 07:00:00,16.7,7,16.4,6,16.4,6,16.3,6,15.5,4,16.6,6,16.6,4,15.6,2,15.0,6,16.1,6,16.4,6,14.7,4,14.7,3,15.5,4,15.7,3,15.7,2,14.1,2,14.0,2,14.8,2,15.6,5,14.0,2,14.7,2,15.0,2,12.2,2.0,16.2,2,19.5,1,17.4,1,15.1,3,16.0,2,20.5,1,21.0,1,20.5,1,20.2,1,22.3,1,21.0,1
2016-08-22 08:00:00,17.2,7,17.7,6,17.6,6,18.1,5,17.1,5,17.8,4,18.2,4,17.9,2,16.7,6,17.9,6,17.9,6,16.6,4,16.3,3,17.2,5,18.0,3,17.8,2,16.6,2,16.6,2,16.6,2,17.6,4,16.0,1,16.7,2,16.8,1,14.5,2.0,18.7,1,21.3,1,19.3,1,17.9,2,18.1,1,22.8,1,22.9,1,22.4,1,23.5,1,23.7,1,23.1,1
2016-08-22 09:00:00,17.7,7,18.9,7,18.7,6,19.8,5,18.5,5,19.0,3,19.7,4,20.1,3,18.4,6,19.7,6,19.5,6,18.4,4,18.0,3,18.9,5,20.3,3,20.0,2,19.0,2,19.1,2,18.4,3,19.5,3,18.1,1,18.7,2,18.6,1,17.0,2.0,21.2,1,23.2,1,21.4,1,20.5,1,20.3,1,25.1,1,24.9,1,24.4,1,26.6,1,25.0,1,25.2,1
2016-08-22 10:00:00,18.1,7,19.9,7,19.6,7,21.2,4,19.5,6,20.0,3,20.8,4,21.8,3,19.9,6,21.3,6,21.0,6,19.9,4,19.4,4,20.3,5,22.2,4,21.8,2,20.8,2,20.9,2,20.1,3,20.9,3,19.8,1,20.4,2,20.2,2,19.2,2.0,23.2,1,24.8,1,23.6,1,22.3,1,22.2,1,26.9,1,26.6,1,26.1,1,28.9,1,26.0,1,26.9,1
2016-08-22 11:00:00,18.3,7,20.6,6,20.2,7,22.2,4,20.3,6,20.8,3,21.5,3,23.0,4,21.2,6,22.6,6,22.4,6,21.2,5,20.6,6,21.4,6,23.5,4,23.1,2,22.0,2,22.1,2,21.4,3,21.8,3,21.1,1,21.7,2,21.5,2,21.0,3.0,24.7,1,26.0,1,25.6,1,23.4,1,23.8,1,28.1,1,28.0,1,27.5,1,30.3,1,26.7,1,28.2,1
2016-08-22 12:00:00,18.5,7,21.2,6,20.7,7,22.8,4,21.0,7,21.3,3,21.9,3,23.9,5,22.2,6,23.6,6,23.4,6,22.1,5,21.3,7,22.2,6,24.5,4,24.2,2,23.0,2,23.0,2,22.4,3,22.4,3,22.3,2,22.7,2,22.5,2,22.2,3.0,25.8,1,26.9,1,27.1,1,24.3,1,25.2,1,28.9,1,29.0,1,28.5,1,31.1,1,27.1,1,29.1,1
2016-08-22 13:00:00,18.7,7,21.6,6,21.1,7,23.2,4,21.8,7,21.6,3,22.1,3,24.6,5,23.0,6,24.3,6,24.1,6,22.8,6,21.6,7,22.7,6,25.1,3,25.0,3,23.9,2,23.8,2,23.0,4,22.7,3,23.4,2,23.5,2,23.3,2,22.8,3.0,26.5,1,27.4,1,28.0,1,25.1,1,26.3,1,29.3,1,29.6,1,29.2,1,31.3,1,27.2,1,29.6,1
2016-08-22 14:00:00,18.8,7,21.9,6,21.4,6,23.3,3,22.6,7,21.8,2,22.0,2,25.2,4,23.5,6,24.7,6,24.5,6,23.4,6,21.7,7,22.8,6,25.5,3,25.7,3,24.6,2,24.6,2,23.3,4,22.8,3,24.4,2,24.1,2,23.8,2,22.9,2.0,27.0,1,27.6,1,28.3,1,25.8,1,27.1,1,29.4,1,29.9,1,29.4,1,31.1,1,27.2,1,29.7,1
2016-08-22 15:00:00,18.4,7,21.0,5,21.1,7,22.8,2,22.3,7,22.3,2,22.1,2,25.8,2,23.1,4,24.5,5,24.0,5,22.7,6,21.4,6,22.2,4,25.9,2,26.3,3,24.7,4,24.4,4,23.4,3,22.5,4,24.4,2,24.2,2,24.1,2,22.0,2.0,28.0,1,27.5,1,28.2,1,27.0,1,28.7,1,29.2,1,30.1,1,29.1,1,30.2,1,26.7,1,29.9,1
2016-08-22 16:00:00,18.2,6,20.9,5,21.2,7,22.7,2,22.2,6,22.2,2,21.9,2,26.1,2,23.5,3,24.7,4,24.4,4,23.1,5,21.3,6,21.8,3,26.1,2,26.7,3,25.0,3,24.7,3,23.4,3,22.3,4,24.4,2,24.3,2,23.9,2,20.9,2.0,28.4,1,27.2,1,27.8,1,27.1,1,28.8,1,29.1,1,29.6,1,28.6,1,29.3,1,26.3,2,29.8,1
2016-08-22 17:00:00,17.9,6,20.5,4,21.0,6,22.4,2,21.7,6,21.9,2,21.5,2,26.0,2,23.6,3,24.6,3,24.5,3,23.1,4,21.0,6,21.1,3,26.0,2,26.7,2,24.9,2,24.4,3,23.2,2,21.7,3,24.0,2,24.1,2,23.3,2,19.5,2.0,28.4,1,26.6,1,27.0,1,26.7,1,28.3,1,28.8,1,28.8,1,27.8,1,28.0,1,25.8,2,29.4,1
2016-08-22 18:00:00,17.5,6,19.6,4,20.5,6,21.5,2,20.8,5,21.1,2,20.7,2,25.2,3,23.2,2,24.0,2,24.2,2,22.3,3,20.3,5,20.1,2,25.2,2,25.9,2,24.3,2,23.3,2,22.4,2,20.5,2,23.3,1,23.3,1,22.4,2,18.1,2.0,27.7,1,25.7,1,25.7,1,25.5,1,27.4,1,28.2,1,27.6,1,26.8,1,26.5,1,25.2,2,28.7,1
2016-08-22 19:00:00,17.1,6,18.3,5,19.5,6,20.0,2,19.5,5,19.8,2,19.5,2,23.6,2,22.0,2,22.8,1,23.3,1,20.4,3,19.2,4,18.8,2,23.6,2,24.3,2,23.1,1,21.2,1,20.8,1,18.7,2,22.3,1,21.9,1,21.3,2,16.8,1.0,26.1,1,24.6,1,24.0,1,23.6,1,26.1,1,27.1,1,26.2,1,25.6,1,24.9,1,24.7,1,27.5,1
2016-08-22 20:00:00,16.9,6,17.0,5,18.3,6,18.3,2,18.1,5,18.3,2,18.0,2,21.6,2,20.4,1,21.2,1,22.0,1,18.0,2,18.0,3,17.4,2,21.7,2,22.3,1,21.5,1,18.7,1,18.9,1,16.7,2,21.2,1,20.2,1,20.1,1,15.7,1.0,24.1,1,23.3,1,22.2,1,21.3,1,24.6,1,25.6,1,24.7,1,24.3,1,23.2,1,24.1,1,26.1,1
2016-08-22 21:00:00,16.7,6,15.8,6,17.2,6,16.7,2,16.8,4,17.2,2,16.9,2,19.7,2,18.9,1,19.7,1,20.8,1,16.0,2,16.8,3,16.2,2,20.1,2,20.6,1,20.0,1,16.5,1,17.2,1,15.1,2,20.2,1,18.6,1,19.0,1,14.8,1.0,22.5,1,22.2,1,20.6,1,19.6,1,23.2,1,24.3,1,23.5,1,23.1,1,21.8,1,23.7,1,25.1,1
2016-08-22 22:00:00,16.6,7,15.1,6,16.5,6,15.6,2,15.9,4,16.4,2,16.1,3,18.2,2,17.8,1,18.5,1,19.9,1,15.0,2,15.9,3,15.3,2,19.3,2,19.3,2,18.8,1,15.1,1,16.3,1,14.1,2,19.5,1,17.3,1,18.2,1,14.0,1.0,21.1,1,21.3,1,19.3,1,18.4,1,21.8,1,23.1,1,22.4,1,22.1,1,20.5,1,23.2,1,24.0,1
2016-08-22 23:00:00,16.6,7,14.8,7,16.0,6,15.0,2,15.2,3,15.8,2,15.6,3,17.1,2,17.1,1,17.7,1,19.2,1,14.6,1,15.2,3,14.5,2,18.9,1,18.4,2,17.7,1,14.3,1,15.9,1,13.5,2,18.9,1,16.3,1,17.6,1,13.3,1.0,20.2,1,20.5,1,18.1,1,17.6,1,20.5,1,21.9,1,21.4,1,21.1,1,19.3,1,22.8,1,23.0,1
2016-08-23 00:00:00,16.6,6,14.7,6,15.7,6,14.6,2,14.8,3,15.5,2,15.4,3,16.4,2,16.6,2,17.0,1,18.7,1,14.6,1,14.8,2,14.1,3,18.6,1,17.7,2,16.9,1,13.9,1,15.5,1,13.2,2,18.3,1,15.6,1,17.1,1,12.7,1.0,19.4,1,19.8,1,17.2,1,17.1,1,19.4,1,21.0,1,20.6,1,20.3,1,18.2,1,22.4,1,22.1,1
2016-08-23 01:00:00,16.5,5,14.6,5,15.4,5,14.3,2,14.4,2,15.3,2,15.1,3,15.8,2,16.1,2,16.4,1,18.2,2,14.4,2,14.4,2,13.8,4,18.0,1,17.0,2,16.1,1,13.5,1,14.9,1,13.1,2,17.6,1,15.0,1,16.6,2,12.2,1.0,18.6,1,19.0,1,16.4,1,16.6,1,18.4,1,20.1,1,19.8,1,19.7,1,17.2,1,21.9,1,21.2,1
2016-08-23 02:00:00,16.4,3,14.5,3,15.1,4,14.1,2,14.1,2,15.1,2,14.8,2,15.4,2,15.7,2,16.0,2,17.7,2,14.1,2,14.2,2,13.7,5,17.2,1,16.3,2,15.3,1,13.1,1,14.2,1,13.0,2,16.9,1,14.5,1,16.2,2,11.7,1.0,17.8,1,18.1,1,15.8,1,16.0,1,17.5,1,19.4,1,19.1,1,19.2,1,16.3,1,21.4,1,20.5,1
2016-08-23 03:00:00,16.5,1,14.0,1,14.7,1,14.5,1,14.2,1,16.5,2,16.5,2,15.6,1,16.0,2,16.3,2,18.4,2,14.2,1,13.4,1,13.5,2,17.2,1,16.7,1,15.4,1,13.1,1,14.4,1,13.2,1,17.8,1,14.1,1,15.6,1,11.6,1.0,17.8,1,18.0,1,15.9,1,16.3,1,18.0,1,19.9,1,19.6,1,20.1,1,16.5,1,22.1,1,20.8,1
2016-08-23 04:00:00,16.4,1,14.0,1,14.5,1,14.5,1,14.0,1,16.6,2,16.4,2,15.2,2,15.5,2,15.9,2,17.8,2,14.0,1,13.5,1,13.6,2,16.6,1,16.2,1,14.7,1,12.8,1,14.4,1,13.3,2,17.3,1,14.1,1,15.3,1,11.4,1.0,17.3,1,17.6,1,15.8,1,15.7,1,17.5,1,19.7,1,19.4,1,20.0,1,16.4,1,21.9,1,20.5,1
2016-08-23 05:00:00,16.6,1,14.4,1,14.7,1,15.0,2,14.2,1,16.8,2,16.5,2,15.4,2,15.5,2,16.0,2,17.4,2,14.4,1,14.0,1,14.2,2,16.6,1,16.2,1,14.6,1,13.1,1,15.0,1,13.9,2,17.1,1,14.5,2,15.4,2,11.7,1.0,17.2,1,17.7,1,16.1,1,15.7,1,17.5,1,19.8,1,19.6,1,20.2,1,17.1,1,21.8,2,20.5,1
2016-08-23 06:00:00,17.2,1,15.4,1,15.6,1,16.2,2,15.4,1,17.5,2,17.4,2,16.5,2,16.3,1,17.0,2,17.9,2,15.6,1,15.1,1,15.4,2,17.6,2,17.1,1,15.5,1,14.6,1,16.3,1,15.2,2,17.7,1,15.8,2,16.2,2,12.8,1.0,18.2,1,18.6,1,17.1,1,16.8,1,18.2,1,20.5,1,20.5,1,21.1,1,18.7,1,22.3,2,21.2,1
2016-08-23 07:00:00,18.5,1,17.3,1,17.5,1,18.4,1,17.7,1,18.9,2,19.2,2,18.9,2,18.2,1,19.0,2,19.5,2,17.8,1,17.0,1,17.2,2,19.7,2,19.3,1,17.8,1,17.5,1,18.3,1,17.3,2,19.3,1,18.0,2,17.7,2,15.0,1.0,20.5,1,20.4,1,18.8,1,19.3,1,20.0,1,22.1,1,22.2,1,22.8,1,21.4,1,23.4,2,22.6,1
2016-08-23 08:00:00,20.2,1,19.7,1,19.9,1,21.2,1,20.5,1,20.7,1,21.6,2,21.9,2,20.6,1,21.6,1,21.7,1,20.6,1,19.3,1,19.3,2,22.5,1,22.2,1,21.0,1,21.1,1,20.6,1,19.8,2,21.6,1,20.8,1,19.7,1,17.9,1.0,23.5,1,22.7,1,21.0,1,22.5,1,22.5,1,24.0,1,24.3,1,24.9,1,24.6,1,24.7,2,24.5,1
2016-08-23 09:00:00,21.7,1,22.1,2,22.3,1,24.0,1,23.2,1,22.3,1,23.9,2,24.8,1,23.1,1,24.2,1,24.1,1,23.3,1,21.5,1,21.3,2,25.2,1,25.1,1,24.0,1,24.4,1,22.9,1,22.2,2,23.9,1,23.6,1,21.8,1,21.0,1.0,26.5,1,24.9,1,23.4,1,25.5,1,25.1,1,25.8,1,26.4,1,27.0,1,27.5,1,25.9,1,26.2,1
2016-08-23 10:00:00,22.7,2,24.2,2,24.2,1,26.2,1,25.1,1,23.5,1,25.6,2,27.0,1,25.1,1,26.3,1,26.2,1,25.5,1,23.4,1,22.9,2,27.3,1,27.3,1,26.2,1,26.7,1,24.9,2,24.0,2,25.8,1,26.0,1,23.6,1,23.8,1.0,28.8,1,26.7,1,25.6,1,27.5,1,27.4,1,26.9,1,28.1,1,28.6,1,29.6,1,26.6,1,27.4,1
2016-08-23 11:00:00,23.2,2,25.9,2,25.6,1,27.8,1,26.5,1,24.2,1,26.6,2,28.6,1,26.5,1,27.8,1,27.9,1,27.1,1,24.8,1,24.2,2,28.7,2,28.8,1,27.8,1,28.1,1,26.4,2,25.3,1,27.4,1,28.0,1,25.1,1,26.1,2.0,30.5,1,28.1,1,27.5,1,28.7,1,29.2,1,27.5,1,29.4,1,29.7,1,30.9,1,26.9,1,28.0,1
2016-08-23 12:00:00,23.6,3,27.0,2,26.6,2,28.8,2,27.4,1,24.7,1,27.1,2,29.6,1,27.6,1,28.9,1,29.1,1,28.2,1,25.9,1,25.3,2,29.8,2,30.0,1,29.0,1,29.1,1,27.5,2,26.2,1,28.7,1,29.5,1,26.4,1,27.7,2.0,31.5,1,29.3,1,29.0,1,29.5,1,30.7,1,27.7,1,30.3,1,30.3,1,31.6,1,27.0,1,28.3,1
2016-08-23 13:00:00,23.9,2,27.6,2,27.3,2,29.3,1,28.2,1,25.0,1,27.1,2,30.3,1,28.4,1,29.7,1,29.9,1,29.0,1,26.6,1,26.2,2,30.6,2,31.0,1,30.0,1,30.0,1,28.2,2,26.9,1,29.8,1,30.6,1,27.6,1,28.4,2.0,32.0,1,30.5,1,29.9,1,30.1,1,31.8,1,27.8,1,30.7,1,30.5,1,31.8,1,27.0,1,28.3,1
2016-08-23 14:00:00,24.2,2,27.8,2,27.7,1,29.5,1,28.7,2,25.0,1,26.7,2,30.8,2,29.0,1,30.3,1,30.4,1,29.5,2,27.1,1,26.8,1,31.2,1,31.7,1,30.9,1,30.7,1,28.6,1,27.2,1,30.7,1,31.3,1,28.6,1,28.2,2.0,32.2,2,31.3,1,30.2,1,30.3,1,32.4,1,27.7,1,30.8,1,30.3,1,31.6,1,26.9,1,28.0,1
2016-08-23 15:00:00,23.5,2,27.4,1,27.7,2,29.6,1,28.8,1,26.3,1,27.4,2,31.3,1,29.6,1,30.7,1,30.8,1,30.0,1,27.2,1,27.1,2,31.7,1,32.4,1,32.0,1,31.5,2,29.1,1,27.1,2,32.0,1,32.4,1,29.5,1,27.7,2.0,35.0,1,31.9,1,30.3,1,33.6,1,32.8,1,27.6,1,31.0,1,29.9,1,31.2,1,26.6,1,27.6,1
2016-08-23 16:00:00,23.6,1,27.0,1,27.6,1,29.5,2,28.4,1,25.5,2,27.2,2,31.4,2,29.8,1,30.8,1,30.8,1,30.2,2,26.9,2,26.7,2,31.6,2,32.4,1,32.1,1,31.6,2,29.1,1,26.8,2,31.9,1,32.2,1,29.4,1,26.2,2.0,34.9,1,31.3,1,29.8,1,33.1,1,32.1,1,27.1,1,30.1,1,29.1,1,30.4,1,26.4,1,27.0,1
2016-08-23 17:00:00,23.5,1,26.3,1,27.1,1,29.0,2,27.5,2,24.4,2,26.7,2,31.0,2,29.5,1,30.4,1,30.4,1,29.8,2,26.1,2,25.8,2,31.0,2,31.8,1,31.6,1,31.0,1,28.6,2,26.0,1,31.2,1,31.4,1,28.7,1,24.3,2.0,34.1,1,29.9,1,28.9,1,31.8,1,30.9,1,26.4,1,28.7,1,28.2,1,29.4,1,26.2,1,26.1,1
2016-08-23 18:00:00,23.2,1,25.2,1,26.1,1,27.8,2,26.0,2,23.0,2,25.6,2,29.9,2,28.7,1,29.4,1,29.6,1,28.4,2,24.9,2,24.4,1,29.7,2,30.6,1,30.4,1,29.3,1,27.5,1,24.5,1,30.1,1,29.8,1,27.5,1,22.4,1.0,32.4,1,28.1,1,27.4,1,29.7,1,29.4,1,25.6,1,27.1,1,27.0,1,28.0,1,25.8,1,25.2,1
2016-08-23 19:00:00,22.6,1,23.6,1,24.6,1,25.8,2,24.1,2,21.3,3,23.7,2,27.9,2,27.2,1,27.8,1,28.4,1,25.8,1,23.3,1,22.7,1,27.7,2,28.7,2,28.5,1,26.5,1,25.6,1,22.4,1,28.6,1,27.6,1,26.0,1,20.8,1.0,29.8,2,26.0,1,25.5,1,26.9,1,27.7,1,24.6,1,25.3,1,25.7,1,26.2,1,25.3,1,24.2,1
2016-08-23 20:00:00,22.0,2,21.9,1,23.0,1,23.4,2,22.0,1,19.5,4,21.6,2,25.4,2,25.3,1,25.9,1,26.9,1,22.7,1,21.6,1,21.0,1,25.5,2,26.4,2,26.3,1,23.2,1,23.3,1,20.3,1,27.0,1,25.1,1,24.4,1,19.4,1.0,26.8,2,24.0,1,23.3,1,23.9,2,26.0,1,23.5,1,23.5,1,24.5,1,24.3,1,24.8,1,23.2,1
2016-08-23 21:00:00,21.5,1,20.7,1,21.6,1,22.1,1,20.3,2,18.2,4,20.1,1,23.5,1,23.9,1,24.4,2,25.6,1,20.7,1,20.1,1,19.5,1,23.8,1,24.6,1,24.5,1,20.9,1,21.7,1,18.7,1,25.7,1,23.5,1,23.1,1,18.0,1.0,25.3,2,22.3,1,21.6,1,21.9,2,24.5,1,22.5,1,22.1,1,23.3,1,22.8,1,24.3,1,22.4,1
2016-08-23 22:00:00,21.0,1,19.8,1,20.5,1,20.8,1,19.2,2,17.1,5,18.8,1,21.7,1,22.7,1,23.0,2,24.5,1,19.1,1,19.1,1,18.5,1,22.3,1,23.1,1,22.9,1,19.1,1,20.3,1,17.5,1,24.4,2,22.0,1,22.0,1,16.7,1.0,23.8,3,20.8,1,20.0,1,20.2,2,23.0,1,21.6,1,20.9,1,22.3,1,21.5,1,23.8,1,21.8,1
2016-08-23 23:00:00,20.6,1,19.1,1,19.8,1,19.5,1,18.5,3,16.3,5,17.8,1,20.3,1,21.7,1,21.9,3,23.5,1,18.2,1,18.4,1,17.8,1,20.9,1,21.8,1,21.5,1,17.9,1,19.2,1,16.6,1,23.1,2,20.5,1,21.1,1,15.6,1.0,22.4,3,19.5,1,18.5,1,18.9,2,21.7,1,20.7,1,19.8,1,21.3,1,20.4,1,23.2,1,21.3,1
2016-08-24 00:00:00,20.1,2,18.7,2,19.2,2,18.4,1,18.1,3,15.6,5,16.9,2,19.0,2,20.8,2,20.9,3,22.6,2,17.6,1,17.9,1,17.1,1,19.8,2,20.7,2,20.3,1,17.0,1,18.2,1,15.8,1,21.8,2,19.2,1,20.3,1,14.6,1.0,21.1,3,18.4,1,17.3,1,17.8,2,20.4,1,20.0,1,19.0,1,20.5,1,19.4,1,22.7,1,20.9,1
2016-08-24 01:00:00,19.7,3,18.2,3,18.8,3,17.4,3,17.6,4,15.2,6,16.3,3,17.8,3,19.9,2,19.9,4,21.8,2,17.1,1,17.3,1,16.3,1,18.8,3,19.7,4,19.1,1,16.2,1,17.3,1,15.1,1,20.7,2,18.1,1,19.5,1,13.7,1.0,20.0,3,17.6,1,16.4,1,16.9,2,19.4,1,19.5,1,18.4,1,19.8,1,18.3,1,22.2,1,20.6,1
2016-08-24 02:00:00,19.4,4,17.8,4,18.3,4,16.6,4,17.2,4,14.9,6,15.9,5,16.8,4,19.1,3,19.1,4,21.0,3,16.7,1,16.7,1,15.5,1,18.1,5,18.8,5,18.0,1,15.5,1,16.6,1,14.5,1,19.7,2,17.3,1,18.7,1,13.1,1.0,19.2,3,17.0,1,15.8,1,16.4,3,18.6,1,19.1,1,18.1,1,19.4,1,17.5,1,21.8,1,20.3,1
2016-08-24 03:00:00,21.0,1,19.5,1,18.9,1,17.7,1,17.5,1,15.2,6,15.8,4,16.7,2,19.6,1,19.5,1,21.4,1,16.8,1,16.5,1,16.0,1,17.6,1,18.9,1,18.2,1,16.7,1,16.8,1,15.8,1,19.7,1,17.9,1,19.4,1,14.0,1.0,19.1,5,17.3,1,16.2,1,17.5,2,19.4,2,19.1,1,18.7,1,20.4,1,17.1,1,22.7,1,19.8,1
2016-08-24 04:00:00,20.5,1,18.8,1,18.5,2,17.2,1,17.2,1,15.0,6,15.5,5,16.0,2,18.9,1,18.8,1,20.5,1,16.4,1,16.4,1,16.1,1,17.1,2,18.2,1,17.4,1,16.4,1,16.6,1,15.7,1,19.1,1,17.7,2,18.9,1,13.7,2.0,18.7,4,17.1,1,16.0,1,17.1,3,18.8,3,18.8,1,18.4,1,20.3,1,16.9,1,22.5,1,19.7,1
2016-08-24 05:00:00,20.2,1,18.4,2,18.5,2,17.1,1,17.4,1,15.1,7,15.5,6,15.9,3,18.7,1,18.7,1,20.0,1,16.7,1,16.7,1,16.6,1,17.1,2,18.0,1,17.1,1,16.6,1,16.9,1,16.1,1,18.9,1,18.0,2,18.6,1,13.9,2.0,18.7,4,17.4,1,16.3,1,17.1,3,18.5,3,18.8,2,18.6,1,20.6,1,17.4,1,22.6,1,19.9,1
2016-08-24 06:00:00,20.6,2,18.9,2,19.4,2,17.8,1,18.6,1,15.5,7,16.1,7,16.7,3,19.4,1,19.6,1,20.4,2,17.9,1,17.7,1,17.7,2,17.9,2,18.9,1,18.0,1,17.8,1,18.0,1,17.3,1,19.4,1,19.0,2,19.1,1,14.9,2.0,19.5,4,18.5,1,17.4,1,17.9,3,19.0,3,19.6,2,19.6,1,21.5,1,19.0,1,23.2,2,20.6,2
2016-08-24 07:00:00,21.8,2,20.8,2,21.4,1,19.8,1,20.9,1,16.4,7,17.4,7,18.7,3,21.3,2,21.8,1,22.2,2,20.2,1,19.5,1,19.5,2,19.6,2,21.2,1,20.4,1,20.3,1,19.9,1,19.4,1,20.7,1,21.0,2,20.7,1,17.0,1.0,21.3,3,20.5,1,19.4,1,19.8,3,20.4,2,21.3,2,21.7,1,23.2,1,21.7,1,24.4,2,22.0,2
2016-08-24 08:00:00,23.4,1,23.5,2,24.0,1,22.5,1,23.8,1,17.7,7,19.0,7,21.4,3,23.9,2,24.7,1,24.8,2,23.2,1,21.7,1,21.6,1,21.8,2,24.2,1,23.6,1,23.5,1,22.3,1,22.0,1,22.6,1,23.5,2,23.0,1,19.9,1.0,23.7,3,23.0,1,22.0,1,22.2,2,22.4,2,23.6,1,24.4,1,25.3,1,25.0,1,25.8,1,23.8,3
2016-08-24 09:00:00,24.9,1,26.3,1,26.4,1,25.1,1,26.5,1,18.9,6,20.6,6,23.9,2,26.5,2,27.5,1,27.5,1,26.1,1,23.9,1,23.7,1,23.9,2,27.2,1,26.7,1,26.6,1,24.7,1,24.4,2,24.5,1,26.1,1,25.4,1,22.9,1.0,26.1,2,25.6,1,24.7,1,24.5,1,24.5,1,25.7,1,27.0,1,27.4,1,28.1,1,27.0,1,25.4,3
2016-08-24 10:00:00,25.8,1,28.4,1,28.2,1,27.1,1,28.5,1,19.9,6,21.8,5,25.6,2,28.6,1,29.7,1,29.7,1,28.4,1,25.6,1,25.4,1,25.4,2,29.4,1,29.1,1,28.8,1,26.8,1,26.1,2,26.2,1,28.4,1,27.3,1,25.5,2.0,28.0,2,27.8,1,27.1,2,26.2,1,26.3,1,27.2,1,29.0,1,29.0,1,30.5,1,27.7,1,26.6,2
2016-08-24 11:00:00,26.2,1,29.9,1,29.4,1,28.3,1,29.9,1,20.7,6,22.4,4,26.8,2,30.1,1,31.3,1,31.5,1,30.2,1,26.9,1,26.7,1,26.5,2,30.9,1,30.8,1,30.4,1,28.5,1,27.2,1,27.7,1,30.2,1,28.8,1,27.6,3.0,29.4,2,29.5,1,29.0,2,27.4,1,27.9,1,28.1,1,30.3,1,30.2,1,32.0,1,28.0,1,27.4,2
2016-08-24 12:00:00,26.3,2,30.8,1,30.2,1,28.9,1,30.9,1,21.2,6,22.5,3,27.6,2,31.3,1,32.4,1,32.7,1,31.5,1,28.0,1,27.7,1,27.4,2,32.0,1,32.0,1,31.5,1,29.8,1,27.9,1,29.0,1,31.7,1,30.0,1,29.0,3.0,30.5,2,30.9,1,30.3,2,28.4,1,29.2,1,28.5,1,31.1,1,30.9,1,32.8,2,28.1,1,27.8,1
2016-08-24 13:00:00,26.4,2,31.2,1,30.9,1,29.0,1,31.7,1,21.5,6,22.1,3,28.4,2,32.2,1,33.3,1,33.5,1,32.4,1,28.9,1,28.5,1,28.2,2,33.0,1,32.9,1,32.4,1,30.6,1,28.4,1,30.1,1,32.7,1,31.0,1,29.7,3.0,31.4,2,31.9,1,31.0,2,29.4,1,30.3,1,28.6,1,31.4,1,31.2,1,33.0,1,28.1,1,28.0,1
2016-08-24 14:00:00,26.5,2,31.1,1,31.4,1,28.6,1,32.3,1,21.5,6,21.5,3,29.1,2,32.8,1,33.8,1,34.0,1,33.1,1,29.5,1,29.1,1,28.9,1,33.8,1,33.5,1,33.1,1,31.0,1,28.8,1,30.9,1,33.4,1,31.7,1,29.7,3.0,32.0,1,32.6,1,31.2,2,30.2,1,31.2,1,28.4,1,31.2,1,31.1,1,32.7,1,28.1,1,27.9,1
2016-08-24 15:00:00,26.4,2,31.0,1,31.4,1,29.1,1,32.1,1,21.5,5,22.4,2,30.0,2,32.7,1,33.5,1,33.5,1,32.6,1,29.5,1,29.0,1,30.4,1,34.4,1,33.8,1,33.2,1,30.8,1,28.6,1,32.0,1,33.9,1,32.1,1,28.8,2.0,33.5,1,33.0,1,31.0,1,32.0,1,32.9,1,27.8,1,31.4,1,30.5,1,32.0,1,28.1,1,27.0,1
2016-08-24 16:00:00,26.2,2,30.4,1,31.2,1,28.5,2,31.5,1,21.2,6,22.2,3,29.8,2,32.7,1,33.3,1,33.4,1,32.5,1,29.0,1,28.4,1,29.9,2,34.3,1,33.7,1,33.2,1,30.6,1,28.2,1,32.1,1,33.6,1,31.7,1,27.4,2.0,34.0,1,32.3,1,30.4,1,32.0,1,32.4,1,27.1,1,30.4,1,29.6,1,31.4,1,27.8,1,26.2,1
2016-08-24 17:00:00,25.7,2,29.4,1,30.6,1,27.6,2,30.2,1,20.8,6,22.0,4,29.0,2,32.3,1,32.7,1,32.9,1,31.7,1,28.0,1,27.4,1,28.8,2,33.5,1,33.0,1,32.5,1,29.8,1,27.3,1,31.6,1,32.7,1,30.7,1,25.7,2.0,34.1,1,30.9,1,29.4,1,31.2,1,31.2,1,26.3,1,29.1,1,28.5,1,30.6,1,27.3,1,25.2,1
2016-08-24 18:00:00,25.1,2,27.9,1,29.4,1,26.3,2,28.3,1,20.1,6,21.4,5,27.6,2,31.3,1,31.5,1,32.0,1,29.9,1,26.5,1,25.9,1,27.2,2,32.1,2,31.8,1,30.8,1,28.5,1,25.7,1,30.7,1,31.1,1,29.4,1,23.8,2.0,33.2,1,29.0,1,27.8,1,29.5,1,29.7,1,25.4,1,27.5,1,27.2,1,29.4,1,26.8,1,24.2,1
2016-08-24 19:00:00,24.3,2,26.0,1,27.7,1,24.4,2,26.0,1,19.1,7,20.3,5,25.7,2,29.5,1,29.8,1,30.7,1,27.0,1,24.7,1,24.2,1,25.3,2,30.1,2,29.9,1,28.0,1,26.5,1,23.5,1,29.3,1,28.8,1,27.8,1,22.1,1.0,31.2,2,26.8,1,25.7,1,27.0,1,28.1,1,24.5,1,25.7,1,26.0,1,27.6,1,26.3,1,23.2,1
2016-08-24 20:00:00,23.6,2,24.0,1,25.8,1,22.4,1,23.7,1,18.0,7,19.0,4,23.6,2,27.5,1,27.9,1,29.1,1,23.8,1,23.0,1,22.4,1,23.3,2,27.8,1,27.8,1,24.7,1,24.3,1,21.2,1,27.8,1,26.4,1,26.2,1,20.7,1.0,28.7,2,24.7,1,23.4,1,24.3,1,26.6,1,23.6,1,23.9,1,24.9,1,25.6,1,25.7,1,22.4,1
2016-08-24 21:00:00,23.0,1,22.8,1,24.5,1,21.3,2,22.0,1,17.4,6,18.2,3,22.0,2,25.9,1,26.2,1,27.7,1,21.6,1,21.5,1,20.9,1,21.9,3,26.1,2,26.0,1,22.3,1,22.4,1,19.5,1,26.5,1,24.5,1,24.9,1,19.4,1.0,27.2,2,23.0,1,21.7,1,22.4,1,25.3,1,22.9,1,22.5,1,23.8,1,23.9,1,25.2,1,21.7,1
2016-08-24 22:00:00,22.3,1,21.7,1,23.3,1,20.2,2,20.6,1,16.9,6,17.6,2,20.6,2,24.3,1,24.6,2,26.3,1,20.0,1,20.5,1,19.9,1,20.9,3,24.5,2,24.3,1,20.4,1,21.1,1,18.3,1,25.2,1,22.8,1,23.7,1,18.3,1.0,25.7,2,21.4,1,20.3,1,21.0,1,24.0,1,22.2,1,21.4,1,22.9,1,22.4,1,24.6,1,21.2,1
2016-08-24 23:00:00,21.6,1,20.7,1,22.1,1,19.2,2,19.7,1,16.5,6,17.2,2,19.6,2,22.9,1,23.2,2,25.0,1,19.0,1,19.9,1,19.1,1,20.2,4,23.0,2,22.8,1,19.1,1,20.3,1,17.4,1,24.0,1,21.3,1,22.8,1,17.4,2.0,24.2,2,20.1,1,19.2,1,20.1,1,22.9,1,21.7,1,20.4,1,22.1,1,21.2,1,24.1,1,20.7,1
2016-08-25 00:00:00,20.9,1,19.9,1,21.0,2,18.3,3,19.0,1,16.2,6,16.9,2,18.7,3,21.7,2,21.9,2,23.8,2,18.4,1,19.3,1,18.4,1,19.8,4,21.7,2,21.5,1,18.1,1,19.7,1,16.7,1,22.8,1,20.0,1,21.9,2,16.5,2.0,22.9,1,19.1,1,18.3,1,19.4,1,21.9,1,21.1,1,19.6,1,21.3,1,20.1,1,23.5,1,20.4,1
2016-08-25 01:00:00,20.3,2,19.2,2,20.0,3,17.6,3,18.4,1,15.9,6,16.7,4,17.9,4,20.5,2,20.7,2,22.6,2,18.0,1,18.6,1,17.6,1,19.4,5,20.6,2,20.3,1,17.3,1,19.0,1,16.0,1,21.7,1,18.9,1,21.1,2,15.8,2.0,21.7,1,18.2,1,17.6,1,18.7,1,21.0,1,20.5,1,19.0,1,20.7,1,19.2,1,23.0,1,20.1,1
2016-08-25 02:00:00,19.8,4,18.7,4,19.3,4,17.1,4,18.0,1,15.7,6,16.4,5,17.3,5,19.7,3,19.9,2,21.7,2,17.7,1,18.0,1,16.8,1,19.0,6,19.7,2,19.2,1,16.6,1,18.2,1,15.5,1,20.8,1,18.1,1,20.3,2,15.0,2.0,20.7,1,17.7,1,17.0,1,17.9,1,20.3,1,20.1,1,18.7,1,20.3,1,18.5,1,22.6,1,20.0,1
2016-08-25 03:00:00,21.0,1,19.0,1,19.6,1,17.3,1,18.1,1,15.9,7,16.2,6,16.4,5,20.5,1,20.4,1,22.3,1,17.6,1,17.2,1,16.7,1,18.1,3,20.5,1,19.4,1,18.1,1,17.5,1,16.4,1,20.8,1,19.8,1,21.5,1,15.1,1.0,20.3,4,18.2,1,16.7,1,18.3,2,21.3,1,20.3,1,19.5,1,21.6,1,18.3,1,23.5,1,19.9,1
2016-08-25 04:00:00,20.7,1,18.5,1,19.2,1,17.2,1,17.8,1,15.7,7,16.0,7,15.9,5,19.9,1,19.8,1,21.4,1,17.2,1,16.9,1,16.6,1,17.6,4,19.8,1,18.6,1,17.7,1,17.3,1,16.3,1,20.3,1,19.4,2,20.9,1,14.7,1.0,19.7,4,18.1,1,16.6,1,17.6,2,20.6,1,20.0,1,19.3,1,21.6,1,18.0,1,23.3,1,19.5,1
2016-08-25 05:00:00,20.6,2,18.4,1,19.3,1,17.5,1,18.2,1,15.7,7,16.1,7,16.0,5,19.8,1,19.8,1,20.9,1,17.4,1,17.1,1,17.0,1,17.6,5,19.6,1,18.4,1,17.8,1,17.7,1,16.6,1,20.1,1,19.4,2,20.6,1,14.8,1.0,19.5,5,18.6,1,17.0,1,17.3,3,20.2,2,20.1,1,19.6,1,22.0,1,18.5,1,23.4,1,19.4,1
2016-08-25 06:00:00,21.1,2,19.2,2,20.2,1,18.5,1,19.4,1,16.2,7,16.9,7,17.1,5,20.5,1,20.7,1,21.4,2,18.6,1,18.1,1,18.1,1,18.4,5,20.4,2,19.2,1,18.9,1,18.8,1,17.9,1,20.6,1,20.3,3,21.0,1,15.8,1.0,20.1,5,19.8,1,18.2,1,18.1,3,20.5,2,20.9,1,20.7,1,22.9,1,20.1,1,24.0,2,20.1,1
2016-08-25 07:00:00,22.4,2,21.3,2,22.3,1,20.5,1,21.7,1,17.4,7,18.4,7,19.4,4,22.3,2,22.8,2,23.2,2,21.0,1,20.1,1,20.1,1,20.3,6,22.4,2,21.4,1,21.4,1,20.7,1,20.2,1,21.8,1,22.3,2,22.6,1,18.1,1.0,21.8,4,21.8,1,20.2,1,20.2,3,21.8,2,22.6,1,22.9,1,24.5,1,22.9,1,25.1,2,21.8,1
2016-08-25 08:00:00,24.0,2,24.1,1,24.9,1,23.1,1,24.6,1,18.9,6,20.4,7,22.3,4,24.8,2,25.6,2,25.8,2,24.1,1,22.5,1,22.4,1,22.6,6,25.2,1,24.5,1,24.6,1,23.2,1,22.9,1,23.5,1,25.1,2,24.9,1,21.1,1.0,24.3,4,24.3,1,22.8,1,22.9,2,23.7,1,24.7,1,25.6,1,26.4,1,26.2,1,26.4,1,24.0,1
2016-08-25 09:00:00,25.5,1,26.9,1,27.4,1,25.8,1,27.3,1,20.3,6,22.2,7,25.0,3,27.2,2,28.3,2,28.4,2,27.1,1,24.9,1,24.7,1,24.8,5,27.9,1,27.5,1,27.7,1,25.7,1,25.5,1,25.3,1,27.8,1,27.2,1,24.3,1.0,26.8,3,26.8,1,25.5,1,25.4,2,25.8,1,26.7,1,28.2,1,28.3,1,29.2,1,27.6,1,26.1,1
2016-08-25 10:00:00,26.3,1,29.1,1,29.1,1,28.2,1,29.3,1,21.2,5,23.5,7,26.9,3,29.1,1,30.4,1,30.4,1,29.4,1,26.7,1,26.4,1,26.2,5,29.9,2,29.8,1,29.9,1,27.9,1,27.3,1,26.8,1,30.0,1,29.1,1,27.1,2.0,28.9,2,28.9,1,27.9,1,26.9,1,27.5,1,28.0,1,30.1,1,29.8,1,31.3,1,28.3,1,27.5,1
2016-08-25 11:00:00,26.7,2,30.6,1,30.2,1,30.1,1,30.6,1,21.7,5,24.2,7,28.2,4,30.5,1,31.9,1,31.7,1,31.1,1,28.0,1,27.6,1,27.0,4,31.3,2,31.4,1,31.4,1,29.7,1,28.5,1,28.0,1,31.6,1,30.6,1,29.3,2.0,30.5,2,30.6,1,29.8,1,27.7,1,29.0,1,28.7,1,31.3,2,30.9,1,32.6,1,28.6,1,28.4,1
2016-08-25 12:00:00,26.7,2,31.4,1,31.0,1,31.1,2,31.6,1,21.9,4,24.2,7,29.0,4,31.5,1,33.0,1,32.7,1,32.3,1,29.0,1,28.6,1,27.5,4,32.3,2,32.6,1,32.4,1,31.0,1,29.3,1,29.1,1,32.8,1,31.7,1,30.8,2.0,31.4,3,31.9,1,31.2,1,28.2,2,30.2,1,29.0,1,32.0,2,31.6,1,33.2,1,28.7,1,28.7,1
2016-08-25 13:00:00,26.6,2,31.5,2,31.7,1,31.1,2,32.4,1,22.1,4,23.7,7,29.6,5,32.2,1,33.7,1,33.4,2,33.1,1,29.9,1,29.5,1,27.8,4,33.0,2,33.4,1,33.2,1,31.8,1,30.0,1,30.1,1,33.6,1,32.6,1,31.6,2.0,31.7,3,32.8,1,32.0,1,28.6,2,31.3,1,28.9,1,32.2,2,31.8,1,33.4,1,28.7,1,28.7,1
2016-08-25 14:00:00,26.4,2,31.1,2,32.2,1,30.4,2,33.0,1,22.1,4,22.9,7,30.0,6,32.7,2,34.1,2,33.8,2,33.6,1,30.6,1,30.2,1,28.0,4,33.3,2,33.9,2,33.9,1,32.3,1,30.5,1,30.8,1,33.9,1,33.2,1,31.6,2.0,31.5,4,33.2,1,32.2,1,29.0,2,32.0,1,28.6,1,32.0,1,31.6,1,33.1,1,28.5,1,28.4,1
2016-08-25 15:00:00,25.2,3,29.4,2,32.8,2,27.6,5,33.6,1,20.3,6,21.8,5,29.2,4,33.0,1,33.9,2,33.8,1,34.3,1,31.2,1,30.3,1,28.3,3,33.7,2,34.6,2,34.5,2,32.6,2,30.5,1,31.5,1,34.8,1,33.7,1,30.4,3.0,31.0,2,33.1,1,31.5,1,30.5,1,33.3,1,28.2,1,31.8,1,31.0,1,32.2,1,27.9,1,28.1,1
2016-08-25 16:00:00,24.4,3,28.3,2,32.4,2,26.3,5,33.2,1,20.1,6,21.4,6,28.6,5,32.8,2,33.6,2,33.8,2,34.4,2,30.8,1,29.7,1,27.8,3,33.2,2,34.4,2,34.7,1,32.3,2,30.0,1,31.4,1,34.4,1,33.3,1,28.8,2.0,30.5,2,32.5,1,30.8,1,30.5,1,32.9,1,27.6,1,30.9,1,30.1,1,31.5,1,27.5,1,27.3,1
2016-08-25 17:00:00,23.3,3,27.1,2,31.4,2,24.8,5,32.1,1,19.7,5,20.8,6,27.4,6,32.3,2,32.9,2,33.6,2,33.8,2,29.8,2,28.6,1,26.9,3,32.3,2,33.7,2,34.2,1,31.3,2,28.9,1,30.7,1,33.4,1,32.4,1,26.7,2.0,29.7,2,31.4,1,29.7,1,29.9,1,31.9,1,26.9,1,29.8,1,28.9,1,30.5,1,27.1,1,26.3,1
2016-08-25 18:00:00,22.2,3,25.5,3,29.8,2,23.1,4,30.3,1,18.9,4,19.9,7,25.6,6,31.1,2,31.7,2,32.8,2,32.0,2,28.2,2,27.1,1,25.4,3,30.9,2,32.4,2,32.5,1,29.8,2,27.2,1,29.6,1,31.9,1,31.0,1,24.6,2.0,28.6,2,29.7,1,28.1,1,28.6,1,30.4,1,26.1,1,28.2,1,27.7,1,29.2,1,26.7,1,25.3,1
2016-08-25 19:00:00,21.4,3,23.6,3,27.8,2,21.3,4,27.8,1,17.7,3,18.7,6,23.3,5,29.3,2,29.9,2,31.3,2,28.9,2,26.2,1,25.2,1,23.5,3,29.1,2,30.5,2,29.3,1,27.7,2,24.9,1,28.0,1,29.8,1,29.4,1,22.9,2.0,27.0,2,27.5,1,26.1,1,26.3,2,28.7,1,25.2,1,26.3,1,26.5,1,27.4,1,26.3,1,24.3,1
2016-08-25 20:00:00,20.8,4,21.8,4,25.7,2,19.5,3,25.2,1,16.4,3,17.4,6,21.0,4,27.3,2,27.9,2,29.5,2,25.3,1,24.1,1,23.3,1,21.5,3,27.1,2,28.3,2,25.6,1,25.4,1,22.4,1,26.2,1,27.4,1,27.7,1,21.5,1.0,25.2,2,25.2,1,23.9,1,23.7,2,26.9,1,24.3,1,24.3,1,25.4,1,25.5,1,26.0,1,23.4,1
2016-08-25 21:00:00,20.2,4,20.3,4,24.0,2,18.2,4,23.2,1,15.8,3,16.8,5,19.8,3,25.4,2,26.2,2,28.0,2,22.8,1,22.5,1,21.7,1,20.6,3,25.3,2,26.5,2,23.0,1,23.6,1,20.7,1,24.7,1,25.9,1,26.3,1,20.3,1.0,24.1,2,23.4,1,22.2,1,21.9,2,25.4,1,23.4,1,22.9,1,24.3,1,23.9,1,25.5,1,22.6,1
2016-08-25 22:00:00,19.7,4,19.3,5,22.5,2,17.1,4,21.7,1,15.3,3,16.3,5,18.7,4,23.8,2,24.9,2,26.7,2,21.0,1,21.2,1,20.6,1,19.7,3,23.7,2,24.8,2,21.1,1,22.1,1,19.5,1,23.4,1,24.3,1,24.9,1,19.3,1.0,23.1,2,21.8,1,20.6,1,20.4,2,23.9,1,22.6,1,21.6,1,23.4,1,22.6,1,25.0,1,22.0,1
2016-08-25 23:00:00,19.3,5,18.8,5,21.3,2,16.3,6,20.6,1,14.9,3,15.9,4,17.7,5,22.6,2,23.8,2,25.6,2,19.8,1,20.3,1,19.7,1,18.9,4,22.5,2,23.3,2,19.8,1,20.9,1,18.6,2,22.4,1,22.9,1,23.6,1,18.4,2.0,22.2,2,20.5,1,19.3,1,19.5,2,22.6,1,21.9,1,20.7,1,22.6,1,21.5,1,24.6,1,21.6,1
2016-08-26 00:00:00,19.2,5,18.7,5,20.4,2,15.7,6,19.8,1,14.6,4,15.6,4,16.8,6,21.7,2,22.9,2,24.5,2,19.1,1,19.6,1,19.0,1,18.3,4,21.5,2,22.0,2,18.9,1,19.9,1,18.0,2,21.6,1,21.6,1,22.4,1,17.5,2.0,21.5,2,19.4,1,18.2,1,18.8,2,21.5,1,21.2,1,19.9,1,21.8,1,20.5,1,24.0,1,21.3,1
2016-08-26 01:00:00,19.2,5,18.8,5,19.7,3,15.4,7,19.1,1,14.4,4,15.4,4,16.2,6,21.0,2,21.9,2,23.5,2,18.6,1,18.9,1,18.3,1,17.9,5,20.7,3,20.9,2,18.2,1,19.2,1,17.4,2,21.0,1,20.5,1,21.4,1,16.6,2.0,20.9,2,18.7,1,17.4,1,18.1,2,20.5,1,20.7,1,19.5,1,21.2,1,19.6,1,23.6,1,21.0,1
2016-08-26 02:00:00,19.4,5,18.9,5,19.4,4,15.3,6,18.6,1,14.3,4,15.4,5,15.7,6,20.3,2,20.9,2,22.4,2,18.3,1,18.2,1,17.7,1,17.6,5,20.0,3,19.8,2,17.6,1,18.6,1,17.0,2,20.4,1,19.6,1,20.5,1,15.8,2.0,20.4,2,18.3,1,17.0,1,17.5,2,19.8,1,20.4,1,19.3,1,20.8,1,18.9,1,23.2,1,20.8,1
2016-08-26 03:00:00,18.8,5,18.4,4,20.0,2,16.0,6,19.3,1,14.5,3,15.0,6,15.7,6,20.5,1,21.0,2,23.1,1,18.8,1,18.2,1,17.9,1,17.4,4,19.9,1,20.0,1,18.7,1,18.7,1,18.1,1,21.5,1,20.4,1,21.6,1,15.8,2.0,20.8,3,19.0,1,18.0,1,18.5,2,20.6,1,20.3,1,20.1,1,22.0,1,19.2,1,23.9,1,20.1,1
2016-08-26 04:00:00,18.5,6,18.0,5,19.7,4,15.8,7,19.2,1,14.1,3,14.6,6,15.1,7,20.0,2,20.5,2,22.3,2,18.6,1,18.1,1,17.9,1,17.0,5,19.3,1,19.3,1,18.4,1,18.5,1,18.1,1,21.0,1,20.1,2,21.0,1,15.5,2.0,20.0,4,18.8,1,17.8,1,17.8,2,19.9,1,20.0,1,19.9,1,21.9,1,19.0,1,23.9,1,19.7,1
2016-08-26 05:00:00,18.4,6,18.0,6,19.7,5,16.0,7,19.6,1,13.9,5,14.6,7,15.0,7,20.0,2,20.6,2,21.8,2,19.1,1,18.5,1,18.5,1,17.0,6,19.3,2,19.1,1,18.7,1,18.8,1,18.6,1,20.8,1,20.2,2,20.9,1,15.6,2.0,19.6,4,19.2,1,18.1,1,17.5,2,19.7,1,20.0,1,20.1,1,22.1,1,19.6,1,24.2,1,19.7,1
2016-08-26 06:00:00,18.7,7,18.5,7,20.3,5,16.9,7,20.8,1,14.4,6,15.1,7,16.0,7,20.6,2,21.5,2,22.1,2,20.4,1,19.7,1,19.7,1,17.9,6,20.2,2,20.1,1,20.0,1,19.9,1,20.0,2,21.4,1,21.2,2,21.6,1,16.6,2.0,20.1,4,20.4,1,19.2,1,18.3,2,20.3,1,20.8,1,21.2,1,23.0,1,21.2,1,24.9,2,20.5,1
2016-08-26 07:00:00,19.5,7,19.8,7,21.6,5,18.7,7,22.9,1,15.8,5,16.4,7,18.3,6,22.0,2,23.4,2,23.3,2,22.8,1,21.8,1,21.8,1,19.9,5,22.2,2,22.4,1,22.5,1,22.0,1,22.4,2,22.9,1,23.2,2,23.3,2,18.8,2.0,22.0,4,22.5,1,21.2,1,20.3,2,21.9,1,22.7,1,23.3,1,24.7,1,24.0,1,26.0,2,22.4,1
2016-08-26 08:00:00,20.5,7,21.6,7,23.3,4,20.8,7,25.5,1,17.6,4,18.0,6,21.3,4,23.9,2,25.7,2,25.1,2,25.7,1,24.4,1,24.2,1,22.5,4,24.9,2,25.4,1,25.7,1,24.6,1,25.2,2,24.9,1,25.8,2,25.6,2,21.8,1.0,24.6,3,25.1,1,23.8,1,23.1,2,24.1,1,25.1,1,26.0,1,26.9,1,27.2,1,27.2,1,24.7,1
2016-08-26 09:00:00,21.5,7,23.5,6,25.0,3,22.8,7,27.9,1,19.3,3,19.6,6,24.0,4,25.8,2,28.0,2,27.1,2,28.5,1,27.0,1,26.6,1,24.9,3,27.4,1,28.4,2,28.7,1,27.2,1,27.9,1,26.9,1,28.4,1,27.8,2,24.9,2.0,27.2,2,27.7,1,26.4,1,25.6,1,26.3,1,27.3,1,28.6,1,28.9,1,30.1,1,28.1,1,26.9,1
2016-08-26 10:00:00,22.3,7,25.1,6,26.5,3,24.1,7,29.6,1,20.4,2,20.7,6,25.8,3,27.5,2,29.7,2,28.9,2,30.6,2,29.2,1,28.4,1,26.5,2,29.3,1,30.6,2,30.9,1,29.4,1,29.8,1,28.5,1,30.4,1,29.5,2,27.6,2.0,29.1,1,29.8,1,28.6,1,27.3,1,28.2,1,28.7,1,30.6,1,30.4,1,32.0,1,28.5,1,28.4,1
2016-08-26 11:00:00,22.7,6,26.3,6,27.6,4,24.9,7,30.8,1,21.0,2,21.3,6,26.9,4,28.8,2,30.9,2,30.4,2,32.1,2,30.8,1,29.7,1,27.5,2,30.7,1,32.2,2,32.4,2,31.0,1,31.1,1,29.8,1,31.9,1,30.8,1,29.7,3.0,30.5,1,31.5,1,30.3,1,28.5,1,29.7,1,29.3,1,31.9,1,31.3,1,32.9,1,28.4,1,29.1,1
2016-08-26 12:00:00,23.0,6,27.0,5,28.5,5,25.3,7,31.7,1,21.3,2,21.6,5,27.7,4,29.7,2,31.7,2,31.5,2,33.2,2,32.0,1,30.8,1,28.2,2,31.7,1,33.3,1,33.5,2,32.2,1,32.0,1,30.9,1,33.1,1,31.8,1,31.2,3.0,31.6,1,32.8,1,31.6,2,29.4,1,31.0,1,29.5,1,32.7,1,31.9,1,33.3,1,28.3,1,29.4,1
2016-08-26 13:00:00,23.0,6,27.1,5,29.1,5,25.5,6,32.4,1,21.5,2,21.6,4,28.5,4,30.3,2,32.3,2,32.1,2,34.0,2,32.8,1,31.7,1,28.9,2,32.6,1,34.2,1,34.4,2,32.9,1,32.6,1,31.9,1,34.0,1,32.8,1,32.0,3.0,32.6,1,33.8,1,32.5,2,30.4,1,32.2,1,29.5,1,33.1,1,32.2,1,33.4,1,28.3,1,29.4,1
2016-08-26 14:00:00,22.9,5,26.9,4,29.5,5,25.5,6,32.8,1,21.6,2,21.4,3,29.1,3,30.7,2,32.6,2,32.4,2,34.4,1,33.1,1,32.4,1,29.6,1,33.4,2,34.9,1,35.0,2,33.3,2,32.9,1,32.7,1,34.6,1,33.5,1,32.1,3.0,33.4,1,34.4,1,32.9,2,31.3,1,33.1,1,29.3,1,33.0,1,32.1,1,33.2,1,28.2,1,29.1,1
2016-08-26 15:00:00,23.1,4,26.9,2,29.3,2,25.1,2,33.9,1,22.4,6,22.4,4,30.4,2,32.3,2,33.8,2,33.8,2,35.6,2,33.7,2,32.8,1,32.7,1,35.4,2,36.3,2,36.3,2,33.9,2,33.0,1,34.6,1,35.9,1,34.3,1,30.5,3.0,35.1,1,34.8,1,32.8,1,32.9,1,34.3,1,29.4,1,33.0,1,31.8,1,33.0,1,28.0,1,28.5,1
2016-08-26 16:00:00,22.4,4,26.5,2,29.1,2,24.6,1,33.5,1,22.0,6,22.1,4,29.8,3,32.9,2,34.0,2,34.1,2,35.5,2,33.4,2,32.2,1,32.2,2,35.2,2,36.1,2,36.2,2,33.5,2,32.3,1,34.5,1,35.5,1,33.9,1,29.0,3.0,35.2,1,34.1,1,32.1,1,32.9,1,33.8,1,28.7,1,32.1,1,30.9,1,32.2,1,27.5,1,27.9,1
2016-08-26 17:00:00,21.3,4,25.7,3,28.3,2,23.9,1,32.5,2,21.4,6,21.7,5,28.7,3,33.0,3,33.8,2,34.0,3,34.8,2,32.5,2,31.0,2,31.0,2,34.6,3,35.4,2,35.3,1,32.6,1,30.9,1,33.9,1,34.4,1,33.0,1,27.0,3.0,34.9,1,32.7,1,30.9,1,32.2,1,32.6,1,27.8,1,30.8,1,29.6,1,31.1,1,27.0,1,27.0,1
2016-08-26 18:00:00,20.2,4,24.5,3,27.0,2,23.0,2,30.8,2,20.6,5,21.0,5,27.1,3,32.2,3,32.9,3,33.2,3,33.0,2,30.9,2,29.3,2,29.4,2,33.3,3,34.0,2,33.3,1,31.1,1,29.0,1,32.8,1,32.7,1,31.6,1,25.1,3.0,33.8,1,30.8,1,29.2,1,30.6,1,31.0,1,26.8,1,29.2,1,28.2,1,29.7,1,26.6,1,25.9,1
2016-08-26 19:00:00,19.3,4,22.9,3,25.2,2,22.0,3,28.4,2,19.6,6,20.1,5,25.4,3,30.4,3,31.2,2,31.7,3,30.1,2,28.6,2,27.3,1,27.6,2,31.5,3,32.0,2,30.2,1,29.0,1,26.5,1,31.3,1,30.5,1,30.0,1,23.4,3.0,31.9,1,28.6,1,27.0,1,28.1,1,29.3,1,25.7,1,27.3,1,26.8,1,28.0,1,26.3,1,24.6,1
2016-08-26 20:00:00,18.8,4,21.2,2,23.2,2,21.1,4,25.8,2,18.5,6,19.1,6,23.8,2,28.1,2,29.1,2,29.8,2,26.7,1,26.1,1,25.3,1,25.9,2,29.4,2,29.7,1,26.8,1,26.8,1,24.0,1,29.6,1,28.2,1,28.3,1,22.1,2.0,29.6,1,26.3,1,24.7,1,25.3,1,27.6,1,24.8,1,25.3,1,25.6,1,26.2,1,26.1,1,23.3,1
2016-08-26 21:00:00,18.4,5,19.9,2,21.8,2,20.1,4,23.8,2,17.9,6,18.2,6,22.3,2,26.5,2,27.5,2,28.3,2,24.3,1,24.7,1,23.5,1,24.6,2,27.7,3,27.8,1,24.4,1,25.0,1,22.2,1,28.2,1,26.4,1,26.9,1,20.9,2.0,27.9,2,24.9,1,22.9,1,23.3,1,26.2,1,23.8,1,23.7,1,24.6,1,24.7,1,25.6,1,22.3,1
2016-08-26 22:00:00,18.2,5,19.0,1,20.8,2,19.2,5,22.3,2,17.5,5,17.7,6,21.1,2,25.2,1,26.1,3,27.1,1,22.5,1,23.4,1,22.0,1,23.5,2,26.2,3,26.0,2,22.5,1,23.5,1,20.7,1,26.8,1,24.7,1,25.7,1,19.9,2.0,26.3,2,23.5,1,21.3,1,21.9,1,25.1,1,22.9,1,22.4,1,23.6,1,23.3,2,25.2,1,21.7,1
2016-08-26 23:00:00,18.2,5,18.7,2,20.1,2,18.5,5,21.2,2,17.4,5,17.4,6,20.2,3,24.2,1,25.0,3,26.0,1,21.2,1,22.1,1,20.6,1,22.7,2,24.9,3,24.3,2,21.1,1,22.2,1,19.7,1,25.4,1,23.1,1,24.7,1,18.9,2.0,25.0,3,22.2,1,19.9,1,20.9,1,24.1,1,22.2,1,21.3,1,22.8,1,22.1,2,24.8,1,21.3,1
2016-08-27 00:00:00,18.4,5,18.7,2,19.7,2,18.1,5,20.4,3,17.3,5,17.4,6,19.6,4,23.4,2,24.0,3,25.2,2,20.4,1,21.0,1,19.4,1,22.0,3,23.7,4,22.7,2,20.0,1,21.2,1,18.8,1,24.1,1,21.7,1,23.8,1,18.0,2.0,23.9,3,21.1,1,18.8,1,20.0,2,23.2,1,21.5,1,20.5,1,22.0,1,21.0,2,24.3,1,21.1,1
2016-08-27 01:00:00,18.7,6,18.8,4,19.4,3,18.0,5,19.8,3,17.1,5,17.6,6,19.2,5,22.5,2,23.0,4,24.4,2,19.7,1,20.1,1,18.5,1,21.4,4,22.6,4,21.4,2,19.1,1,20.2,1,18.1,1,22.9,1,20.6,1,22.9,1,17.0,2.0,22.9,4,20.1,1,17.9,1,19.2,1,22.3,1,21.0,1,19.9,1,21.5,1,20.0,2,23.8,1,21.0,1
2016-08-27 02:00:00,19.0,6,18.9,5,19.1,5,18.1,5,19.4,3,16.9,5,17.7,6,18.8,5,21.6,3,22.0,4,23.5,3,19.2,1,19.4,1,17.9,1,20.7,5,21.6,4,20.3,2,18.2,1,19.4,1,17.5,1,21.9,1,19.7,1,22.0,1,16.0,2.0,22.0,4,19.4,1,17.4,1,18.3,1,21.4,1,20.6,1,19.6,1,21.0,1,19.1,3,23.4,1,20.9,1
2016-08-27 03:00:00,18.2,5,18.4,5,18.7,4,17.1,4,19.3,2,17.6,6,17.3,5,17.9,5,21.5,3,21.9,3,23.3,3,19.4,1,19.0,1,18.7,1,20.4,4,21.7,2,21.1,2,19.2,1,19.4,1,18.5,1,22.2,1,20.9,1,22.5,1,16.3,2.0,22.3,2,19.0,1,17.7,1,18.5,2,21.4,1,20.2,1,20.2,1,22.0,1,19.2,1,24.2,1,20.3,2
2016-08-27 04:00:00,17.9,6,18.1,6,18.4,5,17.2,4,19.1,2,17.6,6,17.3,5,17.6,5,21.0,3,21.3,3,22.5,3,19.3,1,18.6,1,18.5,1,19.9,4,21.2,2,20.3,2,18.9,1,19.0,1,18.2,1,21.7,2,20.4,2,21.9,1,15.7,2.0,21.6,2,18.8,1,17.6,1,17.7,2,20.8,1,19.9,1,20.0,1,21.9,1,18.9,1,24.1,1,20.0,3
2016-08-27 05:00:00,17.9,7,18.2,6,18.5,5,17.9,5,19.5,2,17.9,6,17.7,6,17.9,5,20.9,3,21.4,3,22.2,3,19.9,1,18.7,1,18.7,1,19.9,4,21.4,2,20.1,2,19.2,1,19.2,1,18.5,1,21.6,2,20.5,2,21.6,2,15.5,2.0,21.3,3,19.2,1,18.1,1,17.4,2,20.7,1,19.9,1,20.1,1,22.2,1,19.4,1,24.3,1,20.0,3
2016-08-27 06:00:00,18.6,6,19.1,6,19.5,5,19.3,4,20.8,3,18.6,6,18.7,6,19.2,5,21.8,3,22.4,3,22.9,3,21.4,1,19.8,1,19.8,1,20.8,4,22.4,2,21.0,2,20.6,1,20.3,1,19.7,2,22.2,2,21.4,3,22.2,2,16.4,2.0,21.9,3,20.4,2,19.4,1,18.3,2,21.3,1,20.7,1,21.2,1,23.0,1,20.9,1,24.9,2,20.6,4
2016-08-27 07:00:00,20.4,5,21.0,5,21.6,4,21.6,4,23.2,3,19.8,6,20.5,5,21.6,5,23.7,3,24.6,3,24.8,3,23.9,1,22.2,1,21.9,1,22.8,4,24.6,2,23.3,2,23.2,1,22.5,1,22.1,2,23.6,1,23.5,2,23.9,1,18.6,2.0,23.8,3,22.5,1,21.6,1,20.7,2,22.9,1,22.5,1,23.4,1,24.5,1,23.7,1,26.0,2,22.0,4
2016-08-27 08:00:00,22.7,4,23.6,4,24.2,3,24.5,3,26.1,3,21.3,6,22.6,5,24.6,5,26.3,3,27.4,3,27.5,3,27.0,1,25.2,1,24.6,1,25.3,4,27.4,2,26.3,2,26.5,1,25.2,1,25.1,2,25.6,1,26.2,2,26.1,1,21.7,2.0,26.4,4,25.2,1,24.2,1,23.9,2,25.2,1,24.8,1,26.1,1,26.5,1,27.1,1,27.1,1,23.9,4
2016-08-27 09:00:00,24.8,2,26.4,3,26.8,2,27.5,3,28.9,2,22.7,7,24.7,4,27.5,4,28.8,3,30.1,3,30.2,3,29.8,2,27.9,1,27.1,1,27.7,5,30.1,2,29.3,1,29.5,1,27.9,1,27.8,1,27.6,1,28.9,1,28.4,1,24.9,2.0,29.0,3,27.7,1,26.8,1,26.9,1,27.4,1,26.7,1,28.6,1,28.4,1,30.1,1,28.0,1,25.7,3
2016-08-27 10:00:00,26.3,2,28.8,2,28.8,2,30.1,2,30.9,2,23.6,7,26.3,3,29.8,4,30.8,3,32.2,2,32.3,2,31.9,2,29.7,1,29.0,1,29.4,5,32.2,2,31.6,1,31.6,1,29.9,1,29.6,1,29.3,1,31.0,1,30.1,1,27.5,3.0,31.1,2,29.7,1,28.9,1,29.1,1,29.2,1,27.7,1,30.3,1,29.9,1,32.0,1,28.3,1,26.9,3
2016-08-27 11:00:00,27.1,2,30.7,2,30.2,1,32.2,2,32.3,2,24.1,7,27.3,3,31.5,3,32.2,2,33.6,2,33.8,2,33.4,2,30.7,1,30.3,1,30.4,5,33.6,2,33.2,1,33.0,1,31.4,1,30.7,1,30.7,1,32.6,1,31.3,1,29.5,3.0,32.5,2,31.1,1,30.4,1,30.4,2,30.5,1,28.1,1,31.3,1,30.9,1,32.9,1,28.2,1,27.6,2
2016-08-27 12:00:00,27.5,2,31.9,2,31.2,1,33.4,2,33.4,1,24.4,7,27.6,3,32.4,3,33.2,2,34.6,2,34.8,2,34.4,2,31.5,1,31.3,1,30.9,5,34.6,3,34.3,1,34.0,1,32.5,1,31.4,1,31.6,1,33.7,1,32.3,1,31.0,4.0,33.3,2,32.2,2,31.5,1,31.2,2,31.4,1,28.2,1,31.8,1,31.5,1,33.3,1,28.0,1,27.9,2
2016-08-27 13:00:00,27.7,2,32.4,2,32.1,1,33.7,2,34.3,1,24.6,7,27.3,3,32.7,3,33.9,3,35.3,2,35.5,2,35.2,1,32.3,1,32.2,1,30.9,5,35.2,3,35.1,1,34.8,1,33.4,1,32.0,1,32.1,1,34.5,1,33.1,1,31.9,4.0,33.4,3,33.0,2,32.2,1,31.5,2,32.0,1,28.3,1,31.9,1,31.6,1,33.4,1,27.9,1,27.9,1
2016-08-27 14:00:00,27.7,2,32.3,3,32.7,1,33.2,3,34.9,2,24.6,7,26.6,4,32.4,3,34.4,3,35.8,3,36.0,3,35.7,1,33.0,1,32.9,1,30.5,5,35.4,3,35.6,1,35.5,1,33.9,2,32.5,1,32.2,1,34.9,1,33.7,2,32.1,4.0,33.0,4,33.4,1,32.4,1,31.5,3,32.2,1,28.3,1,31.6,1,31.2,1,33.2,1,27.9,1,27.6,2
2016-08-27 15:00:00,25.3,4,29.7,2,31.2,2,28.1,5,34.7,2,23.4,5,24.9,3,31.0,3,33.9,3,35.0,3,35.1,3,36.4,5,33.9,2,34.2,1,29.7,6,35.1,4,35.5,2,35.9,3,34.4,2,33.4,1,32.2,2,34.9,1,34.5,2,30.2,4.0,31.9,4,32.6,1,32.5,2,31.5,2,32.1,1,26.6,5,30.5,2,30.2,2,32.7,1,27.6,1,27.5,5
2016-08-27 16:00:00,24.9,4,29.2,3,31.1,3,27.3,5,34.1,2,23.2,4,24.5,3,30.4,4,34.1,3,34.9,3,35.1,3,35.9,5,33.4,2,33.4,1,28.9,6,34.5,4,35.2,2,35.7,2,33.8,2,32.6,1,31.6,2,34.3,1,34.0,1,28.7,4.0,30.9,4,31.7,1,31.6,1,30.5,2,31.6,2,26.0,4,29.5,2,29.1,2,31.9,1,27.3,1,26.7,5
2016-08-27 17:00:00,24.2,4,28.5,3,30.5,4,26.2,5,32.8,2,22.8,3,23.8,3,29.4,5,33.9,3,34.5,3,34.7,3,34.6,5,32.4,2,31.9,2,27.8,5,33.4,4,34.3,2,34.7,2,32.5,3,31.2,1,30.7,3,33.3,1,33.0,1,26.7,4.0,29.7,3,30.3,1,30.1,1,29.1,3,30.7,2,25.2,4,28.4,2,27.9,2,30.7,1,26.8,1,25.8,5
2016-08-27 18:00:00,23.4,4,27.3,3,29.4,5,24.9,5,31.0,3,21.9,2,22.8,3,27.9,5,32.9,3,33.3,3,33.7,3,32.6,4,30.9,2,30.0,2,26.2,5,31.9,4,32.9,2,32.8,1,30.9,3,29.2,1,29.4,4,31.8,1,31.6,1,24.7,4.0,28.3,3,28.5,1,28.2,1,27.3,3,29.3,2,24.4,3,26.9,2,26.6,2,29.2,1,26.3,1,24.8,5
2016-08-27 19:00:00,22.7,4,25.7,2,27.7,5,23.4,4,28.9,3,20.4,3,21.4,3,25.9,5,31.1,3,31.3,3,32.2,3,30.0,4,28.9,2,27.9,2,24.3,5,29.9,4,30.9,2,29.9,1,29.0,3,26.7,1,27.8,4,29.9,1,30.1,2,23.0,4.0,26.7,3,26.4,1,26.0,1,25.3,3,27.7,2,23.7,3,25.2,3,25.4,2,27.3,1,25.9,1,23.9,4
2016-08-27 20:00:00,22.1,5,24.1,2,25.8,4,22.0,3,26.8,3,18.6,4,19.8,3,23.8,4,28.9,3,29.1,3,30.4,3,27.2,3,26.9,2,25.9,2,22.2,5,27.9,4,28.7,2,26.7,2,27.1,3,24.2,1,26.1,3,27.9,1,28.5,2,21.6,4.0,25.0,3,24.2,1,23.9,1,23.3,4,26.1,2,23.2,3,23.5,3,24.3,2,25.4,1,25.6,1,23.2,4
2016-08-27 21:00:00,21.7,5,22.7,3,24.5,4,20.8,3,25.2,3,17.6,4,19.1,3,21.9,4,27.1,3,27.3,3,29.0,3,25.1,4,25.3,2,24.5,2,20.7,5,26.0,4,26.7,2,24.4,2,25.6,3,22.5,2,24.6,4,26.1,2,27.2,2,20.4,4.0,23.7,3,22.5,1,22.1,1,21.8,3,24.8,2,22.4,4,22.1,3,23.5,2,23.8,1,25.2,1,22.4,4
2016-08-27 22:00:00,21.5,5,21.9,3,23.3,4,19.7,3,23.9,3,16.7,5,18.3,4,20.5,5,25.8,2,26.2,3,27.9,3,23.4,4,23.8,3,23.1,2,19.7,5,24.6,4,25.3,3,23.0,2,24.2,3,21.2,2,23.3,4,24.7,2,26.1,3,19.5,4.0,22.5,3,21.1,1,20.6,1,20.9,3,23.6,3,21.7,4,21.0,2,22.9,2,22.4,1,24.9,1,21.8,4
2016-08-27 23:00:00,21.4,5,21.5,4,22.4,5,18.8,4,22.9,3,16.1,5,17.7,4,19.4,5,25.0,2,25.7,4,27.1,3,22.2,4,22.5,3,21.8,2,19.1,5,23.6,4,24.3,3,22.3,3,23.1,3,20.4,2,22.4,4,23.5,3,25.0,3,18.7,4.0,21.5,4,20.1,2,19.4,1,20.4,3,22.5,3,21.0,4,20.2,2,22.3,2,21.3,1,24.5,1,21.3,4
2016-08-28 00:00:00,21.4,6,21.3,4,21.7,5,18.0,4,22.1,3,15.7,6,17.1,4,18.6,5,24.3,2,25.1,4,26.4,3,21.3,5,21.3,4,20.7,2,18.7,5,22.7,5,23.4,4,21.7,4,22.1,3,19.6,3,21.6,5,22.5,3,24.1,3,17.8,4.0,20.8,4,19.3,2,18.4,1,19.9,3,21.5,3,20.4,4,19.7,2,21.7,2,20.2,1,24.0,2,20.9,4
2016-08-28 01:00:00,21.3,6,20.9,5,21.2,5,17.3,4,21.3,4,15.6,6,16.7,5,17.8,5,23.4,2,24.1,4,25.6,3,20.5,5,20.3,4,19.8,3,18.5,6,21.8,5,22.5,4,20.7,4,21.1,3,18.9,4,21.0,5,21.5,3,23.0,4,16.8,4.0,20.4,4,18.7,2,17.6,1,19.4,3,20.6,4,19.9,4,19.3,2,21.1,3,19.1,1,23.5,3,20.6,4
2016-08-28 02:00:00,21.1,6,20.4,6,20.9,6,16.9,4,20.6,4,15.5,6,16.4,5,17.0,5,22.3,3,22.9,4,24.6,4,19.9,5,19.5,5,19.1,4,18.1,6,21.0,6,21.5,5,19.5,5,20.3,4,18.2,4,20.5,5,20.7,4,22.1,4,15.9,4.0,20.2,4,18.2,2,16.9,1,18.7,3,19.9,4,19.6,4,19.1,2,20.4,3,18.2,1,23.0,3,20.5,4
2016-08-28 03:00:00,19.4,4,19.1,3,20.1,2,17.2,5,20.8,2,15.7,5,16.1,5,16.5,5,21.3,3,21.7,3,23.3,3,20.6,2,20.9,1,20.6,2,17.3,5,19.5,4,20.4,3,20.3,2,20.8,1,20.0,1,19.7,6,21.3,2,23.0,2,16.3,3.0,19.5,6,17.8,1,17.0,1,18.3,3,20.0,4,19.7,4,19.5,2,20.5,1,18.3,1,23.3,1,20.3,4
2016-08-28 04:00:00,19.1,5,18.9,4,19.8,3,16.8,5,20.7,1,15.5,5,15.7,5,15.8,5,20.5,3,21.1,3,22.2,3,20.6,2,20.8,1,20.5,2,16.8,5,18.8,5,19.9,3,20.0,2,20.6,1,20.1,1,19.3,6,21.0,2,22.4,2,15.8,3.0,19.4,6,17.7,1,16.7,1,18.1,3,19.5,5,19.3,4,19.2,2,20.3,1,17.9,1,23.2,1,20.1,4
2016-08-28 05:00:00,19.0,5,18.8,4,19.8,3,16.8,6,21.1,1,15.4,6,15.5,5,15.5,6,20.2,3,20.9,3,21.5,4,21.1,2,21.2,1,20.9,2,16.6,5,18.5,6,19.8,3,20.2,2,20.9,1,20.7,1,19.1,6,21.0,3,22.0,2,15.7,3.0,19.6,6,18.1,2,17.0,1,18.1,4,19.5,5,19.3,4,19.4,2,20.6,1,18.2,1,23.3,2,20.3,5
2016-08-28 06:00:00,19.0,6,19.2,5,20.4,4,17.4,6,22.1,2,15.7,6,15.8,5,16.0,6,20.3,3,21.4,3,21.5,4,22.1,2,22.3,1,22.0,2,17.1,5,19.0,6,20.3,3,21.0,2,21.9,1,22.1,2,19.4,6,21.6,3,22.4,2,16.6,3.0,20.2,5,19.4,2,18.2,1,18.7,4,20.1,5,20.0,4,20.5,2,21.5,2,19.6,1,23.9,2,21.0,5
2016-08-28 07:00:00,19.1,6,20.0,5,21.6,3,18.6,6,23.8,2,16.6,6,16.9,5,17.6,6,21.0,3,22.4,3,22.3,4,23.7,2,24.1,1,24.0,2,18.6,6,20.3,6,21.4,4,22.4,2,23.6,1,24.3,2,20.2,5,23.0,3,23.9,2,18.8,3.0,21.3,4,21.7,2,20.6,1,19.8,3,21.4,4,21.7,3,22.7,2,23.1,2,22.4,1,25.0,2,22.4,5
2016-08-28 08:00:00,19.4,6,21.2,6,23.1,3,20.2,6,25.6,3,17.8,6,18.3,5,19.8,6,22.1,4,23.8,4,23.6,4,25.7,3,26.3,1,26.5,2,20.6,6,22.1,5,22.8,4,24.2,3,25.8,2,27.0,2,21.3,5,24.8,3,25.9,2,21.7,2.0,22.7,3,24.5,1,23.7,1,21.1,2,23.1,3,23.8,2,25.4,2,25.2,2,26.0,1,26.2,2,24.0,5
2016-08-28 09:00:00,19.7,6,22.3,6,24.6,3,21.5,7,27.3,3,18.8,6,19.8,5,21.8,5,23.2,4,25.2,3,25.0,4,27.4,4,28.3,1,28.9,2,22.4,7,23.7,5,24.4,4,25.9,3,27.8,2,29.4,2,22.5,4,26.5,2,28.0,2,24.7,2.0,24.0,3,27.1,1,26.7,1,22.4,2,24.8,2,25.7,2,27.9,2,27.3,2,29.4,1,27.1,1,25.6,5
2016-08-28 10:00:00,20.0,7,23.2,6,25.7,4,22.2,7,28.3,2,19.3,6,20.9,5,23.1,5,24.2,4,26.4,3,26.2,3,28.6,4,29.8,2,30.6,2,23.6,7,24.8,5,25.8,5,27.2,4,29.3,2,31.1,1,23.7,4,27.8,2,29.6,2,27.2,2.0,25.0,3,29.0,1,29.0,1,23.4,2,26.1,2,26.7,3,29.7,2,29.0,2,32.0,1,27.5,1,26.7,5
2016-08-28 11:00:00,20.2,7,23.9,7,26.4,5,22.4,7,28.9,2,19.5,6,21.6,5,23.8,4,25.1,3,27.2,3,27.0,3,29.4,5,30.8,2,31.8,1,24.3,6,25.5,5,26.9,5,28.1,5,30.4,2,32.3,1,24.7,4,28.8,2,30.7,1,29.2,3.0,25.7,3,30.4,1,30.7,1,24.2,3,27.2,2,27.1,3,30.7,2,30.3,2,33.8,1,27.4,1,27.3,4
2016-08-28 12:00:00,20.3,7,24.2,7,26.9,6,22.5,7,29.2,2,19.6,5,21.9,5,24.3,4,25.7,3,27.8,3,27.5,3,29.9,5,31.4,3,32.6,2,24.8,6,26.1,5,27.8,5,28.8,6,31.1,2,32.9,1,25.5,4,29.6,2,31.5,1,30.6,3.0,26.2,3,31.4,1,32.0,1,24.8,3,28.1,2,27.1,4,31.3,2,31.0,2,34.9,1,27.3,1,27.6,4
2016-08-28 13:00:00,20.2,7,24.1,7,27.2,6,22.6,6,29.5,3,19.7,5,21.9,5,24.8,4,26.1,4,28.0,4,27.7,4,30.2,5,31.6,4,33.1,2,25.2,6,26.7,6,28.3,5,29.3,6,31.6,2,33.2,2,26.0,4,30.3,3,32.1,1,31.4,3.0,26.5,3,32.2,1,32.9,1,25.4,3,29.0,2,27.1,4,31.6,2,31.1,2,35.4,1,27.3,1,27.6,3
2016-08-28 14:00:00,19.8,7,23.7,6,27.1,7,22.7,6,29.5,4,19.9,5,21.6,5,25.2,4,26.3,4,28.0,4,27.7,5,30.3,5,31.5,5,33.3,3,25.4,6,27.3,6,28.6,6,29.6,6,31.8,2,33.1,2,26.2,3,30.9,3,32.3,1,31.5,3.0,26.6,3,32.7,1,33.3,1,25.8,3,29.7,2,27.0,3,31.4,2,30.6,2,35.2,1,27.3,1,27.5,3
2016-08-28 15:00:00,19.7,6,23.1,6,26.3,5,23.6,5,30.1,4,20.5,5,21.7,5,25.2,4,27.1,4,28.4,5,28.8,5,30.4,5,31.6,3,33.7,2,24.5,3,28.2,5,28.9,4,30.5,5,31.4,5,32.9,2,26.6,4,31.0,3,32.4,2,30.6,3.0,26.5,3,32.3,2,32.5,1,25.9,6,29.9,4,26.4,4,30.8,2,29.4,3,33.7,2,27.0,2,27.3,3
2016-08-28 16:00:00,19.1,5,22.3,5,25.6,4,23.1,5,29.3,4,20.0,5,21.3,5,24.9,4,26.9,4,28.0,5,28.5,5,29.9,5,30.8,3,32.6,3,24.2,3,28.1,5,28.9,4,30.2,4,30.7,5,32.0,2,26.5,3,30.5,3,31.8,2,29.1,2.0,26.3,3,31.3,2,31.4,1,25.7,5,30.0,3,25.7,3,29.8,2,28.3,4,32.5,3,26.6,2,26.9,3
2016-08-28 17:00:00,18.5,4,21.3,4,24.6,4,22.3,5,27.9,3,19.3,6,20.8,5,24.3,4,26.4,4,27.5,5,27.7,5,29.1,5,29.7,4,31.0,3,23.7,3,27.6,4,28.6,3,29.3,3,29.7,5,30.7,2,26.0,2,29.6,3,30.8,3,27.0,2.0,25.8,2,29.6,3,29.7,1,25.1,4,29.7,2,24.8,4,28.4,3,27.0,4,30.8,3,26.1,2,26.3,3
2016-08-28 18:00:00,18.0,4,20.2,4,23.3,4,21.2,4,26.2,3,18.4,6,20.0,5,23.2,4,25.4,4,26.5,4,26.7,5,27.7,4,28.3,4,29.0,4,22.7,3,26.6,3,27.7,3,27.9,3,28.3,5,28.8,2,25.1,2,28.4,3,29.6,3,24.8,2.0,24.9,2,27.6,3,27.7,1,24.2,4,29.0,2,24.1,4,26.9,3,25.8,4,29.0,3,25.6,2,25.7,3
2016-08-28 19:00:00,17.7,4,19.0,3,21.8,3,19.9,4,24.4,2,17.5,6,18.9,5,21.7,4,24.0,4,25.1,4,25.4,4,25.7,4,26.7,4,26.9,4,21.2,2,25.0,3,26.2,4,25.8,3,26.7,5,26.5,2,23.8,1,27.0,2,28.3,3,22.9,2.0,23.5,2,25.6,3,25.6,1,23.0,4,27.9,2,23.7,4,25.3,3,24.7,4,27.1,3,25.3,2,25.2,3
2016-08-28 20:00:00,17.5,5,17.8,4,20.2,3,18.6,4,22.7,2,16.8,5,17.7,5,20.0,4,22.5,4,23.6,4,24.0,4,23.6,3,25.2,3,24.9,4,19.4,2,23.2,2,24.5,4,23.6,3,25.2,6,24.2,3,22.3,1,25.5,2,27.1,3,21.3,2.0,21.9,2,23.7,3,23.6,1,21.7,4,26.5,2,23.5,4,23.7,3,23.8,4,25.4,3,25.0,2,24.8,4
2016-08-28 21:00:00,17.2,5,16.9,4,19.0,3,17.5,4,21.3,2,16.2,5,16.8,5,18.6,4,21.1,4,22.2,4,22.8,4,21.8,4,23.9,3,23.4,4,18.3,3,21.7,2,22.9,4,21.8,4,23.9,6,22.5,3,21.2,2,24.1,3,25.9,3,20.1,2.0,20.8,2,22.1,3,21.8,1,20.6,4,25.4,3,23.3,4,22.5,3,22.9,4,23.9,3,24.7,2,24.3,4
2016-08-28 22:00:00,17.1,5,16.3,4,18.3,3,16.7,4,20.3,2,15.8,5,16.2,5,17.5,3,20.2,3,21.3,4,21.9,4,20.8,4,23.0,3,22.5,4,17.3,3,20.4,3,21.6,5,20.5,4,23.1,5,21.7,3,20.2,2,22.7,3,24.9,3,19.2,2.0,19.9,3,20.7,2,20.2,1,19.9,4,24.3,3,23.0,4,21.5,3,22.1,4,22.6,3,24.4,3,23.8,4
2016-08-28 23:00:00,17.0,5,16.0,4,17.8,4,16.2,4,19.5,2,15.4,5,15.8,5,16.8,3,19.5,2,20.6,3,21.2,3,20.2,4,22.3,4,22.0,4,16.5,4,19.4,3,20.6,5,19.7,4,22.6,5,21.3,4,19.3,3,21.5,3,24.1,3,18.4,3.0,19.1,4,19.6,3,18.8,1,19.5,4,23.4,3,22.6,4,20.7,3,21.5,4,21.4,3,24.1,3,23.3,4
2016-08-29 00:00:00,16.9,6,15.9,5,17.5,4,15.7,5,18.7,3,15.1,6,15.4,5,16.1,3,19.0,2,20.0,4,20.7,4,19.6,4,21.3,4,21.2,4,16.0,4,18.6,4,19.8,5,19.0,5,21.8,5,20.7,4,18.6,3,20.4,4,23.3,4,17.7,3.0,18.5,5,18.7,3,17.7,2,19.1,5,22.4,3,22.0,4,20.2,4,20.9,5,20.2,3,23.7,3,22.7,4
2016-08-29 01:00:00,16.9,6,15.8,5,17.1,5,15.2,5,17.7,4,14.8,6,15.0,5,15.5,4,18.3,3,19.1,4,20.2,4,18.5,5,19.9,4,20.0,5,15.6,5,17.8,4,19.1,6,18.1,5,20.6,6,19.6,5,18.1,4,19.5,4,22.6,4,16.9,4.0,18.1,5,18.1,3,16.9,3,18.5,5,21.4,4,21.4,4,19.8,4,20.5,5,18.9,4,23.2,3,22.2,4
2016-08-29 02:00:00,17.0,6,15.7,5,16.6,5,14.7,5,16.8,5,14.5,6,14.6,6,14.8,5,17.6,3,18.3,4,19.7,4,17.3,5,18.4,5,18.6,5,15.4,5,17.1,5,18.4,6,17.2,5,19.3,6,18.2,5,17.7,4,18.8,5,21.9,5,16.0,4.0,17.9,5,17.9,4,16.5,4,18.0,5,20.5,4,20.7,5,19.5,4,20.2,5,17.8,5,22.8,3,21.7,5
2016-08-29 03:00:00,16.5,6,15.8,6,16.3,5,15.5,5,16.8,3,14.5,4,14.7,5,15.5,4,17.0,4,17.6,4,18.9,4,16.7,3,18.2,4,18.5,4,16.2,4,16.5,4,16.9,4,16.1,4,18.8,5,18.3,6,16.1,3,18.3,3,21.1,3,15.7,2.0,17.4,3,19.8,2,17.2,2,17.1,4,19.9,3,21.4,3,21.0,2,20.9,4,18.4,2,22.8,3,23.1,2
2016-08-29 04:00:00,16.4,6,15.9,6,16.3,5,15.4,6,16.9,4,14.3,5,14.4,5,15.1,5,16.8,4,17.5,4,18.5,5,16.6,3,18.0,5,18.4,4,15.9,5,16.2,5,16.3,5,15.7,3,18.7,4,18.4,6,15.5,3,17.9,4,20.6,4,15.2,3.0,17.2,3,19.9,2,17.3,2,16.8,4,19.3,3,21.1,3,21.0,2,20.9,3,17.6,2,22.7,3,22.5,2
2016-08-29 05:00:00,16.5,7,16.2,7,16.6,6,15.5,6,17.3,4,14.3,5,14.4,4,15.0,5,16.8,5,17.7,5,18.2,5,17.0,3,18.1,6,18.9,4,16.0,5,16.3,5,16.0,5,15.8,3,18.9,4,18.9,6,15.1,3,17.6,5,20.4,4,15.0,3.0,17.4,3,20.5,2,18.0,1,16.8,5,19.1,4,21.1,2,21.4,2,21.3,3,17.4,3,22.9,3,22.3,2
2016-08-29 06:00:00,16.6,7,16.7,7,17.1,6,16.1,7,18.1,5,14.7,5,14.8,4,15.6,5,17.1,6,18.2,6,18.3,6,17.8,4,18.8,6,19.8,4,16.7,6,16.9,5,16.3,5,16.4,3,19.6,4,20.0,5,15.3,3,18.0,5,20.7,4,15.6,3.0,18.0,3,21.8,2,19.4,1,17.1,5,19.4,5,22.0,2,22.6,2,22.3,3,18.7,4,23.5,3,22.8,2
2016-08-29 07:00:00,16.9,7,17.4,7,17.8,6,17.2,7,19.1,5,15.7,5,15.9,4,17.0,5,17.7,6,18.9,6,18.9,6,19.0,4,20.1,5,21.3,4,18.2,6,18.1,5,17.4,5,17.8,3,20.8,4,21.5,4,16.3,3,19.2,4,21.7,4,17.3,3.0,19.3,3,23.8,1,21.5,1,17.9,6,20.3,5,24.0,1,24.7,2,23.9,2,21.8,4,24.7,3,24.2,2
2016-08-29 08:00:00,17.3,7,18.3,7,18.7,6,18.6,6,20.3,6,17.1,4,17.3,5,18.9,5,18.5,6,19.8,6,19.9,6,20.4,4,21.6,5,23.0,4,20.0,6,19.5,5,18.9,5,19.5,3,22.3,4,23.2,3,17.7,3,20.8,3,23.1,3,19.6,3.0,20.9,3,26.0,1,24.0,1,18.9,6,21.5,4,26.4,1,27.2,2,25.9,2,25.7,3,26.1,4,26.1,2
2016-08-29 09:00:00,17.7,7,19.2,7,19.6,6,19.9,6,21.3,6,18.4,3,18.8,5,20.7,4,19.3,6,20.7,5,20.9,6,21.7,4,23.0,4,24.4,4,21.7,6,20.9,5,20.4,4,21.2,4,23.6,5,24.7,2,19.2,4,22.4,2,24.4,2,21.9,3.0,22.4,3,28.1,1,26.5,1,19.8,6,22.7,4,28.6,1,29.6,2,28.0,1,29.4,3,27.1,4,27.9,2
2016-08-29 10:00:00,18.2,7,20.1,7,20.4,6,20.9,6,22.0,6,19.3,3,20.0,5,21.9,4,20.0,6,21.6,5,21.7,6,22.8,4,23.9,4,25.3,4,22.9,6,21.9,5,21.5,5,22.4,4,24.4,5,25.6,2,20.4,4,23.6,2,25.4,2,23.8,3.0,23.4,2,29.6,2,28.6,1,20.4,6,23.7,4,29.8,1,31.3,2,29.8,1,31.9,2,27.5,4,29.1,3
2016-08-29 11:00:00,18.6,7,20.8,7,21.1,6,21.6,6,22.5,6,19.9,2,20.7,4,22.6,5,20.6,6,22.5,5,22.3,6,23.6,5,24.4,4,25.8,4,23.6,6,22.7,6,22.2,6,23.1,4,24.9,4,26.1,3,21.4,4,24.4,2,26.1,2,25.2,4.0,24.0,2,30.7,2,30.3,1,20.8,6,24.5,5,30.4,1,32.4,2,31.2,1,33.2,2,27.3,4,29.8,3
2016-08-29 12:00:00,18.8,6,21.3,7,21.7,6,22.0,6,22.9,6,20.3,2,21.1,4,23.2,5,21.2,6,23.2,5,22.9,6,24.1,5,24.6,5,26.1,4,24.1,6,23.3,6,22.8,6,23.7,4,25.2,4,26.4,4,22.2,4,25.0,3,26.6,3,26.5,4.0,24.4,2,31.4,2,31.6,1,21.2,7,25.2,5,30.6,1,33.0,2,32.2,1,33.9,2,27.1,3,30.1,3
2016-08-29 13:00:00,18.8,6,21.4,7,22.2,6,22.2,6,23.2,6,20.6,2,21.0,4,23.7,5,21.9,6,23.7,6,23.5,6,24.4,5,24.8,5,26.4,5,24.6,5,23.9,6,23.4,6,24.2,4,25.5,5,26.7,5,22.9,3,25.6,3,27.0,4,27.7,5.0,24.7,3,31.9,2,32.6,1,21.7,7,25.7,5,30.8,1,33.3,2,32.7,1,34.2,2,27.0,3,30.3,3
2016-08-29 14:00:00,18.7,6,21.3,6,22.5,6,22.1,6,23.3,6,20.6,2,20.7,4,24.2,5,22.5,7,24.0,6,24.0,7,24.4,6,24.8,6,26.5,5,24.9,5,24.5,6,23.9,5,24.7,4,25.7,5,26.9,5,23.4,3,26.1,3,27.4,4,28.3,5.0,25.0,3,32.1,2,33.1,1,22.2,7,26.1,4,31.0,1,33.3,2,32.8,1,34.1,1,26.9,3,30.2,3
2016-08-29 15:00:00,19.1,5,21.3,6,21.8,6,20.9,6,22.9,7,20.0,2,19.9,3,23.6,3,22.1,6,23.4,5,23.4,5,23.9,5,24.3,4,26.8,4,24.9,5,24.1,5,23.1,5,23.9,5,25.0,4,26.6,6,22.7,5,25.3,4,26.3,4,26.1,5.0,24.5,5,31.3,2,32.4,1,21.9,7,25.5,5,31.1,1,32.5,2,32.1,1,34.0,2,26.9,3,28.9,5
2016-08-29 16:00:00,18.7,4,20.8,5,21.7,6,20.4,5,22.6,6,19.3,2,19.5,2,23.2,3,22.2,5,23.3,5,23.4,5,23.7,6,23.9,4,25.9,4,24.6,4,24.3,5,23.3,5,23.9,5,24.7,3,26.0,5,22.6,4,25.0,4,26.0,3,24.6,4.0,24.5,4,30.8,2,31.4,2,21.7,6,25.1,4,30.4,1,31.7,2,31.5,1,32.6,2,26.4,4,28.1,5
2016-08-29 17:00:00,18.2,3,20.1,4,21.4,6,19.8,3,22.0,6,18.4,2,18.9,2,22.4,2,21.9,4,23.0,4,23.1,4,23.2,6,23.2,5,24.6,3,23.9,2,24.0,4,23.2,5,23.6,6,24.2,2,25.1,4,22.1,3,24.4,3,25.4,2,22.7,4.0,24.3,3,29.9,2,29.8,2,21.0,5,24.4,3,29.4,1,30.5,2,30.7,1,30.7,2,25.9,4,26.9,4
2016-08-29 18:00:00,17.6,2,19.0,2,20.6,5,18.9,2,21.1,5,17.3,2,18.1,2,21.1,2,21.3,3,22.3,4,22.5,3,22.3,6,22.3,5,23.1,3,22.8,1,23.3,4,22.6,5,22.7,6,23.3,2,23.7,3,21.4,3,23.5,3,24.5,1,20.8,4.0,23.5,2,28.6,2,28.0,2,20.1,4,23.5,2,28.2,1,29.1,2,29.7,1,28.6,3,25.4,4,25.8,4
2016-08-29 19:00:00,17.1,2,17.6,2,19.4,4,17.7,2,20.0,4,16.2,2,16.9,2,19.5,2,20.2,2,21.3,3,21.6,3,20.9,6,21.2,5,21.6,3,21.2,1,22.0,3,21.6,5,21.2,6,22.0,2,21.9,4,20.4,2,22.4,2,23.4,1,19.4,4.0,22.1,2,26.9,2,26.1,2,19.0,4,22.6,2,27.0,1,27.5,2,28.5,1,26.6,3,25.2,4,25.0,4
2016-08-29 20:00:00,16.7,2,16.2,2,18.0,3,16.3,2,18.8,4,15.2,2,15.6,2,17.8,2,19.0,2,20.3,2,20.5,2,19.4,6,20.1,4,20.2,3,19.5,1,20.5,3,20.3,4,19.3,5,20.6,2,20.2,4,19.4,2,21.1,2,22.2,2,18.5,5.0,20.5,2,25.2,2,24.4,2,18.1,4,21.7,2,25.9,1,26.0,2,27.2,1,24.8,3,25.1,4,24.4,4
2016-08-29 21:00:00,16.5,2,15.3,2,16.8,2,15.3,2,17.8,3,14.4,2,14.6,2,16.5,2,18.1,2,19.4,3,19.8,2,18.2,6,19.1,4,19.1,3,18.1,1,19.2,2,19.2,4,17.9,5,19.6,2,18.9,5,18.4,2,19.8,2,21.3,2,17.7,5.0,19.1,2,23.9,2,22.8,2,17.3,4,21.0,3,24.9,1,24.7,2,26.3,1,23.1,3,24.7,4,23.7,4
2016-08-29 22:00:00,16.4,2,14.6,2,16.1,2,14.5,2,17.0,3,13.9,3,13.9,3,15.5,2,17.3,2,18.6,3,19.2,3,17.3,6,18.4,4,18.4,4,17.0,2,18.1,2,18.3,4,16.7,4,18.7,3,18.1,5,17.6,2,18.7,3,20.5,3,17.1,5.0,18.2,2,22.9,2,21.6,2,16.9,4,20.5,3,24.0,1,23.5,2,25.4,1,21.5,4,24.3,4,23.0,4
2016-08-29 23:00:00,16.3,3,14.2,2,15.7,2,14.0,2,16.4,3,13.5,3,13.7,3,14.7,2,16.7,3,17.9,3,18.9,3,16.4,6,17.9,5,17.8,4,16.4,2,17.3,3,17.5,3,15.7,4,18.0,3,17.6,5,17.1,3,17.7,3,19.8,3,16.5,5.0,17.7,3,22.2,2,20.5,2,16.7,4,20.1,3,23.1,1,22.5,2,24.6,1,20.1,4,23.9,4,22.3,4
2016-08-30 00:00:00,16.3,3,13.9,3,15.3,3,13.6,2,15.8,4,13.3,4,13.5,4,14.2,2,16.2,3,17.2,4,18.6,4,15.7,6,17.3,5,17.2,5,15.9,2,16.7,3,16.8,4,15.0,4,17.3,3,17.1,5,16.7,3,16.8,4,19.3,3,15.8,5.0,17.4,3,21.6,3,19.6,2,16.6,4,19.7,4,22.3,2,21.8,2,23.7,2,18.8,4,23.5,4,21.7,4
2016-08-30 01:00:00,16.2,4,13.6,3,14.8,3,13.3,2,15.1,4,13.1,4,13.4,4,13.6,2,15.6,4,16.5,4,18.2,4,15.0,6,16.4,5,16.4,5,15.5,2,16.2,4,16.2,4,14.4,4,16.7,3,16.5,5,16.5,3,16.2,4,18.7,4,15.0,5.0,17.1,4,20.9,3,18.7,3,16.3,4,19.1,4,21.5,2,21.2,1,22.6,2,17.8,4,23.1,4,21.2,4
2016-08-30 02:00:00,16.0,4,13.2,4,14.2,4,13.0,2,14.3,5,12.8,5,13.1,5,13.0,2,15.1,5,15.9,5,17.6,5,14.4,6,15.5,5,15.6,6,14.9,3,15.7,5,15.7,5,13.9,5,16.1,4,15.8,6,16.2,4,15.8,5,18.2,4,14.2,5.0,16.7,4,20.2,3,17.9,4,15.9,5,18.4,4,20.7,2,20.8,1,21.4,3,17.1,5,22.8,4,20.8,4
2016-08-30 03:00:00,15.4,2,12.8,1,13.2,1,12.6,3,13.4,3,13.3,4,12.5,6,12.0,3,13.9,1,14.6,2,15.9,2,14.0,4,15.3,6,16.2,6,13.7,2,14.2,2,14.6,3,13.4,6,15.7,5,16.2,3,14.3,2,15.5,5,17.8,5,13.9,6.0,15.6,1,19.3,1,17.6,1,14.3,4,16.9,3,20.4,1,20.5,1,21.2,2,18.0,4,22.6,4,20.4,3
2016-08-30 04:00:00,15.3,2,12.6,1,12.9,1,12.1,3,13.3,2,12.9,4,12.3,6,11.5,4,13.4,1,14.2,2,15.3,2,13.9,4,15.2,5,16.0,6,13.2,2,13.7,2,14.0,4,13.2,6,15.7,5,16.1,4,13.7,2,15.3,6,17.3,6,13.3,6.0,15.3,2,19.0,2,17.3,1,14.0,4,16.3,3,20.0,1,20.3,1,20.7,2,17.5,4,22.6,4,20.0,3
2016-08-30 05:00:00,15.4,2,12.8,1,13.0,2,12.0,2,13.6,2,12.8,4,12.4,6,11.5,5,13.3,1,14.3,1,15.1,2,14.2,4,15.6,5,16.3,6,13.1,3,13.6,2,13.8,4,13.4,6,16.2,5,16.5,5,13.4,2,15.4,6,17.1,7,13.0,6.0,15.3,2,19.1,2,17.5,2,14.0,5,16.1,2,20.0,2,20.5,1,20.8,1,17.8,4,22.7,4,19.9,3
2016-08-30 06:00:00,15.8,2,13.5,1,13.8,2,12.7,2,14.6,2,13.3,4,13.1,5,12.3,5,13.9,1,15.1,1,15.5,2,15.2,4,16.4,4,17.2,6,13.8,3,14.4,2,14.4,4,14.4,6,17.2,5,17.3,6,13.9,2,16.0,6,17.6,7,13.5,7.0,16.1,2,20.0,2,18.3,2,14.6,5,16.6,2,20.8,2,21.4,1,21.4,1,19.1,4,23.1,4,20.4,3
2016-08-30 07:00:00,16.5,2,14.9,1,15.4,2,14.6,2,16.3,1,14.6,3,14.7,5,14.2,4,15.3,1,16.6,1,16.8,2,16.9,4,17.7,3,18.7,6,15.6,3,16.2,2,16.0,4,16.4,4,18.7,5,18.7,6,15.4,2,17.3,6,18.8,6,14.9,6.0,17.8,2,21.7,2,19.7,2,16.1,4,17.9,2,22.6,1,23.2,1,22.8,1,21.6,4,23.7,5,21.8,3
2016-08-30 08:00:00,17.5,2,16.8,1,17.5,2,17.2,2,18.4,1,16.4,3,16.7,4,16.8,3,17.1,1,18.5,1,18.7,1,19.0,3,19.3,3,20.4,5,18.1,2,18.5,2,18.3,3,18.8,3,20.4,4,20.3,6,17.4,1,19.0,5,20.5,5,17.0,6.0,20.0,1,23.7,2,21.5,2,18.1,4,19.8,1,24.9,1,25.3,1,24.6,1,24.6,4,24.4,5,23.7,2
2016-08-30 09:00:00,18.5,2,18.8,1,19.5,2,19.6,2,20.4,1,18.1,2,18.6,3,19.4,2,19.0,1,20.5,1,20.6,1,21.1,2,20.9,2,22.0,5,20.6,2,20.7,2,20.4,2,21.1,2,22.1,3,21.8,5,19.4,1,20.7,4,22.1,3,19.2,5.0,22.2,1,25.6,2,23.3,2,20.0,4,21.7,2,27.0,1,27.3,1,26.3,1,27.1,3,24.9,6,25.5,2
2016-08-30 10:00:00,19.3,2,20.6,1,21.0,1,21.3,2,21.9,1,19.4,2,20.1,3,21.4,1,20.6,1,22.2,2,22.2,1,22.8,2,22.2,2,23.1,4,22.6,1,22.4,2,22.0,3,22.7,2,23.4,2,22.9,5,20.9,1,22.0,4,23.4,3,21.1,5.0,24.1,1,27.0,2,24.8,2,21.5,4,23.2,2,28.4,1,28.6,1,27.7,1,28.3,3,25.2,6,26.8,2
2016-08-30 11:00:00,19.9,2,22.0,2,22.0,1,22.3,2,23.0,1,20.3,3,21.0,3,22.9,2,21.8,2,23.5,2,23.4,2,24.0,2,23.3,2,23.9,4,24.0,2,23.6,2,23.0,4,23.6,3,24.4,2,23.7,5,22.1,2,23.0,5,24.3,2,22.6,5.0,25.5,1,27.8,2,26.0,2,22.7,3,24.4,2,29.1,1,29.4,2,28.6,1,28.6,2,25.3,6,27.7,2
2016-08-30 12:00:00,20.3,2,23.0,2,22.8,1,22.8,2,23.7,2,20.9,3,21.5,3,24.0,2,22.7,2,24.4,2,24.3,2,24.8,2,24.0,2,24.4,4,25.1,2,24.5,2,23.8,4,24.3,3,25.2,2,24.3,6,23.0,2,23.8,5,25.0,2,23.9,6.0,26.4,1,28.4,3,27.0,2,23.5,4,25.4,3,29.5,1,29.9,2,29.3,1,28.4,2,25.4,5,28.3,2
2016-08-30 13:00:00,20.4,2,23.4,2,23.4,1,23.0,2,24.2,2,21.2,3,21.6,2,24.9,2,23.4,2,24.9,2,25.0,2,25.2,2,24.5,2,24.8,4,25.9,2,25.2,2,24.5,4,24.9,3,25.8,2,24.7,6,23.9,2,24.4,5,25.6,3,24.9,6.0,26.9,1,28.8,3,27.8,2,24.1,4,26.3,2,29.8,1,30.3,2,29.7,1,28.3,2,25.5,6,28.7,2
2016-08-30 14:00:00,20.4,2,23.4,1,23.9,2,23.0,2,24.5,2,21.3,2,21.3,2,25.5,2,24.0,2,25.2,2,25.5,2,25.4,2,24.7,2,25.0,5,26.4,2,25.9,2,25.1,3,25.4,3,26.1,3,25.0,6,24.6,2,24.8,4,26.1,4,25.4,6.0,27.2,2,29.1,3,28.2,2,24.5,4,27.0,2,29.9,1,30.5,1,29.7,1,28.1,3,25.6,6,28.9,2
2016-08-30 15:00:00,20.6,2,23.6,2,24.2,2,23.7,2,24.9,2,21.4,2,21.4,2,25.8,2,24.9,2,26.0,2,26.1,2,25.9,2,25.1,3,25.8,3,27.1,2,27.0,2,26.1,2,26.2,3,26.5,2,25.5,2,25.0,1,25.7,2,26.9,3,25.8,6.0,27.7,1,30.3,3,27.7,6,25.1,3,28.2,1,29.4,1,31.2,1,29.5,4,27.6,7,25.8,7,29.6,1
2016-08-30 16:00:00,20.3,2,23.1,2,24.1,2,23.0,2,24.7,2,20.9,2,21.0,2,25.9,3,25.0,2,26.0,2,26.1,2,26.1,2,24.9,2,25.2,3,27.1,2,27.1,2,26.2,2,26.3,3,26.3,2,25.4,2,25.0,1,25.6,2,26.9,3,24.3,6.0,27.9,1,30.1,3,27.0,6,25.1,2,28.2,1,28.9,1,30.8,2,28.8,4,27.1,6,25.4,6,29.3,1
2016-08-30 17:00:00,20.0,2,22.4,2,23.6,2,22.1,2,24.1,2,20.0,2,20.4,2,25.5,4,24.8,2,25.7,2,25.9,2,25.8,2,24.4,2,24.2,2,26.6,2,26.8,3,25.8,2,25.8,2,25.7,2,24.8,2,24.6,1,25.2,2,26.5,3,22.3,5.0,27.8,1,29.4,4,26.0,5,24.6,2,27.7,1,28.2,1,29.9,2,27.8,4,26.3,6,25.0,6,28.6,1
2016-08-30 18:00:00,19.5,1,21.2,1,22.7,2,20.9,2,23.0,2,18.8,2,19.4,2,24.4,4,24.1,2,25.0,2,25.3,2,24.7,2,23.3,2,22.9,2,25.5,2,25.9,3,24.9,2,24.5,2,24.7,2,23.6,2,23.8,1,24.3,1,25.6,3,20.3,5.0,27.0,1,28.2,4,24.6,4,23.5,2,26.7,1,27.3,1,28.6,2,26.7,4,25.3,6,24.5,5,27.7,1
2016-08-30 19:00:00,18.9,1,19.6,1,21.3,2,19.4,2,21.3,2,17.5,2,17.9,2,22.6,3,22.8,2,23.8,2,24.3,2,22.5,2,21.7,1,21.3,2,23.7,2,24.2,2,23.4,2,22.1,1,23.2,1,21.7,2,22.8,1,22.9,1,24.3,3,18.8,4.0,25.4,1,26.5,4,23.0,4,21.8,2,25.4,1,26.3,1,27.0,2,25.8,4,24.0,6,24.2,5,26.5,1
2016-08-30 20:00:00,18.3,1,17.9,1,19.6,1,17.8,1,19.5,1,16.1,2,16.3,2,20.4,2,21.3,1,22.4,1,23.0,1,19.9,2,20.0,1,19.8,2,21.6,2,22.2,2,21.7,2,19.4,1,21.6,1,19.5,2,21.6,1,21.2,1,22.8,2,17.7,4.0,23.3,1,24.7,4,21.5,5,19.9,2,23.9,1,25.2,1,25.2,2,25.0,4,22.7,6,23.9,4,25.2,1
2016-08-30 21:00:00,18.0,1,16.6,1,18.1,1,16.4,2,17.8,2,15.1,2,15.1,3,18.4,2,19.8,1,20.9,1,21.8,1,17.7,2,18.5,1,18.5,2,19.8,1,20.4,1,20.1,2,17.4,2,20.1,1,17.7,2,20.6,1,19.6,1,21.5,2,16.7,4.0,21.7,1,23.3,4,20.3,5,18.4,1,22.5,1,24.2,1,23.8,2,24.3,4,21.6,6,23.7,4,24.3,1
2016-08-30 22:00:00,17.7,1,15.7,1,17.0,1,15.4,2,16.7,2,14.4,2,14.3,3,17.1,2,18.7,1,19.7,1,20.9,1,16.5,2,17.5,1,17.7,2,18.8,1,19.1,1,18.9,2,15.8,2,19.1,1,16.8,2,19.8,1,18.2,1,20.6,2,15.9,4.0,20.3,1,21.9,4,19.3,5,17.4,1,21.3,1,23.3,1,22.6,2,23.6,4,20.7,5,23.6,4,23.4,1
2016-08-30 23:00:00,17.5,1,15.0,1,16.3,1,14.8,3,16.0,2,13.9,1,13.8,4,16.2,2,17.9,1,18.7,1,20.2,1,16.0,3,16.9,1,17.0,2,18.2,1,18.2,1,18.0,2,14.7,3,18.3,1,16.4,1,19.0,1,17.2,1,19.9,2,15.2,4.0,19.2,1,20.7,3,18.5,5,16.8,1,20.2,1,22.4,1,21.5,2,22.9,4,19.8,5,23.4,4,22.5,1
2016-08-31 00:00:00,17.3,1,14.6,1,15.7,1,14.4,3,15.5,2,13.7,2,13.5,4,15.5,3,17.3,1,17.9,1,19.6,1,15.7,3,16.3,2,16.4,2,17.7,1,17.5,1,17.3,3,14.0,3,17.6,1,16.1,2,18.3,1,16.4,1,19.4,2,14.5,4.0,18.4,1,19.7,3,17.8,5,16.3,1,19.3,1,21.5,1,20.6,2,22.2,5,18.9,5,23.1,4,21.7,1
2016-08-31 01:00:00,17.0,1,14.2,1,15.2,2,14.0,4,15.0,2,13.6,3,13.3,4,14.7,3,16.7,1,17.2,1,19.0,1,15.2,3,15.7,2,15.5,2,16.9,2,16.9,3,16.7,3,13.5,4,16.7,1,15.5,2,17.5,1,15.9,1,18.9,2,13.8,4.0,17.6,1,18.9,2,17.1,5,15.8,1,18.4,1,20.7,1,19.9,1,21.3,5,17.9,5,22.8,4,21.1,2
2016-08-31 02:00:00,16.7,1,13.9,1,14.7,2,13.7,4,14.6,3,13.5,4,13.1,5,13.9,4,16.1,1,16.6,1,18.4,1,14.6,4,14.9,2,14.7,2,16.0,2,16.2,4,16.0,4,13.1,5,15.8,1,14.8,3,16.7,1,15.6,1,18.3,2,13.3,5.0,16.9,1,18.3,1,16.5,5,15.2,1,17.5,1,20.0,1,19.5,1,20.6,5,17.0,5,22.5,4,20.5,3
2016-08-31 03:00:00,17.0,1,14.0,1,14.7,1,13.1,1,14.2,1,13.0,2,13.7,2,13.3,2,15.4,1,16.0,1,17.9,1,14.3,1,15.3,1,15.4,1,16.0,1,15.7,1,15.3,1,13.0,1,16.3,1,15.5,2,17.3,1,15.2,1,18.2,2,13.8,3.0,16.9,1,18.8,2,16.6,2,14.8,1,17.1,1,20.0,2,20.1,2,21.1,2,17.2,2,22.2,2,19.9,1
2016-08-31 04:00:00,16.7,1,13.7,1,14.2,1,12.6,1,14.0,1,12.6,3,13.3,2,12.6,2,14.9,1,15.6,1,17.3,1,14.1,1,14.9,1,15.2,2,15.3,1,15.1,1,14.5,1,12.7,1,16.0,1,15.3,2,16.8,1,14.9,1,17.7,2,13.3,3.0,16.3,1,18.5,2,16.3,2,14.3,1,16.6,1,19.7,2,19.9,2,20.8,2,16.7,2,22.2,2,19.5,1
2016-08-31 05:00:00,16.7,2,13.8,1,14.2,1,12.5,1,14.3,1,12.4,4,13.2,3,12.4,2,14.8,1,15.7,2,16.9,2,14.4,2,15.0,1,15.5,2,15.1,1,15.0,1,14.1,1,13.0,1,16.1,1,15.5,2,16.5,1,15.1,2,17.6,2,13.3,3.0,16.1,1,18.8,3,16.5,2,14.3,2,16.4,1,20.0,2,20.1,2,21.0,2,16.9,2,22.4,3,19.4,1
2016-08-31 06:00:00,17.0,2,14.7,1,15.1,1,13.4,1,15.5,1,13.1,4,13.9,3,13.4,2,15.6,2,16.5,2,17.4,2,15.7,2,15.9,1,16.5,2,15.9,2,15.9,1,14.9,1,14.3,1,17.0,1,16.5,2,16.9,1,16.1,2,18.2,2,14.1,3.0,16.8,1,19.8,3,17.5,2,15.2,2,17.0,1,20.9,2,21.1,2,21.8,2,18.2,2,23.0,3,20.1,1
2016-08-31 07:00:00,17.9,2,16.6,1,17.1,1,15.7,1,17.7,1,14.8,4,15.7,3,15.9,2,17.3,2,18.2,2,18.9,2,18.0,2,17.8,1,18.4,2,18.0,2,18.0,1,17.1,1,16.9,1,18.8,1,18.5,2,18.3,1,18.1,2,19.7,2,16.1,3.0,18.8,2,21.7,2,19.5,2,17.3,2,18.8,1,22.7,2,23.1,2,23.4,3,20.9,2,24.0,3,21.7,2
2016-08-31 08:00:00,19.1,2,19.1,1,19.7,1,18.8,2,20.4,1,17.1,3,18.2,2,19.2,2,19.6,2,20.5,2,21.0,2,20.9,1,20.1,1,20.7,2,20.7,3,20.8,1,20.1,1,20.2,1,21.0,1,21.0,2,20.2,1,20.7,1,21.7,2,18.8,3.0,21.6,2,24.1,2,22.0,2,20.0,2,21.2,1,24.8,2,25.5,2,25.4,3,24.3,2,25.2,4,23.7,2
2016-08-31 09:00:00,20.2,2,21.6,2,22.2,1,21.8,2,23.0,1,19.2,2,20.7,2,22.4,3,21.9,2,22.9,2,23.2,2,23.6,1,22.5,1,22.9,2,23.5,3,23.5,1,23.1,1,23.3,1,23.3,1,23.3,2,22.2,1,23.4,1,23.7,1,21.6,3.0,24.4,2,26.3,1,24.4,2,22.6,2,23.7,1,26.7,2,27.7,2,27.2,3,27.4,3,26.3,4,25.6,2
2016-08-31 10:00:00,21.0,2,23.7,2,24.1,1,23.9,2,24.9,1,20.7,2,22.6,2,24.7,3,23.7,1,24.9,1,25.0,1,25.7,2,24.4,1,24.6,2,25.7,3,25.6,2,25.3,2,25.5,1,25.1,2,24.9,2,23.9,1,25.8,2,25.4,1,23.9,4.0,26.6,2,27.9,2,26.1,3,24.4,2,25.7,1,27.8,1,29.1,2,28.5,3,29.3,3,27.0,4,26.9,2
2016-08-31 11:00:00,21.6,2,25.2,2,25.5,2,25.2,2,26.1,1,21.6,2,23.8,2,26.2,4,25.1,1,26.6,1,26.4,1,27.2,2,25.7,1,25.9,2,27.2,3,27.1,2,26.9,2,27.0,1,26.5,2,25.9,2,25.2,1,27.6,2,26.7,1,25.6,4.0,28.2,1,29.0,2,27.2,4,25.6,2,27.2,1,28.3,2,29.9,2,29.3,3,30.3,4,27.3,5,27.7,2
2016-08-31 12:00:00,21.9,2,26.1,2,26.4,2,25.8,2,27.0,1,22.0,2,24.2,2,27.2,4,26.1,2,27.7,2,27.4,2,28.2,2,26.7,2,26.8,2,28.3,3,28.2,2,27.9,2,28.0,2,27.5,2,26.6,2,26.2,1,29.0,2,27.7,1,26.7,5.0,29.2,2,29.8,2,28.0,4,26.3,2,28.4,1,28.5,2,30.3,2,29.8,3,30.6,4,27.5,5,28.0,2
2016-08-31 13:00:00,22.0,2,26.3,2,27.0,2,25.9,3,27.7,2,22.1,2,23.9,3,28.0,4,26.8,2,28.4,2,28.2,2,28.8,2,27.4,2,27.6,2,29.0,3,29.0,2,28.6,2,28.8,2,28.2,2,27.3,2,26.9,1,29.8,2,28.5,2,27.3,5.0,29.7,2,30.4,2,28.6,4,26.8,3,29.4,1,28.6,2,30.5,2,30.0,3,30.6,4,27.7,5,27.9,2
2016-08-31 14:00:00,21.9,2,26.1,2,27.3,2,25.5,4,28.0,2,22.0,2,23.1,3,28.4,3,27.3,3,28.6,2,28.6,3,29.2,2,27.9,2,28.0,2,29.4,3,29.5,3,29.0,2,29.3,2,28.6,2,27.9,2,27.4,1,30.1,2,29.1,2,27.2,5.0,29.8,2,30.8,2,29.0,4,27.0,4,30.0,1,28.5,2,30.5,2,29.9,3,30.3,4,27.7,4,27.6,2
2016-08-31 15:00:00,21.3,2,25.0,2,26.9,3,24.1,5,27.8,4,21.1,2,21.4,4,27.4,3,26.8,3,27.9,3,28.1,3,28.5,2,28.0,3,28.8,2,28.5,3,29.0,3,28.7,2,29.1,2,28.3,3,28.2,2,27.6,1,29.9,2,29.1,2,26.2,6.0,29.7,2,30.8,4,27.5,5,26.9,3,30.5,1,28.3,2,31.2,3,29.0,5,28.4,5,26.8,3,27.8,2
2016-08-31 16:00:00,20.7,2,24.0,2,26.3,4,23.1,5,27.5,4,20.5,2,20.8,3,26.8,3,26.7,3,27.6,3,27.8,3,28.5,3,27.7,4,28.2,2,28.1,3,28.9,3,28.6,2,29.0,2,28.1,3,27.8,2,27.4,2,29.5,2,28.9,2,24.7,6.0,29.4,2,30.0,3,26.6,5,26.5,3,30.3,1,27.6,2,30.3,3,28.2,4,27.8,4,26.3,3,27.2,2
2016-08-31 17:00:00,20.1,1,22.7,2,25.2,4,21.9,4,26.6,4,19.7,2,20.0,3,25.7,2,26.2,3,27.1,4,27.3,4,28.0,3,27.0,4,26.9,2,27.3,3,28.3,3,28.1,3,28.4,2,27.5,3,26.9,2,26.8,2,28.6,3,28.2,3,22.9,5.0,28.8,3,28.8,3,25.5,4,25.7,3,29.6,1,26.8,2,28.9,2,27.2,3,26.9,3,25.7,3,26.5,2
2016-08-31 18:00:00,19.5,1,21.2,2,23.8,3,20.4,4,25.2,4,18.6,3,19.0,3,24.0,2,25.2,4,26.1,4,26.4,4,26.6,4,25.7,3,25.3,2,25.8,2,27.2,3,27.0,3,26.9,2,26.3,2,25.4,2,25.8,2,27.2,3,27.2,3,21.1,5.0,27.6,3,27.3,3,24.1,4,24.5,3,28.4,1,25.9,2,27.3,2,26.1,3,25.8,2,25.1,2,25.7,1
2016-08-31 19:00:00,18.9,2,19.4,2,22.1,3,18.7,4,23.2,3,17.4,3,17.7,3,21.9,2,23.6,4,24.7,4,25.2,4,24.1,3,23.9,3,23.4,2,23.8,2,25.4,3,25.3,3,24.4,2,24.6,2,23.3,2,24.5,2,25.4,2,26.0,3,19.6,5.0,25.7,3,25.7,4,22.7,4,22.9,3,26.9,1,25.2,2,25.7,2,25.2,2,24.5,2,24.7,2,24.9,1
2016-08-31 20:00:00,18.3,3,17.7,2,20.3,2,17.0,4,21.0,3,16.3,4,16.3,4,19.8,2,21.8,3,23.0,3,23.9,3,21.1,3,22.0,2,21.6,3,21.6,2,23.3,3,23.4,4,21.5,2,22.8,2,21.0,2,23.2,1,23.4,2,24.8,3,18.5,5.0,23.6,2,24.1,4,21.4,4,21.3,2,25.3,1,24.6,2,24.3,2,24.4,2,23.2,2,24.3,2,24.1,2
2016-08-31 21:00:00,17.9,3,16.4,2,18.7,2,15.6,4,19.3,3,15.5,4,15.3,4,18.0,3,20.3,3,21.6,3,22.7,3,19.0,3,20.6,2,20.3,3,20.0,2,21.5,3,21.8,4,19.1,2,21.5,2,19.4,2,22.1,2,21.8,2,23.7,3,17.5,5.0,22.0,3,22.9,4,20.3,4,20.0,3,23.9,2,23.7,2,23.1,2,23.7,2,22.0,3,24.1,2,23.4,2
2016-08-31 22:00:00,17.6,4,15.7,2,17.5,2,14.7,4,18.0,4,14.9,4,14.6,4,16.5,3,19.1,3,20.4,3,21.7,4,17.6,3,19.4,2,19.2,3,18.7,3,20.0,4,20.4,4,17.5,3,20.4,2,18.3,3,21.1,2,20.5,3,22.9,3,16.7,5.0,20.8,3,21.9,4,19.4,4,19.1,3,22.6,2,22.8,2,22.0,2,23.1,3,20.9,3,23.9,2,22.8,2
2016-08-31 23:00:00,17.4,4,15.4,3,16.6,2,14.2,4,16.9,4,14.5,5,14.1,5,15.6,3,18.1,3,19.3,3,20.7,4,16.9,3,18.5,2,18.3,3,17.7,3,18.7,4,19.3,5,16.5,3,19.5,3,17.5,3,20.2,3,19.4,3,22.2,4,16.1,5.0,19.8,3,21.0,4,18.6,5,18.3,3,21.5,3,22.0,3,21.1,3,22.5,3,19.8,3,23.6,2,22.3,3
2016-09-01 00:00:00,17.2,4,15.2,3,16.0,2,13.9,4,16.1,4,14.1,5,13.8,5,14.9,4,17.3,3,18.3,3,19.9,4,16.4,3,17.7,3,17.5,4,16.9,4,17.7,4,18.4,5,16.0,4,18.6,3,17.0,4,19.4,3,18.6,3,21.5,4,15.4,5.0,19.0,4,20.2,5,17.9,5,17.7,4,20.5,3,21.1,3,20.3,3,21.9,3,18.7,3,23.3,2,21.8,3
2016-09-01 01:00:00,17.0,4,14.9,3,15.5,2,13.7,5,15.4,5,13.8,5,13.5,5,14.3,4,16.5,4,17.4,4,19.0,4,15.9,4,16.9,3,16.9,4,16.1,5,16.9,5,17.6,5,15.5,4,17.8,4,16.6,4,18.5,4,17.8,4,20.8,4,14.7,5.0,18.3,4,19.4,5,17.1,5,17.1,4,19.6,4,20.3,4,19.7,4,21.2,4,17.8,4,23.0,2,21.3,4
2016-09-01 02:00:00,16.7,4,14.4,3,15.1,2,13.4,5,14.8,5,13.4,6,13.2,5,13.8,4,15.8,4,16.6,4,18.2,5,15.3,4,16.2,4,16.3,5,15.4,5,16.2,5,16.8,6,15.0,5,17.1,4,16.3,5,17.6,4,17.2,4,20.1,4,14.1,5.0,17.7,4,18.6,5,16.5,5,16.6,5,18.8,4,19.7,4,19.4,4,20.5,4,16.9,4,22.6,2,20.8,4
2016-09-01 03:00:00,16.5,4,14.8,5,15.3,5,13.2,6,14.6,3,13.4,6,13.4,5,13.5,6,15.3,4,15.6,4,17.2,4,14.4,1,16.4,2,16.0,3,15.5,2,15.2,2,15.7,2,14.3,1,16.8,2,16.0,3,17.0,2,16.7,3,18.6,2,13.8,4.0,17.4,2,18.3,1,16.1,2,16.1,2,18.2,2,20.8,2,20.1,2,20.6,3,17.1,3,22.3,2,21.4,2
2016-09-01 04:00:00,16.1,3,14.5,5,15.0,5,12.7,6,14.5,3,13.0,6,13.1,5,12.8,6,14.8,5,15.3,5,16.5,5,14.2,1,16.0,2,16.0,4,14.9,3,14.6,2,14.9,2,13.8,1,16.6,2,15.9,4,16.3,2,16.2,3,18.1,2,13.2,4.0,16.9,2,17.9,2,15.9,2,15.6,3,17.6,2,20.4,2,20.1,2,20.3,3,16.6,2,22.1,2,21.2,2
2016-09-01 05:00:00,15.9,3,14.5,5,15.0,5,12.4,6,14.8,3,12.8,6,12.9,5,12.6,5,14.7,5,15.4,5,16.0,5,14.6,2,16.1,1,16.5,5,14.7,5,14.4,3,14.4,2,13.7,1,16.8,2,16.3,5,16.1,2,16.2,3,18.0,2,13.0,5.0,16.9,2,18.2,2,16.1,2,15.5,3,17.4,2,20.5,2,20.5,3,20.6,3,16.8,2,22.2,2,21.4,3
2016-09-01 06:00:00,16.0,2,14.9,4,15.5,5,13.0,5,15.7,4,13.2,5,13.4,4,13.1,5,15.1,6,16.1,6,16.2,6,15.6,2,16.9,1,17.7,5,15.3,6,15.1,3,15.0,2,14.7,1,17.7,2,17.5,5,16.5,1,16.9,3,18.6,2,13.7,5.0,17.6,2,19.4,2,17.2,2,16.2,4,17.9,2,21.5,2,21.8,3,21.5,2,18.2,2,22.6,3,22.2,3
2016-09-01 07:00:00,16.5,2,16.0,4,16.6,4,14.6,4,17.4,5,14.5,4,14.6,4,14.8,4,16.2,5,17.4,6,17.3,6,17.4,2,18.6,1,19.7,4,17.0,5,16.9,3,16.9,1,16.9,1,19.4,2,19.6,4,17.9,1,18.6,3,20.1,2,15.6,4.0,19.4,2,21.7,2,19.3,2,17.9,3,19.4,2,23.6,2,24.1,3,23.3,2,21.0,2,23.6,3,23.9,3
2016-09-01 08:00:00,17.2,2,17.6,3,18.0,3,16.9,3,19.4,5,16.3,3,16.3,3,17.2,3,17.8,5,19.1,5,19.1,5,19.7,2,20.8,1,22.0,3,19.3,4,19.2,3,19.5,1,19.8,2,21.4,2,22.1,3,19.9,1,20.9,2,22.1,2,18.3,4.0,21.9,2,24.7,2,21.9,2,20.2,3,21.6,2,26.1,2,26.9,2,25.5,2,24.5,2,24.8,3,26.0,3
2016-09-01 09:00:00,18.0,2,19.2,3,19.5,3,19.0,2,21.3,5,18.0,1,18.0,2,19.6,2,19.4,4,20.9,5,20.9,5,21.8,2,22.9,2,24.2,2,21.7,3,21.6,3,22.0,2,22.6,2,23.5,2,24.4,2,22.0,1,23.2,2,24.2,2,21.1,3.0,24.5,1,27.4,1,24.6,2,22.4,3,23.8,2,28.3,2,29.4,2,27.6,2,27.7,2,25.9,3,28.0,2
2016-09-01 10:00:00,18.6,2,20.5,3,20.7,2,20.5,2,22.7,5,19.3,1,19.3,2,21.5,2,20.8,5,22.5,5,22.4,5,23.5,2,24.5,2,25.8,1,23.6,3,23.4,3,23.9,2,24.5,2,25.2,1,26.1,1,23.7,1,25.0,2,26.0,2,23.4,3.0,26.6,1,29.4,2,26.9,2,24.0,3,25.7,2,29.5,2,31.0,2,29.3,2,29.9,3,26.7,3,29.4,2
2016-09-01 11:00:00,19.1,2,21.5,3,21.7,2,21.4,2,23.6,4,20.1,1,20.2,2,22.9,2,22.0,5,23.8,5,23.6,5,24.7,3,25.6,3,26.9,1,25.0,3,24.8,4,25.1,3,25.8,2,26.4,1,27.2,1,25.0,1,26.4,2,27.3,2,25.3,4.0,28.1,1,30.7,2,28.7,2,25.1,4,27.2,2,29.9,3,31.8,2,30.4,3,31.2,3,27.1,3,30.1,2
2016-09-01 12:00:00,19.3,2,22.2,3,22.5,2,21.9,2,24.2,4,20.6,1,20.7,2,24.0,2,22.9,5,24.8,5,24.5,5,25.5,3,26.2,3,27.7,2,26.1,3,25.8,4,26.1,4,26.7,2,27.3,2,27.9,2,26.1,1,27.4,3,28.3,2,26.7,4.0,29.2,1,31.5,2,29.9,2,25.9,5,28.4,2,30.0,3,32.3,3,31.1,3,31.8,4,27.3,3,30.5,3
2016-09-01 13:00:00,19.3,2,22.5,3,23.1,2,22.2,2,24.7,5,20.8,2,20.8,2,24.8,2,23.6,4,25.4,4,25.2,4,26.0,4,26.5,4,28.3,2,26.9,2,26.6,4,27.0,4,27.4,2,27.8,2,28.4,3,27.1,1,28.1,3,28.8,2,27.7,4.0,29.8,1,32.0,2,30.6,3,26.5,5,29.4,2,30.2,3,32.6,2,31.3,2,32.0,4,27.4,4,30.6,3
2016-09-01 14:00:00,19.1,2,22.5,2,23.5,2,22.2,2,25.1,5,20.9,1,20.6,2,25.3,2,24.1,3,25.7,4,25.6,3,26.3,4,26.5,5,28.6,2,27.4,2,27.3,3,27.7,4,28.0,2,27.9,3,28.7,3,27.7,1,28.6,3,29.0,3,28.0,4.0,30.0,1,32.3,2,30.7,3,27.0,5,30.0,2,30.3,2,32.7,2,31.0,2,31.7,3,27.3,4,30.5,3
2016-09-01 15:00:00,18.9,2,22.0,3,23.4,4,22.0,3,24.8,4,20.2,1,19.8,2,24.9,2,24.1,2,25.5,3,25.5,3,25.8,3,25.5,4,27.9,5,27.3,2,27.5,3,27.4,3,27.9,4,27.1,5,27.7,4,27.5,2,28.1,3,28.3,3,27.2,3.0,29.3,2,32.1,2,30.4,4,26.4,5,29.9,2,30.5,2,32.9,2,31.2,2,31.1,3,26.9,3,30.6,3
2016-09-01 16:00:00,18.6,2,21.3,3,23.0,5,21.5,2,24.5,3,19.8,2,19.5,2,24.7,2,24.2,2,25.3,2,25.4,3,25.8,3,24.9,4,26.8,4,27.2,2,27.6,3,27.3,3,27.7,3,26.7,4,27.0,4,27.1,1,27.8,3,27.9,3,25.7,3.0,29.0,2,31.6,2,29.6,3,26.2,4,29.8,1,30.0,2,32.2,3,30.4,2,30.2,2,26.5,3,30.1,3
2016-09-01 17:00:00,18.3,2,20.4,2,22.2,5,20.7,2,23.7,3,19.0,2,19.0,2,24.1,2,23.9,2,24.9,2,25.0,2,25.4,2,24.0,3,25.3,4,26.5,1,27.2,3,26.7,2,26.9,2,26.0,3,25.8,4,26.4,1,27.0,2,27.1,3,23.7,3.0,28.3,2,30.8,2,28.3,3,25.6,4,29.1,1,29.2,2,31.2,3,29.4,2,29.1,2,26.0,3,29.4,3
2016-09-01 18:00:00,17.9,2,19.2,2,21.0,4,19.5,2,22.5,2,17.9,2,18.2,2,22.9,2,23.1,2,24.0,2,24.3,2,24.1,2,22.8,2,23.5,3,25.3,1,26.1,2,25.7,2,25.3,2,24.8,2,24.1,3,25.3,1,25.8,2,26.1,3,21.6,3.0,27.1,2,29.6,2,26.8,2,24.5,3,28.1,1,28.2,3,29.8,3,28.2,2,27.6,2,25.5,2,28.5,3
2016-09-01 19:00:00,17.4,2,17.7,1,19.5,3,17.9,2,20.7,2,16.6,2,16.9,2,21.1,2,21.7,1,22.7,1,23.2,2,21.8,2,21.2,2,21.8,3,23.5,1,24.3,2,24.1,2,22.7,1,23.1,2,21.9,3,24.1,1,24.1,2,24.8,3,19.9,3.0,25.3,1,28.1,2,25.1,2,22.8,3,26.7,1,27.2,2,28.1,3,27.1,2,25.9,2,25.1,3,27.6,2
2016-09-01 20:00:00,17.0,2,16.2,2,18.0,3,16.1,2,18.7,2,15.3,2,15.4,2,19.0,2,20.0,1,21.1,1,22.0,1,19.0,1,19.5,2,20.2,3,21.6,1,22.1,2,22.3,2,19.8,1,21.1,2,19.7,2,22.8,1,22.2,2,23.4,3,18.5,3.0,23.2,1,26.5,1,23.5,2,20.8,2,25.2,1,26.3,2,26.4,2,26.0,1,24.2,2,24.9,3,26.6,2
2016-09-01 21:00:00,16.6,3,15.1,2,16.6,2,14.6,2,17.0,2,14.3,3,14.3,3,17.1,2,18.6,1,19.8,2,21.0,2,17.1,2,18.2,2,18.9,2,19.8,1,20.1,1,20.8,2,17.6,1,19.7,1,18.1,2,21.7,1,20.7,2,22.3,3,17.5,3.0,21.5,1,25.1,1,22.0,2,19.4,2,23.8,1,25.6,2,25.2,2,24.9,1,22.7,2,24.4,3,25.7,2
2016-09-01 22:00:00,16.3,3,14.4,2,15.7,2,13.7,3,15.8,2,13.7,3,13.6,3,15.7,3,17.5,2,18.7,2,20.1,2,15.7,2,17.1,2,17.8,2,18.5,1,18.7,1,19.4,2,15.9,1,18.5,1,17.0,2,20.8,1,19.3,2,21.2,2,16.7,3.0,20.2,2,23.8,1,20.8,2,18.4,2,22.6,1,24.8,2,24.2,2,23.8,1,21.4,2,23.9,3,24.7,2
2016-09-01 23:00:00,16.1,3,13.8,3,15.0,2,13.2,3,15.0,3,13.3,4,13.2,4,14.8,3,16.7,2,17.8,3,19.4,3,14.7,3,16.1,3,16.9,2,17.6,2,17.8,1,18.2,2,14.8,1,17.6,1,16.3,2,19.9,1,18.3,1,20.2,2,16.0,3.0,19.4,2,22.6,1,19.7,2,17.7,1,21.6,1,24.1,2,23.5,2,22.8,2,20.2,3,23.5,3,23.8,1
2016-09-02 00:00:00,15.8,3,13.4,3,14.5,3,12.9,4,14.5,3,13.1,4,13.1,4,14.1,3,16.1,3,17.1,3,18.7,3,14.1,3,15.3,3,16.2,2,16.9,3,17.2,2,17.3,2,14.1,1,16.9,1,15.8,1,19.2,1,17.5,1,19.4,2,15.3,3.0,18.8,2,21.6,1,18.7,2,17.2,1,20.7,1,23.2,1,22.8,1,22.0,2,19.2,3,23.0,3,22.9,1
2016-09-02 01:00:00,15.5,4,13.0,4,14.0,4,12.7,4,14.0,4,12.9,5,12.9,5,13.5,4,15.5,3,16.3,4,17.9,4,13.7,4,14.6,3,15.6,2,16.2,4,16.6,3,16.4,2,13.7,1,16.2,1,15.4,1,18.4,1,17.0,1,18.7,3,14.5,4.0,18.4,2,20.6,1,17.9,2,16.7,1,19.9,1,22.3,1,22.1,1,21.2,2,18.2,3,22.6,3,22.1,1
2016-09-02 02:00:00,15.3,4,12.5,4,13.4,5,12.5,4,13.5,4,12.8,5,12.7,5,13.0,4,14.9,4,15.6,4,17.1,4,13.4,4,14.2,4,15.1,1,15.4,5,16.0,4,15.7,2,13.4,1,15.7,1,15.0,1,17.7,1,16.6,1,18.2,4,13.7,4.0,17.9,2,19.9,1,17.2,2,16.2,1,19.0,1,21.3,1,21.5,1,20.7,2,17.3,3,22.3,3,21.5,1
2016-09-02 03:00:00,15.4,4,12.5,4,13.9,2,11.9,3,13.5,2,12.6,3,12.7,4,12.2,4,14.4,2,14.8,2,17.0,2,13.1,2,15.2,2,15.2,2,15.4,3,15.4,2,15.4,1,12.6,1,15.9,1,15.6,1,17.4,1,16.4,1,17.5,1,13.5,1.0,17.4,1,20.3,1,17.0,1,16.0,1,18.3,1,21.5,1,21.4,1,20.5,1,16.9,3,22.4,2,21.9,1
2016-09-02 04:00:00,15.2,5,12.4,4,13.6,2,11.4,4,13.4,2,12.2,3,12.3,5,11.5,4,13.9,2,14.4,2,16.4,2,13.1,2,14.9,2,15.1,2,14.7,3,14.7,2,14.7,2,12.4,1,15.7,1,15.3,2,16.8,1,15.8,2,17.0,1,12.9,1.0,16.8,1,19.8,1,16.6,1,15.5,1,17.5,1,20.9,1,21.2,1,20.1,1,16.3,3,22.2,2,21.4,1
2016-09-02 05:00:00,15.1,5,12.7,5,13.6,2,11.3,4,13.9,2,12.0,4,12.3,6,11.3,4,13.9,3,14.6,3,16.0,3,13.7,2,15.0,2,15.6,3,14.5,3,14.6,3,14.5,2,12.8,2,15.9,1,15.5,2,16.5,1,15.6,2,17.0,1,12.7,1.0,16.6,1,19.8,1,16.7,1,15.5,2,17.1,1,20.9,1,21.4,1,20.2,1,16.3,3,22.2,3,21.3,1
2016-09-02 06:00:00,15.4,5,13.5,5,14.3,2,12.0,5,15.1,3,12.5,4,12.9,6,12.2,4,14.6,3,15.5,3,16.4,3,15.1,2,15.9,2,16.7,3,15.2,3,15.4,3,15.3,2,14.3,2,16.9,1,16.4,2,17.0,1,16.2,2,17.7,2,13.5,1.0,17.4,1,20.7,1,17.6,1,16.4,2,17.6,1,21.7,1,22.4,1,21.0,1,17.6,3,22.7,4,22.0,1
2016-09-02 07:00:00,16.0,5,15.1,5,15.8,2,13.9,5,17.2,3,13.9,3,14.4,6,14.4,4,16.3,3,17.3,3,17.8,3,17.4,2,17.7,3,18.5,3,17.1,4,17.5,2,17.3,2,17.0,2,18.7,1,18.3,2,18.4,1,18.0,2,19.1,1,15.6,1.0,19.5,1,22.6,1,19.6,2,18.5,2,19.4,1,23.7,1,24.4,1,22.6,2,20.5,3,23.7,4,23.6,1
2016-09-02 08:00:00,16.9,4,17.0,5,17.8,2,16.5,5,19.7,3,15.8,3,16.5,5,17.4,3,18.5,3,19.6,3,19.9,3,20.1,3,20.0,3,20.7,2,19.7,4,20.3,2,20.1,2,20.2,2,20.9,1,20.8,2,20.5,1,20.5,2,21.0,1,18.4,1.0,22.4,1,25.1,1,22.2,2,21.2,2,21.9,1,26.3,1,27.0,1,24.8,2,24.3,3,24.9,4,25.6,1
2016-09-02 09:00:00,17.9,3,19.1,4,19.9,3,19.1,4,22.0,3,17.7,2,18.6,4,20.4,3,20.8,3,22.0,3,22.1,3,22.7,3,22.3,3,22.8,2,22.3,4,23.1,2,22.9,2,23.2,2,23.1,2,23.1,1,22.6,1,23.1,1,23.0,1,21.4,1.0,25.2,1,27.5,1,24.8,2,23.7,1,24.5,1,28.5,1,29.3,1,27.0,2,27.7,3,26.0,4,27.6,1
2016-09-02 10:00:00,18.8,3,20.9,4,21.7,3,21.0,4,23.7,3,19.1,3,20.2,4,22.7,3,22.6,3,24.0,3,24.1,3,24.6,3,24.1,3,24.4,1,24.4,3,25.3,2,25.1,2,25.4,2,25.0,2,24.8,1,24.4,1,25.2,2,24.8,1,23.9,2.0,27.4,1,29.3,1,27.0,2,25.5,1,26.7,1,29.7,1,30.9,1,28.9,2,29.9,2,26.5,4,29.0,1
2016-09-02 11:00:00,19.4,2,22.3,3,23.1,3,22.3,4,24.9,3,19.9,3,21.4,4,24.4,4,24.0,3,25.5,3,25.6,3,26.0,4,25.3,3,25.7,1,25.9,3,26.9,2,26.8,2,26.8,2,26.4,2,25.9,1,25.7,1,26.9,2,26.3,1,25.8,2.0,28.9,1,30.5,1,28.6,2,26.6,2,28.4,1,30.1,1,31.8,1,30.3,2,31.0,2,26.7,3,29.9,1
2016-09-02 12:00:00,19.8,2,23.3,3,24.1,3,23.0,4,25.7,3,20.4,4,22.0,4,25.5,4,25.1,4,26.7,4,26.8,4,26.9,4,26.1,3,26.6,2,27.0,3,28.0,3,28.0,2,27.9,2,27.4,2,26.7,2,26.8,1,28.1,2,27.4,1,27.2,2.0,29.9,1,31.4,1,29.6,2,27.4,2,29.7,1,30.1,1,32.4,1,31.2,2,31.5,2,26.7,3,30.3,1
2016-09-02 13:00:00,19.8,2,23.7,3,24.7,3,23.3,4,26.4,4,20.6,3,22.2,4,26.3,3,25.9,4,27.5,4,27.6,4,27.5,4,26.6,3,27.4,2,27.7,3,28.7,3,28.9,2,28.8,2,27.9,3,27.3,2,27.6,1,28.9,2,28.2,2,28.1,3.0,30.6,1,32.1,1,30.0,2,28.2,2,30.7,1,30.1,1,32.8,1,31.4,2,31.6,2,26.7,3,30.3,1
2016-09-02 14:00:00,19.6,3,23.6,4,24.8,3,23.2,5,26.8,5,20.7,3,22.0,4,26.7,3,26.4,5,28.0,5,27.9,5,27.9,4,26.7,4,27.8,3,28.0,4,29.2,4,29.5,2,29.4,2,28.1,3,27.6,2,28.0,1,29.4,2,28.5,2,28.3,3.0,30.9,1,32.4,1,29.9,2,28.7,3,31.4,1,30.0,1,32.9,1,31.1,1,31.4,2,26.7,3,30.1,1
2016-09-02 15:00:00,19.7,5,23.7,4,25.4,3,24.1,5,27.0,5,20.1,5,21.1,5,26.9,4,26.8,4,28.1,5,28.0,5,27.8,5,26.7,4,27.7,4,27.3,3,29.7,3,29.5,4,29.2,3,27.4,4,27.5,4,28.2,1,29.2,3,28.4,2,27.2,4.0,31.1,2,32.2,1,29.3,3,29.3,2,31.7,1,29.9,1,32.5,1,30.7,1,30.2,2,25.7,4,29.7,1
2016-09-02 16:00:00,19.2,5,22.7,5,25.0,4,23.0,4,26.6,5,19.7,6,20.6,5,26.1,4,26.8,4,27.9,5,27.9,4,27.7,5,26.1,4,26.9,4,26.6,3,29.4,3,29.4,4,29.0,3,26.9,3,26.8,3,28.0,2,28.8,3,28.0,2,25.6,4.0,30.7,2,31.4,2,28.4,3,29.0,1,31.5,1,29.0,1,31.5,2,29.8,1,29.3,2,25.4,4,29.2,1
2016-09-02 17:00:00,18.7,5,21.5,5,24.2,4,21.7,4,25.7,4,19.2,5,19.9,5,24.7,4,26.5,4,27.3,4,27.7,4,27.2,5,25.2,4,25.6,4,25.4,4,28.6,4,28.8,4,28.1,2,26.1,2,25.6,3,27.4,3,28.0,2,27.3,2,23.6,3.0,29.8,2,30.0,2,27.2,2,28.2,1,30.8,1,27.8,1,30.1,2,28.6,1,28.2,2,25.0,4,28.6,1
2016-09-02 18:00:00,18.2,5,20.2,5,23.0,5,20.2,4,24.4,4,18.3,5,19.0,5,23.0,4,25.7,4,26.4,4,27.0,4,25.8,5,23.9,4,24.0,4,23.9,4,27.3,4,27.6,4,26.4,2,24.8,2,23.9,2,26.4,3,26.7,1,26.3,2,21.5,3.0,28.3,3,28.3,2,25.7,2,26.8,1,29.7,1,26.6,2,28.4,3,27.3,1,26.8,2,24.7,4,27.7,1
2016-09-02 19:00:00,17.7,5,18.8,5,21.5,5,18.8,4,22.7,4,17.2,5,17.7,5,21.1,4,24.3,4,25.1,4,25.9,4,23.5,4,22.4,4,22.2,4,22.1,4,25.5,4,25.8,4,23.8,3,23.1,2,21.7,2,25.1,3,24.9,1,25.0,2,19.8,2.0,26.2,3,26.4,2,24.0,1,24.8,2,28.2,1,25.6,1,26.5,3,26.1,1,25.2,2,24.4,4,26.6,1
2016-09-02 20:00:00,17.3,5,17.5,5,20.0,4,17.5,5,20.8,3,16.0,5,16.3,5,19.3,3,22.6,4,23.6,4,24.5,4,20.9,3,20.8,4,20.5,4,20.3,4,23.5,4,23.8,4,20.8,3,21.2,2,19.4,2,23.8,3,23.0,1,23.7,2,18.5,2.0,23.9,4,24.6,2,22.3,1,22.5,2,26.6,1,24.7,1,24.6,3,24.9,1,23.4,3,24.1,4,25.4,1
2016-09-02 21:00:00,17.0,5,16.6,5,18.8,4,16.4,5,19.4,3,15.1,5,15.4,5,17.9,3,21.3,4,22.3,4,23.3,4,19.0,3,19.4,4,19.1,4,19.0,3,21.9,4,22.1,4,18.6,3,19.8,2,17.6,2,22.6,3,21.3,2,22.7,2,17.4,2.0,22.1,4,23.1,2,20.9,1,20.9,2,25.0,1,23.9,1,23.2,2,23.8,1,21.9,2,23.8,4,24.5,1
2016-09-02 22:00:00,16.8,5,15.8,5,17.8,5,15.6,5,18.3,3,14.5,6,14.7,5,16.7,4,20.2,5,21.2,4,22.3,4,17.6,3,18.4,3,18.2,4,18.0,3,20.5,4,20.7,4,16.9,3,18.6,3,16.7,2,21.5,3,20.0,2,21.8,2,16.5,2.0,20.7,4,21.8,2,19.6,1,19.7,2,23.4,2,23.1,1,22.1,2,22.7,1,20.4,2,23.4,4,23.7,1
2016-09-02 23:00:00,16.6,5,15.1,6,16.8,5,14.9,5,17.3,3,14.2,6,14.3,5,15.8,4,19.2,5,20.1,4,21.4,4,16.6,3,17.7,3,17.5,4,17.3,4,19.4,4,19.6,4,15.7,3,17.7,3,16.4,3,20.5,3,19.0,3,21.1,3,15.7,3.0,19.6,4,20.9,1,18.6,1,18.9,3,22.1,2,22.4,1,21.3,2,21.8,1,19.1,2,23.1,3,23.1,1
2016-09-03 00:00:00,16.4,6,14.6,6,16.0,5,14.4,6,16.5,3,14.0,6,14.0,5,15.0,4,18.3,5,19.1,4,20.4,5,15.9,3,17.1,4,17.0,4,16.6,4,18.4,5,18.7,5,15.0,3,17.0,3,16.3,3,19.5,3,18.3,3,20.5,3,14.9,3.0,18.8,4,20.1,1,17.7,2,18.2,3,20.8,2,21.7,1,20.8,2,21.0,1,18.0,2,22.7,3,22.5,1
2016-09-03 01:00:00,16.2,6,14.2,6,15.4,5,13.9,6,15.7,4,13.9,6,13.8,6,14.3,5,17.3,5,18.0,4,19.5,5,15.3,4,16.4,4,16.3,4,15.9,5,17.4,5,17.9,5,14.4,4,16.4,4,15.9,4,18.5,4,17.8,4,19.8,4,14.2,4.0,18.1,4,19.4,1,17.1,2,17.6,3,19.8,2,21.0,1,20.4,2,20.4,1,17.0,1,22.4,3,22.0,1
2016-09-03 02:00:00,16.1,6,13.9,6,14.8,6,13.4,6,15.0,5,13.8,6,13.6,6,13.6,5,16.4,5,17.0,4,18.5,5,14.8,5,15.7,4,15.7,5,15.1,6,16.5,5,17.0,5,14.0,4,15.9,4,15.5,5,17.6,4,17.3,4,19.1,4,13.5,4.0,17.5,5,18.9,1,16.6,2,16.9,4,18.8,2,20.3,1,20.1,1,20.0,1,16.4,1,22.2,3,21.5,1
2016-09-03 03:00:00,16.3,5,14.6,4,15.8,5,13.3,6,15.5,4,14.7,6,14.6,6,13.8,6,16.5,4,17.2,5,18.7,4,14.7,4,15.8,5,15.5,4,15.3,5,16.6,4,16.7,4,14.2,3,15.7,3,15.7,2,18.5,3,16.8,3,18.3,2,13.5,2.0,18.0,3,18.4,1,16.1,1,17.1,2,18.3,1,20.1,2,19.8,1,20.2,2,16.9,1,22.4,1,21.2,1
2016-09-03 04:00:00,16.2,6,14.4,5,15.5,5,13.2,5,15.6,5,14.4,6,14.3,6,13.4,5,16.0,5,16.8,5,18.1,5,14.9,4,15.6,4,15.6,4,14.7,5,16.0,4,16.1,4,14.2,3,15.6,3,15.6,2,18.0,3,16.7,4,17.8,2,13.0,2.0,17.3,3,18.1,1,15.7,1,16.5,2,17.5,1,19.5,2,19.5,1,19.8,2,16.3,1,22.2,2,20.7,1
2016-09-03 05:00:00,16.2,6,14.4,6,15.5,5,13.4,3,16.1,5,14.3,6,14.2,6,13.4,4,15.9,5,16.8,5,17.9,5,15.6,4,15.9,4,16.2,4,14.4,4,15.8,4,15.9,4,14.8,3,16.0,4,15.9,3,17.8,3,16.9,5,17.7,2,12.9,2.0,17.0,3,18.3,2,15.7,1,16.3,3,17.1,1,19.3,2,19.7,2,19.9,2,16.3,1,22.3,2,20.6,1
2016-09-03 06:00:00,16.4,7,15.1,6,16.1,5,14.2,2,17.3,5,14.7,7,14.7,6,14.1,3,16.4,5,17.4,5,18.2,5,17.0,4,16.8,3,17.5,4,15.0,4,16.5,4,16.7,4,16.2,3,17.1,4,17.0,3,18.3,3,17.8,5,18.3,2,13.9,2.0,17.7,3,19.4,2,16.6,2,17.2,3,17.7,1,20.1,2,20.8,2,20.7,2,17.5,2,22.7,2,21.3,1
2016-09-03 07:00:00,16.9,7,16.5,7,17.4,5,15.7,2,19.1,5,15.8,7,16.0,6,15.9,3,17.7,4,18.8,5,19.3,5,19.0,4,18.6,3,19.4,3,16.8,4,18.4,4,18.6,4,18.6,3,18.9,4,19.0,3,19.6,3,19.6,5,19.7,2,16.2,2.0,19.7,3,21.5,2,18.8,1,19.4,3,19.7,2,22.1,2,23.0,2,22.4,2,20.3,2,23.7,2,22.9,1
2016-09-03 08:00:00,17.6,6,18.3,6,19.1,4,17.6,3,21.2,4,17.3,7,17.7,6,18.2,3,19.4,4,20.7,4,20.8,4,21.4,4,20.9,4,21.6,3,19.3,3,21.0,3,21.2,3,21.6,3,21.2,3,21.4,2,21.4,2,21.9,4,21.6,1,19.3,2.0,22.6,3,24.1,2,21.8,1,22.3,2,22.5,2,24.7,2,25.9,2,24.6,3,24.0,1,24.9,2,25.1,2
2016-09-03 09:00:00,18.3,6,20.1,6,20.8,4,19.6,3,23.1,3,18.7,7,19.4,6,20.7,3,21.3,3,22.6,3,22.6,3,23.6,4,23.2,4,23.6,2,21.9,3,23.6,3,23.8,2,24.3,3,23.5,2,23.7,2,23.3,2,24.3,3,23.7,1,22.3,2.0,25.5,3,26.7,2,24.8,2,25.2,2,25.4,2,26.9,2,28.5,2,26.8,3,27.4,1,25.9,2,27.1,2
2016-09-03 10:00:00,18.9,6,21.5,6,22.1,4,21.3,3,24.5,2,19.8,5,20.8,6,22.8,3,22.9,3,24.3,3,24.3,3,25.4,4,25.1,4,25.2,2,24.2,3,25.6,3,25.8,2,26.3,3,25.5,2,25.4,2,24.9,2,26.5,3,25.6,2,24.6,3.0,27.8,3,28.8,2,27.3,2,27.3,2,27.7,1,28.2,3,30.3,3,28.7,3,29.8,2,26.5,2,28.5,1
2016-09-03 11:00:00,19.4,6,22.5,5,23.1,4,22.7,3,25.5,2,20.5,4,21.7,6,24.5,3,24.3,2,25.7,2,25.7,2,26.7,4,26.5,4,26.4,2,25.9,2,27.0,4,27.3,2,27.7,2,27.1,2,26.6,3,26.2,3,28.3,2,27.1,2,26.3,3.0,29.5,2,30.4,2,29.2,3,28.8,3,29.5,1,28.7,3,31.4,3,30.1,3,31.2,2,26.7,2,29.2,1
2016-09-03 12:00:00,19.7,6,23.1,5,23.8,4,23.7,4,26.3,2,21.0,3,22.3,6,25.7,3,25.3,2,26.7,2,26.8,2,27.7,3,27.5,3,27.5,2,27.1,2,28.1,4,28.4,2,28.7,2,28.3,2,27.5,3,27.3,3,29.6,2,28.4,2,27.6,3.0,30.7,2,31.6,3,30.4,3,29.8,3,30.9,1,28.7,4,32.1,3,30.9,3,31.9,2,26.7,2,29.5,1
2016-09-03 13:00:00,19.8,6,23.5,5,24.2,5,24.2,4,27.0,2,21.3,4,22.5,6,26.5,3,26.0,2,27.4,2,27.6,2,28.5,4,28.1,3,28.5,2,27.8,2,28.9,5,29.3,2,29.6,2,29.0,3,28.1,3,28.3,3,30.5,2,29.3,3,28.6,4.0,31.6,2,32.4,3,31.0,3,30.6,4,32.1,2,28.6,4,32.5,3,31.1,3,32.2,2,26.7,2,29.4,2
2016-09-03 14:00:00,19.8,6,23.6,5,24.5,5,24.4,5,27.6,2,21.4,5,22.4,6,27.0,4,26.5,2,27.8,2,28.0,2,29.0,4,28.3,3,29.1,2,28.0,3,29.5,4,29.9,2,30.2,2,29.2,3,28.5,3,29.1,2,30.9,2,29.8,4,29.0,4.0,32.1,2,32.8,3,31.0,2,31.0,4,32.9,2,28.4,3,32.6,3,30.8,2,32.1,2,26.6,2,29.1,2
2016-09-03 15:00:00,19.4,5,22.7,5,23.5,4,24.3,5,25.5,4,20.8,3,22.4,3,26.3,4,24.8,4,26.1,4,26.0,4,26.9,6,26.4,5,28.5,4,26.6,3,28.3,4,28.4,4,28.9,4,28.2,4,28.3,4,28.3,2,30.2,3,30.3,3,28.0,4.0,31.3,2,33.4,4,30.7,3,30.4,4,32.6,2,30.4,3,33.9,4,31.2,5,31.1,5,26.3,5,30.6,4
2016-09-03 16:00:00,19.3,5,22.4,5,23.5,4,24.1,5,25.3,4,20.2,4,22.3,4,26.2,4,25.2,3,26.3,4,26.3,4,27.2,5,25.8,5,27.3,4,26.1,3,28.4,4,28.4,4,29.1,3,27.8,4,27.4,4,28.2,1,29.9,3,30.0,3,26.5,4.0,31.2,1,32.5,4,29.8,3,30.3,3,32.6,2,29.3,3,32.8,4,30.0,5,30.0,5,25.9,5,30.0,4
2016-09-03 17:00:00,19.2,6,21.8,5,23.2,4,23.5,5,24.8,3,19.5,6,22.0,5,25.7,4,25.4,3,26.2,4,26.3,4,27.0,4,24.8,4,25.7,4,25.2,3,28.0,4,28.0,3,28.6,2,27.0,4,26.0,4,27.5,1,29.0,2,29.3,3,24.5,3.0,30.7,1,31.2,4,28.6,3,29.6,2,31.9,3,27.8,3,31.0,4,28.7,5,28.7,5,25.3,5,29.2,4
2016-09-03 18:00:00,18.9,6,20.9,5,22.4,5,22.5,4,23.7,2,18.8,6,21.3,5,24.7,4,24.9,3,25.6,3,25.9,3,25.9,3,23.6,4,24.0,4,23.8,4,26.9,4,27.0,2,27.2,2,25.8,3,24.3,4,26.5,1,27.6,1,28.2,3,22.4,3.0,29.4,2,29.4,4,27.0,2,28.2,2,30.8,3,26.4,3,29.0,4,27.2,4,27.1,4,24.7,5,28.3,4
2016-09-03 19:00:00,18.5,6,19.7,4,21.2,5,20.9,4,22.1,2,18.1,6,20.1,5,23.1,4,23.7,2,24.3,3,24.9,3,23.7,3,22.2,4,22.5,5,22.1,4,25.2,4,25.5,2,24.7,2,24.2,3,22.3,3,25.2,1,25.8,1,26.8,3,20.6,3.0,27.4,2,27.4,4,25.1,2,26.1,2,29.4,3,25.4,3,26.9,3,25.8,4,25.4,4,24.4,4,27.3,3
2016-09-03 20:00:00,18.0,5,18.5,4,19.7,5,19.2,3,20.4,3,17.4,6,18.7,5,21.3,4,22.1,2,22.8,3,23.6,3,20.9,3,20.8,4,21.1,5,20.4,5,23.4,4,23.8,3,21.8,2,22.3,3,20.2,2,23.9,1,23.8,2,25.2,2,19.2,2.0,25.1,3,25.3,4,23.2,2,23.7,2,27.8,2,24.7,3,25.0,3,24.6,3,23.7,3,24.2,4,26.2,3
2016-09-03 21:00:00,17.8,5,17.7,4,18.8,5,17.9,4,19.2,3,16.9,6,17.6,5,19.6,4,21.1,3,21.8,3,22.8,3,19.3,3,19.9,4,19.9,5,19.1,5,21.9,4,22.4,3,19.6,2,21.3,3,18.7,3,22.8,2,22.2,2,24.0,2,17.8,3.0,23.1,3,23.6,4,21.6,2,22.0,2,26.3,2,23.7,3,23.4,3,23.5,3,22.1,3,23.9,4,25.3,2
2016-09-03 22:00:00,17.6,6,17.1,4,18.0,5,17.0,4,18.1,3,16.5,6,16.8,5,18.3,4,20.2,3,20.8,3,22.1,3,17.8,4,19.0,4,18.8,4,18.1,5,20.7,4,21.1,4,17.8,3,20.3,4,17.6,3,21.8,2,20.9,2,23.0,3,16.7,3.0,21.7,3,22.4,4,20.2,3,20.8,3,24.8,3,22.9,4,22.3,4,22.5,4,20.6,3,23.6,4,24.4,2
2016-09-03 23:00:00,17.5,6,16.8,4,17.3,5,16.5,4,17.2,4,16.3,6,16.2,5,17.4,5,19.4,3,20.0,4,21.4,3,16.8,4,18.2,4,17.9,3,17.5,5,19.7,5,19.9,4,16.6,3,19.4,4,16.9,3,20.9,3,19.9,3,22.2,3,15.7,3.0,20.9,3,21.5,4,19.1,3,20.2,3,23.6,3,22.1,4,21.4,4,21.7,4,19.3,3,23.3,4,23.6,2
2016-09-04 00:00:00,17.5,6,16.4,5,16.8,5,16.2,5,16.6,4,16.1,7,15.9,5,16.7,5,18.7,4,19.2,4,20.7,4,16.0,4,17.5,5,17.1,3,17.2,6,18.9,5,19.0,4,15.9,4,18.7,4,16.5,4,20.1,3,19.3,3,21.4,3,14.8,3.0,20.3,3,20.7,5,18.1,4,19.7,4,22.5,3,21.4,4,20.8,4,21.1,4,18.1,3,22.9,4,22.9,2
2016-09-04 01:00:00,17.5,6,16.1,5,16.4,5,15.8,5,16.2,5,15.9,7,15.8,5,16.2,5,18.1,4,18.5,4,20.1,4,15.7,5,17.0,5,16.5,4,17.0,6,18.2,5,18.2,5,15.5,4,18.0,4,16.1,4,19.4,4,18.8,4,20.8,4,14.2,4.0,19.7,3,20.1,5,17.3,4,19.2,4,21.5,4,20.8,4,20.4,4,20.6,4,17.2,3,22.5,4,22.3,3
2016-09-04 02:00:00,17.4,6,15.9,5,16.2,6,15.5,6,16.0,5,15.6,7,15.7,6,15.8,5,17.6,5,18.0,5,19.6,5,15.6,6,16.6,5,16.1,5,16.8,6,17.5,5,17.7,5,15.4,5,17.6,5,15.9,5,18.6,5,18.5,4,20.2,4,13.7,4.0,19.2,4,19.4,5,16.7,5,18.5,4,20.6,4,20.3,4,20.1,4,20.3,4,16.5,4,22.2,4,21.8,4
2016-09-04 03:00:00,17.7,6,16.5,6,16.1,6,15.6,6,16.0,4,15.8,6,15.8,7,15.6,6,17.3,5,17.6,5,19.2,5,15.2,4,16.0,5,15.5,5,16.5,7,16.8,4,16.8,5,14.7,3,16.5,3,15.7,4,17.5,4,17.3,3,19.0,3,13.9,2.0,17.4,4,18.7,3,16.6,2,17.7,2,19.2,2,20.8,2,20.2,3,20.8,2,17.3,2,22.1,4,22.7,2
2016-09-04 04:00:00,17.6,6,16.2,6,15.9,7,15.5,6,16.4,5,15.6,6,15.8,7,15.6,6,16.8,5,17.4,5,18.7,5,15.6,5,16.3,5,15.9,5,16.4,6,16.4,5,16.6,6,14.9,3,16.7,3,15.9,4,17.2,4,17.3,3,18.7,3,13.5,2.0,17.0,5,18.2,3,16.1,2,17.3,2,18.8,2,20.1,3,19.8,3,20.5,2,16.8,2,21.9,3,22.3,3
2016-09-04 05:00:00,17.5,6,16.1,7,16.0,7,15.5,7,17.0,6,15.5,6,15.8,7,15.7,6,16.5,6,17.4,6,18.4,6,16.4,6,17.0,6,16.8,5,16.4,6,16.3,5,16.6,6,15.5,3,17.2,3,16.5,3,17.0,5,17.5,4,18.9,3,13.6,3.0,16.9,5,18.2,4,16.2,2,17.3,3,18.8,2,20.0,3,20.0,3,20.6,2,16.8,2,22.0,3,22.4,4
2016-09-04 06:00:00,17.5,7,16.4,7,16.3,7,15.8,7,17.8,6,15.6,6,15.9,7,16.1,6,16.4,6,17.7,6,18.2,6,17.3,6,18.0,6,17.9,5,16.8,5,16.7,6,17.0,6,16.5,4,18.2,4,17.6,3,17.2,5,18.2,4,19.7,3,14.5,3.0,17.5,5,19.2,4,17.2,2,17.9,3,19.3,2,20.9,3,21.3,3,21.4,3,18.0,2,22.5,3,23.3,4
2016-09-04 07:00:00,17.5,6,17.0,7,16.9,7,16.3,7,18.5,6,15.9,6,16.3,7,16.8,6,16.5,6,18.0,6,18.1,6,18.2,6,19.1,6,19.1,6,17.5,6,17.6,6,17.8,6,18.0,5,19.4,4,19.2,3,17.7,4,19.5,4,21.0,3,16.5,4.0,18.9,5,21.4,5,19.3,2,19.1,3,20.6,2,23.2,3,23.9,4,23.1,3,20.6,2,23.5,3,25.1,4
2016-09-04 08:00:00,17.5,6,17.9,7,17.5,7,16.9,7,19.1,6,16.4,7,16.8,7,17.6,7,16.9,6,18.4,6,18.2,7,19.0,6,20.1,6,20.3,6,18.5,6,18.7,6,18.8,5,19.7,5,20.6,5,21.0,2,18.5,4,21.1,4,22.7,2,19.1,4.0,20.9,4,24.3,5,22.1,2,20.7,3,22.4,2,26.1,3,27.1,4,25.3,4,23.9,2,24.7,4,27.4,4
2016-09-04 09:00:00,17.5,6,18.6,7,18.2,7,17.6,7,19.6,6,17.0,7,17.5,7,18.5,7,17.4,6,18.9,7,18.6,7,19.8,6,20.9,6,21.4,5,19.6,7,19.9,6,19.8,5,21.2,6,21.6,5,22.7,2,19.5,4,22.7,4,24.2,1,21.8,4.0,22.7,4,27.2,4,25.1,2,22.2,3,24.2,2,28.6,3,30.1,5,27.6,5,27.2,2,25.6,4,29.6,4
2016-09-04 10:00:00,17.6,6,19.0,7,18.7,7,18.4,7,20.0,7,17.6,7,18.2,7,19.3,7,18.1,7,19.6,7,19.2,7,20.5,6,21.4,5,22.2,5,20.6,7,20.8,6,20.7,5,22.1,5,22.2,5,24.0,2,20.6,4,24.1,3,25.4,1,24.0,4.0,24.1,3,29.5,4,27.7,2,23.3,3,25.7,2,29.9,4,32.0,4,29.6,5,29.6,2,26.0,4,31.1,3
2016-09-04 11:00:00,17.8,6,19.2,7,19.2,7,19.1,7,20.3,7,18.2,7,18.8,7,20.0,7,18.8,7,20.3,7,20.0,7,21.1,6,21.7,5,22.9,5,21.5,7,21.5,6,21.5,5,22.6,5,22.5,5,24.9,3,21.6,4,25.2,3,26.2,2,25.6,3.0,25.0,3,31.1,3,29.7,3,24.2,3,27.0,2,30.4,4,33.2,4,31.1,5,31.2,3,26.0,4,32.0,2
2016-09-04 12:00:00,17.9,5,19.3,7,19.5,7,19.6,6,20.6,7,18.6,7,19.2,7,20.7,7,19.5,7,20.9,7,20.7,7,21.5,7,21.8,6,23.4,5,22.2,7,22.0,6,22.2,5,23.0,5,22.9,5,25.5,3,22.4,4,26.0,3,26.8,3,26.9,4.0,25.6,3,32.3,2,31.1,3,24.9,3,28.0,2,30.4,4,33.8,3,32.0,5,32.1,3,25.9,3,32.3,2
2016-09-04 13:00:00,18.0,5,19.4,7,19.8,7,19.9,6,20.8,7,18.8,7,19.2,7,21.3,7,20.0,7,21.3,7,21.1,7,21.7,7,21.9,6,23.8,5,22.6,7,22.4,7,22.7,6,23.4,5,23.4,6,25.7,4,22.9,4,26.5,4,27.1,4,27.8,5.0,26.0,4,33.1,3,31.8,3,25.6,4,28.9,2,30.4,4,34.3,3,32.3,5,32.4,4,25.9,3,32.3,3
2016-09-04 14:00:00,18.0,5,19.5,6,20.0,7,19.8,6,21.0,7,18.8,7,19.0,7,21.7,7,20.4,7,21.5,7,21.3,7,21.8,7,21.9,7,23.9,6,22.7,7,22.7,7,23.0,7,23.8,6,23.9,6,25.5,5,23.0,5,26.6,5,27.1,5,28.0,6.0,26.3,4,33.3,3,31.8,4,26.2,4,29.6,3,30.4,3,34.4,3,32.1,4,32.2,4,25.8,4,32.0,4
2016-09-04 15:00:00,18.3,5,19.9,6,20.8,7,20.7,7,21.5,7,19.4,7,19.8,7,22.6,7,21.4,6,23.2,7,22.9,7,22.8,7,21.9,7,23.8,7,23.0,6,24.1,7,24.7,6,25.0,6,24.0,6,24.0,5,24.4,2,27.3,4,27.9,4,26.4,6.0,27.1,4,33.5,5,31.2,4,27.0,5,31.2,2,30.6,3,34.5,4,32.0,5,31.9,4,26.0,4,31.7,4
2016-09-04 16:00:00,18.1,5,19.3,6,20.4,6,20.2,7,21.3,6,18.8,7,19.4,7,22.1,6,21.3,6,22.9,6,22.7,6,22.7,7,21.5,7,22.6,7,22.5,6,24.1,6,24.6,6,24.9,5,23.8,5,22.9,5,24.1,3,26.7,4,27.3,4,24.5,5.0,27.0,4,32.4,5,30.1,4,26.9,4,31.1,3,29.8,3,33.4,4,31.0,5,30.9,4,25.7,4,31.1,4
2016-09-04 17:00:00,18.0,5,18.5,5,19.8,6,19.4,7,20.8,5,18.0,7,18.9,7,21.3,6,21.0,6,22.1,6,22.2,6,22.2,6,20.7,7,20.8,6,21.7,5,23.7,6,24.0,5,24.3,4,23.2,5,21.4,4,23.6,3,25.8,3,26.3,4,22.3,5.0,26.5,5,30.7,4,28.6,3,26.3,3,30.6,3,28.8,3,31.7,4,29.7,5,29.7,4,25.3,4,30.2,4
2016-09-04 18:00:00,17.7,5,17.6,5,18.9,5,18.4,6,20.0,5,17.2,7,18.2,7,20.3,5,20.3,6,21.2,6,21.4,6,21.2,6,19.7,6,19.1,6,20.6,5,22.8,5,23.0,4,23.1,4,22.2,4,19.9,4,22.8,3,24.6,3,25.1,4,20.2,4.0,25.5,5,28.9,4,27.0,3,25.2,2,29.6,3,27.7,3,29.8,4,28.4,4,28.4,4,25.0,4,29.3,4
2016-09-04 19:00:00,17.4,5,16.7,5,17.9,5,17.3,6,19.0,5,16.5,6,17.3,6,19.1,5,19.3,6,20.2,6,20.4,6,19.7,6,18.6,6,17.8,6,19.4,5,21.6,5,21.7,4,21.3,5,21.0,4,18.5,4,21.6,4,23.3,2,23.8,4,18.6,5.0,23.9,4,27.2,4,25.4,3,23.7,3,28.2,3,26.9,4,28.0,4,27.3,4,27.2,4,24.9,4,28.3,4
2016-09-04 20:00:00,17.0,5,15.9,6,16.9,5,16.3,6,18.0,5,16.1,6,16.5,6,18.0,4,18.3,6,19.3,6,19.5,6,18.0,6,17.6,6,17.0,6,18.3,5,20.2,5,20.4,5,19.4,6,19.8,5,17.3,6,20.4,4,22.1,3,22.6,4,17.5,5.0,22.1,4,25.7,4,24.0,3,22.1,4,26.7,3,26.3,4,26.5,4,26.5,4,26.2,4,24.9,4,27.4,4
2016-09-04 21:00:00,16.8,5,15.3,6,16.2,5,15.5,6,17.3,5,15.7,6,15.8,6,17.0,5,17.5,6,18.4,6,18.8,6,16.6,6,16.8,6,16.4,6,17.5,6,19.1,5,19.4,5,17.9,6,18.8,5,16.5,6,19.4,4,20.9,3,21.6,5,16.8,5.0,20.8,4,24.5,4,23.0,3,21.2,4,25.4,3,25.5,4,25.2,4,25.9,4,25.0,4,24.6,4,26.6,4
2016-09-04 22:00:00,16.7,5,15.0,5,15.6,5,14.9,6,16.5,5,15.5,6,15.3,6,16.3,5,16.9,6,17.6,5,18.3,6,15.8,6,16.3,6,16.0,5,16.8,6,18.2,5,18.3,5,16.6,6,18.1,5,16.1,6,18.6,4,19.8,3,20.9,5,16.3,5.0,19.6,4,23.6,4,22.3,4,20.2,5,24.1,3,24.7,4,24.0,4,25.4,4,23.8,4,24.4,4,25.7,4
2016-09-04 23:00:00,16.6,5,15.0,5,15.2,6,14.5,6,15.9,5,15.3,6,14.8,6,15.7,5,16.4,5,16.9,5,18.0,5,15.4,6,15.8,6,15.7,5,16.4,6,17.4,6,17.4,5,15.5,6,17.5,5,15.8,6,17.8,4,18.7,3,20.2,5,15.9,5.0,18.6,4,22.8,4,21.6,4,19.3,5,22.8,3,23.8,4,23.0,4,24.8,4,22.5,4,24.1,4,24.9,4
2016-09-05 00:00:00,16.5,5,14.9,5,14.9,6,14.1,6,15.3,6,15.1,6,14.4,6,15.1,5,15.9,5,16.2,5,17.7,5,15.0,6,15.3,6,15.3,5,16.0,6,16.7,6,16.5,5,14.6,6,16.9,5,15.5,6,17.1,4,17.6,3,19.5,5,15.4,5.0,17.7,4,21.9,5,20.7,4,18.5,5,21.5,4,22.9,4,22.1,4,24.1,4,21.1,4,23.8,5,24.0,4
2016-09-05 01:00:00,16.3,5,14.7,5,14.7,6,13.8,6,14.8,6,14.7,6,14.1,6,14.6,5,15.5,5,15.6,4,17.5,4,14.4,6,14.6,5,14.8,5,15.5,6,15.9,6,15.6,5,13.8,5,16.1,5,15.0,6,16.4,5,16.7,4,18.6,6,14.6,5.0,17.0,4,21.1,5,19.5,5,17.7,5,20.3,4,22.0,5,21.4,4,23.1,4,19.8,4,23.4,5,23.1,4
2016-09-05 02:00:00,16.1,5,14.5,5,14.5,6,13.6,6,14.4,6,14.3,6,13.8,6,14.1,5,15.1,4,15.1,4,17.1,4,13.7,6,14.0,5,14.3,6,15.0,6,15.2,6,14.9,5,13.1,5,15.2,5,14.4,6,15.8,5,15.9,4,17.7,6,13.8,5.0,16.5,5,20.2,5,18.3,5,17.1,5,19.3,4,21.1,5,20.9,5,22.1,5,18.6,5,23.0,5,22.3,4
2016-09-05 03:00:00,15.6,4,13.8,4,14.1,4,12.7,6,13.7,4,14.5,7,14.1,6,13.5,6,14.0,5,14.4,5,15.9,5,12.6,5,13.4,4,13.8,4,14.8,6,14.6,5,14.9,6,12.8,5,15.0,5,14.2,6,15.7,6,16.9,6,18.3,5,14.3,6.0,16.9,5,20.6,5,19.1,5,17.4,4,19.1,3,22.4,3,22.0,4,22.7,4,21.8,4,23.4,5,24.4,3
2016-09-05 04:00:00,15.4,4,13.6,4,13.8,4,12.7,6,13.5,4,14.5,6,14.0,6,13.3,6,13.5,5,14.2,5,15.4,5,12.5,5,13.2,5,13.7,4,14.3,6,14.1,5,14.2,6,12.4,5,14.5,5,13.7,6,15.1,6,16.4,6,17.5,6,13.6,6.0,16.5,5,20.3,5,18.7,5,16.9,4,18.6,3,21.7,3,21.8,4,22.4,4,21.0,4,23.2,5,23.9,3
2016-09-05 05:00:00,15.3,4,13.6,5,13.9,5,12.9,6,13.7,4,14.7,6,14.2,6,13.3,6,13.3,5,14.2,5,15.0,5,12.8,5,13.3,5,13.9,4,14.1,6,14.0,5,13.7,6,12.4,5,14.3,5,13.5,5,14.7,6,16.3,7,17.0,6,13.1,6.0,16.4,5,20.5,5,18.7,4,16.8,4,18.4,2,21.4,3,22.1,4,22.6,4,20.8,5,23.2,5,23.9,3
2016-09-05 06:00:00,15.2,4,14.1,5,14.3,5,13.7,6,14.3,4,15.1,6,14.8,6,13.9,6,13.6,5,14.8,6,15.2,6,13.6,5,14.0,5,14.6,5,14.5,6,14.6,5,14.0,6,13.3,5,14.8,5,13.9,5,14.9,6,16.7,7,17.0,6,13.5,6.0,17.1,5,21.3,5,19.4,4,17.3,4,18.9,2,22.0,2,23.0,4,23.2,5,21.6,5,23.6,5,24.5,3
2016-09-05 07:00:00,15.3,5,15.1,4,15.3,5,15.0,6,15.6,4,15.9,6,15.9,7,15.3,6,14.6,5,15.9,5,16.2,5,15.1,5,15.2,6,15.8,5,15.9,6,16.2,5,15.3,5,15.2,5,16.0,5,15.1,5,16.0,6,17.8,6,17.8,6,14.9,6.0,18.8,5,22.7,6,20.9,4,18.6,3,20.2,2,23.8,2,24.6,4,24.2,5,23.7,5,24.6,5,25.7,3
2016-09-05 08:00:00,15.7,5,16.4,4,16.6,5,16.7,6,17.1,4,16.9,7,17.4,7,17.2,6,16.1,5,17.4,5,17.6,5,16.8,5,16.7,6,17.1,6,17.9,7,18.3,4,17.3,5,17.7,5,17.6,5,16.6,5,17.6,5,19.3,5,19.1,5,16.9,6.0,21.1,4,24.3,6,22.7,4,20.4,3,22.1,2,26.3,2,26.5,5,25.5,5,26.5,5,25.7,6,27.3,3
2016-09-05 09:00:00,16.1,5,17.7,4,17.8,5,18.3,6,18.5,4,18.0,7,18.9,7,19.2,7,17.6,4,19.0,4,19.1,4,18.6,6,18.1,6,18.4,6,20.0,7,20.3,4,19.3,5,19.9,5,19.2,5,18.2,5,19.3,5,20.8,4,20.4,4,18.9,6.0,23.2,3,25.8,5,24.5,4,22.1,3,23.9,2,28.4,2,28.1,5,26.7,5,29.0,5,26.7,6,28.8,3
2016-09-05 10:00:00,16.6,5,18.8,4,18.7,5,19.7,5,19.4,4,19.0,7,20.2,7,20.9,7,18.9,4,20.4,4,20.3,4,20.0,5,19.0,6,19.3,6,21.8,7,21.7,4,20.8,4,21.3,5,20.4,4,19.4,5,20.6,5,21.9,4,21.3,3,20.4,5.0,24.8,3,26.7,5,25.8,4,23.4,2,25.4,2,29.6,3,29.1,4,27.6,5,30.6,4,27.2,5,29.9,3
2016-09-05 11:00:00,17.1,4,19.6,4,19.4,5,20.8,4,20.1,5,19.9,7,21.2,7,22.2,7,19.9,4,21.6,4,21.2,4,21.1,5,19.7,6,20.0,7,23.2,7,22.6,4,21.9,3,22.1,5,21.2,4,20.1,6,21.6,4,22.8,4,21.9,4,21.4,5.0,25.8,3,27.3,5,26.6,4,24.4,2,26.5,2,30.2,4,29.8,4,28.3,5,31.5,4,27.2,4,30.7,2
2016-09-05 12:00:00,17.5,4,20.2,4,20.0,6,21.6,3,20.6,6,20.6,7,21.9,7,23.3,7,20.8,4,22.5,4,22.0,4,21.8,5,20.1,6,20.6,7,24.3,7,23.3,4,22.7,3,22.7,4,21.8,4,20.7,6,22.5,4,23.5,4,22.4,4,22.2,4.0,26.5,3,27.7,4,27.2,3,25.1,2,27.4,2,30.4,4,30.3,4,28.8,4,31.9,4,27.2,4,31.2,2
2016-09-05 13:00:00,17.7,4,20.5,3,20.5,6,22.1,2,21.2,6,21.0,7,22.2,7,24.1,7,21.6,4,23.1,4,22.7,4,22.3,5,20.5,6,21.2,7,25.1,7,24.1,4,23.4,3,23.4,4,22.2,4,21.1,6,23.3,3,24.2,4,23.0,4,22.8,4.0,27.1,4,28.2,4,27.5,3,25.8,3,28.2,2,30.7,4,31.0,3,29.2,4,32.1,3,27.2,3,31.5,2
2016-09-05 14:00:00,17.7,3,20.6,3,21.0,6,22.4,2,21.8,6,21.1,7,22.1,7,24.6,6,22.2,3,23.5,4,23.2,4,22.6,6,20.8,6,21.5,7,25.6,7,24.9,4,24.0,3,24.1,3,22.5,4,21.4,6,23.9,3,24.7,4,23.5,3,22.9,3.0,27.5,4,28.5,4,27.6,2,26.2,4,28.8,3,30.8,4,31.5,3,29.4,4,32.1,3,27.3,3,31.5,3
2016-09-05 15:00:00,17.9,4,21.1,3,22.1,4,22.5,6,22.2,4,20.5,7,21.5,7,24.1,7,22.9,2,24.2,2,24.0,2,22.9,4,21.0,6,21.1,5,25.0,7,25.6,6,24.7,2,24.7,2,22.9,3,21.2,5,24.3,4,25.4,2,23.9,3,22.3,3.0,27.6,5,29.2,4,27.3,2,26.1,4,29.0,4,31.7,2,32.1,3,29.5,3,31.2,3,27.3,2,31.1,4
2016-09-05 16:00:00,17.8,3,20.6,3,21.7,3,22.1,6,22.1,3,20.1,7,21.2,6,23.9,7,23.0,2,24.0,2,24.0,2,23.1,3,20.8,5,20.6,5,24.5,6,25.8,6,24.9,2,24.8,2,22.8,2,20.7,5,24.2,4,25.2,2,23.6,2,20.9,2.0,27.2,5,28.4,4,26.3,1,25.9,4,29.0,4,31.1,2,31.0,3,28.7,3,30.0,2,26.9,2,30.7,4
2016-09-05 17:00:00,17.7,3,19.8,3,20.8,2,21.5,5,21.5,2,19.5,6,20.9,5,23.4,6,22.7,2,23.4,2,23.6,2,23.0,3,20.3,3,19.7,5,23.5,6,25.5,6,24.7,2,24.3,2,22.3,2,19.8,3,23.8,3,24.5,2,22.9,2,19.0,2.0,26.4,4,27.2,3,24.9,1,25.3,4,28.5,4,30.1,2,29.3,3,27.5,3,28.5,2,26.3,2,30.2,4
2016-09-05 18:00:00,17.5,2,18.8,3,19.7,2,20.6,4,20.4,2,18.8,6,20.2,5,22.4,6,22.0,2,22.5,2,23.0,2,21.9,2,19.4,2,18.6,4,22.2,5,24.7,5,24.0,2,23.0,2,21.4,1,18.5,2,23.1,2,23.4,2,21.9,1,17.1,1.0,25.2,4,25.8,3,23.3,1,24.3,3,27.7,4,28.8,2,27.5,3,26.4,3,26.7,2,25.6,2,29.5,4
2016-09-05 19:00:00,17.2,2,17.5,3,18.4,2,19.3,4,18.9,1,18.1,5,19.2,5,21.0,5,20.7,2,21.4,2,22.1,2,19.6,2,18.2,2,17.5,4,20.8,5,23.2,4,22.7,2,20.7,2,19.9,1,17.0,2,22.0,2,22.0,1,20.7,1,15.6,1.0,23.7,4,24.6,3,21.9,2,22.9,3,26.6,4,27.3,2,26.0,2,25.5,2,24.9,2,25.0,2,28.6,4
2016-09-05 20:00:00,16.8,2,16.2,2,17.2,2,17.8,5,17.1,1,17.5,5,18.0,5,19.4,5,19.2,2,20.3,2,21.0,2,16.9,1,16.8,2,16.5,4,19.4,4,21.5,3,21.0,2,18.0,2,18.2,1,15.5,2,20.7,2,20.5,1,19.5,1,14.6,1.0,22.1,3,23.5,2,20.8,2,21.3,3,25.4,3,25.9,2,24.8,2,24.8,2,23.3,2,24.6,2,27.6,4
2016-09-05 21:00:00,16.5,2,15.2,2,16.1,2,16.6,5,15.7,1,17.1,5,17.2,5,18.1,5,18.1,2,19.1,2,20.0,2,15.1,1,15.6,1,15.6,3,18.4,4,20.1,2,19.6,2,16.0,2,16.9,1,14.5,3,19.7,1,19.2,1,18.5,1,13.6,2.0,20.8,3,22.3,3,19.6,2,20.1,3,24.1,3,24.6,2,23.5,2,23.8,1,22.0,2,24.0,2,26.6,3
2016-09-05 22:00:00,16.4,3,14.5,3,15.3,2,15.7,5,14.6,1,16.8,5,16.5,5,17.1,5,17.1,2,18.0,2,19.2,3,13.8,1,14.7,1,14.8,3,17.6,4,18.9,2,18.3,2,14.4,1,15.8,2,13.8,3,18.8,1,18.0,1,17.7,1,12.8,2.0,19.7,3,21.2,3,18.5,2,19.2,3,22.8,4,23.4,2,22.4,2,22.9,1,20.8,2,23.5,2,25.6,3
2016-09-05 23:00:00,16.3,3,14.2,3,14.8,2,14.9,5,13.9,1,16.4,5,15.8,5,16.4,5,16.4,3,17.1,2,18.5,3,13.1,1,14.0,1,14.2,3,17.0,4,17.9,2,17.2,2,13.3,2,15.0,2,13.5,3,18.0,1,17.0,1,17.1,1,12.1,2.0,18.9,3,20.2,3,17.5,2,18.4,3,21.4,4,22.2,2,21.4,2,21.9,1,19.8,2,23.0,2,24.5,3
2016-09-06 00:00:00,16.3,3,14.0,4,14.5,2,14.3,5,13.5,1,16.0,5,15.2,5,15.8,5,15.7,3,16.2,3,18.0,3,12.8,1,13.5,2,13.7,3,16.5,4,17.0,1,16.2,2,12.6,2,14.4,2,13.3,4,17.3,1,16.2,1,16.6,1,11.4,3.0,18.1,3,19.2,3,16.6,2,17.6,3,20.1,4,21.1,2,20.5,1,20.9,1,18.6,2,22.4,2,23.4,3
2016-09-06 01:00:00,16.3,4,14.0,4,14.3,2,13.8,5,13.3,1,15.4,6,14.6,5,15.1,5,15.2,4,15.4,3,17.5,3,12.6,1,13.1,3,13.3,4,15.9,5,16.1,1,15.3,2,12.1,2,13.9,3,13.1,4,16.6,1,15.5,1,16.2,2,10.9,3.0,17.4,2,18.5,3,15.8,3,16.9,2,18.8,4,20.2,1,19.8,1,20.0,1,17.4,2,21.9,3,22.3,3
2016-09-06 02:00:00,16.2,4,13.9,5,14.0,3,13.4,5,13.1,1,14.8,6,14.2,5,14.3,5,14.6,4,14.8,4,16.9,4,12.4,1,12.9,4,13.1,5,15.3,6,15.2,1,14.5,2,11.8,3,13.6,3,12.8,5,15.8,1,14.8,2,15.7,2,10.5,4.0,16.7,2,17.9,3,15.1,3,16.2,2,17.7,4,19.3,1,19.2,1,19.3,1,16.1,2,21.4,3,21.2,2
2016-09-06 03:00:00,16.2,6,13.7,5,13.7,5,14.9,6,13.1,3,15.9,6,16.1,6,16.0,6,14.8,6,15.0,6,16.6,6,12.5,5,12.3,3,12.7,2,16.7,6,16.1,4,15.2,6,12.7,5,14.5,4,12.6,4,16.0,5,16.2,6,16.9,5,12.8,5.0,17.0,5,19.2,2,17.0,2,17.3,2,18.9,2,21.4,2,21.0,1,20.4,1,18.3,1,22.9,2,23.5,2
2016-09-06 04:00:00,16.1,6,13.7,5,13.4,5,14.9,6,12.9,3,15.5,5,15.9,6,15.8,6,14.5,6,14.8,6,16.1,6,12.4,6,12.3,3,12.7,2,16.3,6,15.6,4,14.6,6,12.5,6,14.3,4,12.4,4,15.3,5,16.1,6,16.5,6,12.2,5.0,16.5,5,19.0,2,16.8,2,16.7,2,18.2,3,20.8,2,20.9,1,20.2,1,17.7,1,22.4,2,23.1,3
2016-09-06 05:00:00,16.2,6,13.9,6,13.5,6,15.1,6,13.0,3,15.3,5,15.8,6,15.8,6,14.3,6,14.9,6,15.7,6,12.8,6,12.8,4,13.1,2,16.2,6,15.4,5,14.3,6,12.7,6,14.4,4,12.4,4,14.9,4,16.2,6,16.2,6,12.1,4.0,16.4,5,19.1,2,17.0,2,16.4,3,17.9,4,20.6,2,21.1,1,20.5,1,17.7,1,22.1,2,23.0,3
2016-09-06 06:00:00,16.4,6,14.7,6,14.2,6,15.8,6,13.8,3,15.6,5,16.2,5,16.3,6,14.6,6,15.5,6,15.9,6,13.7,6,13.8,4,14.0,2,16.7,6,15.9,6,14.7,6,13.7,6,15.1,4,13.0,4,15.2,4,16.8,6,16.4,6,12.6,3.0,17.2,4,19.9,2,17.8,2,16.9,3,18.3,4,21.3,2,22.0,1,21.3,1,18.7,1,22.3,2,23.5,2
2016-09-06 07:00:00,16.9,7,16.0,6,15.5,6,17.0,6,15.3,3,16.6,5,17.0,5,17.5,5,15.5,6,16.7,6,16.8,6,15.2,5,15.2,4,15.4,2,18.1,6,17.3,5,16.1,5,15.6,5,16.3,4,14.3,4,16.5,4,18.0,6,17.2,6,14.0,3.0,19.1,4,21.4,2,19.2,2,18.3,2,19.7,4,23.3,1,23.7,1,22.6,1,20.9,1,23.3,2,24.7,2
2016-09-06 08:00:00,17.6,7,17.7,7,17.3,6,18.4,7,17.3,2,17.9,6,18.2,6,19.1,4,16.9,6,18.2,6,18.3,6,17.1,3,16.9,3,17.0,2,19.9,5,19.3,5,18.0,4,17.9,5,17.8,4,15.9,3,18.4,5,19.4,6,18.5,5,16.1,2.0,21.6,3,23.2,2,21.1,2,20.3,2,21.6,3,25.9,1,25.8,1,24.2,1,23.6,1,24.6,1,26.4,2
2016-09-06 09:00:00,18.4,7,19.3,7,19.0,6,19.8,7,19.1,2,19.4,6,19.3,6,20.8,4,18.4,6,19.8,6,19.8,6,18.9,2,18.5,3,18.5,2,21.9,5,21.3,4,19.8,4,20.0,5,19.3,4,17.6,3,20.3,5,20.7,6,19.8,4,18.3,2.0,24.0,2,25.0,2,23.0,2,22.3,2,23.6,2,28.3,1,27.6,1,25.8,1,26.3,1,25.8,1,28.0,2
2016-09-06 10:00:00,19.1,7,20.6,7,20.4,6,20.9,7,20.4,2,20.6,6,20.2,7,22.2,4,19.7,6,21.2,6,21.1,6,20.4,2,19.8,2,19.7,3,23.6,5,22.9,5,21.1,4,21.5,4,20.6,3,19.0,4,21.7,5,21.6,6,20.8,3,20.4,2.0,25.8,1,26.3,2,24.8,2,23.7,1,25.2,2,29.7,1,28.8,1,27.1,1,28.3,1,26.4,1,29.3,2
2016-09-06 11:00:00,19.7,7,21.5,7,21.5,6,21.8,7,21.3,2,21.6,6,20.9,7,23.4,4,20.9,6,22.3,6,22.2,6,21.6,2,20.9,2,20.7,3,24.9,5,24.0,5,22.0,5,22.4,4,21.5,2,20.0,4,22.7,5,22.2,5,21.6,3,22.2,2.0,27.1,2,27.2,2,26.2,2,24.7,2,26.4,2,30.3,1,29.5,1,28.1,2,29.5,1,26.5,1,30.2,1
2016-09-06 12:00:00,20.0,6,22.1,7,22.4,6,22.4,7,22.0,2,22.2,6,21.4,7,24.4,4,21.8,6,23.2,6,23.1,6,22.4,2,21.7,2,21.5,4,25.9,4,24.8,6,22.7,5,23.0,4,22.3,2,20.9,4,23.4,4,22.7,5,22.3,3,23.4,2.0,27.9,2,27.8,2,27.3,2,25.5,2,27.4,2,30.6,1,30.1,1,28.9,2,30.2,1,26.4,1,30.8,2
2016-09-06 13:00:00,20.1,6,22.4,6,23.1,5,22.9,7,22.7,2,22.5,6,21.7,6,25.3,4,22.6,6,23.8,5,23.8,5,22.9,2,22.3,2,22.3,4,26.6,4,25.4,6,23.4,5,23.5,4,22.9,1,21.6,4,24.1,4,23.4,5,22.9,2,24.0,2.0,28.5,2,28.3,2,27.9,2,26.2,2,28.3,2,30.8,1,30.7,1,29.5,2,30.4,1,26.4,1,31.1,2
2016-09-06 14:00:00,19.9,6,22.4,6,23.4,5,23.1,7,23.3,2,22.5,6,21.7,5,26.1,4,23.1,5,24.1,5,24.2,5,23.0,2,22.7,2,22.8,3,27.1,3,25.8,5,24.0,5,23.9,4,23.1,1,22.0,3,24.6,3,24.0,4,23.3,2,23.9,2.0,28.8,2,28.6,2,28.0,2,26.6,2,28.9,2,30.8,1,31.1,1,29.7,2,30.3,1,26.4,2,31.0,2
2016-09-06 15:00:00,20.5,6,23.6,5,24.5,7,23.9,3,25.4,2,23.1,6,23.0,3,27.1,3,25.0,3,26.3,4,26.3,4,25.6,2,24.3,2,24.4,2,28.0,2,27.8,3,26.8,2,26.5,2,25.3,1,24.0,2,25.9,1,26.0,1,25.7,1,24.2,1.0,29.9,1,30.1,1,29.4,1,27.3,2,31.0,1,30.8,1,32.3,1,30.2,1,30.5,1,27.5,1,30.8,1
2016-09-06 16:00:00,20.4,5,23.2,4,24.5,6,23.5,2,25.2,2,22.6,5,22.6,2,27.2,2,25.3,3,26.3,3,26.4,3,25.8,1,23.9,2,23.7,2,28.1,2,27.9,3,26.8,2,26.5,2,25.0,1,23.5,2,25.8,1,25.9,1,25.5,1,22.8,1.0,29.8,1,29.5,1,28.4,1,27.2,2,30.8,1,30.2,1,31.3,1,29.4,1,29.5,1,26.9,1,30.2,1
2016-09-06 17:00:00,20.2,4,22.4,3,24.0,6,22.8,2,24.5,1,21.9,4,22.1,2,26.8,2,25.2,2,25.8,3,26.2,3,25.5,1,23.0,2,22.5,1,27.8,2,27.4,2,26.3,2,26.0,1,24.3,1,22.4,1,25.3,1,25.4,1,24.8,1,21.0,1.0,29.3,2,28.4,1,26.8,1,26.6,2,30.2,1,29.3,1,29.7,1,28.3,1,28.3,1,26.2,1,29.5,1
2016-09-06 18:00:00,19.9,3,21.3,2,23.1,5,21.7,2,23.3,1,20.8,3,21.2,2,25.7,2,24.5,2,25.0,2,25.6,2,24.3,1,21.7,2,21.0,1,26.9,2,26.4,2,25.3,2,24.5,1,23.1,1,20.8,1,24.6,1,24.4,1,23.8,1,19.2,1.0,28.3,2,27.0,1,25.0,1,25.6,2,29.1,1,28.2,1,28.0,1,27.1,1,26.8,1,25.5,1,28.6,1
2016-09-06 19:00:00,19.5,3,20.1,2,21.8,4,20.3,2,21.6,1,19.5,3,20.0,2,24.0,2,23.1,2,23.9,2,24.6,2,21.9,1,20.0,1,19.4,1,25.4,2,24.8,2,23.9,1,22.0,1,21.5,1,18.9,1,23.5,1,22.9,1,22.5,1,17.7,1.0,26.6,2,25.5,1,23.2,1,24.1,2,27.7,1,26.8,1,26.4,1,25.9,1,25.2,1,25.0,1,27.4,1
2016-09-06 20:00:00,19.2,3,18.9,2,20.3,3,18.9,3,19.7,1,18.2,3,18.8,2,22.0,2,21.5,2,22.6,1,23.4,1,19.1,1,18.2,1,18.0,1,23.5,2,22.9,2,22.3,1,19.1,1,19.9,1,17.0,1,22.3,1,21.2,1,21.1,1,16.5,1.0,24.7,1,24.1,1,21.6,1,22.3,2,26.3,1,25.4,1,24.9,1,24.8,1,23.6,1,24.6,1,26.2,1
2016-09-06 21:00:00,19.0,3,18.1,2,19.2,2,17.7,4,18.3,2,17.3,3,17.9,2,20.3,2,20.4,2,21.4,2,22.4,2,17.2,1,16.8,1,16.8,1,22.0,2,21.6,1,20.9,1,16.9,1,18.5,1,15.5,1,21.2,1,19.8,1,19.9,1,15.4,1.0,23.2,1,22.8,1,20.2,2,20.9,2,24.9,1,24.2,1,23.7,1,23.7,2,22.3,2,24.1,1,25.2,1
2016-09-06 22:00:00,18.8,3,17.4,3,18.4,2,16.7,4,17.1,2,16.8,3,17.3,3,18.9,2,19.5,2,20.2,2,21.6,2,15.8,2,15.7,1,16.1,1,20.8,2,20.5,1,19.7,2,15.4,1,17.4,1,14.7,1,20.2,1,18.6,1,18.9,1,14.5,2.0,21.9,1,21.5,1,19.0,2,20.0,2,23.7,2,23.3,2,22.7,2,22.7,2,21.4,2,23.6,1,24.7,2
2016-09-06 23:00:00,18.5,3,17.0,3,17.6,2,16.0,4,16.1,3,16.5,3,16.8,3,17.8,2,18.8,2,19.0,2,20.8,2,15.0,2,14.9,1,15.6,2,19.7,2,19.5,2,18.6,2,14.6,2,16.5,1,14.4,2,19.5,1,17.6,1,18.1,1,13.8,2.0,20.9,1,20.4,1,17.8,3,19.5,1,22.4,2,22.6,2,21.9,2,21.8,3,20.7,2,23.1,1,24.4,2
2016-09-07 00:00:00,18.1,3,16.5,4,16.9,2,15.4,4,15.4,3,16.3,4,16.4,4,17.0,2,18.0,3,17.9,3,20.1,2,14.4,2,14.3,1,15.1,2,18.8,3,18.6,3,17.6,2,14.0,2,15.7,2,14.1,2,18.9,1,16.7,1,17.4,1,13.1,2.0,20.0,1,19.5,1,16.9,3,19.1,1,21.2,2,21.9,3,21.3,3,21.0,3,19.9,3,22.6,2,23.9,3
2016-09-07 01:00:00,17.7,4,15.9,4,16.2,2,14.9,5,14.8,4,16.0,4,16.0,4,16.3,3,17.2,3,16.8,3,19.3,2,13.9,3,13.9,1,14.4,2,18.0,3,17.6,4,16.5,2,13.5,2,15.1,2,13.6,2,18.3,1,16.0,2,16.9,1,12.4,3.0,19.1,1,18.7,2,16.1,4,18.5,1,20.0,2,21.2,3,20.7,3,20.3,4,18.7,3,22.1,3,23.1,3
2016-09-07 02:00:00,17.2,5,15.2,4,15.4,2,14.4,5,14.4,4,15.6,4,15.7,4,15.8,4,16.2,3,15.9,3,18.4,3,13.5,3,13.5,1,13.7,2,17.2,3,16.5,5,15.5,2,12.8,2,14.5,2,13.0,2,17.6,1,15.4,2,16.4,1,11.7,3.0,18.4,1,18.1,4,15.6,5,17.8,1,18.8,2,20.4,4,20.2,4,19.7,4,17.5,4,21.6,4,22.1,3
2016-09-07 03:00:00,18.7,1,16.1,1,15.2,1,14.7,1,13.6,1,15.9,2,16.1,3,15.7,2,15.5,1,15.3,1,17.7,1,12.2,1,13.1,1,13.5,1,17.5,1,15.9,1,14.7,1,11.5,1,14.7,1,12.7,1,16.9,1,14.6,1,15.8,1,12.0,1.0,18.7,1,17.7,1,15.8,1,17.4,1,19.6,1,20.3,1,19.6,1,20.2,1,17.6,2,22.1,1,22.2,1
2016-09-07 04:00:00,18.4,1,15.3,1,14.6,1,14.3,1,13.1,1,15.5,2,15.7,3,15.1,2,14.6,1,14.6,1,16.8,1,11.7,1,12.8,1,13.3,2,16.7,1,15.1,1,13.7,1,10.9,1,14.2,1,12.4,1,15.9,1,14.0,1,15.2,1,11.1,1.0,17.9,1,17.2,1,15.3,1,16.7,1,18.8,1,19.8,1,19.2,1,19.8,1,16.9,2,21.6,2,21.7,1
2016-09-07 05:00:00,18.3,1,14.8,1,14.3,1,14.3,1,13.1,1,15.3,2,15.6,3,14.9,2,14.1,1,14.3,1,16.2,1,12.0,1,12.9,1,13.6,2,16.3,2,14.7,1,13.0,1,11.0,1,14.1,1,12.4,2,15.3,1,13.7,1,14.8,1,10.6,1.0,17.5,1,17.1,1,15.1,1,16.4,1,18.4,1,19.7,2,19.2,1,19.8,1,16.7,1,21.4,2,21.6,1
2016-09-07 06:00:00,18.5,1,15.1,1,14.9,1,15.1,1,14.1,1,15.9,2,16.2,3,15.7,2,14.5,1,14.9,1,16.4,1,13.2,1,13.8,1,14.5,2,16.9,2,15.4,1,13.5,1,12.3,1,14.8,1,13.3,2,15.6,1,14.3,2,15.3,1,11.3,1.0,18.2,1,17.9,1,15.9,1,17.2,1,18.9,1,20.3,2,20.0,2,20.5,1,17.6,1,21.8,2,22.2,1
2016-09-07 07:00:00,19.2,1,16.6,1,16.5,1,16.8,1,16.2,1,17.5,2,17.8,2,17.7,2,16.1,1,16.6,1,17.7,1,15.5,1,15.5,1,16.2,2,18.8,2,17.4,1,15.5,1,15.1,1,16.4,1,15.2,2,17.3,1,16.1,1,16.8,1,13.5,1.0,20.5,1,19.8,1,17.8,1,19.4,1,20.5,1,21.9,2,22.0,2,22.0,1,19.8,1,23.1,2,23.6,1
2016-09-07 08:00:00,20.2,1,18.8,1,18.8,1,19.1,1,18.9,1,19.8,2,20.0,2,20.4,1,18.5,1,19.0,1,19.7,1,18.3,1,17.8,1,18.3,2,21.5,1,20.2,1,18.5,1,18.6,1,18.6,1,17.6,2,19.7,1,18.7,1,19.0,1,16.7,1.0,23.6,1,22.3,1,20.3,1,22.2,1,22.9,1,24.0,2,24.5,2,24.0,1,22.8,1,24.9,2,25.3,1
2016-09-07 09:00:00,21.2,1,21.1,1,21.1,1,21.5,1,21.5,1,22.1,1,22.2,2,23.1,1,20.9,1,21.5,1,21.9,1,21.0,1,20.0,1,20.4,2,24.2,1,22.9,1,21.4,1,21.8,1,20.8,1,19.9,2,22.2,1,21.4,1,21.3,1,20.1,2.0,26.6,1,24.7,1,23.0,1,25.0,1,25.2,1,25.9,2,26.8,2,26.0,1,25.8,1,26.4,1,27.0,1
2016-09-07 10:00:00,21.9,2,23.0,1,23.0,1,23.5,1,23.4,1,23.9,1,23.8,2,25.2,1,22.8,1,23.6,1,23.8,1,23.1,1,21.8,1,22.0,2,26.2,1,25.0,1,23.6,1,24.0,1,22.7,1,21.7,2,24.1,1,23.7,1,23.2,1,22.9,2.0,28.7,1,26.6,2,25.2,1,26.9,1,26.9,1,26.9,2,28.3,2,27.5,1,28.1,2,27.2,1,28.1,1
2016-09-07 11:00:00,22.3,2,24.4,1,24.4,1,25.0,1,24.7,1,25.1,1,24.9,2,26.8,1,24.3,1,25.3,1,25.4,1,24.7,1,23.2,1,23.3,2,27.6,1,26.5,1,25.2,1,25.4,1,24.2,1,22.9,1,25.5,1,25.5,1,24.7,1,25.1,2.0,30.3,1,28.0,2,26.9,2,28.1,1,28.2,1,27.4,1,29.2,2,28.5,1,29.6,2,27.5,1,28.8,1
2016-09-07 12:00:00,22.5,2,25.3,1,25.4,1,26.0,1,25.6,1,25.9,1,25.7,2,28.0,2,25.4,1,26.6,1,26.6,1,25.8,1,24.3,2,24.4,2,28.6,1,27.6,1,26.3,1,26.4,1,25.3,1,23.9,1,26.6,1,26.9,1,25.9,1,26.7,3.0,31.4,1,29.0,2,28.1,2,29.2,1,29.3,1,27.5,1,29.7,2,29.1,2,30.5,2,27.5,2,29.0,1
2016-09-07 13:00:00,22.6,2,25.8,1,26.2,1,26.5,1,26.3,1,26.3,1,26.2,1,28.9,2,26.2,1,27.5,1,27.4,1,26.6,2,25.1,2,25.4,2,29.4,1,28.6,1,27.2,1,27.2,1,26.1,1,24.8,1,27.7,1,28.0,1,26.9,1,27.6,2.0,32.3,1,29.8,2,28.7,2,30.2,1,30.2,1,27.6,1,30.0,2,29.4,2,30.8,2,27.5,2,28.9,1
2016-09-07 14:00:00,22.6,1,25.8,1,26.6,1,26.5,1,26.8,1,26.4,1,26.5,1,29.4,1,26.8,1,27.9,1,27.9,1,27.1,2,25.6,1,26.0,2,30.0,1,29.3,1,27.9,1,27.9,1,26.6,1,25.4,1,28.6,1,28.8,1,27.7,1,27.9,2.0,32.9,1,30.2,2,28.9,2,31.0,1,30.9,1,27.7,1,30.1,2,29.3,1,30.6,2,27.4,2,28.6,1
2016-09-07 15:00:00,22.2,2,25.3,1,26.5,1,26.8,1,27.0,1,26.1,1,26.5,1,29.6,1,26.9,1,27.9,1,28.0,1,27.1,1,26.0,1,26.3,1,30.3,1,29.8,1,28.9,1,28.3,1,26.4,1,25.7,1,28.5,1,29.5,1,27.8,2,26.7,2.0,32.9,1,29.6,2,28.0,2,31.6,1,31.4,1,26.6,2,29.2,2,28.3,2,29.2,2,27.5,2,27.7,1
2016-09-07 16:00:00,22.1,1,24.5,1,25.9,2,26.2,1,26.5,1,25.5,1,25.9,1,29.4,1,26.7,1,27.5,1,27.8,1,27.0,1,25.4,1,25.5,1,29.9,1,29.6,1,28.8,1,28.0,1,26.2,1,25.2,1,28.3,1,29.1,1,27.6,2,25.1,2.0,32.8,1,28.8,2,27.1,3,31.2,1,30.7,1,26.1,2,28.2,2,27.4,2,28.4,2,27.2,2,27.1,1
2016-09-07 17:00:00,21.9,1,23.5,1,24.9,2,25.2,2,25.4,1,24.5,1,25.0,2,28.7,1,26.2,1,26.6,1,27.2,1,26.4,1,24.3,1,24.2,2,29.0,1,28.9,1,28.1,1,27.0,1,25.6,2,24.0,1,27.7,1,28.0,1,26.9,1,23.0,2.0,32.2,1,27.6,2,25.9,3,30.0,1,29.5,1,25.4,2,26.8,2,26.4,2,27.5,2,26.7,2,26.2,1
2016-09-07 18:00:00,21.6,1,22.2,1,23.6,2,23.8,2,23.8,1,23.2,2,23.7,2,27.3,1,25.1,1,25.4,1,26.3,1,24.8,1,22.7,1,22.6,2,27.5,2,27.5,1,26.9,1,25.1,1,24.5,2,22.2,1,26.6,1,26.4,1,25.9,1,20.9,2.0,30.9,1,26.0,2,24.4,3,28.2,1,28.0,1,24.5,2,25.2,2,25.4,2,26.4,2,26.1,2,25.3,1
2016-09-07 19:00:00,21.1,1,20.7,1,22.0,1,22.0,1,21.7,1,21.4,2,22.1,2,25.2,1,23.6,1,23.9,1,25.1,1,22.2,1,20.8,1,20.9,2,25.5,2,25.5,1,25.1,1,22.4,1,22.8,1,19.9,1,25.2,1,24.5,1,24.7,1,19.1,2.0,28.9,1,24.3,2,22.7,3,25.8,1,26.5,1,23.5,2,23.7,1,24.5,2,25.0,2,25.5,2,24.4,1
2016-09-07 20:00:00,20.4,1,19.2,1,20.5,1,20.0,1,19.6,1,19.6,3,20.6,1,22.9,1,21.9,1,22.4,1,23.8,1,19.2,1,18.8,1,19.3,2,23.3,2,23.3,1,23.1,1,19.5,1,20.8,1,17.6,1,23.8,1,22.5,1,23.4,1,17.8,2.0,26.6,2,22.5,2,21.0,2,23.4,2,25.1,1,22.5,2,22.4,1,23.6,2,23.5,2,24.9,3,23.5,1
2016-09-07 21:00:00,19.9,1,18.0,1,19.3,1,18.6,1,18.0,1,18.4,4,19.4,1,21.2,1,20.5,1,21.1,1,22.7,1,17.1,1,17.3,1,17.9,2,21.6,2,21.6,1,21.4,1,17.3,1,19.1,1,15.8,1,22.6,1,20.9,1,22.4,2,16.7,2.0,24.9,2,21.0,2,19.6,2,21.5,2,23.9,1,21.6,1,21.2,1,22.9,2,22.3,2,24.5,3,22.9,1
2016-09-07 22:00:00,19.4,1,17.0,1,18.3,1,17.3,1,16.8,1,17.5,5,18.4,1,19.6,1,19.2,1,19.8,1,21.7,1,15.6,1,16.2,1,16.7,2,20.2,3,20.3,1,19.8,1,15.7,1,18.0,1,14.8,1,21.4,1,19.7,1,21.5,2,15.9,2.0,23.2,3,19.9,1,18.4,2,20.2,2,22.8,1,20.9,1,20.3,1,22.2,2,21.2,2,24.1,2,22.4,2
2016-09-07 23:00:00,18.9,1,16.1,1,17.5,1,16.3,1,15.9,1,16.7,5,17.5,2,18.2,1,18.3,1,18.7,1,20.9,1,14.7,1,15.5,1,15.8,1,19.1,3,19.2,1,18.5,1,14.8,1,17.4,1,14.5,1,20.3,1,18.9,1,20.8,2,15.2,2.0,21.8,3,19.0,1,17.4,2,19.5,3,21.9,2,20.4,1,19.7,1,21.5,2,20.2,2,23.7,2,22.0,2
2016-09-08 00:00:00,18.4,1,15.4,1,16.8,1,15.4,1,15.4,1,16.0,5,16.7,2,17.0,1,17.4,1,17.8,1,20.1,1,14.3,1,15.1,1,15.2,1,18.3,3,18.3,1,17.5,1,14.4,1,17.0,1,14.4,2,19.3,1,18.2,1,20.1,2,14.6,3.0,20.5,4,18.4,1,16.6,2,19.1,3,21.1,2,20.0,1,19.2,1,20.9,2,19.1,2,23.3,2,21.6,2
2016-09-08 01:00:00,17.9,1,14.9,1,16.1,2,14.7,1,15.0,1,15.5,5,16.1,2,16.0,1,16.7,1,16.9,1,19.3,1,14.1,1,14.9,1,14.8,1,17.6,3,17.4,1,16.6,1,14.1,1,16.4,1,14.2,2,18.5,1,17.6,1,19.3,2,13.8,3.0,19.6,3,17.9,1,15.8,3,18.7,3,20.4,3,19.6,1,19.0,1,20.2,1,17.9,2,22.8,2,21.1,2
2016-09-08 02:00:00,17.6,1,14.5,1,15.4,2,14.1,1,14.6,1,15.1,4,15.5,2,15.3,1,16.0,2,16.1,1,18.4,2,14.0,1,14.7,1,14.7,1,17.0,2,16.5,1,15.9,1,13.8,1,15.9,1,13.9,2,17.8,1,17.0,1,18.4,2,13.0,3.0,18.8,2,17.5,1,15.2,3,18.2,4,19.7,3,19.1,1,18.8,1,19.6,1,16.7,2,22.3,3,20.6,3
2016-09-08 03:00:00,18.8,3,16.5,4,16.3,1,16.2,3,14.7,1,16.0,2,16.9,4,16.5,3,16.9,2,16.5,2,19.3,2,14.3,1,13.8,1,14.1,2,17.1,5,17.3,4,16.4,2,15.1,1,15.4,3,13.9,1,18.0,3,18.1,2,19.2,1,12.8,2.0,19.6,4,16.3,1,14.9,2,18.4,4,19.9,5,19.0,2,18.5,1,19.4,1,17.2,1,22.6,1,21.4,3
2016-09-08 04:00:00,18.6,4,16.3,5,15.9,1,16.0,3,14.3,1,15.4,2,16.4,4,16.1,3,16.5,2,16.2,2,18.8,2,14.0,1,14.0,1,14.1,1,16.6,5,16.8,5,15.7,2,14.7,1,15.3,2,13.9,1,17.4,4,17.6,2,18.7,1,12.1,2.0,19.1,3,15.9,1,14.6,2,18.0,5,19.4,5,18.5,2,18.1,1,19.0,1,16.7,1,22.3,1,21.3,3
2016-09-08 05:00:00,18.3,5,16.2,5,15.8,2,16.0,3,14.5,2,15.0,2,16.0,4,16.0,4,16.4,2,16.2,2,18.5,2,14.3,2,14.7,1,14.7,1,16.4,5,16.6,6,15.4,2,14.6,1,15.8,2,14.4,2,17.1,5,17.3,3,18.4,1,11.9,2.0,18.8,3,16.0,1,14.8,1,17.8,6,19.2,5,18.3,2,18.1,2,19.1,1,16.8,1,22.3,1,21.5,2
2016-09-08 06:00:00,18.3,6,16.5,6,16.4,2,16.4,3,15.6,2,15.1,2,16.0,3,16.4,4,16.7,2,16.8,2,18.6,2,15.4,2,16.0,1,16.0,1,16.7,5,17.1,6,15.8,2,15.3,2,16.8,2,15.7,2,17.1,6,17.8,3,18.7,2,12.7,2.0,19.0,3,17.0,1,15.8,1,17.8,6,19.3,6,19.0,2,19.1,2,19.8,1,17.9,1,22.8,1,22.2,2
2016-09-08 07:00:00,18.5,6,17.4,6,17.8,1,17.3,3,17.8,2,15.8,2,16.7,3,17.5,4,17.6,2,18.1,2,19.2,2,17.7,1,17.9,2,18.0,1,17.7,4,18.3,6,17.4,3,17.2,2,18.4,2,17.9,2,17.7,5,19.3,3,20.0,2,14.9,2.0,19.9,3,19.2,1,17.8,1,18.3,7,20.0,6,20.9,2,21.4,2,21.5,1,20.3,1,24.0,1,23.6,2
2016-09-08 08:00:00,18.9,5,18.7,6,19.6,1,18.4,2,20.5,2,16.9,2,17.8,3,18.9,3,19.0,2,19.8,2,20.3,2,20.5,1,20.2,2,20.4,1,19.2,4,19.9,5,19.7,4,19.8,2,20.5,2,20.6,2,18.7,3,21.3,3,21.9,2,18.1,1.0,21.1,4,22.1,1,20.4,1,19.1,7,21.1,6,23.5,2,24.3,1,23.7,2,23.4,1,25.4,1,25.3,2
2016-09-08 09:00:00,19.3,4,20.0,6,21.4,1,19.6,2,23.1,3,17.9,2,18.9,2,20.3,3,20.4,2,21.6,2,21.6,2,23.2,2,22.7,2,22.8,2,20.7,4,21.6,4,22.0,5,22.3,2,22.8,3,23.3,2,19.8,2,23.5,3,24.0,2,21.3,2.0,22.2,5,25.0,1,23.2,1,19.8,7,22.2,5,25.9,1,27.1,1,26.0,2,26.5,1,26.7,1,26.9,2
2016-09-08 10:00:00,19.7,4,21.1,4,22.8,2,20.6,2,24.9,4,18.6,2,19.8,2,21.4,3,21.7,2,23.1,2,23.0,2,25.2,2,25.1,2,25.0,2,21.9,4,22.9,4,23.7,6,24.2,3,25.0,3,25.7,2,20.9,3,25.3,3,26.0,2,24.0,2.0,22.9,5,27.3,1,25.6,1,20.3,7,23.1,4,27.5,1,29.1,1,27.9,2,28.9,1,27.5,1,28.1,2
2016-09-08 11:00:00,19.9,4,21.9,3,23.8,3,21.3,2,26.1,5,19.1,3,20.4,3,22.2,3,22.7,2,24.4,2,24.3,2,26.4,3,27.2,2,26.8,2,22.8,4,23.9,5,24.9,6,25.6,4,26.9,4,27.5,2,21.8,3,26.6,3,27.6,2,26.1,2.0,23.3,4,29.1,1,27.6,2,20.7,7,23.8,4,28.5,1,30.4,1,29.4,2,30.4,1,27.8,1,28.9,2
2016-09-08 12:00:00,20.0,4,22.4,2,24.5,4,21.7,2,26.8,5,19.3,3,20.8,3,22.8,3,23.6,2,25.3,2,25.3,2,27.1,4,28.5,2,28.3,2,23.3,4,24.6,5,25.6,6,26.4,5,28.2,4,28.8,2,22.4,3,27.5,4,28.7,1,27.5,3.0,23.6,3,30.4,1,29.0,2,21.0,7,24.4,3,29.1,2,31.2,1,30.5,2,31.3,1,27.9,1,29.4,2
2016-09-08 13:00:00,19.8,3,22.5,2,24.9,4,21.8,3,27.1,5,19.4,3,20.9,3,23.2,3,24.2,2,25.9,2,25.9,3,27.4,4,28.9,3,29.3,2,23.5,4,25.0,5,26.0,5,26.9,5,28.7,4,29.5,2,22.7,3,28.0,4,29.2,2,28.2,3.0,23.9,3,31.3,1,29.8,2,21.4,6,25.0,3,29.5,2,31.8,1,31.1,1,31.6,1,27.9,1,29.6,3
2016-09-08 14:00:00,19.4,3,22.1,2,24.8,4,21.7,3,27.1,5,19.4,2,20.9,2,23.4,4,24.5,3,26.1,3,26.0,3,27.3,4,28.5,4,29.6,2,23.4,4,25.2,5,26.1,5,27.1,5,28.6,3,29.5,2,22.8,2,28.1,4,29.3,2,28.2,3.0,24.2,3,31.7,1,30.1,2,21.6,6,25.3,3,29.7,2,32.1,1,31.2,1,31.3,1,27.7,1,29.5,3
2016-09-08 15:00:00,18.1,2,20.2,3,22.8,4,21.3,3,25.7,4,19.3,2,20.4,2,23.1,2,23.0,2,24.7,2,24.5,2,26.3,4,27.7,2,29.3,2,23.1,2,25.0,5,25.9,4,27.1,5,28.0,3,28.9,2,23.8,4,28.6,5,28.9,2,28.3,2.0,25.2,3,31.9,1,29.6,1,24.4,6,26.9,3,27.9,4,31.4,2,29.8,1,31.3,1,27.7,1,29.7,3
2016-09-08 16:00:00,17.8,3,19.4,3,21.8,3,20.9,3,24.9,4,18.8,2,20.0,4,22.8,3,22.8,2,24.2,2,24.1,2,25.9,4,26.9,2,27.9,2,22.5,2,24.9,5,25.7,4,27.0,5,27.3,3,27.7,2,23.7,4,28.1,5,28.4,2,26.5,2.0,24.9,2,31.2,1,28.9,1,23.8,6,26.6,3,27.3,4,30.3,2,28.8,1,30.1,1,27.2,1,29.0,3
2016-09-08 17:00:00,17.5,3,18.5,4,20.7,2,20.2,4,23.8,4,18.2,2,19.5,5,22.1,3,22.2,2,23.3,2,23.4,2,25.0,5,25.8,2,25.9,2,21.7,2,24.5,4,25.2,4,26.3,4,26.4,3,25.9,2,23.3,4,27.1,4,27.7,2,24.1,2.0,24.3,2,29.8,1,27.7,1,22.8,6,26.0,3,26.5,4,28.9,2,27.5,1,28.7,1,26.6,1,28.1,3
2016-09-08 18:00:00,17.2,4,17.5,3,19.5,2,19.1,4,22.4,4,17.4,2,18.7,5,20.9,3,21.3,3,22.2,2,22.5,2,23.6,5,24.3,2,23.8,2,20.5,2,23.5,4,24.3,4,25.0,4,25.1,3,23.8,2,22.6,4,25.8,3,26.6,2,21.8,2.0,23.2,2,28.1,1,26.1,1,21.6,6,25.2,3,25.6,4,27.2,2,26.2,1,27.1,1,25.9,1,27.2,3
2016-09-08 19:00:00,17.0,4,16.4,3,18.3,2,17.7,3,20.7,4,16.7,2,17.7,5,19.3,3,19.9,2,20.8,2,21.3,2,21.5,4,22.4,2,21.9,2,19.0,2,22.0,3,22.9,4,22.8,4,23.4,3,21.5,2,21.5,4,24.3,3,25.3,2,20.0,1.0,21.6,2,26.2,1,24.2,1,20.5,5,24.2,3,24.9,4,25.6,2,25.0,1,25.3,1,25.3,1,26.4,3
2016-09-08 20:00:00,16.7,4,15.3,2,17.2,3,16.3,2,19.0,3,16.1,2,16.6,3,17.6,2,18.4,2,19.3,2,20.2,2,19.1,3,20.3,2,20.4,2,17.5,2,20.4,2,21.3,5,20.4,5,21.6,2,19.2,1,20.3,3,22.8,3,23.8,2,18.8,1.0,19.9,2,24.3,1,22.2,1,19.5,5,23.2,2,24.2,3,24.2,2,24.0,1,23.6,1,24.8,1,25.9,3
2016-09-08 21:00:00,16.5,3,14.5,2,16.2,3,15.1,2,17.6,3,15.7,2,16.0,2,16.4,2,17.2,2,18.2,2,19.3,2,17.2,3,18.6,2,19.2,2,16.3,2,19.1,3,19.9,5,18.7,5,20.0,2,17.5,2,19.3,3,21.5,3,22.6,1,17.6,1.0,18.5,3,22.7,1,20.5,1,18.7,4,22.3,2,23.7,3,22.9,2,23.0,2,22.2,1,24.2,1,25.1,3
2016-09-08 22:00:00,16.2,2,13.8,2,15.4,3,14.2,3,16.3,3,15.4,3,15.5,2,15.3,3,16.2,2,17.2,3,18.6,2,16.2,3,17.5,3,18.3,3,15.4,2,17.9,3,18.8,5,17.3,5,19.0,1,16.5,2,18.4,4,20.2,3,21.7,1,16.7,1.0,17.5,3,21.3,1,19.1,2,18.0,3,21.4,2,23.2,3,21.8,3,22.2,2,21.1,2,23.7,1,24.4,3
2016-09-08 23:00:00,15.9,2,13.4,2,14.8,4,13.5,3,15.1,3,15.2,3,15.0,2,14.6,3,15.4,3,16.3,3,17.9,2,15.7,3,16.9,3,17.5,3,14.8,3,16.9,4,17.9,5,16.2,5,18.3,2,16.0,3,17.7,4,19.1,4,21.1,1,15.9,2.0,16.9,3,20.2,2,18.0,2,17.3,3,20.5,3,22.7,3,21.0,3,21.4,3,20.0,2,23.2,1,23.7,4
2016-09-09 00:00:00,15.7,2,13.0,2,14.3,4,13.0,3,14.0,3,15.0,4,14.6,3,14.1,4,14.6,3,15.5,4,17.3,2,15.2,4,16.3,4,16.9,4,14.3,3,16.0,4,17.0,5,15.3,5,17.7,2,15.7,4,17.1,4,18.0,4,20.4,2,15.1,2.0,16.5,4,19.3,2,17.1,3,16.7,3,19.5,3,22.2,3,20.5,3,20.8,3,19.1,2,22.8,1,22.9,4
2016-09-09 01:00:00,15.6,3,12.8,2,13.9,4,12.7,4,13.1,4,14.8,4,14.3,4,13.6,4,13.9,4,14.7,4,16.6,3,14.5,4,15.6,4,16.3,5,13.9,3,15.1,5,16.2,6,14.3,5,16.9,3,15.4,4,16.4,4,17.0,4,19.6,3,14.3,3.0,16.1,4,18.7,3,16.5,4,16.2,4,18.6,4,21.6,3,20.2,4,20.3,4,18.1,2,22.3,2,22.2,4
2016-09-09 02:00:00,15.5,4,12.6,2,13.4,4,12.4,4,12.4,5,14.6,5,14.0,5,13.2,5,13.2,5,13.9,5,15.8,5,13.6,5,14.8,5,15.8,5,13.5,4,14.1,5,15.3,6,13.3,5,16.0,4,15.1,5,15.7,5,16.1,5,18.7,4,13.5,3.0,15.5,4,18.3,4,16.1,4,15.7,5,17.8,5,20.9,4,20.1,4,19.9,4,17.2,3,22.0,2,21.5,4
2016-09-09 03:00:00,16.6,2,13.9,2,13.9,2,15.0,2,13.2,1,15.1,6,15.5,5,15.3,3,13.7,1,13.8,1,16.1,1,12.9,1,15.4,2,16.4,3,15.0,2,14.4,2,14.1,1,12.8,1,16.8,3,15.8,2,13.9,1,16.1,1,19.1,3,13.5,2.0,15.1,3,19.5,2,16.1,1,15.7,4,17.8,2,20.7,1,21.0,1,20.3,2,17.6,1,22.6,1,22.3,3
2016-09-09 04:00:00,16.5,2,13.9,2,13.7,3,14.7,2,13.0,2,14.9,6,15.2,5,15.0,3,13.2,1,13.3,1,15.4,1,12.5,1,15.0,2,16.2,4,14.7,2,14.0,2,13.4,1,12.1,1,16.4,3,15.7,3,13.2,1,15.4,2,18.4,3,12.9,2.0,14.7,2,19.3,2,15.9,1,15.3,4,17.2,2,20.1,2,20.9,2,20.1,3,16.9,1,22.2,1,21.9,3
2016-09-09 05:00:00,16.4,2,14.0,2,13.7,3,14.5,2,13.4,2,14.8,6,15.1,6,14.9,3,13.0,1,13.3,1,15.0,2,12.6,1,15.0,1,16.5,5,14.7,2,13.8,2,13.0,1,11.9,1,16.3,3,15.9,5,12.7,1,14.9,2,18.0,3,12.5,2.0,14.7,2,19.6,2,16.1,1,15.1,5,16.9,2,20.0,2,21.1,2,20.4,3,16.8,1,22.1,1,21.9,3
2016-09-09 06:00:00,16.5,2,14.6,2,14.3,3,14.9,2,14.4,2,15.1,6,15.4,6,15.3,3,13.5,2,13.9,2,15.2,2,13.6,1,15.7,1,17.3,6,15.3,2,14.4,2,13.5,1,12.8,1,16.9,2,16.7,5,13.0,1,15.2,3,18.1,3,13.0,2.0,15.3,2,20.6,2,17.2,1,15.4,5,17.3,2,20.8,2,22.0,2,21.2,3,17.9,1,22.6,2,22.4,3
2016-09-09 07:00:00,17.0,2,15.7,2,15.7,3,16.1,2,16.2,2,15.9,6,16.2,6,16.5,3,14.9,2,15.4,2,16.3,2,15.6,1,17.0,1,18.7,5,16.7,2,15.8,2,15.1,1,14.9,1,18.2,2,18.1,4,14.2,1,16.5,2,19.1,3,14.5,2.0,16.9,2,22.4,2,19.2,1,16.4,4,18.5,2,22.9,2,23.8,2,22.7,3,20.4,1,23.9,2,23.7,3
2016-09-09 08:00:00,17.8,3,17.3,2,17.7,2,17.7,2,18.4,2,17.1,6,17.3,6,18.1,3,16.8,2,17.3,2,18.1,2,18.0,1,18.7,1,20.4,3,18.6,2,17.8,2,17.3,1,17.7,1,19.8,2,19.9,3,16.1,1,18.4,2,20.5,3,16.8,2.0,19.0,2,24.6,1,21.7,2,17.7,3,20.1,2,25.5,2,26.1,2,24.6,2,23.7,1,25.4,2,25.4,2
2016-09-09 09:00:00,18.5,3,18.9,2,19.6,2,19.3,2,20.4,2,18.2,6,18.5,5,19.8,3,18.7,2,19.4,2,19.9,2,20.3,1,20.4,1,22.0,2,20.4,2,19.9,2,19.5,1,20.3,1,21.3,2,21.6,2,18.0,1,20.4,1,21.9,2,19.3,2.0,21.0,1,26.7,1,24.3,2,19.0,2,21.7,1,27.8,2,28.2,1,26.6,2,27.0,1,26.8,2,27.0,2
2016-09-09 10:00:00,19.1,3,20.4,2,21.1,2,20.5,2,21.9,2,19.1,6,19.5,5,21.1,3,20.2,2,21.2,2,21.4,2,22.0,1,21.7,2,23.3,1,21.8,2,21.7,2,21.1,2,22.1,1,22.2,2,22.9,1,19.5,1,22.0,2,22.9,2,21.5,2.0,22.5,1,28.2,1,26.4,2,20.0,3,22.9,1,29.1,2,29.7,1,28.3,2,29.5,1,27.5,1,28.3,1
2016-09-09 11:00:00,19.5,4,21.6,2,22.3,2,21.3,3,23.0,2,19.7,6,20.3,5,22.1,3,21.4,2,22.7,1,22.6,2,23.0,2,22.7,2,24.2,1,22.7,2,23.0,2,22.1,2,23.1,1,22.8,2,23.7,1,20.7,1,23.1,2,23.6,2,23.4,2.0,23.6,1,29.1,1,28.0,2,20.8,4,23.8,1,29.6,2,30.7,1,29.6,2,31.2,2,27.6,1,29.1,1
2016-09-09 12:00:00,19.7,4,22.5,2,23.1,2,21.9,3,23.8,2,20.0,5,20.9,5,22.9,3,22.3,2,23.8,1,23.6,2,23.8,2,23.4,2,24.9,1,23.3,2,24.1,2,22.9,2,23.8,1,23.2,1,24.3,2,21.5,1,24.1,2,24.2,2,24.8,3.0,24.4,1,29.7,2,29.1,2,21.6,4,24.6,1,29.7,2,31.4,2,30.5,2,32.2,2,27.5,2,29.6,1
2016-09-09 13:00:00,19.8,4,22.9,2,23.7,2,22.3,3,24.4,2,20.1,5,21.3,5,23.5,3,23.0,2,24.5,2,24.3,2,24.4,2,23.9,2,25.5,2,23.7,2,24.9,2,23.5,2,24.3,1,23.7,2,24.6,2,22.1,1,25.0,2,24.8,2,25.7,3.0,25.1,1,30.2,2,29.7,2,22.5,4,25.4,1,29.8,2,31.9,2,31.0,2,32.5,2,27.4,2,29.8,2
2016-09-09 14:00:00,19.9,3,22.8,2,23.9,2,22.4,3,24.8,2,20.1,5,21.4,5,23.9,3,23.6,2,24.9,2,24.8,2,24.8,2,24.1,2,25.7,2,23.9,2,25.3,2,24.0,2,24.7,1,24.2,2,24.7,2,22.5,2,25.6,2,25.2,2,25.8,4.0,25.6,1,30.4,2,29.8,2,23.3,4,26.1,1,29.7,1,32.0,2,31.0,2,32.2,2,27.2,2,29.7,2
2016-09-09 15:00:00,20.1,2,23.0,2,24.0,3,23.5,2,24.4,2,20.0,6,21.8,3,24.2,3,23.7,2,25.1,2,25.1,2,24.7,2,24.4,2,26.2,5,23.7,2,25.4,2,24.8,2,25.6,3,25.2,2,25.9,5,23.3,2,26.2,2,26.4,2,27.3,5.0,26.2,2,31.4,2,30.2,2,24.5,4,27.0,2,29.4,1,31.8,1,30.9,2,31.5,1,27.4,4,29.3,3
2016-09-09 16:00:00,20.0,2,22.4,2,23.6,3,23.2,3,23.9,2,19.4,6,21.3,3,23.6,3,23.7,2,24.7,2,24.9,2,24.6,2,23.9,2,25.4,5,23.1,3,25.4,2,24.8,2,25.5,3,25.0,2,25.2,5,23.3,2,26.0,2,26.2,2,25.6,5.0,25.9,2,30.7,2,29.3,2,24.3,4,26.9,2,28.7,2,30.7,2,29.9,2,30.3,1,27.0,4,28.6,3
2016-09-09 17:00:00,19.8,2,21.5,2,22.9,3,22.6,4,22.9,2,18.7,6,20.7,3,22.7,3,23.4,2,24.0,2,24.4,2,24.0,2,23.0,2,24.0,4,22.3,3,25.0,2,24.5,2,24.7,2,24.5,2,24.0,4,22.9,1,25.2,2,25.7,2,23.3,5.0,25.1,2,29.5,2,27.9,2,23.6,3,26.3,2,27.7,3,29.2,3,28.6,2,28.8,1,26.5,4,27.8,3
2016-09-09 18:00:00,19.6,2,20.4,2,21.8,3,21.6,4,21.5,2,17.9,6,19.9,3,21.5,3,22.7,2,23.0,2,23.7,2,22.7,2,21.8,2,22.5,3,21.2,3,24.1,2,23.7,2,23.3,2,23.5,2,22.4,4,22.2,1,24.0,2,24.9,2,21.1,5.0,23.8,2,28.0,3,26.3,1,22.4,3,25.4,2,26.6,3,27.6,3,27.2,2,27.2,2,25.9,4,26.8,3
2016-09-09 19:00:00,19.3,2,19.2,2,20.5,2,20.1,3,19.9,1,17.3,6,18.9,3,20.1,3,21.5,2,21.8,2,22.8,2,20.7,2,20.3,2,21.0,3,19.8,3,22.5,2,22.3,2,21.1,2,22.1,2,20.4,3,21.2,1,22.4,2,23.8,2,19.5,5.0,22.0,2,26.4,3,24.6,1,20.8,3,24.2,2,25.5,3,26.1,3,26.0,2,25.5,2,25.4,4,25.8,3
2016-09-09 20:00:00,18.9,2,18.2,1,19.1,2,18.6,2,18.3,1,16.8,5,17.9,3,18.7,3,20.2,2,20.5,1,21.8,1,18.3,1,18.9,2,19.6,3,18.2,3,20.6,2,20.5,2,18.6,2,20.5,2,18.5,3,20.1,1,20.7,2,22.5,1,18.4,5.0,20.1,2,24.9,3,23.1,1,19.2,3,22.9,2,24.5,3,24.8,3,25.0,2,23.9,2,24.9,4,25.0,3
2016-09-09 21:00:00,18.6,2,17.3,2,18.0,2,17.5,3,17.0,2,16.5,5,17.1,3,17.5,3,19.0,2,19.4,2,21.0,2,16.7,2,17.7,2,18.4,3,16.9,4,19.2,2,19.1,2,16.7,2,19.2,2,17.2,3,19.1,2,19.3,2,21.5,2,17.4,5.0,18.6,2,23.6,3,21.7,2,18.1,3,21.7,2,23.7,3,23.7,2,24.0,2,22.5,2,24.4,4,24.2,3
2016-09-09 22:00:00,18.4,2,16.7,2,17.1,2,16.7,3,16.1,2,16.4,5,16.7,3,16.8,4,18.1,2,18.4,2,20.1,2,15.5,2,16.8,2,17.4,3,16.0,4,18.0,3,17.9,3,15.2,2,18.1,2,16.2,3,18.1,2,18.2,2,20.5,2,16.7,5.0,17.4,3,22.3,4,20.5,2,17.3,3,20.6,3,23.1,3,22.7,2,23.0,3,21.4,2,24.0,4,23.5,3
2016-09-09 23:00:00,18.1,3,16.1,3,16.4,2,15.9,3,15.4,3,16.3,5,16.5,4,16.4,4,17.3,3,17.5,3,19.4,3,14.6,3,16.1,2,16.6,3,15.5,4,17.1,3,16.9,3,14.1,3,17.2,3,15.6,3,17.1,3,17.3,3,19.6,3,16.0,5.0,16.5,3,21.2,4,19.5,3,16.7,3,19.4,3,22.6,3,22.0,2,22.1,3,20.5,3,23.5,4,22.8,4
2016-09-10 00:00:00,17.9,3,15.7,3,16.0,3,15.3,4,14.9,3,16.2,6,16.4,4,16.1,4,16.6,3,16.8,3,18.7,3,14.2,4,15.5,3,16.0,3,15.3,5,16.4,4,16.1,4,13.5,3,16.4,3,15.3,3,16.2,3,16.6,3,18.8,3,15.3,5.0,15.8,3,20.2,4,18.6,4,16.2,4,18.4,4,22.1,4,21.4,2,21.4,4,19.6,3,23.0,4,22.1,4
2016-09-10 01:00:00,17.7,4,15.3,4,15.7,4,14.9,4,14.5,4,15.9,6,16.1,4,15.7,5,16.1,4,16.2,4,18.0,4,13.8,4,15.0,3,15.5,4,15.2,5,15.7,4,15.5,5,13.0,4,15.8,4,14.9,4,15.4,4,16.1,4,18.1,4,14.5,5.0,15.2,4,19.4,4,17.7,4,15.6,4,17.4,4,21.4,4,20.9,3,20.7,4,18.7,4,22.5,4,21.5,4
2016-09-10 02:00:00,17.5,4,15.1,4,15.4,5,14.5,5,14.1,4,15.6,6,15.9,5,15.4,5,15.5,5,15.7,4,17.5,5,13.6,5,14.5,4,15.1,5,15.2,6,15.1,5,15.0,5,12.8,5,15.2,4,14.6,4,14.7,4,15.7,5,17.6,4,13.7,5.0,14.6,4,18.8,5,16.9,5,14.9,4,16.5,5,20.7,4,20.4,4,20.2,4,17.8,4,22.1,4,21.0,4
2016-09-10 03:00:00,17.8,2,15.6,1,15.1,1,15.4,3,13.7,1,16.4,6,16.3,5,15.4,4,15.3,1,15.3,1,17.9,1,13.3,1,14.5,2,15.1,2,14.3,4,15.4,2,15.9,1,13.4,1,15.9,1,14.7,2,15.6,1,17.4,2,18.8,2,13.8,3.0,15.1,2,19.0,4,16.7,2,14.5,3,17.3,3,20.9,4,20.7,4,20.8,4,18.1,2,23.2,1,22.6,3
2016-09-10 04:00:00,17.5,2,15.3,1,14.8,1,14.9,3,13.6,1,16.4,7,16.2,5,15.3,5,14.7,1,14.8,1,17.1,1,13.1,1,14.3,2,15.0,2,14.0,4,14.8,2,15.2,1,13.3,1,15.8,1,14.6,2,15.0,2,16.8,2,18.4,2,13.3,3.0,14.5,2,18.7,5,16.5,2,14.0,3,16.7,3,20.4,4,20.5,4,20.7,4,17.6,2,22.9,1,22.2,3
2016-09-10 05:00:00,17.4,2,15.1,1,14.8,1,14.7,4,14.0,1,16.3,7,16.1,4,15.3,6,14.4,1,14.7,1,16.7,1,13.6,2,14.7,2,15.6,2,13.9,5,14.6,3,14.8,1,13.8,1,16.0,2,14.9,2,14.6,2,16.3,2,18.3,3,13.1,3.0,14.3,2,18.7,5,16.7,2,13.8,4,16.5,3,20.2,4,20.6,4,20.9,4,17.8,2,22.9,2,22.1,2
2016-09-10 06:00:00,17.4,2,15.4,2,15.5,1,15.0,4,15.3,1,16.3,7,16.2,4,15.6,6,14.8,1,15.4,2,17.0,2,14.9,2,15.8,2,16.8,2,14.4,5,15.1,3,15.2,1,15.0,1,16.9,2,16.0,2,14.9,2,16.6,2,18.7,3,13.9,3.0,14.9,2,19.6,5,17.8,2,14.4,5,16.9,3,20.8,4,21.5,4,21.7,5,18.9,2,23.4,2,22.6,2
2016-09-10 07:00:00,17.8,2,15.9,2,17.1,1,15.9,5,16.5,1,16.3,7,16.5,5,16.3,6,17.1,2,18.4,2,18.7,2,17.1,2,17.7,2,18.8,2,16.2,6,16.5,3,16.7,1,16.5,1,18.5,2,18.1,2,16.3,2,17.3,2,19.1,3,16.0,4.0,16.1,3,22.6,4,19.9,2,16.0,5,18.2,3,22.7,3,23.3,3,23.3,5,21.2,2,24.0,2,22.4,2
2016-09-10 08:00:00,18.4,2,17.5,2,19.3,1,17.2,5,19.3,1,16.5,7,16.9,6,17.3,6,18.8,2,20.2,2,20.3,2,19.9,2,20.1,1,21.3,2,17.8,6,18.5,3,18.8,1,19.3,1,20.5,2,20.6,2,18.3,2,19.6,1,20.9,2,18.8,4.0,18.9,3,25.3,3,22.5,2,18.1,5,20.1,3,25.0,2,25.5,2,25.4,5,24.2,2,25.4,2,24.5,2
2016-09-10 09:00:00,19.0,2,19.3,2,21.5,1,18.6,6,21.9,1,16.7,7,17.5,6,18.4,6,20.6,2,22.0,2,21.9,2,22.4,2,22.2,1,23.7,2,19.5,7,20.6,3,21.0,2,21.8,2,22.6,2,23.2,1,20.5,2,21.8,2,22.7,2,21.6,4.0,21.6,3,27.7,3,24.8,2,20.3,5,22.0,2,27.1,2,27.4,2,27.2,4,27.1,2,26.5,2,26.5,2
2016-09-10 10:00:00,19.5,2,20.9,2,23.2,1,19.8,6,23.9,1,17.1,7,18.2,7,19.6,6,22.1,2,23.6,2,23.3,2,24.3,2,23.8,1,25.7,1,20.8,6,22.3,3,22.7,2,23.7,2,24.4,2,25.3,1,22.4,2,23.7,2,24.4,2,23.8,5.0,23.7,3,29.4,2,26.4,2,22.1,5,23.5,2,28.2,1,28.5,1,28.6,4,29.3,2,27.1,2,28.0,2
2016-09-10 11:00:00,19.9,2,22.3,2,24.6,1,20.7,5,25.3,1,17.5,7,18.9,7,20.7,7,23.1,2,24.6,2,24.5,2,25.5,2,25.0,1,27.3,1,21.7,6,23.7,3,23.9,3,24.9,3,25.8,2,26.8,1,23.9,3,25.0,3,25.6,1,25.5,5.0,25.1,2,30.3,2,27.3,2,23.4,5,24.7,2,28.7,1,29.0,1,29.5,3,30.8,2,27.3,2,28.9,2
2016-09-10 12:00:00,20.1,2,23.2,2,25.4,2,21.2,6,26.2,1,17.8,7,19.4,7,21.6,7,23.9,2,25.4,2,25.3,3,26.3,2,25.6,2,28.4,2,22.5,6,24.6,4,24.8,4,25.6,3,26.8,2,27.9,2,24.9,3,26.0,3,26.6,2,26.6,6.0,26.0,2,31.0,2,27.8,3,24.4,5,25.7,2,28.9,1,29.3,2,30.0,2,31.6,3,27.3,3,29.4,2
2016-09-10 13:00:00,20.1,3,23.5,3,26.0,3,21.3,6,26.8,1,17.9,6,19.6,6,22.3,7,24.5,3,25.9,3,25.8,3,26.8,2,26.1,2,29.1,2,23.0,6,25.2,5,25.4,4,26.2,3,27.3,2,28.5,2,25.6,3,26.8,4,27.3,2,27.2,6.0,26.7,3,31.6,2,28.2,3,25.0,5,26.6,2,29.1,1,29.7,2,30.3,2,31.9,3,27.4,3,29.5,3
2016-09-10 14:00:00,19.9,4,23.3,4,26.2,3,21.2,7,27.0,2,17.9,6,19.5,6,22.6,7,24.7,4,26.0,4,26.0,4,26.9,2,26.3,2,29.4,2,23.3,6,25.3,5,25.7,5,26.5,3,27.4,2,28.6,2,26.0,3,27.2,4,27.6,3,27.3,6.0,27.2,4,32.0,3,28.3,4,25.4,5,27.3,2,29.2,1,30.0,2,30.2,2,31.7,2,27.4,4,29.1,4
2016-09-10 15:00:00,19.8,6,22.7,6,24.5,6,21.2,7,26.6,2,18.2,7,19.2,7,22.4,6,24.3,5,25.3,6,25.5,5,26.7,4,26.9,2,28.1,2,22.9,6,24.6,6,25.6,3,26.4,3,26.2,3,27.2,2,23.7,4,27.3,2,27.1,1,26.3,6.0,26.7,3,31.3,1,29.3,3,25.7,5,28.6,2,28.8,1,31.4,1,30.3,1,31.0,2,27.3,4,29.6,2
2016-09-10 16:00:00,19.5,6,21.8,6,23.9,6,20.4,7,25.8,3,17.8,7,18.7,7,21.6,6,24.1,5,24.8,5,25.1,5,26.3,4,26.1,2,27.0,2,22.2,6,24.1,6,25.2,4,26.0,3,25.7,3,26.2,2,23.4,4,26.7,2,26.8,1,24.7,5.0,26.0,4,30.4,1,28.4,3,25.2,4,28.4,2,28.1,1,30.2,2,29.3,1,30.1,2,26.8,4,28.9,2
2016-09-10 17:00:00,19.2,6,20.7,5,23.1,6,19.5,7,24.5,3,17.2,7,18.0,7,20.4,6,23.5,5,23.9,5,24.4,5,25.4,5,24.9,2,25.5,2,21.2,6,23.3,6,24.5,4,25.1,2,24.9,2,24.9,2,22.7,4,25.6,2,26.2,1,22.6,3.0,24.9,4,29.1,2,27.2,2,24.2,3,27.7,2,27.1,1,28.6,2,28.0,1,29.0,1,26.2,3,28.0,2
2016-09-10 18:00:00,18.8,6,19.5,5,22.1,6,18.6,6,23.0,4,16.5,6,17.3,7,19.2,6,22.5,4,22.8,4,23.4,4,23.9,5,23.5,2,23.7,2,20.1,6,22.4,5,23.5,5,23.6,3,23.8,2,23.3,2,21.9,4,24.2,2,25.2,1,20.6,3.0,23.5,4,27.5,2,25.8,2,22.9,3,26.7,2,26.1,1,27.0,2,26.7,1,27.6,1,25.6,3,27.1,3
2016-09-10 19:00:00,18.4,6,18.4,5,20.9,6,17.8,6,21.4,4,15.7,6,16.5,6,18.1,6,21.3,4,21.6,4,22.3,4,21.8,5,21.9,2,21.9,2,19.0,6,21.3,5,22.3,5,21.5,3,22.4,2,21.4,2,20.9,4,22.8,2,24.0,2,19.1,2.0,21.9,4,26.1,2,24.4,2,21.4,3,25.4,2,25.3,2,25.8,3,25.7,1,26.0,1,25.2,3,26.3,3
2016-09-10 20:00:00,18.1,6,17.5,5,19.6,5,17.0,5,20.0,4,15.0,6,15.7,5,17.2,5,20.1,4,20.6,4,21.2,4,19.6,5,20.3,2,20.4,2,18.1,6,20.3,5,21.0,5,19.3,4,21.0,2,19.6,2,19.8,4,21.4,3,22.7,2,18.1,3.0,20.4,4,24.8,3,23.1,2,19.8,4,24.1,3,24.7,2,24.8,3,24.9,1,24.4,1,24.9,3,25.5,3
2016-09-10 21:00:00,17.8,5,16.8,5,18.6,5,16.2,5,18.8,3,14.4,6,15.1,5,16.3,5,19.1,4,19.7,4,20.5,4,18.1,4,19.0,2,19.1,3,17.3,6,19.3,5,19.9,5,17.5,5,19.9,3,18.2,2,18.9,4,20.1,3,21.8,2,17.2,3.0,19.2,4,23.7,3,21.9,2,18.7,4,22.8,3,24.2,2,23.9,3,24.0,2,23.1,2,24.7,3,24.8,3
2016-09-10 22:00:00,17.5,5,16.1,5,17.7,5,15.4,5,17.7,3,13.9,5,14.5,5,15.5,5,18.2,5,18.8,4,19.8,5,17.0,4,18.1,2,18.3,3,16.5,6,18.4,5,18.9,5,16.2,5,19.0,3,17.5,3,18.1,4,19.0,3,21.1,3,16.6,3.0,18.2,4,22.7,4,20.7,2,17.8,4,21.6,3,23.7,2,23.1,3,23.2,2,22.0,2,24.5,3,24.1,3
2016-09-10 23:00:00,17.1,5,15.5,5,16.9,6,14.6,5,16.7,2,13.5,5,13.9,5,14.7,5,17.3,5,18.0,5,19.1,5,16.2,3,17.4,2,17.7,3,15.8,6,17.5,5,18.1,5,15.5,5,18.3,3,17.2,3,17.4,4,18.0,4,20.5,3,16.0,3.0,17.3,5,21.9,4,19.7,3,17.1,4,20.3,3,23.3,3,22.4,3,22.4,2,21.0,3,24.2,3,23.5,3
2016-09-11 00:00:00,16.7,5,14.9,5,16.1,6,13.8,5,15.8,2,13.0,5,13.3,5,13.9,5,16.4,5,17.1,5,18.4,5,15.6,4,16.7,2,17.2,3,15.1,6,16.6,5,17.3,5,14.9,5,17.6,4,16.9,4,16.8,4,17.2,4,19.8,3,15.5,3.0,16.5,5,21.1,4,18.7,3,16.5,4,19.2,4,22.8,3,21.8,4,21.7,3,20.1,3,23.8,3,22.8,3
2016-09-11 01:00:00,16.3,5,14.4,5,15.4,6,13.1,5,14.9,3,12.5,5,12.7,5,13.0,5,15.6,5,16.2,5,17.7,5,14.9,4,16.0,3,16.6,4,14.4,6,15.8,5,16.5,5,14.3,5,16.9,4,16.3,4,16.1,4,16.5,5,19.1,4,14.9,4.0,15.8,5,20.5,4,17.8,4,15.9,5,18.2,4,22.2,3,21.5,4,21.1,4,19.0,4,23.3,4,22.1,4
2016-09-11 02:00:00,15.9,5,14.0,5,14.8,6,12.4,5,14.2,4,12.1,5,12.1,5,12.2,5,14.8,5,15.4,5,17.1,5,14.2,5,15.3,4,16.1,5,13.7,6,15.0,6,15.8,6,13.7,5,16.2,4,15.7,5,15.5,5,16.0,5,18.3,4,14.2,4.0,15.3,5,19.9,4,17.0,5,15.3,5,17.3,4,21.6,4,21.3,4,20.6,4,18.0,4,22.8,4,21.5,4
2016-09-11 03:00:00,15.8,4,15.1,4,16.6,5,12.8,4,16.6,5,12.2,3,12.3,3,12.8,5,16.4,6,17.4,6,18.7,6,15.6,4,15.1,4,15.9,4,14.7,5,16.3,6,16.8,6,14.6,5,16.5,4,15.2,2,16.5,5,17.0,4,19.0,4,13.9,4.0,16.7,5,18.9,4,16.6,2,15.6,3,18.0,2,21.0,3,20.6,4,21.0,3,19.2,2,22.6,2,22.9,2
2016-09-11 04:00:00,15.5,4,14.8,4,16.2,5,12.2,4,16.6,6,11.8,4,11.9,3,12.1,5,15.9,7,17.0,7,18.1,7,15.6,5,15.0,4,15.8,5,14.1,6,15.7,6,16.4,6,14.5,6,16.3,4,15.2,3,16.1,5,16.6,5,18.7,4,13.3,4.0,16.4,5,18.8,4,16.3,2,15.0,3,17.4,2,20.4,4,20.5,4,20.8,3,18.5,2,22.3,2,22.5,2
2016-09-11 05:00:00,15.2,3,14.7,4,16.1,5,11.9,4,16.9,6,11.6,5,11.8,4,11.8,5,15.6,7,17.0,7,17.8,7,16.0,5,15.5,5,16.2,5,13.9,6,15.5,6,16.4,6,14.8,6,16.6,4,15.6,3,16.0,5,16.6,5,18.7,4,13.1,3.0,16.4,6,19.1,4,16.5,2,14.7,4,17.1,2,20.3,4,20.7,4,21.0,3,18.3,2,22.3,2,22.6,2
2016-09-11 06:00:00,15.2,3,15.0,4,16.4,5,12.3,4,17.6,6,12.1,6,12.3,4,12.3,5,15.8,7,17.3,7,17.8,7,16.9,6,16.5,5,17.2,5,14.3,6,16.0,6,16.8,7,15.8,6,17.4,4,16.7,3,16.3,5,17.2,6,19.3,4,13.8,3.0,17.0,6,20.2,4,17.6,2,15.3,4,17.5,2,21.1,4,21.8,4,21.7,3,19.3,2,22.8,3,23.4,2
2016-09-11 07:00:00,15.5,2,15.8,4,17.1,5,13.6,3,18.6,6,13.4,6,13.6,4,13.9,5,16.4,7,18.0,7,18.3,7,18.2,6,18.2,5,19.0,5,15.7,6,17.3,6,17.9,6,17.5,6,18.8,3,18.6,3,17.3,5,18.7,5,20.5,4,15.7,3.0,18.4,5,22.3,4,19.7,2,16.9,4,18.8,2,23.2,3,24.0,4,23.2,3,21.7,2,23.8,3,25.0,2
2016-09-11 08:00:00,16.0,2,16.9,4,18.1,4,15.5,2,19.7,6,15.2,6,15.4,3,16.2,6,17.3,7,19.0,7,19.1,7,19.7,6,20.2,4,21.1,4,17.6,6,19.1,5,19.3,6,19.6,5,20.6,3,20.9,2,18.8,5,20.8,5,22.1,3,18.4,3.0,20.4,5,24.9,4,22.5,2,19.2,3,20.6,2,25.9,2,26.7,4,25.1,3,24.9,2,25.1,3,27.0,2
2016-09-11 09:00:00,16.5,2,18.0,4,19.0,4,17.4,2,20.6,7,17.0,6,17.3,3,18.5,6,18.3,7,20.0,7,20.0,7,21.1,5,22.1,4,23.1,2,19.7,6,20.7,5,20.8,5,21.5,5,22.4,3,23.1,2,20.3,4,22.8,4,23.7,2,21.2,4.0,22.3,4,27.4,4,25.2,2,21.3,2,22.6,2,28.3,2,29.2,4,27.2,3,28.0,2,26.2,3,28.9,2
2016-09-11 10:00:00,16.9,2,18.8,4,19.6,4,18.9,2,21.1,6,18.3,6,18.9,4,20.4,5,19.3,7,20.9,7,20.9,7,22.1,5,23.6,4,24.7,2,21.5,5,21.8,5,22.1,5,22.8,4,23.9,3,24.9,1,21.6,4,24.4,3,25.2,2,23.6,4.0,23.9,4,29.2,4,27.3,2,22.9,2,24.3,2,29.6,3,30.9,4,29.0,3,30.3,2,26.8,2,30.3,2
2016-09-11 11:00:00,17.2,2,19.4,4,20.1,4,20.1,2,21.3,6,19.2,6,20.1,5,21.9,5,20.2,7,21.8,7,21.7,7,22.9,5,24.7,4,25.8,1,22.9,4,22.6,5,23.2,5,23.6,4,25.0,3,26.2,2,22.7,4,25.6,3,26.4,2,25.4,4.0,25.1,4,30.4,4,28.9,2,24.0,2,25.8,2,30.2,3,32.0,4,30.5,3,31.8,2,27.0,2,31.1,2
2016-09-11 12:00:00,17.4,2,19.9,4,20.4,4,20.9,2,21.6,6,19.8,5,21.0,5,22.9,5,21.1,7,22.5,7,22.4,7,23.4,5,25.4,5,26.7,2,23.9,4,23.3,6,24.1,6,24.3,4,25.8,4,27.1,2,23.6,4,26.6,3,27.3,3,26.8,5.0,26.2,4,31.3,4,29.9,3,24.9,3,27.0,2,30.3,4,32.6,4,31.5,4,32.6,2,27.0,2,31.5,2
2016-09-11 13:00:00,17.6,2,20.4,4,20.8,4,21.5,2,22.1,6,20.1,6,21.6,5,23.5,5,21.9,7,23.1,7,23.0,7,23.8,5,25.7,5,27.3,3,24.6,4,24.2,6,24.8,5,25.0,4,26.4,4,27.7,3,24.3,4,27.5,3,27.9,3,27.7,6.0,27.1,4,32.0,4,30.5,4,25.8,3,28.1,2,30.4,4,33.0,4,32.0,4,32.9,3,27.1,2,31.6,2
2016-09-11 14:00:00,17.7,2,20.7,4,21.1,5,21.9,2,22.6,7,20.2,6,21.8,5,23.9,5,22.5,6,23.6,6,23.5,6,24.1,6,25.7,6,27.6,4,24.9,4,25.0,6,25.2,5,25.7,4,26.6,5,27.9,4,24.8,5,28.0,3,28.3,4,27.9,6.0,27.8,4,32.4,4,30.7,5,26.6,3,28.9,3,30.3,4,33.1,4,32.0,3,32.7,3,27.1,3,31.3,2
2016-09-11 15:00:00,19.0,2,22.4,4,22.8,6,23.1,3,25.5,5,20.7,6,22.2,5,24.8,5,24.0,6,25.1,7,25.2,6,26.3,6,27.3,4,28.9,4,25.1,6,26.5,6,26.4,5,27.8,5,27.6,4,28.3,3,26.9,2,29.1,3,29.0,3,28.1,4.0,30.3,2,32.7,2,30.3,3,28.9,2,30.2,1,30.0,1,32.8,2,31.2,2,31.8,2,27.3,3,30.1,2
2016-09-11 16:00:00,19.0,2,22.0,3,22.8,5,23.0,2,25.1,5,20.2,7,22.0,5,24.5,6,24.1,6,25.1,6,25.2,6,26.2,6,26.6,4,27.6,4,24.5,5,26.5,6,26.4,5,27.6,4,26.9,4,27.3,3,26.6,3,28.6,3,28.6,3,26.5,4.0,30.2,2,31.8,2,29.3,3,28.4,2,29.8,1,29.1,2,31.5,2,30.1,2,30.6,2,26.8,3,29.1,2
2016-09-11 17:00:00,19.0,2,21.3,2,22.4,3,22.6,2,24.2,5,19.4,6,21.6,4,23.8,6,23.8,4,24.6,5,24.8,5,25.5,5,25.4,5,25.8,4,23.6,4,26.1,6,26.0,4,26.8,3,25.8,3,25.8,2,25.8,3,27.5,3,27.9,3,24.3,4.0,29.5,2,30.3,3,27.9,3,27.3,2,28.9,2,27.9,3,29.8,3,28.8,2,29.1,2,26.2,2,27.8,2
2016-09-11 18:00:00,18.9,2,20.4,2,21.7,2,21.8,2,23.0,5,18.6,6,20.9,4,22.7,5,23.1,3,23.7,4,24.1,4,24.3,5,24.0,5,23.8,4,22.4,4,25.1,5,25.1,4,25.2,2,24.5,3,23.9,2,24.8,3,26.0,2,26.9,3,22.1,3.0,28.2,2,28.6,3,26.4,3,25.6,2,27.7,2,26.6,3,27.9,3,27.5,2,27.5,2,25.7,2,26.5,2
2016-09-11 19:00:00,18.7,2,19.4,2,20.6,2,20.7,2,21.6,4,17.9,6,19.9,3,21.4,4,22.0,3,22.6,3,23.1,3,22.4,5,22.3,4,22.0,3,21.0,3,23.6,4,23.7,4,22.9,4,23.1,3,21.7,2,23.8,3,24.4,2,25.7,3,20.4,3.0,26.4,2,26.9,4,24.8,2,23.5,2,26.3,2,25.5,3,26.2,3,26.3,2,25.9,2,25.3,2,25.4,2
2016-09-11 20:00:00,18.4,2,18.6,2,19.4,2,19.4,2,20.3,3,17.3,6,18.8,3,20.0,3,20.8,2,21.4,3,22.1,3,20.4,4,20.6,4,20.6,3,19.7,3,22.0,4,22.2,5,20.3,5,21.9,3,19.5,2,22.9,3,22.8,2,24.6,3,19.2,3.0,24.4,2,25.3,4,23.4,2,21.5,2,25.0,2,24.6,2,24.7,3,25.3,2,24.4,2,25.1,2,24.6,2
2016-09-11 21:00:00,18.3,2,17.9,2,18.5,2,18.4,2,19.1,4,16.9,6,18.0,4,19.0,3,19.9,2,20.5,2,21.4,2,18.6,5,19.3,3,19.4,3,18.7,4,20.7,4,20.9,5,18.2,6,20.8,3,17.9,2,22.1,3,21.5,2,23.5,3,18.3,3.0,22.8,3,23.9,4,22.0,3,19.9,2,23.7,2,23.9,3,23.4,3,24.5,3,23.1,2,24.9,2,23.9,2
2016-09-11 22:00:00,18.3,3,17.4,3,18.2,2,17.6,3,18.3,4,16.6,6,17.2,4,18.1,3,19.4,2,20.0,2,21.1,2,17.6,5,18.2,3,18.5,3,18.1,4,19.9,4,20.1,5,16.9,5,20.0,4,16.9,3,21.5,4,20.5,3,22.5,3,17.6,3.0,21.6,3,22.7,4,20.7,3,19.1,3,22.7,2,23.3,3,22.4,4,23.9,3,22.1,3,24.7,2,23.4,2
2016-09-11 23:00:00,18.2,3,16.9,3,18.1,3,16.9,3,17.7,4,16.4,6,16.5,4,17.3,4,19.2,2,19.6,2,21.0,2,17.0,5,17.3,3,17.8,2,17.7,4,19.4,4,19.5,5,16.2,4,19.3,4,16.2,3,20.9,4,19.8,3,21.6,3,16.9,3.0,20.7,3,21.6,4,19.7,3,18.7,3,21.9,3,22.7,3,21.6,4,23.3,3,21.1,3,24.5,2,23.1,3
2016-09-12 00:00:00,18.1,4,16.5,4,17.9,4,16.2,3,17.1,5,16.2,6,15.9,5,16.6,4,18.8,2,19.2,2,20.8,3,16.6,5,16.6,3,17.1,3,17.3,5,18.9,5,19.0,5,15.8,3,18.6,4,15.6,4,20.2,4,19.1,4,20.6,4,16.3,4.0,20.1,4,20.8,4,18.7,4,18.6,3,21.2,3,22.2,3,21.1,4,22.8,4,20.3,3,24.1,3,22.8,3
2016-09-12 01:00:00,17.7,4,16.0,4,17.3,4,15.6,4,16.4,5,16.0,6,15.3,5,15.8,5,18.0,3,18.4,3,20.2,3,16.0,5,15.9,4,16.5,4,16.8,5,18.1,5,18.2,5,15.3,3,17.8,4,15.2,4,19.3,5,18.4,4,19.7,4,15.4,4.0,19.6,4,20.0,5,17.8,4,18.3,4,20.7,4,21.7,4,20.9,4,22.2,4,19.5,4,23.6,3,22.5,4
2016-09-12 02:00:00,17.3,5,15.4,5,16.4,5,14.9,4,15.7,5,15.7,6,14.9,5,14.9,5,17.0,4,17.5,4,19.2,4,15.4,6,15.3,4,15.9,5,16.2,6,17.2,5,17.3,5,14.8,4,16.9,5,14.8,5,18.3,5,17.7,5,18.9,4,14.5,4.0,19.0,5,19.4,5,17.1,5,17.9,4,20.2,4,21.3,4,20.7,4,21.5,4,18.7,4,23.2,3,22.2,4
2016-09-12 03:00:00,18.3,4,16.4,4,16.8,3,14.6,2,16.3,2,16.2,6,15.8,4,14.9,2,17.1,4,17.2,4,19.7,4,15.4,2,15.6,3,16.1,2,16.4,3,17.5,4,17.5,4,15.4,2,17.1,1,15.5,2,18.7,3,18.4,2,19.9,4,14.4,4.0,19.2,2,18.7,3,16.8,4,16.9,1,19.6,1,20.3,4,20.0,3,21.2,3,19.0,3,23.4,3,21.2,3
2016-09-12 04:00:00,18.1,4,16.2,4,16.4,3,14.4,2,16.1,2,16.2,6,15.5,4,14.6,2,16.7,5,16.7,5,19.0,5,15.1,2,15.4,3,16.0,2,16.1,3,16.9,3,17.0,4,15.1,2,16.8,1,15.3,2,18.3,3,18.0,3,19.6,4,13.8,5.0,18.5,2,18.3,3,16.5,4,16.1,2,19.0,2,19.8,4,19.7,3,21.0,3,18.6,4,23.1,3,20.8,3
2016-09-12 05:00:00,18.1,4,16.2,5,16.4,2,14.6,2,16.4,2,16.3,6,15.4,3,14.6,2,16.7,5,16.7,5,18.6,5,15.4,2,15.7,2,16.4,2,16.1,2,16.7,3,16.8,4,15.3,2,16.9,2,15.7,2,18.1,3,17.9,4,19.6,4,13.6,5.0,18.2,2,18.4,4,16.7,4,15.7,2,18.8,2,19.8,4,19.7,3,21.2,3,18.7,4,23.1,4,20.8,3
2016-09-12 06:00:00,18.6,4,16.9,5,17.3,2,15.5,2,17.6,2,16.7,7,15.9,3,15.6,2,17.5,5,17.6,5,19.1,5,16.7,2,16.8,2,17.6,2,16.9,2,17.5,3,17.4,4,16.5,2,17.8,2,16.8,2,18.7,2,18.5,4,20.3,4,14.4,6.0,18.8,2,19.4,4,17.8,4,16.6,2,19.5,2,20.5,4,20.7,3,22.0,3,19.8,5,23.5,5,21.5,3
2016-09-12 07:00:00,19.7,3,18.5,4,19.3,2,17.5,2,19.8,2,17.7,7,17.3,3,17.8,2,19.3,5,19.6,5,20.7,5,19.3,2,19.0,2,19.7,2,18.9,2,19.5,2,19.3,3,19.1,2,19.6,2,19.0,2,20.2,2,20.3,4,21.8,3,16.5,6.0,20.8,2,21.6,3,20.0,4,19.2,2,21.4,2,22.2,4,22.8,3,23.6,3,22.1,5,24.5,4,23.2,4
2016-09-12 08:00:00,21.2,2,20.8,3,21.8,2,20.2,1,22.6,2,19.0,7,19.4,4,20.6,2,21.7,4,22.2,4,22.9,4,22.5,2,21.8,2,22.4,2,21.7,3,22.3,2,21.9,3,22.3,2,22.0,2,21.7,2,22.2,2,22.8,3,23.9,2,19.5,6.0,23.7,2,24.4,3,22.7,4,22.9,2,23.9,2,24.4,5,25.6,3,25.6,3,25.1,4,25.7,4,25.4,4
2016-09-12 09:00:00,22.7,2,23.1,3,24.3,2,22.9,1,25.3,2,20.4,6,21.5,4,23.6,2,24.0,3,24.8,3,25.3,3,25.5,2,24.5,2,24.9,2,24.6,3,25.2,2,24.7,2,25.4,2,24.4,2,24.3,1,24.2,2,25.4,2,26.0,1,22.5,6.0,26.8,2,27.0,2,25.3,4,26.4,1,26.5,2,26.3,5,28.1,3,27.5,3,27.9,4,26.7,4,27.4,4
2016-09-12 10:00:00,23.9,2,25.1,2,26.2,2,25.2,1,27.4,1,21.5,5,23.3,4,26.1,2,25.8,2,26.9,2,27.3,2,27.6,2,26.7,2,26.9,2,27.0,3,27.6,2,27.0,2,27.6,2,26.4,2,26.3,1,25.9,2,27.6,2,27.8,1,24.9,6.0,29.4,1,28.9,2,27.2,4,29.0,2,28.6,1,27.3,5,29.8,3,29.0,4,29.9,4,27.2,4,28.8,3
2016-09-12 11:00:00,24.7,2,26.6,2,27.4,2,27.1,2,28.8,1,22.4,4,24.7,3,28.1,2,27.2,2,28.5,2,28.7,2,28.9,2,28.2,2,28.3,2,28.9,2,29.4,2,28.8,2,29.1,2,28.0,2,27.8,1,27.2,2,29.2,2,29.3,1,26.7,5.0,31.6,1,30.1,2,28.4,5,30.6,2,30.1,1,27.6,5,30.8,3,30.1,4,31.1,4,27.2,4,29.6,2
2016-09-12 12:00:00,25.2,2,27.7,2,28.3,2,28.3,2,29.8,1,22.9,3,25.6,2,29.4,2,28.2,2,29.6,2,29.8,2,29.8,2,29.3,2,29.5,2,30.3,2,30.9,2,30.2,2,30.1,2,29.2,2,28.8,1,28.4,2,30.4,2,30.4,1,28.0,5.0,33.2,1,30.9,2,29.2,5,31.7,2,31.2,1,27.7,5,31.3,4,30.7,4,31.7,4,27.2,5,30.0,2
2016-09-12 13:00:00,25.4,2,28.3,2,28.9,2,29.0,2,30.5,1,23.1,3,26.0,2,30.1,2,29.0,3,30.4,2,30.5,3,30.6,2,30.0,2,30.5,2,31.3,2,32.1,2,31.1,2,31.0,2,30.0,2,29.6,2,29.5,2,31.2,3,31.1,2,28.7,6.0,34.3,1,31.5,3,29.7,6,32.4,2,32.0,1,27.9,4,31.5,4,30.8,4,31.9,4,27.2,5,30.0,3
2016-09-12 14:00:00,25.4,2,28.4,2,29.2,2,29.1,2,30.7,2,23.1,3,26.0,2,30.3,2,29.5,3,30.8,3,30.8,3,31.1,2,30.2,2,31.0,2,31.8,2,32.8,2,31.6,2,31.5,2,30.4,2,29.9,2,30.4,2,31.5,3,31.3,2,28.8,6.0,35.0,1,31.7,4,29.8,6,32.7,2,32.4,1,28.0,4,31.4,4,30.4,4,31.6,4,27.2,5,29.6,4
2016-09-12 15:00:00,24.7,2,27.6,2,29.2,3,28.1,2,30.5,5,22.2,6,25.1,4,29.6,2,29.5,3,30.4,4,30.4,4,31.5,5,30.1,3,30.6,2,30.2,2,32.2,2,31.4,4,31.6,4,30.7,3,29.3,2,30.7,2,31.6,2,31.7,3,27.7,5.0,34.3,2,31.5,3,29.9,6,31.8,1,32.0,1,27.2,5,30.3,4,29.7,3,30.9,4,27.2,5,28.6,2
2016-09-12 16:00:00,24.6,2,26.8,2,28.6,4,27.6,3,29.7,5,21.9,6,24.9,5,29.1,3,29.3,3,29.9,4,30.1,4,30.7,6,29.2,3,29.5,2,29.2,2,31.8,3,30.9,4,30.8,3,29.9,3,28.4,2,30.3,2,30.7,2,31.1,2,26.0,5.0,33.8,2,30.4,3,28.6,5,31.0,1,31.1,1,26.4,4,29.0,4,28.4,3,29.6,4,26.7,5,27.7,2
2016-09-12 17:00:00,24.6,2,25.8,2,27.6,4,26.7,3,28.3,4,21.3,6,24.5,5,28.1,4,28.6,3,29.0,4,29.5,4,29.2,6,27.8,3,27.7,2,27.5,2,30.8,3,29.9,4,29.2,2,28.6,3,26.9,2,29.4,2,29.4,2,30.1,2,23.9,5.0,32.7,2,28.9,3,26.9,4,29.6,1,29.8,2,25.4,4,27.5,3,27.0,3,28.0,4,25.9,4,26.6,2
2016-09-12 18:00:00,24.4,2,24.7,2,26.3,4,25.5,4,26.7,4,20.5,6,23.6,5,26.6,4,27.5,3,27.7,4,28.5,4,27.3,6,26.1,3,25.7,2,25.6,2,29.3,3,28.5,4,27.3,2,27.0,2,24.9,2,28.2,2,27.9,2,28.9,2,21.8,5.0,31.1,2,27.1,3,25.1,3,27.7,2,28.2,2,24.4,4,25.9,3,25.7,3,26.4,4,25.3,4,25.5,2
2016-09-12 19:00:00,24.0,2,23.5,2,24.8,4,23.9,3,25.0,3,19.3,6,22.1,4,24.7,4,26.1,3,26.3,4,27.3,4,25.2,6,24.3,2,23.8,2,23.9,2,27.4,3,26.9,4,25.2,3,25.3,2,22.6,2,26.9,2,26.3,2,27.5,3,20.1,5.0,29.3,2,25.3,3,23.5,3,25.4,2,26.7,2,23.7,4,24.5,3,24.8,3,24.9,3,24.9,4,24.6,2
2016-09-12 20:00:00,23.5,2,22.5,2,23.4,3,22.3,2,23.5,3,18.1,6,20.4,3,22.7,2,24.6,3,24.9,4,26.2,4,23.1,5,22.7,2,22.1,2,22.5,2,25.6,3,25.2,4,23.1,5,23.6,2,20.4,2,25.6,2,24.8,2,26.1,3,18.9,4.0,27.4,2,23.7,3,22.1,3,23.0,2,25.4,2,23.1,4,23.4,3,24.1,3,23.5,3,24.7,4,23.9,2
2016-09-12 21:00:00,23.1,2,21.7,2,22.3,2,21.0,2,22.3,4,17.3,6,19.3,2,21.1,3,23.5,4,24.0,4,25.4,4,21.5,5,21.2,2,20.7,2,21.5,3,24.2,3,23.9,4,21.6,5,22.3,3,18.8,2,24.4,2,23.5,2,24.9,3,18.0,5.0,25.8,2,22.3,3,20.7,3,21.2,2,24.3,2,22.4,4,22.3,3,23.5,3,22.4,3,24.6,4,23.2,2
2016-09-12 22:00:00,22.7,2,21.2,3,21.6,2,20.0,3,21.5,4,16.7,6,18.4,2,19.9,3,22.7,4,23.2,4,24.9,4,20.2,5,20.0,2,19.6,2,20.8,3,23.2,4,22.7,4,20.3,5,21.2,3,17.7,2,23.4,3,22.4,3,23.9,3,17.3,5.0,24.7,2,21.3,3,19.4,3,20.2,3,23.4,2,21.7,4,21.3,3,23.0,3,21.4,3,24.4,4,22.7,3
2016-09-12 23:00:00,22.4,3,20.9,3,21.1,2,19.2,3,20.9,5,16.3,6,17.7,2,19.1,4,22.1,4,22.5,4,24.5,4,19.3,6,19.0,3,18.8,2,20.3,4,22.4,4,21.8,4,19.4,5,20.4,3,16.9,3,22.6,3,21.4,3,23.1,4,16.7,5.0,23.9,3,20.6,4,18.3,4,19.8,3,22.6,3,21.1,4,20.6,3,22.4,3,20.5,3,24.2,4,22.2,3
2016-09-13 00:00:00,22.0,3,20.7,4,20.9,2,18.6,4,20.3,5,15.9,6,17.2,2,18.5,4,21.5,4,21.9,5,24.1,5,18.6,6,18.3,3,18.1,2,20.0,4,21.8,4,21.0,5,18.6,4,19.7,4,16.3,3,22.1,4,20.7,4,22.3,4,16.1,5.0,23.2,3,20.1,4,17.4,4,19.6,4,21.9,3,20.6,4,20.1,4,21.9,4,19.6,3,23.9,4,21.8,3
2016-09-13 01:00:00,21.7,4,20.4,4,20.7,3,17.9,4,19.6,5,15.7,6,16.8,3,18.0,5,20.9,5,21.2,5,23.5,5,18.1,6,17.6,4,17.5,2,19.7,5,21.1,5,20.3,5,17.9,4,19.2,4,15.9,4,21.6,4,20.1,4,21.6,4,15.5,5.0,22.7,4,19.6,4,16.7,4,19.3,4,21.3,4,20.3,4,19.7,4,21.4,4,18.8,4,23.5,4,21.4,4
2016-09-13 02:00:00,21.3,4,20.0,5,20.3,4,17.4,4,18.9,6,15.6,6,16.7,4,17.6,5,20.2,5,20.4,5,22.8,5,17.7,6,17.1,5,17.0,3,19.3,6,20.4,5,19.7,5,17.2,5,18.8,4,15.5,4,21.2,5,19.7,5,20.9,4,14.7,5.0,22.1,5,19.2,5,16.2,5,18.9,5,20.8,4,20.0,4,19.6,4,21.0,4,18.0,4,23.0,4,21.2,4
2016-09-13 03:00:00,21.3,2,19.5,2,19.1,3,17.9,2,18.3,4,15.7,6,16.4,2,16.9,2,19.2,4,19.4,4,21.5,4,17.6,3,16.9,4,17.1,2,18.7,2,20.0,3,18.9,3,17.1,2,18.5,3,16.2,2,20.2,3,20.4,3,21.3,5,14.8,5.0,21.8,2,18.0,4,16.2,3,18.9,1,20.7,4,20.0,6,19.6,5,20.6,5,18.0,3,22.9,3,21.4,5
2016-09-13 04:00:00,21.0,2,19.0,3,18.7,3,17.4,3,18.2,3,15.3,6,15.8,3,16.5,2,18.5,5,18.8,4,20.6,5,17.2,3,16.8,3,17.0,2,18.4,2,19.2,3,18.1,3,16.9,2,18.2,4,16.1,2,19.7,3,19.9,4,20.9,6,14.2,5.0,21.0,2,17.6,4,15.9,3,18.1,2,20.2,4,19.5,6,19.2,5,20.4,5,17.5,4,22.6,3,21.2,5
2016-09-13 05:00:00,20.8,2,18.7,3,18.7,3,17.1,3,18.6,3,15.1,6,15.5,3,16.4,2,18.3,5,18.6,5,20.2,5,17.3,3,17.2,2,17.4,2,18.3,2,18.8,3,17.8,3,17.1,2,18.2,4,16.5,2,19.5,2,19.6,5,20.7,6,14.1,6.0,20.6,2,17.6,5,16.1,4,17.7,2,19.9,4,19.3,7,19.1,6,20.6,5,17.5,5,22.6,4,21.4,6
2016-09-13 06:00:00,21.1,2,19.2,3,19.5,3,17.7,3,19.7,3,15.4,6,16.0,4,17.2,2,18.9,5,19.3,4,20.6,5,18.3,3,18.3,2,18.5,2,18.9,2,19.4,3,18.4,2,18.3,2,18.9,4,17.7,2,19.9,2,20.0,5,21.2,5,14.8,6.0,21.0,2,18.6,5,17.1,4,18.0,2,20.4,4,19.9,7,19.9,6,21.3,6,18.7,5,23.0,4,22.0,6
2016-09-13 07:00:00,22.2,2,20.9,3,21.4,3,19.6,3,21.7,3,16.5,6,17.6,4,19.0,2,20.7,4,21.1,4,22.2,4,20.6,3,20.2,2,20.5,2,20.6,2,21.3,3,20.4,2,20.7,2,20.4,4,19.8,2,21.1,2,21.5,5,22.4,4,16.7,6.0,22.4,2,20.7,5,19.2,5,19.5,2,21.9,3,21.5,7,21.9,6,22.8,6,21.3,5,24.0,5,23.3,6
2016-09-13 08:00:00,23.8,2,23.3,2,23.9,2,22.3,3,24.2,2,18.0,6,19.8,5,21.6,2,23.2,4,23.6,3,24.5,3,23.6,3,22.6,2,23.0,2,22.9,2,23.9,2,23.2,2,23.6,2,22.5,4,22.5,2,22.9,2,23.7,3,24.1,3,19.4,6.0,24.5,2,23.4,4,21.9,5,21.8,2,24.0,3,23.5,6,24.5,6,24.7,6,24.5,5,25.3,5,25.0,5
2016-09-13 09:00:00,25.3,2,25.7,2,26.3,2,25.0,2,26.6,2,19.6,6,22.2,5,24.2,2,25.6,3,26.1,3,26.8,3,26.4,3,25.0,3,25.5,2,25.2,3,26.5,2,26.0,2,26.4,2,24.8,4,25.0,2,24.8,1,26.0,2,25.9,2,22.2,6.0,26.7,2,26.0,4,24.5,6,24.3,2,26.3,2,25.2,6,26.9,6,26.6,6,27.5,5,26.4,5,26.6,5
2016-09-13 10:00:00,26.4,2,27.6,2,28.0,2,27.2,2,28.3,2,20.9,6,24.2,5,26.5,2,27.4,2,28.1,2,28.7,2,28.2,3,27.0,2,27.5,1,27.0,3,28.6,2,28.2,2,28.3,2,26.9,4,27.0,1,26.5,2,28.0,2,27.5,2,24.6,5.0,28.5,2,27.8,4,26.5,6,26.4,2,28.2,2,26.1,6,28.6,6,28.1,6,29.5,5,26.9,5,27.8,5
2016-09-13 11:00:00,27.1,2,29.0,2,29.1,2,28.8,2,29.5,1,21.9,5,25.6,5,28.2,2,28.6,2,29.6,2,30.0,2,29.4,2,28.6,2,28.9,1,28.3,3,30.1,2,29.9,2,29.6,2,28.6,3,28.4,1,27.8,2,29.6,2,28.8,2,26.4,6.0,29.8,2,28.9,5,27.8,6,28.0,2,29.6,1,26.4,5,29.6,6,29.1,5,30.5,5,26.9,5,28.5,5
2016-09-13 12:00:00,27.4,2,29.9,2,29.9,2,29.8,2,30.4,1,22.5,5,26.2,6,29.3,2,29.5,2,30.7,2,31.0,2,30.1,2,29.8,2,30.1,1,29.1,4,31.2,2,31.0,1,30.6,2,29.8,3,29.4,1,28.6,2,30.7,2,29.8,2,27.6,6.0,30.5,3,29.7,5,28.7,6,28.8,3,30.3,1,26.6,5,30.1,6,29.7,5,31.0,5,26.8,5,28.9,5
2016-09-13 13:00:00,27.5,2,30.4,2,30.5,2,30.1,2,31.1,1,22.7,5,26.0,6,29.6,3,30.2,2,31.5,2,31.6,2,30.8,3,30.5,3,31.0,1,29.4,4,32.0,2,31.7,1,31.5,2,30.5,3,30.1,2,28.7,2,31.4,3,30.4,3,28.2,7.0,30.6,4,30.3,5,29.3,6,28.8,4,30.1,2,26.9,4,30.3,5,29.8,4,31.2,5,26.8,5,28.9,5
2016-09-13 14:00:00,27.3,2,30.4,2,30.9,2,30.0,2,31.5,2,22.4,6,25.2,6,29.2,4,30.7,3,31.8,2,31.9,3,31.3,3,30.8,3,31.5,1,29.2,4,32.5,2,32.0,1,32.2,2,30.6,3,30.3,2,28.3,2,31.5,3,30.6,4,28.0,7.0,30.1,5,30.5,5,29.4,6,28.0,5,29.3,2,27.1,3,30.0,5,29.6,5,30.9,5,26.8,6,28.6,5
2016-09-13 15:00:00,27.3,2,30.1,2,31.1,2,28.9,3,31.3,2,20.1,7,22.7,6,28.5,5,31.2,2,31.9,2,32.1,2,31.6,2,30.9,2,31.7,2,28.7,5,32.1,3,31.9,2,32.2,3,31.0,2,30.3,2,29.3,2,31.6,3,30.8,2,28.1,5.0,30.6,6,30.1,5,28.9,5,27.9,5,29.5,3,26.7,6,29.2,5,28.5,4,30.0,4,26.6,4,27.9,5
2016-09-13 16:00:00,26.9,2,29.2,2,30.4,2,28.3,4,30.5,2,19.3,7,22.0,7,27.6,5,30.9,2,31.2,3,31.5,3,31.2,2,29.9,2,30.4,2,27.3,6,31.4,3,31.2,3,31.5,3,30.2,2,29.3,2,28.4,2,30.6,3,30.1,2,26.1,5.0,28.9,6,28.9,5,27.6,4,26.2,4,28.4,4,25.9,6,28.0,5,27.5,3,28.7,4,26.2,4,26.8,6
2016-09-13 17:00:00,26.4,3,27.9,3,29.1,2,27.3,4,29.2,2,18.4,7,21.1,7,26.3,5,30.0,3,29.9,3,30.4,3,30.2,2,28.5,2,28.4,2,25.4,6,30.2,3,30.0,4,30.2,2,28.8,3,27.6,1,27.1,3,29.3,2,29.1,2,23.7,4.0,26.8,7,27.3,5,26.0,3,24.2,4,26.9,4,24.8,6,26.4,5,26.4,3,27.2,3,25.7,3,25.7,6
2016-09-13 18:00:00,25.8,3,26.4,3,27.6,2,25.9,4,27.5,2,17.5,7,20.1,7,24.6,5,28.6,3,28.4,3,29.2,4,28.5,2,26.7,2,26.2,2,23.3,6,28.6,3,28.5,4,28.2,2,27.1,3,25.5,1,25.7,4,27.8,2,27.8,2,21.4,4.0,24.6,7,25.6,5,24.2,2,22.2,4,25.4,5,23.8,5,24.9,5,25.4,3,25.6,3,25.2,3,24.6,6
2016-09-13 19:00:00,25.2,3,24.8,3,25.9,2,24.0,4,25.7,2,16.8,7,19.0,7,22.7,5,26.9,3,26.9,3,27.9,3,26.3,2,24.8,2,24.1,2,21.6,6,26.8,4,26.8,4,25.8,2,25.2,3,23.1,1,24.4,4,26.3,2,26.5,2,19.8,3.0,22.7,7,24.0,5,22.6,2,20.4,4,24.1,5,23.1,6,23.6,5,24.6,3,24.2,3,24.8,3,23.8,5
2016-09-13 20:00:00,24.6,3,23.3,2,24.4,2,22.0,3,24.0,1,16.2,7,17.9,7,20.9,5,25.2,3,25.5,3,26.8,3,23.9,2,23.0,2,22.3,2,20.2,6,25.0,4,25.1,4,23.4,2,23.4,2,20.8,1,23.2,5,25.0,2,25.1,2,18.7,2.0,21.2,7,22.6,5,21.3,2,19.0,6,22.9,5,22.7,6,22.6,5,24.0,3,23.1,3,24.4,3,23.4,5
2016-09-13 21:00:00,23.9,3,22.2,2,23.1,2,20.6,3,22.6,2,15.8,7,17.4,6,19.4,5,23.8,3,24.4,2,25.8,3,22.1,2,21.5,1,20.9,2,19.2,6,23.5,5,23.6,4,21.4,2,22.0,2,19.1,1,22.1,5,23.7,3,24.0,2,17.9,3.0,20.0,7,21.4,5,20.1,2,17.9,6,22.0,5,22.1,6,21.6,5,23.4,3,22.2,3,24.1,3,23.0,5
2016-09-13 22:00:00,23.3,3,21.2,2,22.3,2,19.4,3,21.6,2,15.5,7,17.0,6,18.6,5,22.8,3,23.5,2,25.1,3,20.7,3,20.3,1,19.8,2,18.5,6,22.4,5,22.6,4,20.2,2,20.8,3,17.9,2,21.2,5,22.6,3,23.1,2,17.3,3.0,19.2,6,20.4,5,19.1,2,17.1,6,21.3,5,21.5,6,20.9,5,22.9,4,21.5,3,23.7,4,22.7,5
2016-09-13 23:00:00,22.6,3,20.4,2,21.7,2,18.4,3,20.8,3,15.3,6,16.6,6,18.1,5,22.0,3,22.7,2,24.5,3,19.6,3,19.3,1,18.9,2,18.1,6,21.6,5,21.9,3,19.5,2,19.8,3,17.1,2,20.3,5,21.7,4,22.5,2,16.8,3.0,18.6,6,19.6,5,18.2,2,16.6,6,20.7,5,21.1,6,20.4,5,22.4,4,20.8,4,23.4,4,22.4,5
2016-09-14 00:00:00,22.0,3,19.7,2,21.2,3,17.6,4,20.1,4,15.2,6,16.3,6,17.8,5,21.3,3,21.9,2,23.9,3,18.9,4,18.5,2,18.2,2,17.8,6,20.9,5,21.2,3,18.9,2,19.0,3,16.5,2,19.6,5,20.8,4,21.9,3,16.2,3.0,18.2,6,19.1,5,17.5,2,16.2,5,20.1,5,20.7,5,20.1,5,21.9,4,20.1,4,23.1,4,22.0,5
2016-09-14 01:00:00,21.4,2,19.3,2,20.8,4,17.0,4,19.5,4,15.1,6,16.2,6,17.3,6,20.6,2,21.1,2,23.2,2,18.2,4,17.8,3,17.5,3,17.6,6,20.2,6,20.4,3,18.0,2,18.5,4,15.9,2,19.0,5,20.1,4,21.4,3,15.4,4.0,17.9,6,18.8,4,17.0,3,15.8,5,19.5,5,20.4,5,20.0,5,21.4,4,19.3,4,22.8,4,21.5,5
2016-09-14 02:00:00,20.9,2,18.9,2,20.2,5,16.6,4,18.9,5,15.1,6,16.1,6,16.7,6,19.9,2,20.2,3,22.5,2,17.7,5,17.2,4,16.9,4,17.3,6,19.4,6,19.6,3,17.1,2,18.1,4,15.4,2,18.4,5,19.4,5,20.8,3,14.6,4.0,17.6,6,18.7,4,16.7,3,15.4,5,18.8,5,20.2,5,20.1,5,21.0,4,18.4,4,22.4,4,21.1,5
2016-09-14 03:00:00,22.4,1,20.0,1,20.0,1,18.0,1,19.0,1,15.6,7,16.3,6,16.6,6,20.3,2,20.7,2,22.6,2,18.1,1,17.2,1,17.3,1,16.7,6,19.0,3,19.5,3,17.3,2,18.5,1,15.9,1,18.1,3,20.0,6,20.3,3,14.5,2.0,17.0,7,18.6,6,15.9,5,14.9,7,18.4,7,20.5,7,19.9,6,21.3,6,18.3,5,22.4,4,21.6,7
2016-09-14 04:00:00,21.9,1,19.4,1,19.5,1,17.6,1,18.8,1,15.6,7,16.0,6,16.3,6,19.6,2,20.1,2,21.7,2,17.8,1,16.9,1,17.0,1,16.4,6,18.3,3,19.0,3,17.3,2,18.2,1,15.5,2,17.7,4,19.6,6,19.9,3,13.9,3.0,16.7,7,18.5,6,15.8,5,14.3,7,17.9,7,20.5,7,20.0,6,21.4,7,17.8,6,22.0,4,21.7,7
2016-09-14 05:00:00,21.6,1,19.0,1,19.3,1,17.5,2,19.1,1,15.6,7,16.0,6,16.2,6,19.2,2,19.8,2,21.2,2,17.9,2,17.1,1,17.1,2,16.2,6,18.0,3,18.8,3,17.8,2,18.3,2,15.7,2,17.5,4,19.5,7,19.8,3,13.6,4.0,16.5,7,18.8,6,16.0,5,13.9,7,17.5,7,20.7,7,20.3,6,21.7,7,17.8,6,21.8,5,21.9,7
2016-09-14 06:00:00,21.7,1,19.4,2,20.0,1,18.0,2,20.2,1,15.9,7,16.4,6,16.7,6,19.6,2,20.3,2,21.4,2,19.0,2,18.1,1,18.1,2,16.6,6,18.4,3,19.3,3,18.9,2,19.1,2,16.8,2,17.3,5,19.8,6,20.2,3,14.1,5.0,16.5,7,19.5,6,16.9,6,13.8,7,17.4,7,21.1,7,20.9,6,22.3,7,18.8,7,22.2,6,22.1,7
2016-09-14 07:00:00,22.6,1,21.1,2,21.7,1,19.6,2,22.1,1,16.4,7,17.4,6,17.9,6,21.1,2,21.7,2,22.7,2,21.2,2,20.0,1,20.1,2,17.8,7,19.7,3,20.5,2,20.6,2,20.8,2,19.1,2,17.1,5,20.8,6,21.2,3,15.8,5.0,16.7,6,20.8,7,18.5,6,14.1,7,17.7,6,21.8,7,21.8,7,23.3,7,21.0,7,23.3,6,22.3,7
2016-09-14 08:00:00,23.8,1,23.5,1,24.1,1,21.8,2,24.5,1,17.1,7,18.9,6,19.5,6,23.1,2,23.7,2,24.6,2,23.9,2,22.5,1,22.7,2,19.3,7,21.6,2,22.1,2,22.6,1,23.1,2,22.1,2,16.9,4,22.1,6,22.7,3,18.2,4.0,17.2,6,22.4,7,20.4,6,14.7,7,18.2,6,22.5,7,22.8,7,24.6,7,23.7,7,24.6,7,22.5,7
2016-09-14 09:00:00,25.1,1,25.9,1,26.3,1,24.1,1,26.8,1,17.9,7,20.4,5,21.4,6,25.1,2,25.8,2,26.6,2,26.4,2,25.0,1,25.2,2,20.7,7,23.4,2,23.9,2,24.5,1,25.3,2,24.8,1,16.8,4,23.5,5,24.2,3,20.9,4.0,17.9,6,23.8,7,22.2,7,15.5,7,18.7,6,23.0,7,23.6,7,25.7,7,26.0,7,25.7,7,22.9,7
2016-09-14 10:00:00,26.0,2,27.6,1,28.0,1,26.1,1,28.6,1,18.8,7,21.8,5,23.2,5,26.5,1,27.6,1,28.1,1,28.1,2,27.0,1,27.2,2,21.6,6,24.7,2,25.4,1,25.9,1,27.1,2,26.7,1,17.0,5,24.6,5,25.6,3,23.4,4.0,18.7,6,24.7,7,23.4,7,16.4,7,19.1,6,23.1,7,24.1,7,26.6,7,27.3,7,26.1,6,23.6,6
2016-09-14 11:00:00,26.5,2,28.6,1,29.1,1,27.6,1,29.8,1,19.6,7,22.9,6,24.7,4,27.4,1,28.9,1,29.1,1,29.2,2,28.6,1,28.7,1,22.0,6,25.5,2,26.5,1,26.8,1,28.3,2,28.0,1,17.4,5,25.3,4,26.7,4,25.3,5.0,19.6,6,25.3,7,24.1,7,17.2,7,19.4,6,23.1,7,24.2,7,27.1,7,27.8,7,26.0,6,24.3,6
2016-09-14 12:00:00,26.7,2,29.3,2,29.9,1,28.5,1,30.7,1,20.3,7,23.5,6,25.6,3,28.2,1,29.8,1,29.7,1,29.9,2,29.7,1,29.9,1,22.5,5,26.0,2,27.0,1,27.2,1,29.1,2,28.9,1,17.9,6,25.6,4,27.3,4,26.7,5.0,20.4,7,25.5,7,24.6,7,18.0,7,19.8,6,23.2,7,24.3,7,27.2,7,27.9,7,25.7,6,24.8,5
2016-09-14 13:00:00,26.8,2,29.7,2,30.5,1,28.7,1,31.3,1,20.6,7,23.6,5,25.8,2,28.9,2,30.2,2,30.1,2,30.4,1,30.4,1,30.9,1,23.1,5,26.4,3,26.8,2,27.2,2,29.4,3,29.7,1,18.5,6,25.4,5,27.4,5,27.3,6.0,21.0,7,25.6,7,24.9,7,18.7,7,20.3,6,23.7,7,24.3,7,27.0,7,27.9,7,25.6,6,24.7,6
2016-09-14 14:00:00,26.8,2,29.8,1,30.8,1,28.3,1,31.5,1,20.6,7,23.4,5,25.5,2,29.4,2,30.2,2,30.2,2,30.7,1,30.7,2,31.5,1,23.6,5,26.5,3,26.1,3,26.9,4,29.3,3,30.2,1,19.0,6,24.7,6,27.1,6,27.2,7.0,21.3,7,25.5,7,25.0,7,19.1,7,20.6,6,24.2,7,24.2,7,26.5,7,27.7,7,25.5,7,24.2,6
2016-09-14 15:00:00,25.2,2,28.6,1,30.4,2,26.2,2,31.3,1,20.0,7,23.2,5,24.7,4,28.0,2,28.5,2,28.8,2,30.4,3,30.7,2,31.1,2,23.0,7,25.9,6,24.7,6,25.4,4,29.2,3,29.8,1,18.9,7,23.7,6,27.6,4,27.0,5.0,20.7,6,25.3,7,25.5,7,16.9,7,18.8,5,23.4,7,23.3,7,25.8,7,27.1,7,25.7,7,22.4,6
2016-09-14 16:00:00,25.1,2,27.9,1,29.9,2,25.5,3,30.3,1,19.5,7,22.8,4,24.2,5,27.4,2,27.4,2,27.9,2,29.7,3,29.6,2,29.9,2,22.3,7,25.2,7,23.6,6,24.7,3,28.2,3,28.9,1,18.1,7,22.2,7,26.7,4,24.9,5.0,20.1,5,24.4,7,24.3,7,16.1,6,18.1,5,22.9,7,22.6,7,24.8,6,26.0,7,25.4,7,21.3,6
2016-09-14 17:00:00,25.0,2,26.7,2,29.1,2,24.5,3,28.7,1,18.9,6,22.1,3,23.5,4,26.3,2,26.0,2,26.8,2,28.3,4,28.0,2,28.0,1,21.3,6,24.0,7,22.3,6,23.8,3,26.7,3,27.3,1,17.1,7,20.8,6,25.5,5,22.6,4.0,19.3,4,23.3,7,22.6,7,15.2,6,17.2,5,22.1,7,21.7,7,23.8,6,24.6,7,24.9,7,20.2,6
2016-09-14 18:00:00,24.7,2,25.3,2,27.8,1,23.4,4,26.8,1,18.2,6,21.2,3,22.5,4,25.0,2,24.6,3,25.6,3,26.2,4,26.1,2,25.9,1,20.1,6,22.5,7,20.9,6,22.3,2,24.9,3,25.2,2,16.2,6,19.5,6,24.3,5,20.6,4.0,18.3,4,22.0,7,20.9,7,14.2,5,16.2,5,21.2,6,20.8,7,22.9,6,23.1,7,24.4,6,19.2,6
2016-09-14 19:00:00,24.2,2,23.7,2,26.1,1,22.2,4,24.8,1,17.3,6,19.9,3,21.2,5,23.6,3,23.4,3,24.7,3,23.7,4,24.2,2,24.1,2,18.8,6,21.0,6,19.7,6,20.3,3,23.1,3,22.9,2,15.5,6,18.6,6,23.0,6,19.3,4.0,17.2,4,20.7,7,19.6,7,13.3,6,15.4,5,20.3,6,20.0,6,22.3,6,21.9,7,23.9,6,18.7,6
2016-09-14 20:00:00,23.7,1,22.2,1,24.3,1,21.0,3,23.0,1,16.4,6,18.6,3,19.8,5,22.3,3,22.4,3,24.0,3,21.2,3,22.5,1,22.5,2,17.6,6,19.6,6,18.8,6,18.1,5,21.5,4,20.8,2,14.9,6,17.8,6,21.8,6,18.5,5.0,16.2,5,19.5,6,18.6,7,12.6,6,14.9,5,19.5,5,19.3,5,21.8,6,21.0,7,23.6,7,18.5,5
2016-09-14 21:00:00,23.1,2,21.2,2,23.1,2,20.0,3,21.7,2,15.7,6,17.5,4,18.7,5,21.2,3,21.7,4,23.4,3,19.5,4,21.2,1,21.3,2,16.6,6,18.6,6,18.0,6,16.3,6,20.2,5,19.1,2,14.3,6,17.1,6,20.8,6,18.0,5.0,15.5,5,18.5,6,17.8,7,12.1,6,14.3,5,18.7,5,18.5,5,21.3,6,20.3,7,23.1,6,18.0,5
2016-09-14 22:00:00,22.4,2,20.2,2,21.9,2,19.0,4,20.8,2,15.2,6,16.7,4,17.7,5,20.5,3,21.1,4,22.8,4,18.5,4,20.3,1,20.3,2,16.0,6,17.9,6,17.4,6,15.2,7,19.2,5,18.2,2,13.8,6,16.3,6,20.0,6,17.6,5.0,14.8,5,17.8,6,17.2,7,11.8,6,13.9,5,17.9,5,17.8,5,20.7,5,19.8,6,22.7,6,17.5,5
2016-09-14 23:00:00,21.7,3,19.4,2,20.9,2,18.1,4,20.2,3,14.9,6,16.0,5,16.7,5,19.9,4,20.5,4,22.2,4,17.9,5,19.6,1,19.5,2,15.6,6,17.4,6,16.9,6,14.5,7,18.5,6,17.7,2,13.4,6,15.5,6,19.4,6,17.1,5.0,14.3,5,17.2,6,16.6,7,11.6,6,13.5,5,17.2,5,17.2,5,20.1,5,19.3,6,22.2,6,17.1,5
2016-09-15 00:00:00,21.0,3,18.8,3,19.9,3,17.2,5,19.4,3,14.6,6,15.5,5,15.8,5,19.3,4,19.8,4,21.5,4,17.4,5,18.9,2,18.7,2,15.3,6,16.9,6,16.4,6,14.0,6,17.8,6,17.2,2,13.1,6,14.8,6,18.8,6,16.3,5.0,13.9,5,16.7,6,15.9,6,11.6,5,13.3,5,16.6,4,16.7,5,19.2,5,18.5,6,21.7,6,16.7,5
2016-09-15 01:00:00,20.2,4,18.1,4,19.1,3,16.3,5,18.5,4,14.4,6,15.1,5,15.0,5,18.4,4,18.9,5,20.8,5,16.6,5,17.9,3,17.8,3,15.0,6,16.4,6,15.9,6,13.3,6,17.2,6,16.4,3,13.0,6,14.4,6,18.1,6,15.2,5.0,13.6,5,16.1,6,15.0,6,11.6,5,13.1,5,16.1,4,16.3,5,18.2,5,17.4,6,21.2,6,16.5,5
2016-09-15 02:00:00,19.6,5,17.6,5,18.3,4,15.5,6,17.5,5,14.2,6,14.7,5,14.3,6,17.5,4,17.8,5,20.0,5,15.8,6,16.9,4,16.9,5,14.7,6,15.7,6,15.3,6,12.6,5,16.5,6,15.6,4,12.8,6,14.2,6,17.4,6,13.8,5.0,13.4,5,15.5,6,14.1,6,11.6,5,12.9,4,15.7,4,16.0,5,17.2,5,16.1,5,20.7,6,16.3,5
2016-09-15 03:00:00,21.1,1,18.9,1,18.8,1,17.1,4,17.1,2,14.8,7,15.7,6,15.5,5,17.8,4,17.9,4,19.8,4,15.8,3,16.7,2,17.0,2,14.5,5,15.2,7,14.2,7,12.2,6,17.1,5,15.8,2,11.7,6,14.1,7,17.1,6,14.5,5.0,13.3,5,14.6,6,13.8,5,11.5,6,12.6,5,15.0,5,15.5,6,17.3,5,16.3,5,21.3,6,15.2,5
2016-09-15 04:00:00,20.4,1,18.1,1,18.1,1,16.6,4,16.9,2,14.6,7,15.5,6,15.3,5,17.1,4,17.3,5,19.1,5,15.4,3,16.7,2,16.9,2,14.3,4,14.8,6,13.9,7,12.3,6,16.8,6,15.7,3,11.4,6,14.0,7,16.6,6,13.6,6.0,13.0,6,14.0,6,13.4,6,11.2,7,12.5,5,14.5,5,15.1,5,17.0,5,15.6,6,20.7,6,14.8,5
2016-09-15 05:00:00,19.8,1,17.5,2,17.8,2,16.3,5,17.2,2,14.5,7,15.4,7,15.3,6,16.6,5,16.9,5,18.5,5,15.2,4,17.0,2,17.2,2,14.3,4,14.5,5,13.8,6,12.8,6,16.5,6,16.1,5,11.1,6,14.0,7,16.2,5,12.8,7.0,12.9,6,13.8,6,13.3,6,10.8,7,12.4,5,14.1,5,14.9,5,17.0,5,15.3,6,20.2,6,14.6,5
2016-09-15 06:00:00,19.9,2,17.7,2,18.3,2,16.5,5,18.0,3,14.7,7,15.6,7,15.6,6,16.5,5,17.0,6,18.4,5,15.7,5,17.7,2,18.0,2,14.6,4,14.7,5,14.0,6,13.5,6,16.5,7,16.9,5,11.2,5,14.2,7,16.1,6,12.8,7.0,12.9,6,14.3,6,13.9,7,10.6,7,12.4,6,14.5,5,15.4,5,17.3,5,15.9,7,20.2,7,15.0,5
2016-09-15 07:00:00,20.8,2,19.1,2,19.7,1,17.4,5,19.2,3,15.2,7,16.2,7,16.3,6,17.1,5,17.7,6,19.0,6,16.9,5,18.8,2,19.4,3,15.5,4,15.4,4,14.6,6,14.4,6,17.0,6,18.2,5,11.6,4,14.7,7,16.4,6,13.9,7.0,13.3,6,15.7,6,15.2,7,10.9,7,12.6,6,15.8,5,16.7,4,18.0,4,17.6,7,21.0,7,16.2,5
2016-09-15 08:00:00,22.1,2,21.2,2,21.6,1,18.7,5,20.6,4,16.0,7,17.2,7,17.3,6,18.2,5,18.9,6,20.0,6,18.4,5,20.1,3,21.1,4,16.8,5,16.5,4,15.5,6,15.4,6,17.7,5,19.8,3,12.4,3,15.3,6,17.1,6,15.6,7.0,14.0,4,17.6,6,16.9,7,11.5,7,13.1,7,17.6,4,18.4,4,19.0,4,19.8,7,22.1,7,17.8,5
2016-09-15 09:00:00,23.3,2,23.2,2,23.6,1,20.2,5,22.0,4,16.8,7,18.4,7,18.5,6,19.3,6,20.2,6,21.1,6,19.8,5,21.4,3,22.7,4,18.1,6,17.5,4,16.3,6,16.2,5,18.4,5,21.1,2,13.3,2,16.1,5,17.9,6,17.3,7.0,14.9,4,19.4,5,18.3,7,12.4,7,14.0,7,19.3,4,20.0,4,20.1,4,21.8,7,23.1,7,19.6,5
2016-09-15 10:00:00,24.0,2,24.4,1,25.2,1,21.6,5,23.1,5,17.6,7,19.7,7,19.7,6,20.1,6,21.3,6,21.9,6,20.7,5,22.4,4,23.9,4,19.2,6,18.2,5,16.9,6,16.8,5,18.8,5,21.9,2,14.3,2,16.9,5,18.7,5,18.5,7.0,15.8,4,20.6,5,19.1,7,13.5,7,15.2,7,20.5,4,21.2,4,21.2,4,23.0,7,23.6,6,21.1,4
2016-09-15 11:00:00,24.1,1,25.0,1,26.4,1,22.8,5,23.9,5,18.4,7,20.8,7,20.9,5,20.7,6,22.3,6,22.4,6,21.1,5,23.2,4,24.8,4,20.0,5,18.8,5,17.3,6,17.3,5,19.2,6,22.3,2,15.2,2,17.7,4,19.4,5,19.2,7.0,16.7,4,21.4,6,19.5,7,14.5,7,16.6,7,21.2,4,22.0,5,22.1,5,23.6,6,23.6,6,22.3,4
2016-09-15 12:00:00,24.0,2,25.3,2,27.3,1,23.7,5,24.4,6,18.9,7,21.5,7,21.7,5,21.3,6,22.9,6,22.8,6,21.3,5,23.7,5,25.4,5,20.8,5,19.3,5,17.7,6,17.7,5,19.5,6,22.5,3,16.0,2,18.4,4,20.0,4,19.6,7.0,17.5,5,21.9,6,19.7,7,15.4,7,17.8,7,21.9,5,22.5,5,22.8,5,23.9,6,23.6,6,23.1,5
2016-09-15 13:00:00,23.7,2,25.5,3,27.8,2,24.1,5,24.7,6,19.1,7,21.5,7,22.1,5,21.9,6,23.2,6,23.2,6,21.5,6,24.0,5,25.8,5,21.5,5,19.9,6,18.1,6,18.2,5,20.0,5,22.7,4,16.5,3,18.9,5,20.5,5,19.8,7.0,18.1,5,22.3,6,19.9,7,16.0,7,18.6,7,22.6,5,22.9,5,23.2,5,24.1,6,23.7,6,23.4,5
2016-09-15 14:00:00,23.3,3,25.5,4,27.8,2,24.1,5,24.6,6,19.1,7,21.1,7,22.2,6,22.4,6,23.2,6,23.3,6,21.5,6,23.9,6,25.9,5,22.0,5,20.5,6,18.4,6,18.6,5,20.5,4,22.7,5,16.7,3,19.1,6,20.7,5,19.7,7.0,18.6,6,22.4,7,20.0,7,16.2,8,18.8,7,23.1,6,23.0,6,23.1,5,24.1,5,23.7,7,23.2,6
2016-09-15 15:00:00,21.4,6,22.3,7,24.2,6,21.3,6,22.8,7,19.1,6,20.4,6,20.9,4,20.5,6,20.6,7,21.3,7,20.5,7,21.2,7,23.6,7,20.5,6,19.6,7,18.7,5,19.2,5,20.3,7,20.4,7,17.2,5,19.4,5,20.8,5,18.4,7.0,20.5,7,22.6,6,21.2,5,17.6,5,20.8,2,22.6,5,23.0,6,23.1,3,25.0,4,23.7,6,23.1,5
2016-09-15 16:00:00,20.8,6,21.2,7,23.1,7,20.6,6,21.7,7,18.4,6,19.8,6,20.3,4,19.8,6,20.0,7,20.6,7,19.8,7,20.5,7,22.2,7,19.7,6,19.3,7,18.3,5,18.7,4,20.0,6,19.4,7,16.7,6,18.6,5,20.3,4,17.6,7.0,19.8,7,21.5,6,20.3,4,16.7,5,20.2,3,22.0,4,22.0,5,22.2,3,23.7,4,23.4,5,22.6,5
2016-09-15 17:00:00,20.3,6,19.8,7,21.6,7,19.8,5,20.2,7,17.5,5,19.1,6,19.4,4,18.8,7,19.1,7,19.6,7,18.7,7,19.7,6,20.6,6,18.7,5,18.6,6,17.7,4,17.8,3,19.2,5,18.3,6,15.9,6,17.7,5,19.4,4,16.4,7.0,18.8,7,20.1,5,19.0,3,15.7,6,19.4,3,21.1,4,20.6,4,21.1,3,21.9,4,23.0,5,21.9,5
2016-09-15 18:00:00,19.8,6,18.6,6,20.1,7,18.8,4,18.7,6,16.6,5,18.3,5,18.3,4,17.8,6,18.2,6,18.7,6,17.3,6,18.7,6,19.1,6,17.5,5,17.7,6,16.9,4,16.6,2,18.2,4,17.1,6,15.1,7,16.7,5,18.5,3,15.2,6.0,17.7,7,18.7,4,17.7,3,14.7,6,18.4,3,20.2,4,19.4,4,20.1,3,20.2,4,22.4,4,21.1,5
2016-09-15 19:00:00,19.4,6,17.8,6,19.0,7,17.8,4,17.5,6,15.9,5,17.4,5,17.1,4,17.1,6,17.4,6,18.1,6,16.0,6,17.6,6,17.9,6,16.4,5,16.7,5,16.1,3,15.2,2,17.1,4,16.0,6,14.4,7,15.9,4,17.6,3,14.1,6.0,16.8,6,17.7,4,16.7,3,13.8,6,17.4,4,19.4,4,18.6,4,19.5,4,19.0,4,21.8,4,20.3,5
2016-09-15 20:00:00,19.0,5,17.3,5,18.2,6,16.8,4,16.6,6,15.5,5,16.5,4,16.1,4,16.5,6,16.8,5,17.7,6,14.9,5,16.4,6,16.9,6,15.5,4,15.7,5,15.3,3,13.7,2,16.0,4,15.0,6,13.9,7,15.3,5,16.8,4,13.3,6.0,16.0,5,16.9,5,15.9,4,13.1,6,16.5,4,18.7,5,18.0,4,19.1,4,18.1,3,21.2,4,19.6,5
2016-09-15 21:00:00,18.7,5,16.8,5,17.5,6,16.0,4,16.1,6,15.1,5,15.9,4,15.3,4,16.1,5,16.3,5,17.4,5,14.3,4,15.7,5,16.2,6,14.7,5,15.2,5,14.8,3,13.1,2,15.6,4,14.5,5,13.6,7,14.8,5,16.4,4,12.7,6.0,15.3,5,16.4,5,15.2,4,12.5,6,15.7,4,18.1,5,17.5,5,18.6,4,17.0,4,20.7,4,18.8,5
2016-09-15 22:00:00,18.4,5,16.4,6,16.9,6,15.4,5,15.6,5,14.8,5,15.3,5,14.7,5,15.7,5,15.9,5,17.2,5,13.8,3,15.2,5,15.7,6,14.1,5,14.8,5,14.3,4,12.4,3,15.2,4,14.1,5,13.3,7,14.4,5,16.0,4,12.2,5.0,14.8,5,15.9,5,14.6,5,12.2,6,15.1,5,17.6,5,17.1,5,18.0,4,16.1,4,20.3,4,18.2,5
2016-09-15 23:00:00,18.2,5,16.1,6,16.4,6,14.9,5,15.2,5,14.6,5,14.9,5,14.2,5,15.3,4,15.5,5,17.0,4,13.4,3,14.7,5,15.2,6,13.7,5,14.4,5,13.9,4,11.9,4,14.8,5,13.8,5,13.0,6,14.0,6,15.7,4,11.7,5.0,14.4,5,15.6,5,14.1,5,12.0,6,14.6,5,17.1,5,16.8,5,17.5,4,15.3,4,20.0,4,17.7,5
2016-09-16 00:00:00,18.0,5,15.9,6,16.2,6,14.5,6,14.9,5,14.4,6,14.6,5,13.9,5,15.1,4,15.3,4,16.9,4,13.1,3,14.4,4,14.8,6,13.4,5,14.1,5,13.6,4,11.5,4,14.6,5,13.6,5,12.8,6,13.7,6,15.4,5,11.3,5.0,14.1,5,15.3,5,13.7,5,12.0,6,14.1,5,16.7,5,16.6,5,17.1,5,14.7,4,19.8,4,17.3,5
2016-09-16 01:00:00,18.0,6,15.8,6,16.0,6,14.2,6,14.7,5,14.3,6,14.4,5,13.6,5,14.9,4,15.1,4,16.8,4,12.9,3,14.1,5,14.6,6,13.3,6,13.9,6,13.4,4,11.3,5,14.4,6,13.5,5,12.6,6,13.6,5,15.3,5,11.1,5.0,13.8,5,15.2,5,13.4,5,12.0,6,13.8,5,16.4,5,16.5,5,16.8,5,14.2,4,19.6,4,17.0,5
2016-09-16 02:00:00,17.9,6,15.7,6,16.0,6,14.0,6,14.6,5,14.2,6,14.2,6,13.4,5,14.8,4,15.0,5,16.9,4,12.9,4,14.1,5,14.6,6,13.3,6,13.7,6,13.3,5,11.2,5,14.4,6,13.5,5,12.5,6,13.5,5,15.2,5,10.9,5.0,13.7,5,15.2,5,13.3,5,12.1,6,13.6,5,16.3,5,16.5,5,16.7,5,13.9,5,19.5,4,17.0,5
2016-09-16 03:00:00,17.2,5,15.3,4,15.2,5,14.7,6,13.7,5,14.2,3,14.8,5,14.4,5,13.2,4,13.3,4,15.3,4,11.5,6,13.3,6,14.4,6,13.5,5,12.4,5,12.0,5,9.8,6,13.3,6,13.1,6,11.8,5,12.9,7,14.5,5,11.4,6.0,13.5,3,14.1,6,12.0,6,12.7,5,13.9,6,16.0,6,15.3,5,17.1,6,13.6,5,19.4,5,16.2,4
2016-09-16 04:00:00,16.9,5,15.0,5,14.8,5,14.5,6,13.5,5,14.0,2,14.5,5,14.3,5,12.9,4,12.8,4,14.8,4,11.1,5,13.2,6,14.4,6,13.3,5,12.1,4,11.5,5,9.7,6,13.1,6,13.1,6,11.4,5,12.6,7,14.2,6,10.8,6.0,13.2,3,13.7,6,11.9,6,12.2,5,13.7,6,15.6,6,15.2,5,16.9,5,13.2,5,19.0,6,16.0,4
2016-09-16 05:00:00,16.6,6,14.7,6,14.6,5,14.4,6,13.7,5,14.0,3,14.4,5,14.3,6,12.7,4,12.5,4,14.5,4,11.1,5,13.4,6,14.6,6,13.1,5,12.2,4,11.1,5,9.9,6,13.1,6,13.5,6,11.2,5,12.5,7,14.2,6,10.3,6.0,13.1,3,13.5,6,12.0,6,11.8,5,13.5,5,15.3,6,15.4,5,16.9,5,13.2,6,18.7,6,16.0,4
2016-09-16 06:00:00,16.5,6,14.8,6,14.8,5,14.6,6,14.4,5,14.2,3,14.5,5,14.5,6,13.0,4,12.9,4,14.6,4,11.9,4,14.1,6,15.3,6,13.4,4,12.8,3,11.5,5,10.8,6,13.6,6,14.2,6,11.2,4,12.8,7,14.5,6,10.5,7.0,13.3,4,14.0,6,12.7,7,11.8,5,13.6,5,15.6,5,15.9,5,17.2,5,14.1,6,18.9,7,16.4,3
2016-09-16 07:00:00,16.6,7,15.4,6,15.7,5,15.2,6,15.7,5,14.7,3,15.0,5,15.0,5,13.9,5,14.1,5,15.4,5,13.7,4,15.2,5,16.4,6,14.3,4,13.9,4,12.8,5,12.6,6,14.6,6,15.3,5,11.7,4,13.7,7,15.3,6,11.6,7.0,14.0,5,15.3,6,13.9,7,12.5,6,14.2,5,16.7,5,16.9,5,18.0,5,16.1,5,19.9,6,17.6,3
2016-09-16 08:00:00,16.9,7,16.3,7,16.9,5,15.9,7,17.3,5,15.4,3,15.7,5,15.7,4,15.2,5,15.9,5,16.7,6,16.1,5,16.6,5,17.7,6,15.5,4,15.2,5,14.7,5,14.9,5,16.1,5,16.5,4,12.5,3,15.0,7,16.5,6,13.3,7.0,15.2,6,17.0,7,15.4,7,13.7,6,15.1,6,18.2,5,18.3,6,19.1,5,18.6,5,21.2,6,19.3,3
2016-09-16 09:00:00,17.3,7,17.3,7,18.2,5,16.8,7,18.9,5,16.2,3,16.5,5,16.5,4,16.6,6,17.7,6,18.1,6,18.3,5,18.0,4,18.9,5,16.8,3,16.6,6,16.6,5,17.1,5,17.6,5,17.6,4,13.5,3,16.4,6,17.6,5,15.2,7.0,16.6,7,18.7,7,16.9,7,15.2,7,16.2,6,19.7,4,19.7,5,20.2,5,20.8,4,22.4,5,21.0,3
2016-09-16 10:00:00,17.7,7,18.2,7,19.2,5,17.6,7,20.2,4,16.9,3,17.3,5,17.4,4,17.9,6,19.2,6,19.4,6,19.9,5,19.1,4,19.8,5,17.9,4,17.8,7,18.1,5,18.8,4,19.0,5,18.4,3,14.5,3,17.6,6,18.5,6,16.9,6.0,18.0,7,19.9,7,18.1,7,16.6,7,17.4,6,20.9,4,20.9,5,21.2,4,22.2,4,23.1,5,22.5,3
2016-09-16 11:00:00,18.1,7,18.9,7,20.0,6,18.2,7,21.1,4,17.6,4,17.9,5,18.3,4,18.9,7,20.4,6,20.6,6,20.9,4,20.1,4,20.4,4,18.8,4,18.7,7,19.1,5,20.0,4,20.1,6,19.0,3,15.4,3,18.6,5,19.2,6,18.2,7.0,19.4,7,20.7,7,18.9,7,17.9,7,18.6,6,21.7,4,21.9,5,21.9,4,22.8,4,23.3,4,23.6,4
2016-09-16 12:00:00,18.4,6,19.5,7,20.5,6,18.6,7,21.8,4,18.0,4,18.4,5,19.1,5,19.7,7,21.2,6,21.4,6,21.5,5,20.8,4,21.0,4,19.6,5,19.5,7,19.8,5,20.7,4,21.0,6,19.6,4,16.2,3,19.3,5,19.8,7,19.1,7.0,20.4,7,21.2,6,19.5,7,18.8,7,19.5,6,22.4,4,22.7,4,22.5,3,23.1,4,23.3,3,24.3,4
2016-09-16 13:00:00,18.5,6,19.9,7,20.8,7,18.8,6,22.3,5,18.2,4,18.6,5,19.7,5,20.2,7,21.6,7,21.8,7,21.9,5,21.4,5,21.6,5,20.2,5,20.1,7,20.2,5,21.0,5,21.5,6,20.2,5,16.9,3,19.7,6,20.2,7,19.5,7.0,21.0,7,21.6,6,19.8,7,19.3,7,20.0,7,23.1,3,23.2,4,22.9,3,23.2,4,23.3,3,24.6,4
2016-09-16 14:00:00,18.3,5,20.1,6,20.9,7,18.8,5,22.4,6,18.1,4,18.6,5,20.0,5,20.4,7,21.6,7,21.9,7,22.1,6,21.8,5,22.1,5,20.6,5,20.4,7,20.2,6,20.8,6,21.6,6,20.7,6,17.3,4,19.7,6,20.4,6,19.4,7.0,21.2,6,21.8,6,19.9,7,19.4,7,20.2,7,23.5,3,23.3,4,23.0,3,23.1,4,23.2,3,24.4,4
2016-09-16 15:00:00,17.7,7,19.3,7,21.8,6,19.6,7,22.8,3,17.0,4,17.8,6,20.3,6,20.1,7,20.9,7,21.4,7,22.4,5,21.5,7,22.0,6,20.9,6,20.0,6,19.2,6,20.1,6,21.4,6,20.3,6,17.4,6,18.4,7,19.5,7,18.5,7.0,20.5,7,22.2,7,21.2,7,18.6,7,19.7,7,22.6,5,22.8,5,23.2,4,24.0,6,23.1,6,23.9,5
2016-09-16 16:00:00,17.5,6,18.7,6,20.9,6,18.8,7,22.1,3,16.5,3,17.3,5,19.5,6,19.5,7,20.1,7,20.5,7,21.8,6,21.1,7,21.3,5,20.0,6,19.7,6,18.7,5,19.5,6,20.6,5,19.9,6,17.0,6,18.0,6,18.8,7,17.1,7.0,20.2,7,21.3,7,20.1,7,18.1,7,19.3,6,22.2,5,22.0,6,22.5,5,22.9,7,22.9,6,23.3,5
2016-09-16 17:00:00,17.2,6,17.8,6,19.7,6,17.8,7,21.0,2,15.8,3,16.6,4,18.3,5,18.6,6,19.0,6,19.3,6,20.7,6,20.3,7,20.0,5,18.7,6,19.1,6,17.9,4,18.6,5,19.5,5,18.9,6,16.2,5,17.4,5,18.0,7,15.4,7.0,19.6,7,20.2,7,18.6,6,17.2,7,18.7,6,21.6,5,20.9,6,21.6,6,21.5,7,22.5,5,22.6,4
2016-09-16 18:00:00,16.9,5,16.9,5,18.4,5,16.8,6,19.7,2,15.1,2,15.9,4,17.0,4,17.5,6,17.9,5,18.2,6,19.3,5,19.3,6,18.6,4,17.3,5,18.2,6,17.1,4,17.4,4,18.3,4,17.6,6,15.4,4,16.8,4,17.3,7,13.9,7.0,18.8,7,19.0,7,17.2,6,16.2,7,17.9,6,20.9,5,19.9,6,20.8,6,20.2,6,22.0,5,21.8,4
2016-09-16 19:00:00,16.6,5,16.1,5,17.3,5,15.9,6,18.4,3,14.5,3,15.1,4,15.8,4,16.6,6,17.0,5,17.5,6,17.6,5,18.0,5,17.3,5,16.1,5,17.2,6,16.3,4,16.0,4,17.2,4,16.2,6,14.7,4,16.4,4,16.7,7,12.9,7.0,17.8,6,18.1,6,16.2,5,15.1,6,17.2,6,20.2,4,19.1,5,20.2,6,19.2,5,21.5,4,21.2,4
2016-09-16 20:00:00,16.3,4,15.4,5,16.4,5,15.1,5,17.2,5,13.9,4,14.4,4,14.7,4,15.8,6,16.3,6,17.1,6,16.0,5,16.7,5,16.2,5,15.1,5,16.1,5,15.7,5,14.7,5,16.3,5,14.8,6,14.2,4,16.1,5,16.3,7,12.3,7.0,16.8,5,17.4,6,15.5,5,14.2,6,16.6,6,19.6,3,18.5,5,19.7,5,18.5,4,21.0,4,20.7,4
2016-09-16 21:00:00,16.1,4,14.9,5,15.8,5,14.5,5,16.3,6,13.5,4,13.9,4,13.9,4,15.2,6,15.7,6,16.8,6,14.8,5,15.7,5,15.4,6,14.2,5,15.3,5,15.1,6,13.7,5,15.5,5,13.9,6,13.9,4,15.6,5,15.8,6,11.7,7.0,16.0,4,16.8,6,14.9,5,13.5,6,16.2,6,19.0,3,17.9,4,19.1,4,17.6,4,20.5,4,20.3,3
2016-09-16 22:00:00,16.0,4,14.5,5,15.3,5,13.9,5,15.5,6,13.2,4,13.5,4,13.2,4,14.7,6,15.2,6,16.5,6,14.0,5,15.1,5,14.7,6,13.4,5,14.6,5,14.5,6,12.8,5,14.9,5,13.2,6,13.5,5,15.1,5,15.4,6,11.3,6.0,15.3,4,16.3,5,14.4,5,13.1,6,15.8,6,18.4,2,17.3,4,18.5,4,16.7,3,20.1,4,19.8,3
2016-09-16 23:00:00,15.9,4,14.3,5,15.1,5,13.5,5,14.8,6,13.0,4,13.1,4,12.7,4,14.3,6,14.9,6,16.3,6,13.6,5,14.8,5,14.2,6,12.9,5,14.1,6,14.0,6,12.0,5,14.5,5,12.7,6,13.2,5,14.6,5,15.1,6,11.0,6.0,14.8,4,15.8,5,14.0,5,12.8,5,15.4,6,17.8,2,16.8,4,18.0,4,15.9,3,19.9,3,19.4,3
2016-09-17 00:00:00,15.8,4,14.3,5,15.0,5,13.1,5,14.3,6,12.9,5,12.9,5,12.3,5,14.1,5,14.6,5,16.2,5,13.4,6,14.5,5,13.9,6,12.5,5,13.6,6,13.6,6,11.4,5,14.1,5,12.4,6,12.9,5,14.2,5,14.8,6,10.7,6.0,14.4,4,15.5,5,13.6,5,12.6,5,15.1,6,17.4,3,16.5,4,17.5,4,15.2,2,19.7,3,18.9,3
2016-09-17 01:00:00,15.7,5,14.3,5,15.0,5,12.9,5,13.9,6,12.8,5,12.7,5,12.0,5,13.9,5,14.4,5,16.1,5,13.1,6,14.0,5,13.6,6,12.4,6,13.3,6,13.2,6,11.0,5,13.8,5,12.2,6,12.7,5,13.8,5,14.5,6,10.5,6.0,14.1,4,15.2,5,13.3,5,12.6,5,14.8,5,17.0,3,16.3,4,17.1,4,14.6,2,19.6,3,18.4,4
2016-09-17 02:00:00,15.7,5,14.4,5,15.1,6,12.8,5,13.6,5,12.8,6,12.5,5,11.8,5,13.9,5,14.2,5,16.1,4,12.7,6,13.3,5,13.4,6,12.4,6,13.0,6,12.9,6,10.8,5,13.6,6,12.2,6,12.5,5,13.4,5,14.3,6,10.2,5.0,14.0,5,15.1,5,13.1,5,12.7,5,14.6,5,16.7,4,16.2,4,16.9,4,14.1,1,19.5,3,17.9,4
2016-09-17 03:00:00,14.9,4,13.4,5,13.7,4,12.9,4,12.7,7,12.5,4,12.5,4,12.1,4,12.3,2,12.7,2,14.2,2,11.0,6,12.2,7,12.6,6,11.4,4,11.3,4,11.1,6,9.2,6,12.4,7,11.7,6,10.1,5,11.7,5,13.4,6,9.9,6.0,13.3,4,13.7,6,11.9,3,12.6,5,13.5,5,16.3,5,15.3,5,16.4,3,14.5,3,18.5,2,17.2,5
2016-09-17 04:00:00,14.6,4,13.1,5,13.5,4,12.6,5,12.7,6,12.4,4,12.3,4,12.0,4,12.0,2,12.3,2,13.8,2,10.9,7,12.1,7,12.6,6,11.0,4,10.9,5,10.6,6,9.0,6,12.3,7,11.7,6,9.4,5,11.2,6,13.0,6,9.6,7.0,12.7,4,13.4,6,11.7,4,12.3,5,13.1,5,15.7,5,15.0,5,16.0,3,13.8,3,18.2,2,16.6,5
2016-09-17 05:00:00,14.3,4,13.0,4,13.5,4,12.5,5,13.0,6,12.5,4,12.2,4,12.0,4,11.7,2,12.1,2,13.5,2,11.0,7,12.4,7,12.9,6,10.9,4,10.8,5,10.1,6,9.2,6,12.3,6,11.9,7,8.9,5,10.9,6,12.7,5,9.5,7.0,12.3,4,13.3,6,11.7,4,12.1,5,13.0,5,15.3,5,14.9,4,15.8,4,13.6,3,18.1,2,16.3,5
2016-09-17 06:00:00,14.2,4,13.2,3,13.7,4,12.7,5,13.4,5,12.8,4,12.5,4,12.4,5,11.7,2,12.3,2,13.4,2,11.5,7,12.8,7,13.5,7,11.3,4,11.1,5,10.1,6,9.8,6,12.5,6,12.3,7,8.9,5,10.9,6,12.7,6,9.5,7.0,12.4,4,13.8,6,12.3,5,12.2,5,13.2,5,15.5,5,15.4,4,16.1,4,14.3,4,18.5,2,16.6,5
2016-09-17 07:00:00,14.4,4,13.8,3,14.3,5,13.4,4,13.9,5,13.4,4,13.2,4,13.2,5,12.1,2,13.0,3,13.8,3,12.3,7,13.4,7,14.4,7,12.4,4,12.0,5,10.8,7,10.9,6,12.8,6,12.9,7,9.5,5,11.5,7,12.9,6,9.6,7.0,13.3,4,15.0,6,13.6,5,12.8,5,13.8,5,16.7,5,16.6,4,17.0,4,16.2,4,19.5,3,17.7,5
2016-09-17 08:00:00,14.8,4,14.6,3,15.1,5,14.4,4,14.5,6,14.2,5,14.2,4,14.3,6,12.9,3,14.1,3,14.5,3,13.3,7,14.0,7,15.3,7,14.0,4,13.3,5,12.0,7,12.3,6,13.2,7,13.5,7,10.5,6,12.4,7,13.3,6,10.0,7.0,14.6,5,16.5,6,15.3,5,13.8,6,14.7,5,18.4,4,18.1,5,18.4,4,18.8,5,20.8,3,19.3,5
2016-09-17 09:00:00,15.3,4,15.4,3,15.9,6,15.5,4,15.0,6,15.2,5,15.2,4,15.5,6,13.7,3,15.1,3,15.3,3,14.2,7,14.7,7,16.2,7,15.7,4,14.7,5,13.3,7,13.6,6,13.6,7,14.2,7,11.7,6,13.5,7,13.9,7,10.7,7.0,16.1,5,18.0,6,17.0,5,14.9,6,15.7,5,20.1,4,19.6,5,19.7,5,21.1,5,22.0,4,20.9,5
2016-09-17 10:00:00,15.8,5,16.1,3,16.7,7,16.5,4,15.4,7,16.2,5,16.1,5,16.6,6,14.5,2,15.9,3,15.9,3,15.0,6,15.3,7,16.8,7,17.2,4,15.9,5,14.5,6,14.6,6,14.1,7,14.8,7,12.8,6,14.5,7,14.5,7,11.8,7.0,17.3,5,19.0,5,18.3,5,16.0,7,16.7,5,21.3,5,20.7,5,20.7,5,22.6,5,22.8,4,22.1,5
2016-09-17 11:00:00,16.2,5,16.6,4,17.3,7,17.3,4,15.8,6,17.0,4,16.7,5,17.7,6,15.2,2,16.5,3,16.5,3,15.6,6,15.8,7,17.3,7,18.3,4,16.8,5,15.4,6,15.4,5,14.5,7,15.4,7,13.7,5,15.5,6,15.1,6,13.1,7.0,18.3,5,19.6,5,19.2,4,16.9,7,17.6,6,22.1,5,21.5,5,21.4,5,23.4,5,23.2,4,22.9,5
2016-09-17 12:00:00,16.6,4,17.1,3,17.8,7,18.0,4,16.2,6,17.6,4,17.2,6,18.6,6,15.9,3,17.0,3,17.0,3,16.1,5,16.2,7,17.7,7,19.3,4,17.6,5,16.2,6,16.1,5,15.1,6,15.9,7,14.6,5,16.2,6,15.6,6,14.2,7.0,19.1,5,20.0,5,19.8,4,17.7,7,18.4,6,22.6,5,22.1,5,21.8,4,23.9,5,23.4,5,23.4,5
2016-09-17 13:00:00,16.9,4,17.6,3,18.2,7,18.5,5,16.6,7,17.8,5,17.5,6,19.4,6,16.6,3,17.5,3,17.6,3,16.5,5,16.5,7,18.2,7,20.0,5,18.2,5,16.8,6,16.7,4,15.7,6,16.2,7,15.4,5,16.7,7,15.9,7,14.9,7.0,19.8,5,20.2,5,20.2,5,18.2,7,19.0,6,23.1,5,22.6,4,22.0,4,24.3,4,23.5,5,23.5,5
2016-09-17 14:00:00,17.0,3,17.8,3,18.3,7,18.8,4,16.9,7,17.6,5,17.6,5,19.9,5,17.1,4,17.9,3,18.0,4,16.7,6,16.7,7,18.6,7,20.4,5,18.6,5,17.1,5,17.1,4,16.2,6,16.3,7,15.9,5,17.0,7,16.1,7,15.0,7.0,20.2,5,20.2,5,20.2,6,18.3,7,19.2,6,23.3,4,22.7,4,21.9,3,24.3,4,23.5,6,23.3,4
2016-09-17 15:00:00,16.7,4,17.9,6,18.9,6,18.8,6,19.7,6,17.6,4,17.9,5,20.3,5,18.2,5,19.1,6,19.2,5,19.1,6,18.5,6,19.4,6,20.6,5,19.4,5,17.8,6,17.9,6,18.3,6,18.5,7,16.3,5,17.0,7,17.2,5,18.1,6.0,20.5,5,21.1,3,22.0,2,17.9,6,19.6,6,23.2,2,22.7,3,23.2,1,25.9,2,24.4,3,23.2,2
2016-09-17 16:00:00,16.6,4,17.4,5,18.3,6,18.1,5,19.2,5,17.0,4,17.4,5,19.6,5,17.8,5,18.4,5,18.7,5,18.7,6,18.0,6,18.5,6,20.0,4,19.1,5,17.6,5,17.7,6,17.9,5,17.8,7,16.1,4,16.6,6,16.8,5,16.6,6.0,20.1,4,20.3,3,20.8,2,17.3,6,19.1,5,22.3,2,21.5,3,22.2,1,24.7,1,24.1,2,22.4,2
2016-09-17 17:00:00,16.5,4,16.6,5,17.4,5,17.0,5,18.3,4,16.3,3,16.6,5,18.4,4,17.0,5,17.5,5,17.9,5,18.0,6,17.3,6,17.1,5,19.1,3,18.5,5,17.1,5,17.2,5,17.0,3,16.7,7,15.7,4,16.0,6,16.2,5,14.8,5.0,19.2,4,19.3,2,19.2,1,16.4,5,18.4,4,21.1,2,20.0,2,20.9,1,22.9,1,23.5,2,21.5,3
2016-09-17 18:00:00,16.4,3,15.7,5,16.4,5,15.9,4,17.2,3,15.5,3,15.8,4,17.0,4,16.2,5,16.6,5,17.2,5,16.9,5,16.4,6,15.8,5,18.0,3,17.6,5,16.5,4,16.2,5,16.0,3,15.4,6,15.0,3,15.3,5,15.6,5,13.2,5.0,18.1,3,18.4,2,17.7,1,15.3,4,17.5,3,20.0,2,18.8,2,19.9,1,21.1,1,22.8,2,20.7,3
2016-09-17 19:00:00,16.2,4,14.9,5,15.5,4,14.8,4,16.1,3,14.7,3,15.0,4,15.6,4,15.4,5,15.9,5,16.7,5,15.4,5,15.4,6,14.9,5,16.7,2,16.4,5,15.7,4,14.8,4,15.0,3,14.2,6,14.2,3,14.7,5,15.0,5,12.1,4.0,16.9,3,17.7,2,16.6,1,14.1,4,16.7,3,19.2,2,18.1,2,19.4,1,19.7,1,22.1,1,20.2,3
2016-09-17 20:00:00,15.9,4,14.3,5,14.7,4,13.8,4,15.0,4,14.0,4,14.2,4,14.4,4,14.6,5,15.4,5,16.3,5,13.7,5,14.4,6,14.3,5,15.3,2,15.1,5,14.8,5,13.3,4,14.0,3,13.1,7,13.4,3,14.3,5,14.4,5,11.4,5.0,15.8,3,17.1,1,15.9,1,13.0,4,15.9,3,18.7,2,17.8,2,19.1,1,18.5,1,21.4,1,19.9,3
2016-09-17 21:00:00,15.8,4,14.0,4,14.1,5,13.1,4,14.1,4,13.4,4,13.6,5,13.4,4,14.1,5,14.7,5,15.8,4,12.6,5,13.8,6,13.8,5,14.1,2,14.1,5,14.0,5,12.2,4,13.5,3,12.7,6,12.8,4,13.7,5,14.0,5,10.8,5.0,15.0,3,16.4,2,15.0,2,12.3,4,15.2,3,18.0,2,17.2,1,18.4,2,17.3,2,20.8,2,19.3,3
2016-09-17 22:00:00,15.7,4,13.7,4,13.7,5,12.6,5,13.3,4,13.1,4,13.1,5,12.6,4,13.6,5,14.1,4,15.5,4,11.8,5,13.2,6,13.3,5,13.1,3,13.3,5,13.2,5,11.2,4,13.1,4,12.2,6,12.3,4,13.2,5,13.7,5,10.4,5.0,14.3,3,15.8,2,14.2,2,11.7,4,14.7,3,17.3,2,16.7,1,17.8,2,16.1,2,20.3,2,18.7,3
2016-09-17 23:00:00,15.7,4,13.5,4,13.4,5,12.2,5,12.7,4,12.9,4,12.6,5,12.1,5,13.2,5,13.6,4,15.2,3,11.3,5,12.8,6,12.9,5,12.4,3,12.6,5,12.6,5,10.5,4,12.8,4,11.9,6,11.8,4,12.7,5,13.4,5,10.0,5.0,13.8,3,15.2,3,13.4,2,11.3,4,14.2,3,16.7,2,16.3,1,17.1,2,15.0,3,19.8,2,18.2,4
2016-09-18 00:00:00,15.6,4,13.3,4,13.3,5,11.9,5,12.2,4,12.8,4,12.3,5,11.7,5,12.9,5,13.2,4,14.9,3,11.1,5,12.4,5,12.6,5,11.8,4,12.1,5,12.0,4,10.0,5,12.5,4,11.7,6,11.5,4,12.3,5,13.2,5,9.7,5.0,13.5,3,14.8,3,12.7,3,11.1,4,13.8,4,16.1,2,15.9,2,16.5,3,14.1,3,19.3,3,17.6,4
2016-09-18 01:00:00,15.6,4,13.3,4,13.3,5,11.7,5,12.0,4,12.7,4,12.0,6,11.4,5,12.6,5,12.9,4,14.8,3,11.0,5,12.1,5,12.4,6,11.5,5,11.7,6,11.6,4,9.7,5,12.3,4,11.5,6,11.3,4,12.0,5,13.0,5,9.4,5.0,13.3,4,14.4,4,12.1,3,11.1,4,13.5,4,15.6,3,15.6,3,16.0,3,13.2,4,18.9,3,17.0,4
2016-09-18 02:00:00,15.6,5,13.3,5,13.3,6,11.6,5,11.9,5,12.6,5,11.8,6,11.1,5,12.5,5,12.7,4,14.6,4,10.9,6,12.0,5,12.4,6,11.3,5,11.5,6,11.2,4,9.4,5,12.3,4,11.5,6,11.1,5,11.7,6,12.9,5,9.1,5.0,13.1,4,14.1,4,11.7,4,11.3,5,13.4,4,15.2,3,15.4,4,15.6,3,12.5,4,18.5,4,16.5,4
2016-09-18 03:00:00,16.3,6,14.7,6,14.6,6,12.4,5,12.7,6,12.2,5,12.1,5,11.5,4,13.3,6,13.7,6,15.0,6,11.4,6,12.0,7,12.7,7,10.8,3,11.4,6,11.0,7,9.1,6,11.7,7,11.4,7,9.7,6,10.9,7,12.3,7,9.7,7.0,12.3,4,13.1,5,10.7,5,10.0,6,11.9,6,14.9,2,14.2,4,15.0,4,11.8,5,17.9,5,16.1,3
2016-09-18 04:00:00,16.3,6,14.6,6,14.5,6,12.2,5,12.9,6,11.9,5,11.9,4,11.3,4,13.0,5,13.4,6,14.6,6,11.3,6,12.1,7,12.8,7,10.4,3,11.2,6,10.8,7,9.0,6,11.6,7,11.6,7,9.2,6,10.8,7,12.1,7,9.2,7.0,11.8,4,12.9,4,10.5,5,9.8,6,11.7,7,14.5,2,14.1,4,14.7,4,11.1,5,17.5,5,15.8,3
2016-09-18 05:00:00,16.3,6,14.6,6,14.5,6,12.3,4,13.4,6,11.9,5,11.8,3,11.2,4,12.8,5,13.3,6,14.4,6,11.3,6,12.4,7,13.1,7,10.3,3,11.2,6,10.7,6,9.2,6,11.7,7,12.0,7,8.9,6,10.8,7,12.1,7,8.9,7.0,11.4,4,12.8,4,10.6,5,9.7,5,11.6,7,14.2,3,14.2,4,14.6,4,10.9,5,17.3,5,15.7,3
2016-09-18 06:00:00,16.3,6,14.8,6,14.9,6,12.7,4,14.2,7,12.3,5,12.2,3,11.7,4,13.0,5,13.6,6,14.5,6,11.9,6,13.1,6,13.7,7,10.8,3,11.7,6,11.0,6,10.0,6,12.0,7,12.5,7,9.0,6,11.1,7,12.3,7,8.9,7.0,11.6,3,13.4,4,11.4,5,10.2,5,11.9,7,14.6,3,14.8,4,15.0,3,11.8,4,17.6,5,16.0,3
2016-09-18 07:00:00,16.3,6,15.4,6,15.7,6,13.6,4,15.3,6,13.2,6,13.2,3,12.9,4,13.6,5,14.6,6,15.2,6,13.1,6,14.0,7,14.6,7,12.3,2,12.8,6,11.9,7,11.4,6,12.6,7,13.0,7,9.8,6,11.7,7,12.7,7,9.5,7.0,12.8,3,14.7,4,12.9,5,11.3,5,12.7,7,16.0,3,16.2,3,16.1,3,14.1,4,18.7,5,16.9,3
2016-09-18 08:00:00,16.3,6,16.1,6,16.7,7,14.8,3,16.6,6,14.5,6,14.5,4,14.5,3,14.6,6,15.9,6,16.1,6,14.5,6,15.0,7,15.7,7,14.3,2,14.2,6,13.2,7,13.2,6,13.3,7,13.5,7,11.1,6,12.5,7,13.3,7,10.6,7.0,14.6,3,16.5,5,14.9,5,12.9,5,13.8,7,17.9,3,17.9,3,17.6,2,17.1,5,20.2,5,18.3,3
2016-09-18 09:00:00,16.5,5,16.9,6,17.8,6,16.1,4,17.8,6,15.8,6,15.9,4,16.2,2,15.5,7,17.2,7,17.2,7,15.9,7,16.0,7,16.6,7,16.5,2,15.7,6,14.5,7,14.8,7,14.1,7,14.1,7,12.4,6,13.3,7,14.0,7,12.0,7.0,16.5,3,18.1,5,16.8,5,14.4,5,15.1,6,19.9,2,19.6,3,19.1,2,19.9,5,21.4,5,19.8,4
2016-09-18 10:00:00,16.9,5,17.5,6,18.9,6,17.2,4,18.8,6,16.9,6,17.2,5,17.7,2,16.2,7,18.1,7,18.1,7,16.9,7,16.9,7,17.3,7,18.3,2,16.9,6,15.5,7,15.9,7,14.8,7,14.7,7,13.5,5,13.9,7,14.6,7,13.4,7.0,18.0,2,19.1,4,18.2,5,15.6,5,16.4,6,21.4,2,20.8,3,20.4,2,21.8,5,22.0,5,21.1,5
2016-09-18 11:00:00,17.4,5,18.0,6,19.8,6,18.0,4,19.5,7,17.8,5,18.2,5,19.0,3,16.8,7,18.8,7,18.8,7,17.6,7,17.6,7,17.8,7,19.8,2,17.9,7,16.2,7,16.6,7,15.4,7,15.4,7,14.5,5,14.4,7,15.2,7,14.8,6.0,19.1,2,19.8,4,19.2,5,16.6,6,17.6,6,22.4,2,21.7,3,21.4,2,22.8,5,22.1,4,22.2,5
2016-09-18 12:00:00,17.8,5,18.5,6,20.5,6,18.7,4,20.1,7,18.4,4,18.9,6,20.2,3,17.4,6,19.2,6,19.4,6,18.2,7,18.2,7,18.3,7,20.9,2,18.7,7,16.7,7,17.1,7,16.1,7,16.1,7,15.3,4,15.0,7,15.7,7,15.8,6.0,19.9,2,20.2,3,19.8,5,17.3,6,18.5,6,23.2,3,22.3,4,22.1,3,23.5,4,22.1,4,22.9,5
2016-09-18 13:00:00,17.9,4,19.0,5,21.0,6,19.2,4,20.5,6,18.7,5,19.3,5,21.2,3,18.0,6,19.5,6,19.9,6,18.8,6,18.6,7,18.9,7,21.6,2,19.4,7,17.1,7,17.5,7,16.8,7,16.8,7,16.1,5,15.7,7,16.2,7,16.4,7.0,20.5,2,20.6,4,20.2,5,17.9,6,19.1,6,23.7,3,22.8,4,22.6,3,24.0,4,22.1,4,23.2,5
2016-09-18 14:00:00,17.8,4,19.3,5,21.1,6,19.5,4,20.7,5,18.7,5,19.4,5,21.9,4,18.5,6,19.7,6,20.2,6,19.2,6,18.8,7,19.5,7,21.9,2,19.9,7,17.5,7,17.8,7,17.4,7,17.2,7,16.7,5,16.4,7,16.5,7,16.5,7.0,20.8,3,20.9,4,20.3,5,18.2,6,19.5,6,23.9,3,22.9,4,22.8,2,24.3,4,22.1,3,23.0,4
2016-09-18 15:00:00,18.1,6,19.5,7,21.2,7,19.2,5,20.9,7,18.0,4,18.7,6,21.1,5,18.6,7,19.3,7,19.7,7,18.9,7,19.0,7,18.7,7,21.4,5,19.2,7,16.8,7,16.3,7,17.4,6,17.1,7,15.8,7,15.7,7,15.8,7,16.2,6.0,19.6,5,20.2,4,19.2,4,17.5,7,18.8,7,22.6,5,22.4,4,22.1,2,22.4,4,21.7,6,22.7,6
2016-09-18 16:00:00,17.8,6,18.8,6,20.5,6,18.5,4,20.5,6,17.5,4,18.1,5,20.4,5,18.3,7,18.9,7,19.3,7,18.4,7,18.5,7,18.1,7,20.7,5,19.0,7,16.8,7,16.0,7,16.8,5,16.6,7,15.6,7,15.3,7,15.5,7,15.3,6.0,19.3,4,19.4,3,18.4,3,16.9,6,18.5,6,21.8,5,21.1,3,21.1,2,21.7,4,21.4,6,22.1,5
2016-09-18 17:00:00,17.4,5,17.9,5,19.6,6,17.6,4,19.7,5,17.0,3,17.3,5,19.2,4,17.8,6,18.3,6,18.6,6,17.6,6,17.7,6,17.1,7,19.6,4,18.4,7,16.5,7,15.4,7,15.8,5,15.7,6,15.1,7,14.7,7,15.0,6,14.0,5.0,18.7,3,18.3,2,17.4,2,15.9,6,18.0,6,20.7,4,19.5,3,19.9,2,20.6,3,20.9,5,21.3,5
2016-09-18 18:00:00,17.1,4,17.0,4,18.5,5,16.5,4,18.7,5,16.3,3,16.4,5,17.8,3,17.1,6,17.7,6,18.0,6,16.5,6,16.7,6,16.1,7,18.3,4,17.5,7,16.1,7,14.7,7,14.9,5,14.7,6,14.4,7,14.3,7,14.6,6,12.7,5.0,17.8,3,17.4,2,16.3,2,14.9,5,17.3,6,19.7,3,18.1,2,18.9,2,19.3,3,20.4,5,20.5,4
2016-09-18 19:00:00,16.8,4,16.2,4,17.5,5,15.5,5,17.5,5,15.5,3,15.6,5,16.5,3,16.5,5,17.1,5,17.7,5,15.4,6,15.6,6,15.3,7,16.9,4,16.5,6,15.6,7,14.1,7,14.4,5,13.8,6,13.8,6,14.2,7,14.3,6,11.7,4.0,16.8,4,16.8,2,15.5,1,14.0,5,16.6,6,19.0,3,17.4,2,18.4,1,18.1,2,19.9,4,20.0,4
2016-09-18 20:00:00,16.6,4,15.5,5,16.6,4,14.6,5,16.4,5,14.8,4,14.8,4,15.3,4,15.9,4,16.6,5,17.5,5,14.5,7,14.5,6,14.7,7,15.6,4,15.5,6,15.0,7,13.6,7,14.1,6,13.0,7,13.2,6,14.3,7,14.1,6,11.0,4.0,15.7,5,16.4,2,14.8,1,13.2,5,15.9,6,18.6,2,17.1,1,18.2,1,17.0,2,19.4,4,19.6,4
2016-09-18 21:00:00,16.5,5,15.1,5,16.0,4,13.9,5,15.5,5,14.3,4,14.2,5,14.3,4,15.4,4,16.0,5,17.1,5,13.9,7,14.0,6,14.2,7,14.5,4,14.7,6,14.5,7,13.0,7,13.7,6,12.6,6,12.9,6,14.0,7,14.0,6,10.7,4.0,15.0,5,15.8,2,14.2,1,12.6,5,15.3,6,18.0,2,16.5,1,17.6,1,16.0,2,19.0,3,19.2,3
2016-09-18 22:00:00,16.4,5,14.9,5,15.6,5,13.4,5,14.9,5,13.9,5,13.7,5,13.5,4,14.9,4,15.5,5,16.7,5,13.3,7,13.5,6,13.7,7,13.7,4,14.0,5,14.0,6,12.4,6,13.5,6,12.3,6,12.6,6,13.7,6,13.8,6,10.6,5.0,14.4,6,15.3,2,13.5,1,12.1,5,14.7,5,17.5,2,16.1,1,17.0,2,15.1,1,18.7,3,18.7,3
2016-09-18 23:00:00,16.3,5,14.8,5,15.3,5,13.0,5,14.4,5,13.7,5,13.3,5,13.0,5,14.4,4,14.9,5,16.3,5,12.8,7,13.0,6,13.3,6,13.2,4,13.4,5,13.5,6,11.9,6,13.2,6,12.1,6,12.3,6,13.4,6,13.7,6,10.7,5.0,14.0,6,14.8,2,12.9,2,11.7,5,14.2,5,17.0,2,15.7,1,16.5,2,14.4,1,18.5,3,18.2,3
2016-09-19 00:00:00,16.3,5,14.6,6,15.0,5,12.7,5,13.9,5,13.5,5,13.1,5,12.5,5,14.0,4,14.4,5,15.9,5,12.4,7,12.7,6,13.0,6,12.9,4,13.0,5,13.1,6,11.4,6,13.1,6,12.0,6,12.1,6,13.2,6,13.7,6,10.8,5.0,13.7,6,14.5,2,12.4,2,11.4,5,13.8,5,16.6,3,15.5,2,16.0,2,13.8,1,18.3,3,17.7,3
2016-09-19 01:00:00,16.2,6,14.4,6,14.6,5,12.6,5,13.4,5,13.5,5,12.9,5,12.2,5,13.6,4,14.0,5,15.6,5,12.0,7,12.4,6,12.8,6,12.7,5,12.6,5,12.7,6,11.1,6,13.0,6,12.0,6,11.9,6,13.0,6,13.7,6,10.7,5.0,13.4,5,14.3,3,12.0,2,11.3,5,13.5,5,16.2,3,15.3,2,15.6,2,13.2,1,18.2,3,17.2,3
2016-09-19 02:00:00,16.2,6,14.0,6,14.2,5,12.6,5,13.0,5,13.5,5,12.9,6,12.0,5,13.2,5,13.6,5,15.3,5,11.8,7,12.3,5,12.7,6,12.4,6,12.3,5,12.4,6,10.8,6,12.9,5,12.0,6,11.7,6,12.8,6,13.7,5,10.5,5.0,13.1,5,14.1,3,11.9,2,11.3,5,13.2,5,15.8,4,15.3,2,15.3,3,12.7,1,18.1,3,16.7,4
2016-09-19 03:00:00,16.5,6,14.6,6,14.3,2,12.0,5,12.7,3,13.5,7,12.5,6,11.5,5,13.4,6,13.8,6,14.9,6,11.5,6,12.2,5,12.5,7,11.8,5,12.5,6,12.6,7,10.7,6,12.9,5,11.5,7,11.4,7,12.9,6,13.1,6,9.6,6.0,13.9,6,14.0,3,11.3,2,12.1,7,13.8,7,16.6,2,15.3,3,15.9,2,12.2,3,17.1,2,17.5,5
2016-09-19 04:00:00,16.3,6,14.3,6,13.8,2,11.8,5,12.7,4,13.5,7,12.4,6,11.5,5,13.1,6,13.5,6,14.5,6,11.2,6,12.1,4,12.4,7,11.5,5,12.2,6,12.1,7,10.5,6,12.7,5,11.6,7,11.0,7,12.7,6,13.0,6,8.9,6.0,13.5,6,13.8,3,11.0,2,12.0,7,13.6,7,16.2,2,15.2,3,15.7,2,11.3,3,16.4,2,17.2,5
2016-09-19 05:00:00,16.2,5,14.1,6,13.4,2,11.7,5,12.9,4,13.5,6,12.3,5,11.7,5,12.8,6,13.3,6,14.2,6,11.3,5,12.2,4,12.5,6,11.5,6,12.0,5,11.8,7,10.6,6,12.7,5,12.0,7,10.7,7,12.6,6,13.1,6,8.3,6.0,13.2,6,13.9,3,11.1,2,12.0,7,13.5,7,16.0,3,15.5,3,15.6,2,10.9,3,16.0,2,17.1,4
2016-09-19 06:00:00,16.2,5,14.3,6,13.5,2,12.1,5,13.6,4,13.5,6,12.5,5,12.1,5,12.8,6,13.5,6,14.2,6,11.9,5,12.7,4,13.1,7,11.9,6,12.3,5,11.9,6,11.3,6,13.1,5,12.6,7,10.9,7,12.9,7,13.5,7,8.3,6.0,13.4,5,14.6,3,11.7,2,12.3,7,13.8,7,16.6,2,16.3,2,16.1,2,11.6,3,16.5,3,17.5,3
2016-09-19 07:00:00,16.3,5,15.0,6,14.4,2,13.0,5,14.6,4,13.7,6,13.0,5,12.8,5,13.3,6,14.3,6,14.8,6,13.1,6,13.7,4,14.3,7,12.9,6,13.1,6,12.7,6,12.6,6,13.9,5,13.5,7,11.6,7,13.7,7,14.2,7,9.0,6.0,14.4,6,16.1,2,13.2,2,13.1,7,14.5,7,18.2,2,17.9,2,17.3,2,13.8,2,18.1,3,18.5,3
2016-09-19 08:00:00,16.5,5,15.9,6,15.8,2,14.2,5,15.8,5,14.0,7,13.8,6,13.8,5,14.2,7,15.4,6,15.8,7,14.6,6,15.1,5,15.8,7,14.3,6,14.3,6,13.8,6,14.3,5,15.0,5,14.7,7,12.6,7,14.8,7,15.0,7,10.5,6.0,15.9,6,18.1,2,15.2,2,14.2,7,15.5,7,20.5,2,19.9,2,19.1,2,16.9,2,20.4,3,19.9,3
2016-09-19 09:00:00,16.7,5,16.9,6,17.2,3,15.5,5,17.0,5,14.6,7,14.7,6,14.9,5,15.2,7,16.6,7,16.8,7,16.1,6,16.4,5,17.2,7,15.7,5,15.6,7,15.1,7,15.8,5,16.2,5,15.8,7,13.8,7,15.8,7,15.9,7,12.4,6.0,17.3,6,20.0,2,17.5,2,15.4,7,16.6,7,22.6,1,21.8,2,20.9,1,20.2,2,22.4,3,21.5,3
2016-09-19 10:00:00,16.9,5,17.7,6,18.4,4,16.7,6,17.9,4,15.4,7,15.6,6,16.0,5,16.1,7,17.6,6,17.7,6,17.2,6,17.5,5,18.2,6,17.0,5,16.7,7,16.1,7,16.9,5,17.3,4,16.9,7,14.8,7,16.5,6,16.7,6,14.6,6.0,18.3,6,21.4,2,19.7,2,16.4,7,17.7,7,24.1,1,23.3,2,22.5,1,23.0,2,23.6,3,23.0,4
2016-09-19 11:00:00,17.1,5,18.3,6,19.3,5,17.7,6,18.7,3,16.3,7,16.4,6,17.1,5,16.9,6,18.3,6,18.4,6,18.1,6,18.4,6,18.9,6,18.0,5,17.7,7,17.0,7,17.6,5,18.2,4,17.8,7,15.7,7,17.0,6,17.4,6,16.8,5.0,19.0,6,22.3,2,21.7,2,17.3,7,18.7,7,25.1,2,24.5,2,23.9,1,25.1,2,24.2,2,24.3,4
2016-09-19 12:00:00,17.3,5,18.7,5,19.9,6,18.4,6,19.3,2,17.0,7,17.0,6,18.1,5,17.6,6,18.8,6,18.9,6,18.7,5,19.1,6,19.5,5,18.9,5,18.5,6,17.6,7,18.1,5,19.0,4,18.6,7,16.5,6,17.5,6,18.0,6,18.4,5.0,19.6,6,22.9,3,23.1,2,18.0,7,19.5,7,25.8,2,25.4,2,24.9,1,26.5,2,24.4,2,25.1,5
2016-09-19 13:00:00,17.5,4,19.0,5,20.3,6,18.8,7,19.8,2,17.3,7,17.5,6,18.9,5,18.1,6,19.1,6,19.3,5,19.2,4,19.6,6,20.2,6,19.6,5,19.1,6,18.1,7,18.5,5,19.5,4,19.2,7,17.2,6,18.0,6,18.5,6,19.2,5.0,20.1,6,23.4,2,23.8,2,18.5,7,20.1,7,26.3,2,26.0,2,25.5,1,27.2,2,24.5,2,25.3,4
2016-09-19 14:00:00,17.6,4,19.1,4,20.5,6,18.9,7,20.1,3,17.3,6,17.7,6,19.4,5,18.3,6,19.1,5,19.5,5,19.5,4,19.8,6,20.8,6,20.0,5,19.6,6,18.4,7,18.8,6,19.7,4,19.6,7,17.6,6,18.4,6,18.8,5,19.2,5.0,20.5,6,23.7,2,23.8,2,18.8,7,20.4,7,26.5,2,26.2,2,25.6,1,27.3,1,24.5,2,25.1,4
2016-09-19 15:00:00,16.9,6,18.5,6,20.2,6,17.9,7,20.7,6,16.4,6,17.3,6,19.9,6,19.0,6,20.0,7,20.3,7,19.9,6,19.7,4,19.8,5,19.9,6,19.8,7,18.9,7,19.0,6,19.1,4,19.0,6,17.6,6,18.0,6,18.3,6,18.0,6.0,21.5,5,22.3,3,23.2,2,18.8,6,20.7,6,25.3,2,24.9,2,24.4,1,26.6,1,24.1,2,24.4,2
2016-09-19 16:00:00,16.5,6,17.8,7,19.4,6,17.2,7,20.1,5,15.9,5,16.9,5,19.0,7,18.4,6,19.2,7,19.5,7,19.1,5,19.0,3,18.9,5,19.2,6,19.4,7,18.4,7,18.3,6,18.3,4,18.2,6,17.2,5,17.5,6,18.0,5,16.9,5.0,21.0,5,21.5,2,22.1,2,18.2,6,20.4,5,24.3,2,23.6,2,23.3,2,25.3,1,23.7,2,23.7,2
2016-09-19 17:00:00,16.1,6,16.8,7,18.3,5,16.3,7,19.1,5,15.3,5,16.2,5,17.6,7,17.4,6,18.2,7,18.4,6,18.0,5,18.0,3,17.7,4,18.3,5,18.7,6,17.5,6,17.3,6,17.2,4,17.0,5,16.5,5,16.8,5,17.4,5,15.5,5.0,20.1,5,20.4,2,20.7,2,17.2,5,19.8,5,23.0,2,21.9,2,22.1,2,23.6,1,23.1,2,22.8,3
2016-09-19 18:00:00,15.7,6,15.9,6,17.1,5,15.4,7,17.8,4,14.7,4,15.5,4,16.2,6,16.4,6,17.1,6,17.4,6,16.7,5,16.8,2,16.4,3,17.2,4,17.7,6,16.6,6,16.1,6,16.0,4,15.6,5,15.7,5,16.0,5,16.7,5,14.1,4.0,19.0,4,19.4,2,19.2,2,16.1,4,19.0,4,21.7,2,20.3,2,21.0,2,21.8,1,22.5,2,22.0,3
2016-09-19 19:00:00,15.5,5,15.2,6,16.1,4,14.7,6,16.4,4,14.1,4,14.8,4,15.2,6,15.6,7,16.3,6,16.8,6,15.4,5,15.4,2,15.3,3,16.1,4,16.6,6,15.8,6,15.0,6,15.1,4,14.3,4,14.9,4,15.4,5,16.0,5,13.0,4.0,17.9,4,18.6,1,18.1,2,15.1,4,18.1,5,20.7,2,19.3,2,20.4,2,20.2,1,21.9,2,21.4,3
2016-09-19 20:00:00,15.3,5,14.7,5,15.3,4,14.3,6,15.2,3,13.5,4,14.2,4,14.5,5,14.9,7,15.6,6,16.5,7,14.1,6,14.0,2,14.3,3,15.0,4,15.4,5,15.0,6,13.9,6,14.3,4,13.2,4,14.1,4,14.9,6,15.3,5,12.3,3.0,16.8,4,18.1,1,17.2,2,14.2,4,17.2,5,19.9,2,18.7,2,20.0,2,18.9,1,21.5,2,20.9,3
2016-09-19 21:00:00,15.3,5,14.2,5,14.7,4,13.9,6,14.2,3,13.1,4,13.9,5,13.7,5,14.4,6,15.0,6,16.0,6,13.2,6,13.4,2,13.7,4,14.2,4,14.7,5,14.3,6,13.0,6,13.7,5,12.7,4,13.5,4,14.4,6,14.8,5,11.8,3.0,15.9,4,17.5,2,16.1,2,13.5,4,16.5,5,19.3,2,18.2,2,19.2,2,17.7,2,21.1,2,20.2,3
2016-09-19 22:00:00,15.3,6,13.9,5,14.2,4,13.5,6,13.4,3,12.8,4,13.5,5,13.1,5,13.9,6,14.5,6,15.7,6,12.4,6,12.8,2,13.2,4,13.5,4,14.0,5,13.7,6,12.1,6,13.2,5,12.3,4,13.0,4,14.0,6,14.4,5,11.4,3.0,15.3,4,17.0,2,15.1,3,13.0,5,15.7,5,18.7,2,17.9,2,18.4,2,16.8,2,20.7,2,19.5,2
2016-09-19 23:00:00,15.3,6,13.7,5,13.9,5,13.2,6,12.8,4,12.6,4,13.2,5,12.6,5,13.6,6,14.1,6,15.5,6,11.8,6,12.3,3,12.7,4,13.0,5,13.5,4,13.2,6,11.4,6,12.8,5,11.9,4,12.5,5,13.5,6,14.1,5,11.2,4.0,14.8,5,16.6,3,14.2,3,12.6,5,15.1,5,18.1,3,17.5,2,17.7,2,15.9,3,20.4,3,18.8,2
2016-09-20 00:00:00,15.4,6,13.6,6,13.6,5,12.9,6,12.5,4,12.4,4,13.0,5,12.3,5,13.4,6,13.9,6,15.3,6,11.3,6,11.9,3,12.4,5,12.6,5,13.2,5,12.8,6,10.9,6,12.6,5,11.7,4,12.2,5,13.2,6,13.8,5,11.0,4.0,14.5,5,16.1,3,13.4,4,12.3,5,14.6,5,17.5,3,17.2,2,17.0,2,15.1,3,19.9,3,18.1,3
2016-09-20 01:00:00,15.4,6,13.6,6,13.5,6,12.7,5,12.2,4,12.3,4,12.8,5,12.1,5,13.3,6,13.6,6,15.2,5,11.1,6,11.7,4,12.2,5,12.4,5,13.0,5,12.5,6,10.5,6,12.4,6,11.6,5,12.1,5,12.9,6,13.6,5,10.7,4.0,14.3,5,15.6,4,12.7,4,12.2,5,14.2,5,17.0,3,16.8,3,16.3,3,14.1,4,19.4,3,17.5,3
2016-09-20 02:00:00,15.5,6,13.6,6,13.4,6,12.6,5,12.2,5,12.3,5,12.7,5,12.0,5,13.2,6,13.5,5,15.1,5,11.0,6,11.6,4,12.1,5,12.4,6,12.9,5,12.3,6,10.3,5,12.3,6,11.6,5,11.9,5,12.7,6,13.4,6,10.3,4.0,14.0,5,15.0,4,12.2,5,12.1,5,13.9,5,16.3,4,16.4,3,15.8,4,13.1,4,18.8,4,16.9,4
2016-09-20 03:00:00,15.4,6,13.4,6,13.3,5,12.4,6,12.9,7,12.2,3,12.5,5,12.7,3,12.4,6,13.1,6,14.4,6,11.8,7,10.9,7,10.6,6,11.9,2,12.2,4,11.8,5,10.2,6,11.9,7,10.3,5,11.2,5,12.1,6,12.1,6,9.2,4.0,13.3,4,15.0,4,13.0,4,12.0,5,13.3,6,16.5,3,16.3,3,16.0,2,14.4,1,19.1,2,17.8,4
2016-09-20 04:00:00,15.3,6,13.2,6,12.9,5,12.1,6,13.1,6,11.9,4,12.2,5,12.4,3,12.0,7,12.7,7,14.0,7,11.6,7,11.0,7,10.5,6,11.7,2,11.9,4,11.4,5,9.9,6,11.8,7,10.3,6,10.7,5,11.6,6,11.9,6,8.5,4.0,12.8,3,14.6,4,12.6,5,11.7,5,12.8,6,15.7,3,15.9,4,15.6,2,13.4,2,18.6,3,17.2,5
2016-09-20 05:00:00,15.2,6,13.2,6,12.8,5,11.9,6,13.5,6,11.8,4,11.9,5,12.3,3,11.7,7,12.5,7,13.8,7,11.6,6,11.4,7,10.8,6,11.7,2,11.8,4,11.1,5,9.9,5,11.9,7,10.6,6,10.3,4,11.3,6,12.0,6,8.0,4.0,12.5,3,14.5,4,12.4,4,11.6,5,12.5,6,15.3,4,15.8,5,15.5,3,12.8,2,18.3,4,16.8,5
2016-09-20 06:00:00,15.1,7,13.4,6,13.0,5,12.1,6,14.1,5,12.1,4,12.0,5,12.6,3,11.8,6,12.8,6,13.8,6,12.0,6,12.1,7,11.5,6,12.2,2,12.1,4,11.3,5,10.5,5,12.2,7,11.2,6,10.4,4,11.5,6,12.5,6,8.2,4.0,12.8,2,15.0,4,12.8,4,12.0,6,12.8,6,15.7,5,16.4,5,16.0,3,13.2,2,18.7,5,17.2,5
2016-09-20 07:00:00,15.0,7,13.8,6,13.8,4,12.7,6,14.8,5,12.8,4,12.6,5,13.4,4,12.4,6,13.6,6,14.2,6,13.0,6,13.0,7,12.8,6,13.3,4,13.0,4,12.2,5,11.8,6,12.8,7,12.2,5,11.3,4,12.3,6,13.3,5,9.3,4.0,14.1,2,16.4,4,14.1,4,13.0,6,13.7,6,17.4,4,17.9,5,17.3,3,15.2,3,20.0,5,18.5,5
2016-09-20 08:00:00,14.8,7,14.4,6,14.8,3,13.7,5,15.6,5,13.9,4,13.6,5,14.6,4,13.3,6,14.8,5,14.9,5,14.2,6,14.1,7,14.3,6,14.9,5,14.2,4,13.4,5,13.5,6,13.6,7,13.5,4,12.7,4,13.6,6,14.2,5,11.2,3.0,15.8,2,18.2,4,16.0,4,14.5,7,15.1,5,19.8,4,19.9,4,19.2,3,18.2,4,21.8,5,20.3,6
2016-09-20 09:00:00,14.8,6,15.0,7,16.0,3,14.7,5,16.3,5,14.9,4,14.7,4,15.9,4,14.2,5,15.9,5,15.7,5,15.5,6,15.2,7,15.8,6,16.5,6,15.5,4,14.8,6,15.1,6,14.5,7,14.8,3,14.2,4,14.9,6,15.3,4,13.3,3.0,17.6,2,20.1,4,18.1,4,15.9,7,16.6,5,22.1,3,21.9,4,21.1,3,21.3,5,23.4,5,22.1,6
2016-09-20 10:00:00,14.9,6,15.6,7,17.0,2,15.7,4,16.9,5,15.7,4,15.6,4,17.0,4,15.0,5,16.7,4,16.4,4,16.5,6,16.2,6,16.9,6,17.9,6,16.5,4,16.0,6,16.3,7,15.5,7,15.9,2,15.4,4,15.9,5,16.3,4,15.4,3.0,18.9,2,21.6,3,20.1,4,17.1,7,18.1,5,23.7,3,23.4,4,22.7,3,23.7,5,24.4,4,23.4,6
2016-09-20 11:00:00,15.1,6,16.1,6,17.8,2,16.5,4,17.4,5,16.3,4,16.4,5,18.0,4,15.7,5,17.3,4,17.0,4,17.2,5,17.0,6,17.7,5,19.1,6,17.3,4,16.9,6,17.1,7,16.4,7,16.7,2,16.3,4,16.7,5,17.2,3,17.2,4.0,19.9,2,22.7,3,21.8,4,17.9,7,19.4,4,24.7,3,24.5,4,24.0,4,25.5,5,24.8,4,24.3,5
2016-09-20 12:00:00,15.3,5,16.5,6,18.4,2,17.1,4,17.9,5,16.7,4,16.9,5,18.9,4,16.2,5,17.7,5,17.6,5,17.7,4,17.7,6,18.4,5,20.0,5,18.1,5,17.6,6,17.7,7,17.1,7,17.5,3,17.0,4,17.4,5,17.9,4,18.6,5.0,20.6,2,23.5,3,23.1,3,18.6,7,20.5,4,25.4,3,25.3,4,24.9,4,26.6,5,24.8,4,24.9,4
2016-09-20 13:00:00,15.4,5,16.7,6,18.7,2,17.5,4,18.5,5,16.9,4,17.2,5,19.7,4,16.6,6,18.0,5,18.1,5,18.1,4,18.1,6,19.2,6,20.6,5,18.9,5,18.1,6,18.3,7,17.5,6,18.1,4,17.7,3,18.0,6,18.3,4,19.3,6.0,21.2,2,23.9,3,23.9,3,19.1,7,21.2,4,26.0,3,25.8,3,25.5,4,27.2,4,24.7,5,25.3,4
2016-09-20 14:00:00,15.4,5,16.7,6,18.7,2,17.6,4,18.9,5,16.8,4,17.3,5,20.3,4,16.9,6,18.2,6,18.4,6,18.2,4,18.3,6,19.8,6,20.8,5,19.5,5,18.4,6,18.7,6,17.6,6,18.5,6,18.2,3,18.3,6,18.4,5,19.4,6.0,21.6,2,23.9,3,24.0,2,19.3,7,21.5,3,26.2,2,25.9,2,25.7,3,27.2,3,24.5,5,25.4,4
2016-09-20 15:00:00,16.3,4,17.6,5,18.8,5,17.7,4,19.0,2,16.5,4,17.3,4,20.0,5,17.2,3,18.6,3,18.8,3,18.4,4,18.3,6,19.1,7,21.1,5,19.5,6,17.7,6,18.1,7,17.5,6,18.3,7,17.2,4,17.5,7,17.7,6,18.8,6.0,21.3,3,22.9,2,23.8,2,19.4,5,21.4,2,25.7,2,25.1,2,25.1,1,26.2,2,23.8,3,25.0,2
2016-09-20 16:00:00,16.1,3,17.0,5,18.2,5,17.1,3,18.6,2,16.0,4,16.7,4,19.3,5,17.0,3,18.0,3,18.2,3,17.8,4,17.7,6,18.4,6,20.5,5,19.2,6,17.3,5,17.3,6,16.9,5,17.5,6,16.9,3,16.9,6,17.3,6,17.2,6.0,20.8,4,21.9,2,22.3,3,18.6,5,21.0,2,24.7,2,23.8,2,24.0,1,24.7,2,23.3,3,24.4,2
2016-09-20 17:00:00,15.9,3,16.2,5,17.3,5,16.3,3,17.8,2,15.3,4,16.0,3,18.1,5,16.4,2,17.1,2,17.4,2,16.7,3,16.8,7,17.3,5,19.4,4,18.3,5,16.5,4,16.1,6,15.9,5,16.4,6,16.4,3,16.0,6,16.7,6,15.3,6.0,19.8,4,20.6,2,20.4,4,17.5,4,20.3,2,23.2,3,22.1,2,22.6,1,22.9,2,22.8,3,23.5,2
2016-09-20 18:00:00,15.7,2,15.3,4,16.4,4,15.4,3,16.8,2,14.6,4,15.1,2,16.8,4,15.7,2,16.1,2,16.5,2,15.3,2,15.7,6,16.0,4,18.0,4,17.2,4,15.7,3,14.6,5,14.9,4,15.1,6,15.7,2,15.1,5,16.0,7,13.5,5.0,18.6,4,19.4,1,18.5,5,16.2,3,19.4,2,21.8,3,20.5,2,21.3,1,21.2,2,22.2,4,22.5,2
2016-09-20 19:00:00,15.5,2,14.6,3,15.5,3,14.6,3,15.6,2,13.8,3,14.2,2,15.5,3,14.8,2,15.2,2,15.8,2,13.7,2,14.5,6,14.8,3,16.5,3,16.0,4,14.9,3,13.1,4,14.0,4,13.8,5,14.8,2,14.3,5,15.3,6,12.3,5.0,17.3,4,18.4,1,17.1,5,14.9,3,18.4,2,20.7,3,19.4,2,20.4,1,19.9,2,21.6,4,21.6,2
2016-09-20 20:00:00,15.2,2,14.0,2,14.7,2,13.9,3,14.3,2,13.0,2,13.4,3,14.4,3,13.9,2,14.5,2,15.4,2,12.1,2,13.4,5,13.6,3,15.2,3,14.8,3,14.1,4,11.8,3,13.3,3,12.7,5,13.9,2,13.5,5,14.7,6,11.6,5.0,16.1,4,17.6,1,16.2,5,13.8,3,17.4,2,19.7,2,18.6,2,19.7,1,19.0,3,21.1,4,20.8,2
2016-09-20 21:00:00,15.1,2,13.5,2,14.0,2,13.2,3,13.4,2,12.4,3,12.8,3,13.5,2,13.4,2,13.8,2,14.9,1,11.2,2,12.8,5,13.0,3,14.0,3,13.9,3,13.4,4,11.1,3,12.8,3,11.8,5,13.1,2,13.0,5,14.2,6,10.9,5.0,15.1,4,16.7,1,15.2,4,12.9,3,16.4,2,18.8,2,17.7,2,18.7,2,18.3,3,20.6,4,19.9,2
2016-09-20 22:00:00,15.0,2,13.1,2,13.5,2,12.6,4,12.7,3,11.9,3,12.3,3,12.8,2,12.9,2,13.2,2,14.5,2,10.5,3,12.2,5,12.4,3,13.2,3,13.1,3,12.8,4,10.4,3,12.4,3,11.1,5,12.5,2,12.5,5,13.8,6,10.3,5.0,14.4,4,16.0,2,14.4,4,12.2,3,15.5,3,18.0,2,16.9,2,17.9,2,17.6,3,20.1,4,19.1,2
2016-09-20 23:00:00,14.9,3,12.8,2,13.2,2,12.1,4,12.3,3,11.7,3,12.0,4,12.2,2,12.5,2,12.7,3,14.2,2,10.0,4,11.6,5,11.9,4,12.7,3,12.6,3,12.2,4,9.9,3,12.0,3,10.6,5,12.0,3,12.1,6,13.4,6,9.9,5.0,13.8,4,15.4,2,13.7,4,11.8,3,14.7,3,17.3,2,16.3,2,17.1,2,16.9,3,19.7,4,18.3,3
2016-09-21 00:00:00,14.9,3,12.5,3,13.0,3,11.7,4,12.0,4,11.5,4,11.7,4,11.7,2,12.1,3,12.3,3,13.9,2,9.8,4,11.2,5,11.5,4,12.3,4,12.3,3,11.7,4,9.4,4,11.7,3,10.3,6,11.8,3,11.8,6,13.0,5,9.5,5.0,13.4,5,14.8,2,13.0,3,11.6,4,13.9,4,16.7,3,15.8,3,16.4,3,16.1,3,19.4,4,17.5,3
2016-09-21 01:00:00,14.8,4,12.3,3,12.8,4,11.3,4,11.7,4,11.4,4,11.4,5,11.2,3,11.8,3,12.1,4,13.7,3,9.6,5,10.9,5,11.2,5,11.9,4,12.0,4,11.3,5,9.2,4,11.5,4,10.1,6,11.6,4,11.5,6,12.7,5,9.2,5.0,13.0,5,14.3,2,12.5,3,11.6,4,13.3,4,16.1,3,15.4,3,15.8,3,15.2,3,19.1,4,16.8,3
2016-09-21 02:00:00,14.8,4,12.2,4,12.6,4,11.0,5,11.5,5,11.3,4,11.1,5,10.7,4,11.6,4,11.9,4,13.5,4,9.6,6,10.7,5,11.1,5,11.5,5,11.7,5,11.0,5,9.0,5,11.4,4,10.1,6,11.4,4,11.4,6,12.6,5,8.9,5.0,12.6,5,14.0,2,12.1,3,11.5,5,12.9,5,15.6,4,15.1,4,15.4,3,14.2,3,18.7,4,16.3,4
2016-09-21 03:00:00,14.5,3,11.8,3,12.2,3,11.1,5,11.2,2,10.3,4,10.7,3,10.6,4,11.1,2,11.6,2,13.3,2,9.0,1,10.0,3,10.5,4,11.0,3,11.3,4,9.8,2,8.3,2,10.4,2,10.0,4,10.5,2,10.5,4,12.0,6,9.2,5.0,12.7,3,14.2,2,12.0,2,10.5,3,12.4,2,15.2,1,15.6,1,15.3,1,14.3,3,18.4,2,17.3,2
2016-09-21 04:00:00,14.3,2,11.5,2,11.9,2,10.7,5,11.0,3,9.9,3,10.4,3,10.1,3,10.6,3,11.0,3,12.7,3,8.5,1,9.7,3,10.2,3,10.5,3,10.8,5,9.1,3,7.5,2,10.1,3,9.7,5,10.0,3,10.0,4,11.5,6,8.3,5.0,11.9,3,13.7,2,11.7,2,10.1,4,11.7,3,14.3,1,15.2,1,14.8,1,13.7,3,17.9,2,16.6,2
2016-09-21 05:00:00,14.2,2,11.5,2,11.9,2,10.5,5,11.1,3,9.7,3,10.3,3,9.9,3,10.4,4,10.7,4,12.3,4,8.3,2,9.7,3,10.3,3,10.3,2,10.5,4,8.7,4,7.2,2,10.1,3,9.7,5,9.7,4,9.7,3,11.2,6,7.6,5.0,11.4,3,13.5,2,11.6,2,10.0,4,11.3,3,13.8,1,15.0,1,14.5,2,13.4,3,17.6,3,16.2,2
2016-09-21 06:00:00,14.3,2,11.8,2,12.3,2,10.9,5,11.9,3,10.2,3,10.8,3,10.4,3,10.7,4,11.0,4,12.4,4,9.0,2,10.4,3,11.0,2,10.9,2,10.8,4,9.0,4,7.8,2,10.6,3,10.3,5,10.0,4,10.1,3,11.4,6,7.7,5.0,11.8,3,14.0,2,12.1,2,10.7,5,11.7,3,14.3,1,15.5,1,14.9,2,14.0,3,17.8,3,16.6,3
2016-09-21 07:00:00,14.8,2,12.7,1,13.4,2,12.0,5,13.3,3,11.6,2,12.1,3,11.8,3,11.7,4,12.1,4,13.3,4,10.8,2,11.9,3,12.4,2,12.4,2,11.9,4,10.5,3,9.7,2,11.7,3,11.6,4,11.2,4,11.3,3,12.2,5,8.9,4.0,13.5,3,15.4,2,13.3,2,12.4,5,13.0,3,16.1,1,17.0,1,16.3,2,15.7,2,18.8,3,18.1,2
2016-09-21 08:00:00,15.4,2,13.9,2,14.8,2,13.7,5,15.1,3,13.6,2,14.0,3,13.8,3,13.1,4,13.8,4,14.6,4,13.2,2,13.9,2,14.3,2,14.6,2,13.6,3,12.6,2,12.3,2,13.2,3,13.3,3,13.0,3,13.0,3,13.5,5,11.0,4.0,15.9,2,17.3,1,15.0,2,14.7,5,15.0,2,18.6,1,19.0,1,18.2,1,18.1,2,20.1,3,20.3,2
2016-09-21 09:00:00,16.1,2,15.2,2,16.4,2,15.4,5,16.8,3,15.6,2,15.8,3,15.9,3,14.6,3,15.6,3,16.1,3,15.6,2,15.9,2,16.2,2,16.8,2,15.4,2,14.8,2,14.9,2,14.9,2,15.1,2,14.8,2,14.8,3,15.1,4,13.3,4.0,18.3,2,19.3,1,17.0,2,16.9,4,17.2,2,21.0,1,21.1,2,20.2,1,20.5,3,21.4,3,22.4,2
2016-09-21 10:00:00,16.7,2,16.4,2,17.8,2,16.9,4,18.2,2,17.1,2,17.2,3,17.8,3,16.0,3,17.1,3,17.3,3,17.4,2,17.4,2,17.7,2,18.6,2,17.0,2,16.5,2,17.0,2,16.5,2,16.7,2,16.3,2,16.4,3,16.7,3,15.4,4.0,20.1,2,21.0,2,18.9,2,18.7,4,19.2,1,22.7,2,22.7,2,21.9,1,22.3,3,22.2,3,23.9,2
2016-09-21 11:00:00,17.1,2,17.5,2,19.0,3,18.1,4,19.2,2,18.1,3,18.3,3,19.4,3,17.1,3,18.4,2,18.4,2,18.6,2,18.5,2,18.8,2,20.1,2,18.4,2,17.8,3,18.5,2,18.0,2,17.9,2,17.4,1,17.6,4,18.1,3,17.1,5.0,21.4,2,22.3,2,20.5,2,20.0,4,21.0,1,23.8,3,23.9,2,23.1,2,23.5,4,22.6,3,24.9,2
2016-09-21 12:00:00,17.4,2,18.3,2,19.9,3,18.9,4,19.9,2,18.6,3,19.0,3,20.6,3,18.0,2,19.3,2,19.2,2,19.4,2,19.3,2,19.8,3,21.2,3,19.5,2,18.8,3,19.5,2,19.1,2,18.9,2,18.3,1,18.5,4,19.2,3,18.4,5.0,22.3,2,23.2,2,21.7,2,20.9,3,22.3,2,24.5,3,24.7,2,24.1,2,24.2,4,22.8,3,25.5,2
2016-09-21 13:00:00,17.6,2,18.8,2,20.4,4,19.4,3,20.4,2,18.8,3,19.5,3,21.5,3,18.7,2,20.0,2,19.9,2,20.0,2,19.9,2,20.6,3,22.0,3,20.4,2,19.5,3,20.2,2,19.8,2,19.6,3,19.0,2,19.1,4,19.8,4,19.1,5.0,23.0,2,23.8,2,22.3,3,21.6,4,23.2,2,25.0,3,25.3,2,24.8,2,24.6,4,22.8,4,25.9,3
2016-09-21 14:00:00,17.6,2,19.0,2,20.4,5,19.6,3,20.7,2,18.6,3,19.7,3,22.0,3,19.0,2,20.3,2,20.4,2,20.3,2,20.2,2,21.1,3,22.5,3,20.9,2,19.9,2,20.5,2,20.1,2,19.9,4,19.5,2,19.3,4,19.9,4,19.1,5.0,23.4,2,24.0,2,22.3,3,21.9,4,23.6,2,25.1,2,25.5,2,25.0,2,24.5,4,22.8,4,26.0,3
2016-09-21 15:00:00,17.8,2,19.4,2,20.3,2,19.6,5,21.0,3,17.8,6,19.7,5,22.2,3,19.2,2,20.6,3,20.6,3,20.3,3,20.4,2,20.5,3,22.5,3,21.6,3,19.9,2,20.2,3,20.0,2,19.5,3,19.4,1,19.3,2,19.5,5,17.6,6.0,23.4,2,23.5,1,21.4,4,21.8,4,23.5,2,24.5,1,25.2,1,24.7,1,22.4,4,21.8,4,25.8,2
2016-09-21 16:00:00,17.4,2,18.7,2,19.7,3,19.1,5,20.5,2,17.2,6,19.0,5,21.5,3,18.9,2,20.0,2,20.1,2,19.7,3,19.7,2,19.4,3,21.8,3,21.3,4,19.4,3,19.4,3,19.3,2,18.7,3,19.0,1,18.6,2,19.1,4,16.3,6.0,22.8,2,22.6,1,20.1,4,20.9,3,22.9,1,23.8,1,24.0,1,23.9,1,21.4,4,21.3,4,25.2,2
2016-09-21 17:00:00,17.0,2,17.8,2,18.8,4,18.4,4,19.6,2,16.4,6,18.0,5,20.4,4,18.3,2,19.0,2,19.3,2,18.7,3,18.5,2,17.8,2,20.7,3,20.6,3,18.5,3,18.2,2,18.2,2,17.4,2,18.3,1,17.7,2,18.4,3,14.7,5.0,21.8,1,21.3,1,18.6,4,19.5,3,22.0,1,22.8,1,22.3,1,22.7,1,20.1,4,20.7,5,24.3,2
2016-09-21 18:00:00,16.6,2,16.7,2,17.8,4,17.4,4,18.3,2,15.6,6,17.0,5,19.1,5,17.5,2,17.9,2,18.4,2,17.2,3,17.0,2,16.2,2,19.3,3,19.4,3,17.5,3,16.5,2,16.9,2,15.8,2,17.5,1,16.6,2,17.5,2,13.3,4.0,20.5,1,20.0,1,17.1,4,17.9,3,20.8,1,21.7,1,20.7,1,21.5,1,18.9,4,20.1,4,23.2,1
2016-09-21 19:00:00,16.2,2,15.7,2,16.7,4,16.3,4,16.8,2,14.8,6,16.0,4,17.7,4,16.4,2,16.9,2,17.7,2,15.4,2,15.4,2,14.8,1,17.8,3,17.9,3,16.5,3,14.6,2,15.6,2,14.1,2,16.6,1,15.5,2,16.5,2,12.3,4.0,19.0,1,18.9,1,16.0,4,16.2,2,19.5,1,20.6,1,19.5,1,20.5,1,18.0,3,19.7,4,22.0,1
2016-09-21 20:00:00,16.0,2,14.9,2,15.8,3,15.2,4,15.3,1,14.0,6,15.1,3,16.5,4,15.3,2,16.1,2,17.1,2,13.6,2,13.8,2,13.5,1,16.4,3,16.3,2,15.5,3,12.8,1,14.3,1,12.4,2,15.7,1,14.5,1,15.5,2,11.7,3.0,17.6,1,17.9,1,15.2,5,14.7,2,18.1,1,19.5,1,18.6,1,19.6,1,17.3,3,19.4,3,20.7,1
2016-09-21 21:00:00,15.8,2,14.2,2,15.0,2,14.4,5,14.3,2,13.4,6,14.4,4,15.5,3,14.5,2,15.3,2,16.5,2,12.4,3,12.6,1,12.4,1,15.3,4,15.1,3,14.5,3,11.4,2,13.4,2,11.2,2,14.9,1,13.5,2,14.7,2,11.1,3.0,16.4,2,17.1,1,14.2,4,13.5,2,16.8,2,18.5,2,17.8,1,18.7,2,16.4,3,19.0,3,19.7,2
2016-09-21 22:00:00,15.6,3,13.7,3,14.3,2,13.8,5,13.4,2,12.9,6,13.8,4,14.5,3,13.9,3,14.6,2,15.9,2,11.5,3,11.5,1,11.4,1,14.4,4,14.3,3,13.6,3,10.5,2,12.5,2,10.3,2,14.1,2,12.6,2,13.9,3,10.7,3.0,15.4,2,16.3,1,13.4,4,12.6,2,15.6,2,17.7,2,17.2,1,18.0,2,15.5,3,18.6,3,18.7,2
2016-09-21 23:00:00,15.5,3,13.2,3,13.7,2,13.2,5,12.7,3,12.6,6,13.2,4,13.7,3,13.4,3,14.0,3,15.4,3,11.0,4,10.6,2,10.6,1,13.6,5,13.6,4,12.8,3,9.9,3,11.9,3,9.7,2,13.4,2,11.9,3,13.3,3,10.3,3.0,14.7,3,15.7,1,12.8,4,12.2,3,14.6,2,17.0,2,16.8,2,17.3,3,14.7,3,18.3,3,17.9,2
2016-09-22 00:00:00,15.3,4,12.8,4,13.1,2,12.7,5,12.1,4,12.3,6,12.8,5,12.9,4,13.1,4,13.5,3,14.8,3,10.7,4,10.1,2,10.1,1,13.0,5,13.2,4,12.2,3,9.6,4,11.4,3,9.3,3,12.7,3,11.3,3,12.8,3,9.8,4.0,14.2,3,15.2,1,12.2,4,11.9,3,13.8,3,16.5,3,16.4,2,16.7,3,13.9,4,18.0,3,17.1,3
2016-09-22 01:00:00,15.2,4,12.4,4,12.6,3,12.2,5,11.6,4,12.2,6,12.4,5,12.3,5,12.7,4,13.1,4,14.3,4,10.4,5,9.7,3,9.9,1,12.5,5,12.7,5,11.6,4,9.4,4,11.0,4,9.2,3,12.1,3,11.0,4,12.4,4,9.4,4.0,13.8,4,14.6,1,11.7,4,11.8,4,13.2,3,16.1,3,16.0,2,16.1,4,13.2,4,17.8,4,16.5,3
2016-09-22 02:00:00,15.0,5,12.1,5,12.2,4,11.9,6,11.2,5,12.1,6,12.2,5,11.7,5,12.3,5,12.7,5,13.8,5,10.2,6,9.6,4,9.8,1,12.1,6,12.3,5,11.2,5,9.2,5,10.8,4,9.3,3,11.5,4,10.8,4,12.2,4,8.9,4.0,13.5,4,14.1,1,11.3,4,11.8,4,12.8,4,15.6,4,15.7,2,15.6,4,12.7,4,17.5,4,15.9,4
2016-09-22 03:00:00,15.6,3,12.9,2,12.7,2,12.6,4,11.1,2,13.0,6,12.9,6,12.7,5,12.2,4,12.3,3,14.3,3,9.4,2,8.8,1,8.9,2,12.2,4,12.1,4,10.5,2,8.1,2,10.5,1,8.8,2,11.9,2,9.8,2,11.0,2,8.1,1.0,13.1,4,13.7,1,11.6,1,11.1,1,12.0,1,14.6,1,15.0,1,14.7,1,13.4,2,17.9,2,16.4,1
2016-09-22 04:00:00,15.5,3,12.9,3,12.4,2,12.4,5,10.9,2,12.9,6,12.9,6,12.4,5,11.8,4,11.8,3,13.9,3,8.9,2,8.5,1,8.6,2,11.9,5,11.8,4,9.9,2,7.3,2,10.0,2,8.3,2,11.4,2,9.3,2,10.5,2,7.1,1.0,12.4,4,13.0,1,10.9,1,10.7,2,11.3,1,13.7,1,14.3,1,14.3,1,12.7,2,17.2,2,15.6,1
2016-09-22 05:00:00,15.5,3,13.0,3,12.3,2,12.3,5,11.0,2,12.9,6,12.8,6,12.4,5,11.6,4,11.6,4,13.6,4,8.8,2,8.4,1,8.6,2,11.9,5,11.7,4,9.7,2,7.1,2,9.8,2,8.1,2,11.0,2,9.2,2,10.3,2,6.4,2.0,12.0,4,12.6,1,10.4,1,10.5,2,10.9,1,13.1,1,14.0,2,14.2,1,12.4,2,16.7,2,15.1,2
2016-09-22 06:00:00,15.6,4,13.4,4,12.8,2,12.6,5,11.9,2,13.0,6,13.0,7,12.7,6,11.9,5,12.0,4,13.7,4,9.7,3,9.2,2,9.4,2,12.3,6,12.1,5,10.2,2,8.0,2,10.3,2,8.7,3,11.2,3,9.8,3,10.7,2,6.6,2.0,12.3,4,13.0,2,10.7,1,11.2,2,11.3,2,13.5,1,14.5,2,14.8,2,13.0,2,17.0,2,15.5,2
2016-09-22 07:00:00,15.7,4,14.1,4,14.0,2,13.4,5,13.6,3,13.4,5,13.4,6,13.5,6,12.8,5,13.2,5,14.3,5,11.7,3,11.0,2,11.2,2,13.4,6,13.1,4,11.7,2,10.4,2,11.6,2,10.5,2,12.3,3,11.4,2,11.8,2,8.2,2.0,13.8,4,14.6,1,12.1,2,12.9,2,12.7,2,15.4,1,16.3,2,16.4,2,14.8,2,18.5,2,17.1,2
2016-09-22 08:00:00,15.9,5,14.9,5,15.6,2,14.6,5,15.7,3,14.1,5,14.1,6,14.7,6,14.1,5,14.9,5,15.3,5,14.4,3,13.4,2,13.6,2,14.9,6,14.5,4,13.9,2,13.5,2,13.5,3,12.9,2,13.9,2,13.5,2,13.5,2,10.8,2.0,16.0,3,16.9,1,14.3,2,15.3,2,15.0,2,18.2,1,18.8,1,18.6,2,17.4,2,20.6,3,19.5,2
2016-09-22 09:00:00,16.2,6,15.9,5,17.3,2,15.8,6,17.8,4,14.9,4,14.9,6,16.0,7,15.5,5,16.7,5,16.6,5,17.0,4,15.9,2,16.0,2,16.5,6,16.0,4,16.1,2,16.6,2,15.7,3,15.5,1,15.7,3,15.9,2,15.5,2,13.8,2.0,18.2,3,19.3,1,16.8,2,17.6,2,17.5,2,20.8,1,21.3,1,20.7,1,20.0,3,22.4,3,21.8,2
2016-09-22 10:00:00,16.5,6,16.9,6,18.7,3,16.9,6,19.4,4,15.8,3,15.8,6,17.2,7,16.8,5,18.2,5,17.9,5,19.1,4,18.0,3,17.9,2,17.9,6,17.4,4,17.9,3,18.9,2,17.7,3,17.6,1,17.2,3,18.1,2,17.5,2,16.6,2.0,20.0,2,21.4,1,19.2,2,19.4,2,19.9,2,22.6,1,23.2,1,22.4,1,22.2,3,23.3,3,23.6,2
2016-09-22 11:00:00,16.8,6,17.8,6,19.8,3,17.8,6,20.6,4,16.6,3,16.6,6,18.2,7,17.9,4,19.4,5,19.1,5,20.6,4,19.6,4,19.4,2,19.1,7,18.7,4,19.2,3,20.4,3,19.5,4,19.2,1,18.4,3,19.9,2,19.3,3,18.9,2.0,21.3,2,23.1,1,21.3,2,20.8,3,22.0,2,23.6,2,24.6,1,23.6,1,23.8,3,23.6,3,24.8,2
2016-09-22 12:00:00,17.1,5,18.5,6,20.6,4,18.5,6,21.3,4,17.1,2,17.2,6,19.1,7,18.8,5,20.3,5,20.2,5,21.6,4,20.7,5,20.5,3,20.0,7,19.7,5,20.2,4,21.3,3,20.8,4,20.3,2,19.3,4,21.2,3,20.7,3,20.5,3.0,22.3,2,24.4,1,22.7,2,21.7,3,23.6,2,24.2,2,25.5,1,24.5,1,24.8,4,23.5,3,25.5,2
2016-09-22 13:00:00,17.3,5,18.9,6,21.0,5,18.8,6,21.7,5,17.3,2,17.5,5,19.8,7,19.5,5,20.9,5,21.0,5,22.1,5,21.3,5,21.3,3,20.7,7,20.5,5,20.9,5,21.9,4,21.6,5,21.0,2,19.9,4,22.0,3,21.5,3,21.3,3.0,23.0,3,25.3,1,23.4,2,22.3,4,24.5,2,24.5,2,26.1,1,25.1,1,25.3,4,23.4,3,25.8,2
2016-09-22 14:00:00,17.3,5,18.9,5,20.9,5,18.9,5,21.6,6,17.1,2,17.5,4,20.2,6,19.8,6,21.2,5,21.3,5,22.2,6,21.5,6,21.8,4,21.0,7,21.0,5,21.2,5,22.1,4,21.8,5,21.3,3,20.2,4,22.2,3,21.7,3,21.2,4.0,23.3,4,25.7,1,23.3,3,22.5,5,24.9,2,24.5,2,26.3,1,25.4,1,25.3,3,23.3,3,25.7,2
2016-09-22 15:00:00,17.8,3,19.4,5,21.4,4,19.7,6,22.3,4,16.9,5,18.0,7,21.0,3,20.3,5,21.6,5,21.7,5,21.8,6,20.8,4,21.2,4,20.9,3,21.9,6,21.3,4,22.0,4,20.8,4,20.5,4,20.2,3,21.9,3,20.8,3,20.6,4.0,23.7,5,25.1,3,22.9,4,23.0,2,24.9,2,23.7,1,25.0,1,24.6,2,24.5,4,22.8,3,24.7,2
2016-09-22 16:00:00,17.3,2,18.5,4,20.4,5,19.1,6,21.5,3,16.2,5,17.3,6,20.3,3,19.9,5,20.8,5,21.0,5,21.1,6,20.1,4,20.2,3,20.2,3,21.4,5,20.7,5,21.0,4,20.0,4,19.7,4,19.8,3,21.0,3,20.3,3,18.8,4.0,22.9,5,23.9,3,21.8,4,22.0,2,24.1,2,22.9,1,23.7,1,23.6,1,23.4,4,22.5,3,24.0,3
2016-09-22 17:00:00,16.8,2,17.3,3,19.2,5,18.2,6,20.3,3,15.3,6,16.4,6,19.3,3,19.1,5,19.6,5,20.0,5,19.9,5,18.9,3,18.8,3,19.2,4,20.4,5,19.7,4,19.5,4,18.8,3,18.5,3,19.0,3,19.9,3,19.5,4,16.6,4.0,21.7,5,22.2,2,20.3,4,20.6,2,23.0,3,21.8,1,22.1,1,22.2,1,22.0,3,22.0,3,23.1,3
2016-09-22 18:00:00,16.4,2,16.3,2,17.9,6,17.1,6,18.8,2,14.4,6,15.4,6,18.0,3,18.1,4,18.5,4,19.0,4,18.4,5,17.5,3,17.3,3,18.0,4,19.2,4,18.6,4,17.8,4,17.6,3,17.0,3,18.1,3,18.6,2,18.6,4,14.7,4.0,20.4,5,20.4,2,18.7,4,19.0,3,21.8,3,20.6,1,20.4,1,20.8,2,20.5,2,21.4,3,22.1,3
2016-09-22 19:00:00,16.1,2,15.6,2,16.8,5,16.0,5,17.2,2,13.6,6,14.5,6,16.7,3,17.0,4,17.5,4,18.3,4,16.6,5,16.0,3,15.8,3,16.7,4,17.9,4,17.5,4,16.0,4,16.5,3,15.4,3,17.1,3,17.5,2,17.7,4,13.5,4.0,19.1,5,18.8,1,17.3,3,17.6,3,20.6,3,19.5,1,19.0,1,19.7,2,19.2,2,20.8,3,21.2,3
2016-09-22 20:00:00,15.8,2,15.1,2,15.8,5,15.0,5,15.8,2,13.0,5,13.7,6,15.5,3,15.8,4,16.7,4,17.7,4,14.9,5,14.5,3,14.6,3,15.5,3,16.6,4,16.4,5,14.4,5,15.5,3,13.9,3,16.1,4,16.5,3,16.9,4,12.9,3.0,18.0,5,17.5,1,16.0,3,16.3,4,19.4,3,18.6,2,17.7,1,18.9,2,18.1,2,20.3,3,20.5,4
2016-09-22 21:00:00,15.7,2,14.7,2,15.1,4,14.2,5,14.7,2,12.4,5,13.1,6,14.5,3,14.9,4,16.0,4,17.2,4,13.5,5,13.4,3,13.5,4,14.5,3,15.6,4,15.5,5,13.2,5,14.6,3,12.8,3,15.2,4,15.6,3,16.1,4,12.0,4.0,17.0,5,16.4,2,14.8,3,15.4,4,18.2,3,17.8,2,16.7,2,18.0,2,17.2,2,19.8,3,19.8,4
2016-09-22 22:00:00,15.6,3,14.3,2,14.6,4,13.4,5,14.0,2,12.0,5,12.7,6,13.5,3,14.3,4,15.3,3,16.7,4,12.7,5,12.5,3,12.6,4,13.8,4,14.8,4,14.7,5,12.4,5,13.8,3,12.0,3,14.5,4,14.8,3,15.5,4,11.3,4.0,16.1,5,15.4,2,13.8,4,14.6,5,17.2,3,17.2,2,15.9,2,17.3,2,16.3,2,19.4,2,19.2,4
2016-09-22 23:00:00,15.6,3,13.9,3,14.1,4,12.8,5,13.5,3,11.6,5,12.4,6,12.6,4,13.9,4,14.6,3,16.2,4,12.4,5,11.8,3,11.9,4,13.2,4,14.2,4,14.0,5,11.9,5,13.2,4,11.4,4,14.0,4,14.2,4,14.9,4,10.8,4.0,15.3,5,14.7,3,13.0,4,13.9,5,16.2,4,16.7,3,15.3,3,16.7,3,15.6,2,19.2,2,18.6,4
2016-09-23 00:00:00,15.5,4,13.5,3,13.8,5,12.2,5,13.1,4,11.3,5,12.1,6,11.7,4,13.5,5,14.0,3,15.7,4,12.2,5,11.3,4,11.4,5,12.7,5,13.6,4,13.4,5,11.5,5,12.7,4,11.1,4,13.4,5,13.6,4,14.3,4,10.2,4.0,14.5,5,14.3,3,12.3,4,13.4,5,15.5,4,16.4,3,15.0,3,16.2,3,14.9,3,18.9,3,18.2,4
2016-09-23 01:00:00,15.3,4,13.1,4,13.5,5,11.6,5,12.6,4,11.1,5,11.7,5,10.9,4,13.1,5,13.5,3,15.3,4,11.9,6,11.0,4,11.1,5,12.1,5,13.1,5,12.9,5,11.1,5,12.4,4,11.0,4,12.9,5,13.2,5,13.9,4,9.7,4.0,13.9,5,14.0,3,11.9,5,13.1,5,14.9,4,16.1,4,14.9,3,15.9,4,14.2,3,18.7,3,17.8,4
2016-09-23 02:00:00,15.0,4,12.8,4,13.1,5,11.2,5,12.1,5,10.9,5,11.2,5,10.2,5,12.6,5,13.0,4,14.8,4,11.5,6,10.9,4,11.0,6,11.6,6,12.5,5,12.4,5,10.6,5,12.1,5,10.8,5,12.3,5,12.8,5,13.5,5,9.3,5.0,13.3,5,14.0,4,11.6,5,12.8,5,14.5,4,15.9,4,15.0,4,15.7,4,13.5,3,18.3,4,17.5,4
2016-09-23 03:00:00,14.6,2,12.4,2,12.7,2,11.9,3,12.0,2,10.5,2,10.7,2,11.7,2,11.8,1,12.4,1,14.2,1,10.7,2,10.1,2,10.2,2,11.6,1,12.1,2,11.9,2,9.8,3,11.5,3,10.1,4,12.7,3,12.1,4,12.8,3,9.7,3.0,14.1,3,13.3,2,11.4,1,12.7,3,13.6,2,14.4,2,14.4,3,15.2,3,13.7,2,18.0,3,16.8,4
2016-09-23 04:00:00,14.1,1,12.0,2,12.2,2,11.1,3,11.8,2,10.0,2,10.2,2,10.8,2,11.3,1,11.9,1,13.7,1,10.5,2,10.0,2,9.9,2,11.0,2,11.7,2,11.3,2,9.4,3,11.3,4,9.9,4,12.2,3,11.7,5,12.3,3,8.9,3.0,13.3,2,12.7,3,10.8,1,12.4,4,13.2,2,13.6,2,13.7,3,14.8,2,13.0,3,17.4,3,16.1,3
2016-09-23 05:00:00,13.7,2,11.6,3,12.0,2,10.5,3,12.0,2,9.7,2,9.9,2,10.1,2,11.1,2,11.7,2,13.3,2,10.7,2,10.2,2,10.0,2,10.7,2,11.6,2,11.0,2,9.4,2,11.3,4,9.9,4,11.9,3,11.5,5,12.2,3,8.2,3.0,12.8,2,12.3,4,10.4,2,12.3,4,13.0,3,13.2,3,13.4,4,14.6,2,12.6,3,17.0,4,15.7,3
2016-09-23 06:00:00,13.5,2,11.7,3,12.3,2,10.5,3,12.8,2,10.0,2,10.2,2,10.2,2,11.3,2,12.0,2,13.3,2,11.5,2,11.0,2,10.8,2,11.1,2,12.0,1,11.3,2,10.3,2,11.9,4,10.7,3,12.1,3,11.9,5,12.6,3,8.4,3.0,13.2,2,12.9,4,10.9,2,12.8,5,13.4,3,13.8,3,14.1,4,15.2,3,13.2,3,17.4,4,16.3,2
2016-09-23 07:00:00,13.7,2,12.3,3,13.2,2,11.5,2,14.2,2,11.2,2,11.3,2,11.4,2,12.1,2,13.0,2,13.9,2,13.0,2,12.7,2,12.6,2,12.4,2,13.0,1,12.6,2,12.3,2,13.2,3,12.4,3,13.1,2,13.2,5,13.9,3,9.9,3.0,14.7,2,14.7,4,12.6,3,14.1,5,14.6,3,15.9,4,16.2,4,16.8,3,15.3,3,18.8,4,18.1,2
2016-09-23 08:00:00,14.2,3,13.3,3,14.5,2,13.1,2,15.9,2,12.9,2,12.9,3,13.3,2,13.4,2,14.5,2,15.0,2,14.8,2,14.8,2,15.1,2,14.4,1,14.4,1,14.5,2,14.8,2,15.0,2,14.7,2,14.7,2,15.0,4,15.7,3,12.3,3.0,17.0,2,17.3,3,15.1,4,15.9,4,16.3,2,18.8,3,19.2,4,19.0,3,18.3,3,20.6,3,20.7,2
2016-09-23 09:00:00,14.8,3,14.5,4,15.9,2,14.9,2,17.4,2,14.7,2,14.6,3,15.4,2,14.7,2,16.0,2,16.2,2,16.7,2,16.9,2,17.6,2,16.4,1,15.9,1,16.4,2,17.2,2,16.9,2,17.0,1,16.4,2,17.0,3,17.7,2,15.0,3.0,19.2,1,20.0,2,17.9,4,17.8,3,18.3,2,21.5,4,22.1,4,21.2,3,21.4,3,22.3,3,23.1,2
2016-09-23 10:00:00,15.3,4,15.6,4,17.1,2,16.4,3,18.5,2,16.1,3,16.0,3,17.2,2,15.9,2,17.3,2,17.3,2,18.3,2,18.6,2,19.7,2,18.1,2,17.3,2,17.9,2,19.0,2,18.6,1,19.0,1,17.9,1,18.8,2,19.5,2,17.5,3.0,20.9,1,22.4,2,20.5,4,19.4,3,20.2,2,23.2,4,24.3,4,23.0,3,24.0,3,23.2,3,24.8,2
2016-09-23 11:00:00,15.7,4,16.5,4,18.0,3,17.5,4,19.1,2,17.0,3,17.2,2,18.7,2,17.0,3,18.4,2,18.3,2,19.5,2,19.9,2,21.3,2,19.4,2,18.6,2,19.1,2,20.1,2,20.0,1,20.5,1,19.1,1,20.4,2,21.1,2,19.7,3.0,22.1,1,24.3,2,22.8,3,20.6,3,22.0,2,24.2,4,25.8,3,24.4,3,25.8,3,23.6,4,25.9,2
2016-09-23 12:00:00,16.0,4,17.2,4,18.7,3,18.2,4,19.6,3,17.6,4,18.0,2,19.8,2,17.8,3,19.2,3,19.1,3,20.4,2,20.7,2,22.4,2,20.5,2,19.7,3,20.0,2,21.0,2,21.1,2,21.6,2,20.1,1,21.6,2,22.2,2,21.3,3.0,23.0,1,25.7,2,24.4,3,21.6,2,23.4,2,24.6,4,26.7,3,25.4,4,27.0,4,23.6,4,26.4,2
2016-09-23 13:00:00,16.2,3,17.7,4,19.1,4,18.6,4,20.0,3,17.8,4,18.6,2,20.6,2,18.4,3,19.9,3,19.7,3,21.0,2,21.2,3,22.9,2,21.3,2,20.6,3,20.7,2,21.7,2,21.8,2,22.2,2,21.0,2,22.5,2,22.8,2,22.2,3.0,23.8,1,26.6,2,25.3,3,22.4,2,24.5,2,24.9,4,27.2,3,26.1,4,27.5,4,23.5,4,26.6,2
2016-09-23 14:00:00,16.4,3,18.0,4,19.3,4,18.6,3,20.2,3,17.8,4,18.9,3,21.0,2,18.8,3,20.2,3,20.1,3,21.3,2,21.2,3,22.9,3,21.7,2,21.2,2,21.2,2,22.1,2,22.0,2,22.4,2,21.6,2,23.0,2,22.9,2,22.3,3.0,24.3,1,26.8,2,25.4,4,22.8,2,25.1,2,24.9,3,27.3,3,26.3,4,27.3,4,23.3,4,26.4,3
2016-09-23 15:00:00,16.4,2,18.1,3,19.3,3,19.0,2,21.2,3,17.7,2,18.7,2,21.6,2,19.5,2,20.9,2,20.7,2,21.4,3,21.3,3,22.1,4,22.7,2,22.1,2,21.7,2,22.3,3,21.7,4,21.1,4,21.8,2,22.0,4,21.7,4,20.8,5.0,24.6,2,25.5,6,24.1,4,21.5,3,24.9,2,24.0,5,25.7,5,25.1,4,26.1,4,23.1,5,25.2,5
2016-09-23 16:00:00,16.0,2,17.4,3,18.4,3,18.5,2,20.4,2,17.3,3,18.3,2,21.1,2,19.0,2,20.1,2,20.1,2,20.7,3,20.5,3,20.9,3,22.1,1,21.6,2,21.1,2,21.5,3,21.1,3,20.1,3,21.3,1,21.2,3,21.2,4,19.2,5.0,24.0,2,24.4,5,23.0,4,21.0,2,24.5,1,23.1,4,24.6,5,24.2,4,24.8,4,22.8,5,24.6,5
2016-09-23 17:00:00,15.6,2,16.4,2,17.3,3,17.8,2,19.3,2,16.7,3,17.7,2,20.1,2,18.2,2,19.0,2,19.1,2,19.6,2,19.3,2,19.2,3,20.9,1,20.7,2,20.1,2,20.1,2,20.1,2,18.7,2,20.4,1,20.0,2,20.3,4,17.3,4.0,23.0,2,23.0,5,21.6,4,20.1,2,23.6,1,21.9,4,23.1,4,22.9,4,23.2,4,22.5,4,23.7,5
2016-09-23 18:00:00,15.1,3,15.3,2,16.1,3,16.9,2,17.8,1,16.0,3,16.9,3,18.9,2,17.1,1,17.7,2,18.1,2,17.9,2,17.8,2,17.5,2,19.5,1,19.4,1,18.9,2,18.2,1,18.7,2,17.0,2,19.3,1,18.6,2,19.3,4,15.4,4.0,21.6,2,21.4,4,20.0,4,18.9,2,22.5,1,20.7,3,21.5,4,21.6,4,21.6,4,22.0,4,22.7,5
2016-09-23 19:00:00,14.8,3,14.4,2,15.0,3,15.8,2,16.2,1,15.1,4,15.9,2,17.5,2,15.9,1,16.5,1,17.2,1,15.8,1,16.1,1,15.9,2,18.0,2,18.0,1,17.7,2,16.0,1,17.0,1,15.2,1,18.3,1,17.2,1,18.1,3,14.1,4.0,20.1,2,20.0,4,18.5,4,17.5,2,21.2,1,19.7,3,20.1,3,20.5,4,20.3,4,21.5,5,21.5,4
2016-09-23 20:00:00,14.5,4,13.7,2,14.0,2,14.6,2,14.7,1,14.1,4,14.9,2,16.1,2,14.7,1,15.6,1,16.6,1,13.7,1,14.4,1,14.6,2,16.7,2,16.7,1,16.6,1,13.8,1,15.3,1,13.4,1,17.3,1,15.9,1,16.9,2,13.2,3.0,18.6,1,18.8,3,17.2,4,16.1,2,19.9,1,18.9,3,18.9,3,19.7,4,19.3,4,21.0,5,20.4,3
2016-09-23 21:00:00,14.4,4,13.1,2,13.3,2,13.5,2,13.5,2,13.4,4,14.1,2,15.0,2,13.8,2,14.7,2,16.1,2,12.1,1,13.0,2,13.3,2,15.5,2,15.6,1,15.5,1,12.2,1,14.0,1,12.0,2,16.4,1,14.7,1,15.9,2,12.4,3.0,17.4,2,17.9,3,16.0,4,15.0,2,18.6,2,18.1,3,18.0,3,18.8,4,18.4,4,20.5,5,19.7,2
2016-09-23 22:00:00,14.3,4,12.7,2,12.8,2,12.7,3,12.7,3,12.9,4,13.5,2,14.0,3,13.2,2,14.0,2,15.8,2,11.3,2,11.9,2,12.3,2,14.6,2,14.7,1,14.4,1,11.1,1,13.0,1,11.0,2,15.6,1,13.8,1,15.0,2,11.9,3.0,16.6,2,17.1,3,15.0,4,14.3,2,17.5,2,17.4,3,17.4,2,17.9,4,17.6,4,20.2,5,19.1,2
2016-09-23 23:00:00,14.3,4,12.4,2,12.5,1,12.2,3,12.1,3,12.6,3,13.0,2,13.3,3,12.8,2,13.4,2,15.5,2,11.0,2,11.2,3,11.5,3,13.8,3,14.1,1,13.5,1,10.6,2,12.4,1,10.2,3,14.7,1,13.1,1,14.4,2,11.3,3.0,16.0,2,16.5,2,14.0,4,14.0,2,16.6,2,16.8,3,17.0,2,17.2,4,16.9,4,19.9,5,18.8,2
2016-09-24 00:00:00,14.3,4,12.2,3,12.2,2,12.0,4,11.6,4,12.6,3,12.6,3,12.6,4,12.5,2,12.9,3,15.2,3,10.9,3,10.8,3,10.8,3,13.2,3,13.5,1,12.7,1,10.4,2,11.9,2,9.8,3,13.9,1,12.7,1,13.9,2,10.8,3.0,15.5,2,16.0,2,13.3,4,13.9,3,15.8,3,16.3,3,16.8,2,16.7,4,16.1,4,19.6,5,18.4,3
2016-09-24 01:00:00,14.4,4,12.0,3,11.9,3,11.9,4,11.1,5,12.8,4,12.3,4,12.0,4,12.2,3,12.5,3,14.7,3,10.7,3,10.4,4,10.3,4,12.5,3,13.0,1,12.2,1,10.3,3,11.5,2,9.5,4,13.1,1,12.4,1,13.5,2,10.2,2.0,15.1,2,15.5,2,12.7,4,13.7,4,15.1,4,15.9,3,16.5,2,16.3,4,15.3,4,19.3,4,18.0,3
2016-09-24 02:00:00,14.5,4,11.7,4,11.5,4,11.9,4,10.7,5,13.0,5,12.1,5,11.4,5,11.9,3,12.2,3,14.0,4,10.4,3,10.0,4,10.0,4,11.9,4,12.4,1,11.7,1,10.1,4,11.2,3,9.3,5,12.4,1,12.2,1,13.2,1,9.5,2.0,14.5,2,15.1,2,12.2,5,13.5,4,14.6,4,15.6,4,16.2,2,16.0,4,14.5,4,18.9,4,17.6,4
2016-09-24 03:00:00,14.0,1,11.3,1,10.4,1,11.5,3,9.8,1,13.4,5,13.3,3,11.2,3,10.9,1,11.2,1,13.5,1,9.1,1,9.4,1,9.6,1,12.5,2,12.1,1,10.7,1,9.4,1,10.8,1,9.4,2,13.2,1,10.8,2,11.9,4,9.8,5.0,14.6,1,14.8,4,12.6,4,12.5,1,14.3,1,15.2,2,15.9,3,16.2,4,14.8,6,19.1,6,17.5,3
2016-09-24 04:00:00,13.8,1,11.2,2,10.0,1,11.1,3,9.3,1,13.4,4,13.1,3,10.9,2,10.5,1,10.6,1,12.9,1,8.3,1,8.9,1,9.1,1,12.1,2,11.5,1,9.9,1,8.6,1,10.4,1,8.9,2,12.5,1,10.3,2,11.5,4,9.0,5.0,13.8,1,14.2,4,12.2,4,11.8,2,13.6,1,14.5,2,15.2,3,15.7,5,14.3,6,18.6,6,16.7,3
2016-09-24 05:00:00,13.7,2,11.2,2,10.0,1,11.0,3,9.3,1,13.5,4,13.0,4,11.0,2,10.3,1,10.3,1,12.6,1,8.1,1,8.6,1,8.9,1,12.1,2,11.3,1,9.4,1,8.2,1,10.2,1,8.7,2,12.0,1,10.3,2,11.4,3,8.5,6.0,13.4,1,14.0,4,12.1,5,11.6,2,13.2,1,14.1,2,14.8,3,15.5,5,14.1,6,18.3,6,16.3,2
2016-09-24 06:00:00,14.1,2,11.8,2,10.8,2,11.6,4,10.2,1,13.9,4,13.5,3,11.8,2,11.0,1,11.0,1,13.0,1,8.9,1,9.3,1,9.6,1,12.8,2,11.9,1,9.9,1,9.0,1,10.7,1,9.3,2,12.4,1,11.0,2,11.9,3,8.9,6.0,14.0,1,14.5,4,12.6,5,12.5,2,13.6,1,14.6,2,15.2,3,16.1,6,14.8,6,18.7,6,16.6,2
2016-09-24 07:00:00,15.1,2,13.1,2,12.6,2,13.3,3,12.4,1,14.9,4,14.8,3,13.7,2,12.8,1,13.0,1,14.5,1,11.2,1,11.2,1,11.4,1,14.7,2,13.6,1,11.8,1,11.4,1,12.1,1,11.1,2,13.9,1,12.6,2,13.0,3,10.6,5.0,16.0,1,16.0,4,13.9,6,15.1,2,15.3,1,16.3,2,16.9,3,17.8,6,16.8,5,20.0,7,18.0,2
2016-09-24 08:00:00,16.4,2,15.0,2,15.0,2,15.7,3,15.2,1,16.3,5,16.7,2,16.2,2,15.2,1,15.7,1,16.6,1,14.3,1,13.9,1,13.9,1,17.2,2,16.1,1,14.7,1,14.6,1,14.1,1,13.6,2,16.1,1,14.8,2,14.6,2,13.2,5.0,18.9,1,18.1,3,15.9,6,18.5,2,17.8,1,18.7,2,19.3,2,20.0,6,19.5,5,21.6,7,20.0,2
2016-09-24 09:00:00,17.7,2,17.0,2,17.4,1,18.2,2,18.1,1,17.8,5,18.6,2,18.9,2,17.7,1,18.4,1,18.8,1,17.4,1,16.6,1,16.6,1,19.9,3,18.6,1,17.6,1,17.9,1,16.3,1,16.2,1,18.3,1,17.3,1,16.5,2,16.0,5.0,21.8,1,20.3,3,18.0,6,21.9,2,20.5,1,21.0,2,21.7,2,22.1,6,22.0,5,23.1,7,21.9,2
2016-09-24 10:00:00,18.7,2,18.9,2,19.5,1,20.3,2,20.4,1,19.0,5,20.2,2,21.2,3,19.7,1,20.5,2,20.7,2,19.9,1,18.8,1,18.9,2,22.1,2,20.8,1,20.0,1,20.5,1,18.4,1,18.4,1,20.0,1,19.8,1,18.4,2,18.6,4.0,24.2,1,22.2,3,20.0,6,24.3,2,22.9,1,22.5,3,23.5,3,23.4,6,23.8,6,23.9,6,23.3,2
2016-09-24 11:00:00,19.4,2,20.5,2,21.1,1,21.8,2,22.0,1,20.0,4,21.4,3,23.0,3,21.1,2,22.1,2,22.2,2,21.7,1,20.5,1,20.7,2,23.9,2,22.5,1,21.9,1,22.3,1,20.3,2,20.2,1,21.3,1,21.9,2,20.2,2,20.7,4.0,26.0,1,23.8,3,21.7,5,25.9,2,24.7,1,23.4,3,24.8,3,24.2,6,24.8,6,24.1,6,24.1,2
2016-09-24 12:00:00,20.0,2,21.7,2,22.2,1,22.9,2,23.1,2,20.5,4,22.2,4,24.3,3,22.2,2,23.2,2,23.3,2,22.9,2,21.7,1,22.0,2,25.1,2,23.9,2,23.2,1,23.6,1,21.7,2,21.4,2,22.3,1,23.5,2,21.7,2,22.2,4.0,27.3,1,25.1,4,23.0,5,26.9,2,26.1,1,23.8,3,25.6,3,24.6,6,25.4,6,24.0,6,24.5,2
2016-09-24 13:00:00,20.4,2,22.4,2,22.9,2,23.5,2,23.8,2,20.6,5,22.6,4,24.9,2,23.0,2,24.0,2,24.1,2,23.7,2,22.5,1,22.9,2,25.8,2,24.9,2,24.1,1,24.4,1,22.6,2,22.1,2,23.2,1,24.4,2,22.7,2,23.0,5.0,28.2,2,26.0,4,23.7,5,27.5,3,26.9,1,24.0,2,26.0,2,25.0,5,25.7,6,23.9,6,24.7,2
2016-09-24 14:00:00,20.8,2,22.5,2,23.1,2,23.7,3,24.0,2,20.4,6,22.6,4,25.0,2,23.4,2,24.4,2,24.5,2,24.0,2,22.8,1,23.2,2,26.0,3,25.5,2,24.5,1,24.8,1,23.0,1,22.2,2,23.9,1,24.6,2,23.1,2,23.0,5.0,28.6,2,26.4,4,23.8,6,27.7,4,27.1,1,24.0,2,25.9,2,25.1,5,25.6,5,23.7,6,24.5,2
2016-09-24 15:00:00,21.2,2,22.5,3,23.4,2,23.6,5,23.7,3,19.4,7,21.8,7,24.1,4,23.1,3,23.9,3,24.0,3,23.5,2,22.3,1,22.4,1,24.7,5,25.6,4,24.3,3,24.0,3,22.5,1,21.4,1,23.8,2,24.5,1,23.0,2,21.7,5.0,28.3,3,25.4,2,23.0,4,26.5,3,26.4,2,22.5,5,24.4,3,24.2,3,23.6,4,23.0,6,23.6,5
2016-09-24 16:00:00,20.9,2,21.7,3,22.4,3,23.0,5,22.7,3,18.6,7,21.0,7,23.2,4,22.5,3,23.0,4,23.2,4,22.5,3,21.3,1,21.2,1,23.6,6,25.0,4,23.6,3,22.9,2,21.6,2,20.5,1,23.4,2,23.6,1,22.4,2,20.1,5.0,27.4,4,24.2,2,21.7,3,25.4,3,25.4,2,21.8,4,23.2,3,23.2,3,22.5,4,22.6,6,22.9,5
2016-09-24 17:00:00,20.5,2,20.7,3,21.1,4,22.3,5,21.3,3,17.7,7,20.0,7,22.0,4,21.5,4,21.8,4,22.2,4,21.1,3,19.9,1,19.5,2,22.2,6,23.8,4,22.4,3,21.4,2,20.3,2,19.1,1,22.5,2,22.3,1,21.6,2,18.2,5.0,26.0,4,22.5,2,20.0,2,23.7,3,24.1,3,20.9,4,21.8,3,22.0,3,21.1,3,22.1,6,22.0,4
2016-09-24 18:00:00,20.1,2,19.8,2,19.8,5,21.3,4,19.8,3,16.8,7,19.0,7,20.8,5,20.4,4,20.5,4,21.1,4,19.4,4,18.3,2,17.7,2,20.6,6,22.5,4,21.1,4,19.6,2,18.9,2,17.5,1,21.5,2,20.9,1,20.6,2,16.3,5.0,24.5,5,20.8,2,18.3,2,21.7,2,22.7,3,20.1,4,20.4,3,20.9,3,19.8,3,21.5,5,21.2,4
2016-09-24 19:00:00,19.7,3,19.1,2,18.9,5,20.1,4,18.3,3,16.0,7,18.0,6,19.6,5,19.3,4,19.5,4,20.3,4,17.6,4,16.7,2,16.2,2,19.3,6,21.2,4,20.0,4,17.9,2,17.5,2,15.7,2,20.4,3,19.6,1,19.6,2,14.9,4.0,23.1,5,19.4,2,16.9,2,19.7,2,21.5,4,19.5,5,19.3,3,20.1,3,18.6,2,20.8,5,20.7,4
2016-09-24 20:00:00,19.4,4,18.6,2,18.2,4,18.9,5,17.1,3,15.4,7,17.0,5,18.5,6,18.3,4,18.7,4,19.7,4,16.0,3,15.3,1,14.9,2,18.2,6,20.0,4,19.0,4,16.5,3,16.3,2,14.0,2,19.2,3,18.4,2,18.7,2,13.9,4.0,21.8,5,18.2,2,15.9,2,18.0,2,20.4,4,19.1,5,18.5,3,19.6,3,17.6,2,20.2,4,20.4,4
2016-09-24 21:00:00,19.2,4,18.3,2,17.7,4,17.9,5,16.0,3,14.9,6,16.1,5,17.5,6,17.6,4,18.1,4,19.2,4,14.8,3,14.2,1,13.9,1,17.3,6,19.0,4,18.1,4,15.5,3,15.3,2,12.8,2,18.2,3,17.4,2,17.9,2,12.8,4.0,20.7,5,17.3,3,15.0,2,16.7,2,19.6,4,18.6,5,17.8,3,18.8,3,16.5,2,19.7,4,20.0,4
2016-09-24 22:00:00,19.1,4,18.1,2,17.3,4,17.3,5,15.2,3,14.5,6,15.4,5,16.8,6,17.2,4,17.7,4,18.8,4,14.0,3,13.4,1,13.0,1,16.6,6,18.3,4,17.3,4,14.9,3,14.5,1,11.9,1,17.3,3,16.4,2,17.1,2,11.9,4.0,19.8,5,16.7,3,14.2,2,16.0,3,18.9,4,18.1,5,17.4,4,18.1,3,15.5,3,19.4,4,19.6,4
2016-09-24 23:00:00,18.9,3,17.8,2,16.9,3,16.8,5,14.5,3,14.2,5,14.8,4,16.2,5,17.0,4,17.3,5,18.4,4,13.4,3,12.9,1,12.4,1,16.1,6,17.8,4,16.6,4,14.4,3,13.8,1,11.3,1,16.6,4,15.6,3,16.3,2,11.0,4.0,19.1,6,16.3,3,13.6,3,15.7,3,18.4,4,17.6,5,17.0,4,17.5,4,14.6,3,19.3,4,19.2,4
2016-09-25 00:00:00,18.8,3,17.5,2,16.5,4,16.3,5,13.9,3,14.0,5,14.6,4,15.7,5,16.8,4,16.9,5,18.0,4,13.1,3,12.4,1,11.8,1,15.8,6,17.3,4,15.9,4,14.0,4,13.3,1,10.9,1,16.1,4,14.9,3,15.6,2,10.2,4.0,18.4,6,15.9,4,13.1,3,15.5,4,17.9,4,17.1,5,16.8,4,16.9,4,13.8,3,19.2,4,18.9,4
2016-09-25 01:00:00,18.6,4,17.0,3,16.2,4,15.6,5,13.5,4,13.8,5,14.5,5,15.3,5,16.4,4,16.4,5,17.7,4,12.8,3,12.0,1,11.2,1,15.6,6,16.7,5,15.2,5,13.4,4,12.9,1,10.4,1,15.7,4,14.3,4,14.9,3,9.5,4.0,17.7,6,15.6,4,12.7,3,15.2,4,17.5,5,16.7,5,16.6,4,16.5,4,13.1,3,19.0,4,18.6,4
2016-09-25 02:00:00,18.3,4,16.4,4,15.9,5,14.9,6,13.3,4,13.7,5,14.4,5,14.8,5,15.8,4,15.8,5,17.4,4,12.6,4,11.6,1,10.7,1,15.4,6,16.0,5,14.5,5,12.6,4,12.6,1,9.9,1,15.4,5,13.8,4,14.2,3,8.9,5.0,17.0,6,15.3,5,12.5,4,14.8,5,17.1,5,16.3,5,16.3,4,16.1,4,12.5,4,18.6,4,18.3,4
2016-09-25 03:00:00,17.9,3,16.2,4,15.2,2,15.6,5,13.2,1,13.2,4,13.8,4,14.5,6,15.2,4,15.1,4,16.4,4,12.1,1,10.6,1,10.4,1,14.9,4,15.5,5,13.9,5,13.1,2,12.2,1,10.6,2,14.9,6,14.8,2,15.2,2,10.0,3.0,16.6,7,14.7,2,11.8,2,15.0,5,16.9,5,16.9,5,16.2,4,16.1,2,13.3,2,18.3,2,18.3,5
2016-09-25 04:00:00,17.5,4,15.7,5,15.0,2,15.1,6,13.2,1,12.9,3,13.3,4,13.9,6,14.9,5,14.8,5,16.1,5,12.0,1,10.4,1,10.2,2,14.4,5,15.0,6,13.3,5,12.6,2,12.0,1,10.4,2,14.6,6,14.4,2,14.8,2,9.1,2.0,16.0,7,14.4,3,11.3,2,15.0,6,16.7,6,16.5,5,16.0,4,15.7,2,12.5,2,17.6,2,18.0,5
2016-09-25 05:00:00,17.2,6,15.3,6,14.8,3,14.6,6,13.6,1,12.6,3,12.9,3,13.4,6,14.6,6,14.5,6,15.8,6,12.1,1,10.7,1,10.3,2,14.0,5,14.7,6,13.0,6,12.4,2,12.1,1,10.5,2,14.4,7,14.2,3,14.6,2,8.5,2.0,15.7,7,14.4,3,11.2,2,15.0,6,16.6,6,16.3,4,15.9,4,15.7,2,12.2,2,17.1,2,18.0,5
2016-09-25 06:00:00,16.8,6,15.1,6,14.8,3,14.5,6,14.3,2,12.7,2,12.9,3,13.5,6,14.4,6,14.6,6,15.7,6,12.6,1,11.5,1,11.0,2,14.1,6,14.7,7,13.1,7,12.6,3,12.6,2,11.2,2,14.3,7,14.3,4,14.8,3,8.7,2.0,15.9,7,15.0,3,11.8,2,15.1,7,16.7,7,16.6,4,16.4,5,16.3,3,12.8,2,17.5,3,18.4,5
2016-09-25 07:00:00,16.5,7,15.3,6,15.2,3,14.8,6,15.3,3,13.1,2,13.4,3,14.2,5,14.4,6,15.1,7,15.8,7,13.5,2,13.1,2,12.7,2,15.0,5,15.1,6,13.8,6,13.4,4,13.6,2,12.9,2,14.4,6,14.9,5,15.6,3,10.2,2.0,16.7,6,16.5,3,13.3,2,15.2,7,16.9,7,17.7,5,17.8,5,17.8,3,14.8,2,19.0,3,19.2,5
2016-09-25 08:00:00,16.4,6,15.7,6,15.8,3,15.3,6,16.5,4,13.8,2,14.3,3,15.4,5,14.7,6,15.8,6,16.0,7,14.7,2,15.1,2,14.9,2,16.3,5,15.9,5,14.9,6,14.5,5,15.0,2,15.3,2,14.6,6,15.9,6,16.9,2,12.7,3.0,17.9,6,18.6,3,15.5,2,15.5,7,17.3,7,19.3,6,19.6,6,19.7,3,17.7,2,21.0,3,20.2,5
2016-09-25 09:00:00,16.3,6,16.1,6,16.7,3,15.9,5,17.5,5,14.6,2,15.3,3,16.6,4,15.1,6,16.5,6,16.4,6,15.9,3,17.4,1,17.4,2,17.7,4,16.7,4,15.9,6,15.7,6,16.6,3,17.8,2,15.0,6,16.9,6,18.3,2,15.5,3.0,18.9,5,20.6,3,17.8,2,15.9,7,17.9,7,20.7,7,21.3,6,21.6,3,20.8,2,22.8,3,21.2,6
2016-09-25 10:00:00,16.3,5,16.4,6,17.6,4,16.4,4,18.2,6,15.4,2,16.1,3,17.6,3,15.7,5,17.0,6,17.0,6,17.0,5,19.6,1,19.7,2,18.8,3,17.4,4,16.6,6,16.6,7,18.2,4,20.1,1,15.5,5,17.7,7,19.7,3,18.2,3.0,19.5,5,22.1,3,19.9,2,16.6,7,18.7,7,21.6,6,22.5,5,22.9,2,23.4,2,23.8,4,22.1,6
2016-09-25 11:00:00,16.4,5,16.6,6,18.5,6,16.8,3,18.8,6,16.1,3,16.8,3,18.5,3,16.3,5,17.4,6,17.6,5,17.9,6,21.3,1,21.6,2,19.6,3,18.0,5,17.1,6,17.4,7,19.5,5,22.0,1,16.0,5,18.3,7,20.8,4,20.4,3.0,19.7,4,23.1,4,21.7,2,17.3,7,19.5,7,22.0,6,23.2,5,23.8,2,25.3,3,24.1,4,22.7,7
2016-09-25 12:00:00,16.6,4,16.9,5,19.1,7,17.1,3,19.1,7,16.5,3,17.3,3,19.1,2,16.9,5,17.8,5,18.2,5,18.5,7,22.4,2,23.0,2,20.1,3,18.6,5,17.6,6,17.9,7,20.5,6,23.2,2,16.5,4,18.8,7,21.5,4,21.9,4.0,19.9,4,23.6,5,23.0,2,18.0,7,20.2,7,22.3,5,23.6,5,24.3,2,26.5,3,24.0,4,23.2,7
2016-09-25 13:00:00,16.9,4,17.2,5,19.4,7,17.3,2,19.3,7,16.7,4,17.6,3,19.6,3,17.3,5,18.2,5,18.6,5,18.8,7,22.6,3,23.8,2,20.4,3,19.1,5,18.1,6,18.3,7,21.0,6,23.7,3,17.0,4,19.1,7,21.6,5,22.5,5.0,20.2,4,23.8,5,23.8,3,18.4,7,20.7,7,22.6,5,23.9,5,24.6,3,26.9,4,23.9,5,23.4,7
2016-09-25 14:00:00,17.0,3,17.4,4,19.2,6,17.4,2,19.4,6,16.5,4,17.7,4,19.8,4,17.5,5,18.5,5,18.7,5,18.6,7,22.0,4,23.9,2,20.5,4,19.4,4,18.5,5,18.5,7,20.9,7,23.4,4,17.2,4,19.1,7,21.2,6,22.3,6.0,20.4,4,23.6,5,23.9,4,18.6,7,20.9,7,22.8,5,23.9,5,24.6,4,26.7,4,23.7,5,23.4,7
2016-09-25 15:00:00,17.4,4,18.0,5,20.1,5,18.1,4,20.8,5,15.9,4,17.2,4,19.8,4,18.2,5,19.5,6,19.2,6,19.8,6,21.7,2,23.8,2,20.2,5,19.8,6,18.8,5,19.0,6,20.6,4,23.1,2,17.4,4,19.0,6,21.1,4,21.5,6.0,21.2,4,24.6,3,23.8,4,19.3,7,20.8,7,23.1,4,24.6,4,24.6,3,25.7,2,23.4,2,23.4,5
2016-09-25 16:00:00,16.9,4,17.3,5,18.9,5,17.5,5,19.9,5,15.4,4,16.5,5,19.0,4,17.7,5,18.7,5,18.5,5,19.0,6,20.5,2,22.4,2,19.4,4,19.4,5,18.4,5,18.3,5,19.4,5,21.9,2,17.2,3,18.2,6,20.1,5,19.7,6.0,20.8,4,23.7,4,22.7,4,18.5,7,20.2,7,22.6,4,23.6,4,23.6,4,24.5,2,23.0,2,22.8,5
2016-09-25 17:00:00,16.3,4,16.3,5,17.5,6,16.6,5,18.7,5,14.8,4,15.6,5,17.8,4,16.9,4,17.5,5,17.6,5,17.9,6,19.1,3,20.5,2,18.3,4,18.5,5,17.7,5,17.2,4,18.2,5,20.3,2,16.6,3,17.1,6,19.1,5,17.6,6.0,19.9,4,22.4,4,21.1,4,17.3,6,19.4,7,21.8,4,22.1,4,22.3,4,23.1,3,22.5,2,22.1,5
2016-09-25 18:00:00,15.7,4,15.4,5,16.1,6,15.6,4,17.4,5,14.1,3,14.7,5,16.5,4,16.0,4,16.3,4,16.7,4,16.5,5,17.8,3,18.7,2,17.0,4,17.4,4,16.8,5,15.9,4,17.0,6,18.7,2,15.9,3,16.0,6,18.2,5,15.7,6.0,18.8,4,21.1,4,19.4,4,16.1,6,18.5,7,20.9,4,20.6,4,21.1,4,21.7,4,21.9,2,21.3,5
2016-09-25 19:00:00,15.4,4,14.6,4,15.0,5,14.5,4,16.1,5,13.4,3,13.8,4,15.1,4,15.0,3,15.3,4,16.0,4,14.9,5,16.7,2,17.3,2,15.7,4,16.2,3,15.9,5,14.5,4,16.1,6,17.2,2,15.1,3,15.1,6,17.4,6,14.5,6.0,17.6,4,20.0,4,18.0,3,15.0,6,17.7,6,20.1,4,19.5,4,20.3,3,20.4,4,21.3,2,20.7,5
2016-09-25 20:00:00,15.3,3,13.9,3,14.2,3,13.4,3,14.9,4,12.9,3,13.1,4,13.9,4,14.0,3,14.5,3,15.5,3,13.5,5,15.8,2,16.3,2,14.4,4,15.0,3,15.0,5,13.2,4,15.4,6,15.9,3,14.2,2,14.3,6,16.8,6,13.8,5.0,16.5,4,19.1,4,17.0,3,14.2,6,17.1,6,19.4,4,18.7,4,19.9,3,19.3,4,20.7,2,20.1,5
2016-09-25 21:00:00,15.1,3,13.4,2,13.6,4,12.6,3,14.0,4,12.4,3,12.5,3,12.9,4,13.1,3,13.7,4,15.0,4,12.5,5,15.2,3,15.5,2,13.3,4,13.9,3,14.1,5,12.2,4,14.7,6,14.9,3,13.5,3,13.8,5,16.2,6,13.4,5.0,15.5,4,18.3,4,15.9,2,13.6,6,16.4,6,18.9,4,18.2,4,19.5,3,18.4,4,20.2,2,19.7,5
2016-09-25 22:00:00,15.0,3,13.0,2,13.0,4,11.9,3,13.3,5,12.1,4,12.0,4,12.3,4,12.4,3,12.9,4,14.4,4,11.7,5,14.8,3,14.8,3,12.3,4,13.1,3,13.2,5,11.3,4,14.2,6,14.2,4,12.9,3,13.2,5,15.7,6,13.1,5.0,14.7,4,17.5,3,15.0,2,13.2,6,15.7,6,18.5,4,17.9,3,19.1,4,17.6,4,19.9,3,19.3,5
2016-09-25 23:00:00,14.8,3,12.6,2,12.6,4,11.5,4,12.7,5,11.9,4,11.7,4,11.8,4,11.7,4,12.2,4,13.9,4,11.0,5,14.4,4,14.2,3,11.6,5,12.4,3,12.4,5,10.5,5,13.8,6,13.6,4,12.3,3,12.7,5,15.3,6,12.7,5.0,14.1,4,16.8,3,14.2,2,13.0,6,15.1,6,18.1,4,17.6,3,18.6,4,16.8,4,19.7,3,19.0,5
2016-09-26 00:00:00,14.7,3,12.3,3,12.2,4,11.2,4,12.2,5,11.8,5,11.4,4,11.4,4,11.1,4,11.6,4,13.5,5,10.5,5,13.9,4,13.6,4,11.1,5,11.9,3,11.7,5,10.0,5,13.4,6,13.1,5,11.9,4,12.3,5,14.9,6,12.3,4.0,13.6,4,16.2,3,13.5,2,12.9,5,14.6,6,17.8,4,17.4,3,18.0,4,16.0,4,19.5,3,18.7,5
2016-09-26 01:00:00,14.4,3,12.0,3,12.0,5,11.0,4,11.5,6,11.7,5,11.1,4,10.9,5,10.6,4,11.1,5,13.0,5,10.0,5,13.1,4,13.0,5,10.9,5,11.4,4,11.2,5,9.6,5,13.1,7,12.6,5,11.5,4,12.0,6,14.6,6,11.8,4.0,13.2,4,15.6,4,12.8,3,12.7,5,14.1,5,17.4,4,17.1,3,17.4,4,15.1,4,19.2,4,18.3,5
2016-09-26 02:00:00,14.2,4,11.8,4,11.8,5,10.8,5,10.9,6,11.6,5,10.9,5,10.4,5,10.2,5,10.7,5,12.6,5,9.7,5,12.2,5,12.4,5,10.7,6,11.0,5,10.9,6,9.3,5,12.8,7,12.0,5,11.2,4,11.8,6,14.3,6,11.3,4.0,12.6,5,15.0,4,12.3,5,12.4,5,13.8,5,16.9,5,16.6,4,16.9,5,14.1,5,18.8,4,18.0,5
2016-09-26 03:00:00,13.9,2,11.2,2,10.7,2,10.3,2,10.7,4,11.4,4,11.3,4,9.9,3,10.1,2,10.2,2,12.3,2,10.6,3,12.4,5,12.5,2,10.2,3,10.6,3,10.7,2,10.3,3,13.6,6,12.1,2,10.9,3,12.6,6,14.5,5,11.0,2.0,12.0,2,15.9,2,13.3,6,12.3,6,14.2,7,16.6,3,16.7,3,16.8,2,14.8,4,18.8,4,17.8,5
2016-09-26 04:00:00,13.5,2,10.6,2,10.1,2,10.0,3,10.1,5,11.4,4,11.1,4,9.4,4,9.3,2,9.4,2,11.7,2,10.0,4,11.7,6,12.1,3,9.7,3,10.0,3,9.9,1,9.5,3,13.0,6,11.6,2,10.3,3,12.1,6,14.0,6,10.2,3.0,11.1,2,15.5,3,12.9,6,11.7,6,13.6,7,15.9,3,16.4,3,16.5,2,13.9,4,18.3,4,17.4,5
2016-09-26 05:00:00,13.1,2,10.0,2,9.7,2,9.8,3,10.0,4,11.4,4,10.9,4,9.2,4,8.7,3,8.9,2,11.2,2,9.8,4,11.3,6,12.0,4,9.4,3,9.5,4,9.3,1,9.0,3,12.4,6,11.4,2,9.8,2,11.6,6,13.8,6,9.5,3.0,10.5,2,15.4,4,12.7,6,11.4,6,13.1,6,15.5,3,16.4,3,16.4,2,13.4,4,18.0,4,17.2,5
2016-09-26 06:00:00,13.1,2,10.0,2,9.9,2,10.1,3,10.5,4,11.8,5,11.2,4,9.6,4,8.8,3,9.1,2,11.2,2,10.2,4,11.5,7,12.5,5,9.9,3,9.7,3,9.4,1,9.1,3,12.5,6,11.7,3,9.9,2,11.7,6,14.0,6,9.5,3.0,10.8,2,16.0,4,13.2,6,11.6,6,13.2,5,16.0,3,16.9,4,16.8,2,13.9,4,18.4,4,17.6,5
2016-09-26 07:00:00,13.6,3,10.7,2,10.9,2,11.0,3,11.9,4,12.6,5,12.1,4,10.8,4,9.9,3,10.3,2,12.0,2,11.4,4,12.7,7,13.8,4,11.4,3,10.8,3,10.5,1,10.3,3,13.4,6,12.8,2,10.9,2,12.5,6,14.7,6,10.5,3.0,12.4,2,17.5,4,14.6,5,12.7,6,14.0,5,17.8,3,18.3,4,18.0,2,15.9,4,19.9,4,18.7,5
2016-09-26 08:00:00,14.3,4,12.1,3,12.6,2,12.3,4,13.8,4,13.6,5,13.5,4,12.7,4,11.7,3,12.1,3,13.3,3,13.1,3,14.3,7,15.5,3,13.6,3,12.5,2,12.2,1,12.1,2,14.9,6,14.5,2,12.5,2,13.8,6,15.8,5,12.3,3.0,14.9,2,19.5,4,16.5,4,14.4,6,15.3,5,20.2,3,20.2,3,19.7,2,18.8,4,21.9,4,20.3,4
2016-09-26 09:00:00,15.1,4,13.6,3,14.4,2,13.9,4,15.7,3,14.8,6,14.9,4,14.7,4,13.6,3,14.1,3,14.8,3,14.9,3,16.0,6,17.2,2,15.8,3,14.4,2,14.1,1,14.2,2,16.4,5,16.1,2,14.2,2,15.2,5,17.0,5,14.5,3.0,17.3,1,21.4,3,18.7,4,16.1,6,16.8,5,22.5,3,22.1,3,21.5,3,21.7,4,23.6,4,21.8,4
2016-09-26 10:00:00,15.7,5,15.1,4,16.0,3,15.6,4,17.1,2,15.9,6,16.2,4,16.6,4,15.2,3,15.8,3,16.3,3,16.5,3,17.2,6,18.4,2,17.6,3,16.1,2,15.7,1,16.1,2,17.5,5,17.3,2,15.7,2,16.4,5,18.0,4,16.8,3.0,19.1,1,22.7,3,20.7,3,17.5,6,18.3,5,23.9,4,23.6,3,23.0,3,24.0,4,24.4,4,23.0,3
2016-09-26 11:00:00,16.1,5,16.4,4,17.3,3,17.0,4,18.1,2,16.9,5,17.2,4,18.2,4,16.3,4,17.2,3,17.6,3,17.7,2,17.9,6,19.2,2,19.0,3,17.5,3,17.1,2,17.6,2,18.4,4,18.2,2,16.8,2,17.4,5,18.7,3,18.9,3.0,20.4,1,23.6,3,22.4,3,18.6,6,19.6,5,24.6,4,24.7,3,24.1,4,25.6,4,24.6,4,23.9,3
2016-09-26 12:00:00,16.4,5,17.3,4,18.3,3,18.1,4,18.8,2,17.5,5,18.0,4,19.4,4,17.2,4,18.2,4,18.6,4,18.7,2,18.5,6,19.8,2,20.0,3,18.6,4,18.1,2,18.8,2,19.0,4,18.9,2,17.8,2,18.2,5,19.3,3,20.4,3.0,21.3,2,24.1,2,23.7,2,19.4,6,20.7,5,25.0,3,25.5,3,25.0,4,26.6,4,24.4,3,24.6,3
2016-09-26 13:00:00,16.7,4,17.8,4,18.8,4,18.6,4,19.2,2,17.7,5,18.6,4,20.1,4,17.8,5,18.8,5,19.2,5,19.3,3,19.0,5,20.2,3,20.7,3,19.5,4,18.8,2,19.6,2,19.5,4,19.5,3,18.6,2,18.9,4,19.7,3,21.2,4.0,21.9,2,24.4,3,24.5,2,19.9,6,21.5,4,25.3,3,26.0,2,25.5,4,27.0,4,24.3,3,25.1,3
2016-09-26 14:00:00,16.9,4,17.9,5,18.9,5,18.6,4,19.3,3,17.5,5,18.8,5,20.4,4,18.1,5,19.1,5,19.4,5,19.6,3,19.2,5,20.3,3,20.9,4,20.0,4,19.2,2,19.8,2,19.8,4,19.8,4,19.0,2,19.3,4,19.8,4,21.1,5.0,22.2,2,24.5,3,24.7,2,20.1,6,22.0,3,25.5,2,26.2,2,25.7,3,26.8,3,24.2,4,25.3,3
2016-09-26 15:00:00,16.7,4,17.8,4,18.9,4,18.5,4,19.0,3,17.0,4,18.1,4,19.6,4,17.5,4,18.7,5,18.6,5,18.7,2,18.0,5,19.1,7,20.3,3,19.0,3,18.3,4,18.7,3,18.5,4,18.6,6,17.7,2,17.6,3,18.7,6,19.8,6.0,21.0,2,23.7,2,24.3,2,19.0,5,20.9,2,24.7,1,24.8,2,25.3,4,26.0,3,23.9,3,24.3,2
2016-09-26 16:00:00,16.4,4,17.2,4,18.1,5,18.0,5,18.4,3,16.5,5,17.5,4,19.0,4,17.0,4,17.9,5,18.0,4,17.8,2,17.4,5,18.2,6,19.6,3,18.5,3,17.7,4,17.9,3,17.8,4,17.7,6,17.1,2,17.1,3,18.3,6,18.3,6.0,20.4,2,22.8,2,22.9,2,18.2,4,20.4,2,24.0,2,23.7,1,24.4,3,24.5,3,23.4,3,23.5,2
2016-09-26 17:00:00,15.9,4,16.3,3,17.0,5,17.2,5,17.4,2,15.8,5,16.7,5,18.0,4,16.3,4,16.9,4,17.1,4,16.5,2,16.5,5,17.0,6,18.5,3,17.5,3,16.8,3,16.6,2,16.8,4,16.5,6,16.3,2,16.3,2,17.6,5,16.4,6.0,19.4,1,21.6,1,21.1,2,17.1,4,19.6,2,23.0,2,22.3,2,23.1,3,22.7,3,22.8,2,22.5,1
2016-09-26 18:00:00,15.4,3,15.4,3,15.9,5,16.2,4,16.2,2,15.3,5,15.9,5,16.9,4,15.3,4,15.7,3,16.3,4,14.9,2,15.3,5,15.8,5,17.2,3,16.4,2,15.8,2,15.1,1,15.7,4,15.4,5,15.4,1,15.3,2,16.9,4,14.6,6.0,18.2,2,20.4,1,19.3,2,15.8,3,18.7,2,21.9,2,20.9,2,21.8,2,21.0,2,22.1,2,21.5,1
2016-09-26 19:00:00,15.1,3,14.5,3,14.9,4,15.2,3,14.8,2,14.9,5,15.2,4,15.7,4,14.3,3,14.7,3,15.6,3,13.2,2,14.1,5,14.9,4,15.9,3,15.3,2,14.8,1,13.4,1,14.9,4,14.6,4,14.6,1,14.2,2,16.2,4,13.4,5.0,17.0,2,19.4,1,17.9,2,14.5,3,17.7,1,20.9,2,19.8,1,20.8,2,19.5,2,21.4,2,20.7,1
2016-09-26 20:00:00,14.9,4,13.8,3,14.1,4,14.1,2,13.4,2,14.8,5,14.7,3,14.7,3,13.2,3,13.8,3,15.1,3,11.7,2,12.9,4,14.2,4,14.6,3,14.2,2,13.8,1,11.6,1,14.2,4,14.0,4,14.0,1,13.2,2,15.5,4,12.6,5.0,15.8,2,18.7,1,16.9,2,13.3,3,16.7,1,20.1,1,19.0,1,20.1,2,18.3,2,20.7,2,20.0,1
2016-09-26 21:00:00,14.8,4,13.2,3,13.3,3,13.4,3,12.4,2,14.5,5,14.2,4,13.9,3,12.4,4,13.0,4,14.6,3,10.6,2,12.0,5,13.4,4,13.6,3,13.3,3,12.8,2,10.3,2,13.5,4,13.2,4,13.3,2,12.2,2,14.8,4,11.8,5.0,14.8,2,17.8,1,15.8,2,12.4,3,15.7,2,19.2,2,18.1,2,19.2,2,17.3,2,20.2,2,19.3,2
2016-09-26 22:00:00,14.7,4,12.6,4,12.6,3,12.7,3,11.6,2,14.4,5,13.8,4,13.2,4,11.8,4,12.2,4,14.1,3,9.8,3,11.5,5,12.7,5,12.8,4,12.5,3,11.9,2,9.3,2,12.9,4,12.6,4,12.6,2,11.5,3,14.3,4,11.2,5.0,14.0,2,17.0,2,14.7,3,11.8,3,14.8,2,18.3,2,17.3,2,18.3,2,16.4,2,19.9,2,18.5,2
2016-09-26 23:00:00,14.7,4,12.1,4,12.0,3,12.2,3,11.0,3,14.2,5,13.4,4,12.5,4,11.3,4,11.6,4,13.6,3,9.3,3,11.1,5,12.1,5,12.2,4,11.8,3,11.1,3,8.7,3,12.3,4,12.0,5,11.9,3,10.8,3,13.7,4,10.7,5.0,13.3,2,16.1,2,13.8,3,11.4,4,13.9,2,17.5,2,16.6,2,17.5,3,15.7,2,19.7,3,17.9,2
2016-09-27 00:00:00,14.6,4,11.6,4,11.5,4,11.7,4,10.5,3,14.1,5,13.1,5,12.0,4,10.9,4,11.0,4,13.0,3,9.1,4,10.9,5,11.6,5,11.7,5,11.1,4,10.5,3,8.3,3,11.7,4,11.4,5,11.2,3,10.4,4,13.2,3,10.2,4.0,12.7,2,15.3,3,13.0,4,11.1,4,13.1,2,16.8,2,15.9,2,16.7,3,15.1,3,19.5,3,17.2,3
2016-09-27 01:00:00,14.5,4,11.2,5,11.0,4,11.5,4,10.1,4,13.9,5,12.8,5,11.6,5,10.5,5,10.5,5,12.5,3,8.9,4,10.6,5,11.1,5,11.2,5,10.5,5,10.1,4,8.0,4,11.3,4,10.9,5,10.5,4,10.2,4,12.7,4,9.8,5.0,12.1,3,14.6,3,12.3,4,10.8,4,12.5,3,16.0,2,15.3,2,16.0,4,14.4,3,19.2,3,16.5,3
2016-09-27 02:00:00,14.2,5,10.8,5,10.6,5,11.3,5,9.8,5,13.8,5,12.6,5,11.2,5,10.1,5,10.1,5,12.0,4,8.7,5,10.2,5,10.8,6,10.9,6,10.0,5,9.7,4,7.8,4,10.9,5,10.5,5,9.9,4,10.0,5,12.4,4,9.4,5.0,11.5,4,14.0,3,11.8,5,10.4,5,11.8,3,15.3,3,14.9,2,15.4,4,13.7,3,18.8,4,16.0,3
2016-09-27 03:00:00,15.6,5,13.2,5,12.3,3,13.8,5,10.6,3,15.2,6,14.8,5,13.9,5,11.9,4,11.7,4,13.8,4,8.9,4,9.9,3,10.8,5,12.8,5,11.6,4,9.5,4,7.5,2,10.9,3,11.0,4,11.2,2,9.7,3,12.5,4,10.3,2.0,11.7,2,14.7,1,12.2,2,10.5,2,11.6,2,15.0,2,15.6,1,15.9,3,13.3,1,18.6,1,17.0,3
2016-09-27 04:00:00,15.5,6,13.2,5,12.0,3,13.9,5,10.4,4,15.2,5,14.8,5,14.0,5,11.4,4,11.3,5,13.3,5,8.4,4,9.6,3,10.7,5,12.6,5,11.3,3,8.8,4,6.7,2,10.4,4,10.9,4,10.6,2,9.3,3,12.0,4,9.5,2.0,10.9,2,14.1,2,11.8,2,9.9,2,11.0,1,14.1,2,15.1,1,15.5,2,12.6,1,18.0,1,16.4,3
2016-09-27 05:00:00,15.4,6,13.2,5,12.0,4,14.2,5,10.5,5,15.3,5,15.0,5,14.2,5,11.1,4,11.0,5,13.0,5,8.2,3,9.6,3,11.0,5,12.6,4,11.2,3,8.5,4,6.4,2,10.2,4,11.1,4,10.1,2,9.3,3,11.8,4,8.9,2.0,10.3,2,13.9,3,11.8,2,9.5,2,10.7,1,13.6,2,14.9,2,15.4,2,12.3,1,17.6,1,16.0,3
2016-09-27 06:00:00,15.5,6,13.6,5,12.5,4,14.7,5,11.2,5,15.6,5,15.4,5,14.7,5,11.4,4,11.4,4,13.1,4,8.9,3,10.3,3,11.8,4,13.1,4,11.7,3,9.0,3,7.2,2,10.7,5,11.8,4,10.3,2,9.9,3,12.2,3,9.1,2.0,10.8,2,14.5,3,12.4,2,10.0,2,11.2,2,14.2,2,15.5,2,15.9,2,12.9,1,18.0,1,16.4,3
2016-09-27 07:00:00,15.8,6,14.3,5,13.7,4,15.4,6,12.8,5,16.0,5,16.2,6,15.6,5,12.5,4,12.6,4,14.0,4,10.8,3,11.9,3,13.4,4,14.5,5,12.8,4,10.7,3,9.4,2,12.1,4,13.3,4,11.5,1,11.4,3,13.3,3,10.5,2.0,12.7,2,16.2,3,14.0,2,11.6,2,12.7,2,16.3,2,17.3,3,17.3,2,15.0,1,19.6,1,18.0,3
2016-09-27 08:00:00,16.3,7,15.3,6,15.2,4,16.3,6,14.9,5,16.6,6,17.2,6,16.8,5,14.1,4,14.3,4,15.4,4,13.3,4,14.0,3,15.4,3,16.4,6,14.4,4,13.2,2,12.5,2,14.1,3,15.1,3,13.2,1,13.4,3,14.9,2,12.7,3.0,15.5,2,18.6,3,16.2,2,14.0,2,14.9,2,19.1,3,19.7,4,19.2,2,18.0,1,21.7,1,20.3,2
2016-09-27 09:00:00,16.8,7,16.4,6,16.9,4,17.3,6,17.0,4,17.3,7,18.2,6,18.1,6,15.8,4,16.2,4,16.9,4,15.9,4,16.1,2,17.3,2,18.3,6,16.2,5,15.6,2,15.6,2,16.1,3,16.9,2,15.1,1,15.5,3,16.7,2,15.3,3.0,18.2,2,21.0,3,18.7,2,16.4,2,17.2,1,21.8,3,22.2,5,21.3,2,21.2,1,23.6,2,22.5,2
2016-09-27 10:00:00,17.2,7,17.4,6,18.3,5,18.3,6,18.6,4,18.1,7,19.1,6,19.3,6,17.2,5,17.8,5,18.3,5,18.0,3,17.8,2,18.8,2,19.8,6,17.9,5,17.5,1,18.0,2,17.8,2,18.3,2,16.7,1,17.4,2,18.3,2,17.8,3.0,20.3,2,22.9,3,21.0,2,18.3,2,19.2,1,23.5,3,24.1,4,23.1,2,24.1,2,24.6,2,24.0,2
2016-09-27 11:00:00,17.6,6,18.3,6,19.5,6,19.3,6,19.8,4,18.7,7,19.8,7,20.3,6,18.3,5,19.2,5,19.5,5,19.5,3,19.0,2,19.9,2,20.9,6,19.4,6,18.9,1,19.7,2,19.2,2,19.4,3,17.9,1,18.9,2,19.7,2,19.8,4.0,21.6,1,24.3,2,23.0,2,19.7,2,20.8,1,24.4,2,25.4,3,24.5,2,26.3,2,24.9,2,24.9,1
2016-09-27 12:00:00,17.9,6,19.0,6,20.4,7,20.2,6,20.6,4,19.2,7,20.4,7,21.2,7,19.2,6,20.3,6,20.5,6,20.6,2,20.0,2,20.8,2,21.7,6,20.6,6,19.9,2,20.8,2,20.2,2,20.2,3,18.8,1,20.1,2,20.7,3,21.4,4.0,22.5,2,25.2,2,24.5,2,20.6,2,22.0,1,24.9,2,26.3,2,25.6,2,27.8,3,24.9,2,25.4,1
2016-09-27 13:00:00,18.2,6,19.5,6,21.0,7,20.8,7,21.2,5,19.3,7,20.8,7,21.9,7,19.9,7,21.1,6,21.3,6,21.4,3,20.8,3,21.5,2,22.2,6,21.5,6,20.7,3,21.5,2,20.9,2,20.9,4,19.5,2,21.0,2,21.3,3,22.2,4.0,23.0,2,25.8,2,25.4,2,21.1,2,22.7,1,25.2,2,26.8,1,26.3,1,28.3,2,24.8,2,25.8,1
2016-09-27 14:00:00,18.4,6,19.9,6,21.2,7,21.1,7,21.4,6,19.2,7,21.0,7,22.3,6,20.4,7,21.6,7,21.7,7,21.7,3,21.1,3,21.9,2,22.4,6,22.0,7,21.2,4,21.7,2,21.2,2,21.2,4,19.8,2,21.4,2,21.4,3,22.3,3.0,23.2,3,25.9,2,25.6,2,21.1,2,23.0,1,25.3,2,26.9,1,26.5,1,28.1,2,24.6,2,25.9,1
2016-09-27 15:00:00,18.2,7,19.5,7,19.9,7,20.9,7,20.5,5,19.1,7,21.0,7,22.1,6,19.7,6,20.6,6,20.6,6,20.6,4,20.3,2,21.0,3,21.6,6,21.2,6,20.0,3,20.6,3,20.5,2,20.5,4,19.3,3,20.5,1,20.5,2,21.0,3.0,22.2,2,25.0,1,24.5,3,20.6,2,22.9,1,25.1,1,26.1,1,26.0,2,26.7,3,24.3,3,25.5,1
2016-09-27 16:00:00,18.1,6,19.0,6,19.4,6,20.5,5,20.1,5,18.6,7,20.4,6,21.7,6,19.3,6,20.1,6,20.1,6,20.1,5,19.6,2,19.9,3,21.0,6,20.8,6,19.7,3,20.0,2,19.8,2,19.4,3,19.0,3,19.8,1,20.0,2,19.4,3.0,21.5,2,24.0,1,23.3,3,19.6,2,22.3,1,24.5,1,24.9,1,25.1,1,25.2,2,23.7,2,24.8,1
2016-09-27 17:00:00,17.8,5,18.4,5,18.6,5,19.7,4,19.3,5,17.9,6,19.5,6,21.0,5,18.6,5,19.2,5,19.4,5,19.1,6,18.5,2,18.4,2,20.0,6,20.0,5,19.1,4,18.9,2,18.7,2,18.0,3,18.3,3,18.8,1,19.2,2,17.4,2.0,20.6,2,22.7,1,21.7,2,18.3,3,21.4,1,23.6,1,23.2,1,23.8,1,23.5,2,23.0,2,24.0,1
2016-09-27 18:00:00,17.5,5,17.7,5,17.8,5,18.8,4,18.4,5,17.2,6,18.6,5,20.1,5,17.7,4,18.3,5,18.6,5,17.8,6,17.3,2,16.9,2,18.9,5,19.0,5,18.2,4,17.5,2,17.4,2,16.4,2,17.4,2,17.6,1,18.3,2,15.5,2.0,19.5,2,21.3,1,20.0,1,16.9,3,20.4,1,22.5,1,21.6,1,22.5,1,21.8,2,22.3,2,23.1,1
2016-09-27 19:00:00,17.3,5,17.2,5,17.1,5,17.9,4,17.5,5,16.6,5,17.8,5,19.1,5,16.8,4,17.5,4,18.0,4,16.3,5,16.1,2,15.6,2,17.8,5,18.0,4,17.2,4,15.8,2,16.2,2,15.1,1,16.5,2,16.4,1,17.3,2,14.1,1.0,18.4,2,20.1,1,18.5,1,15.6,3,19.4,1,21.4,1,20.3,1,21.4,1,20.2,2,21.6,2,22.3,1
2016-09-27 20:00:00,17.1,6,16.8,6,16.7,5,17.1,5,16.7,5,16.1,5,17.0,5,18.1,5,15.9,4,16.9,4,17.6,4,14.7,5,15.1,2,14.5,2,16.8,5,17.0,4,16.2,4,14.1,2,15.1,2,14.0,1,15.7,2,15.2,2,16.3,1,13.1,1.0,17.3,2,19.2,1,17.2,1,14.5,2,18.5,1,20.4,1,19.4,1,20.5,1,18.9,1,21.0,1,21.5,1
2016-09-27 21:00:00,17.1,6,16.4,6,16.3,5,16.3,5,15.9,5,15.6,5,16.4,5,17.3,5,15.3,3,16.2,4,17.1,4,13.7,4,14.2,2,13.5,2,16.0,5,16.2,4,15.3,4,12.9,2,14.2,2,13.0,2,14.9,3,14.2,2,15.4,2,12.2,1.0,16.4,2,18.4,2,15.9,2,13.6,2,17.5,2,19.4,2,18.7,2,19.6,1,17.7,2,20.5,2,20.7,2
2016-09-27 22:00:00,17.0,6,16.1,6,15.9,5,15.6,6,15.2,5,15.2,5,15.7,5,16.4,5,14.8,3,15.6,4,16.7,4,12.8,3,13.3,2,12.7,2,15.4,5,15.4,4,14.5,4,11.8,3,13.4,2,12.1,2,14.1,3,13.4,2,14.7,2,11.4,2.0,15.6,2,17.8,2,14.8,2,13.0,3,16.5,2,18.6,2,18.2,2,18.8,1,16.6,2,20.1,2,19.9,2
2016-09-27 23:00:00,16.8,6,15.6,6,15.5,5,14.8,6,14.5,5,14.7,5,15.1,5,15.5,5,14.3,3,14.9,3,16.3,4,12.1,2,12.6,2,12.0,2,14.9,6,14.7,4,13.8,4,11.0,3,12.8,3,11.4,3,13.5,3,12.7,2,14.0,3,10.7,2.0,15.0,2,17.2,3,13.9,2,12.6,3,15.5,3,17.9,2,17.7,2,18.1,1,15.7,2,19.8,2,19.2,2
2016-09-28 00:00:00,16.6,6,15.1,6,15.0,6,14.1,6,13.8,5,14.2,5,14.6,6,14.6,5,13.8,3,14.3,3,15.9,5,11.5,2,11.9,2,11.5,2,14.4,6,14.0,5,13.2,5,10.3,4,12.3,3,10.9,3,12.9,4,12.1,3,13.4,3,10.1,2.0,14.4,3,16.6,3,13.0,3,12.3,3,14.7,3,17.3,3,17.4,3,17.4,2,14.9,3,19.5,2,18.4,3
2016-09-28 01:00:00,16.3,6,14.5,6,14.4,6,13.5,6,13.1,5,13.7,5,14.0,6,13.7,5,13.2,4,13.6,4,15.4,5,10.9,3,11.3,3,11.1,3,13.9,6,13.4,5,12.7,5,9.9,4,11.9,4,10.5,4,12.4,5,11.7,4,12.9,4,9.6,3.0,14.0,3,15.9,4,12.3,3,12.1,4,13.9,4,16.8,3,16.9,3,16.7,3,14.1,3,19.2,3,17.6,4
2016-09-28 02:00:00,15.9,6,13.9,6,13.9,6,13.0,6,12.4,5,13.2,6,13.6,6,12.9,5,12.7,4,13.0,4,14.9,5,10.5,4,10.9,4,10.8,5,13.3,6,12.9,5,12.1,5,9.6,5,11.6,4,10.2,4,12.1,5,11.5,4,12.6,4,9.1,3.0,13.5,4,15.1,4,11.8,3,11.9,4,13.3,4,16.3,4,16.4,4,16.1,4,13.3,3,18.8,3,17.0,4
2016-09-28 03:00:00,16.3,6,14.4,5,14.4,4,14.1,6,12.5,2,13.5,5,14.2,5,14.5,5,13.5,4,13.6,4,15.3,4,9.9,1,9.0,1,9.7,3,14.0,6,13.3,4,11.1,2,8.3,1,10.1,1,9.3,4,12.6,1,10.3,1,11.5,1,9.7,2.0,14.6,3,15.1,1,12.8,1,12.3,2,13.4,1,15.5,1,16.0,1,16.0,1,13.8,1,19.1,1,18.3,1
2016-09-28 04:00:00,16.2,6,14.3,5,14.2,5,14.0,6,12.4,3,13.4,5,13.8,5,14.0,5,13.4,4,13.4,4,15.1,4,9.5,2,8.4,1,9.4,3,13.6,6,13.0,4,10.3,2,7.7,1,9.5,1,9.0,3,12.1,1,9.8,1,11.0,2,8.8,2.0,14.1,3,14.3,1,12.2,1,12.0,2,12.8,1,14.7,1,15.5,1,15.6,1,13.1,1,18.6,1,17.6,1
2016-09-28 05:00:00,16.2,6,14.4,5,14.2,6,14.1,6,12.6,3,13.5,5,13.6,5,13.8,5,13.4,4,13.3,4,15.0,5,9.4,3,8.0,2,9.4,3,13.3,6,12.9,4,9.9,2,7.6,1,9.2,1,9.1,3,11.8,1,9.6,2,10.7,2,8.1,2.0,13.7,3,13.9,2,11.8,1,11.9,2,12.7,1,14.2,1,15.4,1,15.5,1,12.8,1,18.3,1,17.3,1
2016-09-28 06:00:00,16.2,6,14.8,6,14.5,6,14.4,6,13.3,3,13.8,4,13.8,6,14.0,5,13.6,4,13.5,5,15.2,5,10.1,4,8.6,2,10.1,3,13.6,6,13.2,4,10.4,2,8.5,1,9.6,1,9.8,3,12.1,1,10.2,2,11.1,2,8.3,2.0,14.1,3,14.3,2,12.3,1,12.3,2,13.1,1,14.7,1,16.1,1,16.2,2,13.6,1,18.7,2,17.7,1
2016-09-28 07:00:00,16.3,7,15.5,6,15.3,6,15.0,6,14.7,4,14.3,3,14.5,6,14.8,5,14.2,5,14.2,5,15.6,6,12.0,4,10.4,2,11.7,3,14.8,6,14.1,4,12.1,2,10.8,1,11.0,2,11.3,2,13.2,1,11.8,2,12.3,2,9.9,2.0,15.5,3,16.0,2,13.9,1,13.6,2,14.4,1,16.7,1,17.8,2,17.9,2,15.8,1,20.2,1,19.2,1
2016-09-28 08:00:00,16.5,7,16.3,7,16.4,7,15.8,6,16.4,4,15.1,3,15.6,6,16.0,5,15.1,6,15.4,6,16.4,6,14.4,3,13.0,3,13.9,3,16.5,6,15.3,4,14.5,2,13.9,1,13.1,2,13.4,2,14.8,1,14.1,2,14.0,2,12.5,2.0,17.4,2,18.4,1,16.2,1,15.3,2,16.2,1,19.5,1,20.1,1,20.2,2,18.8,1,22.2,1,21.3,1
2016-09-28 09:00:00,16.8,7,17.1,7,17.5,7,16.7,7,18.0,5,16.0,2,16.7,6,17.3,5,16.1,7,16.7,7,17.3,7,16.9,3,15.7,3,16.2,3,18.1,6,16.7,4,16.9,2,16.9,1,15.5,2,15.6,2,16.5,1,16.4,1,16.0,2,15.5,2.0,19.4,2,20.9,1,18.7,2,17.2,2,18.1,1,22.0,1,22.4,1,22.4,2,21.9,1,24.0,1,23.3,1
2016-09-28 10:00:00,17.1,6,17.7,6,18.5,7,17.5,7,19.3,5,17.0,3,17.6,7,18.4,5,17.2,7,18.1,7,18.4,7,18.8,3,17.9,3,18.1,3,19.3,6,18.0,4,18.7,2,19.2,1,17.7,2,17.6,2,17.9,1,18.4,1,17.9,2,18.3,2.0,20.9,2,22.9,1,21.0,2,18.8,2,19.9,1,23.5,1,24.1,1,24.0,2,24.4,2,25.0,1,24.6,1
2016-09-28 11:00:00,17.3,5,18.3,6,19.4,7,18.3,7,20.2,6,17.9,3,18.4,7,19.4,5,18.3,7,19.3,7,19.5,7,20.2,4,19.5,3,19.7,3,20.1,6,19.3,5,19.9,2,20.7,2,19.5,2,19.2,2,19.1,1,19.9,1,19.6,1,20.6,2.0,21.9,2,24.5,1,22.9,2,20.0,2,21.4,1,24.3,1,25.3,1,25.0,2,26.1,2,25.2,1,25.2,1
2016-09-28 12:00:00,17.6,4,18.7,6,20.1,7,18.9,7,20.8,6,18.5,4,19.0,7,20.3,5,19.2,7,20.4,6,20.5,7,21.2,4,20.6,3,21.0,3,20.7,6,20.4,5,20.8,2,21.8,2,20.9,2,20.4,2,20.1,1,21.2,1,21.0,1,22.2,3.0,22.7,2,25.6,2,24.2,2,20.9,2,22.6,1,24.6,1,26.1,1,25.7,2,27.1,2,25.2,1,25.5,1
2016-09-28 13:00:00,17.8,5,19.1,6,20.6,6,19.3,6,21.2,6,18.8,3,19.5,6,21.1,5,19.9,7,21.2,7,21.1,7,22.0,4,21.3,4,22.0,3,21.3,6,21.3,6,21.6,2,22.6,2,21.7,2,21.2,3,20.9,2,22.2,1,21.9,1,23.0,3.0,23.3,2,26.4,2,24.8,2,21.5,2,23.5,1,24.8,1,26.6,1,26.2,2,27.5,2,25.1,1,25.5,1
2016-09-28 14:00:00,17.9,5,19.2,6,20.7,5,19.5,5,21.4,6,18.7,3,19.8,4,21.6,5,20.3,7,21.6,7,21.4,7,22.3,4,21.6,4,22.4,4,21.6,6,21.9,5,22.1,2,23.0,2,22.0,2,21.5,3,21.4,2,22.7,1,22.4,1,22.9,2.0,23.6,2,26.6,2,24.8,2,21.7,2,24.0,1,24.9,1,26.7,1,26.3,2,27.2,2,24.9,1,25.3,1
2016-09-28 15:00:00,17.6,2,19.0,2,20.7,2,20.2,3,21.5,5,19.1,4,20.4,3,21.9,6,20.9,4,22.0,3,21.6,4,22.2,5,21.1,4,21.7,4,21.5,3,21.9,3,22.1,2,22.5,2,21.4,2,21.2,3,21.4,1,22.8,1,21.9,2,22.4,2.0,24.2,1,26.6,1,24.9,1,22.8,1,24.7,1,25.1,1,27.1,1,26.5,1,26.6,1,24.4,1,25.5,1
2016-09-28 16:00:00,17.4,2,18.4,2,19.9,3,19.5,3,21.0,4,18.5,4,19.7,3,21.5,5,20.3,4,21.2,3,20.9,3,21.4,4,20.3,4,20.5,4,20.9,3,21.3,3,21.4,2,21.6,2,20.5,2,20.0,3,20.7,1,21.9,1,21.3,2,20.5,2.0,23.5,1,25.6,1,23.7,1,21.8,1,24.1,1,24.2,1,25.9,1,25.4,1,25.3,1,23.9,1,24.7,1
2016-09-28 17:00:00,17.1,2,17.6,3,18.8,4,18.5,4,20.1,3,17.9,4,18.6,3,20.6,4,19.2,4,20.0,3,20.0,3,20.0,3,19.2,3,18.9,3,19.9,3,20.3,2,20.3,2,20.1,1,19.3,2,18.5,2,19.7,1,20.5,1,20.4,2,18.2,2.0,22.5,1,24.0,1,22.0,1,20.3,1,23.1,1,23.1,1,24.1,1,23.8,1,23.7,1,23.2,2,23.7,1
2016-09-28 18:00:00,16.7,3,16.7,3,17.7,5,17.4,4,19.0,2,17.2,4,17.5,3,19.4,4,18.0,3,18.7,3,19.1,3,18.2,2,17.9,2,17.3,2,18.7,3,19.1,2,19.1,2,18.3,1,17.9,2,16.8,2,18.7,1,18.9,1,19.4,2,16.0,1.0,21.2,1,22.3,1,20.3,1,18.5,1,21.9,1,21.8,1,22.2,1,22.2,1,22.1,1,22.5,2,22.5,1
2016-09-28 19:00:00,16.4,3,15.9,4,16.8,5,16.4,5,17.6,2,16.7,4,16.8,3,18.1,4,16.8,3,17.6,2,18.4,2,16.1,1,16.6,2,15.9,2,17.4,3,17.8,2,17.8,1,16.2,1,16.6,2,15.1,2,17.9,1,17.3,1,18.4,2,14.4,1.0,19.8,1,20.8,1,18.7,1,16.7,1,20.6,1,20.6,1,20.5,1,21.0,1,20.5,2,21.8,2,21.3,1
2016-09-28 20:00:00,16.2,4,15.3,4,16.0,5,15.4,4,16.3,2,16.3,4,16.3,4,16.9,5,15.8,2,16.6,2,17.7,2,14.2,1,15.3,2,14.8,2,16.2,3,16.7,2,16.6,1,14.2,1,15.5,1,13.6,2,17.3,1,15.8,1,17.4,2,13.4,1.0,18.5,1,19.5,1,17.3,1,15.2,1,19.4,1,19.5,1,19.2,1,20.1,1,19.2,2,21.2,2,20.2,1
2016-09-28 21:00:00,16.1,5,14.9,4,15.5,5,14.6,5,15.2,2,15.8,4,15.8,4,15.9,6,14.9,2,15.6,2,17.0,2,13.0,2,14.3,2,13.9,2,15.1,3,15.6,2,15.4,1,12.6,2,14.5,2,12.5,2,16.4,2,14.5,2,16.5,2,12.3,1.0,17.3,1,18.4,1,15.9,1,13.9,2,18.1,1,18.5,1,18.2,2,19.2,1,18.0,2,20.6,2,19.3,1
2016-09-28 22:00:00,16.0,5,14.7,4,15.0,5,13.9,5,14.3,3,15.4,4,15.3,4,15.1,5,14.2,2,14.6,3,16.3,2,12.2,2,13.5,2,13.2,2,14.3,3,14.7,2,14.3,2,11.5,2,13.8,2,11.9,2,15.6,2,13.6,2,15.8,2,11.4,2.0,16.4,2,17.6,2,14.7,2,13.1,2,16.9,1,17.6,2,17.5,2,18.4,1,17.0,2,20.2,2,18.7,2
2016-09-28 23:00:00,16.0,5,14.5,5,14.7,5,13.4,5,13.4,3,15.0,4,14.8,4,14.4,4,13.7,2,13.8,3,15.7,3,11.7,2,12.7,3,12.7,3,13.7,3,14.0,3,13.4,2,10.8,2,13.1,2,11.5,3,14.7,3,12.8,2,15.2,2,10.7,2.0,15.6,2,16.8,2,13.7,2,12.7,2,15.9,1,17.0,2,17.0,2,17.7,1,16.1,2,19.8,2,18.3,2
2016-09-29 00:00:00,16.0,6,14.4,5,14.4,5,13.2,5,12.7,3,14.7,5,14.5,5,13.8,4,13.3,2,13.1,3,15.1,3,11.4,2,12.0,3,12.2,3,13.2,4,13.5,4,12.6,2,10.4,3,12.6,3,11.2,3,13.9,3,12.3,3,14.7,3,10.0,2.0,14.8,2,16.1,3,12.8,2,12.5,3,14.9,1,16.4,2,16.6,3,17.1,1,15.2,3,19.5,2,17.9,2
2016-09-29 01:00:00,16.0,6,14.2,5,14.1,5,13.1,5,12.2,4,14.5,5,14.2,5,13.2,4,12.8,3,12.5,3,14.5,3,11.1,3,11.4,4,11.7,3,12.8,5,13.1,4,12.0,3,10.0,3,12.1,3,10.8,3,13.1,4,11.9,3,14.1,3,9.5,2.0,14.1,3,15.4,3,12.1,3,12.4,3,14.1,2,16.0,3,16.3,3,16.5,1,14.3,3,19.2,3,17.5,2
2016-09-29 02:00:00,16.0,6,13.9,5,13.7,6,13.1,5,11.8,4,14.4,5,14.0,5,12.7,4,12.4,3,12.0,4,14.1,3,10.7,3,10.7,5,11.1,3,12.4,5,12.7,5,11.5,4,9.7,4,11.5,3,10.4,4,12.4,4,11.6,3,13.5,3,9.0,2.0,13.3,3,14.7,4,11.6,3,12.2,3,13.3,2,15.6,3,15.9,3,15.9,1,13.3,3,18.8,3,17.0,2
2016-09-29 03:00:00,16.1,6,14.0,6,14.1,3,13.4,6,12.6,2,14.5,6,14.3,6,13.8,6,12.9,2,13.1,2,15.0,2,10.6,2,11.3,1,11.1,2,13.7,4,13.4,2,11.3,1,9.5,1,11.5,1,10.5,2,13.7,1,11.0,1,13.4,2,9.6,1.0,14.3,1,13.6,1,12.0,1,12.7,1,13.1,1,14.2,1,14.9,1,15.8,1,13.4,1,18.7,1,16.3,1
2016-09-29 04:00:00,16.0,6,13.7,7,13.8,4,13.4,6,12.3,2,14.6,6,14.3,6,13.7,6,12.5,2,12.7,2,14.5,2,9.9,2,10.7,1,10.6,1,13.3,5,13.0,2,10.5,1,8.8,1,10.9,1,10.1,2,12.9,1,10.6,2,12.8,2,8.9,1.0,13.4,1,12.6,1,11.2,1,11.9,1,12.1,1,13.4,1,14.0,1,15.2,1,12.5,1,18.0,1,15.6,1
2016-09-29 05:00:00,15.9,6,13.7,7,13.8,4,13.6,6,12.5,2,14.7,6,14.4,6,13.7,6,12.3,2,12.5,2,14.2,3,9.7,1,10.5,1,10.3,1,13.1,6,12.9,2,9.9,1,8.5,1,10.4,1,10.1,2,12.3,1,10.6,2,12.4,2,8.5,1.0,12.9,2,12.1,2,10.7,1,11.4,1,11.5,1,12.9,1,13.5,1,15.0,1,11.9,1,17.4,2,15.2,1
2016-09-29 06:00:00,16.0,6,14.0,7,14.1,4,14.0,6,13.2,2,14.9,6,14.8,5,14.1,6,12.7,3,12.9,3,14.4,3,10.5,1,11.1,1,11.0,1,13.6,6,13.3,2,10.4,1,9.3,1,10.8,1,10.8,2,12.6,1,11.3,2,12.8,2,9.1,1.0,13.5,2,12.6,2,11.1,2,12.2,1,12.0,1,13.5,1,14.1,2,15.7,1,12.4,1,17.7,2,15.7,1
2016-09-29 07:00:00,16.3,6,14.8,6,15.0,4,14.8,6,14.6,2,15.4,5,15.5,5,15.2,5,13.8,3,14.1,3,15.3,3,12.7,1,13.0,1,12.9,1,15.0,6,14.5,2,12.3,1,11.6,1,12.5,1,12.7,2,14.1,1,13.0,2,14.2,2,11.0,1.0,15.6,2,14.6,1,12.8,2,14.8,1,14.0,1,15.4,2,16.1,2,17.5,1,14.5,1,19.2,2,17.4,2
2016-09-29 08:00:00,16.6,6,15.9,6,16.3,3,16.0,6,16.4,3,16.1,5,16.5,4,16.6,4,15.4,2,15.8,3,16.6,3,15.6,1,15.7,1,15.6,2,17.0,5,16.3,2,15.0,1,14.8,1,15.0,1,15.3,2,16.3,1,15.4,2,16.4,1,13.8,1.0,18.6,2,17.5,1,15.3,2,18.3,1,17.1,1,18.1,2,19.0,2,19.9,1,17.6,1,21.3,2,19.8,2
2016-09-29 09:00:00,17.0,6,17.0,6,17.7,3,17.2,5,18.3,3,16.8,5,17.6,4,18.2,3,17.0,2,17.6,3,18.1,3,18.6,2,18.3,1,18.3,2,18.9,5,18.2,2,17.9,1,18.1,1,17.7,1,17.9,1,18.7,1,18.1,1,18.8,1,16.8,1.0,21.8,1,20.6,1,18.2,2,21.6,1,20.3,1,20.6,2,21.9,2,22.3,1,20.9,1,23.1,2,22.1,2
2016-09-29 10:00:00,17.3,6,17.8,5,18.9,4,18.3,5,19.9,3,17.5,6,18.6,4,19.6,4,18.4,2,19.1,2,19.5,3,20.9,2,20.3,1,20.6,2,20.3,4,19.9,2,20.3,1,20.8,1,20.0,2,20.1,1,20.6,1,20.8,1,21.0,1,19.5,2.0,24.4,1,23.2,1,20.9,2,23.8,1,23.0,1,22.2,2,24.1,2,24.2,1,23.6,2,24.0,2,23.8,2
2016-09-29 11:00:00,17.5,6,18.5,5,19.9,5,19.3,5,21.1,2,18.1,6,19.4,4,20.7,5,19.6,2,20.4,2,20.7,2,22.6,2,21.8,1,22.4,2,21.3,3,21.4,2,22.2,1,22.9,1,21.8,2,21.7,1,22.1,1,23.2,1,22.9,1,21.8,2.0,26.3,1,25.1,1,23.1,2,25.2,1,25.1,1,23.1,2,25.6,2,25.5,1,25.6,2,24.2,2,24.9,2
2016-09-29 12:00:00,17.7,6,19.0,4,20.6,5,20.0,6,22.0,2,18.5,6,20.0,4,21.6,6,20.5,2,21.4,2,21.7,2,23.8,2,22.8,2,23.7,1,22.0,2,22.7,2,23.6,2,24.3,1,23.1,2,23.0,1,23.3,1,25.0,1,24.3,1,23.4,2.0,27.6,1,26.5,1,24.7,2,26.0,1,26.5,1,23.5,2,26.5,2,26.3,1,26.9,2,24.0,2,25.4,1
2016-09-29 13:00:00,17.9,6,19.5,4,21.1,5,20.4,6,22.6,2,18.6,7,20.3,4,22.2,6,21.3,2,22.3,2,22.5,2,24.5,2,23.6,2,24.6,1,22.5,2,23.7,2,24.6,2,25.2,1,23.9,2,23.9,1,24.2,1,26.0,2,25.2,1,24.2,2.0,28.3,2,27.3,1,25.5,2,26.7,1,27.2,1,23.7,2,26.9,2,26.5,2,27.4,2,23.8,2,25.5,1
2016-09-29 14:00:00,18.1,6,19.9,4,21.3,5,20.5,6,22.8,3,18.4,7,20.3,5,22.4,5,21.7,2,22.9,2,22.9,2,24.7,2,23.9,2,24.9,1,22.7,2,24.3,2,25.1,2,25.4,2,24.2,2,24.2,1,24.7,1,26.2,2,25.6,1,24.2,2.0,28.5,3,27.5,1,25.6,1,27.0,1,27.3,1,23.6,2,26.8,1,26.2,2,27.1,2,23.7,1,25.3,1
2016-09-29 15:00:00,17.8,6,19.6,6,20.9,5,20.3,5,23.5,3,17.5,7,19.1,7,22.3,5,22.1,3,23.2,3,23.0,4,24.6,2,24.5,2,25.0,2,22.8,3,24.1,2,24.8,2,25.4,2,24.1,2,24.0,2,24.4,1,25.9,1,25.3,1,23.4,2.0,27.4,2,26.0,1,24.8,1,26.0,1,26.4,1,22.9,5,25.3,3,25.0,2,26.1,1,23.6,1,24.6,1
2016-09-29 16:00:00,17.5,6,19.1,6,20.3,6,19.5,6,23.0,2,16.7,7,18.1,6,21.6,5,21.6,3,22.6,3,22.4,3,23.5,3,23.5,2,23.5,2,21.9,3,23.4,2,24.0,2,24.3,2,23.0,2,22.5,2,23.7,1,24.6,1,24.4,1,21.5,1.0,26.2,2,24.7,1,23.3,1,24.7,1,25.3,1,22.1,5,23.8,3,23.7,2,24.6,1,23.2,1,23.7,2
2016-09-29 17:00:00,17.0,7,18.3,6,19.5,6,18.5,6,22.1,2,15.8,7,16.9,6,20.5,4,20.7,3,21.5,3,21.6,3,22.1,3,22.0,3,21.5,2,20.4,3,22.3,2,22.7,2,22.6,2,21.7,2,20.5,1,22.6,1,23.0,1,23.2,1,19.3,1.0,24.5,3,22.9,1,21.3,1,22.9,1,23.8,1,21.1,5,22.0,3,22.1,2,22.9,2,22.7,2,22.8,2
2016-09-29 18:00:00,16.6,6,17.4,6,18.6,6,17.3,6,20.9,2,15.0,7,15.7,6,19.3,4,19.5,3,20.3,2,20.6,2,20.3,3,20.4,3,19.6,2,18.9,3,20.9,2,21.1,2,20.6,1,20.2,2,18.5,1,21.2,1,21.3,1,22.0,1,17.1,1.0,22.7,3,21.1,1,19.3,1,20.7,1,22.3,2,20.2,5,20.3,3,20.7,2,21.1,2,22.0,2,21.9,2
2016-09-29 19:00:00,16.3,6,16.6,6,17.6,6,16.2,5,19.5,2,14.4,7,14.8,6,18.0,4,18.2,2,19.0,2,19.7,2,18.4,3,19.0,3,18.1,2,17.5,3,19.4,2,19.6,2,18.5,1,18.9,2,17.0,1,19.8,1,19.8,1,20.9,1,15.6,1.0,20.9,3,19.6,1,17.7,1,18.6,1,21.0,2,19.5,5,19.0,3,19.6,2,19.6,2,21.3,2,21.1,2
2016-09-29 20:00:00,16.1,5,15.9,5,16.6,7,15.3,4,18.0,2,14.1,7,14.2,6,16.9,5,16.9,2,17.9,2,18.9,2,16.6,2,17.9,2,17.1,2,16.3,4,18.1,2,18.2,2,16.7,1,17.8,2,16.0,1,18.4,1,18.6,1,20.0,2,14.5,1.0,19.4,2,18.4,1,16.4,1,16.7,1,19.9,2,19.0,4,18.1,3,18.8,2,18.3,2,20.6,2,20.4,2
2016-09-29 21:00:00,15.9,5,15.3,5,15.8,6,14.6,4,16.8,2,13.6,7,13.6,6,15.9,5,15.9,2,16.9,2,18.2,2,15.2,2,16.8,2,16.3,2,15.3,4,16.9,2,17.0,2,15.5,2,16.9,2,14.9,1,17.2,1,17.5,2,19.0,2,13.6,1.0,18.2,3,17.2,1,15.0,2,15.2,1,18.9,1,18.6,4,17.4,3,17.9,3,16.9,2,20.0,1,19.7,2
2016-09-29 22:00:00,15.8,4,14.8,5,15.2,6,14.0,4,16.0,2,13.2,6,13.1,6,15.2,5,15.3,2,16.1,2,17.6,2,14.4,3,15.9,2,15.7,2,14.5,4,16.1,3,16.1,2,14.7,2,16.3,2,14.1,1,16.2,1,16.5,2,18.0,1,12.9,1.0,17.4,3,16.3,2,13.9,2,14.3,1,18.0,1,18.1,4,16.9,4,17.2,3,15.6,2,19.5,1,19.1,2
2016-09-29 23:00:00,15.7,3,14.4,5,14.9,6,13.5,5,15.5,2,12.9,6,12.8,6,14.8,5,14.9,2,15.5,2,17.1,2,14.0,3,15.0,2,15.1,2,13.9,5,15.5,3,15.3,2,14.2,2,15.8,2,13.3,1,15.3,2,15.7,2,17.1,1,12.3,2.0,16.9,4,15.5,2,12.9,2,13.8,1,17.3,2,17.6,4,16.5,4,16.5,3,14.5,2,19.2,2,18.5,2
2016-09-30 00:00:00,15.6,3,14.1,5,14.6,6,13.2,5,14.9,2,12.7,6,12.5,6,14.3,5,14.6,3,15.0,2,16.7,2,13.7,4,14.2,3,14.5,2,13.6,5,15.0,4,14.7,3,13.7,3,15.3,2,12.7,1,14.7,2,14.9,2,16.2,1,11.7,2.0,16.5,4,14.9,2,12.2,2,13.7,1,16.7,2,17.2,4,16.4,4,16.0,3,13.6,2,18.9,2,18.0,2
2016-09-30 01:00:00,15.5,3,13.9,5,14.4,6,13.0,5,14.3,3,12.5,6,12.3,6,13.8,5,14.2,3,14.5,3,16.4,3,13.4,4,13.5,4,13.9,2,13.5,6,14.5,4,14.2,4,13.1,4,14.8,2,12.1,1,14.3,3,14.2,3,15.3,1,11.1,2.0,16.1,5,14.5,2,11.7,2,13.8,2,16.3,3,16.8,4,16.3,4,15.6,3,12.7,2,18.7,3,17.6,2
2016-09-30 02:00:00,15.5,4,13.6,5,14.1,6,12.8,5,13.7,4,12.4,6,12.2,6,13.2,5,13.8,4,13.9,3,16.1,3,12.9,5,12.8,5,13.1,3,13.4,6,14.0,5,13.7,4,12.4,5,14.3,3,11.6,1,14.1,4,13.6,3,14.5,1,10.4,2.0,15.7,5,14.2,2,11.4,2,13.8,3,15.9,4,16.3,4,16.2,4,15.3,3,12.1,2,18.4,3,17.3,2
2016-09-30 03:00:00,15.1,5,13.2,6,13.2,7,12.4,6,13.5,4,11.9,4,12.3,6,13.1,7,13.0,4,13.3,5,15.0,5,12.7,3,14.3,2,14.1,2,13.8,6,13.9,5,13.7,5,13.3,3,14.4,2,13.5,2,14.0,5,15.1,2,16.2,2,10.3,1.0,15.4,4,15.1,3,11.2,1,12.8,2,15.9,3,17.5,6,16.6,6,16.1,3,12.6,2,18.1,1,17.7,3
2016-09-30 04:00:00,14.8,5,12.9,7,13.0,7,12.3,6,13.5,5,11.9,5,12.0,7,12.8,7,12.7,5,13.1,5,14.7,5,12.6,4,13.9,2,13.6,2,13.4,6,13.7,5,13.0,5,12.9,3,14.0,2,13.1,1,13.6,5,14.5,2,15.6,2,9.3,1.0,14.8,4,14.7,3,10.6,1,11.9,2,15.3,3,17.3,6,16.4,6,15.9,3,11.8,2,17.5,2,17.2,3
2016-09-30 05:00:00,14.5,5,12.8,7,12.9,6,12.3,6,13.6,5,11.9,6,11.8,7,12.7,7,12.6,6,13.2,6,14.5,6,12.7,5,13.8,2,13.3,2,13.0,7,13.7,6,12.5,6,12.7,3,13.7,2,12.8,1,13.3,6,14.2,3,15.2,2,8.5,1.0,14.4,4,14.5,3,10.3,1,11.4,3,15.0,3,17.3,6,16.4,6,16.1,3,11.4,2,17.1,2,17.0,3
2016-09-30 06:00:00,14.4,4,12.9,6,13.0,6,12.4,6,14.1,6,12.1,7,12.0,7,12.8,7,12.8,7,13.4,7,14.5,7,13.2,5,14.1,3,13.8,2,13.1,7,13.9,6,12.6,6,13.2,3,14.0,3,13.3,2,13.5,6,14.5,4,15.3,2,8.8,1.0,14.8,5,15.1,3,10.7,1,12.1,3,15.5,3,17.8,6,17.0,6,16.8,3,12.0,2,17.5,2,17.4,3
2016-09-30 07:00:00,14.5,4,13.3,6,13.4,6,12.8,6,14.9,7,12.6,6,12.6,6,13.4,6,13.3,7,13.9,7,14.7,7,14.2,6,15.2,3,15.3,3,13.9,7,14.5,6,13.7,6,14.5,4,15.1,3,14.8,2,14.4,6,15.8,3,16.3,2,10.7,1.0,16.2,4,16.8,3,12.3,1,14.4,2,17.0,2,19.1,7,18.4,6,18.4,3,14.0,2,19.0,2,18.8,3
2016-09-30 08:00:00,14.7,4,14.0,6,13.9,6,13.3,6,15.8,7,13.3,5,13.4,5,14.3,6,14.0,7,14.6,7,15.2,7,15.6,6,16.7,4,17.3,3,15.2,7,15.3,6,15.4,6,16.4,5,16.8,4,17.0,3,15.9,5,17.7,2,17.9,2,13.5,1.0,18.3,2,19.1,3,14.7,2,17.6,2,19.2,2,20.7,7,20.3,6,20.4,3,17.0,2,21.0,2,20.8,3
2016-09-30 09:00:00,14.9,4,14.6,6,14.7,6,14.0,6,16.7,7,14.1,4,14.3,5,15.3,5,14.8,7,15.4,7,15.8,7,17.0,6,18.3,5,19.5,4,16.6,7,16.3,6,17.2,6,18.4,6,18.5,4,19.2,4,17.5,5,19.7,2,19.7,2,16.7,1.0,20.6,2,21.4,3,17.3,2,20.8,1,21.5,1,22.1,7,22.2,6,22.3,2,20.2,2,22.8,2,22.7,3
2016-09-30 10:00:00,15.1,4,15.1,6,15.5,6,14.7,6,17.4,7,14.8,4,15.0,4,16.3,5,15.6,7,16.3,7,16.5,7,18.3,6,19.7,6,21.3,4,17.7,7,17.2,6,18.7,6,20.2,6,20.0,5,21.1,4,19.0,5,21.4,2,21.2,2,19.4,1.0,22.6,2,23.2,3,19.7,2,23.2,1,23.5,1,22.8,6,23.6,6,23.7,2,22.9,2,23.7,2,24.1,2
2016-09-30 11:00:00,15.3,4,15.5,6,16.4,6,15.4,6,17.9,7,15.3,4,15.6,3,17.2,4,16.3,7,17.2,7,17.3,7,19.4,6,20.9,6,22.7,5,18.6,7,18.2,6,19.9,6,21.7,6,21.1,5,22.5,3,20.2,5,22.7,2,22.5,2,21.6,1.0,24.2,4,24.5,4,21.7,2,24.9,1,25.0,1,23.0,6,24.6,6,24.6,2,25.0,2,23.9,2,25.0,2
2016-09-30 12:00:00,15.5,4,15.9,6,17.0,6,16.1,6,18.2,7,15.6,5,16.1,2,17.9,4,16.9,7,18.1,7,18.0,7,20.1,7,21.7,7,23.7,5,19.3,7,19.1,7,20.8,6,22.7,5,22.0,5,23.5,2,21.2,5,23.7,3,23.5,2,23.1,1.0,25.3,5,25.4,5,23.2,2,26.0,1,26.1,1,23.1,6,25.2,5,25.1,2,26.3,2,23.8,2,25.4,2
2016-09-30 13:00:00,15.8,4,16.2,5,17.3,6,16.7,5,18.4,6,15.7,4,16.6,3,18.5,4,17.5,7,18.8,7,18.5,7,20.4,7,22.2,7,24.2,5,19.8,7,20.0,7,21.3,6,23.2,6,22.7,6,24.1,2,21.8,5,24.3,3,24.2,2,23.9,1.0,25.8,5,25.9,4,24.0,2,26.6,2,26.6,1,23.2,6,25.5,5,25.3,3,26.8,2,23.7,2,25.5,2
2016-09-30 14:00:00,16.0,4,16.4,5,17.3,6,17.0,5,18.5,6,15.6,4,16.8,3,18.7,4,17.8,7,19.2,7,18.8,7,20.3,7,22.2,7,24.2,6,20.0,7,20.6,7,21.6,7,23.1,6,23.0,6,24.2,3,22.0,5,24.5,2,24.5,2,23.8,1.0,25.8,5,26.0,3,24.0,2,26.6,2,26.7,2,23.3,5,25.3,4,25.1,3,26.4,2,23.5,2,25.3,2
2016-09-30 15:00:00,15.9,4,15.6,6,15.6,6,16.6,4,17.0,7,15.7,4,17.4,3,18.1,6,16.5,7,17.6,7,17.4,7,18.8,7,20.2,7,23.3,5,18.7,7,19.5,7,20.9,6,22.2,6,22.0,5,23.0,3,22.2,5,24.5,3,24.3,2,23.1,2.0,25.2,5,25.0,3,23.3,2,25.5,1,26.4,1,22.8,6,24.2,4,24.4,2,25.4,2,22.8,1,24.5,2
2016-09-30 16:00:00,15.7,4,15.0,5,15.0,5,15.9,4,16.5,7,15.2,4,16.7,3,17.5,5,16.1,7,17.1,7,17.0,7,18.0,7,19.4,7,21.5,6,17.9,6,18.8,7,20.3,6,21.2,6,21.2,5,21.5,3,21.4,5,23.4,3,23.5,2,21.2,2.0,24.1,6,23.9,2,21.9,2,24.0,2,25.5,1,22.2,6,23.1,3,23.4,2,24.0,1,22.6,1,23.8,2
2016-09-30 17:00:00,15.3,3,14.2,4,14.3,3,15.0,3,15.9,7,14.5,4,15.8,2,16.5,5,15.2,6,16.1,6,16.2,6,17.0,7,18.5,6,19.4,6,16.7,4,17.8,7,19.4,6,19.8,6,20.2,5,19.6,3,20.2,5,21.8,3,22.5,3,18.8,2.0,22.6,6,22.6,2,20.2,2,22.1,2,24.4,2,21.4,5,21.8,3,22.1,2,22.2,1,22.3,2,22.9,2
2016-09-30 18:00:00,14.9,3,13.3,3,13.5,3,13.9,3,15.3,7,13.9,4,14.8,2,15.4,4,14.3,6,15.0,6,15.3,6,15.9,7,17.5,6,17.5,6,15.5,4,16.7,6,18.3,6,18.4,6,19.2,5,17.8,4,19.0,5,20.3,3,21.4,3,16.6,2.0,21.1,6,21.1,2,18.4,2,20.1,3,23.1,2,20.7,5,20.5,3,21.0,3,20.6,1,21.8,2,22.0,2
2016-09-30 19:00:00,14.5,3,12.6,4,12.8,3,13.0,3,14.7,7,13.4,4,14.0,3,14.5,4,13.4,6,14.1,6,14.6,6,15.0,6,16.7,5,16.2,6,14.6,4,15.7,6,17.2,5,17.1,6,18.3,5,16.5,4,17.9,5,19.2,3,20.5,3,15.0,2.0,19.8,6,19.8,2,17.0,2,18.5,3,21.9,2,20.2,4,19.5,3,20.3,3,19.3,2,21.1,2,21.2,2
2016-09-30 20:00:00,14.2,4,12.2,5,12.2,5,12.2,3,14.2,7,12.9,4,13.4,3,13.7,4,12.7,6,13.5,5,14.1,6,14.2,6,16.1,5,15.5,6,13.8,5,14.9,5,16.2,5,16.0,7,17.6,6,15.5,5,17.0,5,18.4,3,19.7,4,14.0,2.0,18.8,6,18.7,2,15.9,2,17.2,4,20.9,3,19.9,3,18.7,4,19.8,3,18.2,2,20.4,2,20.5,3
2016-09-30 21:00:00,13.9,4,11.7,5,11.8,5,11.6,4,13.6,7,12.5,4,12.8,4,13.0,4,12.2,6,13.0,5,13.8,6,13.4,5,15.4,5,15.1,6,13.1,5,14.2,5,15.3,5,15.2,6,16.9,6,14.9,5,16.2,5,17.8,3,19.0,4,13.2,2.0,18.0,6,17.8,3,14.9,2,16.2,4,19.9,3,19.5,3,18.0,4,19.2,3,17.0,2,19.8,2,19.8,3
2016-09-30 22:00:00,13.7,4,11.4,6,11.5,5,11.1,4,12.9,7,12.2,4,12.3,4,12.4,5,11.7,6,12.6,5,13.5,5,12.8,5,14.8,5,14.7,6,12.4,5,13.5,5,14.7,5,14.6,6,16.3,6,14.4,5,15.4,5,17.3,3,18.4,4,12.5,2.0,17.4,6,17.2,3,14.0,2,15.4,4,19.0,4,19.1,3,17.4,4,18.6,3,15.9,3,19.4,2,19.3,3
2016-09-30 23:00:00,13.5,4,11.1,6,11.2,5,10.7,4,12.3,7,11.9,4,11.8,4,11.9,5,11.3,6,12.2,5,13.3,5,12.2,5,14.3,5,14.4,6,11.8,5,12.9,5,14.1,5,14.1,6,15.8,6,14.0,5,14.7,5,16.7,4,17.9,4,11.8,2.0,16.9,6,16.7,4,13.4,3,14.9,4,18.1,5,18.7,4,17.0,4,18.1,4,14.9,3,19.1,2,18.8,4
2016-10-01 00:00:00,13.3,5,10.9,6,11.0,5,10.5,4,11.8,7,11.7,4,11.4,4,11.4,5,10.9,5,11.8,5,13.2,5,11.6,5,13.7,5,14.0,6,11.3,5,12.3,5,13.7,5,13.5,6,15.3,6,13.6,5,14.1,5,16.0,5,17.3,4,11.4,3.0,16.3,6,16.4,4,12.9,3,14.5,4,17.4,5,18.3,4,16.7,4,17.6,4,14.1,3,18.9,3,18.5,4
2016-10-01 01:00:00,13.2,5,10.8,6,10.7,6,10.4,5,11.4,7,11.6,5,11.1,5,11.0,5,10.6,5,11.4,5,13.0,5,11.1,6,13.1,5,13.7,6,11.0,6,11.8,5,13.2,6,12.7,6,14.8,6,13.2,6,13.7,6,15.2,5,16.6,5,11.0,3.0,15.7,6,16.2,4,12.6,4,14.3,5,16.8,5,17.7,4,16.5,4,17.2,4,13.5,4,18.8,3,18.2,4
2016-10-01 02:00:00,13.1,5,10.7,6,10.5,6,10.3,5,11.0,7,11.5,5,10.8,5,10.5,5,10.3,5,11.0,5,12.8,5,10.7,6,12.5,5,13.4,6,10.7,6,11.4,5,12.7,6,11.8,5,14.4,6,12.9,6,13.3,6,14.3,5,15.8,5,10.7,4.0,15.0,6,15.9,5,12.4,5,14.3,5,16.3,5,17.2,4,16.4,5,16.8,4,13.1,4,18.6,4,18.0,4
2016-10-01 03:00:00,13.0,6,10.7,6,10.1,6,10.6,6,10.4,6,11.4,5,10.9,5,10.6,6,9.8,6,10.1,6,11.5,6,10.7,7,12.5,7,12.9,7,10.6,6,10.6,7,12.0,7,11.3,7,14.0,7,12.8,4,12.1,7,14.3,6,16.0,5,10.3,3.0,14.3,7,15.4,7,11.9,4,14.4,6,16.3,7,17.5,7,16.6,7,17.7,6,13.8,7,18.6,6,18.2,5
2016-10-01 04:00:00,12.7,6,10.4,7,9.8,6,10.4,6,10.4,6,11.2,6,10.6,5,10.3,7,9.3,6,9.6,6,11.0,6,10.5,7,12.4,7,12.7,7,10.2,6,10.2,7,11.3,7,11.0,7,13.9,7,12.7,4,11.8,7,14.1,7,16.0,5,10.0,4.0,13.8,7,15.3,7,11.9,5,14.2,6,16.0,7,17.3,7,16.6,7,17.8,6,13.7,6,18.3,6,17.9,5
2016-10-01 05:00:00,12.4,7,10.1,7,9.6,6,10.3,6,10.7,5,11.0,6,10.4,6,10.1,7,9.0,6,9.3,6,10.7,6,10.4,7,12.4,7,12.7,7,9.8,7,10.0,6,10.7,7,10.9,7,13.9,7,12.8,3,11.7,7,13.9,7,16.0,5,9.9,5.0,13.5,7,15.3,7,12.2,6,14.1,5,15.8,7,17.2,7,16.7,7,18.1,6,13.9,7,18.2,6,17.8,6
2016-10-01 06:00:00,12.2,7,10.2,7,9.8,6,10.5,6,11.3,5,11.1,6,10.6,6,10.2,7,9.1,6,9.5,6,10.7,5,10.7,7,12.7,7,13.1,7,10.0,7,10.1,6,10.5,7,11.2,7,14.1,7,13.2,3,11.7,7,14.0,7,16.1,6,10.3,5.0,13.6,7,15.8,7,12.7,6,14.1,5,15.9,7,17.5,7,17.1,7,18.7,6,14.8,7,18.5,7,18.3,6
2016-10-01 07:00:00,12.2,7,10.7,7,10.7,6,11.0,7,12.3,5,11.6,6,11.2,6,11.0,6,9.9,6,10.4,5,11.3,5,11.6,7,13.2,7,14.0,7,11.0,6,10.8,5,11.2,6,12.1,7,14.4,7,13.9,4,12.0,7,14.3,7,16.2,7,11.3,6.0,14.4,7,16.8,7,13.6,6,14.3,5,16.3,7,18.3,7,17.8,7,19.6,6,16.4,7,19.6,7,19.5,6
2016-10-01 08:00:00,12.3,7,11.5,7,11.9,6,11.8,7,13.4,6,12.4,5,12.1,6,12.2,6,11.0,6,11.7,5,12.3,6,12.8,7,13.9,7,15.1,7,12.7,6,11.8,5,12.5,5,13.3,6,14.8,7,14.8,4,12.6,7,14.9,7,16.3,7,12.8,6.0,15.6,7,18.0,7,14.7,6,14.8,6,17.0,7,19.3,7,18.7,7,20.7,7,18.3,7,20.9,7,21.0,6
2016-10-01 09:00:00,12.5,7,12.4,7,13.3,5,12.6,7,14.5,6,13.3,4,13.0,5,13.5,5,12.3,6,13.1,6,13.4,6,14.1,7,14.7,7,16.1,7,14.5,6,13.2,5,13.9,5,14.6,6,15.1,7,15.7,5,13.4,7,15.6,7,16.6,7,14.4,6.0,16.8,7,19.2,7,16.0,6,15.3,7,17.7,7,20.1,7,19.6,7,21.6,7,20.1,7,22.0,7,22.4,6
2016-10-01 10:00:00,12.9,7,13.2,7,14.5,5,13.4,7,15.4,6,14.1,4,13.8,5,14.7,6,13.4,6,14.4,6,14.5,6,15.2,7,15.4,7,16.7,7,16.1,6,14.7,5,15.1,5,15.7,6,15.3,7,16.5,5,14.3,6,16.4,7,17.1,7,15.8,6.0,17.7,7,20.0,7,17.3,6,15.9,7,18.4,7,20.5,7,20.3,7,22.2,6,21.5,7,22.4,6,23.4,5
2016-10-01 11:00:00,13.3,7,14.0,7,15.3,5,14.1,6,16.1,6,14.8,4,14.4,4,15.8,6,14.3,7,15.5,6,15.4,6,16.1,7,16.0,7,17.1,7,17.3,6,16.1,6,16.0,5,16.6,6,15.4,7,17.1,5,15.3,6,17.1,7,17.6,7,17.0,6.0,18.4,7,20.6,7,18.5,7,16.6,7,19.0,7,20.7,7,20.8,7,22.5,6,22.4,7,22.3,6,24.0,5
2016-10-01 12:00:00,13.7,7,14.5,6,15.9,5,14.7,6,16.6,6,15.2,4,14.9,4,16.7,6,15.0,7,16.3,7,16.2,7,16.8,7,16.6,7,17.5,7,18.2,6,17.2,6,16.7,5,17.3,6,15.8,7,17.6,5,16.1,5,17.7,7,18.1,7,17.8,7.0,18.9,6,21.0,7,19.3,7,17.2,7,19.6,7,20.7,7,21.3,7,22.7,6,22.9,7,22.0,6,24.2,5
2016-10-01 13:00:00,14.0,6,14.8,6,16.1,5,15.1,7,16.9,6,15.3,3,15.2,4,17.3,6,15.6,7,16.8,7,16.7,7,17.2,7,17.1,7,18.0,7,18.7,6,17.9,6,17.2,6,17.7,6,16.5,7,17.9,5,16.7,5,18.1,7,18.4,7,18.2,7.0,19.3,6,21.4,7,19.6,7,17.7,7,20.1,7,20.8,6,21.7,7,23.0,6,23.1,7,21.8,6,24.2,5
2016-10-01 14:00:00,14.2,6,14.9,6,15.9,6,15.3,7,16.9,6,15.1,3,15.3,4,17.6,5,15.8,7,17.0,6,16.8,6,17.3,6,17.3,7,18.3,7,18.8,6,18.1,6,17.3,6,17.8,5,17.1,7,18.0,6,16.9,5,18.2,6,18.5,7,18.0,7.0,19.5,6,21.6,7,19.4,7,18.0,7,20.4,7,20.8,6,22.0,7,23.1,7,22.9,7,21.5,6,23.9,5
2016-10-01 15:00:00,15.1,3,15.4,4,16.2,7,15.3,5,17.5,5,14.5,2,15.4,4,17.2,4,16.7,5,17.6,5,17.6,5,17.1,4,17.2,7,17.9,6,17.7,3,17.8,5,17.4,5,17.6,4,17.5,6,17.1,7,16.4,6,17.8,6,18.1,7,16.7,7.0,19.3,6,22.1,7,18.0,7,17.7,7,20.1,7,21.9,7,22.4,6,22.8,6,22.0,6,20.8,6,23.0,6
2016-10-01 16:00:00,14.8,3,14.5,4,15.3,7,14.5,4,16.7,6,13.7,2,14.7,4,16.4,4,15.8,5,16.6,6,16.6,6,16.3,5,16.4,5,16.8,5,16.7,3,16.9,5,16.8,5,17.0,5,16.8,6,16.0,7,15.7,6,17.0,6,17.6,7,15.6,7.0,18.7,6,21.2,7,17.5,6,17.1,7,19.5,7,21.3,7,21.4,6,21.8,5,21.1,6,20.7,6,22.1,6
2016-10-01 17:00:00,14.3,3,13.3,4,14.0,6,13.4,3,15.6,6,12.7,2,13.7,3,15.2,4,14.6,5,15.3,6,15.4,6,15.1,6,15.2,4,15.3,4,15.4,3,15.8,5,16.0,6,16.1,5,15.5,6,14.5,7,14.8,6,15.9,5,16.8,7,14.1,7.0,17.8,5,20.0,7,16.8,6,16.1,6,18.7,7,20.4,7,20.1,6,20.5,4,19.9,6,20.6,6,21.2,6
2016-10-01 18:00:00,13.8,3,12.3,4,12.8,6,12.4,2,14.5,6,11.8,2,12.7,3,14.0,4,13.3,5,14.0,5,14.3,5,13.8,6,14.1,3,13.8,4,14.1,3,14.6,4,15.0,6,14.9,5,14.3,6,13.3,7,13.9,6,14.9,5,15.9,7,12.8,7.0,16.9,5,18.6,7,16.0,6,15.1,6,17.8,6,19.5,6,18.8,6,19.3,4,18.8,6,20.3,6,20.4,6
2016-10-01 19:00:00,13.3,3,11.6,3,11.8,5,11.6,2,13.5,6,11.1,2,11.9,2,12.9,4,12.3,4,12.9,4,13.6,4,12.5,6,13.3,3,12.9,4,13.0,2,13.6,3,14.1,6,13.6,5,13.4,5,12.7,6,13.1,6,14.1,5,15.1,7,12.0,7.0,16.0,5,17.4,6,15.2,5,14.3,5,17.1,6,18.8,6,17.7,6,18.6,4,18.0,5,19.9,5,19.8,6
2016-10-01 20:00:00,12.9,3,11.2,3,11.1,4,11.1,2,12.8,5,10.6,2,11.3,2,11.9,3,11.4,3,12.1,3,13.1,3,11.4,5,12.7,4,12.4,4,12.1,2,12.8,2,13.2,5,12.3,4,12.9,5,12.5,6,12.5,5,13.5,4,14.5,7,11.7,6.0,15.3,5,16.4,5,14.4,5,13.6,5,16.6,6,18.1,6,16.9,6,18.2,5,17.4,5,19.4,4,19.4,5
2016-10-01 21:00:00,12.6,4,10.7,3,10.5,3,10.6,2,12.1,5,10.1,2,10.8,2,11.1,2,10.7,3,11.4,3,12.6,3,10.6,5,12.2,4,11.7,4,11.2,2,12.0,2,12.3,5,11.4,3,12.5,5,12.0,6,11.9,5,13.0,4,14.1,7,11.2,6.0,14.7,5,15.5,5,13.7,5,13.1,5,16.0,5,17.5,6,16.2,6,17.6,5,16.8,4,19.0,3,18.9,5
2016-10-01 22:00:00,12.4,4,10.4,3,10.0,3,10.2,3,11.6,5,9.7,2,10.4,2,10.5,2,10.2,3,10.8,4,12.1,3,10.2,5,11.8,4,11.2,5,10.5,2,11.2,1,11.6,5,10.6,3,12.3,5,11.6,6,11.3,5,12.5,4,13.9,6,10.9,6.0,14.2,5,14.8,5,13.1,4,12.7,5,15.4,5,16.9,6,15.7,6,17.0,5,16.2,4,18.7,3,18.5,5
2016-10-01 23:00:00,12.2,4,10.1,3,9.7,3,9.9,3,11.1,5,9.4,3,10.1,2,10.0,2,9.8,3,10.3,4,11.8,3,10.1,5,11.4,5,10.8,5,9.9,3,10.7,1,11.0,5,10.1,3,12.1,5,11.2,6,10.9,6,12.1,4,13.7,6,10.6,6.0,13.8,5,14.3,4,12.6,4,12.5,5,14.9,4,16.3,5,15.4,6,16.4,5,15.6,4,18.5,3,18.0,5
2016-10-02 00:00:00,12.0,4,9.9,3,9.5,4,9.7,3,10.6,6,9.2,3,9.9,2,9.5,2,9.5,3,10.0,4,11.6,3,9.9,5,10.9,5,10.4,5,9.4,3,10.2,2,10.5,5,9.6,3,11.8,6,10.9,6,10.5,6,11.6,4,13.5,6,10.4,6.0,13.4,5,13.8,4,12.3,4,12.3,5,14.4,4,15.9,5,15.1,5,15.9,5,15.0,4,18.4,3,17.6,5
2016-10-02 01:00:00,11.9,5,9.7,4,9.3,4,9.5,4,10.1,6,9.1,4,9.6,3,9.1,3,9.3,4,9.7,4,11.4,4,9.6,5,10.4,5,10.1,5,9.1,4,9.9,3,10.2,5,9.1,4,11.5,6,10.6,6,10.3,6,11.2,5,13.1,6,10.1,6.0,13.0,5,13.5,5,12.0,4,12.3,5,14.0,4,15.6,5,15.0,5,15.5,5,14.5,4,18.3,3,17.2,5
2016-10-02 02:00:00,11.8,5,9.6,4,9.2,5,9.4,4,9.5,6,9.1,4,9.4,3,8.6,3,9.2,4,9.5,5,11.3,4,9.1,5,9.8,5,9.9,5,9.0,5,9.7,4,9.8,5,8.6,4,11.1,6,10.3,6,10.1,6,10.7,5,12.6,6,9.9,5.0,12.6,5,13.2,5,11.8,5,12.1,5,13.6,4,15.2,5,14.8,5,15.2,5,14.0,4,18.2,4,16.8,5
2016-10-02 03:00:00,12.1,5,10.2,5,9.7,4,9.9,2,9.6,4,8.4,2,8.6,2,8.6,2,8.8,2,9.2,2,10.5,2,8.8,3,10.1,6,10.7,5,8.5,2,8.8,2,8.8,3,8.1,4,11.2,6,10.8,6,9.6,6,10.4,5,12.5,6,10.9,6.0,12.5,5,13.4,4,11.5,3,12.1,4,13.9,7,14.8,4,14.6,4,15.6,3,13.0,2,17.8,2,16.8,5
2016-10-02 04:00:00,11.8,5,9.9,5,9.3,4,9.4,2,9.4,4,8.1,2,8.1,3,8.0,2,8.3,2,8.6,2,9.9,3,8.1,3,9.6,5,10.5,5,7.8,2,8.1,2,7.9,3,7.4,3,10.7,6,10.7,6,9.1,6,9.9,6,12.2,7,10.4,6.0,12.0,5,12.8,4,11.0,3,11.6,5,13.6,6,14.2,3,14.1,3,15.3,3,12.6,2,17.3,2,16.4,6
2016-10-02 05:00:00,11.6,5,9.7,5,9.1,4,8.9,2,9.4,4,8.0,3,7.8,3,7.6,2,7.9,3,8.2,3,9.5,3,7.7,3,9.4,5,10.4,5,7.1,3,7.6,3,7.1,3,7.0,2,10.3,5,10.7,7,8.7,6,9.6,6,12.0,7,10.0,6.0,11.7,6,12.5,3,10.6,3,11.4,5,13.4,6,13.9,3,13.8,3,15.4,2,12.4,2,17.0,2,16.1,6
2016-10-02 06:00:00,11.5,5,9.8,5,9.2,4,9.0,2,9.9,4,8.5,4,8.1,4,7.7,2,8.1,3,8.4,3,9.6,3,7.9,4,9.6,5,10.8,6,7.3,3,7.7,3,7.1,2,7.4,2,10.4,4,11.0,7,8.7,5,9.7,6,12.1,7,10.0,7.0,11.9,6,12.8,3,10.9,2,11.7,6,13.6,6,14.2,3,14.1,3,15.9,2,13.1,2,17.4,2,16.5,6
2016-10-02 07:00:00,11.7,5,10.3,5,9.9,4,9.9,2,10.8,5,9.8,3,9.3,3,8.7,3,9.0,3,9.4,3,10.4,3,9.1,4,10.5,5,11.7,5,8.7,3,8.7,3,8.2,2,8.7,2,11.1,4,11.6,7,9.4,5,10.5,5,12.5,6,10.4,7.0,12.9,6,14.0,3,12.0,2,12.7,5,14.3,5,15.5,4,15.3,4,17.1,2,14.8,2,18.7,2,17.7,7
2016-10-02 08:00:00,12.2,4,11.2,5,11.1,5,11.3,2,11.9,5,11.5,2,11.0,3,10.3,3,10.4,3,10.9,3,11.8,3,10.9,4,11.8,5,13.0,5,11.0,3,10.2,3,10.1,2,10.5,2,12.3,4,12.4,7,10.6,5,11.7,5,13.0,6,11.3,7.0,14.4,5,15.7,4,13.8,2,14.2,5,15.5,5,17.3,4,17.1,5,18.6,2,17.3,2,20.6,2,19.4,6
2016-10-02 09:00:00,12.7,4,12.2,5,12.4,5,12.8,2,13.1,6,13.2,2,12.8,3,12.3,3,11.9,3,12.6,3,13.2,3,12.7,4,13.2,5,14.3,5,13.4,2,12.1,4,12.1,2,12.5,2,13.5,4,13.4,6,11.9,5,13.1,4,13.8,5,12.4,6.0,16.0,5,17.4,4,15.8,2,15.6,5,16.7,4,19.1,5,19.0,5,20.1,3,19.9,2,22.2,2,21.0,6
2016-10-02 10:00:00,13.2,4,13.1,5,13.6,5,14.1,2,14.1,6,14.5,1,14.2,3,14.3,3,13.2,3,14.0,3,14.4,3,14.2,4,14.4,6,15.5,5,15.4,2,13.9,4,13.8,2,14.2,3,14.5,4,14.4,6,13.2,5,14.5,4,14.7,5,13.8,6.0,17.3,5,18.8,4,17.8,2,16.7,5,17.9,4,20.5,5,20.5,6,21.2,3,22.3,2,23.1,2,22.2,6
2016-10-02 11:00:00,13.6,4,14.0,5,14.6,6,15.2,3,14.8,7,15.3,2,15.3,3,16.0,3,14.2,4,15.2,4,15.4,4,15.3,5,15.3,6,16.4,5,16.9,2,15.5,4,15.1,3,15.6,3,15.4,4,15.3,6,14.3,5,15.8,4,15.5,5,15.1,5.0,18.4,6,19.9,5,19.5,2,17.4,5,18.9,4,21.4,5,21.7,6,22.0,4,24.2,2,23.4,2,22.8,6
2016-10-02 12:00:00,14.0,4,14.6,4,15.3,6,16.0,3,15.4,7,15.8,2,16.1,3,17.3,3,14.9,4,16.0,4,16.0,4,16.0,5,16.0,7,17.0,5,18.0,2,16.8,4,16.1,3,16.6,4,16.0,4,16.1,6,15.3,4,16.8,4,16.3,4,16.4,4.0,19.2,5,20.8,5,20.7,2,18.1,5,19.8,4,22.0,5,22.6,5,22.6,4,25.5,2,23.5,2,23.2,6
2016-10-02 13:00:00,14.3,4,15.0,4,15.6,6,16.5,3,15.8,6,16.0,2,16.6,3,18.0,3,15.4,4,16.5,4,16.3,4,16.5,5,16.4,6,17.3,5,18.7,2,17.6,4,16.8,4,17.2,4,16.5,4,16.7,5,16.1,3,17.4,4,16.9,4,17.3,4.0,19.9,5,21.4,4,21.3,2,18.7,5,20.5,4,22.2,5,23.3,5,23.1,4,26.0,2,23.5,2,23.3,6
2016-10-02 14:00:00,14.5,3,15.0,3,15.6,6,16.6,4,15.9,6,15.8,2,16.8,3,18.2,3,15.6,4,16.6,4,16.3,5,16.5,5,16.5,6,17.3,5,18.8,2,18.0,4,17.1,4,17.4,3,16.6,4,16.9,5,16.6,3,17.5,5,17.1,4,17.6,4.0,20.3,3,21.7,3,21.3,2,19.1,5,21.0,4,22.1,5,23.5,5,23.2,4,25.8,2,23.5,2,23.2,6
2016-10-02 15:00:00,13.8,3,14.4,3,15.2,5,16.1,2,15.9,6,15.0,2,16.0,2,17.3,2,15.4,5,16.3,5,16.2,5,15.8,4,15.4,5,16.8,4,18.2,2,17.6,4,16.8,3,16.8,4,16.2,5,16.2,4,16.6,3,17.1,6,17.2,4,17.5,4.0,20.2,2,21.8,2,21.2,2,18.7,4,20.7,2,22.1,2,22.8,2,23.3,1,25.9,1,23.9,1,23.3,5
2016-10-02 16:00:00,13.6,2,13.7,2,14.4,5,15.2,2,15.3,5,14.3,2,15.1,3,16.5,3,14.8,4,15.5,4,15.5,4,14.8,4,14.7,5,15.6,3,17.2,2,16.9,3,16.1,2,15.8,4,15.3,4,14.9,3,16.0,3,16.3,5,16.5,3,15.8,4.0,19.7,2,20.7,2,19.8,2,18.1,4,20.3,2,21.3,2,21.9,2,22.3,1,24.4,1,23.5,1,22.8,4
2016-10-02 17:00:00,13.4,2,12.8,2,13.4,4,13.9,3,14.3,4,13.4,2,13.9,3,15.4,3,13.9,3,14.4,3,14.7,3,13.5,3,13.8,4,14.0,3,15.9,2,15.9,2,15.0,2,14.4,3,14.1,3,13.2,3,15.0,2,15.2,4,15.6,2,13.6,4.0,18.8,2,19.3,2,18.0,1,17.0,4,19.6,2,20.2,2,20.6,2,21.0,1,22.7,1,22.9,1,22.2,3
2016-10-02 18:00:00,13.2,2,11.8,2,12.3,3,12.6,3,13.1,4,12.6,2,12.8,3,14.2,3,12.8,2,13.2,2,13.8,2,11.9,3,12.7,4,12.5,3,14.5,2,14.7,2,13.8,2,12.7,3,12.8,2,11.7,2,14.0,2,14.0,3,14.5,2,11.6,4.0,17.6,2,17.8,2,16.4,1,15.8,3,18.7,2,19.1,2,19.2,1,19.8,1,21.0,1,22.2,1,21.3,3
2016-10-02 19:00:00,12.9,2,11.0,2,11.4,2,11.4,2,11.9,3,11.9,2,11.9,2,13.0,2,11.7,2,12.2,2,13.1,2,10.3,2,11.7,4,11.4,3,13.2,2,13.3,1,12.7,1,10.8,2,11.6,1,10.8,2,13.2,1,12.8,2,13.5,1,10.4,3.0,16.4,2,16.6,1,15.3,1,14.5,3,17.8,2,18.3,1,17.9,1,18.8,1,19.8,1,21.6,1,20.3,2
2016-10-02 20:00:00,12.7,2,10.3,2,10.6,2,10.5,2,10.9,3,11.2,3,11.3,2,11.9,2,10.7,2,11.3,2,12.6,2,8.8,2,10.9,4,10.7,3,12.1,2,11.9,2,11.6,1,9.1,2,10.6,1,10.3,2,12.6,1,11.8,3,12.7,1,9.9,3.0,15.2,2,15.6,1,14.5,1,13.4,2,16.8,2,17.6,1,16.8,1,18.1,1,19.0,1,21.0,1,19.3,2
2016-10-02 21:00:00,12.4,2,9.8,2,9.9,2,9.8,2,10.1,2,10.7,4,10.8,2,10.9,2,9.8,2,10.5,2,12.1,2,7.9,2,10.3,4,10.0,3,11.1,2,10.8,2,10.6,1,7.8,2,9.8,2,9.7,2,12.1,1,10.9,3,11.9,2,9.5,3.0,14.3,2,14.7,1,13.6,1,12.6,3,16.0,2,16.9,2,15.9,2,17.2,1,17.8,1,20.4,2,18.5,2
2016-10-02 22:00:00,12.2,2,9.5,2,9.4,3,9.4,3,9.7,3,10.4,4,10.5,2,10.1,2,9.1,2,9.7,2,11.6,2,7.3,2,9.7,4,9.3,3,10.2,2,9.8,2,9.7,2,7.0,2,9.2,2,9.1,3,11.5,1,10.2,3,11.3,2,9.3,3.0,13.6,2,14.0,2,12.8,2,12.2,3,15.3,2,16.3,2,15.1,2,16.3,2,16.6,1,19.9,2,17.8,2
2016-10-02 23:00:00,12.1,3,9.3,2,9.0,3,9.1,3,9.5,3,10.2,4,10.3,2,9.6,2,8.5,2,9.1,2,11.2,2,7.0,3,9.2,4,8.7,4,9.5,2,9.2,2,8.9,2,6.5,2,8.8,2,8.5,3,11.0,1,9.7,3,10.8,2,9.1,3.0,13.2,3,13.4,2,12.1,2,12.1,3,14.6,3,15.7,2,14.5,2,15.5,2,15.4,1,19.4,2,17.3,3
2016-10-03 00:00:00,12.0,3,9.1,3,8.7,4,9.0,3,9.2,4,10.2,4,9.9,2,9.2,2,8.1,2,8.6,2,10.7,2,6.9,3,8.7,4,8.2,4,9.1,2,8.7,3,8.2,2,6.2,2,8.6,2,8.0,4,10.5,1,9.2,3,10.3,3,8.8,4.0,12.8,3,12.9,2,11.5,2,12.1,4,13.9,3,15.1,3,14.1,2,14.9,3,14.2,1,19.0,2,16.9,3
2016-10-03 01:00:00,12.0,3,8.9,3,8.5,4,8.9,4,8.6,4,10.3,4,9.4,2,9.0,2,7.8,2,8.1,2,10.2,2,6.6,4,8.1,5,7.6,5,9.1,2,8.4,3,7.7,2,6.0,2,8.3,3,7.5,4,10.1,1,8.8,4,9.9,3,8.5,4.0,12.4,4,12.6,2,11.0,2,12.2,4,13.1,4,14.6,3,13.8,3,14.3,3,13.1,1,18.6,2,16.5,3
2016-10-03 02:00:00,11.9,4,8.7,3,8.2,5,8.7,4,7.9,5,10.4,4,8.8,2,8.9,2,7.5,3,7.8,2,9.7,3,6.2,5,7.4,5,7.2,5,9.2,2,8.1,3,7.2,2,5.6,2,8.1,3,7.0,5,9.6,1,8.3,4,9.5,3,8.1,4.0,11.9,4,12.3,2,10.6,3,12.2,5,12.2,4,14.1,3,13.6,3,13.9,3,12.0,1,18.2,3,16.1,4
2016-10-03 03:00:00,11.9,2,8.3,1,8.1,1,8.2,2,7.3,2,10.1,2,9.8,2,9.0,2,7.1,1,7.1,1,9.6,1,5.5,2,7.9,2,8.2,3,9.4,1,8.2,2,7.1,1,5.2,2,7.9,1,8.2,2,9.4,1,7.6,1,9.5,1,7.5,2.0,11.8,1,12.2,1,10.7,1,12.1,1,12.2,1,13.8,1,13.5,1,13.7,1,13.3,1,17.7,1,15.7,2
2016-10-03 04:00:00,11.6,2,7.9,1,7.7,1,7.7,2,6.7,2,10.0,2,9.8,2,8.4,2,6.5,1,6.4,2,9.0,1,4.7,2,7.0,3,7.5,3,8.9,2,7.7,2,6.1,2,4.4,2,7.3,1,7.5,3,8.7,2,7.0,2,9.0,2,6.7,2.0,11.2,1,11.4,1,10.0,1,11.3,2,11.3,1,12.9,1,12.8,1,13.3,1,12.5,1,17.0,1,14.9,2
2016-10-03 05:00:00,11.4,2,7.7,1,7.4,1,7.3,3,6.5,2,10.0,2,9.9,2,8.1,2,6.1,1,6.0,2,8.6,1,4.2,3,6.3,4,7.1,3,8.6,2,7.4,2,5.4,2,4.0,2,7.0,1,6.9,4,8.3,2,6.7,2,8.8,2,6.1,2.0,10.9,2,11.0,1,9.4,1,10.8,2,10.8,1,12.2,1,12.3,1,13.3,1,12.0,1,16.6,1,14.4,2
2016-10-03 06:00:00,11.5,2,8.1,1,7.8,1,7.6,4,7.0,2,10.5,2,10.4,2,8.4,2,6.6,1,6.5,2,8.9,1,4.8,3,6.5,4,7.4,3,9.1,2,7.8,2,5.6,2,4.6,2,7.2,1,7.0,4,8.5,2,7.1,2,9.0,2,6.3,2.0,11.4,2,11.4,1,9.5,1,11.4,2,11.1,1,12.4,1,12.7,1,13.9,1,12.6,1,17.0,2,14.7,2
2016-10-03 07:00:00,12.0,2,9.3,1,9.1,1,8.8,4,8.6,1,11.7,2,11.5,2,9.8,2,8.2,1,8.1,1,10.1,1,6.9,2,8.0,5,8.8,3,10.8,2,9.1,1,7.3,2,6.7,2,8.4,2,8.0,4,9.8,1,8.5,2,9.9,2,7.6,2.0,13.0,2,13.0,1,10.8,1,13.5,2,12.7,1,14.0,1,14.3,1,15.2,1,14.6,1,18.6,2,16.1,2
2016-10-03 08:00:00,12.9,2,11.0,1,11.1,1,10.8,3,10.7,1,13.4,2,12.9,2,11.9,2,10.5,1,10.4,1,11.9,1,9.8,2,10.3,4,10.8,3,13.1,2,11.0,1,9.9,1,9.6,1,10.2,2,9.7,3,11.7,1,10.5,2,11.4,2,9.7,2.0,15.4,1,15.4,1,12.9,1,16.4,2,15.1,1,16.4,1,16.5,1,17.0,1,17.5,1,20.9,2,18.3,2
2016-10-03 09:00:00,13.8,2,12.8,2,13.2,2,12.9,2,12.9,1,15.1,1,14.5,2,14.2,1,12.8,2,12.8,2,13.9,2,12.7,2,12.6,4,13.0,3,15.6,2,13.2,1,12.7,1,12.6,1,12.2,2,11.6,2,13.8,1,12.7,1,13.1,2,12.1,1.0,17.9,1,17.8,1,15.4,1,19.2,2,17.7,1,18.8,1,18.8,1,18.9,1,20.4,1,22.8,2,20.4,2
2016-10-03 10:00:00,14.6,2,14.4,2,15.1,2,14.9,2,14.6,1,16.5,2,15.9,2,16.3,1,14.6,2,14.8,2,15.6,2,14.9,1,14.2,3,14.8,3,17.6,1,15.4,1,15.0,1,15.1,1,14.1,2,13.2,2,15.6,1,14.7,1,14.8,1,14.4,2.0,20.0,1,19.6,1,17.7,1,21.1,1,20.0,1,20.6,1,20.6,1,20.5,1,22.7,2,23.8,2,22.0,2
2016-10-03 11:00:00,15.3,2,15.7,2,16.5,2,16.6,2,15.9,2,17.5,2,17.2,2,18.0,2,15.8,2,16.5,2,16.9,2,16.3,1,15.3,3,16.1,3,19.2,1,17.3,2,16.7,1,16.9,1,15.6,2,14.6,2,17.1,1,16.4,1,16.4,1,16.4,2.0,21.7,1,20.9,1,19.7,1,22.3,1,21.9,1,21.7,1,21.9,1,21.7,1,24.3,2,24.1,2,23.1,2
2016-10-03 12:00:00,15.8,2,16.6,2,17.5,2,17.8,2,16.7,2,18.1,2,18.1,2,19.3,2,16.8,2,17.7,2,17.9,2,17.2,1,16.0,2,17.1,3,20.2,1,18.8,2,17.9,1,18.2,1,16.8,2,15.6,2,18.3,1,17.7,1,17.6,1,17.8,2.0,22.9,1,21.8,1,21.3,1,23.3,2,23.4,1,22.4,1,22.8,1,22.7,1,25.4,3,24.0,2,23.7,2
2016-10-03 13:00:00,16.1,2,17.1,2,18.0,2,18.5,2,17.2,2,18.4,2,18.7,2,20.0,2,17.5,2,18.6,2,18.4,2,17.7,1,16.6,2,17.7,3,20.8,1,19.7,1,18.7,1,18.9,1,17.5,1,16.3,2,19.3,1,18.6,1,18.3,1,18.5,2.0,23.7,1,22.4,1,22.3,1,24.3,2,24.5,1,22.7,1,23.5,1,23.4,1,26.0,3,24.0,2,23.9,2
2016-10-03 14:00:00,16.3,2,17.2,2,17.9,2,18.7,2,17.3,2,18.4,2,18.9,2,20.3,2,17.9,2,19.0,2,18.5,2,17.8,1,16.9,2,17.9,2,20.9,2,20.0,1,19.1,1,19.0,1,17.7,1,16.5,2,19.9,1,19.0,1,18.4,1,18.4,1.0,23.9,1,22.7,1,22.5,1,25.0,3,25.2,1,22.7,1,23.8,1,23.8,1,26.0,2,23.9,2,23.8,2
2016-10-03 15:00:00,15.5,2,16.2,3,17.3,3,18.1,2,17.2,2,17.5,2,18.3,2,19.7,1,17.6,2,18.2,2,18.2,2,17.3,1,15.9,3,16.5,4,20.4,1,19.6,1,18.4,3,18.2,2,16.9,2,15.7,4,19.1,1,17.6,1,17.5,1,16.9,1.0,23.4,1,22.1,1,21.4,1,24.0,3,24.8,1,22.2,1,22.8,1,22.8,1,25.3,1,23.6,1,23.0,2
2016-10-03 16:00:00,15.2,2,15.2,2,16.1,2,17.4,2,16.3,2,16.6,2,17.6,2,18.9,1,16.8,1,17.2,1,17.4,1,16.1,1,15.0,3,15.3,4,19.6,1,18.8,1,17.7,2,17.0,1,16.0,1,14.3,4,18.3,1,16.8,1,16.7,1,15.3,1.0,22.7,2,21.1,1,20.0,1,22.9,3,24.1,1,21.2,1,21.7,1,21.9,1,23.8,1,23.0,1,22.5,2
2016-10-03 17:00:00,14.8,2,14.1,2,14.6,2,16.4,2,15.0,1,15.5,2,16.6,3,17.7,2,15.7,1,16.0,1,16.4,1,14.4,1,13.8,2,13.7,3,18.5,1,17.7,1,16.7,2,15.4,1,14.7,1,12.4,3,17.0,1,15.7,1,15.7,1,13.4,1.0,21.6,2,19.7,1,18.2,1,21.2,2,22.8,1,20.0,1,20.2,1,20.7,1,21.9,1,22.3,1,21.7,2
2016-10-03 18:00:00,14.4,1,13.1,1,13.2,2,15.2,2,13.6,1,14.5,2,15.7,3,16.5,2,14.4,1,14.7,1,15.4,1,12.6,1,12.5,2,12.1,3,17.4,2,16.4,1,15.4,1,13.6,1,13.4,1,10.7,3,15.8,1,14.4,1,14.7,1,11.6,1.0,20.4,3,18.1,1,16.4,1,19.3,2,21.5,1,18.7,1,18.7,1,19.3,1,19.9,1,21.4,1,20.8,2
2016-10-03 19:00:00,14.0,1,12.4,1,12.1,2,14.0,2,12.3,1,14.0,2,14.9,3,15.4,2,13.2,1,13.7,1,14.6,1,10.9,1,11.3,1,10.9,3,16.4,2,15.1,1,14.2,1,11.8,1,12.2,1,9.6,2,14.9,1,13.0,1,13.8,1,10.3,1.0,19.2,3,16.7,1,15.0,1,17.7,2,20.3,1,17.7,1,17.3,1,18.1,1,18.3,1,20.5,1,19.8,1
2016-10-03 20:00:00,13.6,1,11.9,1,11.4,2,12.8,2,11.1,1,13.8,3,14.3,2,14.6,2,12.3,1,12.9,1,14.0,1,9.5,1,10.2,1,10.1,2,15.5,2,13.9,1,13.0,1,10.1,1,11.2,1,9.0,2,14.1,1,11.7,1,13.0,1,9.5,1.0,18.1,3,15.5,1,13.9,1,16.4,2,19.2,1,16.8,1,16.2,1,17.1,1,16.9,1,19.6,1,18.9,1
2016-10-03 21:00:00,13.2,1,11.2,1,10.8,2,12.0,2,10.1,1,13.6,3,13.9,2,13.8,2,11.4,2,12.2,2,13.4,1,8.4,1,9.3,1,9.2,2,14.6,2,12.8,2,11.8,1,8.8,2,10.4,1,8.2,2,13.2,1,10.7,2,12.2,1,8.7,1.0,17.1,3,14.5,1,12.7,1,15.5,2,18.1,2,15.8,1,15.4,1,16.0,1,15.5,1,18.8,1,18.1,2
2016-10-03 22:00:00,13.0,1,10.7,1,10.3,3,11.3,2,9.4,1,13.5,4,13.5,2,13.1,3,10.7,2,11.4,2,12.7,1,7.8,2,8.5,1,8.4,2,13.7,3,12.0,2,10.8,2,7.8,2,9.8,1,7.5,2,12.4,2,9.8,2,11.5,1,8.1,1.0,16.3,3,13.8,2,11.8,1,14.8,3,17.0,2,15.0,1,14.8,1,15.0,2,14.1,1,18.2,1,17.6,2
2016-10-03 23:00:00,12.8,1,10.3,2,10.0,3,10.8,3,8.9,1,13.3,4,13.1,2,12.6,3,10.2,3,10.8,2,12.1,2,7.5,2,7.9,1,7.8,1,13.1,4,11.3,3,9.9,2,7.2,3,9.4,1,7.0,2,11.8,2,9.0,3,10.9,1,7.6,1.0,15.6,4,13.2,2,10.9,1,14.4,3,16.0,3,14.3,1,14.4,1,14.2,2,13.0,1,17.8,1,17.1,3
2016-10-04 00:00:00,12.6,2,10.0,2,9.7,4,10.4,3,8.6,2,13.2,5,12.7,3,12.3,3,9.8,3,10.3,3,11.7,2,7.4,2,7.4,1,7.2,1,12.6,4,10.9,4,9.3,3,6.7,3,9.0,1,6.5,2,11.2,3,8.5,3,10.5,2,7.2,1.0,15.0,4,12.8,3,10.3,1,14.0,3,15.3,3,13.8,1,14.0,1,13.5,3,12.0,1,17.6,1,16.6,3
2016-10-04 01:00:00,12.5,3,9.7,3,9.5,4,10.1,4,8.3,2,13.0,5,12.3,4,12.0,4,9.6,4,10.0,4,11.6,3,7.3,3,7.1,1,6.9,1,12.3,5,10.5,4,8.7,3,6.4,4,8.6,1,6.1,3,10.8,4,8.0,4,10.2,2,6.9,1.0,14.5,4,12.4,4,9.8,1,13.6,4,14.7,4,13.3,2,13.5,2,13.1,3,11.2,1,17.4,2,16.1,3
2016-10-04 02:00:00,12.4,4,9.6,4,9.1,5,10.0,5,8.2,2,12.8,6,11.9,5,11.7,4,9.3,4,9.7,4,11.5,4,7.2,3,6.9,1,6.6,1,12.0,6,10.2,5,8.2,4,6.2,5,8.2,1,5.8,3,10.6,4,7.7,5,9.9,2,6.5,1.0,13.9,5,11.9,4,9.5,1,13.2,4,14.2,4,12.9,3,13.0,3,12.8,4,10.6,2,17.1,4,15.6,4
2016-10-04 03:00:00,12.0,2,9.6,2,8.9,2,10.0,4,8.4,1,13.0,2,12.1,3,10.9,2,8.8,2,9.1,2,10.4,2,7.0,2,7.7,2,8.1,3,11.8,4,9.5,2,7.8,2,5.7,3,8.0,1,6.8,2,10.7,2,7.2,1,8.2,1,6.0,1.0,14.0,2,11.3,1,9.6,1,14.3,2,14.0,1,12.2,1,12.5,1,12.1,1,10.5,1,17.1,1,15.3,3
2016-10-04 04:00:00,11.7,2,9.2,3,8.4,3,9.6,4,8.1,2,12.7,3,11.8,3,10.4,3,8.4,2,8.6,2,9.8,2,6.4,2,7.5,3,7.9,3,11.2,3,9.0,2,7.0,2,5.0,3,7.6,1,6.8,3,10.1,2,6.6,2,7.8,2,5.3,1.0,13.2,2,10.2,1,8.9,1,13.8,2,13.1,1,11.3,1,11.7,1,11.7,1,9.6,2,16.3,1,14.6,3
2016-10-04 05:00:00,11.4,3,8.8,5,8.1,5,9.3,5,8.1,2,12.5,3,11.5,3,10.1,3,8.3,2,8.3,2,9.4,2,6.0,2,7.5,3,7.9,3,10.7,3,8.7,3,6.3,2,4.7,2,7.4,2,7.0,4,9.6,2,6.4,2,7.8,2,4.8,1.0,12.8,3,9.3,1,8.4,1,13.4,2,12.6,1,10.7,1,11.3,1,11.6,1,9.2,2,15.6,2,14.4,3
2016-10-04 06:00:00,11.5,3,9.0,6,8.4,5,9.6,5,8.6,2,12.6,4,11.7,3,10.3,3,8.7,2,8.6,2,9.7,2,6.4,2,8.0,4,8.4,3,11.0,3,9.1,3,6.7,2,5.5,2,7.8,2,7.5,4,9.9,2,7.0,3,8.2,2,5.2,1.0,13.1,3,9.6,1,8.7,1,13.8,3,13.0,2,11.2,1,11.9,1,12.2,2,9.8,2,15.9,2,15.0,3
2016-10-04 07:00:00,11.9,3,9.8,5,9.5,5,10.6,5,9.9,2,13.2,5,12.5,3,11.4,3,9.9,2,9.9,2,10.9,2,8.0,2,9.1,3,9.5,3,12.3,3,10.4,2,8.5,2,7.7,2,9.0,2,8.5,4,11.2,2,8.6,3,9.2,2,6.7,1.0,14.6,3,11.4,1,10.1,2,15.2,3,14.5,2,13.4,1,13.8,1,13.8,2,12.0,2,17.5,2,16.8,4
2016-10-04 08:00:00,12.6,3,11.1,4,11.1,4,12.2,4,11.6,2,14.1,5,13.6,3,13.1,3,11.6,2,11.8,2,12.6,2,10.4,2,10.7,3,11.0,4,14.3,4,12.2,2,11.2,2,10.7,2,10.8,2,9.9,4,13.3,2,10.9,2,10.6,2,9.1,1.0,16.7,2,14.3,1,12.3,2,17.2,4,16.9,3,16.5,1,16.6,1,16.0,1,15.2,2,19.8,1,19.4,4
2016-10-04 09:00:00,13.4,2,12.6,3,12.9,2,14.0,4,13.3,2,15.1,6,15.0,2,15.1,2,13.3,2,13.8,2,14.5,2,12.8,1,12.3,2,12.6,4,16.4,5,14.3,1,13.9,1,13.8,2,12.7,2,11.4,3,15.5,2,13.4,2,12.4,1,11.9,1.0,19.0,2,17.2,1,14.9,3,19.2,5,19.4,4,19.6,1,19.3,1,18.3,1,18.5,2,21.8,1,21.8,4
2016-10-04 10:00:00,14.2,2,14.0,2,14.5,2,15.8,3,14.8,1,16.1,6,16.3,2,16.9,2,14.8,2,15.5,2,16.1,2,14.7,1,13.8,2,14.0,5,18.1,4,16.3,1,16.1,1,16.3,2,14.4,2,13.0,3,17.4,2,15.6,1,14.3,1,14.7,1.0,20.9,1,19.6,1,17.5,2,20.8,6,21.7,4,21.8,1,21.4,1,20.2,1,21.3,2,22.9,2,23.6,4
2016-10-04 11:00:00,14.8,2,15.2,2,15.7,1,17.3,2,15.9,1,16.9,6,17.5,2,18.5,2,16.0,2,16.9,2,17.3,2,16.2,1,15.0,2,15.1,5,19.4,3,17.9,2,17.7,1,18.1,1,15.9,2,14.4,3,18.9,1,17.3,1,16.1,1,17.2,1.0,22.4,1,21.3,1,19.9,2,21.9,6,23.5,3,23.2,1,22.9,1,21.8,2,23.4,2,23.2,2,24.7,3
2016-10-04 12:00:00,15.4,2,16.1,2,16.7,1,18.4,2,16.8,1,17.4,6,18.3,3,19.7,2,16.9,2,17.9,2,18.1,2,17.2,1,15.9,2,16.0,4,20.3,2,19.3,2,18.9,1,19.4,1,17.1,1,15.5,3,20.2,1,18.8,1,17.5,1,18.8,1.0,23.5,2,22.6,1,21.6,1,22.6,6,24.9,3,24.0,1,24.0,1,23.0,2,24.8,2,23.2,2,25.3,3
2016-10-04 13:00:00,15.8,2,16.7,2,17.3,2,18.9,3,17.4,1,17.6,6,18.7,3,20.4,2,17.5,2,18.5,2,18.5,2,17.9,1,16.5,2,16.7,4,20.9,2,20.2,2,19.8,1,20.3,1,17.9,1,16.2,3,21.2,1,19.9,1,18.3,1,19.4,1.0,24.2,2,23.4,1,22.5,1,23.1,7,25.8,4,24.3,1,24.9,1,23.9,2,25.5,2,23.1,2,25.6,4
2016-10-04 14:00:00,16.0,2,16.8,2,17.5,2,19.0,4,17.6,1,17.4,6,18.7,4,20.6,2,17.7,2,18.8,2,18.5,2,18.3,2,16.8,2,17.0,4,21.1,3,20.7,2,20.3,2,20.5,1,18.3,1,16.3,2,21.8,1,20.5,1,18.5,1,18.9,1.0,24.4,4,23.7,1,22.6,1,23.1,7,26.1,4,24.1,1,25.4,1,24.3,2,25.5,2,22.9,2,25.6,4
2016-10-04 15:00:00,15.9,2,17.1,1,17.4,1,18.6,3,17.8,1,17.1,2,18.6,3,20.1,1,18.3,2,18.9,1,19.0,1,18.0,1,16.3,2,16.6,2,21.1,2,20.5,1,20.1,2,19.4,1,17.9,1,15.8,2,21.8,1,19.2,1,17.9,1,17.1,1.0,24.1,4,23.0,1,20.9,1,22.5,5,26.0,2,23.1,3,23.9,2,23.4,3,24.3,1,22.8,1,23.8,3
2016-10-04 16:00:00,15.7,2,16.6,1,16.7,1,18.0,3,17.1,1,16.4,3,17.8,3,19.2,2,17.7,2,18.2,2,18.3,2,16.9,1,15.7,1,15.7,1,20.2,3,19.7,1,19.3,2,18.1,1,17.0,1,14.7,1,20.8,1,18.4,1,17.3,1,15.4,1.0,23.0,4,21.7,1,19.7,1,21.2,5,25.0,2,22.0,3,22.5,2,22.4,3,22.9,1,22.4,1,23.1,3
2016-10-04 17:00:00,15.4,1,15.7,1,15.7,1,17.1,3,16.1,1,15.5,3,16.8,4,18.0,2,16.7,2,17.2,2,17.4,2,15.3,1,14.8,1,14.4,1,19.0,4,18.4,1,17.9,2,16.3,1,15.7,1,13.2,1,19.2,1,17.0,1,16.3,1,13.6,1.0,21.5,4,19.9,1,18.2,1,19.6,5,23.8,2,20.5,3,20.7,2,20.9,2,21.2,1,21.8,1,22.2,3
2016-10-04 18:00:00,15.0,1,14.8,1,14.6,1,16.0,3,14.8,1,14.6,4,15.8,4,16.8,3,15.6,2,16.0,2,16.5,2,13.6,1,13.6,1,13.0,1,17.8,4,17.0,2,16.4,2,14.3,2,14.3,1,11.7,1,17.7,1,15.5,2,15.3,1,11.9,1.0,20.0,3,18.1,1,16.6,1,18.1,5,22.5,2,19.1,3,18.8,2,19.4,2,19.4,1,21.0,1,21.3,3
2016-10-04 19:00:00,14.6,1,14.0,1,13.7,1,14.9,3,13.5,1,13.7,5,14.9,4,15.7,3,14.6,2,14.9,2,15.7,2,12.1,1,12.3,1,11.7,1,16.7,5,15.7,2,15.0,2,12.4,2,12.9,1,10.6,1,16.5,2,14.0,2,14.3,2,10.7,1.0,18.8,3,16.5,1,15.1,1,17.1,5,21.2,3,17.9,3,17.3,2,18.1,1,17.9,1,20.0,1,20.4,3
2016-10-04 20:00:00,14.2,1,13.3,1,12.9,1,13.9,3,12.2,1,12.8,5,14.2,4,14.8,4,13.7,2,14.0,2,15.1,2,10.8,1,11.1,1,10.6,1,15.8,5,14.6,2,13.9,2,10.9,2,11.8,1,9.9,1,15.6,3,12.7,2,13.4,2,9.8,1.0,17.9,2,15.3,1,13.7,1,16.4,5,20.1,4,16.9,2,16.1,2,17.1,1,16.7,1,19.1,1,19.5,3
2016-10-04 21:00:00,13.9,2,12.7,2,12.1,2,13.1,3,11.2,2,12.1,5,13.5,4,13.8,4,12.7,2,13.0,2,14.4,2,9.8,2,10.2,2,9.6,1,14.7,5,13.5,3,12.8,2,9.7,2,10.9,2,9.0,1,14.6,3,11.5,2,12.5,2,9.0,2.0,17.0,3,14.2,1,12.5,1,15.7,5,19.0,5,15.9,2,15.1,2,16.0,2,15.6,2,18.2,1,18.8,3
2016-10-04 22:00:00,13.6,2,12.0,2,11.4,2,12.3,4,10.3,3,11.5,5,12.8,4,12.9,4,11.8,3,12.1,3,13.7,2,9.1,2,9.3,2,8.8,2,13.7,5,12.5,3,11.8,2,9.0,3,10.4,2,8.3,1,13.7,3,10.4,3,11.7,2,8.3,2.0,16.1,3,13.3,1,11.5,2,15.1,5,18.1,5,15.0,2,14.2,2,15.1,2,14.5,2,17.6,1,18.1,3
2016-10-04 23:00:00,13.2,2,11.4,3,10.7,3,11.6,4,9.6,3,11.2,5,12.3,5,12.1,5,11.0,3,11.3,3,13.0,3,8.6,2,8.5,2,8.1,2,12.7,5,11.6,3,10.9,3,8.5,3,10.1,2,7.6,2,12.8,4,9.5,3,11.1,3,7.7,2.0,15.3,3,12.6,1,10.6,2,14.7,5,17.2,5,14.2,2,13.6,2,14.3,3,13.6,2,17.3,1,17.4,4
2016-10-05 00:00:00,12.9,3,10.9,4,10.1,3,11.0,4,9.0,4,10.9,5,11.8,5,11.4,5,10.3,4,10.5,3,12.4,3,8.2,3,7.9,3,7.5,2,11.8,5,10.8,4,10.1,3,8.0,4,9.7,2,7.0,2,12.0,4,8.8,3,10.5,3,7.2,3.0,14.5,3,12.0,1,10.0,3,14.3,5,16.5,5,13.6,2,13.2,2,13.7,3,12.6,2,17.0,2,16.8,4
2016-10-05 01:00:00,12.7,3,10.3,4,9.5,4,10.4,5,8.5,5,10.8,6,11.3,5,10.9,5,9.7,4,9.8,4,12.0,4,7.9,3,7.4,3,7.0,3,11.1,5,10.1,4,9.4,4,7.5,5,9.3,3,6.4,3,11.3,4,8.2,3,10.1,3,6.7,3.0,13.7,4,11.5,1,9.5,3,14.0,5,15.9,5,13.2,2,12.8,2,13.3,4,11.7,2,16.8,2,16.3,4
2016-10-05 02:00:00,12.5,4,9.8,5,8.9,5,9.9,5,8.1,6,10.8,6,11.0,5,10.4,5,9.1,5,9.3,4,11.6,4,7.4,3,7.0,4,6.6,3,10.5,6,9.6,5,8.6,4,6.9,5,8.7,3,5.9,4,10.7,4,7.7,3,9.7,4,6.3,4.0,13.0,4,11.2,1,9.2,4,13.8,5,15.3,5,12.8,2,12.6,2,13.0,4,10.8,2,16.5,2,15.8,5
2016-10-05 03:00:00,11.3,1,9.8,1,8.8,1,10.8,3,7.9,1,12.3,5,11.7,5,11.5,6,9.5,3,9.5,2,10.6,2,7.7,2,7.3,1,7.3,1,12.4,5,10.2,2,9.0,2,7.5,2,8.7,2,6.5,1,11.7,5,8.5,2,9.3,2,6.3,2.0,15.3,3,10.7,1,9.2,3,14.5,4,16.4,5,12.5,2,12.0,1,12.1,1,10.7,2,16.4,2,17.0,5
2016-10-05 04:00:00,10.7,1,9.2,1,8.1,1,10.2,3,7.4,1,11.9,5,11.3,6,11.0,5,8.8,3,8.8,2,10.0,2,7.0,2,6.6,1,6.6,1,12.0,5,9.8,2,8.1,1,6.8,2,7.9,3,5.9,1,11.4,5,7.8,2,8.8,2,5.3,2.0,14.9,2,9.7,2,8.3,3,14.1,5,16.0,5,11.9,3,11.1,2,11.6,1,9.6,2,15.5,2,16.9,5
2016-10-05 05:00:00,10.2,1,8.6,2,7.5,2,9.9,3,7.2,1,11.5,3,11.0,6,10.6,3,8.3,2,8.4,2,9.5,2,6.5,2,6.1,1,6.1,1,11.5,4,9.5,2,7.4,1,6.4,2,7.3,2,5.4,1,11.2,4,7.3,2,8.4,3,4.6,2.0,14.6,2,9.1,2,7.5,2,13.9,6,15.7,5,11.6,4,10.6,2,11.4,2,8.8,2,14.7,2,17.0,6
2016-10-05 06:00:00,10.1,2,8.6,2,7.5,2,9.9,3,7.6,1,11.6,2,11.1,6,10.6,3,8.4,2,8.5,2,9.6,2,6.7,2,6.3,1,6.2,1,11.5,4,9.7,2,7.4,1,6.7,2,7.3,2,5.5,1,11.2,4,7.5,3,8.5,3,4.7,2.0,14.7,2,9.5,2,7.5,2,14.0,6,15.8,5,12.1,4,11.1,2,11.9,2,9.1,2,14.8,2,17.7,6
2016-10-05 07:00:00,10.6,2,9.3,2,8.4,2,10.6,2,8.8,1,12.2,2,11.7,5,11.3,2,9.3,2,9.6,2,10.5,2,8.1,2,7.4,1,7.2,2,12.3,4,10.6,2,8.6,1,8.1,2,8.2,2,6.5,2,11.7,5,8.8,3,9.2,3,6.1,2.0,15.5,2,11.3,2,8.9,2,14.7,6,16.5,5,14.0,4,13.2,2,13.5,2,11.0,2,16.4,2,19.1,5
2016-10-05 08:00:00,11.4,1,10.5,1,10.0,1,11.7,2,10.6,1,13.2,2,12.6,4,12.5,3,10.8,2,11.2,2,12.0,2,10.1,2,9.2,1,8.8,2,13.8,4,11.9,2,10.6,1,10.3,2,9.8,2,8.0,3,12.5,5,10.8,2,10.6,2,8.4,2.0,16.7,2,14.1,2,11.4,2,15.7,6,17.5,5,16.6,3,16.2,2,15.8,2,14.0,2,18.7,2,20.9,5
2016-10-05 09:00:00,12.4,1,11.9,1,11.7,1,13.1,2,12.3,1,14.2,2,13.7,3,13.9,3,12.4,2,13.0,2,13.6,2,12.3,1,11.0,1,10.6,2,15.3,4,13.5,1,12.7,1,12.6,2,11.6,2,9.8,3,13.6,6,13.1,2,12.3,2,11.2,1.0,18.0,2,17.1,1,14.3,2,16.8,6,18.7,5,19.3,2,19.2,1,18.2,2,17.4,2,20.8,2,22.5,5
2016-10-05 10:00:00,13.3,1,13.3,1,13.2,1,14.5,2,13.7,1,15.1,2,14.7,2,15.3,3,13.8,2,14.4,2,14.9,2,14.1,1,12.5,1,12.1,2,16.6,3,15.0,2,14.5,1,14.7,2,13.3,2,11.5,3,14.8,6,15.2,2,14.2,1,13.9,1.0,19.1,2,19.7,1,17.1,2,17.8,6,19.7,5,21.4,2,21.5,1,20.4,2,20.4,2,22.0,2,23.7,5
2016-10-05 11:00:00,14.0,1,14.5,1,14.4,1,15.8,2,14.7,1,15.8,2,15.5,2,16.6,2,14.9,2,15.5,2,15.9,2,15.4,1,13.6,1,13.4,2,17.7,3,16.4,2,16.0,1,16.3,3,14.8,1,12.9,2,16.0,5,17.1,2,16.0,1,16.1,1.0,19.9,3,21.7,1,19.5,1,18.6,6,20.6,5,22.8,2,23.1,1,22.2,2,22.9,2,22.4,2,24.4,5
2016-10-05 12:00:00,14.4,2,15.4,1,15.3,1,16.7,1,15.4,1,16.2,1,16.2,2,17.6,2,15.7,2,16.4,2,16.6,2,16.3,1,14.4,1,14.3,2,18.4,3,17.5,2,17.1,1,17.6,3,15.9,1,14.0,2,17.1,5,18.6,3,17.4,1,17.7,1.0,20.6,3,23.1,1,21.3,1,19.3,7,21.3,5,23.7,2,24.3,1,23.6,1,24.6,2,22.4,3,24.9,5
2016-10-05 13:00:00,14.6,2,15.8,1,15.9,1,17.2,1,15.8,1,16.4,1,16.7,2,18.3,1,16.3,2,17.1,2,17.1,2,16.8,1,14.9,1,14.9,2,18.8,3,18.2,2,18.0,1,18.4,3,16.6,1,14.7,1,17.9,5,19.8,3,18.2,1,18.3,2.0,21.1,3,23.9,1,22.4,1,19.9,7,21.9,5,24.2,3,25.1,2,24.5,1,25.4,2,22.3,3,25.2,5
2016-10-05 14:00:00,14.5,1,15.7,1,16.1,1,17.3,1,15.9,1,16.3,2,17.0,1,18.5,1,16.5,2,17.4,2,17.2,2,16.9,2,15.1,1,15.1,2,18.9,3,18.5,3,18.4,2,18.7,2,16.8,1,14.8,1,18.3,5,20.3,3,18.3,2,18.1,2.0,21.3,4,24.0,1,22.6,1,20.3,7,22.3,4,24.2,3,25.5,2,24.8,1,25.4,2,22.2,3,25.3,6
2016-10-05 15:00:00,14.0,1,15.0,1,15.6,1,16.8,1,15.3,1,16.6,1,16.7,2,18.3,1,16.0,1,16.8,1,16.7,1,15.7,1,14.2,1,14.4,2,19.0,4,18.5,2,18.4,3,18.1,3,16.1,1,13.8,1,18.5,6,19.9,3,17.5,1,16.0,2.0,20.6,6,23.4,3,21.8,1,18.6,7,21.6,7,23.2,4,24.9,4,24.1,2,24.9,2,22.4,2,24.9,6
2016-10-05 16:00:00,13.6,1,14.2,1,14.6,1,16.2,1,14.6,1,15.9,1,16.1,2,17.5,1,15.2,1,16.0,1,15.9,1,14.6,1,13.6,1,13.4,1,18.3,4,17.9,2,17.7,3,17.0,2,15.1,1,12.6,1,17.8,6,18.7,3,16.7,1,14.3,2.0,19.8,6,22.3,3,20.2,1,17.6,7,21.0,7,22.4,5,23.6,4,23.0,2,23.3,1,21.9,2,24.1,6
2016-10-05 17:00:00,13.0,1,13.3,1,13.2,1,15.4,1,13.6,1,15.0,1,15.2,2,16.3,1,14.0,1,14.7,1,14.8,1,13.2,1,12.6,2,12.1,1,17.3,5,16.8,2,16.5,3,15.3,2,13.8,1,11.1,1,16.7,5,17.1,3,15.7,1,12.5,1.0,18.7,6,20.8,3,18.3,1,16.2,6,20.1,7,21.3,4,21.8,4,21.5,2,21.3,1,21.2,2,23.0,6
2016-10-05 18:00:00,12.5,1,12.3,1,11.8,1,14.3,1,12.4,1,14.0,1,14.3,1,15.0,1,12.8,1,13.5,1,13.8,1,11.6,1,11.5,2,10.7,1,16.1,5,15.6,3,15.1,3,13.4,1,12.4,1,9.6,1,15.6,5,15.3,3,14.6,1,11.0,1.0,17.6,6,19.1,3,16.4,1,15.0,6,19.2,7,20.2,4,19.9,4,20.0,2,19.5,1,20.5,2,21.9,5
2016-10-05 19:00:00,12.0,1,11.4,1,10.8,1,13.1,1,11.2,1,13.1,1,13.5,1,13.8,1,11.7,1,12.5,1,13.1,1,10.1,1,10.3,2,9.5,1,15.0,4,14.3,2,13.8,3,11.5,1,11.1,1,8.4,1,14.6,4,13.8,3,13.6,2,10.0,2.0,16.7,5,17.5,4,15.0,2,14.3,6,18.4,7,19.2,5,18.4,5,18.9,3,18.1,2,19.8,2,20.9,5
2016-10-05 20:00:00,11.5,1,10.7,1,10.0,1,12.0,1,10.1,1,12.4,1,12.8,1,12.7,1,10.9,1,11.7,1,12.5,1,8.8,1,9.2,1,8.4,2,14.0,3,13.1,2,12.7,2,9.8,1,10.1,1,7.6,1,13.8,4,12.6,3,12.7,2,9.3,3.0,15.9,5,16.1,5,13.9,3,14.0,6,17.7,7,18.4,5,17.2,6,18.2,3,17.1,3,19.2,3,20.1,5
2016-10-05 21:00:00,11.1,1,10.1,1,9.4,1,11.1,1,9.2,1,11.9,1,12.3,1,11.8,1,10.1,1,10.9,1,11.9,1,7.9,1,8.2,2,7.6,2,13.1,2,12.0,2,11.6,2,8.8,1,9.2,1,6.9,1,13.0,4,11.8,3,11.8,2,8.7,3.0,15.3,5,15.1,6,13.1,3,13.6,6,17.1,7,17.7,5,16.3,6,17.6,4,16.4,4,18.7,3,19.3,5
2016-10-05 22:00:00,10.8,2,9.7,2,8.8,2,10.6,1,8.4,1,11.7,1,11.9,1,11.1,1,9.4,1,10.1,1,11.1,1,7.4,1,7.5,2,7.0,3,12.3,2,11.1,1,10.7,2,8.2,1,8.5,1,6.4,2,12.2,4,11.2,3,10.9,2,8.0,3.0,14.8,5,14.4,6,12.4,4,13.2,6,16.6,7,17.1,5,15.7,5,17.1,4,15.8,4,18.3,4,18.5,5
2016-10-05 23:00:00,10.6,2,9.3,3,8.3,2,10.3,1,7.7,2,11.6,1,11.6,1,10.6,1,8.9,1,9.4,1,10.3,1,7.1,1,6.9,3,6.5,3,11.6,2,10.4,1,9.8,2,8.0,1,8.1,1,6.0,2,11.5,4,10.7,3,10.1,3,7.3,3.0,14.3,5,14.0,6,11.8,4,12.9,6,16.2,7,16.5,5,15.2,5,16.6,5,15.3,4,17.9,4,17.7,5
2016-10-06 00:00:00,10.4,3,9.0,3,7.9,3,10.0,1,7.2,2,11.4,1,11.2,1,10.1,1,8.4,1,8.7,1,9.7,1,6.9,1,6.6,3,6.2,4,10.9,2,9.8,1,9.0,1,7.7,1,7.7,1,5.7,3,10.9,4,10.0,3,9.4,3,6.8,4.0,13.8,5,13.6,6,11.3,5,12.6,6,15.5,6,15.9,5,14.8,5,16.0,6,14.7,4,17.5,4,16.9,5
2016-10-06 01:00:00,10.3,3,8.6,4,7.6,3,9.5,1,6.7,3,10.9,1,10.8,1,9.7,1,8.0,1,8.3,1,9.4,1,6.6,1,6.4,4,6.0,5,10.3,3,9.2,1,8.3,1,7.0,1,7.4,1,5.5,3,10.5,4,9.1,3,9.0,4,6.4,4.0,13.2,5,13.0,6,11.0,5,12.3,6,14.7,6,15.2,5,14.4,5,15.3,6,13.9,5,17.2,4,16.1,5
2016-10-06 02:00:00,10.2,4,8.2,5,7.4,4,8.8,1,6.3,4,10.2,1,10.2,1,9.3,1,7.6,1,7.8,1,9.4,1,6.2,1,6.2,5,5.8,5,9.7,3,8.6,1,7.5,1,6.1,1,7.1,1,5.2,4,10.0,4,8.0,3,8.7,4,6.2,4.0,12.6,5,12.3,5,10.6,5,11.9,6,13.8,5,14.3,5,13.9,5,14.7,5,13.0,5,16.7,5,15.4,5
2016-10-06 03:00:00,9.3,1,7.7,1,6.9,1,9.3,1,6.4,1,10.9,1,10.8,2,9.6,1,7.1,1,7.5,1,8.7,1,6.2,1,6.2,2,6.3,2,10.4,1,8.7,1,7.5,1,5.6,1,7.1,1,5.4,2,9.9,1,7.1,1,7.7,1,6.2,1.0,13.6,3,11.1,3,9.7,2,14.0,6,14.6,4,13.7,2,12.9,2,13.5,3,12.7,4,16.8,4,16.9,4
2016-10-06 04:00:00,8.8,1,7.1,1,6.3,1,8.6,2,5.9,1,10.1,1,10.1,1,8.8,1,6.5,1,6.9,1,8.1,1,5.4,1,5.8,2,6.0,3,9.5,1,8.1,1,6.4,1,4.8,1,6.3,1,5.0,3,9.2,1,6.1,2,7.1,1,5.3,1.0,12.9,3,10.2,3,9.3,3,13.6,6,14.1,5,13.0,2,12.3,2,13.3,3,12.6,4,16.2,5,16.5,5
2016-10-06 05:00:00,8.3,1,6.6,2,5.8,1,8.1,2,5.8,1,9.5,1,9.5,1,8.1,1,6.0,1,6.4,1,7.5,1,4.8,1,5.7,2,5.9,3,8.7,1,7.7,1,5.5,1,4.4,1,5.7,1,4.8,3,8.7,1,5.4,2,6.6,1,4.4,1.0,12.5,2,9.6,3,8.9,4,13.4,6,13.9,5,12.5,2,11.9,2,13.4,3,12.8,4,15.8,5,16.2,5
2016-10-06 06:00:00,8.3,1,6.7,2,5.9,2,8.0,2,6.2,1,9.4,1,9.3,1,8.0,1,6.1,1,6.5,1,7.5,1,4.9,1,6.1,2,6.2,4,8.6,1,7.7,1,5.4,1,4.7,1,5.6,1,5.0,4,8.6,1,5.4,2,6.5,2,4.3,2.0,12.6,2,9.7,3,8.9,5,13.4,6,14.0,5,12.8,2,12.1,2,13.9,3,13.5,4,16.0,6,16.4,6
2016-10-06 07:00:00,8.8,1,7.5,2,6.8,2,8.7,2,7.4,1,10.2,1,9.8,1,8.8,1,7.0,1,7.4,1,8.4,1,6.2,1,7.1,2,7.2,3,9.6,1,8.3,1,6.4,1,6.1,1,6.5,1,5.9,4,9.3,1,6.3,2,7.1,2,5.4,2.0,13.6,2,10.9,3,9.4,5,13.8,7,14.6,6,14.1,3,13.2,3,15.1,4,14.7,4,17.0,6,17.2,6
2016-10-06 08:00:00,9.7,1,8.8,1,8.3,2,10.0,1,9.2,1,11.4,1,10.8,1,9.8,1,8.5,1,8.9,1,9.8,1,8.2,1,8.5,1,8.7,3,11.2,1,8.5,1,8.2,1,8.0,1,8.2,2,7.2,3,10.5,1,7.3,2,7.5,2,8.1,2.0,15.0,2,12.8,4,10.5,5,14.5,7,15.4,6,16.0,4,14.8,4,16.1,5,16.1,6,18.3,6,18.0,6
2016-10-06 09:00:00,10.8,1,10.3,1,10.0,1,11.4,1,11.0,1,12.8,1,12.0,1,11.6,1,10.0,1,10.6,1,11.3,1,10.3,1,9.7,1,10.3,2,13.0,1,10.2,1,10.2,1,10.1,1,10.0,2,8.7,3,11.9,1,9.2,1,9.0,2,10.2,2.0,16.5,2,14.9,4,11.9,4,15.3,7,16.4,6,17.8,5,16.5,5,17.6,6,17.4,7,19.4,6,18.9,6
2016-10-06 10:00:00,11.8,2,11.7,1,11.5,1,12.7,1,12.6,1,13.9,1,13.1,1,13.4,1,11.3,1,12.1,1,12.6,1,11.9,1,10.8,1,11.7,3,14.5,1,12.0,1,11.8,1,11.9,1,11.6,2,10.1,2,13.1,1,10.9,1,10.6,2,12.2,2.0,17.7,1,16.8,4,13.6,4,16.0,7,17.4,6,19.1,5,17.9,5,18.9,6,18.4,7,19.8,6,19.4,6
2016-10-06 11:00:00,12.5,2,12.8,1,12.6,1,13.7,1,13.7,1,14.6,1,14.0,1,14.8,1,12.3,1,13.2,1,13.5,1,13.0,1,11.6,1,12.9,4,15.6,1,13.8,1,13.1,1,13.3,1,12.9,1,11.4,2,14.2,1,12.4,1,12.2,2,13.9,2.0,18.5,1,18.3,4,15.2,5,16.7,7,18.4,5,19.8,6,19.1,6,19.7,6,19.0,7,19.7,5,19.7,6
2016-10-06 12:00:00,13.1,2,13.6,1,13.5,1,14.5,1,14.6,1,15.1,1,14.7,1,15.9,1,13.1,1,14.1,1,14.2,1,13.8,1,12.3,2,13.8,5,16.4,1,15.2,1,14.0,2,14.4,1,13.9,1,12.5,2,15.1,1,13.7,2,13.5,3,15.0,2.0,19.1,1,19.3,5,16.5,5,17.4,7,19.1,5,20.2,6,20.0,6,20.4,6,19.4,7,19.4,5,19.9,6
2016-10-06 13:00:00,13.4,2,14.1,1,14.0,2,14.9,1,15.2,2,15.3,1,15.1,1,16.5,1,13.7,1,14.6,1,14.7,1,14.4,1,12.9,2,14.5,5,16.9,1,16.1,1,14.7,2,15.1,2,14.5,1,13.1,2,15.9,1,14.7,2,14.5,4,15.4,3.0,19.5,1,19.9,5,17.2,6,18.0,7,19.7,5,20.4,6,20.8,6,21.2,7,19.6,7,19.3,6,20.2,6
2016-10-06 14:00:00,13.4,2,14.2,1,14.2,2,15.0,1,15.4,2,15.1,1,15.1,1,16.6,1,14.0,1,14.8,1,14.9,1,14.7,2,13.3,3,14.8,6,17.0,1,16.4,2,15.1,2,15.4,2,14.6,2,13.4,2,16.3,1,15.2,2,14.9,4,15.1,3.0,19.7,1,19.9,6,17.2,6,18.4,7,20.0,5,20.5,6,21.1,6,21.6,7,19.4,7,19.2,6,20.4,6
2016-10-06 15:00:00,13.1,2,13.8,2,14.3,2,15.0,1,14.7,2,14.3,1,14.6,2,16.1,1,14.3,2,15.1,2,15.1,2,14.8,1,14.0,2,14.5,6,16.8,1,15.8,1,15.4,1,15.7,3,15.1,2,13.8,2,15.4,3,16.0,6,15.5,4,15.0,4.0,18.1,2,19.0,7,17.1,7,16.5,7,18.5,7,17.9,7,18.9,7,20.2,7,19.0,7,19.2,7,19.9,6
2016-10-06 16:00:00,12.9,2,13.2,2,13.5,3,14.4,1,14.0,2,13.5,1,14.0,2,15.3,1,13.7,2,14.4,2,14.6,2,13.7,2,13.5,2,13.7,5,16.1,1,15.3,1,14.8,1,14.6,2,14.4,2,12.9,2,14.6,3,15.3,6,14.9,5,13.5,3.0,17.4,1,18.2,7,15.9,7,15.7,6,18.0,7,17.5,7,18.2,7,19.4,7,18.1,7,19.0,7,19.4,6
2016-10-06 17:00:00,12.6,2,12.4,2,12.4,4,13.6,2,13.0,2,12.6,1,13.2,2,14.2,1,12.7,2,13.5,2,13.7,2,12.2,2,12.7,2,12.7,4,15.1,1,14.4,2,13.8,2,13.0,2,13.3,3,11.7,1,13.5,4,14.1,5,14.1,5,11.8,3.0,16.3,1,17.0,7,14.4,7,14.5,6,17.1,7,17.0,7,17.1,7,18.3,7,17.0,7,18.7,7,18.7,5
2016-10-06 18:00:00,12.3,3,11.6,2,11.4,5,12.6,2,12.1,2,11.6,1,12.3,2,13.0,1,11.7,2,12.5,2,12.9,2,10.8,2,11.8,2,11.6,3,14.0,1,13.4,2,12.7,2,11.3,1,12.2,3,10.4,1,12.5,4,12.7,5,13.2,6,10.3,3.0,15.2,1,15.7,7,13.1,7,13.4,5,16.2,6,16.4,7,16.1,7,17.3,7,16.0,7,18.2,7,18.0,4
2016-10-06 19:00:00,12.0,3,10.9,2,10.7,4,11.6,2,11.4,2,10.8,1,11.5,1,11.9,1,10.9,2,11.7,2,12.3,2,9.8,2,11.0,2,10.6,3,12.8,1,12.4,2,11.7,1,9.8,1,11.2,3,9.4,2,11.8,3,11.5,4,12.5,6,9.4,3.0,14.2,2,14.6,7,12.2,7,12.6,5,15.5,5,15.9,6,15.3,7,16.6,7,15.3,7,17.7,7,17.5,4
2016-10-06 20:00:00,11.7,2,10.5,2,10.2,3,10.7,1,10.8,2,10.1,1,10.7,1,11.0,1,10.4,2,11.1,2,11.8,2,9.1,2,10.2,2,9.8,3,11.7,1,11.5,1,10.9,1,8.6,1,10.4,3,8.6,2,11.2,3,10.6,4,11.9,6,8.8,4.0,13.4,2,13.7,7,11.7,7,12.1,5,15.0,4,15.4,5,14.7,6,16.2,7,15.0,7,17.2,7,17.1,4
2016-10-06 21:00:00,11.5,2,10.0,2,9.7,3,10.1,2,10.3,2,9.5,2,10.1,2,10.1,1,9.8,2,10.4,2,11.3,2,8.4,2,9.6,3,9.1,3,10.7,1,10.7,2,10.1,2,7.6,2,9.6,3,8.1,2,10.5,4,9.8,4,11.2,6,8.1,4.0,12.5,2,13.1,7,11.1,7,11.5,5,14.3,4,14.8,5,14.2,6,15.6,6,14.7,6,16.8,6,16.7,4
2016-10-06 22:00:00,11.3,2,9.7,3,9.4,3,9.6,2,9.9,3,9.1,2,9.6,2,9.4,1,9.3,2,9.9,3,10.8,2,7.8,3,9.0,3,8.5,4,9.8,2,9.9,3,9.3,2,6.8,2,8.9,3,7.7,3,9.8,4,9.0,5,10.6,5,7.6,4.0,11.7,2,12.8,6,10.5,6,11.0,5,13.5,4,14.3,5,13.9,6,15.0,6,14.3,6,16.4,6,16.3,4
2016-10-06 23:00:00,11.2,3,9.4,3,9.1,3,9.2,3,9.5,4,8.7,3,9.2,3,8.8,1,8.9,2,9.4,3,10.5,2,7.3,3,8.5,3,8.0,4,9.0,2,9.2,3,8.6,3,6.0,3,8.2,3,7.4,3,9.1,4,8.3,5,10.0,5,7.0,5.0,10.9,3,12.6,6,10.0,6,10.6,5,12.8,4,13.7,4,13.6,6,14.4,6,13.9,6,16.0,6,15.7,4
2016-10-07 00:00:00,11.1,3,9.2,4,8.8,4,8.9,4,9.1,4,8.4,3,8.8,3,8.2,2,8.5,3,9.0,4,10.3,3,6.9,4,8.1,4,7.7,5,8.4,3,8.6,4,8.0,3,5.4,3,7.7,3,7.2,4,8.4,4,7.5,5,9.5,5,6.5,5.0,10.2,3,12.4,6,9.5,6,10.3,5,12.1,4,13.1,4,13.2,5,13.8,6,13.2,6,15.5,6,15.2,4
2016-10-07 01:00:00,11.1,4,9.0,5,8.6,5,8.6,4,8.7,5,8.3,4,8.5,4,7.7,3,8.3,3,8.7,4,10.1,3,6.5,4,7.8,4,7.4,5,7.8,4,8.1,4,7.3,4,4.8,4,7.2,3,7.0,4,7.8,4,6.7,5,8.9,5,6.0,5.0,9.5,3,11.9,5,9.0,6,10.0,5,11.5,4,12.5,4,12.8,5,13.1,6,12.4,5,15.0,6,14.5,4
2016-10-07 02:00:00,11.0,5,8.9,5,8.4,5,8.3,5,8.4,6,8.1,4,8.2,4,7.3,4,8.0,4,8.4,5,10.0,4,6.3,5,7.6,5,7.2,5,7.5,5,7.7,5,6.6,5,4.3,4,6.8,3,6.8,5,7.3,5,6.0,5,8.3,4,5.5,5.0,9.0,4,11.3,5,8.5,5,9.8,5,10.9,5,11.9,4,12.2,5,12.5,5,11.3,5,14.5,6,13.9,4
2016-10-07 03:00:00,10.1,3,8.2,2,8.2,5,8.5,2,7.8,2,8.6,2,8.5,2,8.0,2,7.5,1,8.0,1,9.4,1,6.4,2,7.4,2,7.5,2,8.3,1,7.5,1,6.5,1,4.7,1,7.0,1,6.5,2,8.3,1,5.3,1,7.6,2,5.0,3.0,9.8,1,10.3,1,9.1,3,9.6,2,10.7,1,12.1,1,12.2,1,12.3,2,10.9,2,15.2,2,13.9,3
2016-10-07 04:00:00,9.8,3,7.8,2,7.8,5,7.9,2,7.5,2,8.1,2,8.2,2,7.4,2,7.1,1,7.5,1,8.9,1,5.6,2,7.1,2,7.2,3,7.7,1,7.0,1,5.6,1,4.0,1,6.3,1,6.1,3,7.8,1,4.6,2,7.1,2,4.0,3.0,9.2,1,9.3,2,8.2,3,9.0,2,9.9,1,11.2,1,11.3,1,11.6,2,9.8,2,14.5,2,13.0,3
2016-10-07 05:00:00,9.6,4,7.7,2,7.6,5,7.5,2,7.5,2,7.7,3,8.1,2,7.0,2,6.9,2,7.3,2,8.6,2,5.1,2,7.1,2,7.1,4,7.3,2,6.8,1,5.0,1,3.6,1,5.7,1,5.9,3,7.5,1,4.2,2,6.8,2,3.2,2.0,8.8,1,8.6,2,7.4,4,8.6,2,9.2,2,10.5,1,10.6,1,11.1,1,8.9,2,14.0,2,12.5,3
2016-10-07 06:00:00,9.8,4,8.0,2,8.0,5,7.7,2,8.1,2,8.0,4,8.4,2,7.2,2,7.3,2,7.6,2,8.8,2,5.5,2,7.6,2,7.4,5,7.6,2,7.1,1,5.3,1,4.2,1,5.9,1,6.1,3,7.6,1,4.7,2,6.9,2,3.2,2.0,9.1,2,8.8,2,7.4,4,9.0,2,9.4,2,10.8,1,10.8,1,11.4,1,9.1,2,14.3,2,12.7,3
2016-10-07 07:00:00,10.5,4,9.0,2,9.1,5,8.8,2,9.3,2,9.2,4,9.4,3,8.3,2,8.5,2,8.7,2,9.9,2,7.1,2,8.8,2,8.4,4,8.9,3,8.1,1,6.8,1,6.1,1,7.1,1,7.1,3,8.4,1,6.2,2,7.7,2,4.5,2.0,10.3,2,10.4,2,8.5,4,10.5,2,10.7,2,12.4,1,12.4,1,12.9,1,10.8,2,15.9,2,14.0,3
2016-10-07 08:00:00,11.5,4,10.4,2,10.7,5,10.4,2,11.0,2,10.9,3,10.7,3,10.0,2,10.2,2,10.3,2,11.5,2,9.5,1,10.3,2,9.8,3,10.8,3,9.7,1,9.0,1,8.7,1,9.1,2,8.6,2,9.7,1,8.4,1,9.0,2,6.9,2.0,12.1,2,12.8,2,10.5,3,12.8,2,12.8,2,14.9,1,14.9,1,15.0,1,13.5,2,18.1,2,16.1,3
2016-10-07 09:00:00,12.6,4,12.0,2,12.4,5,12.2,2,12.6,2,12.6,2,12.2,3,12.0,3,11.9,2,12.1,2,13.2,2,11.8,1,11.8,2,11.4,2,12.8,4,11.6,2,11.4,1,11.4,1,11.2,2,10.3,2,11.4,1,10.9,1,10.7,2,9.8,1.0,14.1,1,15.4,1,12.8,3,15.1,1,15.2,2,17.4,1,17.4,1,17.2,2,16.5,2,20.0,2,18.1,2
2016-10-07 10:00:00,13.5,4,13.4,2,13.9,5,13.8,2,13.9,2,14.0,2,13.5,3,14.0,3,13.3,2,13.7,2,14.6,2,13.5,1,12.9,2,12.8,2,14.4,3,13.4,2,13.4,1,13.6,1,13.0,2,12.0,2,13.2,1,13.2,2,12.5,2,12.7,1.0,16.0,1,17.7,1,15.1,3,17.0,1,17.4,1,19.3,1,19.3,1,18.9,2,19.2,2,21.0,1,19.6,2
2016-10-07 11:00:00,14.2,4,14.6,2,15.0,4,15.1,3,14.9,2,14.9,2,14.5,3,15.6,3,14.3,2,15.0,2,15.6,2,14.6,1,13.8,2,14.0,3,15.6,3,15.1,3,14.9,1,15.3,2,14.5,2,13.4,2,14.9,1,15.1,2,14.2,1,15.3,1.0,17.6,1,19.4,1,17.1,4,18.4,1,19.3,1,20.5,1,20.5,1,20.2,2,21.3,2,21.4,1,20.7,3
2016-10-07 12:00:00,14.7,3,15.4,2,15.9,3,16.0,3,15.7,2,15.5,2,15.3,3,16.9,4,15.1,3,16.1,2,16.3,2,15.5,2,14.5,2,14.9,4,16.5,2,16.4,3,16.1,2,16.5,2,15.6,2,14.6,2,16.3,1,16.7,2,15.7,1,17.0,2.0,18.8,1,20.7,2,18.6,5,19.5,2,20.8,1,21.3,1,21.5,1,21.2,2,22.8,2,21.4,2,21.4,3
2016-10-07 13:00:00,14.9,3,15.9,2,16.4,3,16.5,2,16.2,2,15.8,2,15.8,4,17.6,3,15.8,3,16.8,3,16.8,3,16.2,2,15.2,2,15.5,5,17.2,3,17.2,3,16.9,2,17.4,2,16.4,2,15.3,2,17.2,1,17.9,3,16.7,2,17.5,2.0,19.6,1,21.5,2,19.5,4,20.3,2,21.8,2,21.7,1,22.3,2,22.0,2,23.5,2,21.5,2,21.8,4
2016-10-07 14:00:00,15.0,3,16.0,2,16.6,4,16.6,2,16.5,2,15.7,2,16.0,4,17.7,3,16.2,4,17.2,4,17.1,4,16.7,2,15.6,2,15.8,6,17.5,3,17.5,3,17.3,2,17.7,2,16.8,2,15.5,2,17.6,1,18.5,3,17.2,2,17.1,2.0,20.0,2,21.7,2,19.6,3,20.6,2,22.3,2,21.6,1,22.7,2,22.4,2,23.5,2,21.6,3,21.9,4
2016-10-07 15:00:00,14.7,3,15.5,2,15.8,4,16.3,4,16.4,2,15.0,3,15.5,5,16.9,3,15.9,3,16.7,4,16.5,4,16.0,2,15.5,3,15.8,5,17.6,3,17.2,3,17.6,2,17.5,2,16.5,2,15.4,2,18.9,2,18.5,2,16.9,1,17.2,1.0,21.2,2,22.0,2,19.7,2,21.4,3,23.1,3,21.0,2,22.3,2,22.4,2,22.5,2,21.2,4,21.8,4
2016-10-07 16:00:00,14.5,3,15.0,2,15.1,4,15.6,4,15.8,2,14.3,3,14.9,5,16.0,4,15.3,4,16.0,4,16.0,4,15.1,2,14.9,3,14.9,5,16.8,3,16.6,3,17.0,2,16.3,2,15.7,2,14.3,2,18.2,3,17.5,2,16.4,2,15.4,1.0,20.3,2,20.7,2,18.5,1,20.1,3,22.4,3,20.2,2,21.0,2,21.2,2,21.3,2,20.9,4,21.2,4
2016-10-07 17:00:00,14.2,3,14.2,2,14.1,3,14.6,3,14.9,2,13.5,3,14.0,5,14.9,4,14.4,4,15.0,4,15.3,4,13.8,2,13.9,2,13.6,5,15.5,3,15.7,3,16.0,3,14.5,2,14.5,2,12.7,2,17.0,3,15.9,2,15.7,3,13.3,1.0,19.1,3,18.9,3,16.9,1,18.3,3,21.3,3,19.2,3,19.2,3,19.5,2,19.8,3,20.4,4,20.3,4
2016-10-07 18:00:00,13.9,3,13.4,2,13.1,3,13.6,3,13.8,2,12.6,2,13.1,4,13.7,4,13.4,4,14.0,4,14.6,5,12.4,2,12.7,2,12.3,4,14.2,2,14.6,3,14.9,4,12.6,2,13.2,3,11.1,2,15.7,3,14.2,2,14.7,3,11.3,1.0,17.7,3,17.1,3,15.3,2,16.4,3,20.1,3,18.2,3,17.5,3,18.0,2,18.3,3,19.8,3,19.3,3
2016-10-07 19:00:00,13.5,3,12.7,2,12.3,2,12.6,3,12.7,2,11.7,3,12.3,4,12.6,3,12.6,5,13.2,5,14.1,5,11.1,2,11.5,2,11.0,4,13.1,2,13.6,3,13.8,4,11.0,3,12.0,2,9.8,2,14.6,3,12.8,3,13.7,3,9.9,2.0,16.5,3,15.7,3,13.9,2,15.0,3,19.1,3,17.4,3,16.3,3,17.0,3,16.9,3,19.1,3,18.4,3
2016-10-07 20:00:00,13.1,2,12.1,2,11.7,2,11.9,3,11.6,2,10.9,3,11.6,3,11.8,3,11.8,5,12.5,5,13.6,5,9.9,2,10.3,2,9.9,3,12.1,2,12.6,2,12.9,4,9.6,3,11.1,2,8.8,2,13.8,2,11.6,2,12.7,3,9.1,2.0,15.4,2,14.8,3,12.7,3,14.0,3,18.2,2,16.8,3,15.7,3,16.6,2,15.8,2,18.4,3,17.5,3
2016-10-07 21:00:00,12.9,3,11.6,2,11.1,2,11.3,3,10.7,2,10.3,3,11.1,3,11.0,2,11.2,5,11.8,5,13.1,5,9.1,2,9.5,2,9.0,4,11.2,2,11.7,3,11.9,4,8.6,4,10.2,3,8.0,2,12.9,2,10.6,3,11.9,4,8.1,3.0,14.3,3,14.0,3,11.8,3,13.3,3,17.2,3,16.4,3,15.3,3,16.1,3,14.6,3,17.8,3,16.9,4
2016-10-07 22:00:00,12.7,3,11.1,3,10.6,3,10.8,3,10.0,3,9.8,3,10.6,4,10.3,2,10.5,4,11.1,5,12.5,5,8.6,3,8.8,3,8.3,4,10.4,2,10.9,3,10.9,5,7.9,4,9.5,3,7.5,3,12.1,2,9.7,3,11.2,4,7.3,3.0,13.3,3,13.3,4,11.0,3,12.7,3,16.2,3,16.0,3,15.0,3,15.8,3,13.7,3,17.4,3,16.5,4
2016-10-07 23:00:00,12.5,3,10.7,3,10.2,3,10.4,4,9.4,3,9.5,3,10.2,4,9.8,2,10.0,4,10.6,5,12.0,5,8.3,3,8.3,3,7.7,4,9.8,2,10.2,4,9.9,5,7.4,4,8.9,4,7.2,3,11.2,2,8.9,4,10.6,4,6.7,3.0,12.3,3,12.8,4,10.5,4,12.3,4,15.2,3,15.6,3,14.8,4,15.4,3,12.8,3,17.1,3,16.1,4
2016-10-08 00:00:00,12.4,4,10.5,4,9.9,4,10.1,4,9.0,4,9.4,3,10.0,4,9.4,3,9.6,4,10.2,5,11.7,5,8.0,4,7.9,4,7.3,5,9.4,2,9.6,4,9.0,5,6.9,5,8.3,4,7.0,4,10.4,3,8.1,4,10.0,4,6.3,4.0,11.5,4,12.4,4,10.0,4,12.0,4,14.2,4,15.2,4,14.6,4,15.0,4,12.0,4,16.8,4,15.9,4
2016-10-08 01:00:00,12.3,4,10.3,5,9.7,4,9.8,4,8.7,4,9.3,3,9.8,5,9.1,4,9.3,4,9.9,5,11.5,5,7.8,5,7.7,4,7.0,5,9.2,2,9.2,4,8.1,6,6.4,5,7.9,5,6.7,5,9.6,3,7.4,5,9.5,5,5.9,4.0,10.8,4,12.0,5,9.7,5,11.8,4,13.3,4,14.6,4,14.4,4,14.5,4,11.4,4,16.6,4,15.6,4
2016-10-08 02:00:00,12.2,5,10.1,5,9.5,5,9.6,5,8.5,5,9.4,3,9.6,5,8.9,4,9.1,5,9.7,5,11.5,5,7.5,5,7.6,5,6.9,6,9.1,2,8.9,5,7.4,6,5.8,5,7.5,6,6.4,5,8.8,4,6.8,5,9.0,5,5.7,4.0,10.2,5,11.6,5,9.5,5,11.5,5,12.4,4,13.9,4,14.0,5,14.0,5,10.8,4,16.2,4,15.3,4
2016-10-08 03:00:00,11.7,6,10.0,7,9.4,6,9.7,5,8.4,4,9.0,2,9.3,3,8.4,3,8.6,5,8.9,5,10.8,5,7.5,4,7.2,5,7.0,5,8.4,2,8.3,5,7.7,3,6.5,4,8.4,4,6.8,6,9.2,2,7.3,2,10.6,4,7.1,4.0,10.8,2,9.9,2,8.7,2,11.2,4,12.4,5,12.3,2,11.5,1,12.7,2,10.8,1,15.8,1,14.1,4
2016-10-08 04:00:00,11.4,6,9.5,7,8.9,5,9.2,6,7.9,4,8.7,2,9.1,3,8.0,3,8.2,5,8.5,5,10.3,5,6.8,5,6.9,5,6.9,5,7.6,2,7.9,5,6.9,4,5.7,4,7.8,4,6.5,6,8.5,2,6.7,3,10.1,4,6.5,4.0,10.3,2,8.8,2,7.9,2,10.7,4,11.9,6,11.6,2,10.7,2,12.4,1,10.0,1,15.1,2,13.6,4
2016-10-08 05:00:00,11.1,6,9.1,7,8.5,4,8.9,6,7.7,4,8.5,2,9.0,4,7.8,3,8.0,5,8.2,5,9.9,5,6.2,5,6.8,6,6.9,6,7.0,2,7.6,4,6.1,5,5.2,4,7.4,4,6.3,7,8.1,2,6.4,5,9.8,4,5.9,5.0,9.9,3,8.1,3,7.2,2,10.4,4,11.6,6,11.1,2,10.1,2,12.3,1,9.6,1,14.6,2,13.3,5
2016-10-08 06:00:00,11.0,6,9.1,6,8.5,3,9.0,6,8.0,5,8.9,3,9.3,5,8.1,3,8.3,5,8.5,5,9.9,5,6.3,5,7.1,6,7.3,6,7.3,2,7.8,4,6.2,5,5.6,3,7.6,4,6.5,7,8.1,2,6.8,5,9.8,4,5.9,5.0,10.2,3,8.4,4,7.3,2,10.8,4,11.7,5,11.5,3,10.6,2,12.8,2,9.9,2,14.8,2,13.7,5
2016-10-08 07:00:00,11.2,6,9.7,7,9.2,4,9.8,5,9.0,5,10.1,3,10.2,5,9.2,4,9.2,5,9.4,5,10.6,5,7.7,5,8.1,6,8.2,6,8.8,2,8.8,3,7.5,4,7.3,3,8.7,4,7.3,6,8.9,2,8.1,4,10.5,4,6.7,6.0,11.4,3,10.2,3,8.6,2,12.1,4,12.6,4,13.1,3,12.5,2,14.1,2,11.4,2,16.2,2,15.1,4
2016-10-08 08:00:00,11.7,6,10.8,7,10.4,5,11.1,5,10.5,5,11.7,3,11.5,5,10.9,4,10.6,5,10.8,5,11.8,5,9.8,5,9.5,5,9.5,6,11.2,3,10.3,3,9.6,3,9.8,4,10.3,4,8.6,6,10.3,2,10.0,3,11.6,3,8.1,6.0,13.2,3,12.9,3,10.8,2,13.9,5,14.0,3,15.4,2,15.2,2,15.8,2,13.9,2,18.2,2,17.1,4
2016-10-08 09:00:00,12.3,6,12.0,6,11.8,6,12.6,5,12.0,5,13.4,3,12.9,5,12.8,5,11.9,5,12.3,4,13.1,5,11.9,5,10.9,4,10.9,6,13.6,3,12.1,3,11.8,3,12.4,4,12.1,4,10.0,5,11.8,2,12.2,2,13.0,3,10.0,6.0,15.2,3,15.7,2,13.3,2,15.7,6,15.6,2,17.8,2,17.9,2,17.6,2,16.7,2,20.0,2,19.1,4
2016-10-08 10:00:00,13.0,5,13.0,6,13.0,6,13.9,5,13.2,5,14.7,3,14.1,6,14.7,5,12.9,5,13.6,4,14.1,4,13.5,5,12.0,4,12.3,5,15.5,4,13.8,3,13.5,3,14.4,4,13.6,4,11.3,5,13.1,2,14.2,2,14.4,3,12.2,7.0,17.0,3,18.0,2,15.7,2,17.1,6,17.1,2,19.8,2,19.9,2,19.1,2,19.5,1,20.9,2,20.6,4
2016-10-08 11:00:00,13.6,5,13.9,5,14.1,6,15.0,6,14.0,5,15.7,4,15.0,6,16.3,5,13.7,4,14.6,4,14.8,4,14.6,5,13.0,4,13.4,4,16.9,4,15.2,4,14.7,4,15.7,4,14.7,4,12.5,5,14.2,3,15.8,2,15.6,2,14.2,7.0,18.4,2,19.7,2,17.6,2,18.2,5,18.5,1,21.2,1,21.2,2,20.3,2,21.9,1,21.3,2,21.6,5
2016-10-08 12:00:00,14.1,5,14.5,4,14.8,6,15.8,6,14.6,5,16.2,4,15.6,6,17.5,5,14.4,4,15.4,4,15.4,4,15.3,6,13.7,4,14.3,4,17.8,5,16.4,5,15.5,5,16.6,4,15.6,4,13.5,6,15.1,3,17.0,3,16.6,2,15.8,7.0,19.4,3,20.9,2,19.1,2,18.9,5,19.5,2,22.2,1,22.1,2,21.3,1,23.6,1,21.3,2,22.2,5
2016-10-08 13:00:00,14.3,5,14.9,5,15.2,6,16.3,6,15.0,5,16.4,4,16.0,6,18.1,6,15.0,4,16.0,4,15.8,4,15.8,6,14.3,5,14.8,5,18.4,5,17.2,6,16.1,6,17.1,5,16.3,5,14.3,6,15.7,3,17.6,3,17.2,3,16.6,6.0,20.0,3,21.6,2,19.9,2,19.3,6,20.2,3,22.7,2,22.8,2,22.1,1,24.4,1,21.4,2,22.5,5
2016-10-08 14:00:00,14.3,6,14.9,6,15.2,6,16.4,6,15.1,6,16.2,4,16.0,6,18.2,6,15.3,5,16.1,4,16.0,4,15.9,6,14.7,6,14.8,6,18.5,6,17.4,6,16.4,6,17.1,6,16.7,6,14.7,7,16.0,4,17.7,4,17.5,3,16.6,5.0,20.0,3,21.8,2,20.0,2,19.4,6,20.5,5,22.7,2,23.1,1,22.5,1,24.2,1,21.4,2,22.5,5
2016-10-08 15:00:00,14.1,3,14.7,3,15.0,5,16.1,3,14.5,6,15.6,3,15.8,3,17.7,3,15.1,3,15.8,4,15.7,4,14.7,6,13.3,7,13.9,7,17.8,2,17.0,4,16.0,5,16.0,5,15.3,6,14.1,7,15.1,4,16.4,4,16.4,4,15.9,6.0,19.0,3,20.5,2,19.0,1,18.3,6,19.9,4,21.8,1,21.9,2,22.0,1,22.7,1,21.0,2,21.8,5
2016-10-08 16:00:00,13.7,3,13.9,3,14.0,5,15.2,3,13.9,6,14.8,3,15.0,3,16.6,2,14.3,3,14.9,4,15.0,4,13.7,6,12.7,6,13.1,6,17.1,2,16.3,4,15.3,5,14.9,4,14.5,6,13.0,7,14.4,4,15.4,4,15.6,4,13.9,6.0,18.2,3,19.4,2,17.6,1,17.2,5,19.2,4,20.7,1,20.5,2,20.9,1,21.3,1,20.6,2,20.9,5
2016-10-08 17:00:00,13.2,3,12.8,4,12.6,5,14.1,3,13.0,5,13.7,3,13.9,3,15.2,2,13.2,3,13.6,3,14.0,3,12.2,5,11.8,6,12.0,5,16.1,2,15.2,4,14.4,4,13.4,3,13.5,5,11.5,7,13.4,3,14.0,3,14.6,3,11.6,6.0,17.0,3,18.0,2,15.8,1,15.6,5,18.2,3,19.3,2,18.5,2,19.4,2,19.7,1,20.1,2,19.8,4
2016-10-08 18:00:00,12.7,3,11.8,4,11.3,5,13.0,3,11.9,5,12.7,2,12.9,2,13.8,2,12.0,2,12.4,3,13.1,3,10.8,4,10.8,6,10.8,4,14.9,2,14.0,3,13.3,3,11.7,2,12.3,5,10.1,7,12.4,2,12.6,3,13.6,3,9.5,6.0,15.7,3,16.6,2,14.1,1,14.1,4,17.1,3,18.0,2,16.7,2,17.9,2,18.0,1,19.4,2,18.7,4
2016-10-08 19:00:00,12.3,4,10.9,4,10.3,5,12.0,4,10.9,4,11.9,2,12.1,3,12.7,2,11.0,2,11.5,2,12.4,3,9.7,4,10.0,6,9.9,4,13.7,2,12.8,2,12.3,3,10.1,2,11.2,5,9.2,7,11.6,2,11.3,3,12.8,4,8.2,6.0,14.6,2,15.4,2,12.9,1,13.0,4,16.1,3,17.0,1,15.4,2,16.8,2,16.5,1,18.6,3,17.8,4
2016-10-08 20:00:00,11.9,4,10.3,4,9.6,4,11.3,4,9.9,4,11.3,3,11.4,3,11.7,3,10.2,2,10.9,2,11.9,2,8.8,4,9.4,6,9.2,5,12.6,2,11.7,2,11.3,2,8.8,2,10.3,5,8.6,7,10.9,2,10.3,3,12.1,4,7.5,6.0,13.6,2,14.5,2,12.1,1,12.3,3,15.2,2,16.1,1,14.6,2,16.0,1,15.2,1,17.9,3,17.1,3
2016-10-08 21:00:00,11.5,4,9.6,4,8.9,4,10.7,4,9.2,4,10.9,3,10.9,3,10.9,3,9.5,2,10.1,3,11.3,2,8.1,4,8.8,6,8.5,5,11.5,2,10.8,2,10.2,3,7.8,2,9.5,5,8.3,7,10.2,2,9.4,3,11.5,5,7.2,6.0,12.7,2,13.6,2,11.5,2,11.7,3,14.3,2,15.1,2,13.8,2,15.1,2,14.0,2,17.3,3,16.3,4
2016-10-08 22:00:00,11.2,4,9.1,4,8.3,4,10.4,4,8.5,4,10.6,3,10.5,3,10.3,4,8.8,3,9.4,3,10.8,2,7.5,5,8.2,6,7.9,5,10.6,3,10.0,2,9.3,3,7.2,2,8.9,5,8.0,7,9.6,2,8.6,4,10.9,5,6.9,6.0,11.9,3,12.8,2,11.0,2,11.3,4,13.5,2,14.3,2,13.1,2,14.3,2,12.9,2,16.9,4,15.6,4
2016-10-08 23:00:00,11.0,4,8.6,4,7.9,4,10.1,5,7.9,4,10.5,4,10.2,4,9.8,4,8.3,3,8.8,3,10.4,3,7.0,5,7.7,6,7.5,6,9.8,3,9.4,3,8.5,3,6.8,3,8.5,5,7.8,6,9.1,2,8.1,4,10.4,5,6.7,5.0,11.3,3,12.1,3,10.5,2,10.9,4,12.8,2,13.5,2,12.6,2,13.6,2,11.9,2,16.6,4,15.0,4
2016-10-09 00:00:00,10.8,4,8.3,4,7.5,4,9.9,5,7.4,5,10.4,4,10.1,4,9.5,4,7.9,3,8.3,4,10.1,3,6.6,5,7.3,6,7.1,6,9.3,4,8.9,3,8.1,4,6.6,3,8.1,5,7.5,6,8.7,3,7.6,4,10.0,5,6.5,5.0,10.8,3,11.6,3,10.0,3,10.7,4,12.1,3,12.8,3,12.3,2,13.0,3,11.1,3,16.4,4,14.4,4
2016-10-09 01:00:00,10.7,4,8.0,5,7.1,4,9.6,5,7.0,5,10.3,4,10.0,5,9.2,5,7.7,4,8.0,4,9.9,3,6.3,6,7.0,6,6.8,6,9.0,4,8.6,3,7.8,4,6.5,4,7.9,5,7.3,6,8.4,3,7.3,5,9.8,5,6.3,5.0,10.4,4,11.1,4,9.6,4,10.5,4,11.6,3,12.3,3,12.1,3,12.5,3,10.4,3,16.1,4,14.0,4
2016-10-09 02:00:00,10.6,5,7.8,5,6.8,4,9.2,5,6.7,5,10.1,5,10.0,5,8.9,5,7.6,4,7.8,4,9.7,4,6.1,6,6.7,6,6.6,6,8.8,5,8.4,4,7.6,5,6.2,5,7.7,5,7.0,6,8.1,4,7.1,5,9.6,5,6.0,5.0,10.2,4,10.7,4,9.3,4,10.3,5,11.1,4,11.9,4,12.0,3,12.2,3,9.8,4,15.8,4,13.6,5
2016-10-09 03:00:00,10.4,5,8.3,5,6.5,4,8.8,3,5.5,2,10.0,2,9.6,3,8.5,2,6.4,2,6.6,2,8.8,2,5.2,2,5.4,3,5.4,4,8.4,1,7.4,1,6.1,1,4.6,2,6.8,2,5.5,6,7.1,1,6.0,3,7.7,3,5.9,6.0,9.6,1,10.1,1,8.4,1,9.5,2,10.0,1,11.5,1,12.0,1,11.5,1,9.8,2,15.7,2,13.5,2
2016-10-09 04:00:00,10.1,5,7.7,5,5.7,4,8.3,3,4.9,2,9.7,2,9.3,3,8.1,1,5.8,3,6.0,2,8.1,3,4.4,3,5.0,4,5.2,5,7.8,1,6.8,1,5.2,1,3.9,2,6.2,2,5.1,6,6.3,2,5.2,4,7.2,3,5.4,6.0,8.9,1,9.4,1,8.0,1,8.9,2,9.2,2,10.6,1,11.3,1,10.9,1,9.1,2,15.3,2,12.9,2
2016-10-09 05:00:00,9.9,5,7.1,5,5.1,3,7.9,3,4.6,2,9.5,2,9.1,4,7.9,1,5.4,3,5.5,3,7.5,3,3.7,3,4.7,5,5.1,5,7.4,1,6.3,1,4.5,2,3.5,2,5.7,2,4.9,6,5.7,2,4.6,4,6.9,3,5.0,6.0,8.3,1,9.0,1,7.8,1,8.5,2,8.7,2,10.0,1,10.7,1,10.5,1,8.8,2,15.2,2,12.6,2
2016-10-09 06:00:00,9.9,5,7.0,4,5.1,2,7.9,3,5.0,3,9.7,3,9.2,4,8.0,2,5.7,3,5.7,3,7.5,3,3.9,4,4.9,5,5.5,6,7.6,2,6.4,1,4.6,2,4.0,2,5.7,2,5.0,6,5.6,2,4.7,4,7.0,3,5.1,7.0,8.5,1,9.3,1,8.1,1,8.7,2,8.8,2,10.2,1,10.8,1,10.8,1,9.5,2,15.5,2,12.9,2
2016-10-09 07:00:00,10.3,4,7.7,4,6.1,2,8.7,3,6.3,3,10.3,3,9.8,4,8.7,2,6.8,4,6.8,3,8.4,3,5.3,4,5.8,5,6.5,6,8.7,2,7.2,1,5.9,1,5.6,2,6.6,2,5.7,6,6.4,1,5.8,4,7.7,3,5.9,7.0,9.7,1,10.6,1,9.1,1,10.0,2,9.8,2,11.7,1,12.1,1,12.0,1,11.5,2,16.6,2,14.2,2
2016-10-09 08:00:00,10.9,4,8.9,5,7.8,3,9.9,3,8.1,3,11.3,3,10.6,4,9.8,3,8.5,4,8.6,3,9.8,4,7.3,4,7.2,5,7.9,6,10.4,3,8.6,1,8.0,1,8.0,2,8.1,3,6.9,6,7.9,1,7.6,3,8.8,2,7.2,7.0,11.7,1,12.4,1,10.5,1,11.9,2,11.4,1,13.9,1,14.1,1,13.9,1,14.2,2,18.0,2,16.0,2
2016-10-09 09:00:00,11.6,4,10.4,5,9.7,4,11.2,3,10.0,3,12.3,4,11.6,4,11.3,4,10.2,4,10.5,4,11.4,4,9.4,4,8.7,5,9.5,6,12.3,3,10.3,2,10.1,2,10.3,2,9.8,3,8.3,5,9.6,1,9.5,3,10.1,2,8.9,6.0,13.8,1,14.4,1,12.2,1,13.8,2,13.4,1,16.2,1,16.1,1,15.7,1,16.9,2,19.2,2,17.8,1
2016-10-09 10:00:00,12.3,4,11.7,5,11.4,5,12.3,4,11.6,3,13.3,4,12.5,4,12.9,5,11.5,5,12.1,5,12.7,5,10.9,4,10.1,5,10.9,5,13.9,3,11.9,2,11.7,2,12.1,2,11.4,3,9.7,5,11.2,2,11.2,3,11.5,2,10.7,5.0,15.6,1,16.0,1,13.9,1,15.3,2,15.3,1,18.0,1,17.7,1,17.1,1,19.0,2,19.9,2,19.2,1
2016-10-09 11:00:00,12.8,5,12.8,5,12.7,6,13.2,5,12.8,4,14.1,4,13.2,4,14.5,5,12.4,6,13.4,6,13.7,6,11.9,4,11.3,6,12.2,5,15.3,3,13.4,2,12.8,3,13.3,3,12.7,3,11.0,6,12.5,2,12.6,3,12.8,2,12.4,4.0,17.0,1,17.3,2,15.3,1,16.3,2,17.0,1,19.2,1,18.8,1,18.2,1,20.4,2,20.1,2,20.1,1
2016-10-09 12:00:00,13.2,5,13.6,5,13.6,6,13.9,6,13.5,4,14.7,4,13.7,5,15.7,6,13.0,6,14.3,6,14.3,6,12.7,4,12.2,6,13.1,5,16.2,3,14.5,3,13.6,4,14.2,3,13.7,3,12.1,6,13.5,3,13.6,3,13.8,2,13.6,4.0,18.0,1,18.1,2,16.5,1,17.0,3,18.3,1,20.1,1,19.6,1,19.1,1,21.3,2,20.1,2,20.7,1
2016-10-09 13:00:00,13.3,4,14.0,5,14.1,6,14.4,5,13.8,5,14.9,4,14.0,5,16.3,6,13.4,6,14.7,6,14.6,6,13.3,4,12.8,6,13.7,5,16.7,3,15.2,3,14.2,5,14.9,4,14.3,4,12.8,6,14.1,3,14.3,4,14.5,2,14.2,4.0,18.6,1,18.5,2,17.3,1,17.5,3,19.0,1,20.7,1,20.2,1,19.9,1,21.6,1,20.1,2,21.1,1
2016-10-09 14:00:00,13.2,4,13.9,4,14.1,6,14.5,5,13.7,6,14.8,4,14.1,5,16.4,5,13.5,5,14.7,5,14.6,5,13.6,4,12.9,6,13.8,6,16.8,4,15.5,4,14.5,6,15.1,5,14.5,4,13.0,6,14.4,2,14.5,4,14.7,3,14.0,4.0,18.7,1,18.5,2,17.4,1,17.6,3,19.1,1,20.9,1,20.5,1,20.3,1,21.5,1,20.1,2,21.2,2
2016-10-09 15:00:00,13.4,4,13.7,4,13.9,6,14.7,4,14.1,4,14.7,4,14.2,5,16.3,4,14.1,5,15.0,5,14.8,5,13.9,3,12.6,4,12.6,6,16.6,3,16.0,6,14.8,3,14.8,4,14.2,3,12.1,5,14.3,2,13.9,3,14.2,2,12.5,4.0,18.7,1,17.6,1,17.1,1,17.4,4,18.8,1,20.3,1,19.8,1,19.6,1,20.9,1,20.3,2,20.8,2
2016-10-09 16:00:00,13.0,4,12.9,4,13.0,6,13.8,4,13.2,4,13.8,4,13.5,5,15.2,4,13.5,5,14.1,5,14.2,5,12.8,3,11.7,4,11.6,5,15.8,3,15.2,5,14.1,3,13.6,4,13.2,3,11.0,5,13.5,2,13.2,3,13.5,2,11.0,4.0,18.0,2,16.6,1,15.8,1,16.4,3,18.1,1,19.2,1,18.4,1,18.6,1,19.7,1,19.8,2,20.0,1
2016-10-09 17:00:00,12.5,4,11.8,4,11.9,6,12.6,4,12.0,3,12.6,4,12.5,4,13.7,4,12.6,5,12.9,5,13.3,5,11.3,3,10.5,4,10.3,5,14.7,4,14.0,5,13.1,4,12.1,3,11.8,2,9.5,6,12.5,2,12.1,2,12.5,2,9.2,4.0,16.9,2,15.4,1,14.0,1,15.1,3,17.2,1,17.8,1,16.6,1,17.2,1,18.1,1,19.1,3,19.0,1
2016-10-09 18:00:00,12.0,4,10.8,3,10.7,5,11.4,4,10.7,2,11.5,4,11.5,3,12.3,3,11.5,5,11.7,4,12.5,4,9.6,2,9.2,3,8.9,4,13.6,4,12.7,4,11.9,4,10.3,3,10.3,2,8.0,5,11.5,2,10.8,1,11.4,1,7.6,3.0,15.7,2,14.2,1,12.4,1,13.6,3,16.2,1,16.4,1,14.9,1,15.8,1,16.5,1,18.4,3,17.9,1
2016-10-09 19:00:00,11.6,3,10.0,3,9.8,4,10.5,3,9.4,2,10.7,4,10.6,3,11.1,3,10.4,4,10.8,4,11.8,4,8.1,2,7.9,2,7.7,3,12.5,4,11.5,4,10.8,5,8.6,3,9.0,1,6.7,4,10.7,2,9.4,1,10.5,1,6.6,3.0,14.5,2,13.2,1,11.3,1,12.3,2,15.1,1,15.4,1,13.8,1,14.8,1,15.1,1,17.8,3,17.0,1
2016-10-09 20:00:00,11.2,3,9.3,3,9.1,4,9.8,3,8.3,1,10.1,4,9.9,3,10.2,3,9.3,3,10.0,3,11.2,3,6.8,2,6.7,2,6.6,3,11.6,5,10.5,3,9.9,5,7.1,2,8.0,1,5.5,3,10.0,2,8.2,1,9.7,1,6.0,2.0,13.3,2,12.4,1,10.6,1,11.2,2,14.1,1,14.5,1,13.2,1,14.1,1,13.9,1,17.3,3,16.2,1
2016-10-09 21:00:00,10.8,3,8.7,3,8.4,3,9.2,3,7.4,2,9.7,4,9.3,3,9.4,3,8.5,3,9.3,3,10.5,3,5.8,3,5.7,2,5.7,3,10.7,5,9.6,3,8.9,5,5.9,2,7.1,1,4.6,3,9.3,2,7.2,2,8.9,1,5.5,3.0,12.3,2,11.6,1,9.9,1,10.4,2,13.0,2,13.6,1,12.4,2,13.2,1,12.8,2,16.8,3,15.3,2
2016-10-09 22:00:00,10.4,3,8.2,3,7.7,3,8.7,4,6.8,2,9.4,4,8.8,3,8.7,4,7.9,4,8.5,4,9.9,3,5.1,3,5.0,2,5.0,4,10.0,5,8.9,4,8.0,5,5.1,2,6.3,1,3.9,3,8.6,2,6.3,2,8.2,1,5.2,3.0,11.5,3,10.9,1,9.3,2,9.8,2,12.0,2,12.7,2,11.8,2,12.4,1,11.8,2,16.3,4,14.4,2
2016-10-09 23:00:00,10.2,4,7.8,4,7.1,3,8.4,4,6.4,3,9.2,5,8.4,3,8.1,4,7.4,4,7.8,4,9.4,4,4.7,3,4.4,3,4.5,4,9.4,5,8.3,4,7.1,5,4.5,2,5.8,1,3.5,4,8.1,3,5.6,3,7.6,1,4.9,3.0,10.8,3,10.3,1,8.9,2,9.5,3,11.0,2,12.0,2,11.2,2,11.7,2,10.9,3,15.9,4,13.6,2
2016-10-10 00:00:00,9.9,4,7.6,4,6.8,4,8.2,4,6.1,3,9.1,5,8.1,4,7.7,4,7.0,4,7.2,4,8.8,4,4.6,4,4.1,3,4.1,4,8.9,6,7.9,4,6.5,5,4.1,3,5.3,1,3.2,4,7.6,3,5.1,3,7.1,1,4.6,3.0,10.2,4,9.8,2,8.6,2,9.2,3,10.1,3,11.4,3,10.8,3,11.2,2,10.2,3,15.5,4,12.9,2
2016-10-10 01:00:00,9.8,4,7.3,4,6.6,4,7.9,4,5.8,4,8.9,5,8.0,4,7.3,5,6.6,5,6.7,5,8.2,4,4.5,4,3.9,3,4.0,5,8.5,6,7.4,5,6.0,5,3.8,3,5.0,1,3.1,4,7.2,4,4.6,4,6.8,1,4.5,3.0,9.6,4,9.3,2,8.3,2,8.8,4,9.2,3,10.9,3,10.5,3,10.8,2,9.6,4,15.2,5,12.3,3
2016-10-10 02:00:00,9.6,4,7.1,5,6.4,5,7.7,5,5.3,4,8.7,5,7.9,5,7.1,5,6.1,5,6.2,5,7.7,5,4.3,5,3.9,4,4.0,5,8.1,6,6.8,5,5.6,5,3.4,4,4.8,1,3.1,5,6.8,4,4.2,4,6.5,1,4.3,4.0,9.1,4,8.8,2,8.0,3,8.4,4,8.4,4,10.4,4,10.3,4,10.6,2,9.1,4,14.8,4,11.9,4
2016-10-10 03:00:00,9.4,2,6.7,2,6.1,3,7.7,2,4.9,1,7.8,2,7.9,2,7.6,2,5.5,1,5.7,1,8.1,1,3.7,1,4.3,2,4.8,2,7.8,2,6.5,2,4.7,1,2.5,2,4.9,1,4.3,5,6.4,2,3.7,2,5.1,1,3.0,3.0,8.6,1,9.1,1,7.5,1,7.8,1,8.4,1,10.2,1,10.9,1,10.2,1,9.0,2,14.2,2,12.5,2
2016-10-10 04:00:00,9.2,2,6.2,1,5.5,3,7.0,1,4.4,2,7.3,2,7.6,2,7.1,2,5.1,1,5.1,1,7.7,1,2.9,1,3.6,2,4.5,2,7.1,2,6.0,1,3.8,1,1.7,2,4.3,2,3.8,5,5.7,2,2.9,2,4.6,1,2.3,2.0,7.9,1,8.5,1,6.9,1,7.0,1,7.6,1,9.3,1,10.2,1,9.8,1,8.3,2,13.5,2,11.7,2
2016-10-10 05:00:00,9.1,2,5.8,1,5.1,2,6.4,1,4.2,2,7.0,3,7.4,2,6.8,2,4.9,1,4.8,1,7.5,1,2.5,2,3.0,2,4.4,2,6.7,2,5.7,1,3.1,2,1.3,2,3.9,2,3.4,5,5.0,2,2.3,2,4.5,2,1.8,2.0,7.4,1,8.1,1,6.5,1,6.6,1,7.2,1,8.6,1,9.7,1,9.7,1,8.0,2,13.0,2,11.2,2
2016-10-10 06:00:00,9.2,2,6.0,1,5.2,2,6.5,2,4.7,2,7.3,4,7.7,2,7.1,2,5.4,1,5.2,1,7.7,1,2.9,2,3.2,3,4.7,2,6.9,2,5.9,1,3.2,2,1.9,2,4.1,2,3.6,5,5.0,2,2.5,2,4.7,2,2.0,2.0,7.7,1,8.3,1,6.5,1,7.0,1,7.4,1,8.8,1,9.8,1,10.1,2,8.5,2,13.3,2,11.5,2
2016-10-10 07:00:00,9.5,3,6.9,2,6.3,2,7.6,2,6.1,2,8.5,4,8.7,3,8.2,2,6.7,2,6.6,1,8.5,1,4.5,2,4.4,3,5.8,2,8.1,2,6.9,1,4.5,2,3.7,2,5.2,2,4.7,4,5.9,2,3.8,2,5.5,2,3.1,2.0,9.0,1,9.5,1,7.4,1,8.6,1,8.6,1,10.3,1,11.0,1,11.1,2,10.2,2,14.6,2,12.9,2
2016-10-10 08:00:00,10.0,4,8.3,3,8.0,3,9.4,3,7.9,2,10.3,3,10.1,3,9.8,2,8.4,2,8.7,1,9.8,1,6.9,2,6.4,3,7.3,2,9.9,3,8.5,1,6.7,1,6.4,2,6.9,2,6.4,3,7.4,2,5.8,2,6.8,2,5.1,2.0,11.0,1,11.3,1,8.8,1,10.9,1,10.4,1,12.6,1,12.8,1,12.6,1,12.7,2,16.5,2,14.9,2
2016-10-10 09:00:00,10.6,4,9.9,3,9.9,3,11.2,3,9.9,2,12.1,2,11.6,4,11.7,2,10.1,2,10.7,1,11.2,1,9.3,2,8.4,2,9.0,2,12.0,3,10.3,1,9.0,1,9.1,2,8.8,2,8.3,2,9.2,1,8.0,2,8.3,2,7.5,1.0,13.2,1,13.2,1,10.7,1,13.2,1,12.6,1,14.9,1,14.7,1,14.2,1,15.3,2,18.2,2,17.0,2
2016-10-10 10:00:00,11.3,5,11.3,4,11.4,4,12.6,3,11.5,2,13.5,3,12.8,4,13.5,3,11.4,2,12.3,1,12.5,1,11.1,2,10.1,2,10.6,2,13.9,3,12.1,1,11.0,1,11.3,2,10.5,2,10.0,3,10.9,1,9.9,2,10.0,1,10.1,1.0,15.1,1,14.9,1,12.6,1,14.9,1,14.7,1,16.7,1,16.3,1,15.7,1,17.6,3,19.2,2,18.5,2
2016-10-10 11:00:00,12.1,5,12.4,4,12.6,5,13.6,3,12.7,2,14.5,3,13.7,4,15.1,4,12.3,2,13.4,2,13.5,2,12.4,2,11.4,2,11.8,3,15.4,3,13.8,2,12.5,1,12.9,2,12.0,2,11.4,3,12.3,1,11.5,2,11.5,1,12.4,1.0,16.7,1,16.2,1,14.4,1,16.1,1,16.6,1,18.0,1,17.5,1,17.1,1,19.4,3,19.6,2,19.5,1
2016-10-10 12:00:00,12.6,5,13.2,5,13.4,5,14.2,3,13.5,2,15.1,3,14.3,4,16.3,4,13.0,2,14.2,2,14.3,2,13.3,2,12.3,3,12.8,3,16.5,3,15.0,2,13.6,1,14.1,2,13.2,2,12.4,4,13.4,1,12.7,2,12.8,2,14.0,2.0,17.8,1,17.1,1,15.8,1,16.9,1,18.0,1,18.9,1,18.5,1,18.2,1,20.5,4,19.7,2,20.2,1
2016-10-10 13:00:00,12.8,5,13.7,5,13.9,6,14.6,3,13.9,3,15.4,3,14.7,4,16.9,4,13.5,2,14.8,2,14.7,2,13.8,2,12.9,3,13.3,4,17.1,4,15.7,2,14.3,2,14.9,2,14.0,2,13.1,5,14.1,1,13.5,2,13.6,2,14.5,2.0,18.5,1,17.5,1,16.6,1,17.6,2,18.9,1,19.5,1,19.2,1,19.0,1,21.0,4,19.8,3,20.6,1
2016-10-10 14:00:00,12.8,4,13.8,5,13.9,6,14.7,4,13.8,3,15.2,3,14.7,4,16.9,4,13.8,2,15.0,2,14.7,2,13.9,3,13.0,3,13.4,5,17.2,5,15.8,2,14.6,2,15.1,2,14.3,2,13.2,5,14.4,1,13.8,2,13.8,2,14.1,2.0,18.8,1,17.4,1,16.8,1,17.9,2,19.2,1,19.6,1,19.5,1,19.2,2,20.8,5,19.8,4,20.7,1
2016-10-10 15:00:00,12.2,4,12.3,5,12.9,6,13.7,6,13.8,6,13.7,4,13.1,5,15.9,4,13.3,6,14.2,6,13.9,6,13.3,6,12.3,5,12.8,7,16.2,3,15.3,6,13.9,5,14.2,4,13.8,3,12.4,7,13.0,3,13.1,4,13.4,2,11.6,3.0,17.8,2,16.5,2,15.8,1,16.8,4,18.2,2,19.3,1,18.8,1,18.6,1,19.2,3,19.3,4,20.2,2
2016-10-10 16:00:00,11.8,4,11.5,5,11.8,6,12.9,5,12.9,6,12.8,4,12.4,5,14.8,4,12.6,5,13.3,5,13.2,5,12.0,5,11.5,5,11.8,6,15.3,3,14.3,6,13.1,5,12.9,4,13.0,3,11.2,7,12.2,2,12.2,4,12.8,2,9.9,3.0,16.8,2,15.6,2,14.5,1,15.7,4,17.3,3,18.2,2,17.5,2,17.6,1,18.2,3,18.9,4,19.3,2
2016-10-10 17:00:00,11.3,4,10.5,4,10.6,5,11.8,5,11.7,5,11.7,4,11.5,4,13.3,3,11.5,4,12.1,4,12.3,4,10.3,4,10.3,4,10.5,5,14.1,2,13.0,6,12.0,5,11.1,4,11.8,2,9.5,6,11.3,2,11.0,4,11.9,2,8.1,3.0,15.5,2,14.5,2,12.9,1,14.1,4,16.2,3,16.8,2,15.7,3,16.3,2,17.0,4,18.3,5,18.1,2
2016-10-10 18:00:00,10.9,4,9.6,4,9.4,4,10.8,4,10.3,4,10.7,4,10.6,3,11.9,3,10.3,4,10.9,3,11.4,3,8.7,4,9.1,4,9.2,4,12.8,2,11.8,6,10.9,5,9.4,4,10.4,2,7.9,6,10.3,2,9.7,3,10.9,3,6.7,3.0,14.2,2,13.4,2,11.4,1,12.4,3,15.0,3,15.4,2,14.0,3,15.1,2,15.6,4,17.6,5,16.9,2
2016-10-10 19:00:00,10.6,4,9.0,3,8.6,4,10.1,4,9.1,5,9.9,4,10.0,3,10.7,3,9.3,3,9.9,3,10.8,3,7.7,4,8.0,4,8.1,4,11.7,2,10.9,5,10.1,5,8.1,4,9.1,2,6.7,6,9.6,3,8.5,3,10.0,3,5.8,4.0,13.1,3,12.6,2,10.4,2,11.0,3,14.0,3,14.4,2,13.0,3,14.3,2,14.3,4,16.9,5,15.9,2
2016-10-10 20:00:00,10.5,4,8.6,3,8.1,4,9.6,4,8.1,6,9.2,4,9.5,3,9.8,3,8.4,4,9.1,4,10.4,4,7.1,4,7.1,4,7.2,4,10.9,2,10.3,4,9.4,6,7.2,4,7.9,2,5.8,6,9.0,3,7.4,4,9.3,3,5.4,4.0,12.1,3,11.9,2,9.8,3,9.8,3,13.1,3,13.6,2,12.4,3,13.7,2,13.2,4,16.3,4,15.1,2
2016-10-10 21:00:00,10.2,4,8.2,4,7.5,4,9.1,4,7.3,6,8.7,4,9.0,4,9.0,3,7.8,4,8.4,4,9.9,4,6.5,4,6.3,4,6.4,4,10.0,2,9.7,4,8.7,6,6.4,5,7.1,2,5.1,6,8.5,3,6.5,4,8.6,3,5.0,4.0,11.1,3,11.3,3,9.1,3,9.0,3,12.1,3,12.7,2,11.8,3,13.0,2,12.2,4,15.8,5,14.3,2
2016-10-10 22:00:00,10.1,4,7.8,4,7.1,4,8.7,4,6.8,6,8.4,4,8.7,4,8.4,3,7.2,4,7.7,4,9.5,4,6.0,4,5.7,4,5.8,5,9.3,3,9.0,5,8.0,6,5.7,5,6.4,3,4.6,6,8.0,3,5.8,3,8.0,4,4.5,4.0,10.3,3,10.8,3,8.5,3,8.5,3,11.1,3,11.9,2,11.3,3,12.3,2,11.3,4,15.3,5,13.5,3
2016-10-10 23:00:00,9.9,4,7.6,4,6.7,5,8.3,4,6.5,6,8.2,4,8.4,4,7.9,4,6.8,4,7.2,5,9.1,5,5.6,4,5.4,4,5.2,5,8.6,4,8.4,5,7.4,6,5.1,6,5.9,3,4.2,6,7.5,4,5.2,3,7.4,4,4.0,4.0,9.6,3,10.3,3,8.1,4,8.2,4,10.1,4,11.1,3,10.9,3,11.7,3,10.6,4,15.0,5,12.8,3
2016-10-11 00:00:00,9.8,4,7.4,5,6.4,5,8.0,4,6.2,6,8.1,5,8.2,4,7.5,4,6.5,5,6.7,5,8.8,5,5.3,5,5.2,4,4.9,5,8.1,4,7.8,5,6.8,6,4.6,6,5.5,4,4.0,6,7.2,4,4.8,3,7.0,4,3.8,4.0,9.1,3,9.9,4,7.6,4,8.0,4,9.4,4,10.6,3,10.7,3,11.2,3,9.9,4,14.6,5,12.3,3
2016-10-11 01:00:00,9.8,4,7.2,5,6.2,5,7.8,4,5.9,6,8.0,5,8.2,4,7.3,4,6.2,5,6.3,5,8.5,5,5.0,5,5.0,5,4.7,6,7.7,5,7.5,5,6.3,6,4.2,5,5.2,4,3.9,6,6.9,4,4.5,4,6.6,5,3.8,5.0,8.7,4,9.5,4,7.3,5,7.9,4,8.9,4,10.4,4,10.6,4,10.8,4,9.3,5,14.3,5,11.8,4
2016-10-11 02:00:00,9.7,4,7.1,5,6.0,6,7.6,5,5.6,5,8.0,5,8.2,5,7.1,4,6.0,5,6.0,5,8.2,5,4.8,6,4.9,5,4.5,6,7.4,5,7.1,6,5.8,6,3.7,5,5.1,5,3.9,6,6.6,5,4.2,5,6.4,5,3.9,5.0,8.4,4,9.0,4,7.0,5,7.8,5,8.7,4,10.3,4,10.5,4,10.5,4,8.7,5,13.9,5,11.5,4
2016-10-11 03:00:00,8.5,2,6.4,5,5.1,2,7.1,2,4.2,3,7.2,2,7.1,2,5.9,2,5.4,6,5.2,6,7.2,6,4.1,3,4.3,5,4.5,5,6.4,2,6.1,5,5.2,6,3.2,4,5.0,6,4.2,7,5.2,3,4.1,5,5.2,5,2.8,5.0,7.8,1,8.3,4,6.7,5,6.9,3,7.7,2,9.3,3,9.8,4,9.8,4,8.3,4,13.3,7,11.1,4
2016-10-11 04:00:00,8.1,2,5.7,5,4.5,2,6.6,3,3.7,3,6.8,1,6.7,2,5.6,2,4.9,6,4.7,6,6.6,6,3.3,3,3.7,5,4.3,5,5.6,2,5.4,5,4.6,6,2.5,3,4.5,7,3.8,7,4.6,2,3.3,6,4.7,6,2.3,5.0,7.3,2,7.7,3,6.5,5,6.4,3,7.2,2,8.7,3,9.3,4,9.4,5,7.8,5,12.8,7,10.6,4
2016-10-11 05:00:00,7.9,2,5.1,5,4.0,2,6.2,4,3.4,4,6.6,1,6.4,2,5.4,2,4.4,6,4.4,6,6.1,6,2.6,2,3.1,4,4.2,6,4.9,2,4.8,5,4.0,6,2.1,3,4.2,7,3.4,7,4.2,2,2.7,6,4.5,6,1.9,6.0,6.8,2,7.4,3,6.4,5,6.1,4,6.9,3,8.3,3,8.9,3,9.2,5,7.6,5,12.5,6,10.4,4
2016-10-11 06:00:00,7.9,2,5.0,5,4.1,2,6.2,5,3.8,4,6.9,1,6.5,2,5.6,2,4.5,5,4.7,6,6.1,6,2.7,2,3.2,4,4.5,6,5.0,1,4.8,5,4.1,6,2.5,3,4.4,7,3.5,7,4.2,2,2.7,6,4.6,6,1.9,6.0,7.0,2,7.6,2,6.6,5,6.5,4,7.2,3,8.6,2,9.1,2,9.4,5,8.1,5,12.6,6,10.7,4
2016-10-11 07:00:00,8.3,2,5.7,5,5.1,2,6.9,6,5.1,3,8.0,2,7.4,2,6.5,2,5.4,5,5.8,5,7.0,6,4.0,2,4.2,4,5.5,6,6.2,1,5.6,4,5.1,5,4.1,3,5.3,6,4.3,7,4.8,2,3.7,5,5.2,6,2.6,6.0,8.0,2,8.7,1,7.2,5,8.0,4,8.2,3,9.9,2,10.2,2,10.3,5,9.7,5,13.5,7,11.8,5
2016-10-11 08:00:00,9.0,2,7.0,5,6.8,3,8.1,6,6.9,3,9.6,2,8.7,2,7.9,2,6.9,5,7.4,5,8.4,5,6.2,2,5.9,3,6.9,6,8.1,1,7.0,4,6.7,4,6.3,2,6.7,6,5.5,7,6.0,2,5.3,4,6.2,5,3.9,7.0,9.6,2,10.3,1,8.2,4,10.0,5,9.8,3,11.9,2,12.0,2,11.6,4,11.7,5,14.7,7,13.3,5
2016-10-11 09:00:00,9.8,3,8.5,5,8.6,3,9.5,5,8.8,2,11.2,3,10.2,2,9.7,2,8.5,4,9.1,4,9.9,4,8.4,2,7.7,3,8.5,6,10.3,2,8.7,4,8.5,3,8.6,2,8.3,5,7.0,7,7.3,2,7.2,4,7.5,4,5.4,7.0,11.4,2,12.0,2,9.3,4,11.9,5,11.6,3,13.9,2,13.7,2,13.0,3,13.7,5,15.7,6,14.9,6
2016-10-11 10:00:00,10.5,4,9.9,4,10.2,4,10.8,4,10.5,2,12.6,3,11.5,2,11.6,2,9.8,3,10.6,3,11.2,3,10.1,2,9.2,3,10.0,5,12.2,2,10.3,4,10.0,2,10.3,2,9.8,4,8.4,7,8.6,3,8.9,4,8.9,4,6.9,7.0,13.1,2,13.4,2,10.5,4,13.2,6,13.3,3,15.5,2,15.1,2,14.2,2,15.0,5,16.2,6,16.1,6
2016-10-11 11:00:00,11.1,5,11.0,4,11.5,4,11.9,3,11.8,2,13.7,2,12.6,2,13.3,2,10.8,2,11.8,2,12.2,2,11.3,2,10.4,3,11.3,4,13.7,3,11.7,4,11.1,2,11.5,2,11.2,4,9.7,7,9.9,3,10.2,4,10.3,4,8.3,7.0,14.6,1,14.4,3,11.6,5,14.0,6,14.7,4,16.7,2,16.0,3,15.2,2,15.7,5,16.3,5,17.0,5
2016-10-11 12:00:00,11.6,5,11.8,4,12.3,5,12.8,2,12.7,2,14.4,2,13.4,2,14.6,2,11.5,2,12.7,2,12.8,2,12.1,2,11.3,4,12.2,4,14.8,3,12.8,4,11.9,2,12.4,2,12.2,4,10.7,7,10.9,3,11.2,5,11.4,5,9.3,7.0,15.7,2,15.1,3,12.5,5,14.6,6,15.8,5,17.5,2,16.8,3,16.0,1,16.1,5,16.2,4,17.6,5
2016-10-11 13:00:00,11.9,5,12.2,4,12.6,5,13.4,2,13.1,2,14.7,2,13.9,2,15.4,2,12.0,2,13.2,3,13.1,3,12.5,2,11.8,5,12.7,5,15.5,3,13.5,4,12.5,2,13.1,2,12.8,4,11.3,7,11.7,3,11.8,6,12.1,5,9.8,7.0,16.5,2,15.5,3,13.0,5,15.1,6,16.5,5,18.0,1,17.4,3,16.7,1,16.3,5,16.2,4,18.0,4
2016-10-11 14:00:00,11.9,4,12.1,5,12.4,5,13.6,2,12.9,3,14.6,2,14.0,2,15.5,2,12.2,4,13.2,4,13.1,4,12.4,2,11.9,6,12.6,6,15.7,2,13.7,4,12.7,3,13.3,2,12.9,5,11.3,7,12.0,3,12.0,6,12.3,6,9.7,7.0,16.7,2,15.6,3,13.1,5,15.4,5,16.7,5,18.2,1,17.6,2,17.0,1,16.3,5,16.2,4,18.2,4
2016-10-11 15:00:00,11.9,5,11.6,6,11.5,7,13.4,3,12.4,5,14.2,2,13.8,2,15.0,2,11.7,5,12.6,5,12.6,5,11.9,3,11.4,6,12.5,6,15.4,2,13.9,4,12.4,3,12.6,3,12.3,4,11.4,7,11.9,1,11.5,6,11.9,5,9.0,7.0,16.6,2,15.2,2,12.3,2,15.1,4,16.5,2,17.9,1,17.1,1,16.9,2,15.1,6,15.5,5,18.4,4
2016-10-11 16:00:00,11.5,6,10.9,6,10.7,7,12.6,3,11.6,5,13.3,2,13.0,2,13.9,2,11.3,4,12.0,4,12.1,4,11.0,3,10.5,6,11.4,6,14.6,2,13.1,3,11.8,2,11.5,2,11.4,4,10.2,7,11.1,1,10.8,5,11.4,4,7.6,7.0,15.9,2,14.4,2,11.2,2,14.2,4,15.9,2,16.9,1,15.8,1,16.1,1,14.4,6,15.4,5,17.7,3
2016-10-11 17:00:00,11.1,6,10.1,6,9.8,7,11.5,2,10.5,5,12.3,2,11.9,2,12.4,2,10.6,3,11.1,3,11.4,3,9.6,2,9.4,6,10.0,5,13.4,1,12.0,2,10.9,2,9.9,2,10.0,3,8.7,6,10.1,2,9.7,4,10.7,4,6.1,6.0,14.9,2,13.3,2,9.7,1,12.8,3,15.1,2,15.6,1,14.2,1,14.8,1,13.3,5,15.1,5,16.7,2
2016-10-11 18:00:00,10.7,6,9.3,5,9.0,6,10.4,2,9.4,4,11.2,2,10.9,2,11.0,2,9.8,2,10.2,2,10.8,2,8.2,2,8.3,5,8.6,4,12.2,1,10.8,2,10.0,2,8.2,2,8.6,2,7.2,6,9.1,2,8.5,3,9.8,3,4.8,6.0,13.7,2,12.2,1,8.4,1,11.5,3,14.2,2,14.3,1,12.7,1,13.6,1,12.1,4,14.7,5,15.7,2
2016-10-11 19:00:00,10.4,5,8.7,5,8.4,6,9.5,3,8.5,4,10.3,2,10.2,2,9.9,2,9.0,3,9.4,3,10.4,3,7.0,2,7.3,4,7.4,4,11.0,1,9.7,2,9.2,2,6.6,2,7.4,2,6.0,6,8.4,2,7.2,3,9.0,2,4.0,5.0,12.6,2,11.3,1,7.6,1,10.5,3,13.3,2,13.3,1,11.7,1,12.7,1,11.0,4,14.2,5,14.8,2
2016-10-11 20:00:00,10.1,4,8.2,5,8.0,6,8.7,4,7.7,3,9.6,2,9.7,2,9.0,2,8.2,4,8.7,4,10.0,4,6.0,2,6.4,4,6.4,3,10.0,1,8.8,2,8.3,2,5.3,1,6.5,2,5.2,6,7.8,1,6.0,3,8.2,2,3.4,5.0,11.6,2,10.5,1,7.2,1,9.9,3,12.5,2,12.5,1,11.0,1,11.9,1,9.9,3,13.5,4,14.1,2
2016-10-11 21:00:00,9.9,4,7.9,5,7.7,6,8.1,4,7.2,3,9.1,2,9.1,2,8.3,2,7.8,5,8.0,4,9.7,5,5.3,3,5.7,4,5.6,4,9.1,2,8.0,2,7.4,2,4.3,2,5.8,2,4.4,6,7.2,2,5.2,3,7.4,2,2.8,5.0,10.8,2,9.8,1,6.7,2,9.3,3,11.6,2,11.5,1,10.2,1,11.1,1,9.0,3,13.0,4,13.3,2
2016-10-11 22:00:00,9.8,4,7.7,5,7.5,6,7.7,4,6.8,3,8.7,3,8.7,3,7.8,2,7.5,5,7.5,4,9.3,5,4.8,3,5.2,4,5.0,4,8.4,3,7.4,3,6.5,3,3.5,2,5.2,2,3.9,5,6.7,2,4.5,3,6.7,3,2.4,5.0,10.1,2,9.1,2,6.2,2,8.7,3,10.8,2,10.6,2,9.7,1,10.4,2,8.3,3,12.4,4,12.7,2
2016-10-11 23:00:00,9.6,4,7.5,5,7.2,5,7.4,4,6.5,4,8.5,3,8.4,3,7.4,3,7.2,6,7.1,4,9.0,5,4.4,4,4.9,4,4.6,4,7.8,3,6.9,3,5.8,3,2.9,3,4.8,3,3.5,5,6.3,3,4.1,4,6.1,3,2.1,5.0,9.5,2,8.6,2,5.8,3,8.4,3,10.1,2,9.9,2,9.3,1,9.8,2,7.6,2,12.0,4,12.2,3
2016-10-12 00:00:00,9.6,5,7.4,6,7.0,5,7.3,4,6.3,4,8.3,4,8.3,4,7.3,3,6.9,5,6.8,4,8.8,5,4.3,4,4.7,5,4.4,5,7.5,4,6.6,4,5.2,4,2.6,3,4.6,3,3.4,4,6.0,3,3.9,4,5.7,3,1.9,5.0,9.2,3,8.2,3,5.5,3,8.1,4,9.6,3,9.3,3,9.0,1,9.4,3,7.2,3,11.8,4,11.7,3
2016-10-12 01:00:00,9.5,5,7.4,6,6.9,5,7.3,5,6.1,5,8.3,5,8.2,4,7.3,4,6.8,5,6.7,5,8.6,5,4.2,5,4.7,5,4.3,5,7.4,5,6.5,4,4.9,4,2.5,4,4.5,4,3.3,4,5.8,4,3.8,4,5.5,3,1.8,5.0,8.9,4,7.8,3,5.4,4,7.9,4,9.2,3,8.9,3,8.9,2,9.2,3,6.8,3,11.6,4,11.4,4
2016-10-12 02:00:00,9.5,5,7.4,6,6.9,6,7.4,5,6.1,5,8.3,5,8.2,5,7.4,5,6.7,5,6.7,5,8.5,5,4.3,6,4.8,5,4.4,6,7.4,5,6.5,5,4.7,5,2.5,4,4.6,4,3.4,4,5.6,4,3.8,5,5.4,4,1.8,5.0,8.8,4,7.6,4,5.3,5,7.9,5,9.0,4,8.7,4,8.9,4,9.1,4,6.6,4,11.5,4,11.2,4
2016-10-12 03:00:00,7.5,6,5.6,6,6.2,5,5.7,2,5.3,4,8.2,3,7.4,3,6.5,3,5.2,4,5.6,5,7.2,5,3.4,2,3.7,2,3.1,2,7.4,3,5.6,4,4.0,2,1.5,2,3.5,1,2.4,2,5.7,3,2.2,2,4.0,2,0.9,2.0,9.3,6,6.7,2,4.9,2,9.7,5,10.2,4,8.7,2,8.7,1,9.3,2,6.1,3,11.6,2,11.7,5
2016-10-12 04:00:00,7.3,6,5.5,7,6.1,6,5.3,2,5.1,4,7.6,2,7.0,4,6.2,3,5.0,5,5.4,6,6.9,6,2.8,3,2.9,2,2.7,2,7.1,3,5.4,4,3.4,3,0.7,2,2.9,1,1.8,2,5.4,3,1.8,2,3.5,2,0.0,2.0,9.0,6,5.9,2,4.6,3,9.7,4,10.1,4,8.6,2,8.4,2,9.4,2,5.7,3,10.9,3,11.8,5
2016-10-12 05:00:00,7.2,6,5.5,7,6.0,6,5.1,2,5.1,5,7.2,2,6.8,4,5.9,4,5.0,6,5.2,6,6.7,6,2.4,3,2.2,2,2.4,2,6.8,3,5.2,4,2.9,4,0.2,2,2.4,1,1.4,3,5.1,3,1.6,3,3.1,3,-0.7,2.0,8.8,6,5.4,2,4.4,4,9.6,4,9.9,4,8.6,2,8.2,2,9.5,3,5.6,4,10.4,4,11.9,5
2016-10-12 06:00:00,7.3,6,5.7,7,6.1,6,5.4,2,5.5,6,7.3,2,6.9,4,6.1,5,5.3,6,5.4,6,6.8,6,2.7,4,2.4,2,2.8,2,7.0,3,5.4,4,3.0,4,0.7,2,2.7,1,1.7,3,5.1,3,2.0,4,3.3,3,-0.5,2.0,8.8,6,5.6,3,4.7,5,9.5,4,9.8,4,8.9,3,8.4,3,9.9,3,6.2,5,10.7,4,12.2,5
2016-10-12 07:00:00,7.5,7,6.2,7,6.5,7,6.3,2,6.4,6,8.1,2,7.6,4,6.9,5,6.1,6,6.2,6,7.5,6,4.2,4,3.9,2,4.1,2,7.9,3,6.2,4,4.1,4,2.6,2,4.0,2,2.9,2,5.6,2,3.3,3,4.2,3,1.0,2.0,9.0,6,6.8,3,5.7,5,9.5,4,9.8,5,9.7,4,9.2,4,10.9,4,7.7,5,12.1,5,12.7,5
2016-10-12 08:00:00,7.8,7,6.8,7,7.1,7,7.7,2,7.6,5,9.3,2,8.6,3,8.2,4,7.1,5,7.4,5,8.5,5,6.3,3,6.2,2,5.9,2,9.1,3,7.3,3,6.0,3,5.5,2,5.9,2,4.8,2,6.5,2,5.1,3,5.6,2,3.4,1.0,9.4,7,8.7,4,7.1,5,9.8,6,9.9,5,10.7,5,10.4,5,12.2,5,9.9,6,14.1,5,13.5,6
2016-10-12 09:00:00,8.3,6,7.7,7,7.8,7,9.3,2,8.9,4,10.6,2,9.8,3,9.8,4,8.3,5,8.8,4,9.7,4,8.5,2,8.4,2,7.9,2,10.5,2,8.8,3,8.1,2,8.3,3,8.0,2,6.9,2,7.7,2,7.2,2,7.2,2,6.3,2.0,10.1,7,10.7,5,8.7,5,10.5,7,10.5,5,11.8,6,11.6,6,13.7,6,12.2,6,15.9,6,14.4,6
2016-10-12 10:00:00,8.9,6,8.7,7,8.5,6,10.8,3,10.0,3,11.7,2,10.8,3,11.4,4,9.4,4,10.1,3,10.7,3,10.2,2,9.9,2,9.7,2,11.6,2,10.3,3,10.1,1,10.5,3,9.8,2,8.8,2,9.2,2,9.1,1,8.7,2,9.1,2.0,10.9,7,12.3,5,10.2,4,11.6,7,11.5,5,12.7,7,12.6,7,15.1,7,14.3,6,17.0,5,15.4,7
2016-10-12 11:00:00,9.5,6,9.7,7,9.2,6,12.0,3,10.8,2,12.5,2,11.7,4,12.8,4,10.4,3,11.2,2,11.6,3,11.5,2,10.9,2,11.2,2,12.5,2,11.7,3,11.8,1,12.2,3,11.4,2,10.4,2,10.7,2,10.8,1,10.1,2,11.4,3.0,11.9,7,13.5,6,11.5,4,12.9,7,12.8,5,13.5,7,13.4,7,16.2,7,16.1,6,17.4,5,16.4,7
2016-10-12 12:00:00,10.0,6,10.6,6,9.8,6,13.0,3,11.5,2,13.1,2,12.4,4,13.9,4,11.2,3,12.1,2,12.2,2,12.4,2,11.5,2,12.3,2,13.2,2,12.9,3,13.0,2,13.4,3,12.5,2,11.6,2,11.9,3,12.2,2,11.3,2,12.9,3.0,12.8,6,14.3,6,12.5,4,14.1,7,14.0,5,14.2,7,14.0,7,16.9,7,17.3,6,17.4,5,17.1,7
2016-10-12 13:00:00,10.4,6,11.1,7,10.2,6,13.5,3,12.0,2,13.4,2,12.9,4,14.5,4,11.8,3,12.7,2,12.6,3,13.1,2,12.1,2,13.0,2,13.8,2,13.6,3,13.7,2,14.3,3,13.3,3,12.4,1,12.7,3,13.2,3,12.3,3,13.5,3.0,13.6,6,14.6,7,13.0,5,14.9,7,14.9,6,14.9,7,14.5,7,17.2,7,17.8,6,17.3,6,17.5,7
2016-10-12 14:00:00,10.6,6,11.3,7,10.4,6,13.7,3,12.2,2,13.3,2,13.1,3,14.6,3,12.1,3,12.9,3,12.7,3,13.4,2,12.4,2,13.2,2,14.2,3,13.9,3,14.0,3,14.7,3,13.6,3,12.7,1,12.9,3,13.7,3,12.8,4,13.1,3.0,14.0,7,14.5,7,13.1,6,15.2,7,15.5,6,15.4,7,14.7,7,16.9,7,17.7,7,17.1,6,17.5,7
2016-10-12 15:00:00,11.2,3,11.5,2,11.3,2,13.5,2,12.8,2,13.2,1,13.4,2,14.7,2,12.6,2,13.4,2,13.2,2,13.3,2,11.6,2,12.0,2,15.2,2,14.5,3,14.3,4,14.5,4,13.5,4,11.8,2,13.7,6,14.1,6,13.6,5,13.5,2.0,15.1,7,15.7,7,13.8,7,15.7,7,17.0,7,16.8,7,16.3,7,17.7,7,18.0,7,18.2,6,18.9,7
2016-10-12 16:00:00,11.0,3,10.9,2,10.7,2,12.8,2,12.2,2,12.5,1,12.8,2,13.8,2,12.0,2,12.6,2,12.7,2,12.1,2,10.7,2,10.8,2,14.6,2,13.8,2,13.6,4,13.1,3,12.6,4,10.6,2,12.8,7,13.3,6,13.1,6,11.6,2.0,14.4,7,15.0,7,12.8,7,14.4,7,16.3,7,16.1,7,15.3,7,17.0,7,17.0,7,18.0,6,17.8,7
2016-10-12 17:00:00,10.6,3,10.1,2,10.0,2,11.8,2,11.3,2,11.6,1,11.9,2,12.6,2,11.1,2,11.6,2,12.0,2,10.6,2,9.4,2,9.5,2,13.6,2,12.8,2,12.5,4,11.3,2,11.4,3,8.9,2,11.8,7,12.2,5,12.3,6,9.5,3.0,13.4,7,14.1,7,11.6,7,12.9,6,15.3,6,15.1,7,14.1,7,16.1,7,15.8,7,17.7,6,16.4,7
2016-10-12 18:00:00,10.2,3,9.4,2,9.2,2,10.7,2,10.2,2,10.7,1,11.1,2,11.4,2,10.1,2,10.6,2,11.3,2,9.1,2,8.2,2,8.2,2,12.5,2,11.8,2,11.5,4,9.6,2,10.2,3,7.4,3,10.8,7,11.0,5,11.5,6,7.7,3.0,12.3,7,13.2,7,10.5,7,11.5,6,14.4,6,14.4,7,13.1,7,15.4,7,14.7,7,17.2,6,15.4,7
2016-10-12 19:00:00,9.8,3,8.8,2,8.6,2,9.8,2,9.1,2,9.9,1,10.4,2,10.4,2,9.2,2,9.8,2,10.8,2,8.0,2,7.2,2,7.3,2,11.6,3,11.0,3,10.7,4,8.4,3,9.2,3,6.3,3,10.2,7,10.1,5,10.8,7,6.7,4.0,11.6,6,12.5,7,9.8,7,10.8,6,13.8,6,14.1,7,12.5,7,15.0,7,13.9,7,16.7,7,14.9,7
2016-10-12 20:00:00,9.4,2,8.4,2,8.1,2,9.0,1,8.0,2,9.2,1,9.9,2,9.7,2,8.5,2,9.1,2,10.3,2,7.3,2,6.4,2,6.6,2,10.9,3,10.3,3,10.0,4,7.7,4,8.5,3,5.6,3,9.9,7,9.4,6,10.3,7,6.4,5.0,11.1,6,11.9,7,9.5,7,10.5,6,13.4,5,14.0,6,12.2,7,14.7,7,13.4,7,16.1,7,14.9,7
2016-10-12 21:00:00,9.2,2,7.9,2,7.5,2,8.4,2,7.1,2,8.7,2,9.3,2,8.9,2,7.8,2,8.3,2,9.8,2,6.6,2,5.6,2,5.9,3,10.1,4,9.5,4,9.2,4,6.8,5,7.9,3,5.0,3,9.6,6,8.8,6,9.8,7,5.8,5.0,10.8,6,11.4,7,9.2,7,10.1,6,13.0,5,13.5,6,11.8,6,14.3,6,13.0,6,15.6,6,14.6,7
2016-10-12 22:00:00,9.0,2,7.5,2,6.9,2,8.0,2,6.4,2,8.3,2,8.9,2,8.3,2,7.2,3,7.7,2,9.2,2,6.0,3,5.0,3,5.3,3,9.5,4,8.9,4,8.5,5,6.1,5,7.3,3,4.6,2,9.3,6,8.2,6,9.3,6,5.4,5.0,10.6,6,10.9,6,8.9,6,9.9,6,12.7,5,13.0,6,11.6,6,13.9,6,12.6,6,15.3,6,14.4,6
2016-10-12 23:00:00,8.8,2,7.2,2,6.5,2,7.6,3,5.8,2,8.0,2,8.6,2,7.8,3,6.8,3,7.2,2,8.8,2,5.5,3,4.6,3,4.8,4,9.0,4,8.4,5,7.8,5,5.5,5,6.9,4,4.4,2,9.1,6,7.7,6,8.7,6,5.1,5.0,10.5,6,10.6,6,8.6,6,9.7,6,12.5,5,12.6,6,11.4,6,13.5,6,12.2,6,15.0,6,14.2,6
2016-10-13 00:00:00,8.7,2,6.9,2,6.1,3,7.3,3,5.5,2,7.8,3,8.3,3,7.4,3,6.4,3,6.8,2,8.5,2,5.2,4,4.4,4,4.5,4,8.5,4,7.9,5,7.2,5,5.1,5,6.5,4,4.2,2,8.8,6,7.3,6,8.2,6,4.8,5.0,10.4,6,10.4,6,8.4,6,9.7,6,12.2,5,12.3,5,11.4,6,13.2,6,11.8,6,14.8,6,13.9,6
2016-10-13 01:00:00,8.5,3,6.7,3,5.9,4,7.1,4,5.2,2,7.7,3,8.1,4,7.1,4,6.2,3,6.4,2,8.3,2,5.0,4,4.3,4,4.3,5,8.2,5,7.6,5,6.7,5,4.7,5,6.2,5,4.1,3,8.5,6,6.9,6,7.7,6,4.6,5.0,10.5,6,10.3,6,8.4,6,9.8,5,12.1,5,12.1,5,11.4,6,13.0,6,11.6,6,14.6,6,13.8,6
2016-10-13 02:00:00,8.5,4,6.5,3,5.7,5,6.9,4,5.2,1,7.6,4,7.9,5,7.0,4,6.1,2,6.2,2,8.2,2,4.9,5,4.3,5,4.2,5,7.9,6,7.4,6,6.3,5,4.4,5,5.9,5,4.0,4,8.2,6,6.6,6,7.3,6,4.3,5.0,10.6,6,10.3,6,8.3,6,9.9,5,11.9,5,12.0,5,11.5,6,12.9,5,11.3,5,14.4,6,13.6,5
2016-10-13 03:00:00,7.4,3,6.0,4,5.4,3,6.9,3,5.1,3,7.7,1,7.6,2,6.3,2,5.6,3,5.9,2,7.3,2,4.8,5,4.5,3,4.4,3,7.6,2,7.0,5,6.9,6,5.2,6,6.5,5,4.2,4,8.1,7,7.4,7,8.1,6,5.3,6.0,10.1,7,9.7,7,8.1,7,9.7,7,12.0,7,12.4,7,11.4,7,13.1,7,10.8,7,14.5,7,13.8,7
2016-10-13 04:00:00,6.9,3,5.5,5,4.8,3,6.4,3,4.7,3,7.2,1,7.3,2,5.8,3,5.2,3,5.5,3,6.9,3,4.4,5,4.2,4,4.1,3,7.0,3,6.7,5,6.5,7,5.1,7,6.2,6,3.8,4,7.9,7,7.0,7,8.0,6,5.0,6.0,9.9,7,9.2,7,7.9,7,9.6,7,11.7,7,12.3,7,11.2,7,13.0,7,9.9,7,14.1,7,14.0,7
2016-10-13 05:00:00,6.5,4,5.1,5,4.4,3,6.1,3,4.6,3,6.9,2,7.2,2,5.6,3,4.9,4,5.2,4,6.5,4,4.2,6,4.0,5,3.9,3,6.7,3,6.5,5,6.0,7,5.1,7,5.9,6,3.4,5,7.6,7,6.6,7,7.9,7,4.8,7.0,9.8,7,8.8,7,7.7,7,9.5,7,11.4,7,12.3,7,11.0,7,12.8,7,9.2,7,13.7,7,14.3,7
2016-10-13 06:00:00,6.5,4,5.1,6,4.4,3,6.2,3,4.8,3,7.1,2,7.4,3,5.8,3,5.0,5,5.3,5,6.5,5,4.3,6,4.3,6,4.2,3,6.8,4,6.6,5,5.8,7,5.3,7,5.9,6,3.5,5,7.5,7,6.5,7,7.8,7,4.8,7.0,9.8,7,8.8,7,7.8,7,9.6,6,11.2,7,12.4,7,11.0,7,12.8,7,9.3,7,13.7,7,14.5,7
2016-10-13 07:00:00,6.9,4,5.6,6,5.1,3,7.0,3,5.6,4,8.1,2,8.0,3,6.8,3,5.6,5,6.0,6,7.0,6,5.0,6,5.2,5,5.2,3,7.7,3,7.0,5,6.1,6,6.0,7,6.3,6,4.2,5,7.5,7,6.7,7,7.7,7,5.1,7.0,10.1,7,9.5,7,8.1,7,9.9,6,11.3,7,12.6,7,11.3,7,13.0,7,10.4,7,14.2,7,14.6,7
2016-10-13 08:00:00,7.7,4,6.5,5,6.4,4,8.3,3,6.8,4,9.6,1,8.9,2,8.3,2,6.6,6,7.1,6,7.9,6,6.1,6,6.5,4,6.6,4,9.0,3,7.7,6,6.9,6,7.0,7,6.9,6,5.5,5,7.7,7,7.3,7,7.6,7,5.8,7.0,10.5,7,10.5,7,8.7,7,10.4,6,11.6,7,13.0,7,11.8,7,13.3,7,11.9,7,15.1,7,14.8,7
2016-10-13 09:00:00,8.6,4,7.7,5,7.8,4,9.6,2,8.1,4,11.1,1,9.9,2,10.0,2,7.7,6,8.4,6,9.0,6,7.4,5,7.8,3,8.2,3,10.5,2,8.6,6,7.8,6,8.1,7,7.6,5,6.8,5,8.1,7,8.1,7,7.6,7,6.8,7.0,11.1,7,11.5,7,9.3,7,11.0,6,12.3,7,13.5,7,12.3,7,13.9,7,13.4,7,15.8,7,15.3,7
2016-10-13 10:00:00,9.4,4,8.9,4,9.1,4,10.7,2,9.2,3,12.4,1,10.9,2,11.6,2,8.7,6,9.7,6,10.0,6,8.6,5,8.9,3,9.7,3,11.7,2,9.7,7,8.8,6,9.0,6,8.2,5,8.0,5,8.8,7,9.0,7,7.8,7,8.0,7.0,11.7,7,12.3,7,9.9,7,11.7,6,13.3,7,14.1,7,12.8,7,14.7,7,14.2,7,16.1,7,16.2,7
2016-10-13 11:00:00,10.0,4,10.0,4,10.2,3,11.6,3,10.2,2,13.2,1,11.9,2,12.8,2,9.7,7,10.8,6,10.9,6,9.7,5,9.7,3,10.9,2,12.7,3,10.8,7,9.7,7,9.9,6,8.8,5,9.1,4,9.8,7,10.0,7,8.2,7,9.2,7.0,12.3,7,12.8,7,10.3,7,12.5,7,14.4,7,14.8,7,13.2,7,15.5,7,14.6,7,16.1,7,17.2,7
2016-10-13 12:00:00,10.5,4,10.9,4,11.0,3,12.3,3,10.9,2,13.8,1,12.7,2,13.8,2,10.4,7,11.6,7,11.5,7,10.5,5,10.4,3,11.8,2,13.4,4,11.7,7,10.5,7,10.6,6,9.4,5,9.9,4,10.8,7,10.9,7,8.8,7,10.1,7.0,12.9,7,13.3,7,10.7,7,13.3,7,15.4,7,15.5,7,13.8,7,16.2,7,14.7,7,16.0,7,18.2,7
2016-10-13 13:00:00,10.8,4,11.4,5,11.5,3,12.8,3,11.4,2,14.0,1,13.2,2,14.3,2,10.9,7,11.9,7,11.8,7,11.0,6,11.0,5,12.3,3,13.9,4,12.3,7,11.0,7,11.3,7,10.0,6,10.5,4,11.7,7,11.6,7,9.4,7,10.4,7.0,13.5,7,13.8,7,11.0,7,14.0,7,16.2,7,16.2,7,14.5,7,16.7,7,14.9,7,15.9,7,18.8,7
2016-10-13 14:00:00,10.9,4,11.6,5,11.6,4,13.1,4,11.7,3,13.9,1,13.4,2,14.4,2,11.2,7,11.8,7,11.8,7,11.2,6,11.2,6,12.4,5,14.1,5,12.4,7,11.3,7,11.6,7,10.4,7,10.8,5,12.3,7,12.1,7,9.9,7,10.3,7.0,14.0,7,14.2,7,11.1,7,14.5,7,16.6,7,16.7,7,15.0,7,16.8,7,15.0,7,15.9,7,19.0,7
2016-10-13 15:00:00,11.3,4,11.4,6,11.5,4,12.5,6,12.0,6,13.3,1,13.0,3,13.6,2,11.0,7,11.6,7,11.7,7,11.1,7,11.0,5,12.3,5,13.1,6,12.3,7,11.7,7,11.5,7,10.6,7,10.7,6,13.6,7,13.2,7,10.6,7,10.6,7.0,16.1,7,15.3,7,10.9,7,17.6,7,19.7,7,18.4,7,16.6,7,17.3,7,14.7,7,15.9,7,21.1,7
2016-10-13 16:00:00,11.2,4,10.7,6,11.0,4,11.8,6,11.5,6,12.6,1,12.5,3,12.7,3,10.4,7,11.0,7,11.3,7,10.2,7,10.4,6,11.4,5,12.6,6,11.7,7,11.4,7,10.7,7,10.2,7,10.1,7,13.1,6,12.6,7,10.4,7,9.5,7.0,15.6,7,14.9,7,10.8,7,16.4,7,18.9,7,17.9,7,15.9,7,16.8,7,14.4,7,16.0,7,20.3,7
2016-10-13 17:00:00,11.1,4,10.0,6,10.4,3,11.0,6,10.7,6,11.7,1,11.7,3,11.4,4,9.5,7,10.2,7,10.7,7,9.1,7,9.6,6,10.2,5,11.7,6,10.9,7,10.9,7,9.6,7,9.4,7,9.1,7,12.1,6,11.7,7,9.9,7,8.2,7.0,14.6,7,14.3,7,10.7,7,14.8,6,17.8,7,17.2,7,15.0,7,16.3,7,14.1,7,16.2,7,19.3,6
2016-10-13 18:00:00,10.9,4,9.4,6,9.8,3,10.1,6,10.0,6,10.7,2,10.9,3,10.3,5,8.7,7,9.4,7,10.2,7,8.3,7,8.8,7,9.2,6,10.9,5,10.2,7,10.3,7,8.6,7,8.6,7,8.2,7,11.2,5,10.8,7,9.4,7,7.1,6.0,13.7,6,13.7,7,10.6,7,13.4,6,16.7,7,16.4,7,14.1,7,15.9,7,13.9,7,16.2,7,18.4,6
2016-10-13 19:00:00,10.7,4,9.2,5,9.4,4,9.5,6,9.6,6,9.8,2,10.3,3,9.6,5,8.1,6,8.8,6,9.8,6,8.2,7,8.2,7,8.6,6,10.3,5,9.8,7,9.8,7,8.2,7,8.2,7,7.6,7,10.6,5,10.3,7,9.1,7,6.4,6.0,13.1,6,13.2,7,10.4,7,12.5,6,15.9,7,15.9,7,13.5,7,15.9,7,13.9,7,16.1,7,17.6,6
2016-10-13 20:00:00,10.5,4,9.1,6,9.0,5,9.1,6,9.4,6,9.0,2,9.8,3,9.2,5,7.8,6,8.5,6,9.5,6,8.4,7,7.9,7,8.2,6,9.8,4,9.6,7,9.4,7,8.1,7,8.2,7,7.2,7,10.3,5,10.1,7,9.1,7,6.2,6.0,12.6,6,12.8,7,10.1,7,12.0,6,15.4,7,15.5,6,13.3,7,16.0,7,13.9,7,15.8,7,17.0,6
2016-10-13 21:00:00,10.4,4,8.9,6,8.7,5,8.7,6,9.2,6,8.4,2,9.4,3,8.6,6,7.7,6,8.4,6,9.5,6,8.4,7,7.6,6,8.0,6,9.3,5,9.3,7,9.1,7,8.2,7,8.2,7,7.0,7,10.2,5,9.8,7,9.2,7,6.2,6.0,12.2,6,12.5,7,9.9,7,11.6,6,14.8,6,15.0,6,13.2,7,15.8,7,13.8,7,15.6,7,16.4,6
2016-10-13 22:00:00,10.2,5,8.8,6,8.5,5,8.5,6,9.0,6,8.0,2,9.0,3,8.2,6,7.7,6,8.3,6,9.5,6,8.2,7,7.3,6,7.7,6,8.8,5,9.1,7,8.8,7,8.2,6,8.2,7,6.8,7,10.1,5,9.5,6,9.3,7,6.3,6.0,11.7,6,12.2,7,9.7,7,11.3,6,14.3,6,14.6,6,13.1,7,15.5,6,13.5,6,15.4,6,15.8,6
2016-10-13 23:00:00,10.1,5,8.6,6,8.3,5,8.4,6,8.8,6,7.8,3,8.8,3,7.9,6,7.7,6,8.2,6,9.6,6,7.7,7,7.2,6,7.4,6,8.6,5,8.9,6,8.6,7,8.0,6,8.2,7,6.6,7,10.0,5,9.2,6,9.4,6,6.4,6.0,11.4,6,12.0,6,9.6,7,11.2,6,13.9,6,14.2,6,13.1,7,15.2,6,13.2,6,15.3,6,15.3,6
2016-10-14 00:00:00,10.0,5,8.6,6,8.2,6,8.3,6,8.6,6,7.8,3,8.7,4,7.7,6,7.8,6,8.3,6,9.7,6,7.4,6,7.2,6,7.3,6,8.5,5,8.7,6,8.5,6,7.8,6,8.2,7,6.6,6,9.8,5,8.8,6,9.4,6,6.6,6.0,11.1,6,11.8,6,9.6,6,11.1,6,13.6,6,13.9,6,13.1,6,14.9,6,13.0,6,15.2,6,14.9,5
2016-10-14 01:00:00,10.0,5,8.5,6,8.1,6,8.3,6,8.5,6,7.8,3,8.7,4,7.6,6,8.0,5,8.4,6,9.8,6,7.4,6,7.3,6,7.3,6,8.6,6,8.8,6,8.5,6,7.5,6,8.3,7,6.7,6,9.6,5,8.4,6,9.2,6,6.7,6.0,10.9,6,11.6,6,9.6,6,11.0,6,13.2,5,13.5,6,12.9,6,14.6,6,13.1,6,15.1,6,14.5,5
2016-10-14 02:00:00,9.9,5,8.5,6,8.0,6,8.4,6,8.4,5,8.0,4,8.7,5,7.6,6,8.2,5,8.5,5,9.9,5,7.6,6,7.4,6,7.4,6,8.8,6,8.9,6,8.5,6,7.2,5,8.5,7,6.8,6,9.4,5,8.1,6,9.0,6,6.7,5.0,10.8,5,11.3,6,9.6,6,11.0,6,12.9,5,13.2,5,12.7,6,14.2,5,13.2,5,15.1,6,14.2,5
2016-10-14 03:00:00,9.4,7,7.9,7,8.1,7,7.2,6,8.1,6,8.2,2,8.3,3,6.6,3,7.7,6,8.1,6,9.5,6,7.3,7,7.7,7,7.5,7,7.5,3,7.6,7,8.2,6,6.7,7,8.5,7,6.8,6,8.9,6,8.7,7,9.6,7,7.6,6.0,10.5,5,12.0,7,9.7,7,11.1,7,13.2,7,14.4,7,13.3,7,15.9,6,12.0,7,15.8,7,15.5,7
2016-10-14 04:00:00,9.2,7,7.6,7,7.9,7,6.8,5,8.1,6,7.9,2,7.8,4,6.1,4,7.5,6,7.7,6,9.3,6,7.1,7,7.5,7,7.1,7,7.0,4,7.4,6,7.6,7,6.6,7,8.1,7,6.4,6,8.7,6,8.2,7,9.5,7,7.2,6.0,10.4,6,11.6,7,9.5,7,11.0,7,12.9,7,14.3,7,13.3,7,15.9,6,11.8,7,15.6,7,15.1,7
2016-10-14 05:00:00,9.1,7,7.5,7,7.7,7,6.7,5,8.2,6,7.8,3,7.5,4,5.7,5,7.3,6,7.4,6,9.2,6,7.0,7,7.3,7,6.8,7,6.5,5,7.3,6,7.1,7,6.8,7,7.8,7,6.2,6,8.6,7,7.8,7,9.4,7,6.9,6.0,10.3,6,11.3,7,9.5,7,11.0,7,12.6,7,14.3,7,13.3,7,16.0,7,11.9,7,15.5,7,14.8,7
2016-10-14 06:00:00,9.2,7,7.6,7,7.9,7,7.0,5,8.6,6,8.1,3,7.6,4,5.9,6,7.5,6,7.5,6,9.4,6,7.2,7,7.4,7,6.9,6,6.7,6,7.5,6,7.0,7,7.2,7,7.9,7,6.4,6,8.6,7,7.8,7,9.4,7,6.9,6.0,10.5,6,11.4,7,9.6,7,11.1,7,12.5,7,14.3,7,13.3,7,16.1,7,12.5,7,15.6,7,14.9,7
2016-10-14 07:00:00,9.5,7,8.2,7,8.5,7,7.8,5,9.4,6,9.0,3,8.5,4,7.0,6,8.1,6,8.2,6,9.9,6,7.9,7,7.8,7,7.8,6,7.8,6,8.2,6,7.6,7,7.9,7,8.6,7,7.3,6,8.7,7,8.3,7,9.5,7,7.5,7.0,11.0,6,11.9,7,10.0,7,11.4,7,12.7,7,14.4,7,13.4,7,16.3,7,13.6,7,16.1,7,15.3,7
2016-10-14 08:00:00,10.0,7,9.0,7,9.4,7,9.1,4,10.3,7,10.2,3,9.8,4,8.7,5,9.0,7,9.3,7,10.6,7,9.1,7,8.5,7,9.3,6,9.5,5,9.1,6,8.7,7,8.9,7,9.7,7,8.7,6,8.9,7,9.3,7,9.8,7,8.5,7.0,11.7,5,12.6,7,10.6,7,12.0,7,13.1,7,14.6,7,13.6,7,16.6,7,14.8,7,16.8,7,15.9,7
2016-10-14 09:00:00,10.6,7,10.0,7,10.4,7,10.5,4,11.3,7,11.6,2,11.2,3,10.7,5,10.0,7,10.6,7,11.4,7,10.3,7,9.4,6,10.9,6,11.3,5,10.2,6,9.9,7,10.0,7,10.8,7,10.1,6,9.4,7,10.3,7,10.2,7,10.1,7.0,12.5,5,13.3,7,11.3,7,12.6,7,13.7,7,14.9,7,13.9,7,16.9,7,15.9,7,17.4,7,16.7,7
2016-10-14 10:00:00,11.2,6,11.0,7,11.3,7,11.9,4,12.1,7,12.8,2,12.4,3,12.5,5,11.0,7,11.7,7,12.2,7,11.4,7,10.4,6,12.3,5,12.7,4,11.3,7,11.0,7,11.1,7,11.7,7,11.2,6,10.2,7,11.3,7,10.8,7,12.0,7.0,13.3,5,14.0,7,12.1,7,13.3,7,14.4,7,15.2,7,14.5,7,17.1,7,16.5,7,17.8,7,17.5,7
2016-10-14 11:00:00,11.7,5,11.8,6,12.0,7,13.1,5,12.8,7,13.7,2,13.3,4,14.0,5,11.8,7,12.7,7,12.9,7,12.4,7,11.5,6,13.3,4,13.8,5,12.2,7,11.8,7,12.1,7,12.5,7,12.0,5,11.1,7,12.1,7,11.5,7,13.8,7.0,14.1,5,14.6,7,12.9,7,13.9,7,15.1,7,15.6,7,15.2,7,17.2,7,16.8,7,18.1,7,18.1,7
2016-10-14 12:00:00,12.2,5,12.5,6,12.6,7,14.1,5,13.4,7,14.4,2,14.1,4,15.2,5,12.5,7,13.4,7,13.5,7,13.2,7,12.4,6,14.0,3,14.7,5,13.0,7,12.5,7,12.9,7,13.2,7,12.7,5,12.1,7,12.9,7,12.2,7,15.1,7.0,14.9,5,15.2,7,13.6,7,14.6,6,15.8,7,16.0,7,15.9,7,17.6,7,17.0,7,18.2,7,18.6,7
2016-10-14 13:00:00,12.5,4,13.0,6,13.1,7,14.7,5,13.9,7,14.7,2,14.7,4,15.9,5,13.0,7,13.8,7,13.9,7,13.8,7,13.1,6,14.3,3,15.4,5,13.6,6,12.9,7,13.5,7,13.8,7,13.3,5,12.9,7,13.6,7,12.8,7,15.6,7.0,15.7,5,15.9,7,14.1,7,15.2,7,16.4,7,16.5,7,16.6,7,18.2,7,17.3,7,18.3,7,18.8,7
2016-10-14 14:00:00,12.6,3,13.2,5,13.4,7,14.9,5,14.1,7,14.6,2,15.0,4,16.1,4,13.2,6,14.0,7,14.0,7,14.0,7,13.4,6,14.2,4,15.7,5,13.9,6,13.1,6,13.7,7,14.2,7,13.6,6,13.3,7,14.1,7,13.2,7,15.2,7.0,16.3,5,16.5,7,14.4,7,15.5,7,16.8,7,16.9,7,16.9,7,18.8,7,17.7,7,18.4,7,18.7,7
2016-10-14 15:00:00,12.7,6,13.3,7,12.7,7,14.4,5,13.7,7,14.1,3,14.5,3,15.1,2,13.6,7,14.4,7,14.1,7,13.4,7,14.1,6,15.7,6,15.4,4,14.6,5,14.6,7,14.2,7,14.0,7,15.1,6,13.7,7,15.0,7,13.5,7,14.3,6.0,17.0,4,16.7,7,14.9,7,15.7,6,17.7,6,17.4,7,17.0,7,19.0,7,18.1,7,18.2,7,19.0,7
2016-10-14 16:00:00,12.7,6,12.8,7,12.4,7,13.7,5,13.3,7,13.4,4,13.8,3,14.4,3,13.0,7,13.8,7,13.7,7,12.6,7,13.4,6,14.6,7,14.6,5,14.2,5,14.1,7,13.2,7,13.3,7,14.0,7,13.2,6,14.1,7,13.0,7,12.6,6.0,16.4,4,16.2,7,14.3,7,14.8,5,17.2,5,16.7,7,16.3,7,18.3,7,17.8,7,18.2,7,18.2,6
2016-10-14 17:00:00,12.6,6,12.0,6,11.9,7,12.7,5,12.7,7,12.5,5,12.9,4,13.3,3,12.2,7,12.9,7,13.2,7,11.5,7,12.4,7,13.1,6,13.5,5,13.4,4,13.4,7,11.8,7,12.2,7,12.4,7,12.4,5,12.9,7,12.3,7,10.9,5.0,15.2,4,15.2,6,13.5,7,13.4,5,16.2,5,15.7,6,15.2,7,17.3,7,17.2,7,18.1,7,17.1,5
2016-10-14 18:00:00,12.5,6,11.4,6,11.4,7,11.7,5,12.0,7,11.7,6,12.0,5,12.3,4,11.4,7,12.0,7,12.8,7,10.5,7,11.3,7,11.8,6,12.3,5,12.6,4,12.7,6,10.4,7,11.2,7,10.8,7,11.5,5,11.8,7,11.6,7,9.4,5.0,14.0,4,14.3,6,12.7,7,12.0,4,15.1,4,14.9,5,14.3,6,16.5,6,16.5,7,18.0,7,16.0,5
2016-10-14 19:00:00,12.3,6,11.1,6,11.0,7,10.8,5,11.5,7,11.0,6,11.4,6,11.5,5,10.8,6,11.4,7,12.5,7,10.0,7,10.6,6,11.1,6,11.4,5,11.8,5,11.9,6,9.3,7,10.6,7,9.8,7,10.8,4,11.0,7,11.2,7,8.6,5.0,13.0,4,13.7,6,12.1,7,11.0,4,14.2,4,14.4,5,13.7,6,16.1,6,16.0,7,17.7,7,15.2,4
2016-10-14 20:00:00,12.1,6,10.9,6,10.6,7,10.1,5,11.1,7,10.5,6,11.1,6,10.9,5,10.3,6,11.0,6,12.4,6,9.7,7,10.1,6,10.7,6,10.8,6,11.0,5,11.1,6,8.4,7,10.3,7,9.3,6,10.3,4,10.4,6,10.9,7,8.3,5.0,12.3,5,13.3,6,11.6,7,10.3,4,13.4,4,14.2,5,13.4,6,16.0,6,15.5,6,17.3,7,14.5,4
2016-10-14 21:00:00,11.9,6,10.6,6,10.3,7,9.7,4,10.6,7,10.2,6,10.9,6,10.4,6,10.0,6,10.6,6,12.1,6,9.3,7,9.8,6,10.4,6,10.4,6,10.6,5,10.3,6,7.9,6,9.9,7,9.0,6,9.7,4,9.7,6,10.7,7,8.0,5.0,11.8,4,13.1,6,11.2,6,9.7,3,12.7,3,13.9,4,13.2,6,15.8,6,15.1,6,17.0,6,13.9,4
2016-10-14 22:00:00,11.8,6,10.4,6,10.1,7,9.4,3,10.2,7,10.0,6,10.7,6,10.0,6,9.7,6,10.3,6,11.9,6,8.9,7,9.6,6,10.1,6,10.1,6,10.1,6,9.6,6,7.4,6,9.6,7,8.9,6,9.3,4,9.2,5,10.6,7,7.8,5.0,11.3,4,12.9,6,10.9,6,9.1,3,12.1,3,13.6,4,13.0,6,15.5,6,14.7,6,16.7,6,13.4,4
2016-10-14 23:00:00,11.7,6,10.2,6,10.0,6,9.2,3,9.8,6,9.9,6,10.5,6,9.6,6,9.5,5,9.9,6,11.7,6,8.5,7,9.4,6,9.7,6,10.1,6,9.7,6,9.1,6,7.0,6,9.3,7,8.9,6,9.0,4,8.7,5,10.5,6,7.7,5.0,10.9,4,12.6,6,10.6,6,8.8,2,11.6,3,13.3,4,12.8,5,15.1,6,14.2,5,16.4,6,13.1,4
2016-10-15 00:00:00,11.7,6,10.1,6,9.9,6,9.0,3,9.5,6,9.9,5,10.4,6,9.4,6,9.4,5,9.7,6,11.6,6,8.3,6,9.2,6,9.3,6,10.1,6,9.4,6,8.7,6,6.8,5,9.2,7,8.9,5,8.7,4,8.3,5,10.4,6,7.7,5.0,10.6,4,12.3,6,10.4,6,8.7,2,11.2,4,13.1,3,12.6,5,14.6,5,13.8,5,16.2,6,12.8,4
2016-10-15 01:00:00,11.8,6,10.0,6,9.9,6,9.0,3,9.4,6,10.0,6,10.3,6,9.2,6,9.3,5,9.5,6,11.5,6,8.1,6,9.0,5,8.9,6,10.1,6,9.2,6,8.5,6,6.6,5,9.2,7,8.8,6,8.6,4,8.0,5,10.3,6,7.8,5.0,10.4,3,11.9,6,10.2,6,9.0,2,11.0,4,13.0,4,12.6,5,14.2,5,13.5,5,16.0,6,12.7,4
2016-10-15 02:00:00,11.9,6,10.0,6,9.9,6,9.0,4,9.3,6,10.1,6,10.1,6,9.0,6,9.3,5,9.5,6,11.4,6,8.0,6,8.8,5,8.6,6,10.1,6,9.1,6,8.4,6,6.6,5,9.2,7,8.6,6,8.5,5,7.7,5,10.2,6,7.8,5.0,10.3,3,11.5,5,9.9,6,9.3,1,10.7,4,12.9,4,12.5,5,13.8,5,13.1,5,15.8,5,12.7,4
2016-10-15 03:00:00,11.1,5,9.0,5,9.1,6,8.0,5,8.8,6,9.6,5,9.4,5,8.7,5,8.7,6,8.9,6,10.7,6,7.7,7,8.7,7,8.9,6,9.7,6,8.6,5,8.2,5,6.7,6,9.2,7,8.6,7,7.8,5,7.6,3,10.7,7,7.2,5.0,9.5,2,11.2,7,10.4,5,8.2,2,10.3,3,12.2,1,11.9,4,13.9,6,13.5,6,16.7,7,12.3,2
2016-10-15 04:00:00,10.8,5,8.6,6,8.7,6,7.6,5,8.7,5,9.6,6,9.2,5,8.3,5,8.2,6,8.3,6,10.2,6,7.4,6,8.4,7,8.6,6,9.3,6,8.3,5,7.5,5,6.4,6,8.8,7,8.5,7,7.1,5,7.0,2,10.5,7,6.5,5.0,9.1,3,10.5,7,10.0,5,7.6,3,9.6,3,11.3,1,11.2,4,13.5,6,12.9,6,16.3,7,11.4,2
2016-10-15 05:00:00,10.6,4,8.4,6,8.5,6,7.4,6,8.9,5,9.7,6,9.2,6,8.0,5,7.9,6,8.0,5,9.9,5,7.2,5,8.1,7,8.5,6,9.1,7,8.3,6,7.0,4,6.6,6,8.5,7,8.4,7,6.7,4,6.8,2,10.4,7,5.9,5.0,8.8,4,10.1,7,9.7,6,7.2,3,9.2,4,10.7,1,10.8,4,13.3,6,12.7,6,16.0,7,10.7,2
2016-10-15 06:00:00,10.7,4,8.6,6,8.8,6,7.8,6,9.5,5,10.1,6,9.5,6,8.2,5,8.1,6,8.2,5,10.1,5,7.6,5,8.2,7,8.8,6,9.3,7,8.6,6,7.0,4,7.3,5,8.7,7,8.7,7,6.8,4,7.2,2,10.5,7,6.0,5.0,9.3,5,10.4,6,9.9,6,7.7,4,9.5,4,10.9,2,11.1,4,13.6,5,13.1,6,16.2,7,10.9,2
2016-10-15 07:00:00,11.2,4,9.4,6,9.8,6,8.9,6,10.5,6,10.8,6,10.2,6,9.1,5,9.0,6,9.2,5,10.8,5,8.6,5,9.0,7,9.8,6,10.2,7,9.5,6,8.0,3,8.7,5,9.5,7,9.5,7,7.7,5,8.4,2,10.8,7,7.0,5.0,10.8,4,11.6,6,10.7,6,9.5,3,10.7,4,12.3,2,12.4,3,14.4,5,14.4,6,17.0,7,12.4,2
2016-10-15 08:00:00,12.0,4,10.7,6,11.1,6,10.5,6,11.8,6,11.6,6,11.1,6,10.5,6,10.4,6,10.8,6,12.0,6,10.1,6,10.2,7,11.4,6,11.6,6,10.8,6,9.6,3,10.5,5,10.7,6,10.7,6,9.1,5,10.2,2,11.3,6,8.6,5.0,12.9,3,13.3,6,11.9,5,12.1,2,12.4,3,14.3,2,14.2,3,15.5,5,16.1,6,18.2,7,14.7,2
2016-10-15 09:00:00,12.8,4,12.1,5,12.5,5,12.1,6,13.0,6,12.5,6,12.1,6,12.2,6,11.9,6,12.5,5,13.2,6,11.6,6,11.7,7,13.1,7,13.2,6,12.2,6,11.4,3,12.2,4,11.9,6,12.1,6,10.7,6,12.0,2,11.9,6,10.6,5.0,15.1,2,15.0,5,13.3,5,14.7,2,14.4,2,16.3,2,16.1,3,16.6,5,17.7,7,19.1,7,17.1,2
2016-10-15 10:00:00,13.5,5,13.4,5,13.6,4,13.5,5,13.9,6,13.3,6,12.9,6,13.8,6,13.1,5,14.0,5,14.3,5,12.9,5,13.1,7,14.7,7,14.6,6,13.6,6,12.9,3,13.6,3,12.8,5,13.5,7,12.2,6,13.5,2,12.6,6,12.6,5.0,16.9,2,16.3,5,14.7,5,16.8,2,16.2,2,17.7,2,17.5,3,17.5,5,18.7,7,19.5,7,18.9,2
2016-10-15 11:00:00,14.1,5,14.6,4,14.4,3,14.7,5,14.6,5,14.0,5,13.6,6,15.3,6,14.0,5,15.1,4,15.3,4,14.0,4,14.2,7,16.0,7,15.8,6,14.9,6,14.0,4,14.7,3,13.5,4,14.8,7,13.5,6,14.8,2,13.4,6,14.3,5.0,18.3,2,17.3,5,15.9,5,18.3,3,17.9,3,18.6,1,18.5,4,18.3,5,19.3,7,19.5,7,20.2,2
2016-10-15 12:00:00,14.5,5,15.4,5,15.1,2,15.5,5,15.2,4,14.6,5,14.2,5,16.4,6,14.8,4,16.0,4,16.0,4,14.9,3,15.0,7,16.8,7,16.8,6,16.0,6,15.0,4,15.6,2,14.1,4,15.7,7,14.7,6,15.8,2,14.1,5,15.5,5.0,19.4,2,18.1,5,16.8,5,19.5,4,19.2,3,19.3,1,19.3,4,19.1,5,19.7,7,19.4,7,21.0,2
2016-10-15 13:00:00,14.8,6,15.8,5,15.7,3,16.0,5,15.7,4,15.0,5,14.8,6,17.1,7,15.4,5,16.6,4,16.5,4,15.5,2,15.3,6,17.0,7,17.6,6,16.8,6,15.8,4,16.4,3,14.7,3,16.2,7,15.6,6,16.7,2,14.7,4,16.0,5.0,20.3,2,18.9,4,17.3,5,20.4,4,20.2,3,19.9,1,20.0,4,19.9,5,20.1,6,19.4,6,21.3,3
2016-10-15 14:00:00,15.0,6,15.9,6,15.9,4,16.2,5,16.0,3,15.1,5,15.2,6,17.2,7,15.8,5,16.8,5,16.7,5,15.8,2,15.1,4,16.7,7,17.9,6,17.2,6,16.3,3,16.8,3,15.1,3,16.2,7,16.2,5,17.1,2,15.0,4,15.8,5.0,20.8,2,19.4,4,17.3,5,20.7,4,20.7,3,20.2,1,20.4,3,20.4,5,20.3,6,19.5,6,21.2,3
2016-10-15 15:00:00,13.6,7,14.0,7,14.3,6,14.6,6,16.3,6,14.1,6,14.2,7,15.8,7,14.7,7,15.6,7,15.7,7,16.4,5,15.7,2,16.5,4,16.5,6,16.6,7,16.6,5,17.0,4,16.4,2,17.0,3,16.0,6,17.5,2,16.5,2,16.4,3.0,19.4,6,19.2,5,16.0,4,20.0,2,20.5,3,20.0,4,19.9,5,20.4,2,20.1,2,19.6,3,20.8,5
2016-10-15 16:00:00,13.3,7,13.1,6,13.7,6,14.0,6,15.6,7,13.5,6,13.6,7,15.2,7,14.1,6,14.8,6,15.1,6,15.1,6,14.7,2,15.5,3,15.9,6,15.9,6,15.8,5,15.4,5,15.4,3,15.6,4,15.2,5,16.3,2,15.9,2,14.6,3.0,18.5,5,18.1,4,15.0,3,18.6,2,19.6,3,18.9,3,18.6,5,19.6,2,19.2,2,19.5,3,19.8,4
2016-10-15 17:00:00,13.0,6,12.2,6,13.0,6,13.1,7,14.5,7,12.6,6,12.8,6,14.4,7,13.2,6,13.7,6,14.4,5,13.3,6,13.4,2,14.2,3,14.9,6,14.8,5,14.7,5,13.2,6,14.0,5,13.7,5,14.0,4,14.7,3,15.1,3,12.6,4.0,17.3,5,16.5,4,13.7,3,16.6,2,18.4,3,17.4,3,16.9,5,18.3,2,18.0,2,19.1,3,18.4,4
2016-10-15 18:00:00,12.7,6,11.5,6,12.3,5,12.3,6,13.4,7,11.8,5,12.1,6,13.5,7,12.2,5,12.7,5,13.7,5,11.7,7,12.2,2,12.9,2,14.0,6,13.7,4,13.6,5,11.1,7,12.8,6,12.0,5,12.9,3,13.2,3,14.1,3,10.8,4.0,16.1,4,15.0,3,12.4,2,14.7,2,17.1,3,16.1,4,15.4,5,17.1,3,16.8,2,18.6,4,17.2,3
2016-10-15 19:00:00,12.6,5,11.4,5,11.7,5,11.8,6,12.3,6,11.2,4,11.7,5,12.8,6,11.3,4,11.9,4,13.3,4,10.7,6,11.3,3,11.9,2,13.3,6,13.0,4,12.7,4,9.6,7,12.1,5,10.8,5,12.2,3,12.0,3,13.3,3,9.5,3.0,15.3,4,14.0,3,11.5,2,13.4,2,16.1,3,15.4,4,14.5,5,16.2,3,15.7,2,17.8,3,16.5,3
2016-10-15 20:00:00,12.6,5,11.6,4,11.3,4,11.5,6,11.5,5,10.8,3,11.5,4,12.2,5,10.6,3,11.3,4,13.0,4,10.0,6,10.7,4,11.1,2,12.8,6,12.5,3,11.8,3,8.7,7,11.7,4,10.2,5,11.8,4,11.2,3,12.6,2,8.7,3.0,14.7,5,13.3,3,10.8,2,12.6,2,15.4,2,15.2,5,14.1,5,15.6,4,14.8,2,16.9,2,16.1,3
2016-10-15 21:00:00,12.6,5,11.4,4,10.9,4,11.2,6,10.8,5,10.6,2,11.3,4,11.7,5,10.2,4,10.7,4,12.6,4,9.6,5,10.3,4,10.5,2,12.4,6,11.8,3,11.1,3,8.1,6,11.3,4,9.8,5,11.6,4,10.4,3,11.9,3,8.0,3.0,14.3,5,12.8,4,10.0,3,12.0,2,14.7,3,14.9,5,13.8,5,15.2,4,13.9,2,16.2,2,15.7,3
2016-10-15 22:00:00,12.5,5,11.2,5,10.5,4,10.9,6,10.4,5,10.4,2,11.0,4,11.4,5,9.8,4,10.2,4,12.4,4,9.1,5,9.9,4,10.1,3,12.0,6,11.3,4,10.4,3,7.7,5,10.9,4,9.7,5,11.3,4,9.8,4,11.2,3,7.5,3.0,13.8,5,12.5,4,9.3,3,11.5,3,14.0,3,14.6,5,13.5,5,14.8,4,13.1,3,15.7,2,15.4,4
2016-10-15 23:00:00,12.5,5,10.9,5,10.2,5,10.6,5,10.1,5,10.4,2,10.9,4,11.1,5,9.6,4,9.8,4,12.1,4,8.7,5,9.4,4,9.8,3,11.8,6,10.8,4,9.9,3,7.4,5,10.3,4,9.6,5,11.0,4,9.2,4,10.5,3,7.1,3.0,13.4,5,12.2,4,8.8,3,11.1,3,13.6,3,14.3,5,13.1,5,14.3,5,12.5,3,15.4,2,15.1,4
2016-10-16 00:00:00,12.5,5,10.6,5,9.9,5,10.4,5,9.8,5,10.5,3,10.8,4,10.8,6,9.4,4,9.5,4,11.9,4,8.3,5,9.0,5,9.6,4,11.7,6,10.4,5,9.4,3,7.2,4,9.8,4,9.4,5,10.6,4,8.6,4,9.9,4,6.8,3.0,13.0,5,11.9,4,8.3,4,10.8,4,13.2,3,13.9,5,12.8,5,13.9,5,11.9,3,15.2,3,14.8,4
2016-10-16 01:00:00,12.4,6,10.3,5,9.6,5,10.1,5,9.4,4,10.7,4,10.7,5,10.7,6,9.2,4,9.2,4,11.7,4,8.0,5,8.7,5,9.3,5,11.6,6,10.1,5,9.1,4,6.8,4,9.3,4,9.0,5,10.2,4,8.0,5,9.2,4,6.5,3.0,12.8,5,11.5,4,8.0,4,10.6,4,13.1,4,13.4,5,12.6,5,13.5,5,11.3,4,15.0,3,14.4,4
2016-10-16 02:00:00,12.2,6,10.0,5,9.4,5,9.7,5,9.0,3,10.9,4,10.7,5,10.6,6,9.1,4,9.0,4,11.4,4,7.7,5,8.3,5,8.9,5,11.6,7,9.8,5,8.8,4,6.3,5,8.7,4,8.4,5,9.9,4,7.4,5,8.7,4,6.0,4.0,12.5,5,11.0,4,7.7,5,10.3,4,12.9,4,12.8,5,12.4,5,13.1,5,10.6,4,14.8,3,13.9,4
2016-10-16 03:00:00,12.4,5,11.2,6,10.6,5,10.3,5,8.5,2,11.9,5,10.8,4,10.8,6,9.8,4,9.2,4,11.0,4,6.3,2,6.1,2,7.3,2,11.7,6,10.4,4,7.8,2,5.4,2,6.7,3,6.8,2,9.8,2,6.8,2,8.4,3,4.6,1.0,11.9,2,9.4,2,7.3,1,9.7,2,11.1,4,11.0,4,10.8,3,12.2,2,9.8,1,14.5,1,13.4,5
2016-10-16 04:00:00,11.9,6,10.7,7,10.1,5,10.0,6,8.0,2,11.6,5,10.6,3,10.6,6,9.3,5,8.6,5,10.5,5,5.6,2,5.7,3,7.0,2,11.4,6,9.9,4,6.8,2,4.8,2,5.9,3,6.4,2,9.5,1,6.0,2,8.1,3,3.9,1.0,11.4,3,8.7,2,6.8,1,9.1,3,10.6,4,10.8,4,10.3,3,11.8,2,8.8,1,13.8,1,13.1,5
2016-10-16 05:00:00,11.6,6,10.2,7,9.6,4,9.9,6,7.8,3,11.4,5,10.4,3,10.6,6,8.9,5,8.1,5,10.1,5,5.2,2,5.5,4,6.9,3,11.2,7,9.7,4,6.0,2,4.7,2,5.2,3,6.3,2,9.4,1,5.5,2,7.9,3,3.5,1.0,11.0,3,8.3,2,6.6,1,8.7,3,10.4,4,10.8,5,9.9,4,11.4,2,8.2,2,13.2,2,12.9,5
2016-10-16 06:00:00,11.5,6,10.1,6,9.7,4,10.1,6,8.2,3,11.4,5,10.5,3,10.9,6,9.0,5,8.3,5,10.1,5,5.7,2,5.9,5,7.4,3,11.4,7,9.9,4,6.2,2,5.5,2,5.4,3,6.7,3,9.7,1,5.8,2,8.2,2,3.9,1.0,11.2,3,8.7,3,6.9,1,9.2,4,10.8,4,11.3,5,10.3,5,11.8,2,8.7,2,13.5,2,13.3,5
2016-10-16 07:00:00,11.9,6,10.5,6,10.6,5,10.8,6,9.6,3,11.8,6,11.2,3,11.7,6,9.9,6,9.6,5,10.9,5,7.5,2,7.2,5,8.8,2,12.2,7,10.9,4,7.9,2,7.6,2,6.8,4,8.0,2,10.6,2,7.3,2,9.0,2,5.6,1.0,12.5,3,10.2,3,8.1,2,11.1,3,12.1,4,12.5,6,11.8,6,13.2,3,10.8,2,14.9,2,14.5,5
2016-10-16 08:00:00,12.5,6,11.4,6,12.0,5,12.0,6,11.6,2,12.6,6,12.2,4,12.8,6,11.3,5,11.6,5,12.2,5,10.0,2,9.1,4,10.7,2,13.5,7,12.4,4,10.5,2,10.6,2,8.9,4,9.8,2,11.9,2,9.6,2,10.2,2,8.2,1.0,14.5,3,12.4,3,10.1,2,13.8,3,13.9,4,14.1,6,13.9,6,15.3,3,13.8,3,17.0,2,16.1,5
2016-10-16 09:00:00,13.2,6,12.5,6,13.5,5,13.2,6,13.7,2,13.4,6,13.3,4,14.1,6,12.8,5,13.6,4,13.8,5,12.8,2,11.3,3,12.7,2,14.8,6,14.1,4,13.2,2,13.6,2,11.2,4,11.7,2,13.4,2,12.2,2,11.7,3,11.3,1.0,16.7,3,14.8,4,12.4,2,16.6,2,15.9,5,15.8,7,16.0,7,17.4,3,16.9,3,18.9,2,17.7,5
2016-10-16 10:00:00,13.8,6,13.6,6,14.7,5,14.4,6,15.5,2,14.1,6,14.3,5,15.5,7,14.2,3,15.2,3,15.3,3,15.2,2,13.3,2,14.4,2,16.0,7,15.8,4,15.5,2,16.1,2,13.2,4,13.4,2,14.9,3,14.7,2,13.3,4,14.5,2.0,18.6,3,16.9,4,14.8,2,18.8,2,17.7,5,17.2,7,17.5,7,19.2,4,19.4,3,20.1,2,18.9,5
2016-10-16 11:00:00,14.3,5,14.6,6,15.7,4,15.5,6,17.0,2,14.7,5,15.2,5,16.7,7,15.3,2,16.5,2,16.6,2,17.0,2,15.0,2,15.7,2,16.9,7,17.2,5,17.2,3,18.0,3,14.8,4,14.8,2,16.3,3,17.0,3,14.8,4,17.2,2.0,20.1,3,18.5,5,17.0,2,20.4,2,19.2,5,18.2,7,18.5,6,20.5,4,21.3,3,20.7,2,19.8,5
2016-10-16 12:00:00,14.6,5,15.3,6,16.3,3,16.3,6,18.1,2,15.1,5,15.8,5,17.7,7,16.2,2,17.4,2,17.6,2,18.4,2,16.3,2,16.7,2,17.8,7,18.4,5,18.4,3,19.4,3,16.0,4,16.1,2,17.5,3,18.6,3,16.1,5,19.1,2.0,21.3,3,19.6,5,18.6,1,21.6,3,20.3,5,19.0,7,19.2,6,21.3,4,22.5,3,21.0,2,20.5,5
2016-10-16 13:00:00,14.8,5,15.7,6,16.7,3,16.9,6,18.8,2,15.4,5,16.1,6,18.3,7,16.9,3,18.1,2,18.2,2,19.2,2,17.1,2,17.4,2,18.5,7,19.2,5,19.2,4,20.3,3,16.9,4,17.2,2,18.3,3,19.5,3,17.1,5,19.8,2.0,22.1,4,20.2,4,19.4,1,22.4,4,21.1,5,19.6,7,19.7,6,21.7,4,23.2,3,21.2,3,21.1,5
2016-10-16 14:00:00,14.9,6,15.8,6,16.8,3,17.0,6,19.0,2,15.4,6,16.1,6,18.5,7,17.3,4,18.5,3,18.3,3,19.4,3,17.3,3,17.6,2,19.0,6,19.4,5,19.5,4,20.5,4,17.4,4,17.7,2,18.7,2,19.7,3,17.6,4,19.4,2.0,22.5,4,20.3,4,19.5,1,22.6,4,21.4,5,19.9,7,19.9,6,21.6,4,23.3,3,21.2,3,21.4,5
2016-10-16 15:00:00,16.4,5,17.4,3,17.8,3,17.9,6,18.7,2,15.8,6,16.2,7,18.4,6,18.4,4,19.0,4,18.9,4,18.7,3,17.1,3,17.3,2,18.8,6,19.5,6,19.7,5,19.7,4,17.0,3,17.5,2,18.5,3,19.5,4,17.6,2,18.6,1.0,21.9,3,20.0,5,18.8,1,22.0,2,21.3,5,19.9,6,20.0,6,21.3,4,22.1,3,20.7,2,21.2,6
2016-10-16 16:00:00,16.2,6,16.6,4,17.0,4,17.1,6,17.7,3,15.0,7,15.5,7,17.4,6,17.5,5,17.9,5,18.2,5,17.2,4,15.7,3,16.1,2,17.7,6,18.5,5,18.5,5,17.7,4,16.0,4,15.9,2,17.6,3,18.0,4,16.9,3,16.3,2.0,20.8,3,19.0,5,17.3,2,20.3,2,20.5,4,19.3,5,18.9,6,20.2,3,20.7,3,20.5,2,20.5,6
2016-10-16 17:00:00,15.9,6,15.6,5,16.0,5,16.1,6,16.4,4,14.1,7,14.6,7,16.2,6,16.2,5,16.5,5,17.3,5,15.2,4,13.9,3,14.4,2,16.4,6,17.1,5,17.0,5,15.0,4,14.7,4,13.8,3,16.3,3,16.1,4,15.9,3,13.7,2.0,19.3,4,17.7,4,15.3,2,18.1,2,19.2,4,18.5,5,17.5,5,19.0,3,19.0,2,20.0,3,19.5,5
2016-10-16 18:00:00,15.6,6,14.8,5,15.0,5,15.0,6,15.0,5,13.2,6,13.8,7,15.1,7,15.0,5,15.2,5,16.4,5,13.4,5,12.2,3,12.8,3,15.1,6,15.8,5,15.5,4,12.5,4,13.3,4,11.7,4,15.1,2,14.3,3,14.7,4,11.5,2.0,17.9,5,16.5,3,13.4,2,15.8,2,18.0,4,17.8,5,16.4,5,17.9,2,17.4,3,19.3,3,18.4,5
2016-10-16 19:00:00,15.3,5,14.3,4,14.2,6,14.0,6,13.8,5,12.6,5,13.3,6,14.3,7,14.1,5,14.3,5,15.7,5,12.2,5,11.1,3,11.6,3,14.2,6,14.8,5,14.4,4,10.9,4,12.2,4,10.3,4,14.2,3,13.1,3,13.8,4,10.1,2.0,16.9,5,15.6,3,12.1,2,14.1,2,17.1,4,17.3,5,15.9,5,17.3,3,16.0,3,18.4,3,17.5,4
2016-10-16 20:00:00,15.1,4,14.0,3,13.7,6,13.3,5,12.8,5,12.3,4,12.9,5,13.8,6,13.4,5,13.7,5,15.1,5,11.5,4,10.5,4,10.8,4,13.7,5,14.1,5,13.6,4,10.0,4,11.4,4,9.5,4,13.7,3,12.4,3,13.1,4,9.2,2.0,16.3,5,14.9,3,11.3,2,12.9,2,16.5,4,17.0,5,15.8,5,17.0,4,14.8,3,17.4,3,16.7,5
2016-10-16 21:00:00,14.8,5,13.5,3,13.2,6,12.7,6,12.2,5,11.9,4,12.5,5,13.2,6,12.9,5,13.2,5,14.7,5,10.6,4,9.9,4,10.1,4,13.2,5,13.6,5,12.8,4,9.3,4,10.7,4,9.0,4,13.2,3,11.9,3,12.7,4,8.3,2.0,15.7,5,14.3,4,10.4,3,11.9,3,15.9,4,16.8,5,15.4,5,16.4,4,13.6,4,16.7,3,16.1,5
2016-10-16 22:00:00,14.4,5,13.1,3,12.8,5,12.1,6,11.7,5,11.6,4,12.1,5,12.7,6,12.5,5,12.8,5,14.3,5,9.8,5,9.4,4,9.7,4,12.8,5,13.2,5,12.2,4,8.9,4,10.2,5,8.7,4,12.8,4,11.4,4,12.4,4,7.6,2.0,15.1,5,13.8,4,9.9,3,11.2,3,15.5,4,16.5,5,15.1,5,15.9,4,12.6,4,16.2,3,15.6,5
2016-10-16 23:00:00,14.1,5,12.7,4,12.4,5,11.6,6,11.4,5,11.3,4,11.7,5,12.2,6,12.2,5,12.3,5,14.0,5,9.2,5,9.0,4,9.4,5,12.5,5,12.9,5,11.6,4,8.6,4,10.0,5,8.4,4,12.4,4,10.9,4,12.2,5,7.2,2.0,14.6,5,13.5,4,9.5,3,10.9,3,15.1,4,16.2,5,14.9,5,15.5,4,11.8,4,15.8,4,15.4,5
2016-10-17 00:00:00,13.7,6,12.2,4,12.0,5,11.2,6,11.1,5,11.0,4,11.4,5,11.7,6,11.8,5,11.9,5,13.6,5,8.8,5,8.7,4,9.1,5,12.2,5,12.5,6,11.1,5,8.5,4,9.8,5,8.2,4,12.1,4,10.5,4,11.9,5,6.8,3.0,14.2,5,13.4,4,9.4,4,10.8,4,14.9,4,16.0,5,14.8,5,15.2,5,11.2,4,15.7,4,15.4,5
2016-10-17 01:00:00,13.4,6,11.8,5,11.7,5,10.7,6,10.6,5,10.8,5,11.0,5,11.3,6,11.4,5,11.5,5,13.2,5,8.5,6,8.6,4,8.9,5,12.0,5,12.1,6,10.8,5,8.3,5,9.8,6,8.0,5,11.8,5,10.3,5,11.5,5,6.6,3.0,14.0,5,13.3,5,9.5,4,10.9,4,14.8,4,15.8,5,14.7,5,15.1,5,10.9,4,15.5,4,15.6,5
2016-10-17 02:00:00,13.1,6,11.4,5,11.4,6,10.3,6,10.2,5,10.5,5,10.7,5,10.8,6,11.0,5,11.1,4,12.8,5,8.3,6,8.5,4,8.6,6,11.8,6,11.6,6,10.5,5,8.1,5,9.8,6,7.7,5,11.6,5,10.1,5,11.1,5,6.4,4.0,13.8,5,13.3,5,9.7,5,11.2,4,14.8,4,15.6,5,14.7,5,15.1,5,10.7,5,15.4,4,15.9,4
2016-10-17 03:00:00,12.8,5,11.8,5,11.8,4,10.4,4,10.6,6,10.8,2,10.5,4,10.7,4,11.4,5,11.2,5,12.8,5,8.8,6,8.3,5,8.3,4,12.1,4,11.6,5,9.9,6,8.0,6,9.2,5,7.9,4,11.1,5,9.5,5,12.2,4,7.4,3.0,13.1,6,12.9,6,9.6,4,11.1,4,13.6,5,15.9,6,14.3,6,15.1,5,10.9,4,15.2,4,14.6,5
2016-10-17 04:00:00,12.4,5,11.5,5,11.4,5,10.0,5,10.3,7,10.4,2,10.1,4,10.1,5,11.0,5,10.8,5,12.4,5,8.3,6,8.2,5,8.1,4,11.5,4,11.2,5,9.2,6,7.7,6,8.9,6,8.1,4,10.8,5,8.9,5,11.9,5,6.9,3.0,12.8,6,12.5,6,9.3,5,10.6,5,13.3,5,15.7,6,14.2,6,14.9,5,10.2,4,14.9,4,14.3,5
2016-10-17 05:00:00,12.2,6,11.2,6,11.0,5,9.9,5,10.3,7,10.1,2,9.8,4,9.7,5,10.6,6,10.4,6,12.1,6,8.0,6,8.4,5,8.1,5,11.0,4,10.9,6,8.6,6,7.6,6,8.7,6,8.4,5,10.6,5,8.5,5,11.6,5,6.5,3.0,12.6,6,12.3,6,9.3,6,10.3,5,13.2,5,15.6,7,14.2,6,15.0,6,9.8,5,14.8,4,14.3,5
2016-10-17 06:00:00,12.3,6,11.2,6,11.0,6,10.1,5,10.7,6,10.3,2,10.0,4,9.9,5,10.6,6,10.5,6,12.1,6,8.4,6,9.0,6,8.6,6,11.1,4,11.0,6,8.8,6,8.2,6,9.1,6,9.0,5,10.7,5,8.7,5,11.7,5,6.9,3.0,12.7,6,12.7,7,9.7,6,10.6,6,13.6,5,15.7,7,14.5,7,15.4,6,10.3,5,15.1,4,14.7,6
2016-10-17 07:00:00,12.7,6,11.7,6,11.5,5,10.9,5,11.6,6,11.0,3,10.8,4,10.9,5,11.1,6,11.1,6,12.5,6,9.8,6,10.1,5,9.7,6,12.0,4,11.6,6,10.0,6,9.7,6,10.2,6,9.8,4,11.2,6,9.9,5,12.3,5,8.3,4.0,13.4,5,13.7,7,10.6,6,12.0,6,14.5,5,16.2,7,15.2,7,16.3,6,12.0,6,16.1,5,15.9,6
2016-10-17 08:00:00,13.4,6,12.5,6,12.5,5,12.1,4,12.8,6,12.1,4,12.1,5,12.4,5,11.9,6,12.1,6,13.2,6,11.7,6,11.5,5,11.2,6,13.3,5,12.5,6,11.8,6,11.7,6,11.8,6,10.9,3,12.0,6,11.6,5,13.3,5,10.4,4.0,14.5,5,15.0,7,11.9,6,13.9,6,15.6,5,16.9,7,16.0,7,17.5,6,14.4,5,17.5,6,17.4,6
2016-10-17 09:00:00,14.0,6,13.4,5,13.5,5,13.4,4,14.0,6,13.3,4,13.4,5,14.0,5,12.9,6,13.3,6,14.1,6,13.6,6,13.0,5,12.8,6,14.6,5,13.6,6,13.6,6,13.7,6,13.4,6,12.2,3,13.0,6,13.5,5,14.4,5,12.7,4.0,15.8,4,16.3,7,13.5,6,15.9,6,16.9,6,17.5,7,16.9,7,18.6,6,16.8,5,18.7,6,18.9,6
2016-10-17 10:00:00,14.5,6,14.3,6,14.5,5,14.7,4,15.1,5,14.3,5,14.5,5,15.4,6,13.8,6,14.4,6,15.0,6,15.0,6,14.5,4,14.3,5,15.6,5,14.6,6,15.0,6,15.2,6,14.7,5,13.6,3,14.0,6,15.0,4,15.5,6,14.9,4.0,17.0,4,17.4,7,15.1,5,17.3,5,18.0,6,17.9,7,17.6,7,19.4,6,18.7,5,19.5,5,20.0,6
2016-10-17 11:00:00,14.8,6,15.1,6,15.3,5,15.7,4,15.9,6,15.0,4,15.4,5,16.4,6,14.6,6,15.3,6,15.8,6,16.0,6,15.8,4,15.5,5,16.2,5,15.6,6,16.0,6,16.3,6,15.7,5,15.0,4,14.9,6,16.2,4,16.5,6,16.7,4.0,18.1,4,18.2,7,16.6,5,18.3,4,19.0,6,18.2,7,18.1,7,19.9,6,20.0,5,19.9,5,20.6,6
2016-10-17 12:00:00,15.0,6,15.8,6,15.9,6,16.5,5,16.6,6,15.5,4,15.9,4,17.2,6,15.2,6,16.1,6,16.5,5,16.8,6,16.8,5,16.5,4,16.7,5,16.4,7,16.7,7,17.2,6,16.5,5,16.3,5,15.8,6,17.0,4,17.3,6,18.0,4.0,19.0,4,18.8,7,17.7,5,19.1,3,19.8,6,18.4,7,18.5,7,20.3,6,21.0,5,20.1,4,21.0,6
2016-10-17 13:00:00,15.2,5,16.3,6,16.3,6,16.9,5,17.1,6,15.8,5,16.1,4,17.6,6,15.7,6,16.7,6,16.9,5,17.5,6,17.4,5,17.2,5,17.2,5,17.0,7,17.3,7,17.9,6,17.2,6,17.3,6,16.6,6,17.6,4,18.0,7,18.6,5.0,19.7,4,19.2,7,18.3,5,19.8,4,20.4,6,18.6,7,18.9,7,20.6,6,21.7,5,20.2,5,21.2,6
2016-10-17 14:00:00,15.2,5,16.3,6,16.4,6,16.8,6,17.2,6,15.7,5,15.9,4,17.6,5,15.9,6,17.0,6,16.9,5,17.7,7,17.4,6,17.6,6,17.4,5,17.3,7,17.5,7,18.1,6,17.5,6,17.7,6,17.1,6,17.7,5,18.3,7,18.4,6.0,20.1,5,19.4,7,18.3,5,20.1,5,20.8,5,18.8,7,19.1,7,20.7,6,21.9,5,20.2,5,21.1,7
2016-10-17 15:00:00,14.9,5,15.8,5,16.4,5,16.2,6,16.6,7,15.1,4,15.4,5,17.2,5,15.7,5,16.6,6,16.4,5,16.0,6,15.5,6,16.5,6,17.3,4,17.1,5,16.6,7,16.3,7,16.3,7,16.6,5,16.0,7,17.0,6,16.7,6,16.7,5.0,19.9,7,18.3,7,17.1,7,20.1,6,20.8,5,18.3,7,18.7,7,19.6,6,21.3,6,20.2,6,20.7,6
2016-10-17 16:00:00,14.6,5,14.8,5,15.5,5,15.3,6,15.7,6,14.0,4,14.4,5,15.9,5,14.9,5,15.6,5,15.7,5,14.9,6,14.4,6,15.6,5,16.1,4,16.1,5,15.9,6,14.9,6,15.4,7,15.3,5,15.2,7,16.0,6,16.0,6,14.9,5.0,19.0,7,17.7,7,16.1,7,18.8,5,20.1,5,17.7,7,17.9,7,19.0,6,20.1,6,19.9,6,19.7,6
2016-10-17 17:00:00,14.1,5,13.6,5,14.3,5,14.1,6,14.5,5,12.7,3,13.3,4,14.4,5,13.8,5,14.4,5,14.9,5,13.3,5,13.1,7,14.2,3,14.5,4,14.8,5,15.0,6,13.1,5,14.1,7,13.5,5,14.1,7,14.5,6,15.0,6,12.7,5.0,17.7,6,16.7,7,14.7,7,17.1,4,19.1,5,16.9,7,16.7,6,18.1,6,18.7,5,19.3,6,18.6,6
2016-10-17 18:00:00,13.7,5,12.6,5,13.1,5,12.9,6,13.3,5,11.5,3,12.2,3,13.0,5,12.6,5,13.1,5,14.0,5,11.8,5,12.0,7,12.8,3,13.1,4,13.5,4,13.9,5,11.3,5,12.8,7,11.8,5,13.1,7,13.1,5,13.9,6,10.8,4.0,16.4,6,15.6,6,13.3,6,15.4,4,18.0,4,16.2,6,15.6,6,17.3,5,17.4,5,18.7,5,17.5,6
2016-10-17 19:00:00,13.3,5,11.9,5,12.2,5,11.9,5,12.3,5,10.7,3,11.5,2,12.0,4,11.6,4,12.2,5,13.3,5,10.8,5,11.2,7,11.7,3,12.1,4,12.6,4,12.9,5,10.1,5,11.8,7,10.7,5,12.4,7,12.0,5,13.1,6,9.6,4.0,15.4,6,14.7,6,12.2,6,14.1,4,17.0,4,15.7,6,14.9,5,16.7,5,16.4,5,18.0,5,16.8,5
2016-10-17 20:00:00,13.1,5,11.5,5,11.6,5,11.1,5,11.5,5,10.1,3,11.1,2,11.4,3,10.8,5,11.5,5,12.8,5,10.2,6,10.8,7,10.9,5,11.4,3,12.1,3,11.9,6,9.4,5,11.1,7,10.2,6,11.9,7,11.2,5,12.5,5,9.0,4.0,14.7,5,14.0,6,11.4,6,13.2,5,16.2,4,15.4,6,14.5,5,16.3,6,15.6,5,17.3,5,16.4,5
2016-10-17 21:00:00,12.8,5,11.1,5,11.1,5,10.5,4,10.9,5,9.6,3,10.7,2,10.9,2,10.2,5,11.0,5,12.3,5,9.7,6,10.5,6,10.3,5,10.9,3,11.6,3,11.1,6,8.7,6,10.4,7,9.7,6,11.6,6,10.6,5,12.0,5,8.4,4.0,14.0,5,13.3,6,10.6,5,12.4,6,15.4,4,14.8,5,14.0,5,15.7,6,14.8,5,16.7,5,15.8,5
2016-10-17 22:00:00,12.6,5,10.8,5,10.6,4,10.1,4,10.4,5,9.2,4,10.3,2,10.4,2,9.6,5,10.5,5,11.8,5,9.3,6,10.2,6,9.8,5,10.5,2,11.1,3,10.4,6,8.3,6,9.9,6,9.4,6,11.3,6,10.0,5,11.5,5,8.1,4.0,13.3,5,12.7,6,10.0,5,11.9,6,14.6,4,14.4,5,13.5,5,15.2,6,14.1,5,16.3,5,15.4,5
2016-10-17 23:00:00,12.3,4,10.4,5,10.2,4,9.8,4,9.9,5,8.9,4,9.9,2,9.8,2,9.1,5,10.0,5,11.3,5,8.9,6,10.0,6,9.4,5,10.3,2,10.5,3,9.8,6,7.9,6,9.6,6,9.2,6,10.9,6,9.5,5,11.2,5,7.9,4.0,12.8,5,12.2,5,9.6,5,11.6,6,14.0,4,13.9,5,13.1,5,14.8,5,13.4,5,16.1,5,15.0,5
2016-10-18 00:00:00,12.1,4,10.1,5,9.9,4,9.5,4,9.4,5,8.8,4,9.6,3,9.3,2,8.6,5,9.6,5,10.9,5,8.4,6,9.7,6,9.2,5,10.0,3,9.9,4,9.4,6,7.6,6,9.3,6,9.1,6,10.5,6,9.2,5,10.9,6,7.9,4.0,12.3,5,11.7,5,9.3,5,11.5,5,13.7,4,13.5,5,12.8,5,14.4,5,12.9,5,15.9,5,14.8,5
2016-10-18 01:00:00,11.9,4,9.8,5,9.6,4,9.2,4,8.9,5,8.7,4,9.4,4,8.8,3,8.2,4,9.1,5,10.4,5,8.0,6,9.4,6,9.1,6,9.8,4,9.4,4,9.2,6,7.3,5,9.2,6,8.9,6,10.1,6,8.9,5,10.7,6,7.8,5.0,11.9,5,11.4,5,9.1,5,11.5,5,13.6,4,13.2,5,12.6,5,14.1,5,12.5,5,15.9,5,14.7,5
2016-10-18 02:00:00,11.6,4,9.5,5,9.3,5,9.0,5,8.3,5,8.7,5,9.2,4,8.3,4,7.8,5,8.5,5,10.0,5,7.6,6,9.1,6,9.0,6,9.5,5,8.8,5,9.0,6,7.0,5,9.2,5,8.8,6,9.6,6,8.7,5,10.5,6,7.7,5.0,11.5,5,11.1,5,9.1,5,11.5,5,13.6,4,13.0,5,12.4,5,13.9,5,12.2,5,15.8,5,14.8,5
2016-10-18 03:00:00,11.3,6,9.5,5,9.3,5,8.2,4,8.9,5,9.9,4,9.3,5,8.2,4,8.5,5,8.9,5,10.4,5,8.0,5,9.1,6,9.3,6,8.9,3,9.0,6,9.0,6,7.5,5,9.4,5,8.4,5,8.8,5,8.6,5,10.1,6,7.4,4.0,11.2,6,10.4,5,9.0,4,11.0,5,12.4,7,12.5,5,11.6,5,13.5,6,12.4,5,15.4,4,14.4,5
2016-10-18 04:00:00,11.2,6,9.3,6,9.1,5,8.2,5,8.9,5,10.0,5,9.2,5,8.1,5,8.2,5,8.6,5,10.1,5,7.8,6,9.1,6,9.1,6,8.5,3,8.6,6,8.5,6,7.3,6,9.2,6,8.3,5,8.5,5,8.1,5,9.9,6,7.0,5.0,10.7,6,9.6,5,8.4,4,10.6,6,11.9,7,12.0,5,11.1,5,12.9,5,11.7,5,15.0,4,13.9,5
2016-10-18 05:00:00,11.0,6,9.2,6,8.9,6,8.4,5,9.1,5,10.0,5,9.2,5,8.2,5,8.1,5,8.4,5,9.8,5,7.7,6,9.1,6,9.0,6,8.3,4,8.4,5,8.1,6,7.3,6,9.1,6,8.4,6,8.2,4,7.8,6,9.8,7,6.7,5.0,10.4,5,9.1,5,8.0,4,10.3,6,11.7,7,11.6,4,10.8,5,12.5,5,11.1,5,14.7,5,13.6,6
2016-10-18 06:00:00,10.9,6,9.1,6,8.9,6,8.8,6,9.5,5,10.1,5,9.3,5,8.5,5,8.2,6,8.6,6,9.7,6,8.0,6,9.3,6,9.3,7,8.4,4,8.5,5,8.1,5,7.9,6,9.3,6,8.7,7,8.3,5,8.0,6,9.9,7,6.8,6.0,10.7,5,9.4,5,8.2,5,10.6,6,11.8,7,11.9,4,11.2,5,12.7,5,11.3,5,15.0,5,14.0,6
2016-10-18 07:00:00,10.7,7,9.2,6,9.3,7,9.3,6,10.2,5,10.4,5,9.7,5,9.2,6,8.6,6,9.2,6,10.0,6,8.8,6,9.7,6,10.2,7,9.2,5,9.1,5,8.8,5,9.0,6,10.0,6,9.3,7,8.7,5,8.9,6,10.2,6,7.5,6.0,11.9,4,10.8,5,9.3,4,11.6,7,12.5,7,13.1,5,12.5,5,13.8,4,12.6,5,16.0,5,15.3,6
2016-10-18 08:00:00,10.5,7,9.6,6,10.0,7,9.9,6,10.9,6,10.8,4,10.4,5,10.1,6,9.3,7,10.0,6,10.6,6,9.8,7,10.3,6,11.5,7,10.4,6,10.0,6,10.0,5,10.5,6,11.0,6,10.0,7,9.5,6,10.3,5,10.8,6,8.6,6.0,13.5,3,12.8,5,11.1,4,13.2,7,13.7,7,14.8,5,14.4,4,15.4,4,14.7,4,17.5,5,17.1,6
2016-10-18 09:00:00,10.5,7,10.0,6,10.7,7,10.6,6,11.7,7,11.4,4,11.0,5,11.2,6,10.1,7,11.0,7,11.4,7,11.0,7,11.1,7,12.7,7,11.8,7,11.2,6,11.3,5,11.9,6,12.0,6,10.9,6,10.4,7,11.7,5,11.5,6,10.0,6.0,15.2,3,14.8,5,13.1,4,14.7,7,15.0,6,16.7,5,16.4,4,17.0,3,17.0,4,18.8,5,18.8,6
2016-10-18 10:00:00,10.7,7,10.5,6,11.4,7,11.3,6,12.3,7,12.1,4,11.6,4,12.4,7,10.9,7,11.9,7,12.2,7,12.0,7,12.0,7,13.6,7,13.2,7,12.4,7,12.5,5,13.0,6,12.8,6,11.8,7,11.4,7,12.9,5,12.3,6,11.4,5.0,16.5,3,16.4,4,14.9,3,15.9,7,16.4,6,18.3,5,18.0,4,18.2,3,19.1,3,19.6,4,20.0,5
2016-10-18 11:00:00,11.0,7,11.0,7,11.9,7,11.9,7,12.8,7,12.8,5,12.0,4,13.5,7,11.6,7,12.7,7,12.9,7,12.8,7,12.8,7,14.2,6,14.4,7,13.6,7,13.4,6,13.8,6,13.4,6,12.6,7,12.4,7,13.8,4,13.1,5,12.7,5.0,17.4,4,17.6,3,16.5,3,16.8,7,17.6,6,19.5,4,19.3,4,19.0,2,20.7,3,20.0,4,20.6,5
2016-10-18 12:00:00,11.3,7,11.4,7,12.3,7,12.4,7,13.1,6,13.3,5,12.4,4,14.4,7,12.2,7,13.3,7,13.4,7,13.4,7,13.4,7,14.6,6,15.3,7,14.4,7,14.1,7,14.3,6,13.9,6,13.3,7,13.1,7,14.5,4,13.8,5,13.7,5.0,18.0,4,18.4,3,17.7,2,17.5,7,18.5,6,20.3,4,20.2,3,19.7,2,21.9,2,20.2,3,21.0,4
2016-10-18 13:00:00,11.4,7,11.7,7,12.5,7,12.6,6,13.2,6,13.6,5,12.7,4,14.8,7,12.6,7,13.6,7,13.6,7,13.7,6,13.7,7,15.0,6,15.7,7,14.8,6,14.5,7,14.6,6,14.3,6,13.9,7,13.5,6,14.9,4,14.4,5,14.3,5.0,18.5,4,19.0,3,18.5,2,18.0,7,19.1,6,20.8,3,20.8,3,20.3,1,22.5,2,20.2,3,21.2,4
2016-10-18 14:00:00,11.3,7,11.8,7,12.5,7,12.6,6,13.2,6,13.5,4,12.8,4,14.8,6,12.6,7,13.6,6,13.5,6,13.5,6,13.7,7,15.2,6,15.7,6,14.8,6,14.5,7,14.7,7,14.5,6,14.2,6,13.5,6,15.1,5,14.7,5,14.3,5.0,18.6,4,19.1,3,18.6,2,18.1,7,19.2,6,20.8,2,20.8,2,20.6,2,22.6,2,20.2,3,21.1,4
2016-10-18 15:00:00,10.9,5,11.1,7,11.7,6,12.7,5,13.1,7,13.1,4,12.7,4,13.7,5,12.0,7,12.8,7,12.8,7,13.4,7,13.1,6,14.4,7,14.3,5,14.0,6,13.9,7,14.4,7,13.8,7,14.1,7,12.8,6,15.0,5,14.4,5,14.5,5.0,17.3,5,18.3,3,17.8,4,17.1,6,18.2,5,19.9,3,19.8,2,20.0,2,21.7,1,19.9,3,20.4,4
2016-10-18 16:00:00,10.5,5,10.5,5,10.8,6,11.9,5,12.3,6,12.2,4,12.0,4,12.7,4,11.2,6,11.9,5,12.0,6,12.4,7,12.3,6,13.5,7,13.3,4,13.1,5,13.2,7,13.3,7,13.2,7,13.0,7,12.1,6,14.1,5,13.9,5,12.9,5.0,16.4,4,17.2,3,16.2,4,16.1,5,17.6,4,18.6,3,18.3,2,19.0,2,20.3,1,19.5,4,19.5,4
2016-10-18 17:00:00,10.0,4,9.7,4,9.8,6,11.0,4,11.4,6,11.1,4,11.2,3,11.4,4,10.2,4,10.8,4,11.1,4,11.2,7,11.3,6,12.3,7,12.1,3,12.0,5,12.4,7,11.9,6,12.3,7,11.6,7,11.2,5,13.0,4,13.1,5,11.1,5.0,15.2,4,15.8,3,14.3,4,14.8,4,16.8,3,16.9,3,16.3,3,17.6,2,18.6,1,18.9,4,18.4,4
2016-10-18 18:00:00,9.6,4,9.0,3,8.9,5,10.1,4,10.4,6,10.1,3,10.4,2,10.3,3,9.2,3,9.8,3,10.4,3,10.1,6,10.4,6,11.2,7,10.9,2,11.0,4,11.5,6,10.5,6,11.3,7,10.3,7,10.4,5,11.8,4,12.2,5,9.4,5.0,14.1,3,14.4,3,12.5,4,13.5,4,15.8,3,15.5,3,14.6,4,16.4,2,17.0,2,18.2,4,17.4,4
2016-10-18 19:00:00,9.3,3,8.7,2,8.3,5,9.6,4,9.5,6,9.5,3,9.9,2,9.6,3,8.4,2,9.0,3,10.0,2,9.4,6,9.7,6,10.4,7,10.0,1,10.3,4,10.7,6,9.3,6,10.4,7,9.5,7,9.7,5,10.8,4,11.5,5,8.3,5.0,13.2,4,13.4,4,11.4,4,12.4,4,14.9,3,14.8,3,13.7,4,15.6,3,15.7,2,17.5,3,16.7,4
2016-10-18 20:00:00,9.1,3,8.5,2,8.0,5,9.3,4,8.8,5,9.2,3,9.7,2,9.2,4,7.9,2,8.5,3,9.7,2,8.8,6,9.1,6,9.8,7,9.4,2,9.9,3,10.0,6,8.4,6,9.7,7,9.0,7,9.2,5,10.1,5,10.9,6,7.8,6.0,12.6,4,12.7,4,10.7,3,11.5,4,14.1,4,14.4,3,13.2,4,15.1,3,14.6,2,16.9,3,16.2,4
2016-10-18 21:00:00,9.1,3,8.4,2,7.7,5,9.0,4,8.4,5,8.8,4,9.4,3,8.8,4,7.6,2,8.1,3,9.5,2,8.1,6,8.5,6,9.3,7,8.8,2,9.4,3,9.4,6,7.6,7,9.1,7,8.8,7,8.7,5,9.5,5,10.4,5,7.5,6.0,11.8,4,11.9,4,9.9,2,10.7,4,13.3,4,13.7,3,12.5,4,14.4,3,13.5,2,16.3,3,15.7,4
2016-10-18 22:00:00,9.0,3,8.3,3,7.6,5,8.8,4,8.0,5,8.6,4,9.1,3,8.4,4,7.3,2,7.8,3,9.3,2,7.5,6,8.1,6,8.9,6,8.3,2,8.9,3,8.8,5,7.0,7,8.8,7,8.6,7,8.3,5,9.0,5,10.0,5,7.3,5.0,11.2,4,11.3,4,9.3,2,10.1,4,12.6,4,13.0,3,12.0,3,13.7,3,12.4,2,15.8,4,15.2,4
2016-10-18 23:00:00,9.0,3,8.2,3,7.5,5,8.6,4,7.7,5,8.5,4,8.8,3,8.1,4,7.1,3,7.5,3,9.2,3,7.0,6,7.7,6,8.6,6,8.0,2,8.5,3,8.3,5,6.5,7,8.6,6,8.5,6,8.0,5,8.6,5,9.7,5,7.1,5.0,10.6,4,10.7,4,8.7,2,9.6,4,11.9,4,12.4,3,11.5,3,13.1,4,11.5,3,15.5,4,14.7,4
2016-10-19 00:00:00,9.0,4,8.2,4,7.5,6,8.5,4,7.5,5,8.4,4,8.6,4,7.8,5,7.0,3,7.4,4,9.1,3,6.6,6,7.4,6,8.4,6,7.8,3,8.1,4,7.9,5,6.1,6,8.5,6,8.3,6,7.7,5,8.2,5,9.4,5,6.9,5.0,10.1,5,10.3,5,8.3,2,9.4,4,11.3,4,11.8,3,11.2,3,12.5,4,10.7,3,15.2,4,14.3,4
2016-10-19 01:00:00,9.1,4,8.2,4,7.5,6,8.4,5,7.3,5,8.3,4,8.3,4,7.6,5,7.0,4,7.3,4,9.1,4,6.3,7,7.3,5,8.2,6,7.7,3,7.7,4,7.6,5,5.9,6,8.4,6,8.1,6,7.5,5,7.7,5,9.2,5,6.6,5.0,9.7,5,9.9,5,8.0,3,9.2,4,10.8,4,11.3,4,10.9,4,12.0,4,10.0,3,15.0,4,14.0,4
2016-10-19 02:00:00,9.2,4,8.3,5,7.6,6,8.3,5,7.3,5,8.3,5,8.1,5,7.4,5,7.0,4,7.2,4,9.1,4,6.2,7,7.2,5,8.1,6,7.7,4,7.5,5,7.3,5,5.7,5,8.3,6,7.8,6,7.3,5,7.2,5,8.9,5,6.2,5.0,9.4,5,9.7,5,7.9,4,9.0,5,10.3,4,10.9,4,10.8,4,11.6,4,9.4,4,14.7,4,13.8,4
2016-10-19 03:00:00,9.9,5,9.0,6,8.0,5,8.0,2,7.7,7,7.5,2,8.0,4,7.7,4,8.0,3,8.1,3,9.3,3,6.6,6,6.6,7,6.9,5,7.4,3,7.2,3,6.9,4,5.5,5,7.9,5,6.7,7,7.1,4,6.8,4,8.7,6,6.6,6.0,9.8,3,9.5,3,8.0,2,8.5,2,10.3,2,11.6,2,10.9,2,12.3,2,10.1,1,14.5,4,13.4,2
2016-10-19 04:00:00,9.9,5,9.0,5,8.2,5,7.8,2,7.9,7,7.4,3,7.7,4,7.5,4,7.8,3,7.9,3,9.1,3,6.5,6,6.7,6,6.8,6,6.8,3,6.7,3,6.2,5,5.1,5,7.3,5,6.5,7,6.6,4,6.0,4,8.2,5,6.1,6.0,9.4,3,8.9,3,7.7,2,7.9,2,9.9,3,11.1,2,10.2,2,12.0,2,9.5,2,14.1,4,12.8,3
2016-10-19 05:00:00,9.9,5,9.1,5,8.5,5,7.9,3,8.2,7,7.4,4,7.5,4,7.4,4,7.5,3,7.7,3,8.9,3,6.3,7,6.9,6,6.8,6,6.4,3,6.2,3,5.5,5,5.0,5,6.7,5,6.4,6,6.2,4,5.3,5,7.9,4,5.7,6.0,9.2,3,8.7,3,7.6,2,7.5,2,9.7,3,10.7,2,9.7,2,11.8,2,9.0,2,13.9,4,12.4,3
2016-10-19 06:00:00,10.0,5,9.2,5,8.8,5,8.3,3,8.5,7,7.7,4,7.8,4,7.6,4,7.5,4,7.7,3,8.9,4,6.5,7,7.1,6,7.0,7,6.5,3,6.3,3,5.5,5,5.4,5,6.6,5,6.4,6,6.1,4,5.3,5,7.9,3,5.7,6.0,9.5,3,9.0,3,7.9,2,7.8,2,9.8,4,10.9,3,9.8,2,12.0,3,9.4,2,14.2,4,12.6,3
2016-10-19 07:00:00,10.2,5,9.4,6,9.3,5,9.0,3,9.0,7,8.5,4,8.7,4,8.4,5,7.9,4,8.2,4,9.2,4,7.2,7,7.4,6,7.6,7,7.5,3,7.1,3,6.3,5,6.5,6,7.2,6,6.7,6,6.5,5,6.1,5,8.3,4,6.3,6.0,10.4,2,10.1,3,8.9,2,9.1,2,10.5,4,11.9,3,10.9,2,12.6,3,10.9,2,15.2,4,13.7,3
2016-10-19 08:00:00,10.4,6,9.8,6,9.9,6,9.9,4,9.6,7,9.6,4,9.9,4,9.6,5,8.6,5,9.0,4,9.7,4,8.3,7,7.8,7,8.4,7,9.0,3,8.4,4,7.7,6,7.9,6,8.2,6,7.1,7,7.4,6,7.5,6,8.9,5,7.4,6.0,11.8,2,11.5,3,10.3,2,10.9,3,11.5,4,13.4,2,12.5,2,13.6,2,13.0,2,16.6,4,15.4,3
2016-10-19 09:00:00,10.7,6,10.3,7,10.5,7,10.9,4,10.3,7,10.8,4,11.2,4,11.0,5,9.4,5,10.0,5,10.5,5,9.4,7,8.3,7,9.2,7,10.8,3,9.9,4,9.3,7,9.4,7,9.3,6,7.7,7,8.4,7,9.0,6,9.7,6,8.7,6.0,13.2,1,13.0,3,11.8,2,12.7,3,12.9,5,15.0,2,14.2,3,14.6,2,15.3,2,17.9,4,17.0,3
2016-10-19 10:00:00,11.1,6,10.9,7,11.2,7,11.8,5,11.0,7,12.0,4,12.2,4,12.5,5,10.2,6,11.0,6,11.4,6,10.4,7,9.0,8,9.8,7,12.4,3,11.3,5,10.7,7,10.6,7,10.2,7,8.3,7,9.5,7,10.2,6,10.5,6,10.0,6.0,14.5,1,14.1,3,13.2,2,14.1,4,14.4,5,16.4,2,15.5,2,15.4,2,17.2,2,18.7,4,18.2,3
2016-10-19 11:00:00,11.4,6,11.4,7,11.8,7,12.7,5,11.7,7,13.0,4,12.9,5,13.9,5,11.0,6,11.8,6,12.2,6,11.2,7,9.7,8,10.3,7,13.8,4,12.6,6,11.8,7,11.6,7,11.0,7,9.1,7,10.5,6,11.0,6,11.3,6,11.1,5.0,15.5,2,14.9,3,14.5,1,15.0,4,15.8,5,17.4,2,16.4,2,16.2,2,18.8,1,19.1,3,18.9,4
2016-10-19 12:00:00,11.7,6,12.0,7,12.3,7,13.3,5,12.2,7,13.8,4,13.3,5,14.9,5,11.6,7,12.5,7,12.9,7,11.9,7,10.3,7,10.7,7,14.8,5,13.6,6,12.6,7,12.4,7,11.6,7,9.8,7,11.3,6,11.7,6,12.0,5,11.8,5.0,16.3,2,15.5,3,15.5,1,15.7,5,16.8,5,18.2,2,17.2,2,16.8,2,19.9,1,19.3,3,19.3,4
2016-10-19 13:00:00,11.8,6,12.5,6,12.7,7,13.7,6,12.5,7,14.2,4,13.5,5,15.4,5,12.0,7,12.9,6,13.3,7,12.4,7,10.8,7,11.0,7,15.4,5,14.2,6,13.0,7,13.0,7,12.1,7,10.5,7,11.8,6,12.2,6,12.5,5,12.1,5.0,16.9,2,15.9,3,16.2,1,16.2,6,17.3,4,18.7,2,17.9,2,17.4,2,20.6,1,19.4,3,19.5,4
2016-10-19 14:00:00,11.7,6,12.7,7,12.7,7,13.7,6,12.6,7,14.2,4,13.4,5,15.3,5,12.2,6,13.1,6,13.3,6,12.5,7,11.0,7,11.2,7,15.5,5,14.4,5,13.0,6,13.1,6,12.4,7,11.1,7,12.1,6,12.5,6,12.7,5,11.9,5.0,17.1,2,16.0,3,16.3,1,16.4,6,17.3,3,18.8,2,18.2,2,17.8,1,20.8,1,19.4,3,19.5,3
2016-10-19 15:00:00,12.0,5,12.4,6,12.3,7,13.3,6,12.9,7,13.4,4,12.9,6,14.4,5,12.3,5,12.9,5,12.9,5,12.5,6,11.3,7,11.3,6,14.7,5,13.7,6,12.5,7,12.5,6,11.9,7,11.2,7,11.1,6,12.0,7,12.0,6,10.7,5.0,15.9,3,15.5,3,15.2,1,14.9,6,16.1,4,17.9,3,17.7,3,17.6,1,19.8,1,19.1,3,18.0,4
2016-10-19 16:00:00,11.8,5,11.7,5,11.6,6,12.5,5,12.3,6,12.3,4,12.1,6,13.3,4,11.6,4,12.0,4,12.2,4,11.6,6,10.6,7,10.7,6,13.7,5,12.9,6,11.9,6,11.4,6,11.1,6,10.4,7,10.5,6,11.4,6,11.4,6,9.6,6.0,15.0,3,14.6,3,13.7,1,13.9,5,15.6,4,16.8,3,16.2,3,16.7,1,18.6,2,18.6,4,17.2,3
2016-10-19 17:00:00,11.5,5,10.8,5,10.8,5,11.5,5,11.4,6,11.0,4,11.2,5,12.0,4,10.6,3,10.9,3,11.4,3,10.4,6,9.6,7,9.9,5,12.4,4,11.8,6,11.0,5,10.0,5,10.0,5,9.1,7,9.8,5,10.4,5,10.5,5,8.3,6.0,13.8,4,13.5,2,11.9,1,12.7,5,14.8,4,15.3,2,14.2,2,15.4,1,17.1,2,17.8,4,16.1,3
2016-10-19 18:00:00,11.2,5,10.0,4,10.1,5,10.5,5,10.6,6,9.8,4,10.4,5,10.7,4,9.6,3,9.9,3,10.7,3,9.4,6,8.7,7,9.0,5,11.1,4,10.8,5,10.2,5,8.6,5,9.0,5,7.9,7,9.0,4,9.4,5,9.7,5,7.1,6.0,12.6,4,12.3,2,10.3,1,11.5,4,13.9,3,13.9,2,12.5,2,14.2,2,15.6,2,17.0,4,15.2,2
2016-10-19 19:00:00,11.0,5,9.6,4,9.7,4,9.8,4,9.9,6,9.2,4,9.8,5,9.7,4,8.8,3,9.2,4,10.2,4,8.9,6,8.1,7,8.2,5,10.1,3,10.0,4,9.5,5,7.7,5,8.3,5,7.2,7,8.4,4,8.6,5,9.2,6,6.2,5.0,11.8,5,11.4,2,9.3,2,10.6,4,13.0,4,13.0,2,11.5,2,13.3,2,14.3,3,16.3,4,14.6,3
2016-10-19 20:00:00,10.9,5,9.6,4,9.4,4,9.3,4,9.4,6,8.9,4,9.5,4,9.0,3,8.3,5,8.8,5,9.9,5,8.7,6,7.9,7,7.5,5,9.4,3,9.5,3,8.9,5,7.1,5,7.9,6,6.8,7,7.9,5,7.9,5,8.9,6,5.6,5.0,11.2,5,10.7,2,8.7,3,10.0,4,12.3,4,12.5,2,11.1,2,12.7,2,13.3,3,15.8,4,14.2,3
2016-10-19 21:00:00,10.9,5,9.5,4,9.2,5,8.9,4,8.9,6,8.5,4,9.2,4,8.5,3,7.8,5,8.4,5,9.5,6,8.2,6,7.5,7,7.0,5,8.7,3,8.8,3,8.2,5,6.5,5,7.6,6,6.6,7,7.5,5,7.4,5,8.4,6,5.2,5.0,10.6,5,10.0,3,8.1,3,9.5,4,11.5,4,11.9,2,10.7,3,12.0,2,12.4,4,15.3,4,13.6,3
2016-10-19 22:00:00,10.8,5,9.5,4,8.9,5,8.5,3,8.6,6,8.2,4,8.9,3,8.0,4,7.5,6,8.1,5,9.2,6,7.7,6,7.2,6,6.6,5,8.2,3,8.3,3,7.6,5,6.0,5,7.5,6,6.4,6,7.1,5,6.9,5,8.1,6,4.9,5.0,10.2,4,9.5,3,7.7,3,9.1,4,10.9,4,11.3,3,10.4,3,11.3,3,11.7,4,14.9,4,13.1,4
2016-10-19 23:00:00,10.8,5,9.4,4,8.7,5,8.2,3,8.3,6,7.9,4,8.7,3,7.7,4,7.3,6,7.8,5,9.1,6,7.2,6,6.9,6,6.4,5,7.9,3,7.8,3,7.1,5,5.6,5,7.4,6,6.3,6,6.8,5,6.4,5,7.7,6,4.6,5.0,9.7,4,9.0,3,7.2,4,8.7,4,10.3,4,10.8,3,10.1,3,10.8,3,11.0,4,14.6,4,12.6,4
2016-10-20 00:00:00,10.7,5,9.3,5,8.6,5,8.0,3,8.0,6,7.7,5,8.6,3,7.5,4,7.1,6,7.6,5,8.9,6,6.7,6,6.7,6,6.2,5,7.6,3,7.4,3,6.6,5,5.2,5,7.3,5,6.2,6,6.5,5,6.0,5,7.4,6,4.3,5.0,9.4,4,8.5,4,6.9,4,8.5,4,9.7,4,10.3,3,9.9,3,10.3,3,10.3,4,14.3,4,12.1,4
2016-10-20 01:00:00,10.5,5,9.1,5,8.4,5,7.8,4,7.8,6,7.6,5,8.5,4,7.3,5,7.0,5,7.4,5,8.8,5,6.2,6,6.4,6,6.0,6,7.5,4,7.0,4,6.2,5,4.8,5,7.1,6,6.1,6,6.3,5,5.6,5,7.1,6,4.0,5.0,9.1,4,8.1,4,6.5,4,8.2,4,9.2,4,10.0,3,9.8,3,9.8,4,9.5,4,13.9,4,11.7,4
2016-10-20 02:00:00,10.3,5,9.0,5,8.3,6,7.7,5,7.5,6,7.5,5,8.5,5,7.1,5,7.0,5,7.2,5,8.8,5,5.8,6,6.3,6,5.9,6,7.4,5,6.8,5,5.9,5,4.5,5,6.8,7,5.9,6,6.2,5,5.2,6,6.9,6,3.6,5.0,8.8,5,7.7,4,6.1,5,7.9,5,8.7,5,9.6,4,9.6,4,9.5,4,8.6,4,13.5,4,11.4,4
2016-10-20 03:00:00,10.1,5,8.7,3,8.3,5,7.5,4,7.8,6,7.3,4,7.8,4,6.7,2,7.4,5,7.9,5,8.9,5,7.0,6,6.4,6,6.5,7,6.9,3,6.7,2,6.0,3,5.1,4,7.0,5,6.2,7,5.7,4,5.2,5,6.7,3,3.8,4.0,8.1,2,8.5,2,6.2,4,7.8,3,8.8,4,9.4,2,9.7,1,9.9,3,8.2,3,13.3,4,12.2,2
2016-10-20 04:00:00,10.0,5,8.4,3,8.1,5,7.1,4,7.8,5,7.1,4,7.5,4,6.4,2,7.1,5,7.6,6,8.6,6,6.7,6,6.4,6,6.3,7,6.3,3,6.1,2,5.5,4,4.8,5,6.7,5,6.0,7,5.3,4,4.6,5,6.4,3,3.4,3.0,7.6,3,8.1,1,5.9,3,7.2,3,8.1,4,8.7,2,9.2,1,9.4,3,7.4,3,13.1,4,11.6,3
2016-10-20 05:00:00,9.9,4,8.1,3,8.0,5,6.8,4,8.0,5,7.1,4,7.3,4,6.2,2,6.9,6,7.3,6,8.4,6,6.4,6,6.5,6,6.1,6,5.9,3,5.6,2,5.1,4,4.6,5,6.6,6,5.8,7,5.0,4,4.0,5,6.2,3,3.0,3.0,7.3,3,7.9,1,5.7,2,6.7,3,7.7,4,8.2,2,8.8,1,9.1,2,6.8,2,13.1,4,11.1,3
2016-10-20 06:00:00,10.0,4,8.1,2,8.2,6,7.0,4,8.4,5,7.5,3,7.5,4,6.5,2,6.9,6,7.4,6,8.3,6,6.5,6,6.7,6,6.1,6,6.0,3,5.6,2,5.2,5,4.9,6,6.7,6,5.8,7,5.0,4,4.0,5,6.3,3,3.1,3.0,7.6,4,8.2,1,5.9,1,6.9,4,7.8,5,8.3,2,9.0,1,9.2,2,7.0,2,13.5,4,11.2,3
2016-10-20 07:00:00,10.4,4,8.6,2,8.8,6,7.8,5,8.9,5,8.5,3,8.4,4,7.4,3,7.4,6,8.0,6,8.6,6,7.1,6,7.1,6,6.5,7,7.0,3,6.4,2,6.1,5,5.9,6,7.3,7,6.0,7,5.5,5,4.8,5,6.7,4,3.8,4.0,8.6,3,9.1,1,6.6,1,8.0,4,8.6,4,9.5,2,10.1,2,10.1,2,8.5,2,14.4,4,12.1,3
2016-10-20 08:00:00,10.9,5,9.5,2,9.8,6,8.9,5,9.6,5,9.8,2,9.7,3,8.9,3,8.3,5,9.0,5,9.2,5,8.1,6,7.6,6,7.3,7,8.6,3,7.7,3,7.5,6,7.4,6,8.3,7,6.4,7,6.4,6,6.1,5,7.4,6,4.9,4.0,10.1,3,10.4,2,7.8,1,9.7,5,10.0,4,11.5,2,11.7,2,11.5,1,10.8,2,15.5,4,13.6,3
2016-10-20 09:00:00,11.5,5,10.5,3,10.8,6,10.2,6,10.3,5,11.2,2,11.0,3,10.5,4,9.2,5,10.1,5,10.1,5,9.1,6,8.3,6,8.1,7,10.3,3,9.3,3,9.0,7,8.8,7,9.2,7,7.0,7,7.6,6,7.5,6,8.3,7,6.3,5.0,11.7,2,11.9,2,9.3,1,11.4,6,11.6,4,13.5,2,13.4,2,13.0,1,13.2,2,16.5,4,15.1,4
2016-10-20 10:00:00,12.0,5,11.6,3,11.7,6,11.4,6,11.1,5,12.4,3,12.0,4,12.1,5,10.0,4,11.0,4,11.1,4,10.0,6,9.1,6,8.9,6,11.9,3,10.8,3,10.4,7,9.8,6,9.9,6,7.7,7,8.8,5,8.8,6,9.2,7,7.8,5.0,13.2,2,13.2,2,10.9,1,12.6,6,13.2,4,15.2,2,14.7,3,14.3,1,15.2,3,17.1,5,16.2,4
2016-10-20 11:00:00,12.4,5,12.5,4,12.5,5,12.4,6,11.8,5,13.3,3,12.6,4,13.5,5,10.8,4,11.8,4,12.1,4,10.6,6,9.8,5,9.7,6,13.2,3,12.0,3,11.5,7,10.6,6,10.4,6,8.6,7,10.0,5,9.9,6,10.1,7,9.2,5.0,14.5,2,14.3,3,12.4,1,13.4,6,14.5,5,16.4,2,15.7,3,15.4,1,16.8,3,17.4,5,17.0,5
2016-10-20 12:00:00,12.6,5,13.2,5,13.1,5,13.2,6,12.3,5,14.0,3,13.0,5,14.5,5,11.4,4,12.5,4,12.8,4,11.2,5,10.5,5,10.3,6,14.2,4,13.0,3,12.3,7,11.3,5,10.8,5,9.4,7,10.9,4,10.7,6,10.8,7,10.2,6.0,15.5,2,15.0,3,13.6,1,14.0,7,15.5,5,17.3,2,16.4,3,16.2,1,17.8,3,17.5,6,17.5,5
2016-10-20 13:00:00,12.7,5,13.6,5,13.5,5,13.7,5,12.6,6,14.4,3,13.2,5,14.9,5,11.9,3,13.1,4,13.2,3,11.7,5,10.9,6,10.8,6,14.9,5,13.7,4,12.8,6,12.0,5,11.2,5,10.2,7,11.5,5,11.3,6,11.2,6,10.7,6.0,16.2,2,15.3,3,14.4,1,14.5,6,16.1,5,17.9,2,17.0,2,16.8,1,18.4,3,17.6,6,17.9,4
2016-10-20 14:00:00,12.7,5,13.5,4,13.6,6,13.7,5,12.5,6,14.4,2,13.2,5,14.8,5,12.3,3,13.3,3,13.2,3,11.8,4,11.0,6,11.1,6,15.1,5,13.9,4,12.9,5,12.5,5,11.5,5,10.6,7,11.7,5,11.6,7,11.4,6,10.6,6.0,16.5,2,15.2,3,14.7,1,14.6,6,16.2,5,18.0,2,17.2,2,17.1,1,18.4,2,17.7,6,17.9,4
2016-10-20 15:00:00,12.6,5,13.0,6,13.2,7,13.6,4,12.3,7,13.4,4,12.9,6,14.2,5,12.8,4,13.6,4,13.5,4,12.2,7,9.8,6,9.5,7,14.7,5,14.3,6,12.9,5,12.5,6,11.0,5,9.5,7,11.5,4,11.4,7,10.9,6,9.8,6.0,16.0,3,14.6,2,14.6,2,13.8,7,15.8,6,17.5,1,17.1,2,16.9,1,18.9,3,18.7,4,17.7,4
2016-10-20 16:00:00,12.1,5,12.2,5,12.1,6,12.9,3,11.5,6,12.4,4,12.1,5,13.1,4,12.2,4,12.7,4,12.8,4,11.2,7,9.0,6,8.9,7,13.8,4,13.5,5,12.4,4,11.5,5,10.3,5,8.6,7,10.9,3,10.9,7,10.3,5,8.5,5.0,15.2,3,13.6,2,13.0,2,12.8,6,15.2,5,16.3,1,15.7,2,16.0,1,17.7,4,18.1,4,16.9,4
2016-10-20 17:00:00,11.5,5,11.2,5,10.8,6,11.9,3,10.5,6,11.0,4,11.2,4,11.8,3,11.3,4,11.5,3,12.0,3,9.8,6,8.0,6,8.0,6,12.6,2,12.4,5,11.6,3,10.0,4,9.3,4,7.3,6,10.0,3,10.0,6,9.4,5,7.1,5.0,14.2,3,12.5,1,11.1,2,11.4,5,14.3,4,14.8,1,13.8,2,14.7,1,16.1,4,17.2,4,15.8,4
2016-10-20 18:00:00,11.0,4,10.3,4,9.7,6,11.0,3,9.4,6,9.8,4,10.3,3,10.6,2,10.3,4,10.4,3,11.2,3,8.5,6,7.0,5,7.1,6,11.4,1,11.4,4,10.7,2,8.5,3,8.3,4,6.1,6,9.2,2,9.1,6,8.7,5,5.8,5.0,13.0,2,11.5,1,9.5,2,10.0,4,13.4,3,13.5,1,12.1,1,13.5,1,14.5,4,16.3,4,14.8,4
2016-10-20 19:00:00,10.7,4,9.8,4,9.1,5,10.3,3,8.4,6,8.9,3,9.7,3,9.7,2,9.5,4,9.7,3,10.6,4,7.6,6,6.4,5,6.5,5,10.4,1,10.7,4,9.9,2,7.3,2,7.5,5,5.4,6,8.5,2,8.2,5,8.2,5,4.9,4.0,11.9,2,10.8,1,8.6,2,8.9,4,12.4,3,12.7,1,11.1,1,12.7,1,13.1,4,15.4,4,14.1,4
2016-10-20 20:00:00,10.6,4,9.5,4,8.8,5,9.8,4,7.6,6,8.3,3,9.3,3,9.1,2,8.8,5,9.3,4,10.2,4,7.0,6,6.0,5,6.0,5,9.7,1,10.1,3,9.2,3,6.5,2,7.0,6,5.1,6,8.0,2,7.4,5,7.9,4,4.3,4.0,10.9,2,10.4,1,8.2,2,8.1,4,11.5,2,12.2,1,10.7,1,12.1,1,12.0,3,14.7,4,13.6,3
2016-10-20 21:00:00,10.5,4,9.3,4,8.4,5,9.3,4,7.0,6,7.6,3,9.0,3,8.4,2,8.3,5,8.8,4,9.7,5,6.3,6,5.6,5,5.6,6,9.1,1,9.5,3,8.5,3,5.8,3,6.4,6,5.0,6,7.5,2,6.8,5,7.6,4,3.9,4.0,10.0,3,9.8,1,7.7,2,7.4,4,10.6,2,11.6,1,10.3,1,11.4,1,10.7,3,14.2,3,13.1,3
2016-10-20 22:00:00,10.4,4,9.0,5,8.1,5,8.9,5,6.5,6,7.2,3,8.8,3,7.8,2,7.9,5,8.4,4,9.3,5,5.8,6,5.3,5,5.3,6,8.6,2,8.8,4,7.9,4,5.4,3,6.1,6,4.9,6,7.0,3,6.3,4,7.2,5,3.7,4.0,9.2,3,9.3,1,7.2,2,6.9,4,9.7,2,10.9,1,10.0,1,10.7,1,9.7,3,13.8,3,12.7,3
2016-10-20 23:00:00,10.3,4,8.8,5,7.9,5,8.5,5,6.2,6,6.8,4,8.6,3,7.2,2,7.6,5,8.0,5,9.0,5,5.4,6,5.1,5,5.0,6,8.2,2,8.2,4,7.3,4,5.1,3,5.8,6,4.9,6,6.7,3,5.8,4,6.9,5,3.6,5.0,8.5,3,8.8,1,6.8,2,6.5,4,8.8,3,10.3,1,9.7,1,10.1,1,8.7,4,13.5,3,12.2,3
2016-10-21 00:00:00,10.1,5,8.5,5,7.6,5,8.1,5,6.1,6,6.6,4,8.4,4,6.7,3,7.4,5,7.6,5,8.8,5,5.1,5,4.9,5,4.8,6,7.8,3,7.6,4,6.8,4,4.9,4,5.6,6,4.9,6,6.4,4,5.4,4,6.7,5,3.5,5.0,7.8,4,8.3,1,6.4,3,6.3,4,8.0,3,9.7,1,9.5,1,9.6,1,7.9,4,13.1,3,11.7,3
2016-10-21 01:00:00,10.0,5,8.3,6,7.4,6,7.7,5,6.0,6,6.4,4,8.1,4,6.2,4,7.3,5,7.3,5,8.7,5,4.9,5,4.9,5,4.7,6,7.5,4,7.1,5,6.3,5,4.8,4,5.5,5,4.9,6,6.2,4,5.1,5,6.4,5,3.2,5.0,7.2,4,7.8,2,5.9,4,6.2,5,7.2,4,9.3,1,9.3,1,9.2,1,7.2,4,12.7,3,11.3,3
2016-10-21 02:00:00,9.9,6,8.1,6,7.3,6,7.3,6,6.1,6,6.4,5,7.7,5,5.8,5,7.1,5,7.1,5,8.6,5,4.8,5,4.9,5,4.6,6,7.1,5,6.6,5,5.9,5,4.6,4,5.5,5,4.8,6,5.9,5,4.7,5,6.2,5,2.9,5.0,6.8,4,7.3,2,5.4,4,6.0,5,6.5,4,9.0,1,9.0,1,8.9,1,6.6,4,12.3,4,10.9,3
2016-10-21 03:00:00,9.9,5,8.3,5,6.8,5,8.0,2,5.7,6,6.1,2,7.4,2,6.6,2,7.5,7,7.7,7,8.9,6,5.1,6,5.6,5,5.2,4,6.7,2,7.2,3,6.9,6,5.5,6,6.5,6,5.1,6,5.7,4,5.3,5,6.5,4,2.8,4.0,7.0,1,8.2,1,6.0,1,5.7,2,7.2,1,8.6,1,9.2,1,9.2,2,8.4,2,12.7,3,11.4,2
2016-10-21 04:00:00,9.7,5,8.1,4,6.5,5,7.5,3,5.6,6,5.8,2,7.0,3,6.2,2,7.2,7,7.4,6,8.5,6,4.8,6,5.4,5,5.0,5,6.2,2,6.8,3,6.4,6,5.4,6,6.2,6,5.1,6,5.4,4,4.9,5,6.4,5,2.3,4.0,6.4,1,7.7,1,5.5,1,5.0,2,6.5,1,7.9,1,8.7,1,8.7,1,7.5,2,12.2,3,10.7,2
2016-10-21 05:00:00,9.5,5,7.9,4,6.2,5,7.2,3,5.5,6,5.6,2,6.7,3,6.0,2,6.8,6,7.1,6,8.1,6,4.6,7,5.3,5,4.8,6,5.8,3,6.5,4,6.0,6,5.6,6,6.0,6,5.1,6,5.2,4,4.6,5,6.3,5,2.0,4.0,6.1,2,7.5,1,5.1,1,4.5,2,6.2,1,7.4,1,8.4,1,8.4,1,6.9,2,11.8,2,10.1,2
2016-10-21 06:00:00,9.5,5,7.9,3,6.3,6,7.4,3,5.8,6,6.1,2,7.0,3,6.3,2,6.8,6,7.1,6,8.0,6,4.7,7,5.3,6,4.9,6,6.0,3,6.6,4,6.1,6,6.1,6,6.1,7,5.2,6,5.3,4,4.8,5,6.5,5,2.2,4.0,6.5,2,7.7,1,5.1,1,4.9,2,6.4,1,7.7,1,8.6,1,8.6,1,7.0,2,12.1,2,10.2,2
2016-10-21 07:00:00,9.8,5,8.3,3,7.0,6,8.2,3,6.5,6,7.4,2,8.0,3,7.3,2,7.3,6,7.6,6,8.4,6,5.5,7,5.7,6,5.4,7,7.0,3,7.3,5,6.9,5,7.1,6,6.6,7,5.5,6,5.8,4,5.6,6,6.9,5,3.1,4.0,7.7,2,8.6,1,5.8,1,6.6,2,7.4,1,9.1,1,9.8,1,9.5,1,8.4,2,13.2,2,11.3,2
2016-10-21 08:00:00,10.3,4,9.1,3,8.0,6,9.3,3,7.6,7,9.3,2,9.5,3,8.7,2,8.3,6,8.5,5,9.2,5,6.6,7,6.3,6,6.3,7,8.6,2,8.5,5,8.2,5,8.4,5,7.4,7,6.0,6,6.7,5,6.7,6,7.6,5,4.5,3.0,9.5,1,10.0,1,7.2,1,9.0,2,9.1,1,11.2,1,11.5,1,10.9,1,10.6,2,14.8,2,13.1,2
2016-10-21 09:00:00,10.9,4,10.1,4,9.2,6,10.5,4,8.7,7,11.1,1,11.0,3,10.4,3,9.3,5,9.5,5,10.1,5,7.9,7,7.0,7,7.2,7,10.4,2,9.8,6,9.5,4,9.6,5,8.3,7,6.5,6,7.8,5,7.9,7,8.4,5,6.2,3.0,11.4,1,11.5,1,8.9,1,11.3,1,11.0,1,13.4,1,13.3,1,12.5,1,13.2,2,16.3,2,14.9,2
2016-10-21 10:00:00,11.4,5,11.2,5,10.3,6,11.5,4,9.7,7,12.6,2,12.1,3,12.0,3,10.2,5,10.5,5,11.0,5,9.0,7,7.8,7,8.0,7,12.1,3,11.1,6,10.4,4,10.5,5,9.1,7,7.1,6,9.0,5,8.8,6,9.3,5,7.8,3.0,13.2,2,12.9,1,10.8,1,13.0,1,13.0,1,15.2,1,14.8,1,14.1,1,15.6,2,17.3,2,16.3,2
2016-10-21 11:00:00,11.8,5,12.2,6,11.2,6,12.2,4,10.6,7,13.6,2,12.8,3,13.5,3,10.9,5,11.4,5,11.8,5,9.9,7,8.5,7,8.6,7,13.5,3,12.2,7,11.1,4,11.2,6,9.7,7,7.7,6,10.1,4,9.6,6,10.1,6,9.3,4.0,14.7,2,14.1,1,12.5,1,14.1,2,14.7,2,16.6,1,15.9,1,15.5,1,17.5,2,17.8,2,17.4,2
2016-10-21 12:00:00,12.0,5,12.9,6,12.0,6,12.7,4,11.2,7,14.3,2,13.3,4,14.5,3,11.5,4,12.2,5,12.4,5,10.7,7,9.2,7,9.2,7,14.6,4,13.1,7,11.7,5,11.8,6,10.3,7,8.3,7,11.1,4,10.2,6,10.8,6,10.3,4.0,15.8,2,14.9,1,14.0,1,14.8,2,16.1,2,17.5,1,16.7,1,16.5,1,18.8,2,18.0,2,18.1,2
2016-10-21 13:00:00,12.1,5,13.2,6,12.6,6,13.0,4,11.6,6,14.6,2,13.6,3,15.0,3,12.0,4,12.8,5,12.9,5,11.5,6,9.7,6,9.8,7,15.2,4,13.7,6,12.3,5,12.5,5,10.8,7,9.0,7,11.7,4,10.8,5,11.2,6,10.8,4.0,16.5,2,15.3,1,14.9,1,15.4,2,16.9,2,18.0,1,17.3,1,17.1,1,19.4,2,18.1,2,18.6,2
2016-10-21 14:00:00,12.0,4,13.0,5,13.0,6,13.1,3,11.8,6,14.6,2,13.6,3,15.0,4,12.2,4,13.1,5,13.1,5,11.9,6,9.9,6,10.1,7,15.3,4,14.0,5,12.7,5,12.9,4,11.1,7,9.4,7,12.0,4,11.2,5,11.3,6,10.7,4.0,16.7,2,15.3,1,15.1,1,15.6,2,17.1,2,18.1,1,17.5,1,17.2,1,19.3,2,18.0,3,18.8,1
2016-10-21 15:00:00,11.6,5,12.1,6,12.3,6,13.2,3,11.3,5,14.0,2,13.1,3,14.5,3,12.2,6,12.9,6,12.9,6,11.6,4,9.5,5,9.3,7,14.8,2,13.9,4,12.6,5,12.5,3,10.4,3,9.2,6,11.6,3,11.6,5,11.1,3,10.2,3.0,16.3,2,15.1,1,14.7,1,15.1,1,16.5,1,17.8,1,17.6,1,17.0,1,18.7,1,18.0,3,18.3,1
2016-10-21 16:00:00,11.0,4,11.2,5,11.3,5,12.4,2,10.7,4,13.0,2,12.2,3,13.3,3,11.6,5,12.0,5,12.2,5,10.4,3,8.5,5,8.5,7,13.8,2,13.1,3,12.0,4,11.5,2,9.8,3,8.2,6,11.0,2,11.1,4,10.7,3,8.7,3.0,15.5,2,14.1,1,13.2,1,13.8,1,15.7,1,16.6,1,16.1,1,16.0,1,17.4,1,17.4,3,17.4,1
2016-10-21 17:00:00,10.4,4,10.1,4,10.0,4,11.3,2,9.8,4,11.7,2,11.0,3,11.9,3,10.7,4,10.8,4,11.3,4,8.8,2,7.3,5,7.4,6,12.6,2,11.9,3,11.1,3,10.0,2,8.8,2,6.7,5,10.3,2,10.2,3,10.0,2,6.9,3.0,14.4,1,12.8,1,11.2,1,12.0,1,14.6,1,15.1,1,14.1,1,14.7,1,15.7,1,16.6,2,16.2,1
2016-10-21 18:00:00,9.8,3,9.0,3,8.8,3,10.2,2,8.8,3,10.5,2,9.9,3,10.5,3,9.7,3,9.6,3,10.5,4,7.3,2,6.2,5,6.5,6,11.3,2,10.8,2,10.2,2,8.3,2,7.7,2,5.4,4,9.5,2,9.2,2,9.3,2,5.4,3.0,13.2,1,11.6,1,9.5,1,10.2,1,13.5,1,13.6,1,12.3,1,13.4,1,14.0,1,15.7,2,15.0,1
2016-10-21 19:00:00,9.4,3,8.3,3,8.1,3,9.3,3,7.8,4,9.5,2,9.1,2,9.5,2,8.7,3,8.8,3,9.9,3,6.4,2,5.6,5,5.9,6,10.3,2,9.9,2,9.3,2,6.6,2,6.7,2,4.6,4,8.8,1,8.1,2,8.7,2,4.5,3.0,12.2,1,10.7,1,8.4,1,8.9,1,12.5,1,12.5,1,11.1,1,12.4,1,12.5,1,14.8,2,13.9,1
2016-10-21 20:00:00,9.2,3,8.0,3,7.7,3,8.5,4,6.9,4,8.8,2,8.6,2,8.8,2,7.8,3,8.2,3,9.4,4,5.9,2,5.4,5,5.6,5,9.5,2,9.2,2,8.5,2,5.2,2,5.8,2,4.3,4,8.2,1,7.0,2,8.1,2,4.0,3.0,11.3,1,10.2,1,7.8,1,8.0,1,11.5,1,11.6,1,10.5,1,11.6,1,11.3,1,14.1,2,12.9,1
2016-10-21 21:00:00,9.0,3,7.5,4,7.3,4,7.9,4,6.3,5,8.2,3,8.1,3,8.0,2,7.0,3,7.6,3,9.0,4,5.2,2,5.0,5,5.2,6,8.8,2,8.4,3,7.8,2,4.2,2,5.1,2,4.1,4,7.6,2,6.2,2,7.5,2,3.3,3.0,10.5,1,9.4,1,7.0,2,7.3,1,10.4,1,10.6,1,9.7,1,10.7,1,10.1,1,13.5,2,12.0,2
2016-10-21 22:00:00,8.8,3,7.1,4,6.8,4,7.4,4,5.7,5,7.7,3,7.7,3,7.4,3,6.5,3,7.1,4,8.5,4,4.6,3,4.7,5,4.9,6,8.1,3,7.7,3,7.1,2,3.5,2,4.6,2,4.1,5,7.1,2,5.5,2,6.9,2,2.8,3.0,9.7,1,8.7,1,6.3,2,6.8,1,9.4,2,9.7,1,9.1,1,9.9,1,9.0,2,13.1,2,11.3,2
2016-10-21 23:00:00,8.6,4,6.7,4,6.3,4,7.1,4,5.2,5,7.4,4,7.4,4,7.0,3,6.0,4,6.6,4,8.1,4,4.1,3,4.5,5,4.6,6,7.7,4,7.0,3,6.4,3,3.2,3,4.3,3,4.1,5,6.6,2,5.0,3,6.5,3,2.3,4.0,9.0,1,8.1,1,5.8,2,6.6,1,8.6,2,8.9,1,8.6,1,9.2,1,8.0,2,12.8,3,10.7,3
2016-10-22 00:00:00,8.4,4,6.3,5,5.8,4,6.8,4,4.8,5,7.2,4,7.2,4,6.6,4,5.7,4,6.1,4,7.7,4,3.7,4,4.3,5,4.4,6,7.3,4,6.4,4,5.9,3,3.1,3,4.0,3,4.0,5,6.2,2,4.5,3,6.0,3,1.8,4.0,8.3,1,7.4,1,5.2,3,6.5,2,7.8,2,8.2,1,8.1,1,8.6,1,7.2,2,12.4,3,10.2,3
2016-10-22 01:00:00,8.3,4,6.1,5,5.6,5,6.5,4,4.4,6,7.0,5,7.0,5,6.3,4,5.3,4,5.6,4,7.3,4,3.3,4,4.2,5,4.3,6,7.2,5,5.8,4,5.3,4,3.0,4,3.8,4,3.8,5,5.8,2,4.1,4,5.6,3,1.4,4.0,7.8,1,6.7,1,4.8,3,6.5,3,7.2,2,7.6,1,7.7,1,8.1,1,6.4,2,12.1,4,9.9,3
2016-10-22 02:00:00,8.2,4,5.9,5,5.5,5,6.2,5,4.1,6,6.9,5,6.9,5,6.1,5,4.9,4,5.1,4,6.9,5,2.9,5,4.1,5,4.1,6,7.0,6,5.3,5,4.7,4,2.8,5,3.7,4,3.6,5,5.3,3,3.5,4,5.2,4,1.0,4.0,7.3,1,6.1,1,4.4,3,6.6,4,6.8,2,7.1,1,7.3,1,7.7,1,5.8,2,11.6,4,9.6,4
2016-10-22 03:00:00,9.2,5,7.5,6,6.6,4,5.8,3,5.8,3,6.4,3,6.6,3,5.8,3,5.6,6,5.6,6,7.7,6,3.9,4,5.4,3,5.1,4,6.5,3,5.2,4,4.1,2,1.9,2,4.4,2,4.1,3,5.4,3,2.8,3,4.7,2,2.2,2.0,7.2,1,7.1,1,4.9,1,6.1,1,7.2,1,7.8,1,8.5,1,7.7,1,5.8,1,12.0,2,10.7,4
2016-10-22 04:00:00,8.9,6,7.1,6,6.4,5,5.3,4,5.3,3,6.0,3,6.1,3,5.1,3,5.3,5,5.2,6,7.2,6,3.2,4,5.0,3,4.8,4,6.0,3,4.7,4,3.4,2,1.5,2,3.9,3,3.9,2,4.9,3,2.1,3,4.3,3,1.5,2.0,6.6,1,6.4,1,4.3,1,5.7,2,6.7,1,6.9,1,7.7,1,7.3,1,5.2,1,11.5,2,10.2,4
2016-10-22 05:00:00,8.6,6,6.6,6,6.2,6,4.9,4,5.0,4,5.8,3,5.8,3,4.5,3,5.1,5,5.0,6,6.8,6,2.7,4,4.5,4,4.4,4,5.6,4,4.4,4,2.9,3,1.4,2,3.4,4,3.8,3,4.5,3,1.6,3,4.1,3,1.0,2.0,6.2,2,6.0,1,3.8,1,5.5,2,6.4,1,6.3,1,7.1,1,7.0,2,4.7,2,11.2,2,9.7,4
2016-10-22 06:00:00,8.5,7,6.5,6,6.2,6,5.1,5,5.3,4,6.2,3,6.1,3,4.6,3,5.3,5,5.2,5,6.8,6,2.9,4,4.4,4,4.4,4,5.8,5,4.7,4,3.0,3,2.1,2,3.5,5,4.0,3,4.6,3,1.8,3,4.1,4,1.1,2.0,6.6,2,6.2,1,3.8,1,6.1,2,6.6,2,6.4,2,7.2,2,7.4,2,5.1,2,11.5,2,9.8,4
2016-10-22 07:00:00,8.7,6,7.0,6,6.6,6,6.0,5,6.3,4,7.4,3,7.2,3,5.7,3,6.1,5,6.2,5,7.3,6,4.2,3,4.8,5,5.0,3,6.8,5,5.8,3,4.1,3,3.7,3,4.4,5,4.5,3,5.5,3,3.0,3,4.4,4,2.3,2.0,8.0,2,7.2,2,4.7,2,7.9,3,7.8,2,7.8,2,8.4,2,8.6,2,6.8,2,12.7,2,10.8,5
2016-10-22 08:00:00,9.2,6,8.0,6,7.2,5,7.4,4,7.3,4,9.2,2,8.8,3,7.5,2,7.2,6,7.6,6,8.3,6,6.1,3,5.0,5,5.5,3,8.4,4,7.6,3,5.9,3,5.9,3,5.9,5,5.3,3,7.0,2,4.7,3,4.6,3,4.8,2.0,9.9,1,8.8,1,6.4,3,10.4,3,9.6,2,10.0,3,10.3,2,10.9,2,9.4,3,14.2,3,12.1,5
2016-10-22 09:00:00,9.8,5,9.1,6,8.1,5,9.0,4,8.9,5,10.9,2,10.4,3,9.6,2,8.5,6,9.1,6,9.5,6,8.1,4,6.2,5,6.8,3,10.1,3,9.5,3,8.0,2,8.2,4,7.6,5,6.3,3,8.8,2,6.7,2,5.8,3,7.0,2.0,12.0,1,10.7,1,8.5,3,13.1,4,11.8,2,12.2,4,12.3,2,13.0,3,12.3,4,15.7,3,13.8,6
2016-10-22 10:00:00,10.4,4,10.2,6,9.1,5,10.6,5,10.2,5,12.3,2,11.6,3,11.5,2,9.7,6,10.4,6,10.8,6,9.7,4,7.5,4,8.3,3,11.6,2,11.4,3,10.0,2,10.2,4,9.1,4,7.3,3,10.6,2,8.6,2,7.4,4,9.4,2.0,13.8,1,12.5,1,10.7,3,15.4,4,13.9,1,13.8,4,13.9,2,15.0,3,15.0,4,16.6,3,15.2,6
2016-10-22 11:00:00,10.9,4,11.1,5,10.1,5,12.0,5,11.2,6,13.2,2,12.5,3,13.1,3,10.7,6,11.4,6,11.9,5,10.8,4,8.7,4,9.5,3,12.9,2,12.9,3,11.7,2,11.8,4,10.3,4,8.3,3,12.2,2,10.3,2,9.0,4,11.6,2.0,15.4,2,14.0,1,12.7,2,17.2,5,15.8,1,14.9,4,15.1,2,16.8,3,17.1,4,17.2,3,16.0,7
2016-10-22 12:00:00,11.3,3,11.8,5,11.0,6,13.0,6,11.9,6,13.9,2,13.1,3,14.2,3,11.5,5,12.3,6,12.8,5,11.7,5,9.7,3,10.4,3,13.9,2,14.2,3,13.1,2,13.2,4,11.2,4,9.3,3,13.6,2,11.8,2,10.5,4,13.1,3.0,16.7,2,15.2,1,14.2,2,18.6,5,17.3,2,15.6,4,15.9,3,18.0,4,18.5,4,17.3,3,16.8,7
2016-10-22 13:00:00,11.6,3,12.2,5,11.6,6,13.6,6,12.3,6,14.3,2,13.6,4,14.7,3,12.1,5,13.0,5,13.2,5,12.4,5,10.3,3,11.1,3,14.6,2,15.1,3,14.1,3,14.3,4,11.8,4,10.1,2,14.7,2,12.7,2,11.5,4,13.9,3.0,17.7,1,15.9,2,15.1,2,19.4,5,18.1,2,16.1,5,16.5,4,18.4,5,19.0,5,17.4,4,17.3,7
2016-10-22 14:00:00,11.7,2,12.3,4,11.8,6,13.7,6,12.4,5,14.3,2,13.8,4,14.6,3,12.3,5,13.3,5,13.2,5,12.7,5,10.4,2,11.4,3,14.9,2,15.4,2,14.5,3,14.8,4,12.0,4,10.5,2,15.2,1,13.2,2,11.9,3,13.7,2.0,18.3,1,16.2,3,15.2,3,19.6,6,18.4,4,16.3,6,16.6,5,18.2,6,18.8,6,17.4,4,17.5,7
2016-10-22 15:00:00,12.0,6,11.9,6,12.2,5,13.0,2,12.1,5,13.7,1,13.2,2,13.8,3,12.0,2,12.8,2,12.6,2,12.7,2,10.4,4,11.0,4,14.6,2,14.2,2,13.7,3,13.5,2,11.4,2,10.9,2,14.7,1,13.1,1,12.0,2,12.6,1.0,18.6,2,15.6,6,14.6,7,18.7,6,18.0,3,15.6,7,15.9,7,17.2,7,17.6,7,17.5,5,17.3,7
2016-10-22 16:00:00,11.5,6,11.1,6,11.3,5,12.1,2,11.3,4,13.0,2,12.5,2,12.8,3,11.4,2,12.0,2,12.1,2,11.5,2,9.4,4,10.0,4,13.7,2,13.4,2,12.7,2,11.9,2,10.4,2,9.6,3,13.8,1,12.3,1,11.3,2,10.8,1.0,17.7,3,14.6,7,13.4,8,17.2,5,17.2,3,15.1,7,14.9,7,16.5,7,16.6,7,17.2,5,16.6,6
2016-10-22 17:00:00,10.8,5,10.1,6,10.1,5,11.0,2,10.3,4,12.0,2,11.5,2,11.7,2,10.6,2,10.9,2,11.5,2,9.8,2,8.1,3,8.6,3,12.5,2,12.2,1,11.4,2,9.8,2,9.0,2,7.9,3,12.4,1,11.0,1,10.4,2,8.6,2.0,16.4,4,13.5,7,12.1,7,15.4,4,16.1,4,14.5,7,13.7,7,15.7,7,15.4,7,16.8,6,15.8,6
2016-10-22 18:00:00,10.2,5,9.1,5,8.9,5,9.9,2,9.1,4,11.0,2,10.6,2,10.6,2,9.7,2,9.8,2,10.9,2,8.2,2,6.9,3,7.2,3,11.3,2,11.0,1,10.1,2,7.7,2,7.8,2,6.2,3,11.2,1,9.6,2,9.6,3,6.8,2.0,15.2,4,12.5,7,11.0,7,13.6,3,15.0,4,14.0,7,12.8,7,15.2,7,14.4,7,16.3,6,15.1,6
2016-10-22 19:00:00,9.8,5,8.5,5,8.0,5,9.0,2,7.9,4,10.2,2,9.9,2,9.8,2,8.8,2,9.0,2,10.3,2,7.1,2,6.0,3,6.2,2,10.5,2,10.1,2,9.2,1,6.3,2,6.9,2,5.0,3,10.4,1,8.5,2,9.2,3,5.7,2.0,14.3,4,12.1,7,10.4,7,12.3,3,14.2,4,13.9,7,12.6,7,15.0,7,13.9,7,15.8,7,14.9,6
2016-10-22 20:00:00,9.4,5,8.2,5,7.4,5,8.4,2,6.8,4,9.7,2,9.5,2,9.2,2,8.0,1,8.3,1,9.8,2,6.3,2,5.3,3,5.4,2,10.1,2,9.4,2,8.5,1,5.4,1,6.4,2,4.3,3,10.1,1,7.7,2,9.1,3,5.3,3.0,13.7,4,12.1,7,10.3,7,11.4,4,13.8,4,14.1,6,12.8,7,15.0,7,13.7,7,15.4,7,14.9,6
2016-10-22 21:00:00,9.0,5,7.7,5,6.7,5,7.8,2,6.0,4,9.2,2,9.0,2,8.6,2,7.3,1,7.6,2,9.2,2,5.7,2,4.7,3,4.6,3,9.6,2,8.8,2,7.9,2,4.8,2,6.0,2,3.8,3,9.7,2,7.0,2,8.7,4,4.7,3.0,13.1,4,12.2,7,9.9,7,10.7,4,13.4,4,14.1,6,13.1,6,14.9,7,13.2,7,15.0,7,14.7,6
2016-10-22 22:00:00,8.7,5,7.3,5,6.2,5,7.5,2,5.5,4,8.8,3,8.7,3,8.0,2,6.7,2,7.0,2,8.7,2,5.3,2,4.2,3,4.1,3,9.3,2,8.2,3,7.2,2,4.3,2,5.7,2,3.6,4,9.4,2,6.4,2,8.4,4,4.4,3.0,12.6,3,12.4,6,9.6,6,10.2,4,13.1,4,14.0,6,13.1,6,14.5,6,12.7,6,14.8,6,14.5,5
2016-10-22 23:00:00,8.4,5,6.8,5,5.7,5,7.2,2,5.2,4,8.5,4,8.5,3,7.7,3,6.2,2,6.5,3,8.2,3,4.9,3,3.8,4,3.7,4,9.1,2,7.7,3,6.6,3,4.0,3,5.4,2,3.5,4,9.2,3,6.1,3,8.2,4,4.3,4.0,12.3,4,12.5,6,9.4,6,9.9,4,12.9,5,13.8,6,13.0,6,14.1,6,12.3,6,14.6,6,14.2,5
2016-10-23 00:00:00,8.2,5,6.4,5,5.3,5,6.9,3,5.0,5,8.3,4,8.3,4,7.5,3,5.7,2,6.0,3,7.7,3,4.6,3,3.7,4,3.5,4,9.0,3,7.3,4,6.2,4,4.0,3,5.3,3,3.5,4,8.9,4,6.0,3,7.9,4,4.2,4.0,12.1,4,12.5,6,9.2,6,9.8,4,12.9,5,13.7,6,12.9,6,13.8,6,11.9,6,14.4,6,14.2,5
2016-10-23 01:00:00,8.0,5,6.0,5,4.9,5,6.7,3,4.7,5,8.1,5,8.2,4,7.5,4,5.4,3,5.6,4,7.2,4,4.4,4,3.8,5,3.5,5,9.1,4,7.1,4,6.1,4,4.4,4,5.4,3,3.7,5,8.8,4,6.2,4,7.6,5,4.3,4.0,12.3,4,12.2,6,8.9,6,9.7,5,13.2,5,13.6,5,12.9,6,13.8,6,11.6,6,14.3,6,14.4,5
2016-10-23 02:00:00,7.8,5,5.7,5,4.6,5,6.5,4,4.5,5,7.9,5,8.2,5,7.6,4,5.1,3,5.3,4,6.9,4,4.1,5,3.9,5,3.5,5,9.1,5,7.0,5,6.1,5,4.8,4,5.6,4,3.8,5,8.7,5,6.5,4,7.4,5,4.4,5.0,12.5,5,11.9,6,8.7,6,9.8,5,13.5,5,13.5,5,12.9,5,14.1,5,11.3,5,14.2,6,14.8,5
2016-10-23 03:00:00,7.2,6,5.8,5,4.9,5,5.4,2,4.0,3,7.7,2,7.4,2,6.4,2,5.1,4,5.1,3,6.6,3,3.4,2,3.8,3,3.2,2,8.4,5,5.9,3,5.2,2,3.6,3,5.0,4,3.1,2,8.8,3,5.7,3,9.0,6,5.5,6.0,11.8,2,11.8,7,8.9,7,10.2,4,13.0,6,13.8,7,12.7,7,14.6,7,11.0,7,14.3,7,13.6,5
2016-10-23 04:00:00,6.9,6,5.2,5,4.3,5,5.3,3,3.6,4,7.5,3,7.2,3,6.1,3,4.7,4,4.6,3,6.1,3,2.8,3,3.5,4,3.1,2,8.3,5,5.5,3,4.6,2,3.1,3,5.0,4,3.1,3,8.6,3,5.4,4,9.0,6,5.5,6.0,11.6,4,11.7,7,8.8,7,9.6,4,12.8,6,13.8,7,12.5,7,14.6,7,10.7,7,14.3,7,13.2,5
2016-10-23 05:00:00,6.6,5,4.8,6,3.8,6,5.4,4,3.4,4,7.3,4,7.2,4,6.0,3,4.4,4,4.1,3,5.7,3,2.4,3,3.3,4,3.1,2,8.2,6,5.3,3,4.2,2,2.7,2,5.2,4,3.1,4,8.6,3,5.2,4,9.0,6,5.8,6.0,11.4,5,11.7,7,8.9,7,9.2,5,12.6,5,13.8,7,12.4,7,14.6,7,10.5,7,14.3,7,13.0,5
2016-10-23 06:00:00,6.6,5,4.8,7,3.8,6,5.8,4,3.7,4,7.4,5,7.4,5,6.1,4,4.5,3,4.2,3,5.7,3,2.7,3,3.4,5,3.4,3,8.3,6,5.5,3,4.4,2,3.3,2,5.6,4,3.4,5,9.0,3,5.6,4,9.2,6,6.3,7.0,11.6,6,11.9,7,9.2,7,9.7,5,12.9,5,13.9,7,12.5,7,14.8,6,10.9,7,14.5,7,13.2,5
2016-10-23 07:00:00,6.9,4,5.4,7,4.4,6,6.5,4,4.6,4,7.9,5,7.9,5,6.7,4,5.3,3,5.0,3,6.4,3,4.1,3,4.2,5,4.3,3,8.7,6,6.4,4,5.6,2,5.1,2,6.4,5,4.2,6,10.0,3,6.7,4,9.6,6,7.2,7.0,12.3,6,12.4,7,9.8,7,11.6,6,13.8,5,14.3,7,13.1,7,15.4,6,12.0,7,14.9,7,14.2,6
2016-10-23 08:00:00,7.4,4,6.4,7,5.5,6,7.4,4,6.0,4,8.6,6,8.6,5,7.6,4,6.6,3,6.5,3,7.5,3,6.2,2,5.5,4,5.6,4,9.3,7,7.9,4,7.5,2,7.8,2,7.4,5,5.2,6,11.4,4,8.5,4,10.2,7,8.2,7.0,13.5,6,13.2,7,10.5,7,14.4,5,15.2,5,15.0,7,14.1,7,16.3,7,13.6,7,15.4,7,15.6,6
2016-10-23 09:00:00,8.1,4,7.6,7,6.8,6,8.5,3,7.5,4,9.5,5,9.4,4,8.8,4,8.1,2,8.2,2,8.9,2,8.4,2,6.8,3,6.9,5,10.1,7,9.7,4,9.8,2,10.5,2,8.5,6,6.2,6,13.1,4,10.8,4,11.1,7,9.4,7.0,15.0,4,14.3,7,11.4,7,17.2,5,16.7,5,15.8,7,15.1,7,17.2,7,15.0,7,15.9,7,17.0,6
2016-10-23 10:00:00,8.8,4,8.7,7,7.9,5,9.7,3,8.8,3,10.4,5,10.3,3,10.0,4,9.5,2,9.9,3,10.3,3,10.3,3,7.9,3,8.1,5,11.1,7,11.7,4,12.3,3,12.8,3,9.6,5,7.0,5,14.8,4,13.3,4,12.1,6,10.5,7.0,16.8,3,15.6,7,12.3,7,19.3,5,18.2,4,16.6,7,15.9,7,18.0,7,16.0,7,16.3,7,18.2,6
2016-10-23 11:00:00,9.4,4,9.7,7,8.9,4,10.8,3,10.0,4,11.2,4,11.2,2,11.2,4,10.8,3,11.5,3,11.6,3,11.8,3,8.9,4,9.1,4,12.2,7,13.7,4,14.6,3,14.6,3,10.7,5,7.6,5,16.5,4,15.7,4,13.2,6,11.5,7.0,18.6,3,16.8,7,13.2,7,20.7,4,19.5,4,17.3,7,16.6,7,18.7,7,16.5,7,16.6,7,19.0,6
2016-10-23 12:00:00,9.9,4,10.5,6,9.7,3,11.8,4,10.9,4,11.7,4,11.9,2,12.2,4,11.8,4,12.7,4,12.6,4,13.1,4,9.7,4,9.9,4,13.3,6,15.3,4,16.4,4,16.1,4,11.7,5,8.3,5,17.9,4,17.7,5,14.3,6,12.4,7.0,20.2,3,17.8,7,13.9,7,21.7,4,20.6,4,17.9,7,17.1,7,19.2,7,16.8,7,16.8,7,19.7,5
2016-10-23 13:00:00,10.3,4,11.0,6,10.3,3,12.5,3,11.6,4,11.9,5,12.3,3,13.0,4,12.5,4,13.5,5,13.1,4,14.2,5,10.4,4,10.5,5,14.3,6,16.3,5,17.5,5,17.3,4,12.6,5,9.0,6,19.0,4,18.9,5,15.2,6,13.0,7.0,21.3,3,18.4,7,14.4,7,22.3,4,21.5,4,18.4,7,17.5,7,19.4,6,17.0,6,16.9,7,20.2,6
2016-10-23 14:00:00,10.4,4,11.2,6,10.6,3,12.8,3,12.0,5,11.9,6,12.4,5,13.4,5,12.8,5,13.8,5,13.3,5,14.9,6,10.8,3,10.8,5,15.0,7,16.7,6,18.0,5,17.9,4,13.3,6,9.7,6,19.6,4,19.4,6,15.8,6,13.2,7.0,21.9,3,18.5,7,14.5,6,22.4,4,22.0,4,18.7,7,17.7,7,19.3,6,17.1,6,17.0,7,20.5,6
2016-10-23 15:00:00,10.7,3,11.3,3,10.9,2,12.8,6,12.1,5,12.1,6,12.1,6,13.3,5,12.7,5,13.7,5,13.5,5,14.3,6,11.1,6,10.8,7,15.1,7,15.8,6,17.0,6,17.2,5,14.0,7,9.8,7,18.9,5,18.9,6,16.8,6,12.9,6.0,21.9,6,18.4,6,14.0,7,21.5,5,22.2,5,18.8,7,18.1,7,19.0,6,17.0,6,17.0,7,20.9,6
2016-10-23 16:00:00,10.3,3,10.5,4,10.2,3,11.9,6,11.5,5,11.8,6,11.5,7,12.7,5,12.4,6,13.2,6,13.2,5,13.4,7,10.4,6,10.1,7,14.3,7,15.2,6,16.3,6,16.1,6,13.6,7,9.4,6,17.9,5,17.9,6,16.4,6,11.9,6.0,21.0,6,17.8,6,13.8,7,20.0,4,21.4,6,18.5,7,17.5,7,18.5,6,16.6,6,17.1,7,20.1,6
2016-10-23 17:00:00,9.8,4,9.6,4,9.3,4,10.9,6,10.8,6,11.4,6,10.9,6,11.8,6,11.7,6,12.4,6,12.8,6,12.2,6,9.3,6,9.2,7,13.1,7,14.3,7,15.3,5,14.6,6,12.9,7,8.6,6,16.5,5,16.7,5,15.7,6,10.7,5.0,19.7,7,17.0,6,13.4,6,18.2,4,20.2,5,17.9,6,16.8,7,17.9,6,16.1,6,17.1,6,19.1,6
2016-10-23 18:00:00,9.3,4,8.9,5,8.5,5,9.9,7,10.1,6,10.9,6,10.3,6,11.0,6,11.0,6,11.6,6,12.2,6,11.2,6,8.5,6,8.3,7,12.0,7,13.4,6,14.3,5,13.2,6,12.1,7,7.8,6,15.3,5,15.5,5,15.0,6,9.5,5.0,18.4,7,16.2,6,13.0,6,16.5,4,19.1,5,17.4,6,16.1,6,17.5,6,15.7,6,17.0,6,18.1,6
2016-10-23 19:00:00,9.0,5,8.7,6,8.0,5,9.4,7,9.7,6,10.6,6,10.1,6,10.4,6,10.3,6,10.9,6,11.5,6,10.8,6,8.1,6,7.8,6,11.5,6,12.8,6,13.5,5,12.5,6,11.4,6,7.3,6,14.6,5,14.8,5,14.6,6,8.7,5.0,17.4,7,15.6,6,12.6,6,15.3,4,18.3,5,17.2,6,15.7,6,17.4,6,15.5,6,16.7,6,17.5,5
2016-10-23 20:00:00,8.9,6,8.7,6,7.8,5,9.1,6,9.4,6,10.4,6,10.0,6,9.9,6,9.8,6,10.4,6,10.8,6,10.8,6,8.2,6,7.6,6,11.5,6,12.5,6,12.9,5,12.4,6,10.9,5,7.1,6,14.4,5,14.4,5,14.5,6,8.1,5.0,16.8,7,15.3,6,12.3,6,14.5,5,17.7,4,17.1,6,15.6,6,17.4,6,15.3,6,16.4,7,17.3,5
2016-10-23 21:00:00,8.7,6,8.9,6,7.8,5,9.0,6,9.2,6,10.4,6,10.1,5,9.5,6,9.5,6,10.2,6,10.5,6,10.7,6,8.3,6,7.6,6,11.4,6,12.3,6,12.5,5,11.9,6,10.6,5,7.1,6,13.9,6,13.8,5,14.1,6,7.8,5.0,16.1,7,15.0,6,12.1,6,13.8,6,17.2,4,17.0,7,15.5,6,17.3,6,15.2,6,16.1,6,17.1,5
2016-10-23 22:00:00,8.6,6,8.9,6,7.8,6,8.8,6,8.9,6,10.4,6,10.1,5,9.1,6,9.6,6,10.2,6,10.7,6,10.3,6,8.4,6,7.6,6,11.3,5,12.1,6,12.1,5,11.4,6,10.5,5,7.3,6,13.5,6,13.3,5,13.7,6,7.6,5.0,15.4,6,14.9,6,12.0,6,13.2,6,16.8,5,16.9,7,15.4,6,17.0,6,14.9,6,16.0,6,17.0,5
2016-10-23 23:00:00,8.6,7,8.8,6,7.8,6,8.7,6,8.5,6,10.4,6,10.1,5,8.9,6,9.8,6,10.3,6,11.2,6,9.6,6,8.4,6,7.6,6,11.1,5,11.9,6,11.8,5,11.0,6,10.5,5,7.5,6,13.1,6,12.8,5,13.3,5,7.5,5.0,14.9,6,14.8,6,12.0,6,12.7,6,16.4,5,16.7,7,15.4,6,16.6,6,14.6,5,16.1,6,17.0,5
2016-10-24 00:00:00,8.6,7,8.6,6,7.7,6,8.5,6,8.2,6,10.3,5,10.0,6,8.8,6,9.9,6,10.4,6,11.6,6,9.1,6,8.3,5,7.5,6,10.9,6,11.7,6,11.5,5,10.5,6,10.6,5,7.7,6,12.7,6,12.2,5,12.9,5,7.6,5.0,14.4,6,14.7,6,11.9,6,12.3,6,16.1,5,16.5,6,15.3,6,16.4,6,14.4,5,16.1,6,17.0,5
2016-10-24 01:00:00,8.7,7,8.3,6,7.4,6,8.5,6,8.0,6,10.0,5,9.9,6,8.9,6,9.8,5,10.2,6,11.5,5,8.9,6,8.2,5,7.4,6,10.8,6,11.3,6,11.1,6,10.0,5,10.6,6,7.8,6,12.3,6,11.6,5,12.6,5,7.8,5.0,13.9,6,14.5,6,11.7,6,12.0,6,15.7,5,16.3,6,15.3,6,16.4,5,14.1,5,16.0,6,17.0,5
2016-10-24 02:00:00,8.8,7,8.0,6,7.2,6,8.5,6,8.0,6,9.5,5,9.7,6,9.0,6,9.5,5,9.9,5,11.2,5,8.8,6,8.1,5,7.3,6,10.7,6,10.9,6,10.8,6,9.6,5,10.6,6,7.7,6,12.0,5,11.0,5,12.3,5,8.1,5.0,13.5,6,14.2,5,11.4,6,11.7,6,15.4,5,16.0,5,15.3,6,16.6,5,13.8,5,15.9,5,17.0,5
2016-10-24 03:00:00,9.2,7,8.8,7,8.0,6,7.4,6,8.9,7,9.9,5,9.5,5,8.5,6,10.0,7,10.8,6,11.8,6,9.7,7,10.1,6,9.2,6,10.7,6,11.5,6,11.9,6,11.5,6,11.1,6,9.0,6,13.3,7,12.6,6,14.4,4,8.0,3.0,14.5,7,14.4,6,11.3,7,13.1,6,16.8,6,16.7,7,15.6,7,17.1,6,13.8,6,15.8,6,16.9,5
2016-10-24 04:00:00,9.3,7,8.8,7,8.0,7,7.4,6,9.2,7,9.5,5,9.2,6,8.2,6,9.9,7,10.7,6,11.6,6,9.8,7,10.3,7,9.1,6,10.5,6,11.3,6,11.7,6,11.4,6,11.0,7,9.3,7,13.3,7,12.5,6,14.2,4,7.7,4.0,14.3,7,14.0,6,11.0,7,12.9,6,16.6,6,16.6,7,15.4,7,17.1,6,13.3,6,15.7,6,16.9,6
2016-10-24 05:00:00,9.5,7,8.8,7,8.2,7,7.8,6,9.6,7,9.3,6,9.1,6,8.2,6,9.9,7,10.6,6,11.5,6,10.0,7,10.5,7,9.0,6,10.4,7,11.2,7,11.5,6,11.5,6,11.1,7,9.8,6,13.3,7,12.6,6,14.0,5,7.7,5.0,14.2,7,13.8,7,10.8,7,12.7,7,16.5,6,16.6,7,15.2,7,17.2,6,13.1,6,15.7,6,17.1,6
2016-10-24 06:00:00,9.8,7,9.1,7,8.6,7,8.4,6,10.2,7,9.4,6,9.3,6,8.5,6,10.1,7,10.7,6,11.6,6,10.5,7,10.8,7,9.2,7,10.7,7,11.3,7,11.7,6,12.0,7,11.4,7,10.4,6,13.4,7,13.0,6,14.1,5,8.1,6.0,14.4,7,14.3,7,11.2,7,12.9,7,16.5,6,17.0,7,15.5,7,17.6,7,13.5,7,16.0,6,17.5,7
2016-10-24 07:00:00,10.1,7,9.7,7,9.2,7,9.2,7,11.0,7,10.1,7,10.1,5,9.4,7,10.5,7,11.1,7,11.8,7,11.4,7,11.0,7,9.9,7,11.4,7,11.8,7,12.4,7,12.8,7,12.0,7,11.0,6,13.5,7,13.8,6,14.8,5,9.3,7.0,14.9,7,15.6,7,12.2,7,13.6,7,16.8,6,17.8,7,16.5,7,18.5,7,14.8,7,16.8,7,18.2,7
2016-10-24 08:00:00,10.5,7,10.4,7,10.0,7,10.2,7,11.9,7,11.3,6,11.3,4,10.6,7,11.2,7,11.8,7,12.3,7,12.4,7,11.4,7,10.8,7,12.4,6,12.6,7,13.4,7,13.8,7,12.8,7,11.7,6,13.8,7,14.8,7,15.8,5,11.1,7.0,15.7,7,17.3,6,13.7,6,14.6,7,17.3,6,18.9,7,17.9,7,19.7,7,16.5,7,17.8,7,19.0,7
2016-10-24 09:00:00,11.0,7,11.3,7,10.8,7,11.3,7,12.8,6,12.5,6,12.6,3,12.1,7,12.0,7,12.7,7,13.0,7,13.5,7,12.0,7,11.9,7,13.5,6,13.5,7,14.4,7,14.8,7,13.7,7,12.4,6,14.2,7,15.8,7,16.9,5,13.3,7.0,16.6,7,19.0,6,15.4,6,15.8,7,18.1,7,19.7,7,19.2,7,20.8,7,18.3,7,18.8,7,19.8,7
2016-10-24 10:00:00,11.5,7,12.2,7,11.5,7,12.6,7,13.5,6,13.6,5,13.9,3,13.5,7,12.9,7,13.7,7,14.0,7,14.4,7,12.9,7,12.9,7,14.4,6,14.5,7,15.3,7,15.6,7,14.5,7,13.2,6,14.9,7,16.8,7,17.9,5,15.6,6.0,17.4,7,20.3,6,17.0,6,16.9,6,19.1,7,20.1,7,20.2,7,21.6,7,19.6,6,19.5,7,20.5,7
2016-10-24 11:00:00,12.1,7,13.0,7,12.2,6,13.8,7,14.1,6,14.5,5,15.0,3,14.8,7,13.7,7,14.7,7,15.0,7,15.1,7,14.0,7,13.8,6,15.2,6,15.4,7,16.0,7,16.2,7,15.3,7,14.0,5,15.7,7,17.6,6,18.8,5,17.7,6.0,18.1,6,21.1,7,18.3,5,17.8,6,20.1,7,20.2,7,20.8,7,22.1,6,20.5,6,19.9,7,21.1,7
2016-10-24 12:00:00,12.6,7,13.7,7,12.9,6,14.9,7,14.6,6,15.2,5,15.8,3,15.9,6,14.5,7,15.6,7,15.8,7,15.8,7,15.0,7,14.6,6,15.9,6,16.2,7,16.6,7,16.9,7,16.1,7,14.9,5,16.5,7,18.3,6,19.4,6,19.3,6.0,18.8,6,21.7,7,19.2,5,18.6,6,21.1,6,20.4,7,21.2,7,22.4,6,21.0,6,20.1,7,21.6,7
2016-10-24 13:00:00,13.0,7,14.2,7,13.6,6,15.6,7,15.1,6,15.6,5,16.3,3,16.6,5,15.1,7,16.1,7,16.1,7,16.4,7,15.7,7,15.4,6,16.7,6,16.9,7,17.2,7,17.6,7,16.8,7,15.8,6,17.2,7,18.9,6,19.8,6,20.1,7.0,19.3,6,22.1,7,19.7,5,19.2,5,21.8,6,20.7,7,21.5,7,22.6,6,21.3,6,20.3,7,21.9,7
2016-10-24 14:00:00,13.3,7,14.5,7,14.0,6,15.8,6,15.5,7,15.7,6,16.3,3,16.9,4,15.3,7,16.3,7,16.1,7,16.7,7,16.0,7,15.9,7,17.2,6,17.2,7,17.5,7,18.0,7,17.3,7,16.4,6,17.5,7,19.1,7,19.8,6,19.9,7.0,19.6,7,22.2,7,19.6,6,19.3,5,22.1,6,21.0,7,21.6,7,22.5,6,21.2,6,20.4,7,22.0,7
2016-10-24 15:00:00,11.8,7,12.3,7,11.8,7,14.7,7,14.7,7,15.5,3,15.1,7,15.4,7,14.2,7,15.2,7,14.8,7,17.1,7,16.6,7,16.7,7,16.4,7,16.4,7,17.2,7,18.1,7,18.3,7,17.1,5,17.1,7,19.6,7,20.8,7,18.8,6.0,18.6,6,21.5,7,18.4,7,18.3,7,21.3,7,20.5,7,20.8,7,21.9,7,20.4,6,19.9,6,21.2,7
2016-10-24 16:00:00,11.4,7,11.6,7,11.3,7,13.7,7,14.5,7,14.4,3,14.0,6,14.4,6,13.7,6,14.6,6,14.5,6,15.9,7,15.9,7,16.0,7,15.5,6,15.8,6,16.6,7,16.7,7,17.7,7,16.1,5,16.3,7,18.6,7,19.9,7,16.6,6.0,17.9,6,20.7,7,17.5,6,17.0,7,20.4,7,19.7,7,20.0,7,21.1,6,19.7,5,19.7,6,20.4,7
2016-10-24 17:00:00,10.9,7,10.7,7,10.8,7,12.4,7,14.0,7,13.1,4,12.7,6,13.2,6,13.1,6,13.9,6,14.1,6,14.4,7,14.9,7,14.7,6,14.2,6,14.9,6,15.7,7,14.9,7,16.7,7,14.6,5,15.1,7,17.3,7,18.8,7,14.3,6.0,16.7,7,19.6,7,16.3,6,15.6,7,19.2,7,18.6,7,18.9,7,20.0,6,18.8,5,19.3,6,19.4,7
2016-10-24 18:00:00,10.5,7,10.0,6,10.2,7,11.2,7,13.5,7,11.8,4,11.6,6,12.1,6,12.4,5,13.1,6,13.6,5,13.3,7,14.0,7,13.4,6,13.1,5,14.0,6,14.8,7,13.5,7,15.7,7,13.0,5,14.1,7,16.2,7,17.8,7,12.3,6.0,15.7,7,18.4,7,15.2,5,14.5,7,18.2,7,17.8,7,17.9,7,19.1,6,18.0,5,18.9,5,18.5,7
2016-10-24 19:00:00,10.2,7,9.7,7,9.7,7,10.5,6,12.9,6,10.9,5,11.0,6,11.3,6,11.7,5,12.4,6,13.1,6,13.0,7,13.5,7,12.5,6,12.4,5,13.4,6,14.0,6,13.0,7,14.9,7,11.9,6,13.5,7,15.4,7,17.1,7,11.2,6.0,15.0,6,17.4,7,14.3,5,14.0,6,17.6,7,17.6,7,17.1,7,18.8,6,17.6,5,18.5,5,18.2,6
2016-10-24 20:00:00,10.1,7,9.7,7,9.4,7,10.0,6,12.2,6,10.4,5,10.8,6,10.7,6,11.1,6,11.9,6,12.6,6,13.2,7,13.3,7,12.0,6,12.0,5,13.0,6,13.4,6,13.2,7,14.3,7,11.1,6,13.3,7,14.9,7,16.6,7,10.9,6.0,14.7,6,16.6,7,13.8,5,13.8,6,17.4,6,17.7,7,16.5,7,18.8,6,17.5,5,18.2,5,18.1,6
2016-10-24 21:00:00,10.1,6,9.5,7,9.1,7,9.5,6,11.8,6,10.1,5,10.6,6,10.1,6,10.7,6,11.5,6,12.3,6,13.2,6,12.9,7,11.7,6,11.7,5,12.5,6,12.8,6,13.1,7,13.8,7,10.5,6,13.1,7,14.3,7,16.0,7,10.6,6.0,14.3,6,16.0,7,13.3,5,13.7,6,17.2,6,17.4,7,16.0,7,18.8,6,17.1,5,18.0,5,18.1,6
2016-10-24 22:00:00,10.1,6,9.4,7,8.9,6,9.1,5,11.3,6,9.9,5,10.5,6,9.7,6,10.4,6,11.3,6,12.2,6,13.0,6,12.4,6,11.4,6,11.4,5,12.1,6,12.4,6,12.9,6,13.4,7,10.1,6,12.9,7,13.7,7,15.5,6,10.5,6.0,14.0,6,15.6,6,12.9,5,13.6,5,17.1,6,17.2,6,15.7,6,18.7,6,16.8,5,17.9,5,18.1,6
2016-10-24 23:00:00,10.2,6,9.3,7,8.8,6,8.8,5,10.9,6,9.7,5,10.3,6,9.3,6,10.2,6,11.0,5,12.0,6,12.5,7,12.0,6,11.2,6,11.1,6,11.7,6,12.0,6,12.5,6,13.0,7,9.8,6,12.7,6,13.2,6,15.0,6,10.4,6.0,13.8,6,15.3,6,12.7,6,13.5,5,17.0,5,17.1,6,15.6,6,18.6,6,16.5,5,17.9,5,18.0,6
2016-10-25 00:00:00,10.2,6,9.1,6,8.7,6,8.5,5,10.6,6,9.6,5,10.1,6,9.0,6,10.1,5,10.8,5,11.9,6,11.8,7,11.6,6,11.0,6,10.9,6,11.3,6,11.7,6,11.9,6,12.7,7,9.7,6,12.6,6,12.7,6,14.5,6,10.4,6.0,13.7,6,15.1,6,12.6,6,13.4,5,16.9,5,16.9,6,15.6,6,18.4,5,16.2,5,17.9,5,17.9,6
2016-10-25 01:00:00,10.3,6,9.0,6,8.6,6,8.4,6,10.3,6,9.5,5,9.9,6,8.8,6,9.9,5,10.6,5,11.8,5,11.1,7,11.2,6,10.8,6,10.6,6,11.0,6,11.4,6,11.3,6,12.4,7,9.6,6,12.5,6,12.2,6,14.0,6,10.3,5.0,13.5,6,15.0,5,12.5,6,13.2,5,16.8,5,16.8,6,15.6,6,18.2,5,15.9,5,17.9,5,17.9,6
2016-10-25 02:00:00,10.4,6,8.9,7,8.5,6,8.4,6,10.1,6,9.2,4,9.7,5,8.6,6,9.7,5,10.5,5,11.7,5,10.6,7,10.9,5,10.6,6,10.4,6,10.7,6,11.2,6,10.7,6,12.1,7,9.7,6,12.4,6,11.8,6,13.6,6,10.1,5.0,13.4,6,15.0,6,12.4,6,12.9,5,16.6,5,16.8,5,15.8,6,18.1,5,15.7,5,17.8,5,17.9,5
2016-10-25 03:00:00,9.6,6,8.8,6,8.3,6,7.8,6,9.4,7,9.2,6,9.1,6,8.5,6,9.5,6,10.2,7,11.0,7,10.7,7,12.6,7,12.2,7,10.5,6,10.4,7,11.1,6,10.6,7,13.3,7,11.9,7,11.4,7,12.5,7,15.6,7,10.8,6.0,11.9,6,15.4,6,12.7,7,12.4,5,16.1,6,17.3,6,16.5,7,18.5,6,15.4,6,17.3,7,17.4,6
2016-10-25 04:00:00,9.7,5,8.5,6,8.1,6,7.6,6,9.2,6,9.0,6,9.0,6,8.3,6,9.2,6,9.8,6,10.7,6,10.1,7,12.5,7,12.2,7,10.3,6,9.9,6,10.6,6,10.2,7,12.8,7,12.1,7,11.4,6,11.9,7,15.2,7,10.2,6.0,11.6,6,15.1,6,12.2,7,11.9,6,15.6,6,17.2,6,16.4,7,18.5,6,15.0,7,17.1,7,17.2,6
2016-10-25 05:00:00,9.9,4,8.4,6,8.2,6,7.6,6,9.2,6,8.9,6,8.9,6,8.2,6,8.9,6,9.6,6,10.4,6,9.8,6,12.4,7,12.1,7,10.0,6,9.6,6,10.2,6,10.0,7,12.4,7,12.4,7,11.4,6,11.4,6,14.8,7,9.7,7.0,11.4,6,15.0,6,11.9,7,11.5,6,15.2,7,17.2,7,16.3,7,18.5,6,14.9,7,17.0,7,17.0,6
2016-10-25 06:00:00,10.1,4,8.5,6,8.4,6,7.9,6,9.5,6,9.1,7,9.1,6,8.4,5,8.9,6,9.5,6,10.3,6,9.8,6,12.5,7,12.2,7,10.0,6,9.6,6,10.1,6,10.2,7,12.3,7,12.6,7,11.5,6,11.5,6,14.5,7,9.6,7.0,11.7,6,15.4,6,12.1,7,11.7,7,15.1,7,17.5,7,16.5,7,18.8,6,15.3,7,17.3,7,17.3,7
2016-10-25 07:00:00,10.3,5,9.0,6,8.9,6,8.6,6,10.2,6,9.8,7,9.7,6,9.1,5,9.1,6,9.7,6,10.4,6,10.4,6,12.7,7,12.6,7,10.4,6,10.1,6,10.6,6,11.0,7,12.8,7,12.7,7,11.6,6,12.3,6,14.6,7,10.1,7.0,12.6,6,16.2,6,12.9,7,12.8,7,15.6,7,18.0,7,17.1,7,19.5,7,16.4,7,17.9,7,18.0,7
2016-10-25 08:00:00,10.6,5,9.9,6,9.5,6,9.5,7,11.0,6,10.9,6,10.6,6,10.1,6,9.7,7,10.3,7,10.7,7,11.3,7,13.0,7,13.1,7,11.1,6,11.0,6,11.5,6,12.1,7,13.6,7,12.8,7,11.7,7,13.5,7,15.0,7,11.1,7.0,13.8,6,17.3,6,14.0,7,14.4,7,16.6,7,18.7,7,17.9,7,20.3,7,17.8,7,18.8,7,19.0,7
2016-10-25 09:00:00,10.9,6,10.8,7,10.3,6,10.6,7,11.8,7,12.1,6,11.7,5,11.4,6,10.4,7,11.0,7,11.3,7,12.3,7,13.4,7,13.6,7,12.0,6,12.1,7,12.5,6,13.3,7,14.4,7,13.1,7,12.2,7,14.7,7,15.6,7,12.4,7.0,15.1,6,18.4,7,15.3,7,16.1,6,17.7,7,19.2,7,18.7,7,21.1,7,19.1,7,19.5,7,20.0,7
2016-10-25 10:00:00,11.3,6,10.7,7,10.5,6,11.7,7,12.1,7,13.1,6,12.8,5,12.7,6,11.3,7,11.9,7,12.2,7,13.1,7,12.8,7,14.0,7,12.8,6,12.9,7,13.2,6,14.3,7,14.9,7,13.6,7,12.3,7,15.3,6,16.9,7,14.2,7.0,16.2,6,19.8,7,16.5,7,17.5,6,18.3,7,19.9,7,19.4,7,22.3,7,19.9,7,19.8,7,19.5,7
2016-10-25 11:00:00,11.7,7,11.8,7,11.5,6,12.8,7,13.0,7,14.0,6,13.7,4,14.0,6,12.3,7,12.9,7,13.2,7,13.8,7,13.1,7,14.3,6,14.0,6,14.1,7,14.2,7,15.3,7,15.2,7,14.2,7,13.6,7,16.0,6,17.9,7,15.6,7.0,17.2,6,20.7,7,17.5,7,18.7,6,19.3,7,20.2,7,19.9,7,22.7,7,20.3,7,20.0,7,20.1,7
2016-10-25 12:00:00,12.1,7,12.7,6,12.4,6,13.7,7,13.7,6,14.7,6,14.5,3,14.9,6,13.2,7,13.8,7,14.0,7,14.4,7,13.3,7,14.5,6,14.9,6,15.2,6,15.1,7,16.1,6,15.5,7,14.8,7,15.0,7,16.6,6,18.7,7,16.6,7.0,18.1,6,21.4,7,18.3,7,19.6,7,20.1,7,20.5,7,20.3,7,23.0,7,20.5,7,20.1,7,20.3,7
2016-10-25 13:00:00,12.4,7,13.2,6,13.0,6,14.3,7,14.2,5,15.2,7,15.0,3,15.4,6,13.8,7,14.5,7,14.5,6,15.0,7,13.4,7,14.7,6,15.7,6,16.0,6,15.9,6,16.9,6,15.9,7,15.3,7,15.9,7,17.3,6,19.3,7,17.1,7.0,18.9,6,22.0,7,18.9,7,20.4,7,20.8,6,20.9,7,20.7,7,23.3,7,20.7,7,20.1,7,20.5,7
2016-10-25 14:00:00,12.5,7,13.4,6,13.3,6,14.5,7,14.3,4,15.3,7,15.1,4,15.5,5,14.1,6,14.8,6,14.5,6,15.4,7,13.4,7,14.8,7,16.0,6,16.4,5,16.3,5,17.4,6,16.2,7,15.6,7,16.4,7,17.7,6,19.4,7,17.0,7.0,19.4,6,22.2,7,19.3,7,20.7,7,21.1,6,21.2,7,20.9,7,23.3,7,20.9,7,20.1,7,20.5,7
2016-10-25 15:00:00,11.8,6,12.1,6,12.3,3,13.8,6,12.8,6,14.8,6,14.3,6,15.0,5,12.7,7,13.5,7,13.2,7,14.0,6,13.1,7,13.8,7,15.6,5,15.2,5,15.0,5,15.1,6,15.0,7,14.0,7,15.1,5,16.4,6,16.4,7,16.5,7.0,18.7,4,20.6,7,18.6,7,18.4,7,19.6,7,20.8,7,20.4,7,21.9,7,21.3,7,20.1,7,21.0,7
2016-10-25 16:00:00,11.3,5,11.4,5,11.3,3,12.7,5,12.1,6,14.0,6,13.2,5,14.1,4,12.2,7,12.7,7,12.7,7,13.0,5,12.5,6,13.1,7,14.8,4,14.6,4,14.5,5,14.1,6,14.4,6,13.2,7,14.3,4,15.8,6,15.8,7,15.0,7.0,17.8,4,19.8,7,17.9,7,17.3,6,19.2,7,20.0,7,19.7,7,21.1,7,20.5,7,19.9,7,20.4,7
2016-10-25 17:00:00,10.7,4,10.4,4,10.1,3,11.4,3,11.2,5,12.9,6,11.9,5,12.9,3,11.4,6,11.7,6,12.1,6,11.7,5,11.7,6,12.2,7,13.7,3,13.8,3,13.6,4,12.8,6,13.5,6,12.1,7,13.2,3,14.8,6,15.0,7,13.2,7.0,16.6,3,18.7,7,16.9,7,15.8,6,18.4,6,18.8,7,18.6,7,19.9,7,19.4,7,19.7,7,19.5,7
2016-10-25 18:00:00,10.2,3,9.6,4,9.1,3,10.2,3,10.3,5,11.7,6,10.8,4,11.8,2,10.6,6,10.8,6,11.5,6,10.6,5,10.9,5,11.2,6,12.6,3,12.9,2,12.7,4,11.6,5,12.7,5,11.1,7,12.2,3,13.8,6,14.3,7,11.6,7.0,15.3,2,17.6,7,15.7,7,14.4,5,17.5,6,17.8,6,17.6,7,18.9,7,18.4,7,19.3,7,18.6,6
2016-10-25 19:00:00,10.0,3,9.0,4,8.5,4,9.3,3,9.7,5,10.8,5,10.2,4,10.9,3,9.8,6,10.2,6,11.0,6,10.0,5,10.3,5,10.4,6,11.9,3,12.1,2,11.9,3,10.8,4,12.1,5,10.6,7,11.6,3,12.9,6,13.8,7,10.7,7.0,14.4,2,16.8,7,14.6,7,13.5,5,16.7,5,17.2,6,16.8,7,18.3,7,17.7,6,18.7,6,18.0,5
2016-10-25 20:00:00,9.9,4,8.6,4,8.1,4,8.8,4,9.2,5,10.1,5,10.0,4,10.1,4,9.1,6,9.8,6,10.5,6,9.6,5,9.8,5,9.9,6,11.4,4,11.3,3,11.3,3,10.3,3,11.7,5,10.4,7,11.2,3,12.2,6,13.5,6,10.3,7.0,13.7,3,16.3,7,13.6,7,13.1,5,16.1,5,17.0,5,16.2,7,18.0,6,17.2,5,18.1,6,17.7,5
2016-10-25 21:00:00,9.7,4,8.2,5,7.7,5,8.2,5,8.7,5,9.7,5,9.8,4,9.5,4,8.6,6,9.3,6,10.2,6,9.0,5,9.3,5,9.4,6,10.8,4,10.6,3,10.6,4,9.6,2,11.2,5,10.0,7,10.9,3,11.6,6,13.1,6,9.9,7.0,13.1,3,15.6,7,13.0,6,12.8,5,15.6,5,16.7,5,15.7,6,17.6,6,16.7,5,17.8,6,17.3,5
2016-10-25 22:00:00,9.6,5,7.8,5,7.3,5,7.7,5,8.2,4,9.5,5,9.7,5,8.9,5,8.2,6,8.9,6,9.9,6,8.5,5,8.9,5,9.0,6,10.2,4,10.0,4,10.0,4,9.1,3,10.8,5,9.7,7,10.6,3,11.0,5,12.8,6,9.6,6.0,12.5,3,15.0,6,12.6,5,12.7,5,15.2,5,16.4,5,15.4,5,17.2,6,16.2,5,17.6,6,17.0,5
2016-10-25 23:00:00,9.5,5,7.5,5,7.0,5,7.4,5,7.8,4,9.3,5,9.5,5,8.5,5,7.8,6,8.5,5,9.7,5,8.0,5,8.5,5,8.7,6,9.8,4,9.4,5,9.5,4,8.6,4,10.4,5,9.5,7,10.4,4,10.5,5,12.4,6,9.4,6.0,12.1,3,14.5,6,12.4,4,12.6,5,14.9,5,16.0,4,15.2,4,16.8,6,15.7,5,17.5,5,16.8,5
2016-10-26 00:00:00,9.4,5,7.3,5,6.7,5,7.2,6,7.4,4,9.2,5,9.3,5,8.2,5,7.6,5,8.1,5,9.5,5,7.6,5,8.2,4,8.6,6,9.3,4,8.9,5,9.0,4,8.2,5,10.0,5,9.3,7,10.3,4,10.1,5,12.1,6,9.2,6.0,11.8,3,14.0,6,12.2,3,12.5,5,14.5,5,15.6,4,15.0,4,16.4,6,15.4,5,17.4,5,16.6,5
2016-10-26 01:00:00,9.4,5,7.1,5,6.6,6,7.1,6,7.2,5,9.1,5,9.1,5,7.9,5,7.4,5,7.9,4,9.3,5,7.3,5,8.0,4,8.4,6,8.9,4,8.5,5,8.6,4,7.8,5,9.7,5,9.1,6,10.2,5,9.7,5,11.8,6,9.1,6.0,11.6,3,13.5,6,12.0,4,12.4,5,14.3,5,15.3,4,14.7,4,16.1,6,15.2,5,17.4,5,16.4,5
2016-10-26 02:00:00,9.4,5,7.0,5,6.5,6,7.1,5,7.0,5,8.8,5,8.8,5,7.6,5,7.2,4,7.6,4,9.2,4,7.0,5,7.9,4,8.4,6,8.6,4,8.2,5,8.3,5,7.6,5,9.4,5,8.9,6,10.2,5,9.3,5,11.6,6,9.0,5.0,11.4,4,13.1,6,11.6,5,12.2,5,14.2,5,15.1,5,14.4,4,15.9,6,15.0,5,17.3,5,16.2,5
2016-10-26 03:00:00,9.0,4,6.5,4,5.8,4,6.2,4,5.8,4,9.7,4,9.0,5,7.4,4,6.8,2,6.8,2,8.5,2,6.1,4,7.4,4,7.8,5,9.2,5,8.4,6,7.9,4,7.3,3,9.3,5,8.3,5,9.7,4,9.6,6,12.3,7,10.2,7.0,11.5,5,13.9,6,12.1,6,11.8,5,14.1,6,15.4,5,14.9,5,16.0,6,14.2,5,17.2,5,16.5,5
2016-10-26 04:00:00,9.0,4,6.2,5,5.4,4,5.8,5,5.4,4,9.3,4,8.7,5,7.0,5,6.4,2,6.4,2,8.0,2,5.7,4,7.1,4,7.6,5,8.8,5,7.9,6,7.4,4,6.8,3,8.7,4,8.0,5,9.4,4,9.1,5,11.9,6,9.6,7.0,11.2,5,13.2,6,11.4,6,11.4,6,13.8,6,14.8,5,14.3,5,15.7,5,13.6,5,16.8,5,16.2,5
2016-10-26 05:00:00,9.1,4,6.0,5,5.1,4,5.6,5,5.3,4,9.0,4,8.4,5,6.7,5,6.0,2,6.1,2,7.7,2,5.4,4,6.9,5,7.5,4,8.6,6,7.5,6,7.1,5,6.5,3,8.2,3,7.8,5,9.2,4,8.8,5,11.5,6,9.1,7.0,11.0,6,12.9,5,10.9,5,11.1,6,13.5,6,14.5,5,13.9,5,15.6,5,13.3,5,16.5,5,16.0,5
2016-10-26 06:00:00,9.2,4,6.1,5,5.4,5,5.9,6,5.6,4,9.0,4,8.6,5,6.8,6,6.0,2,6.2,2,7.6,2,5.5,4,7.0,5,7.7,4,8.6,6,7.6,5,7.3,5,6.9,2,8.1,3,7.7,5,9.2,4,9.0,5,11.3,6,8.7,7.0,11.1,6,13.0,4,11.1,4,11.2,6,13.5,6,14.7,5,14.0,4,15.8,4,13.6,5,16.7,5,16.3,5
2016-10-26 07:00:00,9.3,5,6.7,6,6.4,5,6.9,6,6.5,4,9.6,4,9.3,5,7.7,6,6.4,2,6.8,2,7.9,3,6.3,3,7.5,5,8.4,5,9.1,6,8.2,5,8.1,5,8.1,2,8.7,3,8.0,5,9.5,4,9.7,5,11.6,6,8.8,7.0,11.5,6,13.8,4,12.1,4,11.9,6,13.9,6,15.7,4,15.0,3,16.4,5,14.8,5,17.5,5,17.2,5
2016-10-26 08:00:00,9.5,5,7.2,6,7.8,5,8.3,6,7.2,5,10.8,4,10.4,5,8.8,5,7.3,3,7.8,3,8.6,3,7.5,3,7.3,5,9.5,5,9.2,6,8.4,4,8.7,4,8.8,2,9.2,3,9.0,6,9.6,4,9.9,5,11.4,6,10.0,7.0,11.8,5,15.4,3,13.6,5,12.7,6,14.6,6,17.1,4,16.5,3,17.2,5,16.5,5,18.4,6,18.2,5
2016-10-26 09:00:00,9.9,5,8.5,6,9.3,5,9.9,6,8.9,6,12.1,4,11.5,6,10.3,5,8.6,3,9.1,4,9.8,4,9.0,3,8.4,6,10.6,5,10.5,5,9.8,4,10.0,3,10.4,2,10.4,3,9.5,6,10.5,4,11.2,5,12.1,6,11.1,6.0,12.9,4,16.6,3,15.2,5,14.1,6,15.5,7,18.4,4,18.0,2,18.0,5,18.5,6,19.4,6,19.4,6
2016-10-26 10:00:00,10.5,5,9.9,6,10.6,5,11.4,6,10.4,6,13.4,5,12.5,6,11.6,4,10.1,4,10.7,4,11.3,5,10.5,3,9.5,6,11.7,6,11.8,5,11.2,3,11.0,3,11.6,2,11.3,3,10.1,6,11.4,3,12.3,5,12.9,6,12.6,6.0,14.1,3,17.6,3,16.6,5,15.4,6,16.5,6,19.4,4,19.1,2,18.7,4,20.3,6,20.0,6,20.3,6
2016-10-26 11:00:00,11.1,5,11.2,6,11.6,4,12.7,6,11.6,5,14.6,6,13.3,6,12.8,4,11.6,5,12.2,5,12.9,5,11.8,4,10.5,7,12.4,6,13.2,5,12.6,3,11.8,2,12.2,2,12.1,3,10.6,6,12.4,3,13.1,4,13.5,6,14.4,5.0,15.3,3,18.4,2,17.8,3,16.5,6,17.4,6,20.1,4,19.9,2,19.3,3,21.8,5,20.3,6,20.9,6
2016-10-26 12:00:00,11.7,5,12.2,6,12.3,3,13.7,6,12.7,5,15.6,6,13.9,6,13.6,4,12.9,5,13.5,5,14.1,5,12.8,4,11.2,7,13.0,6,14.4,4,13.6,3,12.4,2,12.7,2,12.7,3,11.2,6,13.3,3,13.8,4,14.1,5,15.7,5.0,16.3,2,18.9,2,18.8,2,17.5,6,18.2,6,20.6,4,20.5,2,19.8,2,23.1,5,20.3,6,21.3,6
2016-10-26 13:00:00,12.1,5,12.9,6,12.8,3,14.2,6,13.2,4,16.2,6,14.3,6,14.1,4,13.7,5,14.3,5,14.6,5,13.3,3,11.6,5,13.4,5,15.1,4,14.4,3,13.0,2,13.2,2,13.3,3,11.7,6,14.1,2,14.3,4,14.3,5,16.2,5.0,17.1,2,19.2,2,19.6,1,18.1,6,18.8,6,21.1,3,21.0,2,20.3,2,24.0,5,20.4,6,21.5,5
2016-10-26 14:00:00,12.4,5,13.1,6,13.0,4,14.2,6,13.4,3,16.2,6,14.4,5,14.3,4,13.9,4,14.5,4,14.5,4,13.3,2,11.6,4,13.4,4,15.3,4,14.8,3,13.2,2,13.4,2,13.5,3,12.0,6,14.4,2,14.4,4,14.3,5,16.0,5.0,17.4,2,19.3,1,19.9,2,18.2,5,19.2,5,21.2,2,21.1,2,20.5,2,24.2,4,20.3,6,21.3,4
2016-10-26 15:00:00,13.3,5,13.5,6,13.4,6,14.6,5,12.9,4,15.5,5,14.8,5,15.0,5,13.0,4,13.7,4,13.4,4,13.4,5,12.0,4,12.5,5,14.6,2,14.1,3,13.7,4,13.7,2,13.8,3,12.7,6,13.8,2,14.0,2,14.4,5,15.1,5.0,17.4,1,18.7,2,19.5,2,17.9,6,18.9,6,21.4,4,20.8,2,20.1,4,23.2,6,20.4,5,22.0,4
2016-10-26 16:00:00,13.1,5,12.6,6,12.6,6,13.4,4,12.1,4,14.3,4,13.8,4,14.2,4,12.2,4,12.8,4,12.9,4,12.1,4,11.2,4,11.7,5,13.6,2,13.6,2,13.1,3,12.3,2,12.9,3,11.7,5,12.9,2,13.2,2,13.7,4,13.3,4.0,16.5,1,17.7,2,18.0,2,16.8,6,18.2,6,20.1,4,19.3,2,19.0,3,21.6,6,19.9,6,20.9,4
2016-10-26 17:00:00,12.8,5,11.6,5,11.6,6,12.1,3,11.0,4,12.7,3,12.5,3,13.0,3,11.2,4,11.7,4,12.3,4,10.5,3,10.2,4,10.7,5,12.4,2,12.8,2,12.1,3,10.4,2,11.6,3,10.3,5,11.7,2,12.1,2,12.7,3,11.3,3.0,15.3,2,16.4,1,16.1,2,15.4,5,17.2,5,18.5,3,17.5,2,17.6,3,19.6,5,19.4,6,19.6,4
2016-10-26 18:00:00,12.6,5,10.9,5,10.8,6,10.9,2,10.0,4,11.3,3,11.4,3,11.9,2,10.3,4,10.6,4,11.7,4,9.1,3,9.3,4,9.6,5,11.3,3,11.8,2,11.1,2,8.7,2,10.4,2,9.1,5,10.6,2,10.9,3,11.8,2,9.6,2.0,14.1,2,15.3,1,14.3,2,14.0,5,16.3,4,17.0,3,15.8,2,16.5,2,17.7,5,18.7,5,18.5,4
2016-10-26 19:00:00,12.5,4,10.8,5,10.4,6,10.2,3,9.3,4,10.5,2,10.7,3,11.0,2,9.6,4,9.9,5,11.2,5,8.3,3,8.6,4,8.7,5,10.5,3,10.9,3,10.3,2,7.7,2,9.5,2,8.4,5,9.9,1,9.9,4,11.1,3,8.7,1.0,13.1,2,14.6,1,13.1,2,12.9,5,15.5,4,16.0,2,14.7,1,15.8,2,16.4,4,18.0,5,17.7,3
2016-10-26 20:00:00,12.4,4,11.0,5,10.3,5,9.9,4,8.9,5,10.1,2,10.4,4,10.2,3,9.2,5,9.6,5,10.9,5,7.9,3,8.1,4,8.0,4,10.0,3,10.1,3,9.7,2,7.2,2,9.0,3,8.0,4,9.4,2,9.2,5,10.7,3,8.3,1.0,12.3,2,14.2,1,12.4,2,12.2,4,14.8,4,15.4,2,14.0,1,15.5,2,15.5,4,17.3,4,17.3,3
2016-10-26 21:00:00,12.2,4,10.8,5,9.9,5,9.4,5,8.4,5,9.6,3,9.9,4,9.4,3,8.8,5,9.0,5,10.6,5,7.2,3,7.4,4,7.3,4,9.2,2,9.3,3,8.9,2,6.5,2,8.5,3,7.7,4,9.0,1,8.4,5,10.2,4,7.7,2.0,11.6,2,13.5,1,11.5,2,11.5,4,14.1,4,14.7,1,13.3,1,14.8,2,14.4,4,16.8,4,16.7,2
2016-10-26 22:00:00,11.9,4,10.6,5,9.5,5,9.0,5,7.9,5,9.2,3,9.5,4,8.7,3,8.4,5,8.6,5,10.2,5,6.6,3,6.8,4,6.7,5,8.6,2,8.7,3,8.1,2,6.0,3,8.0,3,7.4,4,8.6,1,7.7,5,9.7,4,7.2,2.0,11.0,2,12.9,1,10.8,2,11.0,4,13.4,4,14.0,1,12.7,1,14.2,2,13.5,4,16.4,4,16.1,2
2016-10-26 23:00:00,11.6,4,10.3,5,9.1,5,8.7,6,7.4,5,8.9,4,9.1,4,7.9,3,7.9,5,8.1,5,9.8,5,6.1,3,6.3,4,6.3,5,8.0,2,8.0,3,7.4,3,5.5,3,7.5,3,7.1,4,8.2,1,7.1,5,9.3,4,6.8,2.0,10.4,2,12.3,1,10.3,2,10.5,4,12.8,4,13.3,1,12.3,1,13.7,2,12.6,3,16.1,4,15.6,2
2016-10-27 00:00:00,11.3,4,9.9,5,8.7,5,8.3,6,6.9,4,8.5,4,8.7,5,7.3,3,7.4,5,7.5,5,9.3,5,5.6,3,5.9,5,6.0,5,7.4,3,7.3,3,6.6,3,5.0,3,7.1,3,6.8,4,7.9,1,6.5,5,8.9,5,6.5,3.0,9.9,2,11.8,1,9.8,2,10.2,4,12.2,4,12.8,1,12.0,1,13.3,2,11.9,3,15.8,4,15.0,2
2016-10-27 01:00:00,11.0,4,9.4,5,8.4,5,8.0,6,6.5,5,8.2,5,8.4,5,6.7,4,6.9,5,6.9,5,8.7,5,5.1,4,5.7,5,5.7,5,6.9,3,6.6,3,5.9,3,4.5,4,6.9,3,6.6,4,7.7,1,5.9,4,8.6,5,6.2,3.0,9.5,2,11.3,2,9.4,2,9.9,5,11.7,4,12.5,1,11.7,1,13.0,3,11.4,3,15.6,4,14.5,3
2016-10-27 02:00:00,10.7,4,9.0,5,8.1,5,7.6,6,6.1,5,7.9,5,8.1,5,6.1,5,6.3,5,6.3,5,8.1,5,4.6,5,5.5,5,5.6,6,6.4,4,5.9,4,5.3,4,4.1,4,6.6,2,6.4,5,7.6,1,5.4,4,8.3,5,5.9,4.0,9.3,1,10.9,2,9.1,2,9.7,5,11.4,4,12.4,1,11.5,1,12.8,3,10.9,3,15.5,4,14.1,3
2016-10-27 03:00:00,11.2,4,9.4,6,9.2,5,7.5,6,7.4,5,7.9,2,8.6,3,7.3,4,8.2,4,8.0,3,9.9,3,6.4,6,6.3,3,7.4,3,8.1,4,7.8,3,7.5,3,6.1,5,8.1,4,7.8,5,8.2,4,7.0,5,9.7,6,8.3,5.0,9.9,2,12.0,2,10.5,1,9.9,3,11.3,5,12.4,1,12.9,1,13.6,1,12.3,2,16.2,6,15.1,2
2016-10-27 04:00:00,10.9,4,9.2,6,9.0,5,7.5,6,7.3,5,7.8,2,8.5,3,7.0,4,8.2,4,7.9,4,9.8,4,6.0,5,5.9,3,6.9,2,7.8,4,7.6,4,7.2,4,6.0,6,7.4,3,7.5,5,8.0,4,6.4,4,9.3,6,7.7,4.0,9.6,2,11.7,2,10.1,1,9.5,3,10.8,4,11.8,1,12.5,1,13.3,1,11.6,2,15.9,6,14.8,2
2016-10-27 05:00:00,10.7,4,9.1,6,8.9,5,7.8,6,7.3,5,7.7,3,8.6,3,6.8,4,8.2,5,7.9,5,9.7,5,5.6,5,5.5,3,6.4,2,7.6,5,7.5,4,6.9,5,6.0,6,6.8,3,7.2,4,7.8,4,6.0,4,8.9,6,7.1,4.0,9.4,2,11.5,2,9.9,1,9.1,4,10.5,4,11.3,1,12.2,1,13.1,1,11.2,2,15.8,5,14.5,2
2016-10-27 06:00:00,10.7,4,9.3,6,9.1,5,8.3,6,7.6,5,8.0,3,8.9,4,7.0,5,8.3,5,8.1,5,9.8,6,5.7,4,5.5,3,6.3,2,7.8,5,7.8,4,6.9,6,6.3,6,6.7,4,7.1,4,7.8,4,6.2,4,8.8,5,7.0,3.0,9.6,2,11.8,2,10.1,1,9.1,4,10.7,4,11.6,1,12.3,1,13.3,1,11.5,2,16.2,5,14.6,2
2016-10-27 07:00:00,10.9,5,9.8,6,9.6,5,9.2,6,8.4,5,8.8,3,9.6,4,7.7,5,8.7,6,8.5,6,10.0,6,6.5,5,6.1,4,7.0,2,8.5,6,8.4,4,7.4,6,7.1,5,7.5,4,7.5,4,8.2,4,7.2,5,9.2,5,7.7,2.0,10.4,2,12.5,2,11.0,1,9.6,4,11.4,4,12.9,1,13.1,1,14.0,2,13.0,2,17.3,5,15.4,2
2016-10-27 08:00:00,11.3,5,10.6,6,10.4,6,10.3,6,9.5,6,10.0,3,10.5,4,8.8,5,9.4,6,9.3,6,10.4,6,7.8,6,7.1,4,8.2,3,9.5,6,9.4,4,8.2,5,8.3,5,8.9,4,8.2,5,8.9,4,8.6,6,9.9,5,9.0,2.0,11.5,2,13.6,2,12.4,1,10.5,3,12.5,4,14.8,1,14.5,1,15.1,2,15.2,2,18.7,4,16.6,2
2016-10-27 09:00:00,11.8,6,11.5,6,11.3,6,11.5,6,10.6,7,11.3,3,11.6,5,10.2,5,10.3,7,10.3,7,11.2,7,9.3,6,8.4,5,9.6,3,10.7,6,10.4,3,9.2,4,9.5,4,10.4,4,9.1,5,9.9,3,10.0,6,10.9,6,10.8,2.0,12.8,1,14.7,2,14.0,1,11.7,2,13.6,4,16.7,1,15.9,1,16.2,1,17.5,2,19.9,3,18.0,2
2016-10-27 10:00:00,12.3,7,12.5,6,12.3,7,12.7,6,11.5,7,12.5,4,12.7,5,11.6,5,11.4,7,11.5,7,12.3,7,10.7,6,9.8,6,10.9,3,11.9,6,11.4,3,10.2,4,10.6,4,11.5,4,10.0,5,11.0,3,11.0,5,11.9,6,12.9,2.0,14.1,1,15.7,2,15.4,1,13.1,2,14.5,4,18.1,1,17.1,1,17.2,1,19.4,2,20.6,3,19.2,2
2016-10-27 11:00:00,12.7,7,13.4,7,13.2,6,13.7,6,12.2,7,13.4,5,13.8,6,12.9,5,12.6,7,12.8,7,13.5,7,12.0,6,11.1,6,11.9,3,12.9,5,12.3,4,11.2,3,11.5,4,12.3,4,11.0,5,12.1,2,11.7,4,12.9,6,14.8,2.0,15.2,1,16.5,2,16.7,1,14.5,3,15.4,3,19.1,1,18.1,1,18.1,1,20.9,2,21.0,2,20.2,2
2016-10-27 12:00:00,13.0,6,14.0,6,14.0,6,14.5,6,12.7,7,14.2,6,14.5,6,13.9,5,13.6,7,13.8,7,14.3,7,12.9,6,12.1,6,12.7,3,13.7,4,13.0,4,12.1,3,12.3,4,12.8,3,11.8,4,13.1,2,12.3,3,13.7,6,16.1,1.0,16.1,1,17.1,1,17.7,1,15.7,3,16.2,3,19.8,1,18.9,1,18.9,1,22.0,1,21.1,1,20.9,1
2016-10-27 13:00:00,13.2,5,14.3,6,14.5,6,14.9,6,13.1,6,14.7,6,14.8,6,14.4,5,14.2,6,14.4,6,14.6,6,13.4,5,12.6,5,13.2,3,14.2,3,13.5,3,12.9,2,13.0,3,13.2,2,12.5,4,13.8,1,13.0,2,14.2,5,16.5,1.0,16.8,1,17.5,1,18.5,1,16.6,2,17.1,2,20.3,1,19.5,1,19.6,1,22.7,1,21.2,1,21.3,1
2016-10-27 14:00:00,13.2,5,14.2,5,14.7,5,14.9,6,13.3,5,14.8,6,14.7,5,14.4,5,14.3,5,14.4,5,14.4,5,13.5,5,12.7,4,13.2,3,14.3,2,13.6,2,13.3,2,13.3,2,13.4,2,12.8,3,14.1,1,13.5,2,14.3,4,16.0,1.0,17.1,1,17.7,1,18.9,1,16.9,2,17.7,2,20.4,1,19.7,1,19.9,1,22.9,1,21.1,1,21.3,1
2016-10-27 15:00:00,12.6,6,13.2,6,13.4,4,14.6,4,13.3,5,14.3,2,14.1,2,14.5,4,13.5,6,13.7,4,13.6,5,13.3,4,12.5,4,12.7,4,14.5,1,14.2,1,13.6,1,13.6,1,13.0,1,12.4,3,14.1,1,13.4,1,13.2,3,14.6,1.0,17.2,1,17.2,1,18.8,1,17.2,1,18.5,2,20.0,1,18.9,1,19.5,1,22.5,1,20.7,1,21.5,1
2016-10-27 16:00:00,12.5,5,12.5,5,12.8,4,13.6,3,12.8,5,13.4,2,13.2,2,13.6,3,12.8,4,13.0,3,13.2,4,12.0,3,11.5,3,11.8,3,13.6,1,13.6,1,13.1,1,12.4,1,12.1,2,11.3,3,13.2,1,12.9,1,12.5,3,12.8,1.0,16.4,1,16.3,1,17.4,1,16.1,1,17.7,1,18.7,1,17.7,1,18.5,1,21.0,1,20.1,1,20.6,1
2016-10-27 17:00:00,12.2,5,11.6,5,11.9,5,12.5,3,12.0,4,12.3,2,12.1,2,12.6,2,11.9,3,12.0,3,12.7,3,10.5,2,10.3,3,10.6,2,12.6,1,12.6,1,12.2,1,10.7,1,11.0,2,9.8,3,12.1,1,12.0,2,11.6,3,10.8,1.0,15.4,1,15.2,1,15.4,1,14.6,1,16.6,1,17.1,1,16.1,1,17.1,1,19.1,1,19.3,1,19.3,1
2016-10-27 18:00:00,12.0,5,10.9,5,11.2,6,11.4,2,11.2,4,11.1,2,11.1,2,11.6,2,10.9,3,11.0,3,12.2,3,9.1,2,9.3,3,9.4,2,11.6,2,11.6,1,11.2,1,8.9,1,9.9,2,8.4,3,11.1,1,10.9,2,10.7,3,9.1,1.0,14.2,1,14.2,1,13.5,1,13.1,1,15.4,1,15.6,1,14.7,1,15.8,1,17.3,1,18.5,1,18.0,1
2016-10-27 19:00:00,11.8,5,10.8,5,10.8,6,10.6,2,10.4,4,10.2,2,10.4,3,10.8,2,10.1,3,10.2,3,11.7,3,8.4,2,8.8,3,8.6,2,10.9,2,10.7,2,10.3,1,7.5,1,9.2,1,7.6,3,10.6,1,9.8,2,10.1,4,8.1,1.0,13.2,1,13.6,1,12.2,1,12.1,1,14.5,1,14.7,1,13.8,1,14.9,1,16.1,2,17.7,1,16.8,1
2016-10-27 20:00:00,11.6,5,10.9,6,10.8,6,10.1,2,9.7,4,9.6,2,10.0,3,10.2,2,9.5,4,9.7,4,11.3,4,8.1,2,8.5,3,8.1,2,10.4,2,10.0,2,9.6,1,6.6,1,8.7,1,7.2,3,10.4,1,8.8,2,9.6,4,7.7,1.0,12.3,1,13.3,1,11.4,1,11.6,1,13.8,1,14.1,1,13.2,1,14.3,1,15.3,2,17.0,1,15.9,1
2016-10-27 21:00:00,11.5,5,10.7,6,10.5,6,9.4,2,9.1,4,9.0,2,9.6,3,9.4,3,9.0,4,9.2,4,10.9,4,7.6,2,7.9,3,7.7,3,9.7,2,9.2,2,8.8,1,6.0,2,8.0,1,6.8,4,9.8,1,8.0,2,9.2,4,7.0,1.0,11.6,1,12.7,1,10.8,2,11.1,1,13.1,1,13.4,1,12.5,1,13.7,1,14.3,2,16.5,1,15.1,1
2016-10-27 22:00:00,11.4,5,10.4,6,10.3,6,8.9,2,8.6,5,8.6,3,9.2,3,8.6,2,8.5,4,8.7,4,10.5,4,7.1,3,7.4,3,7.3,3,9.0,3,8.5,2,8.1,1,5.8,2,7.5,2,6.6,4,9.3,1,7.5,2,8.8,4,6.5,1.0,10.9,1,12.1,1,10.3,2,10.8,1,12.4,2,12.7,1,11.9,1,13.2,1,13.3,3,16.1,1,14.4,2
2016-10-27 23:00:00,11.3,5,10.1,6,10.0,6,8.4,2,8.1,5,8.3,3,8.8,4,7.9,2,8.1,4,8.3,5,10.1,4,6.6,3,6.8,4,7.0,4,8.4,4,7.8,2,7.3,2,5.6,3,6.9,2,6.4,4,8.7,1,7.1,3,8.4,4,6.1,1.0,10.3,1,11.4,1,9.9,3,10.5,1,11.6,2,12.0,1,11.3,1,12.8,1,12.4,3,15.8,2,13.8,2
2016-10-28 00:00:00,11.2,5,9.8,6,9.7,6,8.0,3,7.7,5,8.0,3,8.5,4,7.2,2,7.6,4,7.9,5,9.6,4,6.2,4,6.4,4,6.7,4,7.9,4,7.2,2,6.6,2,5.4,3,6.4,3,6.1,4,8.2,1,6.6,3,8.1,4,5.7,2.0,9.8,1,10.8,1,9.5,4,10.1,2,10.9,2,11.4,1,10.8,1,12.4,1,11.6,3,15.6,2,13.3,2
2016-10-28 01:00:00,11.0,6,9.5,6,9.4,6,7.7,3,7.4,5,7.8,4,8.3,5,6.6,3,7.2,4,7.5,5,9.2,4,5.7,5,6.0,4,6.4,5,7.3,5,6.6,3,5.9,3,5.0,4,5.9,3,5.7,5,7.8,1,6.0,4,7.8,4,5.3,2.0,9.1,2,10.1,1,9.1,4,9.5,2,10.1,3,11.1,1,10.4,1,12.2,1,10.9,4,15.3,3,12.8,3
2016-10-28 02:00:00,10.9,6,9.1,6,9.1,6,7.5,5,7.2,5,7.6,4,8.1,5,6.1,4,6.9,4,7.1,5,8.8,4,5.2,6,5.8,5,6.0,5,6.9,6,6.2,5,5.3,4,4.5,4,5.4,4,5.3,5,7.4,1,5.3,4,7.5,5,5.0,2.0,8.4,3,9.5,1,8.7,5,8.9,2,9.4,4,10.8,1,10.0,1,12.0,1,10.3,4,14.9,3,12.4,3
2016-10-28 03:00:00,11.0,4,8.7,5,9.2,5,6.5,2,7.3,5,7.4,2,8.1,6,5.9,2,7.7,2,7.7,3,9.4,2,6.5,4,5.7,4,6.0,2,7.3,2,6.7,2,6.1,2,4.5,4,6.8,4,6.2,3,8.8,1,5.6,1,7.9,4,6.7,1.0,8.3,1,10.2,1,8.7,1,8.2,1,9.2,1,9.8,1,11.2,1,11.8,2,10.6,4,14.8,2,12.4,1
2016-10-28 04:00:00,11.0,4,8.6,5,9.2,5,6.3,3,7.2,5,7.1,2,7.9,6,5.5,3,7.5,3,7.3,3,9.2,3,5.9,4,5.5,4,5.6,2,6.8,3,6.2,2,5.4,2,4.2,4,6.3,4,6.0,3,8.7,1,4.8,1,7.6,3,6.1,1.0,7.7,1,9.5,1,8.2,1,7.5,1,8.5,1,9.1,1,10.5,1,11.4,2,10.0,4,14.3,2,12.0,1
2016-10-28 05:00:00,11.1,4,8.7,5,9.3,5,6.2,4,7.4,4,6.9,1,7.7,6,5.2,3,7.3,3,7.0,4,9.0,3,5.4,3,5.4,4,5.4,2,6.4,5,5.8,2,5.0,3,4.0,4,5.9,4,5.8,2,8.7,1,4.2,1,7.4,3,5.6,1.0,7.4,1,8.9,1,7.8,1,7.0,1,8.0,2,8.7,1,9.9,1,11.2,3,9.5,4,13.9,2,11.8,1
2016-10-28 06:00:00,11.2,4,8.9,5,9.6,5,6.6,4,7.9,5,7.3,1,8.0,5,5.5,4,7.3,3,7.0,4,9.0,4,5.3,3,5.7,4,5.6,2,6.5,6,6.0,2,5.1,3,4.5,4,5.9,4,5.9,2,8.9,1,4.3,1,7.3,4,5.8,1.0,7.7,2,9.1,1,7.9,1,7.3,1,8.3,2,9.1,1,10.0,1,11.5,3,9.7,4,14.2,3,12.2,1
2016-10-28 07:00:00,11.2,5,9.3,6,10.0,5,7.5,3,8.6,5,8.4,1,8.8,4,6.5,3,7.7,3,7.6,4,9.2,4,6.1,4,6.4,5,6.5,3,7.4,5,7.0,2,6.0,3,5.8,4,6.7,4,6.4,2,9.4,1,5.5,1,7.5,4,7.0,1.0,8.8,2,10.2,1,8.9,2,8.8,1,9.5,2,10.7,1,11.2,1,12.6,3,11.0,4,15.3,3,13.5,1
2016-10-28 08:00:00,11.3,6,10.0,6,10.7,6,8.9,2,9.6,5,9.9,2,10.0,3,8.1,2,8.5,3,8.7,3,9.7,4,7.4,4,7.5,5,7.9,3,8.8,4,8.5,2,7.5,2,7.7,3,8.0,4,7.3,3,10.3,1,7.5,1,8.1,4,9.0,1.0,10.6,2,11.9,2,10.5,3,11.1,1,11.5,2,12.9,1,13.0,1,14.2,4,13.1,4,16.9,3,15.4,1
2016-10-28 09:00:00,11.4,6,10.8,6,11.4,6,10.5,2,10.5,6,11.6,2,11.3,2,9.9,1,9.7,3,10.1,3,10.6,3,9.0,4,8.7,5,9.4,3,10.5,3,10.3,1,9.2,2,9.6,2,9.5,4,8.4,3,11.5,1,9.7,1,9.1,3,11.4,1.0,12.6,1,13.8,2,12.4,4,13.7,1,13.7,1,15.2,1,15.0,1,15.9,4,15.4,4,18.4,3,17.3,1
2016-10-28 10:00:00,11.7,6,11.8,7,12.3,6,12.0,3,11.4,6,13.1,2,12.5,2,11.6,1,11.1,3,11.5,3,12.0,3,10.5,4,9.9,4,10.7,2,12.1,2,12.0,1,10.9,1,11.1,2,10.8,3,9.6,3,13.1,1,11.6,1,10.5,3,13.9,1.0,14.6,1,15.5,2,14.3,3,16.2,1,15.9,1,17.0,1,16.8,1,17.2,4,17.5,4,19.3,3,18.8,1
2016-10-28 11:00:00,12.0,6,12.8,7,13.1,6,13.4,3,12.1,6,14.2,2,13.4,2,13.1,1,12.6,3,12.8,3,13.5,3,11.9,3,11.0,3,11.7,2,13.5,2,13.4,1,12.3,1,12.3,1,12.0,2,10.7,3,14.7,1,13.1,1,12.0,3,16.0,1.0,16.5,1,16.9,1,16.0,2,18.3,1,17.8,1,18.2,1,18.2,1,18.2,4,19.2,4,19.6,2,19.8,1
2016-10-28 12:00:00,12.3,5,13.6,6,13.8,6,14.3,4,12.7,5,15.2,2,14.2,2,14.2,2,13.7,2,13.8,3,14.5,3,13.0,2,11.8,2,12.5,1,14.6,1,14.4,1,13.6,1,13.3,1,12.8,1,11.8,2,16.2,1,14.5,1,13.3,2,17.2,1.0,18.0,1,18.0,1,17.5,1,20.0,1,19.4,1,19.0,1,19.3,1,19.1,4,20.4,4,19.7,2,20.5,1
2016-10-28 13:00:00,12.5,5,14.0,5,14.3,5,14.7,4,13.1,4,15.9,2,14.7,2,14.7,2,14.3,2,14.4,3,14.8,3,13.8,1,12.3,2,13.0,1,15.2,1,15.0,1,14.5,1,14.2,1,13.3,1,12.6,2,17.2,1,15.7,1,14.2,2,17.3,1.0,19.0,1,18.9,1,18.6,1,21.2,1,20.5,1,19.5,1,20.1,1,19.8,4,21.1,3,19.7,2,20.8,1
2016-10-28 14:00:00,12.6,5,13.9,5,14.4,5,14.6,3,13.3,2,16.1,2,14.8,2,14.8,2,14.3,2,14.5,2,14.4,2,14.1,1,12.5,2,13.1,1,15.4,1,15.1,1,15.0,1,14.7,1,13.4,1,13.0,1,17.7,1,16.4,1,14.4,2,16.4,1.0,19.5,1,19.3,1,19.1,1,21.5,1,20.9,1,19.5,1,20.4,1,20.3,3,21.2,3,19.6,2,20.7,1
2016-10-28 15:00:00,12.9,4,13.8,4,14.4,5,15.1,2,13.6,4,15.9,1,15.3,1,14.6,1,14.0,3,14.1,2,14.0,2,12.6,1,12.1,2,12.8,2,14.6,1,14.3,1,14.5,1,14.0,1,13.0,1,12.6,1,16.6,1,14.6,1,13.0,2,14.8,1.0,18.4,1,18.5,1,19.0,1,20.3,1,19.5,1,18.9,1,19.5,1,19.6,2,20.7,2,19.3,1,19.5,1
2016-10-28 16:00:00,12.6,3,13.0,3,13.7,4,13.9,1,13.0,3,14.8,1,14.2,2,13.8,2,13.2,3,13.4,2,13.6,2,11.6,1,11.5,2,12.0,2,13.7,1,13.6,1,13.8,1,12.5,2,12.0,2,11.5,2,15.5,1,13.7,2,12.2,2,12.9,1.0,17.5,1,17.1,1,17.6,1,18.6,1,18.6,1,17.6,1,18.0,1,18.5,2,19.3,1,18.9,1,18.6,1
2016-10-28 17:00:00,12.2,3,12.0,3,12.6,3,12.4,1,12.2,2,13.3,2,12.7,2,12.9,2,12.2,2,12.4,2,13.1,2,10.3,2,10.7,2,11.0,2,12.6,1,12.6,1,12.6,1,10.4,2,10.8,2,10.0,3,14.0,1,12.3,2,11.3,3,10.9,1.0,16.3,1,15.3,1,15.6,1,16.3,1,17.3,1,16.0,1,15.9,1,16.9,1,17.5,1,18.3,2,17.6,1
2016-10-28 18:00:00,11.8,3,11.2,3,11.7,3,11.1,1,11.3,2,11.9,2,11.5,2,11.9,2,11.2,2,11.5,2,12.6,2,9.3,2,9.9,2,10.0,2,11.6,2,11.6,1,11.4,1,8.4,2,9.7,1,8.7,3,12.6,1,10.7,2,10.5,3,9.3,1.0,14.9,1,13.6,1,13.6,1,14.0,1,16.0,1,14.6,1,14.0,1,15.4,1,15.8,1,17.6,2,16.6,1
2016-10-28 19:00:00,11.6,3,10.9,3,11.2,4,10.2,2,10.6,2,10.9,2,10.8,2,11.1,2,10.5,2,10.9,2,12.2,2,8.8,2,9.2,2,9.2,2,11.0,2,10.7,1,10.5,1,7.2,2,9.0,1,7.9,3,11.7,1,9.3,2,9.9,3,8.5,1.0,13.6,1,12.6,1,12.0,2,12.4,1,14.9,1,13.7,1,12.8,1,14.3,1,14.4,1,16.8,2,15.6,1
2016-10-28 20:00:00,11.4,3,10.9,4,11.0,5,9.7,2,10.1,2,10.3,2,10.4,2,10.4,2,10.1,2,10.5,2,11.8,2,8.6,2,8.6,2,8.6,3,10.6,2,10.0,2,9.8,1,6.5,2,8.6,1,7.5,3,11.3,1,8.2,2,9.5,3,8.2,1.0,12.5,1,12.0,1,10.7,2,11.4,1,14.0,1,13.1,1,12.2,1,13.4,1,13.5,2,15.9,2,14.7,1
2016-10-28 21:00:00,11.4,4,10.7,4,10.7,5,9.3,2,9.6,2,9.7,2,9.9,3,9.7,2,9.5,2,9.9,2,11.3,2,8.2,2,8.1,3,8.0,3,10.0,2,9.3,1,9.0,1,6.1,2,8.1,2,7.1,3,10.6,1,7.3,2,9.0,3,7.7,1.0,11.4,1,11.6,1,9.7,3,10.4,1,12.9,1,12.2,1,11.8,1,12.6,2,12.6,2,15.4,1,14.1,1
2016-10-28 22:00:00,11.4,4,10.4,4,10.4,5,8.9,3,9.2,3,9.3,2,9.5,3,9.0,3,9.1,3,9.5,2,10.9,2,7.8,3,7.7,3,7.4,3,9.4,1,8.6,1,8.1,1,5.8,2,7.5,2,6.9,3,9.9,1,6.5,3,8.6,3,7.3,2.0,10.5,1,11.3,1,8.9,2,9.5,1,11.9,1,11.5,1,11.5,1,12.0,2,11.9,2,15.0,1,13.6,1
2016-10-28 23:00:00,11.3,5,10.2,5,10.0,5,8.6,4,8.8,3,8.9,2,9.1,4,8.4,3,8.8,3,9.1,2,10.5,2,7.4,4,7.4,3,7.0,4,8.9,1,8.0,1,7.4,1,5.6,3,7.1,3,6.7,3,9.2,1,5.9,3,8.2,4,6.9,2.0,9.6,1,10.9,1,8.3,2,8.8,1,10.9,1,10.9,1,11.2,1,11.5,2,11.3,2,14.7,1,13.3,1
2016-10-29 00:00:00,11.2,5,9.9,5,9.7,6,8.3,4,8.5,4,8.6,2,8.8,4,7.9,4,8.5,4,8.7,3,10.2,3,7.1,5,7.1,4,6.8,4,8.3,2,7.5,2,6.6,1,5.2,3,6.7,3,6.5,3,8.6,1,5.3,4,8.0,4,6.6,2.0,8.7,1,10.5,1,7.9,1,8.2,1,10.0,1,10.4,1,11.0,1,11.1,2,10.8,3,14.4,2,12.9,1
2016-10-29 01:00:00,10.9,5,9.6,5,9.3,6,8.0,5,8.3,5,8.3,2,8.4,5,7.4,4,8.2,4,8.5,3,9.9,3,6.8,5,7.0,4,6.6,5,7.8,3,7.1,3,6.0,2,4.9,4,6.4,4,6.3,4,8.0,1,4.8,4,7.8,4,6.3,3.0,7.9,1,10.1,2,7.6,1,7.7,1,9.1,1,10.0,1,10.8,1,10.9,2,10.2,3,14.1,2,12.4,1
2016-10-29 02:00:00,10.6,6,9.3,6,9.0,6,7.8,6,8.2,5,8.1,2,8.1,5,7.0,5,8.1,5,8.3,4,9.6,4,6.6,6,7.0,5,6.6,5,7.3,4,6.8,5,5.4,3,4.4,4,6.1,4,6.2,5,7.5,1,4.4,5,7.8,4,6.1,3.0,7.2,1,9.6,3,7.5,1,7.2,1,8.4,1,9.8,1,10.5,1,10.7,2,9.5,4,13.7,3,11.9,1
2016-10-29 03:00:00,10.6,4,8.9,4,9.8,5,5.6,2,8.0,3,8.3,1,8.6,2,6.4,2,8.2,3,8.7,4,9.8,3,6.4,3,6.8,3,7.0,2,8.0,2,6.9,2,6.5,2,3.9,3,6.8,4,7.1,3,10.0,1,5.1,1,8.0,4,6.1,1.0,8.1,1,9.1,1,7.8,1,9.7,1,9.2,1,9.1,1,10.5,1,11.4,1,10.1,1,14.3,1,12.9,1
2016-10-29 04:00:00,10.5,4,8.9,4,9.7,5,5.7,3,8.1,3,7.8,1,8.2,2,5.9,2,8.3,4,8.7,4,9.7,3,6.1,3,6.3,3,6.6,2,7.3,3,6.7,2,6.0,2,3.5,4,6.1,4,6.6,3,9.9,1,4.5,2,7.7,3,5.8,1.0,7.3,1,8.4,1,7.3,1,8.9,1,8.4,1,8.3,1,9.6,1,10.8,1,9.5,1,14.0,1,12.2,1
2016-10-29 05:00:00,10.4,4,9.1,4,9.8,5,6.1,3,8.3,2,7.5,1,8.1,2,5.6,3,8.4,4,8.6,4,9.6,4,6.0,3,5.9,3,6.2,2,6.8,4,6.7,2,5.5,2,3.4,4,5.5,4,6.2,2,9.9,1,4.2,2,7.4,3,5.6,1.0,6.8,1,8.0,1,7.0,1,8.4,1,7.8,1,7.9,1,9.0,1,10.3,1,9.2,1,13.9,2,11.8,1
2016-10-29 06:00:00,10.5,5,9.3,5,9.9,5,6.8,4,8.8,2,7.8,1,8.5,2,5.9,3,8.5,4,8.6,4,9.6,3,6.2,3,6.1,3,6.3,2,6.9,5,6.9,2,5.4,2,4.0,4,5.5,4,6.2,2,10.0,1,4.5,3,7.3,2,5.9,1.0,7.1,1,8.3,1,7.2,1,8.7,1,8.1,1,8.3,1,9.1,1,10.5,1,9.7,1,14.3,2,12.0,1
2016-10-29 07:00:00,10.6,5,9.6,5,10.2,6,7.6,4,9.6,2,9.1,1,9.6,2,6.9,3,8.6,3,8.8,3,9.7,3,7.0,3,7.1,3,7.1,2,7.9,5,7.5,2,6.1,2,5.5,4,6.3,5,7.0,3,10.4,1,5.6,3,7.5,2,7.0,1.0,8.5,1,9.5,1,8.2,1,10.4,1,9.5,1,9.9,1,10.4,1,11.8,1,11.2,1,15.4,2,13.2,1
2016-10-29 08:00:00,10.8,5,10.0,5,10.7,6,8.6,4,10.5,2,10.9,1,11.0,2,8.5,2,8.9,3,9.2,2,10.0,2,8.2,3,8.5,3,8.5,2,9.4,5,8.5,2,7.3,2,7.5,3,7.7,5,8.3,3,11.2,1,7.4,2,8.1,3,8.9,1.0,10.7,1,11.4,1,10.0,1,13.0,1,11.6,1,12.3,1,12.5,1,13.8,1,13.5,1,16.9,2,15.0,1
2016-10-29 09:00:00,11.2,6,10.5,6,11.3,6,9.7,3,11.4,2,12.9,1,12.5,2,10.3,1,9.5,2,10.0,2,10.6,2,9.6,3,10.0,3,10.0,2,11.2,4,9.7,1,8.9,1,9.6,2,9.3,5,9.7,3,12.4,1,9.6,2,9.0,3,11.4,1.0,13.2,1,13.4,1,12.2,1,15.8,1,14.2,1,14.7,1,14.8,1,15.9,1,16.0,1,18.4,2,16.8,1
2016-10-29 10:00:00,11.7,7,11.2,6,12.1,6,11.0,3,12.2,2,14.6,1,13.7,1,12.0,1,10.6,2,11.0,1,11.6,2,11.0,3,11.1,3,11.5,2,12.8,3,11.2,1,10.5,1,11.4,2,10.7,5,10.8,3,14.0,1,12.0,1,10.0,3,14.2,1.0,15.5,1,15.3,1,14.6,1,18.3,1,16.8,1,16.6,1,16.8,1,17.5,1,18.4,1,19.4,1,18.3,1
2016-10-29 11:00:00,12.2,7,12.0,6,12.8,5,12.3,2,13.0,2,16.0,1,14.7,1,13.4,1,11.8,1,12.2,1,12.7,1,12.2,2,12.0,3,12.7,2,14.1,2,12.6,1,12.0,1,12.8,1,11.8,4,11.8,3,15.7,1,14.3,1,11.2,3,16.8,1.0,17.5,1,17.0,1,17.0,1,20.4,1,19.1,1,17.9,1,18.4,1,18.8,1,20.4,1,20.1,1,19.3,1
2016-10-29 12:00:00,12.6,6,12.7,6,13.5,5,13.3,2,13.5,2,16.9,1,15.4,1,14.5,1,12.9,1,13.1,1,13.6,1,13.4,2,12.7,2,13.6,2,15.1,1,13.8,1,13.4,1,14.1,1,12.6,3,12.7,3,17.3,1,16.3,1,12.3,2,18.6,1.0,19.1,1,18.5,1,19.1,1,22.1,1,20.9,1,18.8,1,19.7,1,19.8,1,21.9,1,20.4,1,20.0,1
2016-10-29 13:00:00,12.7,5,13.1,6,13.9,5,13.8,2,13.8,2,17.4,1,16.0,1,15.1,1,13.5,1,13.7,1,13.9,1,14.4,2,13.3,2,14.1,2,15.7,1,14.5,1,14.5,1,15.2,1,13.2,2,13.6,2,18.4,1,17.9,1,13.3,2,19.1,1.0,20.2,1,19.8,1,20.6,1,23.3,1,22.0,1,19.3,1,20.6,1,20.6,1,22.8,1,20.5,1,20.4,1
2016-10-29 14:00:00,12.6,3,13.2,5,14.0,4,13.9,2,13.9,2,17.4,1,16.1,1,15.2,1,13.6,1,13.8,1,13.8,1,14.9,2,13.6,2,14.2,2,15.9,1,14.8,1,15.2,1,15.8,1,13.4,2,14.2,2,18.9,1,18.7,1,14.0,2,18.3,1.0,20.7,1,20.5,1,21.1,1,23.7,1,22.3,1,19.4,1,20.8,1,21.1,1,23.1,1,20.4,1,20.4,1
2016-10-29 15:00:00,12.0,6,12.5,6,13.3,4,13.7,2,15.0,2,15.7,1,15.0,1,14.8,1,14.2,2,14.5,2,14.5,2,15.1,1,13.6,1,14.1,2,15.2,1,15.3,1,15.9,1,15.8,1,13.7,1,13.8,2,18.0,1,17.8,1,13.7,1,17.4,1.0,20.0,1,20.3,1,20.9,1,22.7,1,21.4,1,19.0,1,20.1,1,20.7,1,22.8,1,20.2,1,19.6,1
2016-10-29 16:00:00,11.8,6,12.2,6,12.9,4,13.0,1,14.3,2,14.5,1,14.0,1,13.9,1,13.4,1,13.8,1,14.1,1,13.6,1,12.8,1,13.3,2,14.2,1,14.6,1,15.1,1,14.3,1,12.8,2,12.8,2,16.9,1,16.6,1,13.1,1,15.2,1.0,19.0,1,18.6,1,19.0,1,20.5,1,20.1,1,17.7,1,18.5,1,19.6,1,21.0,1,19.5,1,18.6,1
2016-10-29 17:00:00,11.6,5,11.6,5,12.3,5,12.1,1,13.2,2,13.0,2,12.6,1,12.8,2,12.4,2,12.8,1,13.5,1,11.6,1,11.7,1,12.3,2,12.9,1,13.5,1,13.8,1,12.0,2,11.7,2,11.4,3,15.5,1,14.9,1,12.2,2,12.7,1.0,17.5,1,16.4,1,16.5,1,17.6,1,18.5,1,16.1,1,16.4,1,18.0,1,18.7,1,18.7,1,17.3,1
2016-10-29 18:00:00,11.5,4,11.1,5,11.7,6,11.2,2,12.0,2,11.6,2,11.3,2,11.7,2,11.4,2,11.8,2,12.9,2,9.8,1,10.7,1,11.2,2,11.7,2,12.3,1,12.5,2,9.8,2,10.6,2,10.0,4,14.1,1,12.9,1,11.3,2,10.6,1.0,15.8,2,14.3,1,14.0,1,14.9,1,16.9,1,14.5,1,14.4,1,16.3,1,16.5,1,17.8,1,16.2,2
2016-10-29 19:00:00,11.4,5,10.8,4,11.2,6,10.5,2,11.0,2,10.7,2,10.5,3,10.9,2,10.7,2,11.1,1,12.3,1,8.8,1,9.9,1,10.3,2,11.0,2,11.3,1,11.4,1,8.2,2,10.0,1,9.1,4,13.2,1,11.1,1,10.7,1,9.4,1.0,14.3,2,13.1,1,12.1,1,13.2,1,15.7,1,13.3,1,13.0,1,14.9,1,14.8,1,16.9,1,15.3,2
2016-10-29 20:00:00,11.4,5,10.5,4,10.7,6,10.0,2,10.2,2,10.3,2,10.1,4,10.4,2,10.2,1,10.6,1,11.7,1,8.5,1,9.3,1,9.6,2,10.5,2,10.5,2,10.5,1,7.3,1,9.6,1,8.6,3,12.7,1,9.7,1,10.3,1,8.9,1.0,13.0,2,12.5,1,10.9,1,12.4,1,14.7,1,12.5,1,12.0,1,13.8,1,13.6,1,16.1,1,14.5,2
2016-10-29 21:00:00,11.1,5,10.2,4,10.3,5,9.3,3,9.4,2,9.7,3,9.5,4,9.6,2,9.7,2,10.0,2,11.2,1,7.9,2,8.6,2,8.8,3,9.8,2,9.7,2,9.6,2,6.4,1,9.0,2,8.0,3,11.9,1,8.5,1,9.8,2,8.1,1.0,11.8,1,12.0,1,9.7,1,11.3,1,13.6,1,11.6,1,11.3,1,12.9,1,12.5,1,15.5,1,13.7,2
2016-10-29 22:00:00,10.8,5,9.8,4,9.8,4,8.7,3,8.7,2,9.2,3,9.1,4,8.9,2,9.1,2,9.4,2,10.7,1,7.4,2,8.0,3,8.2,3,9.2,2,9.0,3,8.6,2,5.7,1,8.3,2,7.5,2,11.2,1,7.5,1,9.4,2,7.5,1.0,10.8,1,11.5,1,8.7,1,10.5,1,12.5,1,10.9,1,10.8,1,12.3,1,11.6,1,15.0,1,13.0,2
2016-10-29 23:00:00,10.5,5,9.4,4,9.3,4,8.1,4,8.1,3,8.8,4,8.6,4,8.1,2,8.6,3,8.8,3,10.3,1,6.9,3,7.5,3,7.6,4,8.5,2,8.2,3,7.7,3,5.1,1,7.7,2,7.0,2,10.5,1,6.7,1,9.0,2,7.0,1.0,9.9,2,11.0,2,8.1,1,9.8,1,11.5,1,10.2,1,10.5,1,11.8,2,10.8,1,14.6,1,12.4,2
2016-10-30 00:00:00,10.2,5,9.1,5,8.9,4,7.6,4,7.5,3,8.5,4,8.2,4,7.4,2,8.1,3,8.3,3,9.8,2,6.5,3,7.0,4,7.0,4,7.9,2,7.6,4,6.9,3,4.6,2,7.0,3,6.5,3,9.7,1,6.0,1,8.7,2,6.6,1.0,9.0,2,10.4,2,7.6,1,9.1,1,10.6,1,9.8,2,10.3,1,11.5,2,10.3,1,14.1,1,11.8,3
2016-10-30 01:00:00,9.9,5,8.8,5,8.4,4,7.1,5,7.1,4,8.3,5,7.8,4,6.8,3,7.6,4,7.8,4,9.3,3,6.0,4,6.6,4,6.5,5,7.3,3,6.9,4,6.0,4,4.1,3,6.4,3,6.0,3,9.0,1,5.4,1,8.4,3,6.3,1.0,8.3,3,9.7,2,7.3,1,8.4,1,9.7,2,9.4,2,10.1,1,11.1,2,9.8,1,13.7,1,11.4,3
2016-10-30 02:00:00,9.7,6,8.5,5,8.1,5,6.7,6,6.8,5,8.1,5,7.5,5,6.2,4,7.1,4,7.4,4,8.9,3,5.6,5,6.2,5,6.1,5,6.7,5,6.4,5,5.3,4,3.7,4,5.8,4,5.6,5,8.3,1,4.8,1,8.1,3,6.1,1.0,7.6,4,9.0,2,7.2,1,7.8,1,9.0,3,9.2,3,9.8,1,10.8,2,9.4,1,13.3,1,11.0,3
2016-10-30 03:00:00,11.4,5,10.4,6,9.7,4,8.3,7,8.3,3,7.8,2,7.9,4,6.7,3,9.6,5,9.6,5,10.6,4,7.2,3,8.2,2,8.1,4,7.7,5,7.9,5,7.1,2,5.3,3,8.4,4,8.0,4,10.4,1,6.5,1,8.8,3,5.6,1.0,8.4,1,9.0,1,7.3,1,10.2,1,9.0,1,9.2,1,10.4,1,10.9,1,9.4,1,14.5,1,12.9,1
2016-10-30 04:00:00,11.2,5,10.1,6,9.4,4,8.3,7,7.9,4,7.5,2,7.9,4,6.5,4,9.2,5,9.4,5,10.2,4,6.6,4,7.9,3,7.8,4,7.3,5,7.8,5,6.6,3,5.1,3,7.7,4,7.8,4,10.1,1,5.9,1,8.5,3,5.2,1.0,7.7,1,8.1,1,6.9,1,9.4,1,8.4,1,8.4,1,9.5,1,10.3,1,8.6,1,14.0,1,12.3,1
2016-10-30 05:00:00,11.0,6,9.9,6,9.1,5,8.5,7,7.8,4,7.4,2,8.2,5,6.6,5,8.9,4,9.2,4,10.0,4,6.3,4,7.7,3,7.7,4,7.0,6,7.8,5,6.2,3,5.1,4,7.0,4,7.6,4,10.0,1,5.5,1,8.2,3,5.0,1.0,7.2,1,7.6,1,6.8,1,8.8,1,8.1,1,8.0,1,8.8,1,10.0,1,7.9,1,13.7,1,11.9,1
2016-10-30 06:00:00,11.0,6,10.0,6,9.2,6,9.0,6,8.1,4,7.6,2,8.7,5,7.0,6,8.9,4,9.2,3,10.0,4,6.5,4,7.9,4,7.9,4,7.2,6,8.1,4,6.4,3,5.7,4,6.9,4,7.6,4,10.0,1,5.8,1,8.1,2,5.4,1.0,7.4,1,7.8,1,7.2,1,9.0,1,8.4,1,8.5,1,9.0,1,10.3,1,8.1,1,14.0,1,12.1,1
2016-10-30 07:00:00,11.2,6,10.4,6,9.7,7,9.8,5,9.1,4,8.5,1,9.5,5,7.9,5,9.4,3,9.6,3,10.4,3,7.5,4,8.6,4,8.6,5,8.1,6,8.8,3,7.4,3,7.1,4,7.7,5,8.1,4,10.4,1,7.0,1,8.4,3,6.5,1.0,8.6,1,9.2,1,8.5,1,10.6,1,9.7,1,10.2,1,10.5,1,11.7,1,9.6,1,15.1,1,13.3,1
2016-10-30 08:00:00,11.6,7,11.0,6,10.4,7,10.7,4,10.4,3,9.7,1,10.4,4,9.0,3,10.2,3,10.4,3,11.2,3,9.1,3,9.6,5,9.7,6,9.5,5,9.8,3,8.9,3,9.1,5,9.0,5,8.9,4,11.1,1,8.8,1,9.1,3,8.4,1.0,10.6,1,11.4,1,10.5,1,13.0,1,11.6,1,12.6,1,12.9,1,13.8,1,12.1,1,16.6,1,15.1,1
2016-10-30 09:00:00,12.1,7,11.8,6,11.3,7,11.8,3,11.8,3,11.2,2,11.4,3,10.3,2,11.2,3,11.5,3,12.2,3,10.8,2,10.8,4,10.8,6,11.0,5,11.0,2,10.6,2,11.1,5,10.6,5,9.8,4,12.3,1,10.9,1,10.0,3,10.9,1.0,12.9,1,13.8,1,12.8,1,15.6,1,14.0,1,15.0,1,15.3,1,15.9,1,15.1,1,18.2,1,17.0,1
2016-10-30 10:00:00,12.6,7,12.6,5,12.1,6,12.8,3,12.9,3,12.6,2,12.3,3,11.5,2,12.3,3,12.7,2,13.3,2,12.3,2,11.9,4,11.8,5,12.2,4,12.3,2,12.1,2,12.8,4,11.9,4,10.6,4,13.8,1,12.9,1,11.0,3,13.8,1.0,15.1,1,15.9,1,15.2,1,17.8,1,16.5,1,16.8,1,17.3,1,17.6,1,18.0,1,19.4,1,18.6,1
2016-10-30 11:00:00,13.1,6,13.3,4,12.9,4,13.8,2,13.7,3,13.8,2,13.2,3,12.6,2,13.3,2,13.9,2,14.4,2,13.6,2,12.8,3,12.7,3,13.1,3,13.6,1,13.5,2,14.2,3,13.0,3,11.4,4,15.4,1,14.8,1,12.0,3,16.5,1.0,17.1,1,17.7,1,17.4,1,19.6,1,18.7,1,17.9,1,18.8,1,18.9,1,20.5,1,20.1,1,19.8,1
2016-10-30 12:00:00,13.4,6,13.8,4,13.5,4,14.5,2,14.4,3,14.8,2,13.9,3,13.5,2,14.1,1,14.8,1,15.1,1,14.7,2,13.5,3,13.5,2,13.9,2,14.6,1,14.6,1,15.4,3,13.8,2,12.2,4,16.9,1,16.4,1,13.0,3,18.4,1.0,18.7,1,19.2,1,19.2,1,21.1,1,20.5,1,18.6,1,19.9,1,19.9,1,22.4,1,20.5,1,20.6,1
2016-10-30 13:00:00,13.5,6,14.1,4,14.0,3,14.9,1,14.9,3,15.4,2,14.4,3,14.0,2,14.6,1,15.3,1,15.3,1,15.7,2,14.0,4,14.1,2,14.5,1,15.3,1,15.5,1,16.3,2,14.3,2,13.0,5,18.0,1,17.8,1,13.9,3,19.0,1.0,19.8,1,20.3,1,20.5,1,22.2,1,21.6,1,19.0,1,20.7,1,20.7,1,23.4,1,20.6,1,21.1,1
2016-10-30 14:00:00,13.4,6,14.2,4,14.2,4,15.0,1,15.1,3,15.6,2,14.6,2,14.2,2,14.7,1,15.3,1,15.1,1,16.2,2,14.2,4,14.3,3,14.8,1,15.6,1,16.1,1,16.7,2,14.5,1,13.5,5,18.4,1,18.6,1,14.5,3,18.4,1.0,20.2,1,20.9,1,20.9,1,22.6,1,22.0,1,19.0,1,21.0,1,21.1,1,23.4,1,20.4,1,21.0,1
2016-10-30 15:00:00,14.0,5,14.7,3,14.6,3,14.8,1,16.0,2,15.0,3,14.9,2,15.1,1,15.5,1,15.8,1,15.8,1,16.2,2,14.9,2,15.0,3,15.4,1,16.1,1,16.6,1,16.6,1,14.9,2,14.3,2,18.3,1,18.1,1,14.3,2,17.4,1.0,20.0,1,20.9,1,20.7,1,21.8,1,21.9,1,19.5,1,20.4,1,21.1,1,23.1,1,20.3,1,20.2,1
2016-10-30 16:00:00,13.7,5,14.0,3,14.0,3,14.2,1,15.2,2,14.2,3,14.3,2,14.4,2,14.8,2,15.0,2,15.2,2,14.8,2,14.0,2,14.2,3,14.4,1,15.4,1,15.9,1,15.1,1,14.2,2,13.4,2,17.4,1,17.0,1,13.8,2,15.2,1.0,18.9,1,19.1,1,18.9,1,19.8,1,20.6,1,18.2,1,18.8,1,19.9,1,21.2,1,19.7,1,18.9,1
2016-10-30 17:00:00,13.4,5,13.2,3,13.1,4,13.3,2,14.1,2,13.1,4,13.4,2,13.3,2,13.7,2,14.0,2,14.6,2,13.0,2,12.8,2,13.1,2,13.1,1,14.3,1,14.7,1,13.1,1,13.1,2,12.1,2,16.0,1,15.4,1,13.1,3,12.8,1.0,17.3,1,16.7,1,16.5,1,17.3,1,18.9,1,16.4,1,16.7,1,18.2,1,18.8,1,18.9,1,17.5,1
2016-10-30 18:00:00,13.0,5,12.4,3,12.3,5,12.5,2,12.9,2,12.0,4,12.5,2,12.3,2,12.7,2,13.0,2,14.0,3,11.5,2,11.7,2,12.0,2,11.9,2,13.2,1,13.5,1,11.0,1,12.0,2,10.7,2,14.7,1,13.5,1,12.3,3,10.7,1.0,15.6,1,14.4,1,14.1,1,14.9,1,17.2,1,14.8,1,14.7,1,16.5,1,16.5,1,18.0,1,16.2,1
2016-10-30 19:00:00,12.7,5,12.0,3,11.7,5,11.8,2,11.9,2,11.1,4,11.8,2,11.6,2,12.0,2,12.2,2,13.5,2,10.7,2,10.9,2,11.2,2,11.1,2,12.2,2,12.5,1,9.5,1,11.2,2,9.6,2,13.7,1,11.8,1,11.6,3,9.4,1.0,14.2,1,13.0,1,12.2,1,13.3,1,15.9,1,13.7,1,13.4,1,15.1,1,14.7,1,17.0,1,15.4,1
2016-10-30 20:00:00,12.5,6,11.8,3,11.4,6,11.3,2,11.2,2,10.5,3,11.3,2,11.1,2,11.5,2,11.6,2,13.1,2,10.3,2,10.3,2,10.5,2,10.7,2,11.5,2,11.8,1,8.6,1,10.7,2,8.9,2,13.1,1,10.4,1,11.0,3,8.8,1.0,13.2,1,12.2,1,10.8,1,12.4,1,14.9,1,13.0,1,12.7,1,14.0,1,13.5,1,16.2,1,15.0,1
2016-10-30 21:00:00,12.0,5,11.4,4,10.7,6,10.7,2,10.4,3,9.9,2,10.8,3,10.5,2,10.8,1,10.9,2,12.4,2,9.6,2,9.6,2,9.8,2,10.1,2,10.6,2,10.8,2,7.7,2,10.0,2,8.2,2,12.3,2,9.2,2,10.3,3,8.0,1.0,12.1,1,11.5,1,9.6,1,11.4,1,13.8,1,12.3,1,12.1,1,13.0,1,12.2,1,15.5,1,14.5,1
2016-10-30 22:00:00,11.6,5,10.9,4,10.0,6,10.1,3,9.7,3,9.4,2,10.4,3,9.9,2,10.2,1,10.2,3,11.8,3,8.9,2,9.0,2,9.0,3,9.6,2,9.9,2,9.9,2,6.9,2,9.3,2,7.6,2,11.5,2,8.3,2,9.8,3,7.3,1.0,11.1,1,11.0,1,8.7,1,10.5,1,12.8,1,11.7,1,11.7,1,12.2,1,11.2,1,14.9,1,13.9,1
2016-10-30 23:00:00,11.2,5,10.4,4,9.4,6,9.5,3,9.0,3,9.0,2,9.9,4,9.3,2,9.6,1,9.6,3,11.2,3,8.3,3,8.4,3,8.3,4,9.1,1,9.2,2,9.0,3,6.3,3,8.6,2,7.1,2,10.7,3,7.5,2,9.2,4,6.8,1.0,10.2,2,10.6,2,8.0,1,9.8,1,11.8,1,11.2,1,11.4,1,11.6,2,10.3,1,14.4,1,13.4,1
2016-10-31 00:00:00,10.7,5,9.8,5,8.7,6,8.9,4,8.3,3,8.6,3,9.5,4,8.6,3,9.0,2,9.0,4,10.6,4,7.7,3,7.8,3,7.7,4,8.6,2,8.5,2,8.2,3,5.8,4,7.9,2,6.6,2,10.0,3,6.8,3,8.8,4,6.3,1.0,9.5,2,10.2,2,7.6,1,9.1,1,11.0,1,10.8,1,11.0,1,11.1,2,9.6,1,13.9,1,12.9,1
2016-10-31 01:00:00,10.3,5,9.2,5,8.1,6,8.3,4,7.7,4,8.4,4,9.1,5,8.0,4,8.3,2,8.4,4,10.0,4,7.0,3,7.2,4,7.0,5,8.1,4,8.0,3,7.3,4,5.4,4,7.2,2,6.2,3,9.3,4,6.2,3,8.4,4,6.0,2.0,8.8,2,9.7,3,7.2,1,8.5,1,10.2,1,10.5,1,10.6,1,10.7,2,9.1,1,13.5,1,12.3,2
2016-10-31 02:00:00,9.9,5,8.6,5,7.5,6,7.7,5,7.1,4,8.1,5,8.7,5,7.4,5,7.7,3,7.9,5,9.5,5,6.5,3,6.6,4,6.5,5,7.8,6,7.5,5,6.6,5,5.0,5,6.5,2,5.8,5,8.7,4,5.7,4,8.1,4,5.6,2.0,8.2,2,9.1,3,7.0,1,7.9,1,9.5,1,10.1,1,10.2,1,10.4,2,8.7,1,13.1,1,11.8,2
2016-10-31 03:00:00,10.1,2,8.5,2,7.6,3,7.9,2,6.3,1,8.3,2,8.8,2,7.4,2,8.2,2,8.4,2,9.8,2,6.6,1,6.7,1,6.0,2,8.0,2,7.8,2,7.6,1,6.3,2,7.9,1,6.5,2,10.3,1,6.8,1,9.1,3,5.5,1.0,8.2,1,8.7,1,7.1,1,9.4,1,9.6,1,9.1,1,9.6,1,10.9,1,9.0,1,14.1,1,12.2,1
2016-10-31 04:00:00,10.0,2,8.2,2,7.3,3,7.6,2,5.8,1,8.0,2,8.4,2,6.7,2,7.8,2,7.9,2,9.3,2,5.9,2,6.2,2,5.8,2,7.5,2,7.4,2,6.8,1,5.6,2,7.1,2,6.0,2,10.1,1,6.2,2,8.7,3,5.0,1.0,7.4,1,8.0,1,6.6,1,8.7,1,8.9,1,8.2,1,8.8,1,10.2,1,8.1,1,13.5,1,11.6,1
2016-10-31 05:00:00,10.0,2,8.0,2,7.0,2,7.5,2,5.6,2,7.9,2,8.4,3,6.4,3,7.5,2,7.5,2,9.0,2,5.5,2,5.7,2,5.7,2,7.1,2,7.2,2,6.3,2,5.1,2,6.5,2,5.6,2,10.0,1,5.9,2,8.2,3,4.7,1.0,6.8,1,7.6,1,6.3,1,8.2,1,8.6,1,7.6,1,8.3,2,9.7,1,7.3,1,13.1,2,11.1,1
2016-10-31 06:00:00,10.2,2,8.1,2,7.2,2,7.9,2,6.1,2,8.1,2,8.8,3,6.6,3,7.7,2,7.6,2,9.1,2,5.9,2,5.7,2,6.1,2,7.3,2,7.6,2,6.4,2,5.5,2,6.5,2,5.7,2,10.1,1,6.2,2,7.9,2,5.1,1.0,7.0,2,7.8,1,6.6,1,8.5,1,8.8,1,7.9,1,8.6,2,9.9,1,7.4,2,13.4,2,11.3,1
2016-10-31 07:00:00,10.7,2,8.6,2,7.9,2,9.0,2,7.4,2,8.9,2,9.9,3,7.8,3,8.6,2,8.4,2,9.8,2,7.3,2,6.7,2,7.1,2,8.4,3,8.8,2,7.6,2,7.1,2,7.5,2,6.6,3,10.6,1,7.3,2,8.1,2,6.5,1.0,8.3,2,9.0,1,7.7,1,10.1,1,9.9,1,9.6,1,10.2,2,11.2,2,8.9,2,14.6,2,12.4,2
2016-10-31 08:00:00,11.3,2,9.5,2,8.9,2,10.5,2,9.3,2,10.2,2,11.3,2,9.6,2,10.0,2,9.8,2,11.0,2,9.3,2,8.3,2,8.6,2,10.2,3,10.5,1,9.5,2,9.5,2,9.3,3,8.1,4,11.5,1,9.0,1,8.8,2,8.7,1.0,10.4,1,10.9,1,9.5,1,12.5,1,11.7,1,12.1,2,12.5,2,13.3,2,11.4,2,16.2,2,14.2,2
2016-10-31 09:00:00,12.2,2,10.6,2,10.2,2,12.3,2,11.3,1,11.7,2,12.8,2,11.6,1,11.6,2,11.6,2,12.6,2,11.4,1,10.1,2,10.3,3,12.0,4,12.4,1,11.6,1,12.0,2,11.1,3,9.7,4,12.8,1,11.1,1,9.8,2,11.3,1.0,12.8,1,13.0,1,11.6,1,15.0,1,13.9,1,14.6,2,14.8,2,15.4,2,14.3,2,17.8,2,16.0,2
2016-10-31 10:00:00,13.1,2,11.9,2,11.5,2,14.1,1,13.0,1,13.2,2,14.1,2,13.5,1,13.3,1,13.4,1,14.3,1,13.2,1,11.7,2,12.0,2,13.6,3,14.2,1,13.5,1,14.0,2,12.6,3,11.1,3,14.4,1,13.3,1,11.0,3,14.0,1.0,15.0,1,15.0,1,13.9,1,17.2,1,16.1,1,16.3,2,16.6,2,17.2,2,17.0,2,18.9,2,17.5,2
2016-10-31 11:00:00,14.0,2,13.1,2,12.8,2,15.6,1,14.2,1,14.4,2,15.1,1,15.1,1,14.8,1,15.1,1,15.9,1,14.7,1,12.9,2,13.5,2,14.9,3,15.7,1,15.1,1,15.6,2,13.8,2,12.2,2,16.1,1,15.3,1,12.2,3,16.3,1.0,16.9,1,16.8,1,16.0,1,18.9,1,18.1,1,17.4,2,18.0,2,18.5,2,19.3,2,19.5,2,18.5,2
2016-10-31 12:00:00,14.6,2,14.2,2,13.8,2,16.8,1,15.1,1,15.4,2,15.8,1,16.3,1,15.9,1,16.3,1,16.9,1,15.9,1,13.9,1,14.7,2,16.0,2,16.9,1,16.4,1,16.8,1,14.7,2,13.2,2,17.5,1,17.1,1,13.4,3,17.8,1.0,18.5,1,18.3,1,17.8,1,20.3,1,19.7,1,18.1,2,19.0,2,19.5,1,21.0,2,19.8,2,19.3,2
2016-10-31 13:00:00,14.8,2,14.9,2,14.4,2,17.4,2,15.6,1,15.9,2,16.3,1,16.9,1,16.5,1,16.9,1,17.1,1,16.8,1,14.6,1,15.4,2,16.9,2,17.6,1,17.4,1,17.7,1,15.3,2,14.0,1,18.5,1,18.3,1,14.3,3,18.2,1.0,19.7,1,19.5,1,19.0,1,21.3,1,20.6,1,18.6,2,19.8,1,20.1,2,21.9,2,19.9,2,19.8,2
2016-10-31 14:00:00,14.6,2,15.2,2,14.6,2,17.4,2,15.7,1,15.9,2,16.3,1,16.9,1,16.6,1,16.9,2,16.7,1,17.2,1,14.7,1,15.5,2,17.3,2,17.8,1,17.9,1,18.1,1,15.5,2,14.4,1,18.8,1,18.9,1,14.8,2,17.5,1.0,20.3,1,20.0,1,19.4,1,21.6,1,20.8,1,18.8,2,20.0,1,20.3,2,21.9,2,19.9,2,19.9,2
2016-10-31 15:00:00,14.1,2,14.6,2,14.3,2,16.0,2,15.2,1,15.2,5,16.1,2,15.9,1,15.6,1,15.8,1,15.7,1,15.5,1,13.1,1,13.4,2,16.3,1,16.7,1,17.0,1,16.7,1,14.1,2,12.8,2,18.3,1,17.5,1,14.3,1,15.8,1.0,20.1,1,19.8,1,18.8,1,21.2,1,20.5,1,18.4,2,19.2,1,19.7,1,20.8,1,19.5,1,19.0,2
2016-10-31 16:00:00,13.6,3,13.8,3,13.4,2,15.1,2,14.2,2,14.0,5,15.1,2,15.0,2,14.6,2,14.8,2,14.9,2,13.9,1,12.2,1,12.3,2,15.1,2,15.7,1,15.9,1,14.9,1,13.3,2,11.9,2,17.2,1,16.2,1,13.7,1,13.8,1.0,18.9,2,18.1,1,17.1,1,19.1,1,19.1,1,17.4,2,17.7,1,18.5,1,19.2,1,18.9,1,17.9,2
2016-10-31 17:00:00,13.0,4,12.8,4,12.2,2,14.1,3,12.9,2,12.4,5,13.7,3,13.8,3,13.4,2,13.4,2,14.1,2,11.9,2,11.0,2,11.0,2,13.7,3,14.3,1,14.3,2,12.5,2,12.1,2,10.6,2,15.7,1,14.3,1,12.7,1,11.6,1.0,17.2,3,15.8,1,14.9,1,16.4,1,17.4,1,16.1,2,15.8,2,17.0,1,17.3,1,18.2,2,16.8,2
2016-10-31 18:00:00,12.5,5,12.0,4,11.1,2,13.0,3,11.5,2,11.0,5,12.5,3,12.6,4,12.2,3,12.2,2,13.3,2,10.2,2,9.8,2,9.7,2,12.4,4,12.9,2,12.8,2,10.2,2,10.9,2,9.2,2,14.3,1,12.5,2,11.7,2,9.8,1.0,15.5,3,13.7,1,12.7,1,13.9,1,15.9,1,14.8,2,14.1,2,15.7,1,15.4,1,17.4,2,15.7,2
2016-10-31 19:00:00,12.1,5,11.4,5,10.5,2,12.0,4,10.3,2,10.1,5,11.7,4,11.7,5,11.4,3,11.4,3,12.7,3,9.2,2,8.9,1,8.7,2,11.6,5,11.8,2,11.8,2,8.8,2,10.0,2,8.2,2,13.4,1,11.3,2,10.9,2,8.8,1.0,14.2,3,12.5,1,11.2,1,12.3,1,14.8,1,13.9,2,13.1,1,14.9,2,14.0,1,16.5,2,15.0,2
2016-10-31 20:00:00,11.9,5,11.0,5,10.1,2,11.2,4,9.4,2,9.7,4,11.2,4,11.0,5,10.9,3,10.8,3,12.2,3,8.8,2,8.2,1,8.1,2,11.1,5,10.9,2,11.1,2,8.0,2,9.4,2,7.4,2,12.9,1,10.6,1,10.3,2,8.4,1.0,13.2,2,12.0,1,10.3,1,11.5,1,14.0,1,13.3,2,12.7,1,14.3,2,13.1,2,15.8,2,14.5,3
2016-10-31 21:00:00,11.6,5,10.6,5,9.6,3,10.3,4,8.6,2,9.2,5,10.7,4,10.2,5,10.1,4,10.0,3,11.6,3,8.4,2,7.5,1,7.3,2,10.5,5,10.1,2,10.1,2,7.5,2,8.6,2,6.9,1,12.1,1,9.7,2,9.7,2,7.8,1.0,12.3,2,11.4,2,9.5,1,10.7,1,13.2,2,12.7,2,12.4,2,13.7,2,12.2,2,15.2,2,14.0,4
2016-10-31 22:00:00,11.3,5,10.2,5,9.1,3,9.5,5,7.9,2,8.9,5,10.4,3,9.6,5,9.4,4,9.2,3,11.1,3,8.0,2,7.0,1,6.6,2,9.9,4,9.3,2,9.2,2,7.2,2,8.0,2,6.5,1,11.4,1,8.9,2,9.1,3,7.2,1.0,11.4,2,10.9,2,9.1,1,10.0,1,12.6,2,12.3,3,12.2,2,13.1,3,11.6,2,14.8,2,13.6,4
2016-10-31 23:00:00,11.0,4,9.7,5,8.6,4,8.8,5,7.4,2,8.7,5,10.0,2,9.0,5,8.8,4,8.6,3,10.6,3,7.7,2,6.5,1,6.0,2,9.3,4,8.7,3,8.5,2,7.0,2,7.4,2,6.2,2,10.7,1,8.2,2,8.6,3,6.7,2.0,10.8,2,10.7,3,8.8,1,9.5,2,12.2,3,11.9,3,12.0,3,12.7,3,11.1,3,14.4,3,13.3,4
2016-11-01 00:00:00,10.7,4,9.3,5,8.2,4,8.3,5,6.9,3,8.7,5,9.7,2,8.5,5,8.2,3,8.0,2,10.1,3,7.3,2,6.0,1,5.5,2,8.8,4,8.2,3,7.8,2,6.8,2,7.0,2,5.9,2,10.1,1,7.5,2,8.2,4,6.2,2.0,10.3,3,10.5,3,8.7,1,9.1,2,11.9,3,11.7,3,11.9,3,12.4,3,10.7,3,14.1,3,13.1,4
2016-11-01 01:00:00,10.5,4,8.9,5,7.8,5,7.8,5,6.5,4,8.8,6,9.4,3,8.0,5,7.6,3,7.5,2,9.6,3,7.0,2,5.7,1,5.1,2,8.6,5,7.8,3,7.2,2,6.6,2,6.5,3,5.6,2,9.5,1,6.9,2,7.8,4,5.8,2.0,9.9,3,10.4,4,8.6,2,8.6,2,11.7,4,11.6,4,11.9,4,12.2,4,10.4,4,13.9,3,13.1,4
2016-11-01 02:00:00,10.3,5,8.5,5,7.4,5,7.4,5,6.2,5,8.9,6,9.0,4,7.6,5,7.1,2,7.2,2,9.2,2,6.7,2,5.3,1,4.7,2,8.5,6,7.4,4,6.7,1,6.2,2,6.2,3,5.3,2,9.0,1,6.4,2,7.6,4,5.5,2.0,9.6,3,10.4,4,8.5,4,8.3,2,11.5,4,11.5,4,11.8,4,12.1,4,10.0,4,13.7,4,13.1,4
2016-11-01 03:00:00,10.1,3,8.2,2,7.5,5,6.7,2,6.2,3,8.8,6,8.6,3,6.9,2,7.0,3,6.9,3,8.6,2,5.9,2,5.5,2,5.2,2,8.1,2,6.8,3,6.9,2,5.9,2,6.3,4,5.9,2,9.8,1,7.2,1,9.8,1,4.9,1.0,9.8,2,9.8,2,8.2,1,9.5,1,11.8,2,11.1,5,11.4,3,11.6,2,9.7,2,14.2,2,13.2,5
2016-11-01 04:00:00,9.7,3,7.6,3,6.9,5,6.3,2,5.6,3,8.6,6,8.3,3,6.3,2,6.4,3,6.2,3,8.1,3,5.2,2,5.0,3,5.1,2,7.6,2,6.3,3,6.2,2,5.4,2,5.5,4,5.7,3,9.4,1,6.5,2,9.4,1,4.4,1.0,9.3,3,9.1,2,7.4,1,8.7,1,11.5,2,11.0,5,10.9,4,11.1,2,8.9,2,13.8,2,12.9,4
2016-11-01 05:00:00,9.4,4,7.1,4,6.5,5,6.1,3,5.2,4,8.4,6,8.1,3,5.9,2,5.9,4,5.7,4,7.7,4,4.7,2,4.6,3,5.0,3,7.1,2,6.0,3,5.5,2,5.0,2,4.8,4,5.6,3,9.1,1,6.0,2,9.0,1,4.2,1.0,8.9,4,8.7,3,6.7,1,8.1,1,11.3,3,11.0,5,10.6,5,10.8,3,8.2,1,13.5,2,12.8,4
2016-11-01 06:00:00,9.3,4,7.0,4,6.5,4,6.4,3,5.5,4,8.5,6,8.3,3,6.1,3,6.0,4,5.7,4,7.6,4,4.9,2,4.7,4,5.2,3,7.2,2,6.2,3,5.4,2,5.3,2,4.7,4,5.9,4,9.1,1,6.2,2,9.0,1,4.8,1.0,8.9,4,9.0,4,6.6,1,8.3,2,11.5,3,11.4,5,10.9,6,11.2,3,8.4,2,13.7,2,13.2,4
2016-11-01 07:00:00,9.6,4,7.6,4,7.3,4,7.4,3,6.6,4,9.0,6,9.0,3,7.1,3,6.8,4,6.5,4,8.1,4,6.2,3,5.6,4,6.0,3,8.1,3,7.2,3,6.3,2,6.6,2,5.6,4,6.9,3,9.6,1,7.3,2,9.8,2,6.4,1.0,9.5,4,10.3,4,7.3,2,9.7,1,12.2,3,12.5,6,12.0,7,12.5,3,9.9,3,14.7,2,14.1,5
2016-11-01 08:00:00,10.2,4,8.7,4,8.6,5,9.0,3,8.3,4,9.9,6,10.0,3,8.7,3,8.2,3,8.0,3,9.2,4,8.2,2,7.2,4,7.2,3,9.6,4,8.8,3,8.0,2,8.5,2,7.3,5,8.3,3,10.6,1,9.1,2,11.2,2,8.8,1.0,10.7,3,12.1,4,8.8,2,12.0,1,13.3,2,13.8,6,13.7,7,14.3,4,12.2,4,16.0,3,15.3,5
2016-11-01 09:00:00,11.0,4,10.0,4,10.0,5,10.7,2,10.2,4,11.0,6,11.2,3,10.5,2,9.9,3,9.8,3,10.7,3,10.4,2,9.2,3,8.7,3,11.3,5,10.6,2,10.1,2,10.7,2,9.4,5,10.0,2,11.9,1,11.3,2,12.8,2,11.5,1.0,12.2,2,14.2,4,10.7,2,14.5,1,14.6,2,15.2,7,15.3,7,16.2,4,14.8,5,17.3,3,16.5,5
2016-11-01 10:00:00,11.8,4,11.3,4,11.3,4,12.3,2,11.9,3,12.2,6,12.3,3,12.2,2,11.6,2,11.6,2,12.4,3,12.4,2,11.3,3,10.4,3,12.8,4,12.4,2,12.2,2,12.8,2,11.5,4,11.7,2,13.4,1,13.6,2,14.3,2,14.0,1.0,14.0,2,16.0,4,12.8,2,16.7,1,16.0,2,16.2,7,16.5,6,17.7,4,17.1,4,18.1,3,17.5,4
2016-11-01 11:00:00,12.6,5,12.4,5,12.4,4,13.6,2,13.2,3,13.3,6,13.3,3,13.6,2,13.0,2,13.2,2,14.0,2,14.1,2,13.1,3,12.1,2,14.0,3,14.1,2,14.2,2,14.6,2,13.4,3,13.3,3,14.8,1,15.7,1,15.5,2,16.0,1.0,15.8,1,17.5,3,14.8,1,18.6,1,17.2,1,16.9,6,17.4,5,18.8,4,18.8,3,18.5,3,18.3,3
2016-11-01 12:00:00,13.1,5,13.2,5,13.2,3,14.6,2,14.1,3,14.3,6,14.0,3,14.6,2,14.2,2,14.5,2,15.1,2,15.4,2,14.5,3,13.6,2,15.0,2,15.4,2,15.8,2,16.1,2,14.8,2,14.6,3,16.1,1,17.4,1,16.4,2,17.4,1.0,17.4,1,18.5,3,16.5,1,20.0,1,18.3,1,17.5,6,18.0,4,19.5,4,20.0,2,18.6,2,18.9,3
2016-11-01 13:00:00,13.3,6,13.7,5,13.7,4,15.1,3,14.6,3,14.9,6,14.4,4,15.2,2,14.9,2,15.3,2,15.5,2,16.2,2,15.1,3,14.7,2,15.8,2,16.3,2,16.9,2,17.2,2,15.6,2,15.6,3,17.0,1,18.4,1,17.0,2,17.9,1.0,18.6,1,19.1,2,17.7,1,20.9,1,19.0,1,18.0,6,18.4,5,19.9,4,20.5,2,18.7,2,19.4,3
2016-11-01 14:00:00,13.1,6,13.9,6,13.8,5,15.2,4,14.6,4,15.1,6,14.5,4,15.4,2,15.1,3,15.5,3,15.3,3,16.4,2,15.0,3,15.2,2,16.3,2,16.7,2,17.3,2,17.7,1,15.8,2,16.0,2,17.3,1,18.7,1,17.1,2,17.4,1.0,19.1,1,19.2,2,18.1,1,21.1,1,19.4,1,18.3,6,18.5,6,19.9,4,20.4,2,18.6,2,19.6,3
2016-11-01 15:00:00,13.1,6,13.7,5,13.5,5,14.5,5,14.4,4,14.7,5,14.4,3,15.1,2,14.3,4,14.8,4,14.6,4,15.3,3,14.1,3,14.1,2,15.6,2,15.8,2,16.3,2,16.6,2,14.9,2,15.1,2,16.4,2,18.0,1,16.3,2,16.1,1.0,18.7,1,18.6,3,17.3,1,20.1,1,18.9,1,17.9,4,17.6,4,18.8,3,19.4,2,18.2,3,18.9,3
2016-11-01 16:00:00,12.8,6,13.0,6,12.7,6,13.5,4,13.4,4,13.5,5,13.4,3,14.1,2,13.4,4,13.8,4,13.9,4,13.7,4,12.9,3,13.1,3,14.5,2,14.8,2,15.3,2,15.0,2,13.8,2,13.6,2,15.5,2,16.6,2,15.5,2,14.1,1.0,17.5,2,17.4,3,16.0,1,18.1,1,18.1,2,17.3,4,16.7,3,17.7,3,18.1,2,17.9,3,18.0,3
2016-11-01 17:00:00,12.4,5,12.2,6,11.8,6,12.4,4,12.1,4,12.1,5,12.2,4,12.8,3,12.3,4,12.5,4,13.1,4,11.7,4,11.4,3,11.7,3,13.0,3,13.6,2,13.9,3,12.9,2,12.5,2,11.6,3,14.3,2,14.9,2,14.6,2,11.9,1.0,15.9,2,16.0,2,14.2,1,15.6,1,16.9,2,16.3,5,15.4,3,16.5,3,16.5,2,17.5,3,16.8,3
2016-11-01 18:00:00,12.0,5,11.5,6,11.0,6,11.5,4,11.0,4,11.0,5,11.2,4,11.7,4,11.3,4,11.4,4,12.5,4,10.0,4,10.1,4,10.5,3,11.7,4,12.3,3,12.6,3,10.8,2,11.3,2,9.9,3,13.1,2,13.1,2,13.6,2,10.0,1.0,14.3,2,14.6,2,12.4,2,13.4,1,15.7,2,15.3,5,14.2,3,15.4,3,15.0,2,17.0,3,15.8,3
2016-11-01 19:00:00,11.6,5,11.3,6,10.5,6,11.2,5,10.2,4,10.6,5,10.9,5,11.2,5,10.7,4,10.7,4,12.1,4,9.2,5,9.4,4,9.7,3,11.0,5,11.3,4,11.6,4,9.2,3,10.5,3,9.0,3,12.3,2,11.7,2,12.8,2,8.8,1.0,13.0,2,13.7,2,11.1,2,12.1,1,14.6,2,14.6,5,13.4,3,14.8,3,14.0,2,16.3,3,15.2,3
2016-11-01 20:00:00,11.2,5,11.3,6,10.2,6,11.2,5,9.8,5,10.6,5,11.0,5,11.0,6,10.4,4,10.3,4,11.8,5,9.0,5,9.1,4,9.2,4,10.7,5,10.7,4,11.0,4,8.2,4,10.0,3,8.6,3,11.7,2,10.7,2,12.2,3,8.1,2.0,12.1,2,13.2,2,10.2,3,11.4,1,13.5,2,14.0,4,12.8,3,14.4,4,13.3,2,15.6,3,14.8,4
2016-11-01 21:00:00,10.8,5,11.2,6,9.9,6,11.3,6,9.5,5,10.6,5,11.1,6,10.9,6,10.2,5,10.1,5,11.5,5,8.9,5,8.9,4,8.8,4,10.5,6,10.2,4,10.4,4,7.6,4,9.5,3,8.4,4,11.2,2,9.9,2,11.6,3,7.3,2.0,11.2,2,12.6,3,9.5,3,10.8,2,12.7,2,13.4,4,12.3,3,13.9,4,12.6,3,15.0,3,14.3,4
2016-11-01 22:00:00,10.4,5,10.8,6,9.5,6,11.3,6,9.3,5,10.5,5,11.0,6,10.6,6,9.9,5,9.8,5,11.2,5,8.6,5,8.7,4,8.4,4,10.2,6,9.9,5,9.8,4,7.4,4,8.9,4,8.3,4,10.7,2,9.2,3,11.2,3,6.6,2.0,10.6,3,12.0,3,8.9,3,10.4,2,12.0,2,12.9,5,11.9,3,13.4,4,12.0,3,14.5,3,13.8,4
2016-11-01 23:00:00,10.1,5,10.3,6,9.1,6,11.1,6,9.1,5,10.4,5,10.8,6,10.1,6,9.6,5,9.5,5,10.9,5,8.3,5,8.5,4,8.2,5,9.8,6,9.6,5,9.3,5,7.4,4,8.3,4,8.3,4,10.2,3,8.8,3,10.8,4,6.1,3.0,10.2,3,11.6,3,8.6,4,10.1,3,11.5,2,12.4,5,11.6,4,13.0,4,11.5,3,14.3,3,13.3,4
2016-11-02 00:00:00,9.9,5,9.9,6,8.8,6,10.7,6,8.8,5,10.2,5,10.5,6,9.8,6,9.3,5,9.2,5,10.6,5,8.0,5,8.2,4,8.0,5,9.6,6,9.4,5,8.8,5,7.5,4,7.9,4,8.3,5,9.7,3,8.4,3,10.4,4,5.9,3.0,10.0,4,11.3,4,8.5,4,9.9,3,11.2,3,12.1,5,11.4,4,12.6,5,11.0,4,14.1,3,12.9,4
2016-11-02 01:00:00,9.9,5,9.6,6,8.7,6,10.1,6,8.4,5,9.9,5,10.3,6,9.7,6,9.1,5,9.1,5,10.5,5,7.9,5,8.0,4,8.1,5,9.7,6,9.2,5,8.6,5,7.7,5,7.9,5,8.3,5,9.3,4,8.2,4,10.1,4,5.9,4.0,9.9,4,11.0,4,8.4,4,9.8,4,11.1,3,11.8,5,11.3,4,12.4,5,10.6,4,14.1,3,12.8,4
2016-11-02 02:00:00,9.9,5,9.5,6,8.8,6,9.4,6,8.1,5,9.6,5,10.0,6,9.7,6,9.0,5,9.1,5,10.5,5,8.0,6,7.9,5,8.2,6,9.9,6,9.0,6,8.4,5,7.8,5,8.1,5,8.5,5,9.0,4,8.1,4,9.8,4,6.0,4.0,10.0,5,10.8,4,8.4,5,9.6,4,11.1,4,11.7,5,11.3,4,12.3,5,10.2,4,14.0,4,12.8,4
2016-11-02 03:00:00,8.7,1,8.4,2,7.9,1,10.2,5,7.5,2,10.8,6,10.3,6,9.4,5,9.2,4,9.1,4,10.2,3,7.5,5,7.7,4,8.0,5,9.2,5,8.1,5,7.2,4,6.1,5,6.9,4,8.5,4,8.6,4,6.0,4,8.7,4,5.0,3.0,9.1,4,9.9,3,8.1,3,9.4,1,9.7,5,10.5,4,10.2,3,11.5,4,11.1,3,13.9,4,12.4,3
2016-11-02 04:00:00,8.4,1,8.0,2,7.5,1,9.8,4,7.2,2,10.6,6,10.1,5,9.3,5,8.9,4,9.0,4,10.1,3,7.5,6,7.4,5,7.8,5,9.3,6,8.2,5,7.1,4,6.1,5,6.6,4,8.4,5,8.2,4,5.6,4,8.4,4,4.6,3.0,8.8,4,9.1,3,7.2,3,8.9,2,9.4,5,9.8,4,9.4,2,10.9,4,10.5,3,13.5,4,11.6,3
2016-11-02 05:00:00,8.0,1,7.6,2,7.1,2,9.4,4,7.2,2,10.3,5,9.7,5,9.3,5,8.5,4,8.8,4,9.9,4,7.6,6,7.1,5,7.7,5,9.3,6,8.2,6,7.0,4,6.3,5,6.3,4,8.2,5,7.8,4,5.4,4,8.3,4,4.4,3.0,8.4,4,8.5,3,6.4,3,8.3,2,9.3,4,9.3,4,9.0,3,10.6,4,10.0,4,13.3,3,10.9,3
2016-11-02 06:00:00,7.8,2,7.4,2,6.9,2,9.2,4,7.4,2,10.1,5,9.5,4,9.3,5,8.2,4,8.7,4,9.7,4,7.9,6,6.9,5,7.8,6,9.3,6,8.3,6,7.1,4,6.6,5,6.4,4,8.1,5,7.6,4,5.7,4,8.5,3,4.7,3.0,8.2,4,8.6,3,6.4,4,8.3,3,9.4,4,9.5,4,9.3,4,10.8,4,10.1,4,13.6,3,11.1,4
2016-11-02 07:00:00,7.7,2,7.4,2,7.1,1,9.2,4,8.0,2,10.0,5,9.4,4,9.5,5,8.1,4,8.8,4,9.5,4,8.3,5,7.0,4,8.1,6,9.4,6,8.4,6,7.4,4,7.2,5,7.1,4,8.1,5,7.6,5,6.5,4,8.9,3,5.8,3.0,8.4,4,9.6,4,7.4,4,9.2,2,9.8,4,10.6,4,10.7,4,11.8,4,11.2,4,14.7,3,12.4,4
2016-11-02 08:00:00,7.8,2,7.7,2,7.5,1,9.5,3,8.7,2,10.2,5,9.5,4,9.8,4,8.3,4,9.0,4,9.5,3,8.7,5,7.3,4,8.6,6,9.7,7,8.6,6,8.0,4,8.1,6,8.3,5,8.3,5,8.0,5,7.7,4,9.6,3,7.5,3.0,9.0,4,11.4,4,9.1,4,10.6,2,10.5,4,12.4,5,12.7,5,13.3,4,12.9,4,16.1,4,14.5,4
2016-11-02 09:00:00,8.1,2,8.2,2,8.2,2,9.8,3,9.5,2,10.5,5,9.7,4,10.2,3,8.6,3,9.4,3,9.7,3,9.3,4,7.9,3,9.3,6,10.1,7,9.0,6,8.7,4,9.1,6,9.5,5,8.7,5,8.7,5,9.0,4,10.4,4,9.5,3.0,10.0,4,13.3,4,11.1,4,12.3,1,11.5,4,14.2,5,14.8,5,14.9,4,15.0,4,17.4,4,16.7,4
2016-11-02 10:00:00,8.5,3,8.8,3,8.9,3,10.2,3,10.1,2,11.0,5,9.9,4,10.6,3,9.1,3,9.9,3,10.2,3,10.0,4,8.6,3,10.1,5,10.7,6,9.6,6,9.5,5,10.2,6,10.6,5,9.2,5,9.9,5,10.3,4,11.3,4,11.4,3.0,11.2,3,15.1,3,13.1,4,13.8,1,12.9,4,15.7,5,16.4,5,16.4,4,17.0,3,18.1,4,18.5,3
2016-11-02 11:00:00,9.0,4,9.5,3,9.6,5,10.5,3,10.4,3,11.5,5,10.2,3,11.1,4,9.6,3,10.4,3,10.7,3,10.7,4,9.4,3,10.9,5,11.3,6,10.4,6,10.3,6,11.2,5,11.4,5,9.8,6,11.2,4,11.5,3,12.2,5,13.0,3.0,12.6,3,16.6,3,15.0,3,15.2,1,14.4,3,16.8,5,17.6,4,17.7,3,18.8,3,18.4,3,19.8,2
2016-11-02 12:00:00,9.3,5,10.0,4,10.2,6,10.8,3,10.7,3,12.1,4,10.5,3,11.6,4,10.1,3,10.9,3,11.2,3,11.3,4,10.0,3,11.5,5,12.0,5,11.1,5,11.1,6,12.1,5,12.1,5,10.5,6,12.4,4,12.4,3,12.8,6,14.1,3.0,13.9,2,17.6,2,16.7,3,16.3,1,15.7,3,17.7,4,18.4,3,18.6,3,20.2,2,18.5,3,20.7,2
2016-11-02 13:00:00,9.5,4,10.3,4,10.5,6,11.0,3,10.9,4,12.6,4,10.9,3,12.0,3,10.5,3,11.3,3,11.4,2,11.7,4,10.3,4,11.9,5,12.6,5,11.7,5,11.7,6,12.8,5,12.6,5,11.1,6,13.2,4,13.0,4,13.1,6,14.4,4.0,15.0,2,18.1,2,18.0,2,17.2,1,16.5,3,18.3,4,19.0,2,19.2,3,21.1,2,18.6,3,21.1,1
2016-11-02 14:00:00,9.5,3,10.2,4,10.5,6,11.1,2,10.8,4,12.7,3,11.2,3,12.2,2,10.6,2,11.4,2,11.3,2,11.7,5,10.3,4,11.8,5,12.9,5,12.0,4,12.1,5,13.0,5,12.7,5,11.4,5,13.4,4,13.2,5,13.0,5,14.0,4.0,15.6,2,18.1,2,18.7,1,17.5,1,16.9,2,18.6,4,19.2,3,19.3,3,21.4,2,18.8,3,21.0,2
2016-11-02 15:00:00,9.2,3,9.9,4,10.1,6,10.8,2,10.7,5,12.7,4,11.3,4,12.2,2,10.3,2,11.1,2,10.9,2,11.1,2,9.6,3,11.1,4,12.5,4,11.4,4,11.4,4,12.1,3,11.2,4,10.7,4,13.1,4,12.1,5,11.1,4,12.2,3.0,15.7,2,17.4,3,18.1,2,17.3,2,17.2,4,18.6,4,19.0,3,18.9,4,21.4,2,18.4,3,20.7,4
2016-11-02 16:00:00,9.1,4,9.0,4,9.3,5,10.0,2,9.9,4,11.6,3,10.4,3,11.4,2,9.5,2,10.2,2,10.2,2,10.0,1,8.8,3,10.0,3,11.9,3,10.8,3,10.8,3,11.0,2,10.6,3,9.6,3,12.1,3,11.3,5,10.7,3,10.5,3.0,14.8,2,16.3,3,16.6,2,15.6,2,16.5,4,17.8,4,17.7,3,17.9,4,19.8,2,18.0,3,19.5,4
2016-11-02 17:00:00,8.9,4,7.9,4,8.2,5,8.9,2,8.9,4,10.3,3,9.1,3,10.2,2,8.5,2,9.1,2,9.5,2,8.6,1,7.7,3,8.5,3,10.9,3,10.0,2,9.9,2,9.4,2,9.8,2,8.2,3,10.7,2,10.2,5,10.2,3,8.8,3.0,13.5,2,14.9,3,14.5,3,13.3,2,15.5,4,16.6,4,16.0,3,16.6,4,17.6,2,17.5,4,18.1,4
2016-11-02 18:00:00,8.7,4,7.1,3,7.3,5,7.9,2,7.9,3,9.0,2,8.0,3,9.0,2,7.5,2,8.0,2,8.8,2,7.3,2,6.7,3,7.3,3,10.0,2,9.2,2,9.1,2,7.9,2,8.9,2,6.8,3,9.5,2,9.1,4,9.7,3,7.4,2.0,12.2,2,13.6,3,12.5,4,11.3,2,14.4,4,15.5,4,14.4,3,15.4,3,15.6,2,16.8,4,16.8,3
2016-11-02 19:00:00,8.5,4,6.7,3,6.8,5,7.3,2,7.0,2,8.0,2,7.5,2,8.1,2,6.8,2,7.3,2,8.4,2,6.3,2,6.0,3,6.6,4,9.3,3,8.5,2,8.5,1,6.7,2,8.0,1,5.9,3,8.7,2,8.2,4,9.3,3,6.5,2.0,11.3,2,12.7,2,11.1,4,10.1,2,13.5,4,14.7,4,13.4,3,14.5,3,14.0,3,16.1,4,15.8,3
2016-11-02 20:00:00,8.3,3,6.6,2,6.4,5,6.9,2,6.3,2,7.3,3,7.3,2,7.5,2,6.3,2,6.8,2,8.1,2,5.6,2,5.5,3,6.2,4,8.8,3,8.0,2,8.1,1,5.9,1,7.2,1,5.4,3,8.3,2,7.6,5,8.9,3,6.0,2.0,10.8,2,12.2,2,10.3,3,9.5,3,12.8,4,14.1,4,12.7,3,13.8,3,12.9,3,15.5,5,15.2,3
2016-11-02 21:00:00,8.1,3,6.4,2,5.9,4,6.5,2,5.6,2,6.8,3,6.9,2,6.8,2,5.8,1,6.2,2,7.7,2,4.9,2,4.9,3,5.7,4,8.4,3,7.3,2,7.4,2,5.2,2,6.6,2,4.9,4,7.8,2,7.2,5,8.6,4,5.7,2.0,10.2,2,11.8,2,9.4,4,9.1,3,12.0,4,13.4,4,12.3,3,13.0,3,11.7,4,15.0,5,14.4,3
2016-11-02 22:00:00,7.8,3,6.1,3,5.4,4,6.1,3,5.0,3,6.4,4,6.6,3,6.3,2,5.2,1,5.6,2,7.2,2,4.3,2,4.4,3,5.3,5,7.9,2,6.7,2,6.8,2,4.6,2,6.0,2,4.6,4,7.3,3,7.1,5,8.2,4,5.3,3.0,9.7,2,11.4,3,8.6,4,8.9,3,11.4,4,12.8,4,11.9,4,12.3,4,10.7,4,14.7,5,13.7,3
2016-11-02 23:00:00,7.6,3,5.8,3,5.1,4,5.7,3,4.5,3,6.2,4,6.3,3,5.8,3,4.7,1,5.0,3,6.8,3,3.8,3,4.0,4,4.8,5,7.5,2,6.2,3,6.1,2,4.2,3,5.4,2,4.3,4,7.1,3,7.0,5,7.8,4,4.9,3.0,9.3,2,10.9,3,8.0,4,8.9,4,10.8,4,12.2,5,11.5,4,11.7,4,9.9,4,14.4,4,13.1,3
2016-11-03 00:00:00,7.3,4,5.6,3,4.9,4,5.4,3,4.0,4,6.1,4,6.1,4,5.5,3,4.2,2,4.5,3,6.3,3,3.3,4,3.6,4,4.3,5,7.1,3,5.7,4,5.5,3,3.9,3,4.9,3,4.0,4,6.9,4,6.8,5,7.5,4,4.4,3.0,8.9,2,10.4,3,7.5,5,8.9,4,10.4,5,11.6,5,11.1,4,11.1,4,9.2,4,14.1,4,12.5,4
2016-11-03 01:00:00,7.1,4,5.5,4,4.8,4,5.2,4,3.5,4,6.1,5,5.9,4,5.2,4,3.8,2,4.0,4,5.8,4,3.0,4,3.3,4,3.9,6,6.8,4,5.2,4,4.9,4,3.6,4,4.4,3,3.7,5,6.8,4,6.3,5,7.1,5,4.0,4.0,8.6,3,10.0,4,7.1,5,9.0,4,10.0,5,11.0,5,10.7,4,10.7,4,8.6,4,13.8,4,12.0,4
2016-11-03 02:00:00,6.8,4,5.4,4,4.8,5,4.9,4,3.1,5,6.0,5,5.8,5,5.0,5,3.3,3,3.6,4,5.3,4,2.6,5,2.9,5,3.5,6,6.6,5,4.7,5,4.4,4,3.5,4,4.0,4,3.3,5,6.8,5,5.5,6,6.7,5,3.6,4.0,8.3,4,9.5,4,6.7,5,9.0,5,9.6,5,10.3,5,10.3,4,10.3,5,8.0,5,13.5,4,11.5,4
2016-11-03 03:00:00,7.3,2,4.9,2,4.6,3,4.7,3,4.1,3,4.8,2,5.4,2,4.0,2,3.3,2,3.6,2,5.9,2,3.4,2,4.1,5,4.0,5,5.1,2,3.8,2,4.0,2,3.0,2,4.1,2,4.0,4,5.7,2,4.1,3,6.5,3,4.1,3.0,7.4,2,9.5,1,7.6,4,9.3,2,9.6,5,10.3,2,10.3,1,10.0,1,8.6,3,13.4,4,12.4,3
2016-11-03 04:00:00,7.0,2,4.5,3,4.2,3,4.4,3,3.5,3,4.3,2,5.0,2,3.5,2,3.0,2,3.1,2,5.6,2,2.7,2,3.8,5,3.7,4,4.6,2,3.4,2,3.3,2,2.4,2,3.5,3,3.7,4,5.1,2,3.2,3,5.9,3,3.8,4.0,6.9,1,9.0,1,6.9,3,8.7,3,9.2,5,9.7,2,9.7,1,9.4,1,7.7,3,12.9,3,12.0,3
2016-11-03 05:00:00,6.8,3,4.2,3,3.8,4,4.2,3,3.2,3,4.0,2,4.8,2,3.1,2,2.8,3,2.7,2,5.4,2,2.2,3,3.4,6,3.5,4,4.2,2,3.1,2,2.7,2,2.0,2,2.8,3,3.5,4,4.6,2,2.5,3,5.3,2,3.5,4.0,6.5,2,8.7,1,6.4,2,8.1,3,8.9,4,9.2,2,9.3,1,8.9,1,7.0,2,12.6,3,11.8,3
2016-11-03 06:00:00,6.7,3,4.2,4,3.8,4,4.4,4,3.3,3,4.0,2,4.9,2,3.2,2,3.1,3,2.8,3,5.4,3,2.2,3,3.4,6,3.5,4,4.2,2,3.1,2,2.5,2,2.0,2,2.7,3,3.5,4,4.4,2,2.4,3,5.0,2,3.5,4.0,6.3,2,8.8,1,6.3,1,8.0,3,8.7,4,9.3,2,9.4,1,8.9,1,6.9,2,12.8,2,12.0,2
2016-11-03 07:00:00,6.9,4,4.6,4,4.4,4,5.1,4,4.2,4,4.7,2,5.6,2,3.9,2,3.9,3,3.5,3,5.7,3,3.1,4,4.0,6,4.0,3,4.8,2,3.5,2,2.9,2,2.8,2,3.3,4,3.9,4,4.9,1,3.1,3,5.2,3,3.8,3.0,6.6,1,9.5,1,6.9,1,8.7,2,8.9,4,10.2,1,10.4,1,9.6,1,7.9,2,13.7,2,12.9,2
2016-11-03 08:00:00,7.4,4,5.3,4,5.6,5,6.2,4,5.5,4,6.0,2,6.6,2,5.0,2,5.1,3,4.8,3,6.3,3,4.6,4,5.0,6,4.9,3,5.8,2,4.4,2,3.8,2,4.1,2,4.5,4,4.6,4,5.9,1,4.4,3,5.9,3,4.6,2.0,7.2,1,10.6,1,8.1,1,9.9,2,9.3,5,11.8,1,11.9,1,10.9,1,9.8,2,15.1,2,14.3,2
2016-11-03 09:00:00,8.1,4,6.4,4,6.9,5,7.4,4,7.0,5,7.4,2,7.7,2,6.5,2,6.4,4,6.3,3,7.3,4,6.3,4,6.1,6,6.1,3,7.1,2,5.6,2,5.1,2,5.7,2,6.0,3,5.5,4,7.2,1,5.8,3,6.8,3,6.0,2.0,8.3,1,11.8,1,9.6,1,11.2,1,10.0,5,13.4,1,13.5,1,12.3,1,12.2,3,16.5,2,15.8,2
2016-11-03 10:00:00,8.8,4,7.7,4,8.2,5,8.6,4,8.3,6,8.8,2,8.6,3,8.0,2,7.7,4,7.8,4,8.6,4,7.8,4,7.2,6,7.4,4,8.4,2,7.1,2,6.6,2,7.3,2,7.4,3,6.5,4,8.6,1,7.1,3,7.7,3,7.9,2.0,9.7,1,12.9,1,11.2,1,12.3,1,10.9,4,14.8,1,14.7,1,13.7,1,14.8,4,17.6,2,17.0,2
2016-11-03 11:00:00,9.5,4,9.1,4,9.4,5,9.6,5,9.3,6,10.0,2,9.4,3,9.5,3,8.8,4,9.2,4,9.9,4,9.1,4,8.0,6,8.6,4,9.7,2,8.5,2,8.1,2,8.8,2,8.6,2,7.4,4,9.8,1,8.1,2,8.6,2,9.8,2.0,11.2,1,13.8,1,12.7,1,13.3,1,11.8,4,16.0,1,15.6,1,14.9,1,17.1,4,18.4,2,18.0,2
2016-11-03 12:00:00,10.0,4,10.1,5,10.2,5,10.4,5,10.0,6,10.9,2,10.0,3,10.6,3,9.6,4,10.3,4,10.8,4,10.1,4,8.7,5,9.6,4,10.8,2,9.8,2,9.4,2,10.1,2,9.6,2,8.2,4,10.9,1,8.9,2,9.2,2,11.3,2.0,12.6,1,14.5,1,14.2,1,14.1,1,12.9,3,17.0,1,16.3,1,15.9,1,18.9,4,18.9,2,18.7,2
2016-11-03 13:00:00,10.2,4,10.6,5,10.6,5,10.9,5,10.3,6,11.5,2,10.5,3,11.3,3,10.1,4,10.9,4,11.0,4,10.8,4,9.1,5,10.3,4,11.6,1,10.6,2,10.3,3,11.0,2,10.2,2,8.8,5,11.6,1,9.5,2,9.5,1,11.8,2.0,13.7,1,14.9,1,15.4,1,14.9,1,13.9,2,17.7,1,16.9,1,16.6,1,19.8,3,19.1,2,19.2,2
2016-11-03 14:00:00,10.2,4,10.5,5,10.6,5,10.9,5,10.2,6,11.6,1,10.8,2,11.4,2,10.2,4,10.9,4,10.7,4,10.9,4,9.1,4,10.5,4,11.9,1,10.9,3,10.8,3,11.4,2,10.3,2,9.0,4,11.8,1,9.7,2,9.5,1,11.4,2.0,14.3,1,14.9,1,16.0,1,15.3,1,14.7,2,18.0,1,17.1,1,16.9,1,19.9,3,19.1,2,19.2,2
2016-11-03 15:00:00,10.1,5,9.9,4,9.8,5,10.4,4,10.3,6,10.9,2,10.0,4,10.7,2,9.5,4,10.3,4,10.0,4,10.3,5,8.8,4,9.4,3,11.2,1,10.1,2,10.0,2,10.3,2,10.0,2,8.4,4,11.2,1,8.7,1,9.1,1,9.8,1.0,13.9,1,13.7,1,15.2,1,15.4,1,15.0,2,17.4,1,16.1,1,15.8,1,19.0,3,18.6,3,18.9,1
2016-11-03 16:00:00,10.0,4,9.1,4,8.9,5,9.4,4,9.5,5,9.9,3,9.1,4,9.6,2,8.6,4,9.2,4,9.2,4,9.0,5,7.8,4,8.3,4,10.1,2,9.2,2,9.2,2,9.0,2,8.8,2,7.2,4,10.2,1,8.0,1,8.5,1,8.2,1.0,13.0,1,12.6,1,13.7,1,14.0,1,14.3,2,16.1,1,14.7,1,14.8,1,17.6,3,18.0,3,17.7,1
2016-11-03 17:00:00,9.7,3,8.2,4,7.9,5,8.3,4,8.4,5,8.7,3,8.0,4,8.3,2,7.4,4,7.8,4,8.4,4,7.2,5,6.5,4,6.9,4,8.7,2,7.9,2,8.0,2,7.1,2,7.3,3,5.7,4,8.9,1,7.0,2,7.8,2,6.5,1.0,11.6,1,11.4,1,11.6,2,11.9,1,13.2,2,14.3,1,12.8,1,13.5,1,15.9,4,17.3,4,16.2,1
2016-11-03 18:00:00,9.5,3,7.4,4,7.1,5,7.4,4,7.3,5,7.7,4,7.2,4,7.2,2,6.4,4,6.7,4,7.8,4,5.5,4,5.2,5,5.7,5,7.4,2,6.8,2,6.8,2,5.2,2,6.0,3,4.3,4,7.8,1,5.9,2,7.1,2,5.1,1.0,10.1,2,10.3,1,9.7,2,9.9,2,12.0,2,12.6,1,11.1,1,12.3,1,14.3,4,16.5,4,14.7,1
2016-11-03 19:00:00,9.3,4,7.0,4,6.7,5,6.9,4,6.3,5,7.1,4,6.9,4,6.5,3,5.8,4,6.1,4,7.5,4,4.4,4,4.3,5,4.8,5,6.6,2,6.0,2,5.9,1,3.7,2,5.2,3,3.4,3,7.1,1,5.0,2,6.6,2,4.4,1.0,8.9,2,9.6,1,8.6,3,8.7,2,11.0,2,11.4,1,9.9,1,11.4,1,13.3,4,15.8,4,13.6,2
2016-11-03 20:00:00,9.1,4,6.9,5,6.5,5,6.6,3,5.5,5,6.9,4,6.9,3,6.2,3,5.4,5,5.8,5,7.3,4,3.7,4,3.6,5,4.1,4,6.1,2,5.4,2,5.3,1,2.7,2,4.7,3,2.9,3,6.7,1,4.4,1,6.1,2,4.1,1.0,7.9,2,9.1,1,8.2,3,8.1,2,10.2,2,10.7,1,9.2,1,10.9,1,12.7,4,15.2,4,12.8,2
2016-11-03 21:00:00,8.9,5,6.9,5,6.3,5,6.2,4,4.8,5,6.8,4,6.8,4,5.6,3,5.1,5,5.3,5,7.1,5,3.2,4,3.0,5,3.4,5,5.4,2,4.8,2,4.6,2,2.0,2,4.2,3,2.4,2,6.1,2,3.8,1,5.6,2,3.5,2.0,7.2,2,8.6,2,7.6,4,7.7,2,9.5,2,9.7,1,8.6,1,10.2,1,11.9,4,14.7,4,11.9,2
2016-11-03 22:00:00,8.7,5,6.8,5,5.9,5,5.8,4,4.2,5,6.8,4,6.7,4,5.0,4,4.6,5,4.7,5,6.9,5,2.9,4,2.5,5,2.7,5,4.9,2,4.2,2,4.0,2,1.5,2,3.8,3,2.0,2,5.5,2,3.3,1,5.2,2,3.1,2.0,6.6,2,8.1,2,7.1,4,7.4,2,8.7,1,9.0,1,8.3,1,9.7,2,11.2,4,14.2,4,11.1,2
2016-11-03 23:00:00,8.5,5,6.6,5,5.4,5,5.5,4,3.8,5,6.9,3,6.5,4,4.5,4,4.2,5,4.2,5,6.6,5,2.8,4,2.2,5,2.3,5,4.4,2,3.7,2,3.4,2,1.3,3,3.4,3,1.8,3,5.0,2,2.8,1,4.8,3,2.8,3.0,6.1,2,7.5,2,6.7,4,7.2,2,8.1,1,8.3,1,8.0,1,9.3,2,10.6,4,13.8,3,10.4,3
2016-11-04 00:00:00,8.3,5,6.3,5,5.1,6,5.2,4,3.5,5,6.9,3,6.2,5,4.1,4,3.9,5,3.8,5,6.2,5,2.7,5,1.9,5,1.9,5,4.0,3,3.3,2,3.0,2,1.3,3,3.0,4,1.6,3,4.5,2,2.5,1,4.4,3,2.5,3.0,5.7,2,7.1,3,6.4,4,7.0,3,7.6,1,7.8,1,7.8,1,9.0,2,10.0,4,13.5,3,9.9,3
2016-11-04 01:00:00,8.1,5,6.0,5,5.0,6,5.2,5,3.4,5,7.0,4,6.0,5,3.6,4,3.7,5,3.6,5,5.8,5,2.7,5,1.8,5,1.6,5,3.7,4,2.9,3,2.6,2,1.4,3,2.7,4,1.5,4,4.1,3,2.2,2,4.2,4,2.4,4.0,5.5,2,6.7,3,6.2,5,6.8,3,7.2,1,7.6,1,7.6,1,8.8,2,9.5,4,13.2,4,9.4,4
2016-11-04 02:00:00,8.0,5,5.8,5,5.1,6,5.2,5,3.3,5,7.0,5,5.7,5,3.2,5,3.6,5,3.6,5,5.4,5,2.6,5,1.7,5,1.5,6,3.5,5,2.6,5,2.3,3,1.4,3,2.4,4,1.4,4,3.8,3,2.0,2,4.1,4,2.4,4.0,5.1,2,6.4,3,5.9,5,6.5,4,7.0,1,7.4,1,7.2,1,8.7,2,9.1,5,13.0,4,9.0,4
2016-11-04 03:00:00,8.5,4,5.6,4,4.7,6,5.6,5,3.5,4,8.2,3,7.9,4,5.9,3,3.8,5,4.0,5,5.7,5,2.9,4,1.6,4,1.5,4,6.1,3,4.5,3,3.6,2,2.7,2,2.3,4,2.3,3,6.4,2,3.4,1,5.0,2,2.5,2.0,6.7,3,6.3,3,6.3,4,7.7,2,7.9,4,8.0,1,7.6,1,10.5,2,9.2,3,13.7,3,10.9,5
2016-11-04 04:00:00,8.5,5,5.7,4,4.7,6,5.7,5,3.3,4,8.1,4,7.9,4,5.7,3,3.6,5,4.0,5,5.7,5,2.5,4,1.4,4,1.4,4,5.9,4,4.4,4,3.3,2,2.5,2,1.9,4,2.3,3,6.1,2,3.0,2,4.9,2,2.4,2.0,6.1,3,5.9,2,5.9,4,7.1,2,7.6,4,7.4,1,7.1,1,10.2,3,9.0,3,13.5,3,10.8,5
2016-11-04 05:00:00,8.6,5,5.8,5,4.7,6,5.8,5,3.2,5,7.9,5,7.8,4,5.6,3,3.6,5,3.9,4,5.7,4,2.1,4,1.3,4,1.3,3,5.5,4,4.2,4,3.0,2,2.2,2,1.7,4,2.3,2,5.8,3,2.7,3,4.8,3,2.6,2.0,5.5,4,5.7,3,5.6,4,6.8,2,7.4,4,6.9,1,6.8,1,9.8,3,9.0,3,13.4,4,10.8,4
2016-11-04 06:00:00,8.7,6,6.0,5,4.9,5,6.1,4,3.5,5,7.9,5,7.9,5,5.6,3,3.7,4,3.9,4,5.7,4,2.2,4,1.7,5,1.4,3,5.4,4,4.2,5,2.9,3,2.3,2,1.9,4,2.5,2,5.8,3,2.8,3,5.0,3,3.3,2.0,5.4,5,6.1,3,5.9,4,7.2,2,7.7,4,7.0,2,7.3,2,10.0,4,9.5,4,13.7,4,11.3,4
2016-11-04 07:00:00,8.8,5,6.3,5,5.4,6,6.5,4,4.3,5,8.1,6,8.1,5,5.9,4,4.2,4,4.3,4,5.7,4,3.2,5,2.7,5,2.0,3,5.7,4,4.4,5,3.3,3,3.0,2,2.7,4,3.1,3,6.2,4,3.5,3,5.7,3,4.7,2.0,6.0,5,7.3,4,6.9,5,8.8,3,8.7,4,8.3,2,8.8,3,11.1,4,10.7,4,14.4,4,12.5,5
2016-11-04 08:00:00,8.9,5,6.6,5,6.1,6,7.1,4,5.6,5,8.6,5,8.5,5,6.6,5,4.9,4,5.0,4,5.9,4,4.8,5,4.2,5,3.2,4,6.4,4,5.0,4,4.2,3,4.2,3,4.0,4,4.2,4,7.0,4,4.8,2,6.9,2,6.6,2.0,7.3,4,9.0,4,8.5,5,11.1,3,10.1,3,10.2,2,11.0,4,12.9,5,12.4,5,15.4,3,14.0,5
2016-11-04 09:00:00,9.2,4,7.2,5,7.1,6,7.8,5,7.0,5,9.2,5,9.0,5,7.6,6,5.9,4,5.9,5,6.5,5,6.6,5,5.8,5,4.7,5,7.6,4,5.9,4,5.4,3,5.8,3,5.6,4,5.5,4,8.2,5,6.6,2,8.4,2,8.8,2.0,9.1,4,11.2,4,10.2,5,13.6,3,11.8,3,12.3,2,13.2,4,14.8,5,14.2,5,16.4,3,15.5,5
2016-11-04 10:00:00,9.6,4,8.0,5,8.2,6,8.6,5,8.3,5,10.0,5,9.6,5,8.9,6,7.0,5,7.0,5,7.6,5,8.1,4,7.4,5,6.6,5,9.2,5,7.2,4,6.9,4,7.5,4,7.4,4,7.0,4,9.8,5,8.9,2,10.0,2,10.9,2.0,11.1,4,13.4,4,11.8,4,15.7,3,13.5,3,14.0,2,15.0,4,16.5,5,15.9,5,17.1,3,16.6,5
2016-11-04 11:00:00,10.1,4,8.9,6,9.3,6,9.5,5,9.4,6,10.8,5,10.3,4,10.2,6,8.0,6,8.2,6,8.9,6,9.4,3,8.7,5,8.4,5,10.8,5,8.7,4,8.5,4,9.2,5,9.2,4,8.6,3,11.4,5,11.2,2,11.4,2,12.8,2.0,13.1,3,15.4,3,13.3,3,17.4,3,15.1,2,15.3,3,16.3,3,17.8,5,17.3,5,17.5,3,17.4,5
2016-11-04 12:00:00,10.5,3,9.7,6,10.1,6,10.3,5,10.2,6,11.5,5,10.9,4,11.4,7,8.9,6,9.2,6,9.9,6,10.4,3,9.7,5,9.9,5,12.2,6,10.1,5,10.0,4,10.8,5,10.7,5,9.9,3,12.8,5,13.0,2,12.6,2,14.0,2.0,14.9,3,16.9,2,14.6,3,18.8,3,16.5,2,16.3,3,17.2,2,18.7,5,18.3,5,17.8,3,18.0,5
2016-11-04 13:00:00,10.7,3,10.2,5,10.5,6,10.9,5,10.6,6,12.0,5,11.3,5,12.3,7,9.4,6,9.9,6,10.3,6,11.2,4,10.3,5,10.8,4,13.1,6,11.1,5,11.1,4,12.1,6,11.7,5,10.8,3,13.7,5,14.0,3,13.3,2,14.4,2.0,16.1,3,17.6,3,15.6,3,19.8,3,17.6,3,17.0,3,17.7,2,19.0,4,18.8,5,17.9,3,18.4,5
2016-11-04 14:00:00,10.8,3,10.4,5,10.6,5,11.1,5,10.6,6,12.2,5,11.5,5,12.7,7,9.6,5,10.3,6,10.3,6,11.4,5,10.4,5,10.9,4,13.4,7,11.7,5,11.7,5,12.8,6,12.1,6,11.1,3,14.1,4,14.2,3,13.5,3,14.0,2.0,16.7,3,17.6,3,16.1,4,20.1,4,18.3,3,17.2,4,17.7,3,18.8,4,18.8,4,17.9,3,18.5,5
2016-11-04 15:00:00,11.1,4,10.8,5,10.1,6,10.6,6,10.2,5,11.7,5,11.1,6,12.1,6,9.9,6,10.9,6,10.8,6,10.9,4,9.7,4,10.2,3,12.7,6,11.4,4,11.5,4,12.7,2,11.6,3,10.3,2,13.5,4,13.5,2,13.4,3,12.8,2.0,16.3,4,16.9,3,15.6,2,19.1,5,18.3,4,16.8,4,17.0,5,18.1,5,18.4,3,17.5,3,18.1,3
2016-11-04 16:00:00,10.9,4,10.1,5,9.5,6,9.9,6,9.7,5,10.8,6,10.2,6,11.3,6,9.3,6,10.0,6,10.3,6,9.8,4,8.8,4,9.3,3,12.1,6,10.9,5,11.0,5,11.3,4,10.5,4,9.1,2,12.6,4,12.6,2,12.6,4,10.9,3.0,15.4,4,15.8,4,14.4,2,17.2,4,17.3,4,16.2,5,15.9,5,17.1,4,17.1,3,17.3,3,17.2,4
2016-11-04 17:00:00,10.7,4,9.2,5,8.8,6,9.0,6,9.1,5,9.5,6,9.0,6,10.1,6,8.5,6,8.9,6,9.6,6,8.3,4,7.7,3,8.2,3,11.3,6,10.1,6,10.2,5,9.4,5,9.1,4,7.6,2,11.5,5,11.3,2,11.5,5,8.8,4.0,14.1,5,14.5,4,12.6,2,14.8,3,16.0,4,15.4,6,14.6,5,16.1,4,15.7,3,17.1,3,16.1,5
2016-11-04 18:00:00,10.4,4,8.5,5,8.1,6,8.3,6,8.4,5,8.4,6,8.1,6,9.0,7,7.8,5,8.1,6,9.1,5,7.2,5,6.8,3,7.2,4,10.4,6,9.3,6,9.5,6,7.7,6,8.0,5,6.4,2,10.5,5,10.2,3,10.7,6,7.1,5.0,12.8,6,13.3,5,10.9,3,12.7,3,14.7,4,14.7,6,13.5,5,15.4,3,14.4,3,16.6,4,15.0,5
2016-11-04 19:00:00,10.1,4,8.2,5,7.7,5,8.0,6,7.8,5,7.8,7,7.7,6,8.3,7,7.4,6,7.8,6,8.7,5,6.9,5,6.4,3,6.5,4,9.7,6,8.8,6,9.0,6,6.9,7,7.6,5,5.8,4,9.9,6,9.5,3,10.3,6,6.1,5.0,11.8,6,12.6,5,9.8,3,11.5,4,13.9,4,14.4,7,13.0,5,15.1,4,13.5,3,15.9,4,14.3,5
2016-11-04 20:00:00,9.7,4,8.1,5,7.4,5,7.9,6,7.3,5,7.5,7,7.7,6,7.9,6,7.2,6,7.8,6,8.6,6,7.1,6,6.3,3,6.1,4,9.2,6,8.4,6,8.6,6,6.7,7,7.6,5,5.7,5,9.6,5,9.1,3,10.3,6,5.7,5.0,11.1,5,12.3,6,9.3,5,11.0,5,13.4,4,14.3,7,12.8,6,15.1,5,12.9,4,15.2,4,13.9,5
2016-11-04 21:00:00,9.4,4,7.8,6,7.0,6,7.6,5,7.0,5,7.1,7,7.5,6,7.4,6,7.1,6,7.6,6,8.4,6,6.9,6,6.1,4,5.7,4,8.8,6,8.1,6,8.3,6,6.5,7,7.5,5,5.5,6,9.2,5,8.8,3,10.2,6,5.3,6.0,10.6,5,12.0,6,8.8,5,10.9,5,13.2,4,14.1,6,12.6,6,14.8,5,12.2,4,14.7,4,13.7,5
2016-11-04 22:00:00,9.1,4,7.6,6,6.7,6,7.4,5,6.7,5,6.7,6,7.3,6,7.1,6,6.9,6,7.5,6,8.4,6,6.7,6,6.0,4,5.4,5,8.6,6,7.9,6,8.1,6,6.4,7,7.4,6,5.5,6,8.9,5,8.6,3,10.2,6,5.1,6.0,10.2,5,11.8,6,8.5,6,10.8,5,13.1,4,13.9,6,12.5,6,14.4,5,11.6,4,14.3,4,13.6,5
2016-11-04 23:00:00,8.8,4,7.3,6,6.5,6,7.1,5,6.4,5,6.4,6,7.1,6,6.7,6,6.8,6,7.4,6,8.4,6,6.5,6,5.9,4,5.4,5,8.4,6,7.8,6,8.0,5,6.5,6,7.4,6,5.6,6,8.8,5,8.5,3,10.2,6,5.0,6.0,10.0,4,11.7,6,8.4,6,10.6,5,12.9,4,13.7,6,12.5,6,14.1,6,11.2,4,14.1,5,13.5,5
2016-11-05 00:00:00,8.5,4,7.0,6,6.3,6,6.8,5,6.2,5,6.2,6,6.9,6,6.4,6,6.8,6,7.3,5,8.5,6,6.4,6,5.9,4,5.5,5,8.3,6,7.7,6,8.0,5,6.7,6,7.5,6,5.9,6,8.8,5,8.4,3,10.1,6,5.1,5.0,10.0,4,11.8,6,8.4,6,10.5,5,12.8,4,13.6,6,12.6,5,13.9,6,11.0,5,13.9,5,13.6,5
2016-11-05 01:00:00,8.2,4,6.7,6,6.1,6,6.5,5,6.0,6,6.1,6,6.7,6,6.0,6,6.7,6,7.2,5,8.5,6,6.3,6,6.0,4,5.8,5,8.1,6,7.6,6,8.1,5,7.0,6,7.8,6,6.3,6,8.9,6,8.4,4,9.9,6,5.3,5.0,10.1,4,12.0,6,8.5,6,10.4,5,12.5,4,13.6,6,12.9,5,13.9,5,10.9,5,13.9,5,13.7,5
2016-11-05 02:00:00,7.9,4,6.5,6,6.0,6,6.2,5,5.9,6,6.0,5,6.5,5,5.6,6,6.6,6,7.2,5,8.5,5,6.4,7,6.2,5,6.3,6,7.9,6,7.5,6,8.2,5,7.4,6,8.1,7,6.8,6,9.1,6,8.4,4,9.8,6,5.6,5.0,10.3,5,12.2,6,8.6,6,10.3,5,12.2,4,13.6,5,13.2,5,13.9,5,10.9,5,13.8,5,14.0,5
2016-11-05 03:00:00,7.4,3,5.4,4,5.1,6,5.1,5,5.2,5,5.6,5,5.6,4,5.1,6,5.6,6,6.1,6,7.6,6,5.2,7,6.0,7,6.0,6,7.5,6,6.6,7,7.2,7,6.4,6,7.0,7,6.5,5,8.8,7,8.7,7,11.4,6,5.7,6.0,10.5,7,12.5,7,8.5,7,10.9,7,12.1,6,14.4,7,13.2,7,14.8,6,10.1,6,13.5,6,13.7,6
2016-11-05 04:00:00,7.1,2,5.0,4,4.8,5,4.5,5,5.0,5,5.4,6,5.1,4,4.4,6,5.3,6,6.1,6,7.4,6,5.1,7,6.0,7,6.3,6,7.0,6,6.4,7,7.1,7,6.6,7,7.1,7,6.7,6,8.7,7,8.5,7,11.5,6,5.7,7.0,10.5,7,12.3,7,8.6,7,10.7,7,12.1,6,14.2,7,13.2,7,15.1,6,10.3,6,13.5,6,13.7,6
2016-11-05 05:00:00,6.9,2,4.7,4,4.5,5,4.1,4,5.1,5,5.2,7,4.6,5,3.8,5,5.1,6,6.0,6,7.2,6,5.2,7,6.0,7,6.6,7,6.5,7,6.1,7,6.9,7,6.7,7,7.2,7,6.9,7,8.5,7,8.3,7,11.5,7,5.8,7.0,10.5,7,12.2,7,8.9,7,10.4,7,12.0,6,14.1,7,13.3,7,15.3,7,10.6,7,13.5,7,13.7,6
2016-11-05 06:00:00,6.8,2,4.5,4,4.4,4,4.0,4,5.3,5,5.3,7,4.5,5,3.6,5,5.1,6,5.9,6,7.0,6,5.3,7,6.0,7,6.7,7,6.2,7,5.9,7,6.6,7,6.7,7,7.4,7,7.0,7,8.2,7,8.2,7,11.4,7,6.0,7.0,10.2,7,12.5,7,9.4,7,10.1,7,11.8,7,14.2,7,13.6,7,15.5,7,11.1,7,13.7,7,13.9,7
2016-11-05 07:00:00,6.9,2,4.5,4,4.6,4,4.5,5,5.8,5,5.7,6,4.9,6,4.1,6,5.2,6,5.7,6,6.7,6,5.5,7,5.9,7,6.6,7,6.3,7,5.7,7,6.2,7,6.4,7,7.4,7,6.9,7,7.7,7,8.1,7,11.1,7,6.3,7.0,9.7,7,13.3,7,9.9,7,9.9,7,11.3,7,14.7,7,14.3,7,15.9,7,11.8,7,14.0,7,14.6,7
2016-11-05 08:00:00,7.1,2,4.7,4,5.1,4,5.4,5,6.4,6,6.5,5,5.8,5,5.1,6,5.6,6,5.6,6,6.5,6,5.8,7,5.9,7,6.5,7,6.7,6,5.7,7,5.8,6,6.1,7,7.4,7,6.8,7,7.3,7,8.1,7,10.7,7,6.8,7.0,9.1,7,14.4,7,10.5,7,9.9,7,10.9,7,15.5,7,15.3,7,16.5,7,12.6,7,14.5,7,15.6,7
2016-11-05 09:00:00,7.5,3,5.4,4,5.9,4,6.5,5,7.0,6,7.4,4,6.7,5,6.4,6,6.1,6,6.0,6,6.8,6,6.1,7,6.0,7,6.5,7,7.4,6,6.0,7,5.7,6,6.1,7,7.4,7,6.8,7,7.3,7,8.2,7,10.6,7,7.6,7.0,8.9,7,15.5,7,11.2,7,10.0,7,10.9,7,16.4,7,16.3,7,17.3,7,13.6,7,15.0,7,16.9,7
2016-11-05 10:00:00,8.0,3,6.5,4,7.0,5,7.5,5,7.5,6,8.4,4,7.5,5,7.7,6,6.8,6,6.9,6,7.6,6,6.5,6,6.3,7,6.8,7,8.3,5,6.6,7,6.1,6,6.5,7,7.6,7,7.0,7,7.8,7,8.5,7,10.9,7,8.8,7.0,9.2,7,16.4,7,11.9,7,10.2,7,11.5,7,17.3,7,17.2,7,18.1,7,14.7,7,15.5,7,18.2,7
2016-11-05 11:00:00,8.5,4,7.8,5,8.1,6,8.3,5,7.9,6,9.4,4,8.3,4,8.8,6,7.6,6,8.1,6,8.6,6,7.0,6,6.7,7,7.4,7,9.3,5,7.4,7,6.8,7,7.3,7,7.9,7,7.3,7,8.6,7,8.9,7,11.5,7,10.1,7.0,9.8,7,16.9,7,12.6,7,10.5,7,12.5,7,18.2,7,17.9,7,18.9,7,15.7,7,16.1,7,19.4,6
2016-11-05 12:00:00,8.9,4,8.9,5,8.9,6,9.0,6,8.3,5,10.3,4,8.9,4,9.8,6,8.2,7,9.1,7,9.4,7,7.5,6,7.2,7,8.1,7,10.3,5,8.3,7,7.7,7,8.2,7,8.4,7,7.8,7,9.4,7,9.3,7,11.9,7,11.0,7.0,10.7,7,17.3,7,13.2,7,11.0,7,13.4,7,19.0,7,18.5,7,19.5,7,16.5,7,16.5,7,20.1,6
2016-11-05 13:00:00,9.1,4,9.4,4,9.3,6,9.5,6,8.6,5,10.9,4,9.4,5,10.5,6,8.5,7,9.7,7,9.6,7,8.0,6,7.6,7,8.7,7,11.1,5,9.0,7,8.5,7,9.0,7,9.0,7,8.3,7,9.9,7,9.6,7,12.0,7,11.2,7.0,11.5,7,17.4,7,13.7,7,11.7,7,13.8,7,19.6,7,18.8,7,19.7,7,16.9,7,16.8,7,20.2,6
2016-11-05 14:00:00,9.1,4,9.4,4,9.1,6,9.6,6,8.7,6,11.1,3,9.6,5,10.9,6,8.5,7,9.7,7,9.4,7,8.3,7,7.9,7,9.1,7,11.4,5,9.4,7,8.9,7,9.4,7,9.5,7,8.7,7,10.0,7,9.7,7,11.6,7,10.8,7.0,12.1,6,17.3,7,14.0,7,12.1,7,13.8,7,19.7,7,18.7,7,19.6,7,16.9,7,17.1,7,19.6,7
2016-11-05 15:00:00,9.0,4,8.8,4,9.2,4,9.4,4,8.7,5,11.1,4,9.5,5,10.8,3,8.8,3,9.5,4,9.2,4,8.5,7,7.7,7,8.7,7,11.4,5,9.8,4,9.0,7,9.2,7,9.2,7,8.4,7,9.4,7,8.9,7,10.3,7,9.8,7.0,12.3,7,16.1,7,14.4,7,10.9,7,12.1,7,18.2,7,17.4,6,18.7,4,18.1,6,17.5,7,17.2,6
2016-11-05 16:00:00,8.6,3,7.8,3,8.0,4,8.5,4,8.0,5,10.0,3,8.5,5,9.7,3,7.8,3,8.3,4,8.3,4,7.4,7,6.9,7,7.9,7,10.4,5,9.0,4,8.4,6,7.9,6,8.2,7,7.7,7,8.6,7,8.0,7,9.3,7,8.6,7.0,11.5,7,14.9,7,13.6,7,9.6,7,11.5,7,16.4,7,15.9,6,17.8,5,17.3,6,17.4,7,15.4,6
2016-11-05 17:00:00,8.1,3,6.6,3,6.7,5,7.4,3,7.1,5,8.6,3,7.4,5,8.3,3,6.6,3,7.0,3,7.5,4,5.9,6,5.9,7,6.8,7,9.1,5,7.9,3,7.4,6,6.2,5,6.8,7,6.9,7,7.6,6,7.0,7,8.4,7,7.3,7.0,10.2,6,13.6,7,12.5,6,8.0,7,10.5,7,14.3,7,14.0,7,16.7,5,16.3,5,17.1,7,13.4,6
2016-11-05 18:00:00,7.7,3,5.7,3,5.6,5,6.4,3,6.2,4,7.3,2,6.4,4,6.9,3,5.5,3,5.8,3,6.8,3,4.6,6,5.1,7,5.9,7,7.9,5,6.8,3,6.5,6,4.5,5,5.7,7,6.2,7,6.7,6,6.0,7,7.7,7,6.2,7.0,8.9,6,12.3,7,11.4,6,6.7,7,9.7,7,12.6,7,12.4,7,15.6,6,15.3,5,16.6,7,11.9,6
2016-11-05 19:00:00,7.5,3,5.4,3,5.1,5,5.8,3,5.5,3,6.5,2,5.9,4,5.9,2,4.9,3,5.2,3,6.5,3,3.9,6,4.6,6,5.4,7,7.0,5,6.0,3,5.9,6,3.4,5,5.1,7,5.8,7,6.1,6,5.3,7,7.3,7,5.5,7.0,8.0,6,11.4,7,10.5,6,6.2,7,9.2,6,11.8,7,11.4,7,14.7,6,14.3,5,15.9,6,11.2,6
2016-11-05 20:00:00,7.4,3,5.6,4,5.1,4,5.5,4,5.0,3,6.1,2,5.8,3,5.1,2,4.6,3,5.0,3,6.4,3,3.6,6,4.4,6,5.3,7,6.4,4,5.4,3,5.5,5,2.8,5,4.8,7,5.6,7,5.8,6,4.9,7,7.1,7,5.1,7.0,7.6,6,10.7,7,9.8,6,6.3,7,8.9,6,11.5,7,11.0,7,13.9,6,13.4,5,15.2,6,11.1,6
2016-11-05 21:00:00,7.3,3,5.5,4,5.0,4,5.4,4,4.5,3,5.8,3,5.8,2,4.6,2,4.4,3,4.6,3,6.3,4,3.2,6,4.2,6,5.0,7,6.0,4,4.9,3,5.0,5,2.4,5,4.4,7,5.5,7,5.5,6,4.5,7,6.8,7,4.8,7.0,7.2,6,10.2,7,9.1,6,6.2,6,8.5,6,11.4,7,10.7,7,13.2,6,12.5,4,14.7,6,10.9,7
2016-11-05 22:00:00,7.2,4,5.4,4,4.9,5,5.2,3,4.1,4,5.5,3,5.6,2,4.1,3,4.2,4,4.3,4,6.3,4,2.9,6,4.0,6,4.8,7,5.7,4,4.5,3,4.5,6,2.1,5,4.2,7,5.3,7,5.2,6,4.1,6,6.3,7,4.4,6.0,7.1,6,9.8,6,8.5,7,6.1,6,8.2,6,11.0,6,10.3,7,12.5,6,11.8,5,14.2,6,10.6,7
2016-11-05 23:00:00,7.0,4,5.3,5,4.7,5,5.1,3,3.7,4,5.3,3,5.3,2,3.8,3,4.1,4,4.1,4,6.2,4,2.7,6,3.7,6,4.5,7,5.3,4,4.2,4,4.1,6,2.1,5,4.0,7,5.1,7,5.0,6,3.8,6,5.8,6,4.1,6.0,6.9,6,9.5,6,8.0,7,6.1,6,8.0,5,10.5,6,9.9,6,11.9,6,11.2,5,13.9,5,10.2,7
2016-11-06 00:00:00,6.7,4,5.1,5,4.5,5,4.9,3,3.3,4,5.1,4,5.1,2,3.5,3,3.9,4,3.9,4,6.0,4,2.6,6,3.5,6,4.3,6,5.0,4,3.9,4,3.7,6,2.1,5,3.9,6,4.8,6,4.8,5,3.5,6,5.4,6,3.7,6.0,6.8,6,9.1,6,7.4,7,6.1,6,7.8,5,10.1,6,9.5,6,11.3,5,10.7,5,13.6,5,9.9,6
2016-11-06 01:00:00,6.4,4,4.9,5,4.3,5,4.8,4,3.0,5,5.0,4,5.0,3,3.4,4,3.7,5,3.7,4,5.7,5,2.4,6,3.4,6,4.2,6,4.7,5,3.7,5,3.6,6,2.3,5,3.9,6,4.6,6,4.7,5,3.4,6,5.3,6,3.4,6.0,6.6,6,8.7,6,6.9,6,6.0,5,7.6,5,9.7,6,9.3,6,10.8,5,10.4,5,13.4,5,9.9,6
2016-11-06 02:00:00,6.1,4,4.8,5,4.1,6,4.7,5,2.6,5,4.8,4,4.9,5,3.3,5,3.6,5,3.6,5,5.4,5,2.3,7,3.4,6,4.1,6,4.3,6,3.5,5,3.4,6,2.4,5,4.0,6,4.4,6,4.6,5,3.2,6,5.2,6,3.0,5.0,6.3,5,8.3,6,6.4,6,6.0,5,7.4,5,9.4,5,9.1,6,10.4,5,10.2,5,13.2,5,9.9,5
2016-11-06 03:00:00,5.9,3,4.6,2,3.9,3,5.2,4,4.0,5,4.9,2,4.6,3,3.2,3,3.4,7,3.7,7,5.4,7,3.4,6,3.4,5,3.7,5,4.2,4,4.0,7,3.9,6,3.5,7,3.5,6,3.6,6,4.0,6,3.4,5,4.4,6,2.8,7.0,6.7,5,7.5,6,6.8,7,6.1,5,7.2,6,8.7,6,8.6,6,9.6,6,9.8,6,12.4,7,8.9,6
2016-11-06 04:00:00,5.5,3,4.2,2,3.4,3,4.5,3,3.6,6,4.5,2,4.1,2,2.8,2,2.9,7,3.3,7,5.0,7,3.0,6,3.5,6,3.5,5,3.8,4,3.7,7,3.7,7,3.4,6,3.2,7,3.5,6,3.8,6,3.1,6,4.3,6,2.3,7.0,6.3,5,6.8,6,6.1,7,5.9,5,7.1,6,8.1,6,8.1,6,8.9,6,8.9,6,12.0,7,8.7,6
2016-11-06 05:00:00,5.2,4,3.8,3,3.0,4,3.8,3,3.3,6,4.3,2,3.5,2,2.4,2,2.5,7,2.8,7,4.6,7,2.6,6,3.6,6,3.3,5,3.4,4,3.4,7,3.4,7,3.2,6,2.7,7,3.3,5,3.5,6,2.8,6,4.3,6,1.9,7.0,5.8,5,6.2,6,5.4,7,5.6,5,7.1,6,7.6,6,7.6,6,8.3,7,8.1,6,11.8,7,8.5,6
2016-11-06 06:00:00,5.0,4,3.5,3,2.8,5,3.3,2,3.3,6,4.2,3,3.3,2,2.3,2,2.3,7,2.6,7,4.3,7,2.5,6,3.6,7,3.1,5,3.2,4,3.0,7,3.1,7,3.1,6,2.4,7,3.3,5,3.3,6,2.7,6,4.2,6,1.6,7.0,5.5,5,6.1,6,5.2,7,5.6,5,7.0,6,7.5,5,7.5,6,8.1,7,7.8,6,11.8,7,8.6,6
2016-11-06 07:00:00,5.0,4,3.4,4,3.0,5,3.3,2,3.7,7,4.4,3,3.6,3,2.6,3,2.5,6,2.8,6,4.2,6,2.8,7,3.6,7,3.2,5,3.4,4,2.7,6,2.9,7,3.1,6,2.5,7,3.4,5,3.2,6,2.8,6,4.1,6,1.7,7.0,5.5,5,6.8,5,5.7,7,6.1,5,7.0,6,8.1,5,8.2,5,8.7,6,8.4,6,12.2,7,9.2,6
2016-11-06 08:00:00,5.1,5,3.6,5,3.6,6,3.8,2,4.3,7,5.0,3,4.2,4,3.4,4,3.1,6,3.5,6,4.3,6,3.5,7,3.7,7,3.6,5,4.0,4,2.7,6,2.9,7,3.3,6,3.0,7,3.8,5,3.2,7,3.2,7,4.1,6,2.3,7.0,5.8,4,8.0,5,6.7,7,7.0,6,7.1,6,9.1,4,9.3,4,9.8,6,9.6,6,12.9,7,10.2,6
2016-11-06 09:00:00,5.4,5,4.1,5,4.4,6,4.5,3,5.0,7,5.7,3,5.0,4,4.4,4,3.8,5,4.3,5,4.7,5,4.2,7,4.0,7,4.3,6,4.9,4,3.1,6,3.1,7,3.7,7,3.6,7,4.4,5,3.6,7,3.7,7,4.4,6,3.2,7.0,6.4,4,9.3,4,7.8,6,7.9,6,7.5,6,10.5,4,10.6,4,11.0,5,11.1,5,13.8,6,11.3,6
2016-11-06 10:00:00,5.8,6,4.9,6,5.4,7,5.2,4,5.6,7,6.6,3,5.7,4,5.6,5,4.6,5,5.2,5,5.5,5,4.9,7,4.6,7,5.3,6,6.1,4,4.0,6,3.6,7,4.3,7,4.3,7,5.3,6,4.3,7,4.4,7,5.2,6,4.4,6.0,7.3,5,10.4,4,8.7,5,8.7,6,8.2,6,11.9,4,11.7,4,12.1,4,12.6,4,14.8,7,12.2,5
2016-11-06 11:00:00,6.3,6,5.9,6,6.3,7,5.9,4,6.1,7,7.5,3,6.3,3,6.8,5,5.3,5,6.1,5,6.4,5,5.5,7,5.3,7,6.4,6,7.3,5,5.1,5,4.3,7,5.0,7,5.0,6,6.2,6,5.1,7,5.0,7,6.3,6,5.6,5.0,8.3,5,11.1,4,9.5,3,9.4,7,9.1,5,13.2,4,12.5,4,12.9,4,13.8,4,15.8,7,13.0,4
2016-11-06 12:00:00,6.7,6,6.7,6,7.0,7,6.5,5,6.5,7,8.4,3,6.9,2,7.9,5,5.9,5,6.8,5,7.0,5,6.1,7,5.9,7,7.3,6,8.4,5,6.2,5,5.0,7,5.8,7,5.7,6,6.9,6,5.9,7,5.5,7,7.1,6,6.5,5.0,9.3,6,11.6,4,10.2,2,10.0,7,9.9,5,14.3,4,13.1,4,13.5,3,14.8,3,16.5,6,13.6,3
2016-11-06 13:00:00,7.0,6,7.1,6,7.2,7,7.0,5,6.8,7,9.1,4,7.4,3,8.6,5,6.2,5,7.2,5,7.1,5,6.6,7,6.1,6,7.8,6,9.2,5,7.0,5,5.6,7,6.6,7,6.3,6,7.3,7,6.4,7,5.7,7,7.4,6,6.8,5.0,10.0,6,11.8,4,10.8,2,10.6,7,10.4,5,15.1,3,13.5,4,13.8,2,15.4,3,16.7,5,14.0,3
2016-11-06 14:00:00,7.1,6,7.1,6,7.1,7,7.2,5,6.8,7,9.3,4,7.6,3,8.8,5,6.1,6,7.2,5,6.9,5,6.8,6,6.0,6,7.9,6,9.4,4,7.4,5,6.0,7,7.0,7,6.7,7,7.1,7,6.5,7,5.5,6,7.1,6,6.5,6.0,10.4,5,11.7,4,11.1,2,10.8,7,10.5,6,15.3,3,13.5,3,13.7,2,15.5,2,16.5,4,14.0,3
2016-11-06 15:00:00,7.3,5,6.9,6,6.9,6,6.7,5,6.6,7,8.6,2,7.3,4,8.5,4,5.8,5,6.8,5,6.6,5,6.4,6,5.9,5,7.3,6,9.3,5,7.3,5,6.0,7,6.6,7,7.1,6,6.0,7,6.3,5,4.9,7,6.9,6,5.5,7.0,10.2,5,11.1,4,10.2,6,9.3,6,10.2,4,14.0,5,13.1,5,13.5,2,15.0,2,15.8,6,13.6,6
2016-11-06 16:00:00,7.2,5,6.1,5,6.1,6,5.8,5,6.0,6,7.5,2,6.4,4,7.2,4,5.2,4,5.8,4,6.0,4,5.4,6,4.9,4,6.2,6,8.2,4,6.2,5,5.4,7,5.4,7,6.2,6,4.8,6,5.6,4,4.3,7,6.2,7,4.3,6.0,9.3,5,10.2,4,8.9,5,7.8,6,9.5,5,12.7,5,11.8,5,12.8,2,13.8,1,15.1,5,12.6,5
2016-11-06 17:00:00,6.9,5,5.2,5,5.2,5,4.7,5,5.2,6,6.1,2,5.3,3,5.6,4,4.4,4,4.6,4,5.4,4,4.1,6,3.8,3,4.8,6,6.8,3,4.9,4,4.4,6,3.7,7,5.0,6,3.5,6,4.8,4,3.4,7,5.4,7,3.1,6.0,8.0,4,9.1,4,7.3,3,6.0,6,8.5,5,11.2,4,10.2,5,11.9,2,12.1,1,14.3,4,11.3,4
2016-11-06 18:00:00,6.7,5,4.5,5,4.5,5,3.8,5,4.5,6,5.0,2,4.4,2,4.1,4,3.7,4,3.7,3,5.0,3,3.0,5,3.0,3,3.7,6,5.5,2,3.7,4,3.6,6,2.2,7,3.9,7,2.5,6,4.0,4,2.7,7,4.8,7,2.1,5.0,6.7,4,8.0,4,5.8,2,4.6,6,7.6,6,9.8,4,8.7,5,10.9,2,10.5,1,13.5,2,10.1,3
2016-11-06 19:00:00,6.5,5,4.2,5,4.1,4,3.4,5,4.0,6,4.5,3,4.0,2,3.1,4,3.2,3,3.3,3,4.8,3,2.5,6,2.7,3,3.1,6,4.7,2,3.1,4,3.1,6,1.4,7,3.2,7,2.2,6,3.4,4,2.2,6,4.5,7,1.3,5.0,5.8,4,7.2,5,5.1,1,4.1,6,6.9,6,9.0,4,7.8,5,10.1,2,9.5,2,12.7,2,9.4,3
2016-11-06 20:00:00,6.3,5,4.1,5,3.8,4,3.3,4,3.6,6,4.4,4,4.0,2,2.5,4,2.8,3,3.2,2,4.6,2,2.5,6,2.7,4,2.8,6,4.2,2,2.9,5,2.9,6,1.2,7,2.9,6,2.4,6,3.0,5,2.0,6,4.4,6,0.9,5.0,5.2,4,6.5,5,4.8,2,4.2,6,6.4,6,8.5,4,7.3,4,9.5,2,8.8,2,11.9,1,8.9,3
2016-11-06 21:00:00,6.0,5,3.8,5,3.5,4,3.1,4,3.2,6,4.2,4,3.9,3,1.9,4,2.4,3,2.7,3,4.4,3,2.1,6,2.5,5,2.7,6,3.7,2,2.4,5,2.5,6,1.0,6,2.6,6,2.4,6,2.6,5,1.7,5,4.1,6,0.7,5.0,4.9,4,5.9,5,4.4,2,4.2,6,5.9,6,7.9,4,6.6,4,8.9,2,8.1,2,11.2,1,8.3,3
2016-11-06 22:00:00,5.8,5,3.6,5,3.2,5,3.0,4,2.9,6,4.1,4,3.8,3,1.5,5,2.1,3,2.4,3,4.2,3,1.9,6,2.4,5,2.5,6,3.2,3,2.0,5,2.1,6,1.0,6,2.3,6,2.4,6,2.3,5,1.4,5,3.7,6,0.6,5.0,4.7,4,5.4,5,4.1,2,4.2,6,5.6,5,7.4,4,6.1,4,8.3,3,7.5,2,10.7,1,7.8,4
2016-11-06 23:00:00,5.6,5,3.4,5,2.9,5,3.0,5,2.5,6,4.1,5,3.7,3,1.2,5,1.8,3,2.1,3,4.0,3,1.6,6,2.3,5,2.2,6,2.7,3,1.7,6,1.8,6,1.0,6,2.0,7,2.3,6,2.0,5,1.2,5,3.3,6,0.5,5.0,4.6,4,5.0,4,3.8,2,4.1,6,5.3,5,6.9,4,5.8,3,7.7,3,6.9,2,10.2,1,7.3,4
2016-11-07 00:00:00,5.4,5,3.3,5,2.7,6,3.0,5,2.1,6,4.1,5,3.6,4,1.0,5,1.6,4,1.8,4,3.8,4,1.4,6,2.1,5,2.1,6,2.4,4,1.4,6,1.5,6,1.0,6,1.9,7,2.2,6,1.9,5,1.0,5,2.9,6,0.2,5.0,4.4,4,4.8,4,3.6,2,4.0,6,5.1,5,6.5,4,5.6,3,7.3,3,6.4,2,9.9,1,7.0,4
2016-11-07 01:00:00,5.1,5,3.2,5,2.6,6,3.0,5,1.8,6,4.0,5,3.5,4,0.9,5,1.4,4,1.6,4,3.6,4,1.1,6,1.9,5,2.2,6,2.1,5,1.1,6,1.2,6,0.9,5,1.8,7,2.1,6,1.8,5,0.8,5,2.6,6,-0.2,5.0,4.1,4,4.6,4,3.4,3,4.0,6,4.9,5,6.2,4,5.5,4,7.0,4,5.9,2,9.6,2,6.8,4
2016-11-07 02:00:00,5.0,5,3.1,5,2.5,6,2.9,5,1.4,7,4.0,5,3.5,5,0.8,5,1.3,5,1.4,5,3.5,4,0.8,6,1.7,5,2.4,6,2.0,6,0.9,5,1.0,5,0.7,5,1.8,7,2.0,6,1.6,5,0.6,5,2.5,6,-0.9,5.0,3.7,4,4.5,5,3.1,4,4.0,5,4.8,5,5.9,4,5.5,4,6.8,4,5.4,3,9.3,2,6.7,5
2016-11-07 03:00:00,7.2,6,4.8,6,3.2,4,5.2,5,2.4,5,4.3,2,4.2,3,2.8,5,3.0,7,3.2,6,4.5,6,1.8,7,1.2,6,1.6,7,3.0,4,2.4,4,1.5,6,1.2,6,1.6,7,1.3,7,1.0,5,0.2,3,2.3,6,-0.7,6.0,3.7,3,3.8,3,2.5,2,3.6,6,5.1,6,5.9,2,5.0,2,6.2,2,5.6,1,9.4,2,6.7,4
2016-11-07 04:00:00,7.3,5,4.8,6,3.3,4,5.0,5,2.3,5,4.2,1,3.9,3,2.7,4,3.0,7,3.2,7,4.5,7,1.4,7,1.1,6,1.4,6,2.7,3,2.2,4,1.4,6,0.9,7,1.4,7,1.3,7,0.7,5,0.0,4,2.1,5,-1.1,6.0,3.3,4,2.9,3,1.7,2,3.3,6,5.1,6,5.3,3,4.3,2,5.5,2,4.8,1,8.8,2,6.2,4
2016-11-07 05:00:00,7.3,5,4.5,6,3.2,5,4.8,5,2.1,5,4.2,1,3.5,3,2.5,3,2.9,7,3.1,7,4.3,7,1.0,7,1.1,5,1.2,6,2.3,2,1.9,5,1.2,6,0.6,7,1.2,6,1.3,7,0.5,4,0.0,4,2.0,5,-1.3,6.0,2.9,4,2.0,3,0.9,2,3.0,6,4.9,6,4.8,4,3.7,3,4.9,2,4.2,1,8.3,2,5.9,4
2016-11-07 06:00:00,7.2,5,4.3,6,3.0,6,4.7,4,2.1,5,4.3,2,3.4,3,2.5,2,2.9,7,3.1,6,4.2,6,0.8,7,1.2,5,1.1,6,2.1,2,1.7,5,1.1,6,0.5,7,1.1,6,1.4,7,0.4,4,0.1,5,1.9,5,-1.4,6.0,2.7,4,1.7,3,0.7,2,3.2,6,4.8,6,4.7,4,3.7,3,4.8,2,4.1,1,8.3,2,6.1,3
2016-11-07 07:00:00,7.1,6,4.3,6,2.9,7,4.8,5,2.4,6,4.6,2,3.7,3,2.7,3,3.2,7,3.4,7,4.2,7,1.1,6,1.4,6,1.3,7,2.5,2,1.7,5,1.2,6,0.7,7,1.2,6,1.6,7,0.7,5,0.4,5,1.8,5,-1.1,7.0,2.9,4,2.4,3,1.3,2,4.1,6,4.9,6,5.4,4,4.6,3,5.5,2,4.9,1,9.1,2,7.2,3
2016-11-07 08:00:00,7.0,6,4.5,6,2.9,7,5.2,5,2.8,6,5.0,2,4.3,4,3.3,4,3.7,7,3.8,7,4.4,7,1.8,6,1.8,6,1.8,7,3.4,2,2.1,6,1.7,7,1.2,7,1.4,7,2.0,7,1.3,6,0.9,6,1.9,6,-0.3,7.0,3.5,4,3.8,3,2.5,2,5.4,7,5.2,6,6.8,3,6.2,3,6.7,2,6.3,2,10.5,2,8.8,3
2016-11-07 09:00:00,6.9,6,5.0,6,3.2,7,5.7,6,3.4,7,5.7,3,5.0,5,4.2,5,4.4,7,4.5,7,4.9,7,2.7,6,2.2,6,2.6,7,4.7,2,2.9,6,2.4,7,2.0,7,1.9,7,2.6,7,2.2,6,1.7,6,2.4,7,0.7,7.0,4.6,5,5.5,2,4.0,2,6.7,7,5.7,6,8.3,3,7.9,3,8.1,2,8.2,2,12.0,2,10.4,3
2016-11-07 10:00:00,6.9,6,5.7,7,3.8,6,6.3,6,4.0,7,6.7,2,5.7,5,5.5,5,5.1,7,5.2,7,5.7,7,3.5,6,2.7,6,3.6,6,6.1,3,4.1,6,3.4,7,3.1,7,2.6,7,3.3,6,3.4,6,2.8,7,3.3,7,2.0,7.0,6.1,5,7.1,2,5.3,2,7.7,7,6.5,6,9.8,3,9.3,2,9.4,2,10.2,2,13.3,2,11.5,4
2016-11-07 11:00:00,7.1,6,6.5,6,4.6,5,6.9,6,4.5,7,7.7,2,6.4,5,7.0,5,5.8,7,6.0,7,6.5,7,4.2,7,3.3,6,4.6,6,7.5,4,5.5,6,4.6,7,4.3,7,3.4,7,4.1,6,4.6,6,4.0,7,4.5,7,3.2,7.0,7.8,5,8.5,2,6.5,2,8.5,7,7.5,6,11.1,3,10.4,2,10.6,2,12.0,2,14.3,2,12.3,4
2016-11-07 12:00:00,7.3,6,7.2,6,5.3,5,7.5,6,5.0,6,8.7,2,7.0,4,8.2,5,6.2,7,6.6,7,7.2,7,4.9,7,3.9,6,5.5,6,8.7,4,6.8,6,5.6,7,5.4,7,4.2,7,4.7,5,5.6,5,5.0,7,5.5,7,4.0,7.0,9.2,5,9.5,2,7.4,2,9.1,7,8.4,6,12.2,3,11.2,2,11.4,2,13.3,1,14.9,2,12.8,4
2016-11-07 13:00:00,7.6,6,7.6,6,5.8,5,8.0,6,5.4,6,9.3,2,7.5,5,8.9,5,6.3,7,7.1,7,7.4,7,5.5,7,4.5,6,6.1,6,9.5,4,7.7,6,6.3,7,6.3,7,4.9,7,5.1,6,6.3,5,5.5,7,6.1,7,4.1,7.0,10.1,5,10.0,3,8.0,2,9.7,7,9.2,6,13.0,3,11.7,2,11.9,2,13.8,1,15.1,1,13.2,4
2016-11-07 14:00:00,7.9,6,7.7,6,6.0,6,8.3,6,5.7,6,9.5,2,7.9,5,9.2,5,6.3,7,7.2,7,7.3,7,5.8,7,4.8,6,6.3,6,9.8,4,8.2,6,6.7,7,6.8,7,5.4,7,5.1,6,6.5,5,5.4,7,6.3,7,3.7,7.0,10.3,5,10.0,3,8.2,2,9.9,7,9.6,7,13.3,2,11.7,2,11.9,2,13.6,1,15.0,1,13.2,4
2016-11-07 15:00:00,8.5,5,8.3,5,7.6,6,8.1,4,6.9,7,9.4,2,7.9,4,9.0,4,7.1,5,7.9,5,7.7,5,6.1,6,4.5,7,5.7,7,9.6,2,7.9,4,5.9,7,6.2,7,5.6,7,4.3,7,5.6,6,4.5,7,5.6,6,2.8,7.0,9.5,4,8.8,3,7.2,2,8.4,6,8.6,2,11.8,2,10.7,2,11.0,1,12.3,1,14.2,1,11.4,3
2016-11-07 16:00:00,8.1,4,7.6,6,6.8,7,7.4,4,6.3,5,8.3,2,7.2,4,7.9,4,6.4,4,6.9,4,7.1,4,5.3,5,4.0,7,4.8,7,8.7,2,7.0,4,5.5,6,5.2,7,5.1,7,3.6,7,5.0,6,4.0,7,5.1,6,2.0,7.0,8.4,3,8.0,3,5.8,1,6.8,6,8.0,2,10.6,2,9.5,2,10.2,2,11.0,1,13.5,1,10.4,3
2016-11-07 17:00:00,7.6,4,6.7,5,5.9,7,6.6,4,5.5,4,7.1,1,6.3,3,6.6,3,5.5,3,5.6,3,6.4,3,4.2,4,3.4,6,3.6,7,7.6,2,5.9,3,4.9,5,3.8,6,4.4,6,2.8,7,4.3,6,3.4,7,4.5,7,1.2,6.0,7.0,2,7.1,3,4.1,1,4.9,5,7.1,2,9.2,2,8.0,2,9.2,2,9.5,1,12.5,1,9.2,2
2016-11-07 18:00:00,7.2,3,5.9,5,5.1,6,5.8,4,4.7,4,6.0,1,5.5,2,5.3,2,4.8,2,4.6,2,5.9,2,3.2,3,2.8,6,2.7,7,6.6,2,4.9,3,4.3,4,2.6,6,3.6,6,2.2,6,3.6,6,2.9,7,4.1,7,0.4,6.0,5.7,2,6.2,3,2.8,1,3.3,5,6.2,2,8.0,2,6.8,2,8.4,2,8.1,1,11.5,1,8.3,2
2016-11-07 19:00:00,6.9,3,5.4,4,4.6,6,5.4,4,4.0,4,5.5,2,5.2,2,4.4,2,4.4,2,4.1,3,5.6,3,2.7,4,2.4,6,2.3,7,5.9,2,4.4,3,3.9,5,2.1,6,3.1,6,2.0,6,3.1,6,2.5,6,3.9,7,-0.5,6.0,4.9,2,5.6,3,2.3,2,2.7,5,5.5,2,7.5,2,6.2,2,8.0,1,7.1,1,10.6,1,8.0,3
2016-11-07 20:00:00,6.7,3,5.2,4,4.3,5,5.3,4,3.4,5,5.3,2,5.1,3,3.8,2,4.1,3,3.9,3,5.5,3,2.5,4,2.0,6,2.1,7,5.3,2,4.2,4,3.6,6,2.0,6,2.8,7,2.1,7,2.8,6,2.3,6,3.8,7,-1.2,6.0,4.4,2,5.1,3,2.4,2,2.8,5,5.0,2,7.4,3,6.0,2,7.8,1,6.5,1,9.8,1,8.1,3
2016-11-07 21:00:00,6.5,3,5.0,3,4.0,5,5.1,3,2.9,5,4.9,2,4.9,3,3.3,2,3.7,3,3.6,4,5.3,4,2.3,5,1.8,6,2.0,7,4.7,2,3.9,4,3.3,6,1.9,6,2.5,6,1.9,7,2.5,6,2.1,6,3.6,7,-1.5,6.0,4.1,2,4.7,3,2.1,2,2.8,5,4.6,2,6.9,3,5.7,2,7.3,2,5.9,1,9.2,2,8.0,3
2016-11-07 22:00:00,6.2,3,4.8,3,3.6,5,4.9,3,2.5,5,4.7,2,4.7,3,2.8,3,3.4,3,3.3,4,5.2,4,2.2,5,1.6,6,1.9,7,4.2,3,3.5,4,2.9,6,1.8,6,2.4,6,1.8,6,2.2,6,2.0,6,3.4,7,-1.7,6.0,3.9,2,4.3,3,1.9,2,2.8,5,4.3,3,6.5,3,5.4,3,6.8,2,5.3,1,8.7,2,7.7,4
2016-11-07 23:00:00,5.9,3,4.5,3,3.1,5,4.7,3,2.2,5,4.5,3,4.5,3,2.5,3,3.1,4,3.1,4,5.0,5,2.1,5,1.5,6,1.8,7,3.8,4,3.3,5,2.7,6,1.7,6,2.3,5,1.6,6,2.0,6,1.9,6,3.1,7,-1.8,6.0,3.7,3,4.1,4,1.7,2,2.6,5,4.1,3,6.0,3,5.1,3,6.3,2,4.8,1,8.4,2,7.3,4
2016-11-08 00:00:00,5.6,4,4.2,4,2.7,5,4.5,3,1.9,5,4.4,3,4.4,3,2.3,4,2.8,4,2.9,4,4.9,5,2.0,5,1.4,6,1.7,6,3.5,4,3.0,5,2.5,6,1.7,6,2.2,5,1.5,6,1.9,6,1.8,6,2.7,6,-2.1,6.0,3.6,3,4.0,4,1.5,2,2.6,5,4.1,4,5.6,3,4.9,3,5.9,2,4.4,2,8.1,2,6.9,4
2016-11-08 01:00:00,5.4,4,3.9,4,2.5,5,4.2,4,1.7,5,4.3,4,4.2,3,2.2,4,2.6,4,2.7,5,4.7,5,1.9,6,1.4,6,1.7,6,3.4,5,2.8,5,2.3,6,1.7,6,2.1,5,1.3,6,1.9,6,1.7,6,2.4,6,-2.6,5.0,3.4,3,3.9,4,1.3,2,2.6,5,4.0,4,5.1,4,4.8,3,5.5,2,3.9,2,7.9,2,6.6,4
2016-11-08 02:00:00,5.2,4,3.7,5,2.4,5,3.9,5,1.4,5,4.3,4,4.1,4,2.2,5,2.4,5,2.5,5,4.6,5,1.7,6,1.3,6,1.8,6,3.3,6,2.6,5,2.1,6,1.7,5,1.9,6,1.1,6,1.8,6,1.5,6,2.1,6,-3.4,5.0,3.2,4,3.8,4,1.0,2,2.6,5,4.0,4,4.7,4,4.8,4,5.2,3,3.5,2,7.7,2,6.4,4
2016-11-08 03:00:00,4.9,5,2.8,6,1.4,4,4.8,3,1.2,4,4.5,2,4.3,2,3.0,3,2.4,5,2.8,6,4.3,6,2.0,6,1.4,6,1.6,7,3.4,2,2.6,4,2.7,6,2.3,6,2.2,6,1.5,7,1.5,5,1.5,6,2.7,7,-3.5,6.0,3.2,3,2.9,2,1.1,2,2.3,5,4.4,6,5.1,3,4.1,3,5.0,2,3.9,1,7.6,1,6.6,2
2016-11-08 04:00:00,4.7,5,2.6,5,1.0,4,4.0,3,0.9,5,4.2,2,3.8,2,2.4,3,1.9,5,2.5,6,3.9,6,1.6,6,1.3,7,1.7,7,2.8,2,2.1,4,2.3,6,2.0,6,2.0,6,1.6,7,1.3,4,1.3,6,2.8,7,-3.5,6.0,2.9,3,2.1,2,0.5,2,1.7,5,4.4,6,4.8,3,3.6,3,4.6,2,3.3,1,7.1,1,6.4,2
2016-11-08 05:00:00,4.5,4,2.3,4,0.7,4,3.2,2,0.7,6,4.1,3,3.5,2,1.9,3,1.4,5,2.2,5,3.5,5,1.2,6,1.2,7,1.7,7,2.2,2,1.6,4,2.0,6,1.6,6,2.0,6,1.7,7,1.1,4,1.1,6,2.9,7,-3.5,6.0,2.6,3,1.3,2,0.0,2,1.3,5,4.1,6,4.5,4,3.2,4,4.3,2,2.8,1,6.8,1,6.2,2
2016-11-08 06:00:00,4.3,4,2.2,4,0.6,4,2.7,3,0.9,6,4.3,3,3.5,2,1.8,3,1.2,4,2.1,5,3.2,5,1.0,6,1.0,7,1.7,7,2.0,2,1.3,4,1.8,6,1.4,6,2.0,6,1.7,7,0.9,4,1.1,6,2.9,7,-3.4,7.0,2.4,3,1.1,3,-0.1,2,1.5,5,3.9,6,4.6,5,3.3,4,4.3,2,2.7,1,6.9,1,6.4,2
2016-11-08 07:00:00,4.4,3,2.4,4,1.0,4,3.0,3,1.5,6,4.8,3,4.1,2,2.2,4,1.6,4,2.3,5,3.2,5,1.3,6,0.9,7,1.7,7,2.4,2,1.4,4,1.8,7,1.6,6,2.2,6,1.7,7,0.8,4,1.1,7,2.7,7,-3.3,7.0,2.3,3,2.0,3,0.6,2,2.6,6,4.0,6,5.3,4,4.3,4,4.9,2,3.2,1,7.7,2,7.2,2
2016-11-08 08:00:00,4.6,3,2.9,4,1.7,5,3.8,4,2.4,6,5.7,3,5.0,3,3.1,4,2.3,4,2.9,4,3.5,4,2.0,6,0.9,7,1.9,7,3.4,3,1.9,4,2.1,7,2.0,6,2.5,6,1.7,7,1.0,5,1.3,7,2.6,7,-2.8,7.0,2.6,3,3.5,4,1.8,2,4.3,6,4.3,6,6.5,3,5.9,3,5.9,2,4.4,1,9.0,2,8.4,2
2016-11-08 09:00:00,5.1,3,3.2,4,2.6,6,5.7,5,3.9,6,6.8,3,6.0,4,4.7,5,3.2,4,3.7,4,4.1,4,2.8,6,0.6,7,2.4,7,5.9,3,2.5,5,2.5,7,2.4,6,3.0,7,1.7,7,1.2,5,1.2,7,2.7,7,-0.9,7.0,2.7,3,6.3,4,3.4,3,5.3,7,4.5,6,8.0,2,7.6,3,6.8,2,6.3,1,10.4,2,10.0,3
2016-11-08 10:00:00,5.7,4,4.5,5,3.4,7,6.7,5,4.7,6,8.0,3,6.9,5,5.7,5,4.1,4,4.7,4,4.9,4,3.6,7,1.3,7,3.3,7,7.0,4,3.4,6,3.1,7,2.9,6,3.6,7,2.1,7,1.8,6,1.8,7,3.3,7,0.6,7.0,4.2,4,7.6,4,5.0,3,6.3,7,5.4,6,9.6,2,8.9,3,8.3,2,8.8,1,11.9,2,11.1,3
2016-11-08 11:00:00,6.3,5,5.8,5,4.2,7,7.7,5,5.3,6,9.2,3,7.7,6,6.6,4,4.8,5,5.7,4,5.8,4,4.3,7,2.0,7,4.3,7,7.9,4,4.3,6,3.8,7,3.4,6,4.3,7,2.6,7,2.6,6,2.4,6,4.0,6,2.5,7.0,6.0,4,8.4,4,6.5,2,6.9,7,6.3,6,11.1,2,10.0,3,9.8,1,11.3,1,13.1,2,11.9,3
2016-11-08 12:00:00,6.8,5,6.8,5,4.9,7,8.6,5,5.8,6,10.2,4,8.4,6,7.4,4,5.4,5,6.5,4,6.5,5,5.0,7,2.7,7,5.2,7,8.7,5,5.2,6,4.5,7,4.1,7,5.0,6,3.1,7,3.3,5,3.0,6,4.7,6,3.7,7.0,7.7,5,8.9,3,7.7,2,7.4,7,7.2,6,12.3,2,10.7,3,10.9,1,13.2,1,14.0,2,12.4,3
2016-11-08 13:00:00,7.1,5,7.4,6,5.3,7,9.2,5,6.0,6,10.9,4,8.9,6,8.1,4,5.8,5,7.1,5,6.9,5,5.5,6,3.3,6,5.8,6,9.4,5,5.9,6,5.2,7,4.8,7,5.5,6,3.4,7,3.9,5,3.5,6,5.0,6,3.9,7.0,8.9,6,9.0,3,8.4,2,7.9,7,8.0,6,13.1,2,11.2,3,11.5,1,14.0,1,14.3,2,12.6,3
2016-11-08 14:00:00,7.3,5,7.4,6,5.4,6,9.4,5,6.1,6,11.2,4,9.2,6,8.4,4,5.9,5,7.2,5,7.0,5,5.7,6,3.5,6,5.8,6,9.8,6,6.4,6,5.6,6,5.4,7,5.8,6,3.4,7,4.4,5,3.6,7,4.9,6,3.3,7.0,9.5,6,8.9,3,8.5,2,8.3,7,8.3,5,13.3,2,11.3,3,11.5,1,13.9,1,14.3,2,12.5,3
2016-11-08 15:00:00,7.0,4,7.0,5,6.2,6,8.0,5,5.9,7,11.0,7,9.2,7,9.2,5,5.9,5,6.6,5,6.6,5,5.3,6,3.7,6,4.6,6,9.7,5,7.5,6,5.5,5,6.0,6,5.4,5,3.6,7,5.1,5,4.0,6,4.6,6,2.4,5.0,9.6,6,8.4,3,8.1,2,8.5,6,8.8,6,12.3,2,10.9,3,11.1,1,12.9,1,14.7,1,11.8,2
2016-11-08 16:00:00,6.9,4,6.3,5,5.4,5,7.3,5,5.3,6,10.7,7,8.8,7,8.5,5,5.4,5,5.8,5,6.2,5,4.4,6,3.0,6,3.6,6,9.2,5,6.8,6,5.3,5,5.0,6,4.6,5,2.8,6,4.6,5,3.6,5,4.1,5,1.6,5.0,8.9,6,7.5,2,6.5,1,7.3,6,8.4,6,10.8,2,9.5,2,10.3,1,11.6,1,14.0,1,10.9,2
2016-11-08 17:00:00,6.7,5,5.5,6,4.3,5,6.5,5,4.5,6,10.2,7,8.2,7,7.5,5,4.9,6,5.0,6,5.7,6,3.3,5,2.1,6,2.4,5,8.6,5,6.0,6,4.9,5,3.8,5,3.5,4,1.8,6,4.1,5,3.1,4,3.5,4,1.0,4.0,7.8,5,6.5,1,4.6,1,5.8,5,7.8,5,9.1,2,7.8,2,9.2,1,10.1,1,13.1,1,9.8,2
2016-11-08 18:00:00,6.5,5,5.0,6,3.5,5,6.0,6,3.9,5,9.7,6,7.7,7,6.7,6,4.4,6,4.4,6,5.4,6,2.6,5,1.5,6,1.4,5,8.1,5,5.4,7,4.5,5,2.7,5,2.6,4,1.1,5,3.7,5,2.7,3,3.1,3,0.4,4.0,6.9,5,5.6,1,3.1,1,4.8,4,7.2,4,7.7,1,6.4,1,8.3,1,8.6,1,12.0,1,8.9,2
2016-11-08 19:00:00,6.4,5,4.9,6,3.2,5,6.1,6,3.8,6,9.4,6,7.7,6,6.5,6,4.2,6,4.4,6,5.3,6,2.6,6,1.4,6,1.0,5,8.0,6,5.3,6,4.3,5,2.3,5,2.1,4,0.9,5,3.6,5,2.6,3,2.9,3,-0.2,4.0,6.8,5,4.9,1,2.5,1,4.7,4,6.9,4,7.1,1,5.6,1,7.7,1,7.4,1,10.9,1,8.6,3
2016-11-08 20:00:00,6.4,6,5.1,5,3.3,5,6.6,6,3.9,6,9.3,5,8.1,5,6.7,6,4.2,6,4.7,6,5.4,7,3.1,6,1.7,6,0.9,4,8.1,6,5.6,6,4.3,5,2.3,5,2.0,4,1.0,5,3.7,6,2.6,4,2.9,3,-0.8,3.0,7.2,6,4.3,1,2.6,1,5.3,5,6.7,5,7.0,2,5.3,2,7.3,1,6.5,1,10.0,1,8.6,3
2016-11-08 21:00:00,6.4,6,5.2,5,3.3,5,7.1,6,3.8,6,9.2,5,8.5,4,7.1,6,4.4,6,5.0,6,5.5,6,3.1,6,1.6,6,0.8,5,8.5,6,5.8,6,4.3,5,2.3,5,1.9,4,0.8,5,3.8,6,2.6,5,2.7,3,-1.4,3.0,7.6,6,3.8,2,2.5,1,5.6,5,6.6,5,6.8,2,4.8,2,6.7,1,5.8,2,9.2,2,8.3,3
2016-11-08 22:00:00,6.4,6,5.3,5,3.5,5,7.5,6,3.7,6,9.0,4,8.8,4,7.5,6,4.6,6,5.0,6,5.6,6,3.1,7,1.5,6,0.8,5,8.9,5,6.0,6,4.2,5,2.2,6,1.8,4,0.7,5,3.9,6,2.5,5,2.5,3,-1.9,4.0,8.0,6,3.4,2,2.4,1,5.8,6,6.5,5,6.4,2,4.5,3,6.1,1,5.2,2,8.7,2,8.0,3
2016-11-08 23:00:00,6.5,6,5.3,5,3.6,6,7.8,6,3.5,6,8.9,4,8.9,3,7.7,6,4.8,6,4.9,6,5.7,6,3.1,7,1.5,6,0.7,5,9.2,4,5.9,6,4.1,6,2.2,6,1.7,5,0.5,6,4.0,6,2.4,5,2.2,3,-2.5,4.0,8.3,6,3.3,2,2.1,2,5.9,6,6.5,5,6.0,3,4.4,3,5.7,2,4.8,2,8.4,2,7.7,4
2016-11-09 00:00:00,6.5,6,5.3,6,3.6,6,7.8,6,3.3,6,8.7,4,8.9,3,7.9,6,4.9,6,4.7,6,5.8,5,3.0,7,1.4,5,0.7,5,9.4,4,5.8,6,4.0,6,2.4,6,1.7,5,0.4,6,4.1,6,2.4,6,2.0,4,-3.1,4.0,8.5,6,3.3,3,1.8,2,6.1,6,6.7,5,5.7,3,4.3,3,5.4,2,4.5,3,8.3,3,7.5,4
2016-11-09 01:00:00,6.5,6,5.2,6,3.6,6,7.6,6,3.1,6,8.5,4,8.7,4,7.9,6,5.0,5,4.7,6,5.8,5,2.8,7,1.3,5,0.7,5,9.3,5,5.8,6,3.9,6,2.7,6,1.6,5,0.4,6,4.2,6,2.6,6,1.7,4,-3.7,4.0,8.6,6,3.6,4,1.6,3,6.4,6,7.2,5,5.5,4,4.5,4,5.5,3,4.4,3,8.2,3,7.3,4
2016-11-09 02:00:00,6.5,6,5.2,6,3.5,6,7.3,6,2.9,6,8.4,4,8.5,4,7.8,6,5.0,5,4.9,6,5.9,5,2.7,7,1.1,5,0.8,6,9.1,6,5.9,6,3.9,6,3.1,5,1.6,6,0.4,6,4.5,6,3.0,6,1.5,4,-4.2,5.0,8.7,5,3.8,4,1.4,4,6.8,6,7.8,5,5.4,4,4.6,4,5.7,4,4.2,4,8.1,3,7.1,4
2016-11-09 03:00:00,6.6,7,5.6,7,3.8,6,8.2,5,3.3,7,8.2,4,8.3,3,7.8,3,5.8,6,5.9,6,7.0,6,3.5,6,1.2,7,1.0,6,9.1,2,6.9,6,5.4,6,4.6,7,2.0,6,0.6,4,5.2,6,3.5,6,2.2,6,-2.6,5.0,8.9,5,3.0,6,1.2,6,7.5,6,8.6,6,5.6,6,4.2,6,5.5,6,3.8,2,7.4,2,7.1,7
2016-11-09 04:00:00,6.5,7,5.7,7,3.9,6,8.0,4,3.2,6,8.1,4,7.8,3,7.3,2,5.8,6,6.1,6,7.1,6,3.4,6,1.5,7,1.1,6,8.6,2,7.0,6,5.5,6,5.0,6,2.3,6,0.8,5,5.4,5,3.9,5,2.7,6,-2.4,5.0,9.0,5,2.6,6,0.8,7,7.7,6,8.9,6,5.5,7,4.1,6,5.3,6,3.6,3,7.0,2,7.2,7
2016-11-09 05:00:00,6.5,6,5.7,6,4.0,6,7.7,4,3.2,6,8.1,3,7.5,2,6.9,2,5.6,6,6.2,6,7.1,6,3.2,6,1.8,7,1.2,6,8.1,2,7.0,5,5.5,6,5.1,6,2.6,6,1.0,6,5.6,5,4.3,5,3.3,6,-2.2,6.0,9.0,5,2.0,7,0.5,7,7.8,5,9.0,5,5.5,7,4.0,7,5.1,6,3.4,3,6.9,2,7.5,6
2016-11-09 06:00:00,6.6,6,5.7,6,4.0,6,7.6,5,3.3,6,8.2,3,7.4,2,6.8,2,5.6,6,6.3,6,7.0,6,3.2,7,2.0,7,1.2,7,7.8,2,7.0,5,5.5,6,5.1,6,2.9,6,1.2,7,5.7,4,4.5,5,3.7,6,-2.1,6.0,9.1,5,1.9,7,0.4,7,8.0,5,9.0,5,5.7,6,4.3,7,5.2,5,3.4,3,7.1,2,8.1,6
2016-11-09 07:00:00,6.7,7,5.7,6,3.9,6,7.8,5,3.6,6,8.5,3,7.7,3,7.1,3,5.8,6,6.4,6,6.9,6,3.5,7,1.9,7,1.2,7,7.9,2,6.9,5,5.5,6,5.1,6,3.1,6,1.5,7,5.8,5,4.5,5,3.8,6,-2.1,7.0,9.2,5,2.6,7,0.9,6,8.5,5,9.0,6,6.4,6,5.3,7,6.0,5,3.9,4,8.0,3,9.2,6
2016-11-09 08:00:00,6.9,7,5.7,7,3.9,6,8.2,5,4.0,7,8.9,4,8.1,3,7.6,3,6.1,7,6.5,7,7.0,7,4.0,7,1.8,7,1.3,7,8.4,3,6.9,5,5.6,6,5.3,7,3.3,7,1.8,7,6.1,6,4.6,6,3.9,6,-1.9,7.0,9.4,6,3.8,7,1.8,5,9.3,6,9.2,6,7.6,6,6.8,6,7.3,5,4.9,4,9.3,3,10.6,6
2016-11-09 09:00:00,7.3,7,6.1,7,4.1,6,8.8,6,4.5,7,9.5,5,8.7,4,8.4,5,6.6,7,6.8,7,7.2,7,4.7,7,2.0,7,1.5,7,9.1,3,7.2,6,6.0,7,5.8,7,3.7,7,2.2,6,6.6,6,5.0,7,4.1,6,-1.0,7.0,9.8,7,5.4,7,3.1,5,10.0,6,9.6,7,9.1,6,8.4,6,8.7,5,6.5,4,10.9,3,12.1,6
2016-11-09 10:00:00,7.8,6,6.9,7,4.7,6,9.4,5,5.0,7,10.3,5,9.2,5,9.3,6,7.2,7,7.2,7,7.7,7,5.4,7,2.6,7,2.0,7,10.0,3,8.0,6,6.7,7,6.6,8,4.4,7,2.8,6,7.4,6,5.9,7,4.7,7,0.8,7.0,10.4,7,6.9,6,4.5,5,10.6,6,10.4,7,10.8,5,9.8,5,10.1,5,8.6,4,12.5,2,13.4,6
2016-11-09 11:00:00,8.4,6,7.8,7,5.4,7,9.9,5,5.5,7,11.2,5,9.7,6,10.2,6,7.8,7,7.8,7,8.2,7,6.1,7,3.5,7,2.7,7,11.0,4,9.1,6,7.5,7,7.7,7,5.3,7,3.4,7,8.3,6,6.9,7,5.6,7,2.8,7.0,11.3,6,8.4,5,5.8,5,11.1,6,11.2,7,12.5,3,10.9,5,11.2,4,10.8,3,13.9,2,14.4,5
2016-11-09 12:00:00,9.0,6,8.7,6,6.2,7,10.5,5,6.0,7,12.0,6,10.3,6,11.0,7,8.3,7,8.4,7,8.8,7,6.8,7,4.4,7,3.6,7,11.9,4,10.2,6,8.4,7,8.7,7,6.3,7,4.0,7,9.1,5,7.8,7,6.4,7,4.3,7.0,12.1,6,9.6,4,7.0,5,11.6,7,12.0,7,13.9,3,11.8,4,12.1,3,12.5,2,14.8,2,15.0,5
2016-11-09 13:00:00,9.6,6,9.3,6,6.8,7,11.0,5,6.5,7,12.6,5,10.9,6,11.7,7,8.7,7,9.0,7,9.2,7,7.6,7,5.1,7,4.5,7,12.5,5,11.0,6,9.1,7,9.6,7,7.1,7,4.5,7,9.5,5,8.1,7,6.9,7,4.7,7.0,12.8,6,10.6,4,7.8,4,12.1,7,12.4,7,14.9,3,12.5,4,12.6,2,13.4,2,15.1,2,15.2,5
2016-11-09 14:00:00,10.0,6,9.5,6,7.1,6,11.3,5,6.9,7,12.8,5,11.3,7,12.1,6,8.9,6,9.3,6,9.4,6,8.1,7,5.5,7,5.3,7,12.8,5,11.3,6,9.6,7,10.0,7,7.7,7,4.9,7,9.6,5,8.0,7,7.1,7,4.2,7.0,13.2,6,11.1,5,8.1,3,12.4,7,12.4,7,15.2,3,12.8,4,12.7,2,13.5,2,14.9,2,15.1,4
2016-11-09 15:00:00,8.2,6,7.7,5,5.5,7,10.1,6,5.2,7,12.4,5,11.0,7,11.7,5,7.3,5,7.8,6,7.7,6,5.8,7,3.5,7,4.0,7,12.4,5,10.1,7,8.0,7,8.1,7,5.7,7,2.8,7,8.6,7,7.6,6,6.7,7,2.5,7.0,13.1,7,9.8,5,6.8,4,12.0,7,12.7,6,14.6,4,12.3,4,12.1,5,12.3,2,14.0,2,15.3,5
2016-11-09 16:00:00,8.4,6,7.7,5,5.5,7,9.5,6,5.2,6,11.5,6,10.4,7,10.9,5,7.2,5,7.4,5,7.6,5,5.4,6,3.2,7,3.2,7,11.7,5,9.6,7,8.0,6,7.5,6,5.4,7,2.3,7,8.0,6,7.2,6,6.6,7,2.1,7.0,12.3,6,9.2,4,6.6,3,10.7,7,12.1,6,13.6,4,11.5,4,11.7,4,11.5,2,13.6,2,14.6,5
2016-11-09 17:00:00,8.6,6,7.6,5,5.3,6,8.7,6,5.1,5,10.2,6,9.6,7,9.7,5,6.9,5,7.0,5,7.5,5,4.9,6,2.7,7,2.2,6,10.8,4,8.9,6,7.7,6,6.5,5,4.9,6,1.8,7,7.3,6,6.8,6,6.5,7,2.0,6.0,11.1,5,8.5,3,6.3,2,9.1,6,11.2,5,12.4,4,10.5,3,11.2,3,10.5,2,13.1,2,13.7,5
2016-11-09 18:00:00,8.7,6,7.4,6,5.2,6,8.2,6,5.0,5,9.3,6,9.0,6,8.7,5,6.7,5,6.6,5,7.4,5,4.6,6,2.4,7,1.4,6,9.9,4,8.2,6,7.3,5,5.6,5,4.3,6,1.5,6,6.7,6,6.3,6,6.3,7,1.9,6.0,10.1,4,7.9,3,5.9,2,7.8,5,10.5,5,11.3,3,9.5,3,10.8,2,9.6,2,12.5,1,12.9,5
2016-11-09 19:00:00,8.8,6,7.3,6,5.1,6,8.3,6,5.0,5,9.0,5,8.9,6,8.2,5,6.5,6,6.6,6,7.3,6,4.8,6,2.4,6,1.2,6,9.4,4,7.9,6,7.0,5,5.1,5,4.1,6,1.5,6,6.3,6,5.9,5,6.1,7,1.6,5.0,9.5,5,7.5,3,5.6,2,7.4,5,10.0,5,10.7,3,8.9,3,10.5,1,9.1,2,11.8,1,12.4,5
2016-11-09 20:00:00,8.9,6,7.3,6,5.1,6,8.6,6,5.1,5,9.2,5,9.0,6,8.0,6,6.5,6,6.7,6,7.3,6,5.1,6,2.5,6,1.4,7,9.1,5,7.8,6,6.7,5,4.9,6,4.1,6,1.8,7,6.2,6,5.7,6,6.0,6,1.3,5.0,9.2,6,7.3,3,5.3,2,7.5,6,9.7,5,10.5,3,8.6,3,10.2,1,8.9,2,11.2,2,12.1,5
2016-11-09 21:00:00,8.7,5,7.2,6,5.2,6,8.6,6,5.2,5,9.1,5,8.9,6,7.7,6,6.4,6,6.6,6,7.4,6,5.0,6,2.6,6,1.5,7,8.8,5,7.6,6,6.4,5,4.6,6,4.2,6,1.8,7,5.9,6,5.4,6,5.7,6,1.1,5.0,9.1,6,7.1,3,5.1,2,7.3,6,9.4,5,9.9,4,8.1,4,9.8,2,8.5,2,10.6,2,11.5,5
2016-11-09 22:00:00,8.5,5,7.1,6,5.4,6,8.5,6,5.2,6,9.0,6,8.8,6,7.5,6,6.3,6,6.5,6,7.6,6,4.9,6,2.5,6,1.5,7,8.6,6,7.3,6,6.1,6,4.3,6,4.3,6,1.9,6,5.6,6,5.0,6,5.4,6,0.9,5.0,9.0,6,6.8,3,4.9,2,7.1,6,9.1,5,9.3,4,7.7,4,9.2,2,8.1,2,10.1,2,10.9,5
2016-11-09 23:00:00,8.3,5,6.9,5,5.5,6,8.4,6,5.0,6,8.9,6,8.6,6,7.4,6,6.3,6,6.4,6,7.7,6,4.6,6,2.3,6,1.5,7,8.4,6,7.0,6,5.7,6,4.1,6,4.3,6,2.0,6,5.4,6,4.7,6,5.0,5,0.7,5.0,8.8,6,6.5,3,4.7,2,6.9,5,8.8,5,8.8,4,7.3,4,8.7,2,7.7,3,9.7,3,10.3,5
2016-11-10 00:00:00,8.1,5,6.6,5,5.5,6,8.1,6,4.8,6,8.7,6,8.5,6,7.3,6,6.1,6,6.2,6,7.8,6,4.3,6,2.1,6,1.6,7,8.3,6,6.8,6,5.3,6,3.9,6,4.2,6,2.2,6,5.2,6,4.3,5,4.7,5,0.5,5.0,8.6,6,6.4,3,4.5,3,6.7,5,8.6,5,8.2,4,7.0,4,8.2,3,7.3,3,9.3,3,9.7,5
2016-11-10 01:00:00,7.8,5,6.3,5,5.2,6,7.9,6,4.5,6,8.6,6,8.2,6,7.1,6,5.9,5,6.0,5,7.6,5,4.0,6,2.2,5,1.7,6,8.2,6,6.5,6,4.9,6,3.7,6,4.0,6,2.3,6,5.0,5,3.9,5,4.4,5,0.2,5.0,8.2,5,6.3,4,4.3,3,6.5,5,8.3,5,7.6,4,6.7,4,8.0,3,6.8,3,8.9,4,9.2,5
2016-11-10 02:00:00,7.5,5,5.9,5,4.8,6,7.6,6,4.2,5,8.4,6,8.0,6,6.9,6,5.7,5,5.8,5,7.3,5,3.7,6,2.3,5,2.0,6,8.1,6,6.2,6,4.6,6,3.6,5,3.7,5,2.5,6,4.8,5,3.6,5,4.1,5,-0.1,5.0,7.7,5,6.2,4,4.0,4,6.3,5,8.1,5,7.1,4,6.5,4,7.9,4,6.2,4,8.6,4,8.8,5
2016-11-10 03:00:00,9.0,4,7.2,5,5.6,4,8.1,5,5.2,6,9.2,5,8.6,5,8.2,6,7.1,5,7.3,5,8.6,5,5.5,7,4.2,6,4.1,6,9.5,6,7.6,5,6.3,6,5.9,6,5.0,6,4.4,7,5.7,7,4.9,6,4.9,7,0.2,7.0,9.0,6,4.7,5,3.8,5,7.5,6,8.9,7,8.7,4,6.5,4,7.6,4,7.1,4,8.8,5,10.4,5
2016-11-10 04:00:00,8.9,5,7.1,5,5.6,5,8.1,5,5.4,6,9.2,5,8.5,5,8.1,5,6.9,5,7.3,5,8.5,5,5.6,7,4.3,6,4.3,6,9.5,5,7.5,5,6.4,6,6.1,6,5.1,6,4.6,7,5.7,7,5.0,6,5.1,6,0.0,7.0,9.0,5,3.8,5,3.4,5,7.3,6,8.9,7,8.4,5,6.0,5,7.2,4,6.7,4,8.4,4,10.2,5
2016-11-10 05:00:00,8.7,5,7.1,5,5.7,5,8.1,5,5.7,6,9.4,5,8.5,5,8.1,5,6.6,5,7.2,5,8.4,6,5.6,7,4.5,6,4.6,6,9.4,5,7.4,5,6.5,6,6.2,6,5.2,6,4.9,7,5.8,7,5.3,7,5.2,6,-0.4,6.0,9.1,5,2.9,6,3.0,5,7.2,6,8.8,7,8.1,5,5.5,5,6.9,4,6.3,4,8.2,4,10.1,5
2016-11-10 06:00:00,8.6,5,7.0,5,5.8,6,8.2,5,6.0,6,9.5,5,8.5,5,8.1,5,6.5,6,7.2,6,8.2,6,5.7,7,4.6,6,4.8,6,9.3,5,7.3,6,6.5,6,6.2,6,5.3,7,5.0,7,5.9,7,5.5,7,5.4,6,-0.7,6.0,9.1,5,2.6,6,3.0,5,7.3,6,8.8,7,8.2,5,5.5,5,7.0,5,6.1,4,8.4,4,10.4,5
2016-11-10 07:00:00,8.5,5,6.9,5,6.0,6,8.2,6,6.3,6,9.7,5,8.6,6,8.3,6,6.5,6,7.1,6,8.0,6,5.8,7,4.6,7,5.0,6,9.3,5,7.1,6,6.4,6,6.2,6,5.5,7,5.0,7,6.0,7,5.6,7,5.5,6,-0.9,7.0,9.2,5,3.4,6,3.6,5,8.0,7,9.0,7,9.0,5,6.3,6,7.7,5,6.4,5,9.3,4,11.2,5
2016-11-10 08:00:00,8.5,5,7.0,5,6.3,6,8.2,6,6.7,7,9.9,6,8.9,6,8.6,6,6.8,7,7.2,6,7.8,6,6.1,7,4.6,7,5.3,7,9.5,6,7.1,7,6.4,7,6.2,7,5.8,7,5.0,7,6.2,7,5.8,7,5.7,7,-0.7,7.0,9.4,6,4.9,7,4.6,5,8.9,7,9.3,7,10.2,5,7.7,6,8.9,5,7.3,5,10.6,5,12.4,6
2016-11-10 09:00:00,8.6,5,7.3,5,6.7,6,8.4,6,7.1,7,10.3,6,9.2,6,9.0,7,7.1,7,7.4,7,7.9,7,6.4,7,4.8,7,5.7,7,9.9,7,7.3,7,6.5,7,6.4,7,6.2,7,5.2,7,6.7,7,6.1,7,6.1,7,0.2,7.0,9.9,7,6.8,7,5.9,6,9.9,7,9.9,7,11.6,5,9.4,6,10.3,6,8.8,6,12.2,5,13.6,6
2016-11-10 10:00:00,8.9,5,7.9,5,7.3,7,8.8,6,7.6,7,10.9,6,9.6,6,9.6,7,7.5,7,7.9,7,8.3,7,6.9,7,5.2,7,6.2,7,10.5,7,7.9,7,7.0,7,6.8,7,6.7,7,5.6,7,7.5,7,6.7,7,6.7,7,2.0,7.0,10.7,7,8.6,7,7.2,6,10.7,7,10.7,7,12.9,5,11.2,6,11.7,6,11.0,6,13.7,5,14.6,6
2016-11-10 11:00:00,9.2,5,8.6,6,8.0,7,9.3,6,8.2,6,11.6,6,10.1,6,10.2,7,8.0,7,8.6,7,8.8,7,7.4,7,5.8,7,6.7,7,11.3,7,8.7,7,7.7,7,7.5,7,7.4,7,6.2,7,8.4,7,7.5,7,7.5,7,3.9,7.0,11.7,7,10.3,7,8.4,7,11.3,7,11.6,7,14.1,5,12.8,5,12.9,6,13.3,6,15.0,5,15.4,6
2016-11-10 12:00:00,9.6,5,9.3,6,8.6,7,9.9,6,8.6,6,12.3,6,10.7,6,10.9,7,8.5,7,9.3,7,9.4,7,8.1,7,6.4,7,7.3,7,12.1,7,9.6,7,8.4,7,8.3,7,8.0,7,6.8,7,9.2,7,8.1,7,8.1,7,5.3,7.0,12.7,7,11.6,6,9.3,7,11.8,7,12.4,7,15.1,5,14.1,5,13.9,6,15.1,6,15.9,4,15.9,6
2016-11-10 13:00:00,9.9,5,9.8,6,9.0,7,10.4,6,8.9,6,12.8,6,11.3,6,11.6,6,9.0,7,9.9,7,9.8,7,8.8,7,7.0,7,7.8,7,12.8,6,10.3,7,9.0,7,9.2,7,8.6,7,7.2,7,9.6,7,8.5,7,8.5,7,5.5,7.0,13.5,7,12.5,6,9.9,7,12.3,7,13.0,7,15.8,6,14.9,5,14.5,6,16.0,5,16.2,4,16.2,6
2016-11-10 14:00:00,10.0,5,10.0,5,9.0,7,10.6,5,8.9,6,13.1,5,11.7,6,12.0,6,9.2,7,10.1,7,9.9,7,9.1,7,7.4,7,8.0,7,13.3,6,10.8,6,9.4,7,9.8,7,9.0,7,7.3,7,9.7,7,8.6,7,8.6,7,4.8,7.0,13.9,7,13.0,7,10.0,7,12.6,8,13.3,7,16.0,6,15.0,6,14.7,5,16.0,5,16.0,4,16.2,6
2016-11-10 15:00:00,9.5,3,9.6,4,8.6,7,10.5,5,8.9,6,12.6,5,11.3,5,12.0,5,9.0,5,9.8,5,9.8,5,9.1,5,7.4,7,8.0,7,12.9,5,11.3,5,9.4,6,9.9,6,8.7,6,7.2,7,9.2,7,8.2,6,8.2,7,3.4,7.0,13.5,7,11.6,6,8.8,5,12.0,7,12.9,7,15.2,4,14.5,5,14.4,5,14.7,5,15.9,3,16.1,6
2016-11-10 16:00:00,9.3,3,9.2,3,8.3,6,9.8,4,8.6,6,11.6,4,10.6,4,11.3,4,8.7,4,9.2,4,9.5,4,8.5,4,6.9,7,7.2,7,12.3,4,10.6,4,9.2,6,9.1,5,8.3,6,6.2,6,8.8,6,7.9,6,8.0,6,2.7,7.0,12.9,6,10.8,6,8.0,5,11.3,7,12.5,7,14.2,4,13.4,5,13.6,5,13.4,4,15.1,3,15.4,5
2016-11-10 17:00:00,9.0,3,8.6,3,7.9,5,8.9,4,8.1,5,10.4,4,9.7,3,10.2,4,8.2,3,8.5,3,9.2,3,7.5,3,6.2,6,6.0,6,11.4,3,9.7,4,8.9,5,8.0,5,7.6,5,5.1,6,8.2,6,7.6,5,7.6,6,2.3,7.0,11.9,6,9.8,5,6.9,4,10.3,7,12.0,6,12.9,3,11.8,4,12.6,5,11.9,3,14.1,2,14.5,5
2016-11-10 18:00:00,8.7,4,8.0,3,7.4,4,8.2,4,7.5,5,9.4,4,8.9,3,9.2,4,7.7,2,7.8,2,8.8,2,6.7,3,5.6,6,5.1,6,10.5,2,8.8,4,8.4,5,7.0,5,6.8,5,4.3,6,7.6,6,7.3,5,7.3,5,1.9,6.0,10.9,6,8.9,5,5.9,4,9.4,7,11.4,6,11.9,3,10.5,4,11.8,5,10.6,2,13.2,2,13.7,4
2016-11-10 19:00:00,8.5,3,7.6,2,7.0,3,7.9,4,7.0,4,9.0,4,8.6,3,8.5,4,7.3,2,7.4,2,8.5,2,6.3,4,5.3,5,4.6,6,9.9,3,8.4,3,8.0,5,6.5,5,6.2,5,4.3,6,7.2,5,7.2,4,7.1,5,1.6,6.0,10.3,6,8.2,5,5.4,4,9.0,7,11.0,6,11.4,3,9.8,4,11.5,4,9.8,2,12.4,1,13.2,5
2016-11-10 20:00:00,8.4,3,7.4,2,6.6,3,7.9,4,6.6,3,9.0,4,8.6,3,8.0,4,6.9,2,7.1,2,8.2,2,6.2,4,5.2,5,4.6,6,9.4,3,8.2,3,7.5,5,6.4,5,5.8,5,4.7,6,6.8,5,7.3,4,7.0,6,1.4,7.0,9.9,6,7.8,5,5.2,3,8.9,7,10.8,6,11.4,3,9.6,4,11.4,3,9.4,1,11.8,1,13.0,5
2016-11-10 21:00:00,8.2,2,7.1,2,6.2,3,7.7,4,6.2,3,9.0,4,8.5,4,7.5,4,6.6,2,6.8,2,8.0,2,5.8,5,5.0,5,4.3,6,8.9,3,7.9,3,7.2,5,6.0,5,5.6,5,4.6,6,6.6,5,7.1,4,6.8,6,1.3,6.0,9.6,6,7.5,4,5.0,3,8.6,7,10.6,6,11.0,4,9.4,4,11.2,3,8.9,2,11.2,2,12.4,5
2016-11-10 22:00:00,7.9,2,6.9,2,5.8,4,7.6,4,5.8,3,9.1,4,8.5,4,7.1,5,6.3,2,6.5,2,7.8,2,5.5,5,4.7,5,4.1,6,8.6,4,7.6,3,6.9,6,5.8,5,5.5,5,4.6,6,6.5,5,6.9,4,6.7,6,1.2,6.0,9.4,6,7.3,4,4.8,2,8.4,6,10.4,6,10.6,4,9.3,4,10.9,3,8.5,2,10.8,2,11.9,5
2016-11-10 23:00:00,7.8,2,6.6,2,5.4,4,7.4,4,5.3,4,9.1,4,8.4,4,6.9,5,6.1,3,6.2,3,7.6,2,5.2,6,4.4,5,3.9,6,8.3,4,7.3,4,6.7,6,5.6,5,5.5,5,4.5,6,6.4,5,6.7,5,6.5,6,1.2,6.0,9.2,6,7.2,3,4.7,2,8.2,6,10.2,5,10.2,4,9.1,4,10.5,4,8.2,2,10.5,2,11.4,5
2016-11-11 00:00:00,7.6,2,6.3,3,5.1,4,7.3,4,4.9,4,8.9,5,8.3,4,6.7,5,5.9,3,6.0,3,7.5,3,4.9,6,4.1,5,3.7,6,8.2,5,7.1,4,6.4,6,5.4,5,5.4,5,4.5,6,6.3,5,6.4,5,6.3,6,1.2,6.0,9.0,6,7.2,3,4.6,2,8.0,6,10.0,5,9.8,4,9.0,4,10.1,4,7.9,3,10.3,3,10.9,5
2016-11-11 01:00:00,7.4,3,6.0,3,4.8,5,7.0,5,4.5,4,8.7,5,8.1,5,6.6,5,5.8,4,5.8,4,7.4,3,4.6,6,3.9,5,3.5,6,8.1,5,6.9,4,6.2,6,5.3,5,5.3,5,4.3,6,6.3,5,6.1,5,6.1,6,1.1,6.0,8.8,6,7.1,3,4.5,3,7.8,6,9.7,5,9.4,4,8.9,4,9.8,4,7.6,3,10.1,3,10.5,5
2016-11-11 02:00:00,7.3,3,5.6,4,4.5,5,6.8,6,4.1,5,8.4,6,8.0,5,6.6,5,5.7,4,5.7,4,7.3,4,4.4,7,3.7,5,3.4,6,8.0,5,6.7,5,6.0,6,5.2,5,5.1,6,4.2,6,6.3,5,5.7,5,5.9,6,0.9,6.0,8.6,5,7.1,4,4.4,4,7.6,5,9.5,5,8.9,4,8.7,5,9.7,4,7.4,4,9.9,4,10.1,5
2016-11-11 03:00:00,6.9,4,4.7,4,3.8,5,5.6,3,3.2,4,7.1,4,7.0,4,5.2,4,3.9,3,3.9,4,5.5,4,3.7,5,2.8,5,3.0,7,6.0,4,4.6,4,4.0,4,3.7,5,3.8,4,3.4,7,4.2,4,3.8,4,4.6,4,-0.5,6.0,7.5,3,5.1,1,3.5,1,7.9,5,8.2,4,8.1,1,6.1,1,7.1,1,6.7,1,9.1,2,10.3,3
2016-11-11 04:00:00,6.9,5,4.5,5,3.5,5,5.5,3,3.0,4,7.3,4,7.0,4,5.0,4,3.6,4,3.6,4,5.3,4,3.3,5,2.7,5,2.9,6,5.7,3,4.3,4,3.6,4,3.7,5,3.5,5,3.3,7,3.9,4,3.6,4,4.5,5,-1.1,6.0,7.2,3,4.5,1,3.0,1,7.5,5,7.9,4,7.6,1,5.6,1,6.6,1,5.9,1,8.6,1,9.8,3
2016-11-11 05:00:00,6.9,5,4.4,5,3.1,5,5.6,3,2.8,4,7.6,4,7.1,4,4.8,4,3.4,4,3.4,4,5.1,4,2.7,5,2.7,6,2.9,6,5.5,3,4.0,4,3.2,5,3.6,5,3.2,5,3.2,7,3.8,4,3.6,4,4.5,5,-1.8,6.0,6.9,4,3.9,1,2.7,1,7.1,5,7.7,4,7.2,1,5.4,1,6.3,1,5.2,1,8.4,1,9.5,2
2016-11-11 06:00:00,6.9,5,4.3,5,3.0,6,5.8,4,2.9,3,8.0,4,7.3,4,4.8,4,3.4,5,3.4,5,5.0,5,2.5,5,2.7,6,2.9,6,5.4,3,3.9,4,3.1,5,3.5,5,3.2,5,3.2,7,3.7,5,3.7,5,4.5,6,-2.3,5.0,6.9,5,3.8,1,2.7,1,7.1,6,7.7,4,7.3,2,5.7,1,6.4,1,4.9,1,8.6,1,9.5,2
2016-11-11 07:00:00,6.8,6,4.4,6,3.2,6,6.1,4,3.3,4,8.4,5,7.6,4,5.1,5,3.6,5,3.6,5,5.0,5,2.8,5,2.8,6,3.1,6,5.7,4,4.0,5,3.3,6,3.5,5,3.5,5,3.4,7,3.9,5,3.9,6,4.7,6,-2.3,6.0,7.2,5,4.6,2,3.3,1,7.8,6,7.9,5,8.0,2,6.8,2,7.1,2,5.3,1,9.5,1,10.1,3
2016-11-11 08:00:00,6.7,6,4.8,6,3.7,6,6.5,4,3.8,4,8.9,6,8.1,4,5.7,6,4.1,5,4.2,5,5.2,5,3.5,5,3.1,6,3.5,7,6.4,4,4.5,6,3.9,6,3.7,6,4.2,6,3.8,7,4.2,6,4.4,6,5.1,7,-1.7,6.0,7.8,6,6.0,2,4.5,2,8.8,7,8.4,6,9.2,2,8.4,2,8.3,2,6.5,1,11.0,1,11.1,3
2016-11-11 09:00:00,6.7,6,5.3,6,4.4,6,7.1,5,4.5,5,9.6,7,8.6,5,6.6,6,4.8,5,4.9,6,5.6,5,4.4,5,3.6,6,4.1,7,7.4,5,5.2,7,4.6,7,4.2,7,4.9,6,4.3,7,4.8,7,5.0,7,5.6,7,-0.3,6.0,8.7,6,7.6,3,5.9,2,9.9,7,8.9,7,10.6,2,10.0,2,9.7,3,8.4,1,12.6,1,12.2,4
2016-11-11 10:00:00,7.0,6,6.0,6,5.2,5,7.8,5,5.1,5,10.6,7,9.3,5,7.7,6,5.6,6,5.8,6,6.3,6,5.4,6,4.3,7,4.8,7,8.6,6,6.2,7,5.4,7,5.0,7,5.6,6,4.9,7,5.6,7,5.9,7,6.1,7,1.8,6.0,9.7,6,9.1,3,7.4,2,10.7,7,9.5,7,12.0,3,11.3,2,11.0,2,10.8,1,14.1,1,13.3,4
2016-11-11 11:00:00,7.5,6,6.8,6,5.9,5,8.7,6,5.7,4,11.7,7,10.0,6,9.0,6,6.5,6,6.8,6,7.1,6,6.3,6,5.2,7,5.6,7,9.9,6,7.3,7,6.2,7,6.1,7,6.3,7,5.6,7,6.4,7,6.8,6,6.7,6,4.1,6.0,10.8,6,10.4,3,8.9,2,11.3,7,10.2,7,13.3,4,12.2,2,12.2,2,13.3,1,15.4,1,14.1,5
2016-11-11 12:00:00,8.0,6,7.6,6,6.6,5,9.5,6,6.3,4,12.7,7,10.9,6,10.2,6,7.3,6,7.7,6,7.9,6,7.1,7,5.9,7,6.3,7,11.1,6,8.4,7,7.0,7,7.1,7,6.9,7,6.1,7,7.2,7,7.5,6,7.2,6,5.8,5.0,11.9,6,11.3,3,10.0,2,11.8,7,10.9,7,14.4,4,13.0,2,13.0,2,15.2,1,16.3,1,14.7,5
2016-11-11 13:00:00,8.5,6,8.2,6,7.0,5,10.2,6,6.8,5,13.5,7,11.8,7,11.3,6,7.9,7,8.3,7,8.5,7,7.7,7,6.4,6,6.9,7,12.1,6,9.3,7,7.7,7,8.0,6,7.5,6,6.5,7,7.9,7,7.8,6,7.6,6,6.3,5.0,12.8,6,11.8,3,10.6,2,12.3,7,11.6,7,15.1,4,13.6,2,13.4,2,16.1,1,16.8,1,14.9,5
2016-11-11 14:00:00,8.9,7,8.7,6,7.2,6,10.7,6,7.2,6,14.0,7,12.5,7,12.0,7,8.2,7,8.7,7,8.8,7,7.9,7,6.6,5,7.0,7,12.7,6,9.9,7,8.2,7,8.5,6,7.8,6,6.5,7,8.3,7,7.8,7,7.8,6,5.9,5.0,13.3,7,11.9,3,10.6,1,12.5,7,12.1,6,15.3,4,13.8,3,13.4,3,16.1,1,16.8,1,14.8,4
2016-11-11 15:00:00,7.3,5,7.7,5,6.3,5,9.5,6,6.5,5,12.7,6,11.2,6,11.3,5,7.2,4,7.9,4,7.6,4,7.0,5,4.7,5,5.3,6,12.2,5,9.6,4,7.4,6,8.0,3,7.0,5,4.5,6,8.0,5,6.8,5,6.7,5,3.2,5.0,12.8,6,10.9,2,9.5,1,12.0,7,11.9,6,14.8,3,13.7,2,13.4,1,14.6,1,15.9,1,14.5,4
2016-11-11 16:00:00,6.9,5,7.3,6,5.5,6,8.6,5,5.9,4,11.8,6,10.4,6,10.5,5,6.5,5,7.0,5,7.1,4,6.2,5,4.0,5,4.2,6,11.6,5,8.9,4,7.1,5,7.0,3,6.1,4,3.6,6,7.4,5,6.3,4,6.1,4,2.2,4.0,12.0,6,9.9,1,8.1,1,11.0,6,11.5,6,13.6,3,12.2,2,12.4,1,13.3,1,15.1,1,13.7,4
2016-11-11 17:00:00,6.5,5,6.6,6,4.5,6,7.6,5,5.1,4,10.7,6,9.4,5,9.4,5,5.7,5,5.8,5,6.7,5,5.0,4,3.1,5,2.9,6,10.6,4,8.1,5,6.6,4,5.6,4,4.9,3,2.6,5,6.7,5,5.6,3,5.3,4,1.3,3.0,10.7,6,8.8,1,6.5,1,9.6,5,10.8,5,12.0,2,10.5,1,11.4,1,11.7,1,14.1,1,12.8,3
2016-11-11 18:00:00,6.1,6,6.0,6,3.7,6,6.9,4,4.4,4,9.9,6,8.7,5,8.5,5,5.0,6,5.0,6,6.3,6,4.0,4,2.3,5,1.8,6,9.7,4,7.3,5,6.0,3,4.2,4,3.7,3,1.8,4,6.1,4,5.0,3,4.6,3,0.5,2.0,9.6,5,7.8,1,5.2,1,8.4,4,10.1,4,10.6,1,9.0,1,10.4,1,10.2,1,13.0,1,12.0,3
2016-11-11 19:00:00,5.9,6,5.6,6,3.3,5,6.7,4,3.8,4,9.8,6,8.6,5,8.1,5,4.6,6,4.8,6,6.1,6,3.3,4,1.7,5,1.3,6,9.0,5,6.9,6,5.5,3,3.3,3,2.9,2,1.4,4,5.8,4,4.6,3,4.2,3,-0.1,2.0,9.0,5,7.1,1,4.6,1,7.9,4,9.6,4,9.7,1,8.2,1,9.7,1,9.0,1,11.9,1,11.5,2
2016-11-11 20:00:00,5.8,6,5.3,6,3.2,5,6.9,5,3.4,4,10.2,6,9.0,5,8.0,5,4.5,6,5.1,7,6.0,6,2.9,5,1.3,4,1.2,6,8.4,6,6.7,6,5.0,3,2.7,3,2.4,3,1.2,4,5.6,4,4.5,4,3.9,4,-0.6,2.0,8.8,5,6.7,1,4.5,1,7.8,4,9.4,4,9.2,1,7.9,1,9.1,1,8.0,1,11.0,1,11.1,3
2016-11-11 21:00:00,5.8,6,5.0,6,3.0,5,6.8,5,2.9,4,10.5,6,9.1,5,7.8,5,4.4,6,5.1,6,5.9,6,2.6,5,1.0,4,0.9,5,8.1,6,6.4,6,4.8,4,2.3,3,2.0,3,1.0,4,5.4,4,4.2,4,3.6,4,-1.2,2.0,8.6,5,6.2,1,4.0,1,7.8,4,9.0,4,8.8,2,7.7,1,8.4,1,7.1,2,10.2,2,10.7,3
2016-11-11 22:00:00,5.8,6,4.8,6,2.8,6,6.7,5,2.6,4,10.7,6,9.2,5,7.7,5,4.3,6,5.0,6,5.8,6,2.4,5,0.7,3,0.6,5,7.9,6,6.1,6,4.5,4,2.0,3,1.8,3,0.8,4,5.2,4,3.9,4,3.3,4,-1.7,2.0,8.4,5,5.7,2,3.6,1,7.8,4,8.7,4,8.3,2,7.4,2,7.7,2,6.3,2,9.7,2,10.2,3
2016-11-11 23:00:00,5.8,6,4.7,6,2.6,6,6.6,6,2.3,4,10.9,6,9.2,5,7.7,5,4.3,6,4.9,6,5.7,6,2.3,5,0.6,3,0.5,4,8.0,6,5.8,6,4.3,5,2.0,4,1.7,3,0.7,5,5.1,4,3.7,4,3.0,4,-2.2,2.0,8.2,5,5.3,2,3.2,1,7.8,4,8.4,4,7.8,2,7.0,2,7.1,2,5.7,2,9.3,2,9.8,3
2016-11-12 00:00:00,5.9,6,4.5,6,2.5,6,6.6,6,2.2,4,10.9,6,9.2,6,7.8,5,4.3,6,4.7,5,5.7,6,2.2,5,0.6,3,0.5,4,8.2,6,5.7,6,4.1,5,2.1,4,1.8,3,0.7,5,5.0,4,3.5,4,2.8,4,-2.6,3.0,8.0,5,5.0,3,2.9,2,7.7,4,8.1,4,7.4,3,6.7,3,6.7,3,5.1,3,9.1,2,9.3,4
2016-11-12 01:00:00,6.0,6,4.4,6,2.5,6,6.6,6,2.1,5,10.9,6,9.2,6,8.1,5,4.4,6,4.5,5,5.7,5,2.3,5,0.7,4,0.6,4,8.4,6,5.6,6,3.9,5,2.3,4,1.9,4,0.8,5,5.0,5,3.3,5,2.6,4,-3.0,3.0,7.8,5,4.7,3,2.5,3,7.6,5,7.8,4,7.0,3,6.5,4,6.4,3,4.6,3,8.9,3,8.9,4
2016-11-12 02:00:00,6.2,6,4.4,6,2.5,6,6.7,6,2.0,5,10.9,6,9.3,6,8.5,6,4.5,5,4.4,5,5.7,5,2.3,5,0.8,4,0.8,5,8.7,6,5.7,6,3.8,5,2.6,5,2.1,4,1.0,5,4.9,5,3.1,5,2.5,5,-3.3,4.0,7.6,5,4.4,4,2.2,4,7.4,5,7.5,5,6.5,4,6.3,4,6.1,4,4.2,4,8.7,3,8.5,4
2016-11-12 03:00:00,5.4,5,4.0,5,1.7,6,6.4,6,1.9,5,11.6,7,9.9,6,8.5,6,4.0,7,3.8,6,5.4,6,3.1,5,2.3,4,2.4,3,8.8,6,5.0,6,3.2,6,2.8,5,2.7,4,2.4,4,4.1,4,2.6,3,2.2,2,-3.3,2.0,8.1,6,4.5,2,2.9,1,7.4,5,7.9,5,6.0,1,5.6,1,6.0,1,4.3,1,8.5,1,9.4,5
2016-11-12 04:00:00,5.3,5,4.1,6,1.5,6,6.7,7,1.7,5,11.9,7,10.1,6,8.7,6,3.9,7,3.7,6,5.3,6,2.7,5,2.3,4,2.2,3,8.9,6,5.1,6,2.9,5,2.8,5,2.3,4,2.4,4,3.9,4,2.1,3,2.0,3,-3.7,2.0,8.1,5,3.8,3,2.5,1,7.0,5,7.6,5,5.5,1,5.0,2,5.4,1,3.5,1,7.9,1,8.8,5
2016-11-12 05:00:00,5.2,6,4.3,6,1.3,6,7.0,6,1.5,6,12.1,7,10.3,6,8.9,6,3.7,6,3.6,6,5.2,6,2.3,4,2.3,4,2.1,3,9.0,5,5.2,6,2.7,5,2.7,4,2.0,4,2.4,4,3.8,3,1.7,3,1.8,3,-4.0,2.0,8.1,5,3.1,4,2.1,2,6.8,5,7.5,5,5.1,2,4.5,3,4.8,2,2.8,1,7.4,1,8.3,4
2016-11-12 06:00:00,5.2,7,4.4,6,1.3,6,7.3,6,1.6,6,12.2,7,10.5,7,9.1,6,3.5,6,3.4,5,5.0,6,2.2,4,2.3,4,2.0,3,9.0,6,5.2,6,2.6,5,2.7,4,1.9,4,2.5,4,3.9,3,1.7,3,1.8,4,-4.1,2.0,8.3,5,3.0,4,2.0,2,7.1,5,7.6,5,5.2,2,4.7,3,4.7,2,2.6,2,7.5,1,8.5,4
2016-11-12 07:00:00,5.4,7,4.4,7,1.6,6,7.4,6,2.2,6,12.2,7,10.6,7,9.3,6,3.5,6,3.3,6,4.8,6,2.5,5,2.3,5,2.2,4,9.0,6,5.0,6,2.7,5,3.0,5,2.1,5,2.8,4,4.3,4,2.1,3,2.0,4,-3.8,2.0,8.7,5,3.8,4,2.5,2,8.2,5,8.0,6,6.0,1,5.7,3,5.5,3,3.2,2,8.4,1,9.5,5
2016-11-12 08:00:00,5.8,7,4.5,7,2.1,7,7.6,7,3.1,6,12.3,7,10.8,7,9.5,7,3.8,7,3.4,6,4.7,6,3.3,6,2.4,6,2.6,4,9.3,6,4.9,7,3.1,5,3.5,6,2.7,5,3.2,4,4.9,5,3.0,4,2.4,4,-2.8,2.0,9.2,6,5.2,4,3.5,2,9.7,5,8.8,6,7.3,1,7.4,2,7.0,3,4.6,2,9.9,1,11.1,5
2016-11-12 09:00:00,6.4,7,4.9,7,2.9,7,7.9,7,4.1,6,12.5,7,11.2,7,9.9,7,4.3,7,3.9,7,4.9,7,4.3,7,2.8,6,3.2,5,9.8,7,5.2,7,3.8,6,4.3,7,3.5,6,3.8,4,5.8,6,4.2,4,3.2,4,-1.1,2.0,10.0,7,6.9,3,5.0,2,11.3,6,9.7,6,8.9,1,9.1,2,8.8,3,6.8,2,11.6,1,12.6,6
2016-11-12 10:00:00,7.1,7,5.7,7,3.8,7,8.6,7,5.1,7,13.0,7,11.9,7,10.5,7,5.1,7,4.9,7,5.6,7,5.4,7,3.7,7,4.0,6,10.8,7,6.1,7,4.9,6,5.4,6,4.5,6,4.6,4,6.8,7,5.6,5,4.3,5,1.4,1.0,10.9,7,8.6,2,6.9,2,12.5,6,10.8,6,10.4,2,10.6,1,10.4,3,9.6,2,13.2,2,13.7,6
2016-11-12 11:00:00,7.9,7,6.7,7,4.7,7,9.5,7,6.0,7,13.7,7,12.8,7,11.2,7,6.1,7,6.1,7,6.5,7,6.5,7,4.8,7,4.8,6,12.0,7,7.4,7,6.2,6,6.6,5,5.5,6,5.4,5,7.8,7,7.1,5,5.5,5,4.0,1.0,12.0,7,10.0,2,8.8,1,13.5,6,11.9,6,11.8,3,11.9,1,11.8,2,12.5,2,14.6,2,14.5,5
2016-11-12 12:00:00,8.5,7,7.7,7,5.6,7,10.4,7,6.8,7,14.3,7,13.6,7,12.0,7,7.1,7,7.3,7,7.4,7,7.5,6,5.8,7,5.6,5,13.1,7,8.8,7,7.4,6,7.8,4,6.4,6,6.1,4,8.7,7,8.4,5,6.6,6,5.8,1.0,13.0,7,11.1,1,10.5,1,14.2,6,12.9,6,12.9,4,12.8,2,12.8,1,14.8,2,15.6,2,15.0,5
2016-11-12 13:00:00,8.9,7,8.3,7,6.3,7,11.2,7,7.4,7,14.7,7,14.1,7,12.8,7,7.8,7,8.2,7,8.1,7,8.3,6,6.4,6,6.2,5,14.0,7,9.9,7,8.3,6,8.9,5,7.1,6,6.5,4,9.5,7,9.3,5,7.3,6,6.1,1.0,13.9,7,11.8,1,11.6,1,14.8,6,13.7,6,13.6,4,13.4,2,13.3,1,16.0,2,16.1,2,15.5,5
2016-11-12 14:00:00,9.0,7,8.7,7,6.8,7,11.8,7,7.7,7,14.8,6,14.3,7,13.4,7,8.3,7,8.7,7,8.5,7,8.6,7,6.5,5,6.4,4,14.5,7,10.6,7,8.9,7,9.5,6,7.6,6,6.5,3,10.0,7,9.7,6,7.6,5,5.4,1.0,14.4,7,11.9,2,11.8,1,15.1,7,14.1,5,13.9,4,13.7,3,13.3,2,16.1,2,16.1,2,15.7,5
2016-11-12 15:00:00,6.7,7,6.6,7,5.0,3,10.7,7,6.1,4,14.2,7,13.6,5,13.0,7,6.6,7,6.9,7,6.9,7,7.1,4,4.8,3,4.7,3,14.1,7,10.3,7,7.6,7,8.3,7,7.2,4,4.9,3,9.5,7,9.2,7,7.8,3,3.8,1.0,13.8,7,12.2,3,10.8,1,14.7,7,13.9,7,13.6,5,13.3,4,13.4,3,15.6,2,15.8,3,15.8,6
2016-11-12 16:00:00,6.8,7,6.5,7,4.8,4,10.6,7,5.7,5,13.3,6,13.1,5,12.7,6,6.5,7,6.8,7,7.0,7,6.4,5,4.2,3,3.9,2,13.8,6,10.2,7,7.8,7,7.9,7,6.5,5,4.0,2,9.3,7,9.0,7,7.3,4,2.5,1.0,13.4,7,11.2,3,9.1,1,13.3,6,13.5,7,12.7,5,12.3,4,12.5,4,13.9,1,14.8,3,15.2,5
2016-11-12 17:00:00,6.8,7,6.3,7,4.6,5,10.2,6,5.2,6,12.3,5,12.4,4,12.2,5,6.4,7,6.7,7,7.1,7,5.5,6,3.3,3,2.7,3,13.3,5,9.8,7,7.9,7,7.3,7,5.6,5,2.7,3,8.8,7,8.7,7,6.7,5,1.5,1.0,12.7,7,9.8,4,7.0,2,11.6,6,12.7,6,11.5,5,10.9,4,11.5,4,11.8,1,13.6,3,14.4,5
2016-11-12 18:00:00,6.7,6,6.2,6,4.4,6,9.9,6,4.8,6,11.5,4,11.7,4,11.7,4,6.2,6,6.6,7,7.1,7,4.9,6,2.6,4,1.7,4,12.7,5,9.4,7,7.9,7,6.9,7,4.9,6,1.7,3,8.5,7,8.5,7,6.1,6,0.7,2.0,12.0,7,8.5,4,5.5,2,10.2,5,12.0,6,10.6,5,9.7,4,10.6,4,10.0,1,12.5,3,13.6,5
2016-11-12 19:00:00,6.6,6,6.3,6,4.4,6,9.8,6,4.6,7,11.1,3,11.3,4,11.4,5,6.1,6,6.5,7,7.0,7,4.9,7,2.1,5,1.2,4,12.2,5,9.3,7,7.8,7,6.8,7,4.6,6,1.2,4,8.5,7,8.5,7,5.9,6,0.3,3.0,11.7,6,7.8,5,5.0,3,9.5,5,11.6,6,10.3,5,9.1,4,10.2,4,8.9,2,11.8,4,12.9,5
2016-11-12 20:00:00,6.4,7,6.6,7,4.4,6,9.9,6,4.6,7,11.1,3,11.1,4,11.2,6,6.0,7,6.5,7,7.0,7,5.1,7,1.8,5,1.0,5,11.8,5,9.3,7,7.7,7,6.9,6,4.5,7,1.0,4,8.6,7,8.6,7,5.9,6,0.2,3.0,11.8,6,7.5,6,5.1,4,9.4,6,11.4,6,10.3,5,9.0,5,10.1,4,8.4,3,11.4,4,12.3,6
2016-11-12 21:00:00,6.6,7,6.6,7,4.4,6,10.0,6,4.4,7,10.9,3,10.9,4,10.9,6,6.2,6,6.6,6,7.2,6,5.1,7,1.7,5,0.7,5,11.4,5,9.3,7,7.6,7,6.8,6,4.5,7,0.9,5,8.6,7,8.5,7,5.9,6,0.0,4.0,11.6,6,7.4,7,5.0,5,9.5,6,11.3,6,10.2,5,8.6,5,9.8,4,7.7,3,11.0,4,11.8,6
2016-11-12 22:00:00,6.7,7,6.5,6,4.5,6,9.9,6,4.3,6,10.8,3,10.8,4,10.6,6,6.4,6,6.7,6,7.4,6,5.0,7,1.6,6,0.5,5,11.0,5,9.3,6,7.6,6,6.8,6,4.6,7,0.8,4,8.7,7,8.4,6,5.9,6,0.0,5.0,11.5,6,7.3,7,5.0,5,9.6,6,11.2,6,10.0,5,8.3,5,9.5,5,7.2,3,10.6,4,11.5,6
2016-11-12 23:00:00,6.9,7,6.5,6,4.5,6,9.7,6,4.2,6,10.6,4,10.8,4,10.4,6,6.6,6,6.8,6,7.6,6,5.0,7,1.6,6,0.4,5,10.8,5,9.2,6,7.6,6,6.7,6,4.6,7,0.8,4,8.7,7,8.2,6,6.0,6,0.0,5.0,11.3,5,7.3,7,4.9,6,9.5,5,11.2,5,9.8,5,8.1,5,9.2,5,6.9,4,10.4,4,11.2,6
2016-11-13 00:00:00,7.1,7,6.5,6,4.5,6,9.3,6,4.1,6,10.3,4,10.7,4,10.2,6,6.8,6,6.9,6,7.9,6,5.0,7,1.7,6,0.5,5,10.7,5,9.2,6,7.6,6,6.7,6,4.6,7,0.9,4,8.7,6,7.9,6,6.0,6,0.0,5.0,11.1,5,7.2,7,4.9,6,9.5,5,11.1,5,9.5,5,7.9,5,9.1,6,6.8,4,10.2,4,10.9,6
2016-11-13 01:00:00,7.2,7,6.4,6,4.6,6,8.8,6,4.1,6,10.1,4,10.5,5,10.0,6,7.0,6,7.0,6,8.1,6,5.0,7,1.8,5,0.6,6,10.7,6,9.2,6,7.5,6,6.7,5,4.7,7,1.1,5,8.7,6,7.6,6,6.0,6,0.0,5.0,10.9,5,7.2,6,4.9,6,9.5,5,11.0,5,9.2,5,7.6,5,9.2,5,7.0,4,10.1,4,10.8,5
2016-11-13 02:00:00,7.4,7,6.4,6,4.6,6,8.4,6,4.1,6,9.8,5,10.3,5,9.9,6,7.2,6,7.1,6,8.3,6,5.1,7,2.0,5,0.9,6,10.7,6,9.1,6,7.5,6,6.7,5,4.7,7,1.5,5,8.7,6,7.2,6,5.9,6,-0.1,5.0,10.6,5,7.0,6,4.9,6,9.4,5,10.9,5,9.0,5,7.5,5,9.4,5,7.4,5,10.0,4,10.7,5
2016-11-13 03:00:00,6.3,7,5.7,7,4.0,7,8.3,7,2.7,6,9.4,4,9.2,5,9.2,5,6.4,7,6.2,7,6.6,7,2.9,5,0.8,4,0.5,2,9.8,4,8.0,7,5.9,5,4.6,6,2.7,5,1.0,3,7.2,7,5.3,5,4.2,4,-0.8,2.0,10.0,7,5.5,5,3.7,4,9.7,7,11.1,7,8.6,4,7.0,5,7.9,5,6.4,4,9.5,3,11.1,7
2016-11-13 04:00:00,6.3,7,5.6,7,4.1,7,8.0,7,2.6,5,9.2,3,8.9,4,9.0,5,6.3,7,6.3,7,6.6,7,2.8,5,0.9,4,0.6,2,9.8,4,7.9,7,5.6,5,4.6,5,2.7,5,1.0,3,7.0,7,5.2,6,4.4,4,-1.0,2.0,9.7,7,4.9,5,3.4,4,9.4,7,10.9,7,8.4,5,6.7,5,7.6,5,6.2,5,9.1,3,10.9,7
2016-11-13 05:00:00,6.3,7,5.5,7,4.2,6,7.9,6,2.7,4,9.2,2,8.7,4,8.9,5,6.2,7,6.3,7,6.5,7,2.9,5,0.9,4,0.7,2,9.7,4,7.7,6,5.5,5,4.6,5,2.7,5,1.0,2,6.9,7,5.3,6,4.6,4,-1.0,2.0,9.5,7,4.4,5,3.2,4,9.2,6,10.7,7,8.2,5,6.6,5,7.4,5,6.1,5,8.9,3,10.8,7
2016-11-13 06:00:00,6.2,7,5.4,6,4.2,6,7.8,6,2.8,4,9.2,2,8.6,4,8.8,5,5.9,7,6.1,7,6.3,7,3.0,5,0.9,4,0.8,2,9.5,4,7.5,6,5.5,5,4.7,4,2.9,6,1.1,3,6.7,7,5.5,6,4.8,5,-0.9,2.0,9.4,7,4.2,6,3.3,4,9.1,6,10.5,7,8.2,5,6.8,5,7.6,5,6.2,5,9.1,3,10.9,7
2016-11-13 07:00:00,5.9,7,5.2,7,4.0,6,7.7,6,3.0,3,9.3,2,8.7,4,8.8,5,5.4,7,5.8,6,5.9,6,3.3,4,0.9,5,1.0,2,9.3,4,7.3,6,5.8,5,5.0,5,3.1,6,1.3,3,6.5,7,5.8,6,4.9,5,-0.5,2.0,9.4,7,4.6,6,3.7,5,9.3,7,10.3,7,8.5,5,7.4,6,8.4,6,6.7,5,9.8,4,11.2,7
2016-11-13 08:00:00,5.6,7,5.0,7,3.7,5,7.7,7,3.3,3,9.6,2,8.9,4,8.9,5,5.0,6,5.6,6,5.6,6,3.7,4,1.0,5,1.2,3,9.1,5,7.1,6,6.1,5,5.4,6,3.4,6,1.6,4,6.5,6,6.1,5,5.0,5,0.4,2.0,9.5,7,5.5,6,4.5,5,9.7,7,10.1,7,9.1,5,8.4,6,9.5,6,7.6,6,11.0,5,11.8,7
2016-11-13 09:00:00,5.5,7,4.9,6,3.7,4,7.9,7,3.8,3,10.1,3,9.3,5,9.2,6,5.0,6,5.6,6,5.6,6,4.2,3,1.4,4,1.6,3,9.3,5,7.3,7,6.5,5,6.0,6,3.9,6,2.0,4,6.8,6,6.6,5,5.3,5,1.9,1.0,9.8,7,6.8,6,5.6,5,10.2,7,10.1,7,9.8,5,9.3,6,10.7,7,8.9,6,12.3,5,12.4,7
2016-11-13 10:00:00,5.8,5,5.1,5,4.1,4,8.3,7,4.4,2,10.8,3,9.8,5,9.8,6,5.6,6,6.0,5,6.1,6,4.8,2,2.2,4,2.1,3,9.9,6,7.8,7,6.8,5,6.8,5,4.5,5,2.4,3,7.6,5,7.2,5,5.9,5,3.9,1.0,10.3,7,8.3,5,7.0,5,10.8,7,10.3,7,10.6,6,10.1,5,11.7,7,10.6,6,13.6,5,13.1,7
2016-11-13 11:00:00,6.2,3,5.6,4,4.7,3,8.8,7,5.1,2,11.6,3,10.4,6,10.5,5,6.4,6,6.6,5,6.9,5,5.6,2,3.1,3,2.8,2,10.8,6,8.6,7,7.1,4,7.6,3,5.2,4,2.7,3,8.7,4,7.9,5,6.6,5,5.9,1.0,11.0,7,9.7,4,8.6,4,11.4,7,10.6,7,11.4,6,10.8,4,12.6,6,12.4,6,14.7,5,13.8,7
2016-11-13 12:00:00,6.7,2,6.2,3,5.3,3,9.3,7,5.7,1,12.3,3,10.9,6,11.2,5,7.2,6,7.3,5,7.6,5,6.3,1,4.0,2,3.5,1,11.7,6,9.3,7,7.5,3,8.3,2,6.0,2,3.2,2,9.6,4,8.5,4,7.3,5,7.3,1.0,11.8,7,11.0,3,9.9,4,12.0,7,11.0,7,12.2,6,11.5,4,13.3,6,13.8,6,15.4,5,14.3,7
2016-11-13 13:00:00,7.0,3,6.9,3,5.8,2,9.8,7,6.1,1,12.8,2,11.3,6,11.7,5,7.6,6,7.8,5,8.0,5,7.0,1,4.6,2,4.2,1,12.3,6,9.8,6,8.0,2,8.8,1,6.7,2,3.7,2,10.1,3,9.0,3,7.8,4,7.5,1.0,12.5,7,11.9,4,10.8,4,12.4,7,11.4,7,12.9,6,12.3,5,13.8,6,14.6,6,15.7,5,14.6,7
2016-11-13 14:00:00,7.2,4,7.6,3,6.0,2,10.0,7,6.1,1,12.9,2,11.5,6,12.0,5,7.6,6,8.0,5,8.1,5,7.4,1,4.9,1,4.6,1,12.4,6,9.9,6,8.4,2,9.0,1,7.2,2,4.2,1,10.1,3,9.2,2,8.1,3,6.8,1.0,12.9,7,12.2,6,11.2,5,12.5,7,11.7,7,13.3,7,12.8,6,14.1,7,14.7,6,15.6,6,14.6,7
2016-11-13 15:00:00,7.4,7,7.4,7,5.9,7,11.0,6,6.2,2,12.6,2,11.4,5,11.8,6,7.4,7,7.8,7,7.7,7,6.8,2,4.3,1,4.2,1,12.3,7,10.1,5,8.1,2,8.6,1,6.3,2,3.9,3,9.7,1,8.6,1,6.6,4,6.1,2.0,12.5,6,12.2,4,12.0,5,12.2,7,12.1,6,13.7,2,13.3,2,14.2,6,15.6,5,15.8,5,14.9,7
2016-11-13 16:00:00,7.3,6,6.9,6,5.3,7,10.5,4,5.6,2,11.6,2,10.7,4,11.2,5,6.7,7,7.1,7,7.2,7,5.9,2,3.7,2,3.4,2,11.8,6,9.8,5,7.7,2,7.8,2,6.0,2,3.2,3,8.8,1,8.0,2,6.2,4,4.7,2.0,11.9,6,11.3,4,10.7,4,11.3,7,11.6,6,12.9,2,12.2,2,13.4,5,14.3,6,15.1,5,14.2,6
2016-11-13 17:00:00,7.1,5,6.2,5,4.5,7,9.8,3,4.8,3,10.3,2,9.8,3,10.3,3,5.8,6,6.2,6,6.6,6,4.7,2,3.0,3,2.4,3,11.0,5,9.1,5,7.0,2,6.6,2,5.3,2,2.4,4,7.6,1,7.2,2,5.8,5,3.2,2.0,11.0,5,10.0,3,8.9,3,10.1,7,11.0,5,11.7,2,10.7,2,12.3,5,12.7,6,14.2,5,13.3,5
2016-11-13 18:00:00,6.9,5,5.7,5,3.9,6,9.1,3,3.9,3,9.3,2,9.1,3,9.5,2,5.0,5,5.4,5,6.1,5,3.6,2,2.2,4,1.5,4,10.2,5,8.3,5,6.4,2,5.3,2,4.6,2,1.7,4,6.7,1,6.4,2,5.4,6,2.1,2.0,10.0,4,8.8,3,7.3,3,9.1,7,10.3,5,10.7,2,9.3,2,11.4,5,11.3,6,13.4,5,12.4,5
2016-11-13 19:00:00,6.7,5,5.4,5,3.6,6,8.5,4,3.2,3,8.8,2,8.8,3,8.9,3,4.6,5,5.1,5,5.9,5,3.0,2,1.6,3,1.1,4,9.6,5,7.7,5,6.0,3,4.2,2,4.0,2,1.5,4,6.3,1,5.9,2,5.2,6,1.7,3.0,9.2,3,8.0,2,6.3,3,8.5,6,9.8,5,10.2,2,8.6,2,10.9,4,10.4,6,12.9,5,11.7,4
2016-11-13 20:00:00,6.5,5,5.3,5,3.6,6,8.1,5,2.5,3,8.7,2,8.7,4,8.5,4,4.5,5,5.0,4,5.8,4,2.7,2,1.0,3,0.9,3,9.1,5,7.1,5,5.7,4,3.2,3,3.6,2,1.5,4,6.2,1,5.6,2,5.2,5,1.7,3.0,8.7,3,7.6,2,5.8,4,8.2,6,9.5,5,9.9,2,8.4,2,10.7,5,9.8,6,12.5,6,11.1,4
2016-11-13 21:00:00,6.6,5,5.1,5,3.5,5,7.6,6,2.3,2,8.6,2,8.7,4,8.0,5,4.4,4,4.8,4,5.8,4,2.5,2,0.9,3,0.9,3,8.5,5,6.6,5,5.5,4,2.6,3,3.4,2,1.5,4,5.9,1,5.1,2,5.1,5,1.4,3.0,8.2,2,7.2,2,5.3,4,7.8,6,9.1,5,9.7,2,8.3,2,10.3,5,9.2,6,12.1,6,10.6,4
2016-11-13 22:00:00,6.7,5,5.0,5,3.4,5,7.1,6,2.2,2,8.5,3,8.6,4,7.6,6,4.3,4,4.7,3,5.8,4,2.4,2,0.9,2,0.8,3,8.1,6,6.2,5,5.2,3,2.3,3,3.4,3,1.6,4,5.8,1,4.8,2,5.1,5,1.1,3.0,7.8,2,6.9,2,4.9,4,7.6,6,8.8,5,9.3,2,8.2,2,9.9,5,8.7,5,11.7,5,10.2,4
2016-11-13 23:00:00,6.8,5,5.0,5,3.5,4,6.7,6,2.2,2,8.3,4,8.4,5,7.1,6,4.3,3,4.6,3,5.8,4,2.4,2,1.0,2,0.9,3,7.6,6,5.9,5,5.0,3,2.2,4,3.3,3,1.7,4,5.7,1,4.5,3,5.1,5,0.9,2.0,7.5,2,6.7,2,4.7,4,7.3,6,8.6,5,8.9,3,8.1,3,9.4,5,8.4,5,11.3,5,9.9,4
2016-11-14 00:00:00,7.0,5,4.9,5,3.5,4,6.5,6,2.3,2,8.1,4,8.1,5,6.7,5,4.4,3,4.6,3,5.9,4,2.5,2,1.2,2,1.0,3,7.3,6,5.8,5,4.9,3,2.4,4,3.3,4,1.9,5,5.7,2,4.3,4,5.1,5,0.7,2.0,7.3,2,6.5,2,4.5,4,7.1,6,8.4,5,8.6,3,7.9,3,9.1,5,8.1,5,11.0,5,9.7,4
2016-11-14 01:00:00,7.3,6,5.0,5,3.7,5,6.4,6,2.4,1,8.0,5,7.9,5,6.4,5,4.5,3,4.7,3,6.0,4,2.6,2,1.4,2,1.2,3,7.0,6,5.7,5,4.8,4,2.8,5,3.4,4,2.1,5,5.7,3,4.3,4,5.1,6,0.7,3.0,7.2,3,6.4,3,4.3,5,6.8,5,8.2,5,8.4,4,7.7,4,8.9,5,7.9,5,10.6,5,9.7,4
2016-11-14 02:00:00,7.5,6,5.1,5,3.9,5,6.4,6,2.7,1,8.0,5,7.7,5,6.1,5,4.6,3,4.8,3,6.2,4,2.9,2,1.8,2,1.4,3,6.8,6,5.8,5,4.7,5,3.3,5,3.4,5,2.4,5,5.8,4,4.3,5,5.1,6,0.7,4.0,7.2,4,6.1,4,4.2,5,6.6,5,8.0,5,8.4,4,7.4,4,8.9,5,7.7,5,10.3,5,9.7,5
2016-11-14 03:00:00,6.6,6,4.8,6,3.2,6,5.8,6,1.0,3,7.5,3,7.5,5,6.2,5,3.5,4,3.0,3,4.5,3,1.1,6,-0.8,5,-1.0,3,6.9,5,4.6,5,2.5,5,2.1,5,1.0,6,0.0,5,4.1,6,1.7,6,1.7,5,-1.9,3.0,6.8,4,4.6,4,3.9,3,7.5,6,8.2,7,7.0,3,6.5,3,8.0,5,8.2,5,10.3,5,9.9,7
2016-11-14 04:00:00,6.7,6,4.6,7,3.0,6,5.5,6,0.8,3,7.5,2,7.4,5,5.8,4,3.2,4,2.8,4,4.4,4,0.7,6,-1.0,5,-1.1,3,6.6,4,4.1,4,2.2,5,1.7,5,0.7,6,-0.3,4,3.8,6,1.3,6,1.6,5,-2.0,3.0,6.5,4,4.1,4,3.5,3,7.2,6,7.9,7,6.5,2,6.2,3,7.8,6,7.7,5,10.0,5,9.7,7
2016-11-14 05:00:00,6.8,6,4.5,6,2.8,6,5.3,6,0.6,3,7.7,2,7.4,5,5.5,3,2.8,4,2.5,4,4.1,5,0.3,5,-1.3,4,-1.2,2,6.3,3,3.5,4,2.0,5,1.2,5,0.4,6,-0.7,4,3.5,5,1.1,6,1.4,5,-2.0,3.0,6.3,3,3.7,5,3.2,4,6.9,6,7.6,7,6.1,2,5.9,4,7.6,6,7.2,5,9.8,5,9.5,6
2016-11-14 06:00:00,6.8,6,4.5,6,2.6,6,5.3,6,0.6,2,8.0,2,7.6,5,5.3,3,2.5,5,2.4,5,3.9,5,0.0,5,-1.3,4,-1.2,2,6.1,2,3.2,3,1.8,5,1.0,5,0.4,5,-0.9,5,3.3,5,1.2,6,1.2,5,-1.8,3.0,6.3,3,3.6,5,3.1,5,6.8,6,7.4,6,6.0,2,6.0,4,7.7,6,7.2,5,10.0,5,9.7,6
2016-11-14 07:00:00,6.7,7,4.6,6,2.6,6,5.7,6,0.9,2,8.5,2,8.2,5,5.5,4,2.4,5,2.4,6,3.7,6,0.2,5,-1.0,4,-0.9,2,6.1,2,3.2,3,1.8,6,1.2,6,0.8,4,-0.8,5,3.4,5,1.6,5,1.1,5,-1.2,3.0,6.4,3,4.2,6,3.5,5,6.9,7,7.4,7,6.6,3,6.6,5,8.3,6,7.7,5,10.6,5,10.3,6
2016-11-14 08:00:00,6.6,7,5.0,5,2.9,6,6.3,7,1.5,2,9.1,2,8.9,6,6.1,6,2.7,6,2.8,6,3.8,6,0.8,5,-0.4,4,-0.4,2,6.3,3,3.6,4,2.0,6,1.9,6,1.4,4,-0.3,6,3.8,6,2.2,5,1.2,6,-0.3,2.0,6.6,4,5.3,6,4.3,5,7.3,7,7.6,7,7.7,3,7.7,5,9.2,5,8.7,5,11.6,5,11.1,7
2016-11-14 09:00:00,6.7,7,5.4,5,3.5,6,7.1,7,2.3,2,10.0,2,9.8,6,7.0,7,3.4,6,3.4,5,4.2,5,1.7,4,0.5,3,0.3,2,6.9,4,4.3,4,2.5,6,2.8,6,2.3,4,0.4,5,4.5,6,3.0,4,1.7,6,1.1,2.0,7.0,5,6.6,6,5.6,5,7.9,7,7.9,7,9.1,4,8.9,5,10.2,5,10.0,5,12.6,6,11.9,7
2016-11-14 10:00:00,7.1,6,6.0,4,4.3,6,8.0,7,3.4,2,11.1,2,10.6,6,8.1,7,4.5,6,4.4,5,5.1,5,2.9,4,1.5,3,1.1,2,7.9,4,5.2,5,3.3,6,3.9,5,3.3,4,1.2,5,5.5,5,3.8,4,2.5,6,2.8,2.0,7.6,5,7.9,5,7.2,4,8.7,7,8.4,7,10.5,3,10.1,4,11.2,5,11.5,5,13.6,6,12.5,7
2016-11-14 11:00:00,7.7,6,6.7,4,5.3,5,8.8,7,4.4,2,12.1,3,11.3,6,9.2,6,5.8,6,5.5,5,6.3,5,4.1,3,2.5,2,2.0,2,9.0,4,6.1,5,4.3,6,5.1,3,4.3,3,1.9,3,6.6,5,4.6,4,3.6,5,4.3,2.0,8.3,6,9.1,4,8.8,3,9.4,7,9.0,7,11.7,3,11.2,3,12.1,5,12.9,5,14.4,5,12.9,7
2016-11-14 12:00:00,8.3,6,7.4,4,6.1,5,9.6,7,5.3,2,13.1,3,12.0,5,10.2,6,6.8,5,6.5,5,7.2,5,5.1,2,3.4,1,2.8,1,10.0,4,6.9,5,5.2,6,6.1,2,5.1,3,2.5,2,7.5,4,5.4,4,4.5,5,5.3,2.0,9.1,6,10.0,4,10.3,3,10.1,7,9.6,7,12.7,2,12.1,2,12.8,5,14.0,5,15.0,5,13.2,6
2016-11-14 13:00:00,8.8,6,8.1,4,6.6,4,10.2,6,5.7,2,13.7,4,12.5,5,10.8,6,7.4,5,7.2,5,7.7,5,5.7,2,3.9,1,3.4,1,10.5,4,7.5,5,5.8,6,6.8,2,5.6,3,2.8,2,8.1,4,6.0,3,5.1,4,5.3,2.0,9.8,6,10.5,4,11.4,3,10.5,7,10.1,7,13.4,2,12.7,3,13.3,5,14.6,6,15.3,6,13.5,6
2016-11-14 14:00:00,9.1,6,8.7,4,6.8,3,10.4,6,5.7,2,13.9,4,12.8,5,11.0,6,7.4,5,7.4,5,7.6,5,5.7,2,4.0,1,3.6,1,10.6,4,7.9,5,6.0,5,7.0,2,5.7,2,2.9,2,8.3,4,6.4,3,5.3,4,4.5,1.0,10.2,7,10.5,4,11.7,4,10.5,7,10.5,7,13.6,3,12.9,4,13.5,5,14.7,6,15.3,6,13.6,6
2016-11-14 15:00:00,8.8,7,8.3,5,6.6,4,10.8,2,6.4,1,13.4,6,12.6,3,11.2,3,7.2,5,7.4,5,7.6,5,6.0,2,4.4,1,4.5,1,10.7,3,8.4,3,6.3,3,6.6,2,5.9,2,3.6,2,7.1,4,5.8,5,5.8,5,4.5,1.0,10.5,6,10.5,2,11.3,2,9.6,5,9.9,6,14.1,2,13.0,2,13.0,3,14.0,4,14.7,3,13.5,2
2016-11-14 16:00:00,9.0,6,8.2,5,6.2,3,10.4,2,5.8,1,12.5,6,11.8,3,10.6,3,6.7,5,7.0,4,7.3,4,5.5,2,3.8,1,3.3,1,10.2,2,8.2,2,6.3,2,6.1,2,5.5,2,2.8,2,6.5,4,5.8,4,5.5,5,3.2,1.0,9.9,6,9.7,2,9.9,2,8.8,5,9.5,5,12.9,2,11.7,2,12.2,2,12.8,4,14.2,3,12.8,2
2016-11-14 17:00:00,9.1,6,8.0,5,5.7,3,9.8,3,5.0,1,11.4,6,10.8,3,9.9,4,6.2,5,6.5,4,6.9,4,4.9,2,3.0,1,1.8,1,9.5,2,7.8,2,6.2,2,5.4,2,4.9,3,1.8,3,5.7,4,5.6,4,5.0,5,1.9,1.0,9.1,6,8.7,1,8.0,2,7.7,4,9.0,4,11.4,2,10.0,2,11.1,2,11.3,3,13.4,2,11.8,2
2016-11-14 18:00:00,9.2,6,7.8,4,5.4,4,9.3,4,4.3,2,10.5,6,10.0,4,9.2,4,5.7,5,6.1,4,6.6,4,4.2,2,2.2,1,0.5,1,8.8,2,7.3,2,5.9,2,4.6,2,4.2,3,0.8,3,5.0,4,5.3,4,4.6,5,0.8,1.0,8.3,6,7.8,1,6.3,2,6.8,4,8.4,3,10.1,2,8.6,2,10.1,2,9.9,2,12.6,2,11.0,3
2016-11-14 19:00:00,9.1,6,7.7,5,5.4,4,9.0,5,3.8,3,10.2,6,9.7,4,8.8,5,5.5,5,6.1,5,6.6,5,3.7,2,1.4,1,-0.1,2,8.3,2,7.0,3,5.6,2,3.9,3,3.6,3,0.1,3,4.7,4,4.9,4,4.3,5,0.3,1.0,7.7,6,7.1,1,5.3,2,6.3,4,7.9,2,9.3,2,7.8,1,9.4,2,8.9,2,11.8,2,10.5,3
2016-11-14 20:00:00,9.0,6,7.8,6,5.6,5,8.9,4,3.5,4,10.2,6,9.8,5,8.6,5,5.5,6,6.1,6,6.6,6,3.2,3,0.7,1,-0.4,2,8.0,3,6.7,5,5.2,3,3.4,4,3.0,3,-0.3,2,4.5,4,4.5,4,4.1,5,0.2,1.0,7.4,6,6.6,1,4.8,2,6.0,4,7.5,2,8.8,2,7.5,1,8.9,2,8.3,2,11.0,2,10.2,2
2016-11-14 21:00:00,9.0,6,7.9,6,5.6,5,8.8,5,3.4,4,10.2,6,9.9,5,8.3,5,5.4,6,6.0,6,6.6,6,2.9,4,0.6,1,-0.5,1,7.7,3,6.5,5,4.9,3,2.9,4,2.6,3,-0.4,2,4.4,4,4.2,5,3.7,4,-0.3,2.0,6.9,5,6.2,1,4.1,2,5.7,4,7.1,3,8.2,2,7.2,1,8.4,2,7.7,2,10.4,2,9.8,3
2016-11-14 22:00:00,9.1,6,8.1,6,5.7,5,8.7,5,3.3,5,10.2,6,9.9,5,8.0,5,5.4,7,5.7,5,6.6,6,2.7,4,0.5,2,-0.5,1,7.5,4,6.3,6,4.6,3,2.6,4,2.2,4,-0.4,2,4.3,3,3.9,5,3.5,4,-0.8,2.0,6.6,5,5.8,2,3.6,2,5.4,4,6.7,3,7.7,2,7.0,1,8.0,2,7.2,2,10.0,3,9.5,3
2016-11-14 23:00:00,9.2,6,8.2,6,5.8,6,8.6,5,3.3,5,10.2,6,9.8,6,7.7,5,5.4,6,5.4,5,6.7,6,2.6,4,0.5,2,-0.4,1,7.4,4,6.1,6,4.3,4,2.4,4,1.9,4,-0.3,2,4.2,2,3.5,5,3.2,4,-1.2,2.0,6.3,4,5.5,2,3.2,2,5.1,4,6.3,3,7.2,2,6.7,1,7.5,2,6.8,2,9.6,3,9.1,3
2016-11-15 00:00:00,9.4,7,8.2,6,5.9,6,8.5,6,3.4,5,10.1,6,9.7,6,7.6,5,5.5,6,5.1,5,6.8,5,2.6,5,0.6,3,-0.2,1,7.3,5,5.9,6,4.0,4,2.3,5,1.8,4,-0.1,2,4.2,2,3.2,5,2.9,4,-1.7,3.0,6.0,4,5.2,2,2.8,2,5.0,4,5.9,3,6.8,2,6.4,1,7.1,3,6.4,2,9.4,3,8.7,3
2016-11-15 01:00:00,9.6,7,8.1,6,6.1,6,8.5,6,3.5,5,10.0,6,9.6,6,7.6,5,5.6,5,5.1,5,6.9,5,2.6,5,0.8,3,0.0,3,7.3,5,5.8,6,3.8,5,2.3,5,1.7,4,0.1,3,4.2,3,2.9,5,2.7,4,-2.2,3.0,5.7,4,4.9,2,2.5,2,4.8,4,5.6,4,6.4,2,6.1,2,6.9,3,6.0,2,9.2,3,8.5,3
2016-11-15 02:00:00,9.8,7,7.8,6,6.2,6,8.6,6,3.7,6,9.9,6,9.5,6,7.7,6,5.7,5,5.3,5,7.0,5,2.7,6,1.1,4,0.4,4,7.3,6,5.7,6,3.6,5,2.3,5,1.7,4,0.4,3,4.2,4,2.6,5,2.6,4,-2.7,4.0,5.5,5,4.6,2,2.1,2,4.7,4,5.4,4,6.1,2,5.7,2,6.6,3,5.5,2,9.0,4,8.2,3
2016-11-15 03:00:00,9.9,7,7.8,6,6.2,5,8.4,7,2.3,6,9.9,6,10.0,7,7.6,5,5.3,7,4.3,7,5.5,7,0.8,3,-2.4,3,-1.9,2,6.4,6,4.6,4,1.7,3,0.6,5,-0.1,4,-1.0,3,2.4,1,1.0,3,1.4,6,-1.2,1.0,3.4,1,3.8,1,2.8,1,3.9,5,3.9,5,5.3,1,5.2,1,5.6,1,5.7,2,8.9,2,8.0,2
2016-11-15 04:00:00,10.0,7,7.8,6,6.4,5,8.5,6,2.2,6,9.8,6,9.9,6,7.8,5,5.0,6,4.2,6,5.4,6,0.5,3,-2.3,2,-2.0,2,6.2,5,4.5,5,1.3,4,0.1,5,-0.3,5,-1.2,2,2.1,1,0.4,3,1.2,5,-1.5,1.0,3.1,1,3.2,1,2.2,1,3.5,5,3.4,5,4.6,1,4.8,1,5.3,1,5.2,2,8.5,2,7.4,2
2016-11-15 05:00:00,10.1,7,7.9,6,6.5,5,8.8,6,2.0,6,9.7,6,9.9,6,8.0,6,4.5,6,3.9,6,5.1,6,0.2,3,-2.2,2,-2.1,2,6.1,4,4.5,5,1.0,4,-0.3,5,-0.5,4,-1.4,2,1.8,1,0.0,3,0.8,5,-1.7,2.0,2.9,2,2.7,1,1.6,1,3.1,4,3.0,4,4.1,2,4.6,1,5.0,1,4.8,2,8.3,2,6.9,2
2016-11-15 06:00:00,10.2,7,8.0,6,6.6,6,9.1,6,2.1,6,9.7,6,10.0,6,8.2,6,4.2,5,3.7,5,4.9,5,0.1,3,-1.9,2,-2.1,2,6.1,4,4.5,5,0.9,4,-0.3,5,-0.5,5,-1.5,2,1.7,1,-0.1,3,0.5,5,-1.7,2.0,3.0,2,2.6,1,1.5,1,3.0,4,2.9,4,4.0,2,4.7,1,5.0,2,4.7,2,8.5,2,6.9,2
2016-11-15 07:00:00,10.2,7,8.0,6,6.6,6,9.4,7,2.6,5,9.9,6,10.2,6,8.4,7,4.2,6,3.8,5,4.9,6,0.5,4,-1.5,3,-1.7,3,6.4,4,4.6,5,1.2,4,0.3,5,-0.2,5,-1.3,3,2.0,1,0.2,3,0.4,5,-1.3,2.0,3.5,2,3.2,2,2.1,2,3.5,3,3.3,4,4.7,2,5.4,1,5.6,2,5.2,2,9.3,2,7.8,2
2016-11-15 08:00:00,10.3,7,8.1,7,6.6,6,9.7,7,3.4,5,10.3,7,10.6,7,8.7,7,4.7,6,4.3,6,5.1,6,1.3,6,-0.9,4,-1.1,3,7.0,6,4.8,5,1.9,4,1.4,5,0.3,5,-0.7,3,2.6,1,0.9,3,0.6,5,-0.5,2.0,4.3,1,4.4,2,3.3,2,4.5,3,4.2,4,6.1,2,6.5,2,6.5,2,6.3,2,10.6,2,9.3,2
2016-11-15 09:00:00,10.4,7,8.4,7,6.8,7,10.1,7,4.3,5,11.0,7,11.1,7,9.2,7,5.4,7,5.1,6,5.7,6,2.4,6,0.0,4,-0.3,3,7.9,7,5.4,5,2.8,4,2.7,5,1.1,5,0.0,4,3.6,1,2.0,3,1.2,5,0.8,1.0,5.3,1,5.8,2,4.9,2,5.7,3,5.3,4,7.7,2,7.9,2,7.8,2,7.9,2,11.9,1,10.8,2
2016-11-15 10:00:00,10.7,7,8.9,7,7.3,7,10.7,7,5.2,6,11.9,7,11.7,7,10.1,7,6.4,7,6.1,7,6.6,7,3.6,5,1.2,4,0.6,2,9.1,7,6.4,5,3.8,3,4.0,4,2.0,4,0.9,4,4.8,1,3.3,2,2.2,6,2.5,1.0,6.4,1,7.2,2,6.7,2,6.9,4,6.6,4,9.3,2,9.4,1,9.2,2,9.9,2,13.1,1,12.0,2
2016-11-15 11:00:00,11.1,7,9.5,7,8.1,7,11.4,7,6.1,6,12.8,7,12.3,7,11.2,7,7.5,7,7.2,7,7.6,7,4.7,3,2.5,3,1.5,2,10.5,7,7.6,5,4.9,2,5.2,2,2.9,3,1.8,4,6.0,1,4.7,2,3.3,6,4.0,1.0,7.6,1,8.5,2,8.5,1,7.9,4,7.8,4,10.8,1,10.8,1,10.5,2,11.9,2,14.1,1,12.8,2
2016-11-15 12:00:00,11.5,7,10.2,7,8.8,7,12.1,7,6.8,7,13.6,7,12.9,7,12.2,7,8.4,7,8.2,7,8.6,7,5.8,2,3.6,2,2.4,1,11.6,7,8.7,6,5.8,1,6.2,1,3.8,2,2.7,3,7.1,1,5.9,1,4.3,5,5.0,1.0,8.6,1,9.5,1,10.1,1,8.7,4,8.7,4,11.9,1,11.9,1,11.6,2,13.6,2,14.8,1,13.3,2
2016-11-15 13:00:00,11.7,7,10.8,7,9.4,7,12.6,7,7.3,7,14.2,7,13.3,7,12.9,7,9.0,7,8.9,7,9.3,7,6.6,2,4.3,2,3.2,1,12.3,7,9.4,6,6.5,1,6.9,1,4.5,2,3.4,2,7.9,1,6.8,1,4.9,5,4.9,1.0,9.4,1,10.1,1,11.3,1,9.1,3,9.2,4,12.6,1,12.7,1,12.4,2,14.7,2,15.2,1,13.5,2
2016-11-15 14:00:00,11.9,7,11.3,7,9.8,6,12.8,7,7.6,7,14.3,7,13.5,7,13.1,7,9.3,7,9.3,7,9.6,7,7.1,3,4.6,3,3.8,2,12.5,7,9.6,7,7.0,1,7.3,1,4.9,2,3.8,2,8.3,1,7.2,1,5.1,4,4.1,1.0,9.9,1,10.2,1,11.9,1,9.0,3,9.4,4,12.8,1,12.8,1,12.8,2,15.0,2,15.3,1,13.4,1
2016-11-15 15:00:00,13.0,7,13.6,7,11.8,7,14.3,7,8.8,7,14.7,7,14.5,7,14.5,7,11.3,6,11.0,7,11.5,7,7.6,7,4.9,7,4.3,7,14.1,7,11.7,7,8.7,7,8.3,7,5.9,7,4.7,4,8.6,7,8.3,6,5.5,4,3.5,1.0,11.6,6,10.3,1,11.5,1,9.6,2,9.7,4,13.4,1,12.8,1,12.6,2,14.2,3,14.7,2,13.5,1
2016-11-15 16:00:00,12.8,7,13.1,7,11.4,7,13.7,7,8.5,6,13.9,7,13.7,7,14.1,7,11.0,6,10.7,6,11.4,6,7.3,6,4.8,7,4.0,7,13.7,7,11.5,7,8.7,7,7.7,7,5.6,7,4.3,3,8.2,7,7.9,7,5.2,5,2.4,2.0,11.2,6,9.3,1,9.9,1,8.7,2,9.3,3,12.2,1,11.4,1,11.8,2,12.7,3,13.8,2,12.7,1
2016-11-15 17:00:00,12.6,7,12.5,7,10.6,6,13.1,6,8.0,6,13.0,6,12.8,7,13.4,7,10.6,6,10.3,6,11.2,6,6.9,6,4.5,6,3.5,6,13.2,6,11.0,7,8.6,6,7.0,6,5.2,6,3.7,3,7.6,6,7.2,6,4.7,5,1.5,2.0,10.6,5,8.2,1,7.9,1,7.6,3,8.6,3,10.6,1,9.6,1,10.6,2,10.8,3,12.7,3,11.9,2
2016-11-15 18:00:00,12.3,7,11.9,7,10.0,6,12.5,6,7.7,6,12.2,6,12.1,6,12.7,7,10.2,6,10.0,6,11.0,6,6.7,6,4.3,6,3.0,6,12.6,6,10.5,7,8.5,6,6.4,6,4.9,6,3.2,4,7.2,6,6.7,6,4.3,6,0.9,2.0,9.9,5,7.2,1,6.1,1,6.7,3,8.0,3,9.3,1,8.1,1,9.5,1,9.2,3,11.6,4,11.2,2
2016-11-15 19:00:00,12.1,6,11.7,7,9.8,6,12.2,6,7.7,5,11.9,6,11.9,6,12.3,6,10.0,7,10.0,6,10.9,6,6.9,6,4.3,6,2.9,6,12.1,6,10.3,7,8.4,6,6.3,6,4.8,6,2.9,5,7.2,6,6.6,6,4.1,6,0.6,2.0,9.4,4,6.8,2,5.1,2,6.2,3,7.6,3,8.6,1,7.3,1,8.7,1,8.2,3,10.7,3,11.0,2
2016-11-15 20:00:00,12.0,6,11.7,6,9.9,6,12.1,6,7.9,5,11.9,6,12.0,6,12.1,6,10.0,7,10.2,7,10.9,7,7.2,6,4.3,6,3.0,6,11.8,6,10.3,6,8.3,7,6.5,6,4.8,6,2.8,6,7.3,6,6.9,6,4.1,6,0.5,3.0,9.1,4,6.8,2,4.6,3,6.1,3,7.4,3,8.3,2,7.1,1,8.1,1,7.6,2,10.1,3,11.2,2
2016-11-15 21:00:00,12.0,6,11.7,6,9.9,6,12.0,6,8.0,5,11.8,6,11.9,6,11.8,6,10.0,7,10.2,7,10.8,6,7.4,7,4.3,6,3.1,6,11.5,6,10.1,6,8.1,7,6.3,6,4.8,6,2.9,6,7.3,6,6.5,6,4.1,6,0.5,3.0,8.7,4,6.3,2,4.2,3,5.8,3,7.2,3,8.0,2,6.6,1,7.6,2,7.1,3,9.7,2,10.9,2
2016-11-15 22:00:00,12.0,7,11.7,6,9.9,6,11.9,6,7.9,5,11.8,6,11.9,6,11.6,6,10.1,6,10.1,6,10.7,6,7.3,7,4.2,6,3.1,6,11.2,6,10.0,6,7.8,6,6.1,6,4.8,6,3.1,6,7.3,6,6.2,6,4.2,5,0.4,3.0,8.2,4,5.9,2,3.9,3,5.6,3,7.0,4,7.6,2,6.3,1,7.1,2,6.6,3,9.3,2,10.4,2
2016-11-15 23:00:00,12.1,7,11.6,7,10.0,6,11.8,6,7.8,5,11.8,6,11.8,6,11.3,6,10.1,6,9.9,6,10.6,6,7.1,7,4.1,6,3.0,6,11.0,6,9.8,6,7.6,6,5.9,6,4.8,6,3.3,6,7.2,6,5.8,5,4.2,5,0.2,3.0,7.8,4,5.4,2,3.6,3,5.3,4,6.8,4,7.2,2,6.0,1,6.7,2,6.1,3,9.1,2,9.9,2
2016-11-16 00:00:00,12.1,7,11.6,7,10.2,6,11.6,6,7.7,5,11.7,6,11.7,6,11.1,6,10.2,6,9.8,5,10.6,6,6.9,7,4.1,6,3.0,6,10.9,6,9.6,6,7.3,6,5.8,6,4.7,5,3.5,6,6.9,6,5.4,5,4.3,5,0.0,3.0,7.4,5,4.9,2,3.3,4,5.0,4,6.4,4,6.8,2,5.6,1,6.5,2,5.7,3,8.9,3,9.2,2
2016-11-16 01:00:00,12.2,7,11.6,7,10.4,6,11.4,6,7.9,5,11.5,6,11.6,6,10.8,6,10.2,6,9.8,5,10.8,6,6.8,7,4.4,5,3.3,6,10.8,6,9.5,6,7.0,6,5.6,6,4.6,5,3.7,6,6.6,6,5.0,5,4.4,5,-0.1,3.0,7.0,5,4.3,2,3.0,4,4.6,4,6.0,4,6.4,2,5.1,1,6.4,2,5.4,3,8.6,4,8.4,3
2016-11-16 02:00:00,12.2,7,11.5,7,10.6,6,11.2,7,8.3,5,11.4,6,11.6,6,10.7,6,10.3,6,9.8,5,11.1,5,6.8,7,4.8,5,3.7,6,10.7,6,9.4,6,6.7,6,5.5,5,4.4,5,3.9,6,6.4,6,4.6,5,4.5,5,-0.2,3.0,6.6,5,3.7,2,2.6,4,4.3,5,5.4,4,6.0,3,4.7,1,6.4,2,5.1,2,8.2,4,7.7,4
2016-11-16 03:00:00,12.1,7,11.4,7,10.9,7,11.0,7,8.6,7,11.4,6,11.1,7,10.5,7,10.2,6,9.9,6,10.8,6,7.2,6,5.3,7,4.6,6,10.9,7,9.3,7,7.1,7,6.1,7,4.6,5,5.4,5,6.7,6,5.0,5,4.8,4,-0.2,3.0,6.3,3,4.6,1,2.9,2,4.0,2,5.0,6,5.6,1,5.6,1,5.8,1,5.4,2,8.6,2,7.9,1
2016-11-16 04:00:00,12.1,7,11.3,7,10.9,7,11.0,7,8.7,7,11.4,6,11.0,7,10.4,6,10.2,6,10.0,6,10.8,6,7.3,7,5.5,7,4.8,6,10.8,7,9.3,7,7.1,6,6.3,6,4.6,5,5.7,5,6.7,6,5.1,5,4.9,4,-0.3,3.0,6.4,3,3.8,2,2.4,1,3.6,3,4.7,5,5.1,2,5.2,1,5.5,2,4.8,2,8.2,2,7.3,1
2016-11-16 05:00:00,12.1,7,11.4,7,10.9,6,11.1,7,9.0,7,11.5,6,11.0,6,10.3,6,10.1,6,10.1,6,10.7,6,7.5,7,5.7,7,5.1,6,10.7,6,9.3,7,7.1,6,6.3,6,4.8,6,5.9,6,6.7,6,5.4,5,4.9,3,-0.4,4.0,6.5,3,3.2,2,2.1,1,3.3,4,4.6,5,4.7,2,5.1,2,5.4,3,4.2,2,7.8,2,6.9,2
2016-11-16 06:00:00,12.1,7,11.5,7,10.9,6,11.2,7,9.2,7,11.6,6,11.1,6,10.4,6,10.0,6,10.0,6,10.6,6,7.6,7,6.0,7,5.5,6,10.5,6,9.3,7,7.3,6,6.4,5,5.1,6,6.1,6,6.6,6,5.8,5,5.0,3,-0.2,4.0,6.7,4,3.3,3,2.2,2,3.4,4,4.7,5,4.8,2,5.5,2,5.7,3,4.0,2,7.8,2,7.2,2
2016-11-16 07:00:00,12.1,7,11.6,7,10.9,6,11.3,7,9.4,7,11.7,6,11.3,6,10.6,6,9.8,6,9.8,6,10.4,6,7.8,7,6.3,7,5.9,7,10.5,7,9.3,7,7.6,6,6.6,6,5.4,6,6.3,7,6.5,6,6.2,6,5.3,4,0.3,4.0,6.9,4,4.4,3,3.2,3,4.2,4,5.2,5,5.9,2,6.7,3,6.7,4,4.6,3,8.5,3,8.5,2
2016-11-16 08:00:00,12.0,7,11.8,7,10.9,7,11.4,7,9.7,7,11.9,7,11.7,7,10.9,7,9.6,7,9.7,7,10.3,7,8.0,7,6.6,7,6.4,7,10.7,7,9.2,7,7.9,7,7.0,6,5.8,7,6.4,7,6.5,7,6.6,6,5.7,6,1.2,3.0,7.3,4,6.2,3,4.8,4,5.6,4,6.0,5,7.6,2,8.4,3,8.1,4,6.0,4,9.7,4,10.4,2
2016-11-16 09:00:00,12.1,7,11.9,7,11.1,7,11.6,7,10.0,7,12.2,7,12.2,7,11.4,7,9.7,7,9.9,7,10.4,7,8.4,7,7.0,7,6.8,7,11.1,7,9.4,7,8.3,7,7.6,7,6.3,7,6.7,7,6.8,7,7.2,7,6.2,7,2.7,3.0,7.9,4,8.2,3,6.8,4,7.2,3,7.1,5,9.5,2,10.2,4,9.6,4,7.9,5,11.1,5,12.4,2
2016-11-16 10:00:00,12.3,7,12.0,7,11.5,7,12.0,7,10.4,7,12.7,7,12.8,7,12.0,7,10.1,7,10.4,7,10.8,7,9.0,7,7.6,7,7.3,7,11.8,7,9.8,7,8.7,7,8.3,7,6.8,7,7.1,7,7.6,7,8.0,7,6.8,7,4.8,2.0,8.9,4,9.9,3,8.9,3,8.8,3,8.5,5,11.3,3,11.7,4,11.0,3,10.2,4,12.5,4,13.9,2
2016-11-16 11:00:00,12.5,6,12.2,7,12.0,7,12.5,7,10.8,7,13.3,7,13.4,7,12.6,7,10.8,7,11.1,7,11.4,7,9.7,7,8.3,7,7.7,7,12.7,7,10.4,7,9.1,7,9.0,7,7.4,7,7.7,7,8.6,7,8.9,6,7.4,7,6.8,2.0,10.1,3,11.2,3,10.9,2,10.1,4,9.8,5,12.8,4,13.0,4,12.2,2,12.6,4,13.7,4,14.9,2
2016-11-16 12:00:00,12.7,6,12.5,7,12.5,7,13.0,7,11.3,7,13.9,7,14.0,7,13.3,7,11.4,7,11.8,7,12.0,7,10.4,7,9.0,7,8.3,7,13.4,7,11.0,7,9.6,7,9.8,7,8.1,7,8.2,7,9.6,7,9.8,6,8.0,6,8.2,2.0,11.2,3,12.3,3,12.5,2,11.3,4,11.0,5,13.9,4,14.0,5,13.2,2,14.6,3,14.5,3,15.6,2
2016-11-16 13:00:00,12.8,6,12.8,7,12.8,7,13.4,7,11.9,7,14.3,7,14.4,7,13.9,7,11.9,7,12.3,7,12.4,7,11.1,7,9.5,7,8.9,7,13.9,7,11.6,7,10.2,7,10.5,7,8.9,7,8.7,7,10.4,7,10.4,6,8.6,6,8.4,2.0,12.0,3,13.2,3,13.6,1,12.1,4,11.7,5,14.6,5,14.8,5,14.0,2,15.9,3,14.9,3,16.0,2
2016-11-16 14:00:00,12.7,6,13.1,7,13.0,6,13.6,7,12.4,7,14.4,7,14.4,7,14.2,7,12.1,7,12.4,7,12.6,7,11.5,7,9.7,7,9.4,7,14.1,7,12.0,7,10.7,7,10.9,7,9.6,7,8.9,7,10.8,7,10.7,6,9.2,6,7.7,2.0,12.5,3,13.6,3,13.9,1,12.4,3,12.0,4,14.9,5,15.2,5,14.4,3,16.4,3,14.9,4,16.0,2
2016-11-16 15:00:00,12.8,5,13.5,5,13.2,5,13.7,5,13.2,6,13.9,6,13.6,5,14.5,7,12.8,7,13.3,7,13.5,7,12.0,7,10.9,7,10.3,7,14.9,7,13.2,7,11.5,7,11.4,7,10.5,7,10.4,7,10.1,7,10.9,7,10.3,7,7.1,6.0,13.1,6,14.2,5,13.7,2,12.0,5,11.7,7,15.7,5,16.1,5,15.0,4,15.9,3,15.0,4,16.5,2
2016-11-16 16:00:00,12.6,5,12.9,5,12.7,5,13.1,4,12.8,5,13.1,6,12.9,4,14.2,7,12.3,7,12.8,7,13.2,6,11.5,6,10.7,6,10.1,7,14.5,6,13.0,7,11.4,7,10.9,7,10.4,7,10.0,7,9.6,6,10.5,7,10.0,7,6.1,6.0,12.6,5,13.3,5,12.1,2,10.9,5,11.2,6,14.8,5,14.7,5,14.3,3,14.2,2,14.3,4,15.6,2
2016-11-16 17:00:00,12.4,6,12.1,5,12.0,5,12.4,4,12.1,5,12.1,5,12.0,3,13.6,6,11.6,6,12.1,6,12.7,6,10.9,5,10.3,6,9.6,6,13.9,6,12.5,7,11.1,7,10.1,7,9.9,6,9.3,6,9.0,5,9.8,7,9.5,7,5.1,5.0,11.8,5,12.0,5,10.2,2,9.4,5,10.5,6,13.5,5,12.9,5,13.2,3,12.1,2,13.3,4,14.5,3
2016-11-16 18:00:00,12.1,6,11.4,5,11.3,5,11.8,3,11.5,4,11.3,5,11.3,2,12.9,6,11.0,6,11.5,6,12.3,6,10.4,5,10.0,5,9.1,6,13.2,6,12.0,7,10.8,7,9.4,7,9.5,6,8.8,6,8.5,5,9.3,7,9.1,7,4.4,4.0,11.1,4,10.8,5,8.3,2,8.1,5,9.9,6,12.4,4,11.1,4,12.0,3,10.1,2,12.3,4,13.5,3
2016-11-16 19:00:00,11.8,6,11.0,4,10.8,5,11.4,4,11.1,4,11.0,4,10.9,2,12.3,6,10.7,6,11.2,6,12.0,6,10.3,5,9.8,5,9.0,6,12.6,6,11.6,6,10.5,7,9.1,6,9.2,6,8.6,7,8.4,4,9.1,6,8.9,7,3.9,4.0,10.5,3,9.9,5,7.0,2,7.3,5,9.6,6,11.6,4,10.0,4,10.9,2,8.7,2,11.5,4,12.8,3
2016-11-16 20:00:00,11.5,5,10.8,4,10.4,6,11.1,5,10.9,5,11.0,4,10.8,3,11.8,5,10.7,6,11.0,6,11.7,6,10.4,6,9.6,6,9.0,6,12.1,6,11.3,6,10.2,7,9.0,6,9.1,6,8.7,7,8.5,4,9.1,6,8.9,6,3.7,3.0,10.1,3,9.3,5,6.2,3,6.9,4,9.5,6,11.2,4,9.5,4,10.0,2,7.9,3,10.8,4,12.5,3
2016-11-16 21:00:00,11.3,5,10.6,4,10.1,5,10.8,5,10.6,5,11.0,4,10.5,3,11.3,5,10.6,5,10.8,6,11.6,5,10.3,6,9.4,6,9.1,6,11.7,6,11.1,6,10.0,7,8.7,6,9.0,6,8.7,7,8.4,4,8.9,5,8.8,6,3.3,3.0,9.7,3,8.7,5,5.4,3,6.6,4,9.4,6,10.5,4,8.9,4,9.3,3,7.0,3,10.4,4,11.9,3
2016-11-16 22:00:00,11.2,5,10.4,4,9.8,5,10.5,5,10.3,5,10.9,4,10.3,4,10.8,5,10.5,5,10.7,6,11.5,5,10.2,6,9.2,6,9.0,6,11.4,6,10.8,6,9.8,7,8.5,6,8.8,6,8.6,7,8.3,5,8.7,5,8.8,6,2.9,3.0,9.4,3,8.1,5,4.9,3,6.4,4,9.2,6,9.8,4,8.4,4,8.8,3,6.3,3,10.1,4,11.4,3
2016-11-16 23:00:00,11.1,5,10.2,4,9.7,5,10.3,5,10.1,5,10.6,4,10.2,4,10.5,5,10.4,5,10.6,6,11.5,5,10.0,6,9.1,6,8.8,6,11.3,6,10.7,6,9.7,7,8.3,6,8.7,6,8.6,7,8.2,5,8.6,5,8.8,6,2.7,3.0,9.2,3,7.5,5,4.5,4,6.3,4,9.0,5,9.2,4,8.0,4,8.4,3,5.8,4,9.9,4,10.8,3
2016-11-17 00:00:00,11.1,6,10.1,5,9.7,5,10.1,5,9.9,5,10.4,5,10.1,4,10.4,5,10.4,5,10.5,5,11.6,5,9.8,6,9.0,5,8.6,6,11.3,6,10.6,6,9.5,6,8.2,6,8.6,6,8.6,6,8.3,5,8.4,5,8.9,6,2.4,3.0,9.0,3,6.9,5,4.2,4,6.2,4,8.7,5,8.6,4,7.6,5,8.1,4,5.4,4,9.8,4,10.2,4
2016-11-17 01:00:00,11.0,6,10.1,5,9.7,5,10.1,5,9.7,5,10.3,5,10.2,5,10.4,5,10.4,5,10.6,5,11.8,5,9.6,6,8.9,5,8.6,6,11.4,6,10.6,6,9.5,6,8.3,5,8.6,6,8.6,6,8.3,5,8.3,5,8.9,6,2.2,4.0,8.9,4,6.3,5,3.9,4,6.1,4,8.3,5,8.0,4,7.1,5,7.9,4,5.1,4,9.7,4,9.6,4
2016-11-17 02:00:00,10.9,6,10.1,6,9.9,6,10.2,5,9.6,5,10.3,5,10.4,5,10.5,5,10.6,5,10.7,5,12.0,5,9.5,6,8.9,5,8.7,6,11.6,6,10.7,6,9.4,6,8.4,5,8.7,6,8.6,6,8.4,5,8.2,5,8.9,6,2.1,4.0,8.9,4,5.6,5,3.8,5,6.0,4,7.8,5,7.5,4,6.7,5,7.5,5,4.8,4,9.4,5,9.1,4
2016-11-17 03:00:00,10.7,4,9.6,6,9.5,5,9.5,6,9.3,6,10.2,5,9.7,5,9.5,5,9.8,6,10.1,6,11.1,6,9.4,7,8.5,6,8.7,5,11.4,4,10.0,6,8.8,6,8.2,6,8.2,6,8.8,6,7.4,7,7.2,2,8.2,6,2.1,3.0,8.5,5,6.3,2,4.2,2,6.3,2,7.6,6,8.4,4,7.6,2,7.8,3,6.2,4,9.6,4,10.8,2
2016-11-17 04:00:00,10.8,4,9.6,6,9.4,6,9.5,6,9.4,6,10.2,5,9.5,5,9.3,5,9.7,6,10.2,6,11.2,6,9.4,7,8.7,6,8.9,6,11.3,4,9.9,6,8.8,6,8.4,6,8.1,6,8.9,6,7.3,7,7.1,2,7.9,5,1.7,4.0,8.6,5,5.3,2,3.5,2,6.0,3,7.4,6,8.0,4,7.1,3,7.3,3,5.4,3,9.2,3,10.3,3
2016-11-17 05:00:00,10.8,4,9.7,6,9.3,6,9.6,5,9.7,6,10.2,5,9.5,5,9.2,5,9.7,6,10.3,6,11.3,6,9.5,6,9.0,6,9.2,6,11.2,5,9.9,6,8.9,6,8.6,6,8.1,6,9.0,6,7.2,6,7.1,3,7.7,4,1.4,4.0,8.8,6,4.6,3,2.9,2,5.8,3,7.4,6,7.6,4,6.7,4,7.0,3,4.6,3,8.9,3,10.0,3
2016-11-17 06:00:00,10.8,4,9.8,6,9.3,6,9.8,5,10.1,6,10.3,4,9.6,5,9.4,5,9.6,6,10.3,6,11.2,6,9.5,6,9.3,7,9.5,7,11.1,5,9.9,6,9.1,6,8.7,7,8.3,7,9.2,6,7.1,6,7.3,4,7.7,4,1.5,5.0,9.0,6,4.6,3,2.8,3,6.0,3,7.5,6,7.7,5,7.0,4,7.2,4,4.3,2,9.0,3,10.2,3
2016-11-17 07:00:00,10.7,5,9.8,6,9.3,6,10.0,6,10.4,6,10.5,3,9.9,5,9.8,5,9.5,6,10.1,6,10.8,6,9.6,6,9.6,7,9.9,7,11.1,6,9.9,6,9.3,6,8.8,7,8.7,7,9.5,6,7.1,6,7.6,4,8.1,4,2.3,5.0,9.2,7,5.8,4,3.6,4,6.9,4,7.8,6,8.5,5,8.1,5,8.2,5,5.0,3,9.6,2,11.2,3
2016-11-17 08:00:00,10.5,5,9.9,6,9.4,6,10.2,6,10.5,7,10.8,3,10.4,5,10.5,6,9.4,6,10.0,7,10.4,7,9.6,7,9.8,7,10.2,7,11.2,6,10.0,6,9.4,7,9.0,7,9.1,6,9.9,7,7.2,7,8.0,5,8.7,5,3.5,5.0,9.5,7,7.8,6,5.1,5,8.3,4,8.4,6,9.7,5,9.8,6,9.8,5,6.4,4,10.6,3,12.7,2
2016-11-17 09:00:00,10.5,6,10.0,7,9.7,5,10.5,7,10.7,7,11.2,3,10.9,5,11.2,6,9.5,7,10.0,7,10.2,7,9.8,7,10.1,7,10.7,7,11.5,7,10.3,7,9.6,7,9.2,7,9.6,6,10.4,7,7.5,7,8.6,6,9.4,6,5.1,5.0,10.0,7,9.9,6,6.9,6,9.9,5,9.2,7,11.1,5,11.5,6,11.5,6,8.4,5,11.8,3,14.3,3
2016-11-17 10:00:00,10.7,6,10.3,7,10.1,5,10.9,7,10.9,7,11.7,3,11.5,5,11.9,7,9.8,7,10.3,7,10.5,7,10.1,7,10.5,7,11.2,7,12.1,7,10.8,7,9.8,7,9.6,7,10.0,7,11.0,7,8.0,7,9.5,6,10.0,6,6.7,5.0,10.9,7,11.7,6,8.8,6,11.5,5,10.4,7,12.4,5,13.0,6,12.9,7,10.5,5,13.0,4,15.5,3
2016-11-17 11:00:00,10.9,6,10.6,7,10.7,5,11.4,7,11.2,7,12.2,4,12.0,6,12.6,7,10.3,7,10.8,7,11.0,7,10.4,7,10.9,7,11.8,7,12.9,7,11.4,7,10.0,7,10.1,6,10.3,7,11.6,7,8.7,7,10.4,6,10.6,6,8.0,5.0,11.9,7,13.0,6,10.5,5,12.8,6,11.6,6,13.6,5,14.1,6,14.0,7,12.6,5,14.0,4,16.4,4
2016-11-17 12:00:00,11.2,6,11.0,7,11.2,6,11.8,7,11.5,7,12.6,4,12.4,6,13.3,7,10.8,7,11.4,7,11.6,7,10.9,7,11.3,7,12.3,7,13.7,7,12.0,7,10.3,7,10.6,6,10.7,7,12.1,7,9.3,7,11.2,6,11.1,6,8.8,5.0,12.9,7,14.0,6,12.0,5,13.8,6,12.7,6,14.6,4,15.0,5,14.8,7,14.2,5,14.8,5,16.9,5
2016-11-17 13:00:00,11.4,5,11.3,7,11.6,6,12.1,7,11.9,7,12.9,4,12.7,6,13.9,7,11.3,6,11.8,6,12.0,6,11.4,7,11.7,7,12.7,7,14.4,7,12.5,7,10.7,7,11.1,6,11.1,7,12.3,7,9.8,7,11.7,6,11.5,6,8.8,5.0,13.7,7,14.7,5,13.0,4,14.3,6,13.4,7,15.3,4,15.6,5,15.3,6,15.1,5,15.1,5,17.1,5
2016-11-17 14:00:00,11.4,5,11.5,7,11.7,6,12.1,6,12.2,7,12.9,4,12.7,7,14.2,7,11.5,6,12.1,6,12.1,6,11.8,7,11.9,7,12.9,7,14.7,7,12.8,7,11.0,7,11.4,6,11.4,7,12.2,7,10.1,7,11.8,6,11.8,6,8.3,5.0,14.1,7,14.9,5,13.3,5,14.3,5,13.7,7,15.6,5,15.8,6,15.6,6,15.3,5,15.1,5,16.9,5
2016-11-17 15:00:00,11.8,6,12.3,6,12.0,7,12.5,7,12.5,7,12.9,7,12.5,7,14.1,6,11.9,6,12.5,7,12.7,7,12.5,7,12.2,7,12.8,6,14.4,6,12.8,7,11.7,7,11.8,7,12.3,6,12.3,6,10.5,7,12.3,3,12.6,4,7.8,3.0,13.6,5,14.6,3,13.0,2,14.2,2,13.6,3,15.4,6,15.3,6,15.6,2,15.1,4,15.2,4,15.9,3
2016-11-17 16:00:00,11.8,6,12.0,6,11.8,7,12.0,7,12.2,7,12.1,7,11.9,7,13.5,6,11.6,6,12.2,6,12.6,6,11.9,6,11.8,6,12.2,7,13.9,6,12.4,6,11.5,7,11.2,7,11.8,6,11.4,6,10.0,7,11.6,4,12.1,5,6.6,3.0,13.0,5,13.5,3,11.7,3,12.7,2,13.0,3,14.4,6,14.1,6,14.8,2,13.8,4,14.6,5,14.9,3
2016-11-17 17:00:00,11.7,6,11.5,6,11.5,7,11.2,6,11.7,7,11.1,7,11.1,7,12.5,6,11.1,6,11.7,6,12.3,6,11.1,6,11.2,6,11.4,6,13.2,6,11.7,6,11.1,7,10.4,7,11.1,6,10.3,6,9.3,7,10.7,4,11.4,5,5.5,3.0,12.0,5,12.1,3,10.0,3,10.7,2,12.0,2,13.2,5,12.6,5,13.8,3,12.4,3,13.9,5,13.7,4
2016-11-17 18:00:00,11.5,6,10.9,6,11.0,7,10.6,6,11.3,7,10.2,7,10.3,7,11.5,6,10.7,6,11.2,6,12.0,6,10.5,5,10.7,5,10.6,6,12.4,5,11.1,6,10.7,6,9.8,7,10.4,6,9.3,6,8.8,6,10.0,4,10.8,5,4.6,3.0,11.2,5,10.8,3,8.5,4,9.0,2,11.1,2,12.1,5,11.3,5,12.9,3,11.2,3,13.2,5,12.8,4
2016-11-17 19:00:00,11.2,6,10.4,6,10.4,6,10.2,6,11.0,6,9.6,6,9.7,7,10.7,6,10.5,6,10.9,6,11.7,6,10.3,5,10.4,5,10.1,5,11.7,5,10.7,6,10.4,6,9.7,6,10.0,6,8.7,6,8.7,6,9.9,4,10.5,5,4.1,3.0,10.8,5,10.0,4,7.7,4,8.2,2,10.6,2,11.7,5,10.5,5,12.4,3,10.7,4,12.7,6,12.4,5
2016-11-17 20:00:00,10.8,6,10.1,6,9.9,6,10.0,6,10.8,6,9.2,6,9.1,6,10.2,6,10.4,6,10.8,6,11.4,6,10.4,5,10.3,5,9.7,5,11.1,6,10.6,5,10.3,6,9.9,6,9.9,6,8.5,5,8.8,6,10.1,3,10.3,5,3.9,4.0,10.7,6,9.6,5,7.3,5,7.9,3,10.4,3,11.7,5,10.2,5,12.1,4,10.6,5,12.4,6,12.3,5
2016-11-17 21:00:00,10.5,6,9.9,6,9.6,6,9.8,6,10.7,6,8.8,5,8.7,6,9.7,6,10.4,6,10.7,6,11.2,6,10.5,5,10.3,5,9.3,5,10.7,6,10.5,5,10.1,6,9.8,6,9.8,6,8.2,5,8.8,6,10.4,3,10.1,5,3.7,4.0,10.7,6,9.2,5,6.9,5,7.7,3,10.2,3,11.6,6,10.0,5,11.9,4,10.4,5,12.1,6,12.2,5
2016-11-17 22:00:00,10.3,6,9.8,6,9.5,6,9.5,6,10.6,6,8.4,5,8.3,6,9.3,6,10.4,5,10.6,6,11.2,6,10.4,5,10.2,5,9.0,5,10.5,6,10.4,6,9.9,6,9.6,6,9.7,6,8.0,5,8.8,6,10.5,4,10.0,5,3.5,4.0,10.7,6,9.0,5,6.7,6,7.6,4,10.0,3,11.5,6,9.9,5,11.8,5,10.3,5,11.8,6,11.8,5
2016-11-17 23:00:00,10.1,6,9.7,6,9.5,6,9.2,6,10.4,6,7.9,4,7.9,6,8.9,6,10.3,5,10.4,6,11.2,5,10.1,6,10.1,5,8.8,5,10.4,6,10.3,6,9.7,6,9.4,6,9.6,6,8.0,5,8.8,6,10.4,4,9.9,5,3.5,4.0,10.7,6,8.9,5,6.6,6,7.6,4,9.8,4,11.4,6,10.0,5,11.7,5,10.2,5,11.6,6,11.4,5
2016-11-18 00:00:00,9.7,6,9.4,6,9.3,6,8.6,6,10.0,6,7.4,4,7.6,6,8.4,5,10.0,5,10.1,5,11.2,5,9.7,6,9.8,5,8.7,5,10.2,6,10.1,6,9.6,6,9.2,6,9.5,6,8.1,6,8.8,6,10.1,4,9.9,5,3.5,4.0,10.7,6,9.0,5,6.6,6,7.7,5,9.7,4,11.3,6,10.1,5,11.7,5,10.1,5,11.4,6,11.1,5
2016-11-18 01:00:00,9.3,6,8.8,6,8.8,6,7.9,6,9.3,6,7.0,4,7.3,6,7.9,5,9.6,5,9.7,5,11.0,5,9.3,6,9.4,5,8.8,5,9.8,6,9.8,6,9.6,6,9.1,6,9.4,6,8.4,6,8.8,6,9.8,5,9.9,5,3.6,5.0,10.7,6,9.2,5,6.6,6,8.0,5,9.5,4,11.4,5,10.4,5,11.6,5,9.8,5,11.2,5,11.2,5
2016-11-18 02:00:00,8.7,6,8.1,6,8.2,6,7.1,6,8.5,6,6.7,5,7.1,5,7.4,5,9.1,5,9.3,5,10.7,5,8.9,6,9.1,5,9.0,5,9.3,6,9.5,6,9.7,6,9.1,5,9.3,6,8.8,6,8.9,6,9.5,5,10.0,5,3.8,5.0,10.7,5,9.4,5,6.7,6,8.2,5,9.3,4,11.4,5,10.6,5,11.5,5,9.6,5,11.1,5,11.4,5
2016-11-18 03:00:00,9.3,5,8.1,5,8.4,6,7.9,5,8.6,7,6.9,5,6.7,4,7.2,5,9.0,5,9.3,6,10.4,6,9.2,7,9.3,6,9.1,5,9.3,5,9.5,6,9.3,6,9.2,6,9.0,6,9.0,5,8.3,7,9.1,6,10.2,5,3.3,4.0,10.6,6,9.2,6,6.6,7,7.8,4,9.4,6,11.1,6,10.3,7,12.1,6,9.6,6,11.7,6,10.6,5
2016-11-18 04:00:00,8.8,4,7.5,5,7.8,7,7.4,5,8.4,7,6.5,4,6.1,4,6.7,5,8.5,6,9.0,6,10.0,6,9.2,7,9.5,6,9.2,6,8.9,4,9.1,6,9.3,6,9.5,6,9.0,6,9.1,5,8.3,7,9.3,6,10.2,5,3.5,5.0,10.7,6,9.2,7,6.7,7,7.7,5,9.2,6,11.1,6,10.2,7,12.2,6,9.9,6,11.7,6,10.1,5
2016-11-18 05:00:00,8.4,4,7.1,4,7.3,6,7.0,5,8.5,7,6.3,4,5.5,5,6.2,4,8.0,6,8.8,6,9.8,6,9.2,7,9.8,6,9.5,7,8.5,4,8.7,7,9.4,6,9.7,6,9.1,6,9.1,4,8.3,7,9.6,5,10.3,5,3.7,6.0,10.8,7,9.2,7,6.8,7,7.6,6,9.1,6,11.1,6,10.3,7,12.1,6,10.2,6,11.7,6,9.8,5
2016-11-18 06:00:00,8.0,4,6.7,4,6.9,6,6.7,4,8.5,7,6.2,4,5.1,5,6.0,3,7.6,6,8.5,7,9.4,7,9.2,7,10.1,7,9.8,7,8.2,4,8.3,6,9.3,6,9.7,7,9.3,6,9.3,4,8.2,7,9.8,6,10.3,6,4.1,7.0,10.8,7,9.5,7,7.0,7,7.8,6,9.2,6,11.2,7,10.5,7,12.3,6,10.4,7,11.8,6,10.0,5
2016-11-18 07:00:00,7.7,4,6.5,4,6.7,6,6.5,4,8.5,7,6.4,3,5.1,5,6.1,3,7.2,6,8.0,7,8.8,7,9.0,7,10.1,7,10.1,7,7.9,4,7.8,6,9.0,6,9.4,7,9.5,6,9.6,5,7.9,7,9.7,6,10.4,6,4.7,7.0,10.6,7,10.1,7,7.4,7,8.5,7,9.5,6,11.6,7,10.9,7,12.8,6,10.6,7,12.0,6,11.1,5
2016-11-18 08:00:00,7.5,4,6.6,4,6.7,6,6.5,4,8.5,7,6.8,3,5.5,5,6.5,3,6.9,6,7.6,6,8.1,6,8.8,7,10.0,7,10.3,7,7.9,4,7.5,5,8.7,6,9.1,7,9.7,6,9.9,6,7.7,7,9.6,6,10.6,7,5.4,7.0,10.5,7,10.9,7,8.0,7,9.5,7,10.1,6,12.2,7,11.6,7,13.4,6,10.9,7,12.4,7,12.7,5
2016-11-18 09:00:00,7.4,5,6.8,5,7.0,6,6.7,5,8.5,7,7.3,3,6.1,4,7.1,3,6.9,6,7.4,6,7.8,6,8.7,7,9.9,7,10.5,7,8.2,4,7.5,5,8.5,6,8.9,7,9.9,7,10.3,7,7.7,7,9.6,7,10.9,7,6.4,7.0,10.5,7,11.8,7,8.8,7,10.7,7,11.0,7,12.9,7,12.3,7,14.1,7,11.4,7,12.9,7,14.3,5
2016-11-18 10:00:00,7.5,5,7.1,5,7.5,6,7.0,5,8.7,6,7.9,3,6.9,4,7.9,4,7.2,6,7.7,6,7.9,6,8.8,7,9.8,7,10.6,7,9.0,4,7.9,4,8.6,6,9.0,6,10.1,7,10.7,7,8.2,7,10.0,7,11.2,7,7.5,7.0,10.9,6,12.7,7,9.7,7,11.8,7,12.1,7,13.7,7,13.1,7,14.6,7,12.3,7,13.6,7,15.6,5
2016-11-18 11:00:00,7.7,5,7.5,5,8.1,6,7.4,6,8.9,6,8.5,3,7.7,3,8.8,4,7.6,6,8.4,6,8.4,6,9.0,7,9.8,6,10.7,7,10.0,4,8.7,5,9.0,6,9.4,6,10.3,7,11.1,7,8.9,6,10.6,7,11.6,7,8.6,7.0,11.6,6,13.6,7,10.5,7,12.6,7,13.1,6,14.6,7,13.8,7,15.1,7,13.4,7,14.3,7,16.5,5
2016-11-18 12:00:00,7.9,5,7.9,5,8.5,6,7.8,6,9.2,5,9.0,4,8.3,3,9.5,4,8.1,6,9.0,6,8.9,6,9.3,7,9.8,6,10.9,7,10.9,4,9.5,5,9.4,6,9.9,5,10.6,7,11.4,7,9.6,6,11.1,7,11.9,7,9.3,7.0,12.3,6,14.2,7,11.2,7,13.3,7,13.9,6,15.3,7,14.5,7,15.4,7,14.3,7,14.9,7,17.0,5
2016-11-18 13:00:00,8.0,5,8.1,5,8.6,6,8.1,6,9.4,5,9.3,4,8.7,3,10.0,4,8.5,6,9.4,5,9.2,5,9.6,6,9.8,7,11.2,7,11.5,4,10.2,5,9.8,5,10.3,5,10.9,7,11.7,7,9.9,6,11.2,7,12.1,7,9.4,7.0,12.9,6,14.5,7,11.6,7,13.7,7,14.3,7,15.9,7,15.0,7,15.7,7,14.8,7,15.2,7,17.2,6
2016-11-18 14:00:00,8.0,4,8.2,5,8.4,6,8.1,5,9.4,5,9.2,4,8.7,3,10.1,3,8.6,5,9.4,5,9.3,5,9.7,5,9.6,7,11.4,7,11.6,4,10.5,5,10.0,5,10.4,6,11.1,7,11.7,7,9.8,6,11.0,7,12.1,7,9.1,7.0,13.2,6,14.4,7,11.7,7,13.6,7,14.2,7,16.1,7,15.2,7,15.8,7,14.9,7,15.3,7,17.1,6
2016-11-18 15:00:00,8.7,4,8.4,4,8.3,3,7.9,4,9.3,6,8.4,2,8.2,5,9.6,5,8.4,7,9.3,7,9.3,7,9.6,7,8.6,7,9.3,7,11.2,5,9.9,5,9.6,7,10.0,7,10.1,7,8.8,7,8.9,7,9.8,6,11.4,7,7.5,7.0,12.2,5,14.1,7,11.2,7,11.1,7,12.4,7,15.7,7,14.5,7,15.7,7,14.4,7,15.1,6,16.3,7
2016-11-18 16:00:00,8.4,3,7.9,4,7.8,3,7.3,4,8.6,6,7.7,3,7.4,5,8.5,4,7.9,6,8.8,7,9.0,7,8.5,7,7.9,7,8.9,7,10.1,5,9.0,4,9.1,7,9.2,7,9.4,7,8.2,7,8.2,6,9.1,6,10.8,7,6.7,7.0,11.2,4,13.5,7,10.9,7,10.1,7,11.8,7,14.8,7,13.8,7,15.1,7,13.7,7,14.7,6,15.5,7
2016-11-18 17:00:00,8.1,3,7.2,4,7.2,3,6.5,4,7.8,7,7.0,4,6.5,4,7.2,3,7.3,6,8.0,6,8.7,6,7.2,7,7.1,7,8.2,7,8.8,4,8.0,3,8.3,6,8.1,7,8.4,7,7.7,7,7.3,4,8.3,6,10.1,7,6.0,7.0,9.9,3,12.7,7,10.5,7,8.9,7,11.1,7,13.7,7,12.9,7,14.3,7,12.8,7,14.2,7,14.5,6
2016-11-18 18:00:00,7.7,3,6.6,4,6.6,3,6.0,4,7.0,6,6.4,4,5.8,4,6.1,3,6.8,6,7.3,6,8.3,6,6.2,7,6.4,7,7.6,7,7.6,4,7.1,2,7.5,6,7.1,6,7.5,7,7.2,7,6.5,3,7.5,6,9.5,7,5.3,7.0,8.9,3,11.8,7,10.0,7,7.8,7,10.4,6,12.6,7,11.8,7,13.5,7,12.1,6,13.7,7,13.6,6
2016-11-18 19:00:00,7.4,3,6.2,3,6.1,3,5.8,4,6.5,6,6.2,4,5.5,3,5.4,3,6.5,5,6.7,6,7.9,5,5.9,6,6.1,6,7.2,7,6.8,4,6.6,2,7.0,5,6.5,5,7.0,7,7.0,7,6.0,3,7.0,5,9.1,7,4.9,7.0,8.4,4,11.1,7,9.5,7,7.2,6,9.9,6,11.8,7,10.8,7,12.7,7,11.6,6,13.2,7,13.0,6
2016-11-18 20:00:00,7.2,3,6.0,4,5.6,3,5.7,4,6.2,5,6.2,3,5.5,3,5.1,2,6.3,5,6.3,5,7.5,5,6.2,4,6.1,6,7.1,7,6.4,4,6.4,2,6.6,5,6.1,4,6.9,7,6.9,7,5.7,4,6.8,4,8.8,7,4.6,7.0,8.3,5,10.4,7,9.0,7,6.9,6,9.6,5,11.3,6,10.0,7,12.1,7,11.2,6,12.8,7,12.7,6
2016-11-18 21:00:00,6.9,3,5.7,4,5.2,3,5.5,4,5.9,5,6.2,3,5.3,3,4.7,3,5.9,5,6.0,5,7.2,5,6.1,4,5.8,6,6.7,7,6.0,4,6.1,3,6.2,5,5.7,4,6.6,7,6.6,6,5.4,5,6.4,4,8.5,6,4.2,7.0,8.2,5,9.8,7,8.5,7,6.6,5,9.4,5,10.9,6,9.4,7,11.6,7,10.8,6,12.4,7,12.3,5
2016-11-18 22:00:00,6.7,3,5.5,4,4.9,4,5.4,4,5.7,5,6.1,2,5.2,3,4.4,3,5.6,5,5.7,5,7.0,5,6.1,5,5.6,6,6.3,7,5.7,4,5.8,3,5.8,5,5.4,3,6.3,7,6.3,6,5.1,5,6.1,3,8.1,6,3.8,6.0,8.2,5,9.3,6,8.1,7,6.4,5,9.2,5,10.5,6,9.0,6,11.2,6,10.4,6,12.1,6,11.8,5
2016-11-18 23:00:00,6.4,4,5.3,4,4.7,4,5.3,4,5.5,6,6.0,2,5.1,4,4.2,3,5.4,5,5.5,5,6.8,5,5.9,5,5.3,6,5.9,7,5.6,4,5.6,4,5.5,5,5.1,3,6.1,7,6.1,6,4.9,5,5.8,3,7.8,6,3.5,6.0,8.1,5,8.8,6,7.6,7,6.4,5,8.9,5,10.1,6,8.7,6,10.9,6,10.0,6,11.9,6,11.4,5
2016-11-19 00:00:00,6.2,4,5.1,5,4.6,5,5.2,5,5.3,6,5.9,2,5.1,4,4.1,4,5.2,5,5.4,5,6.7,5,5.6,5,5.1,5,5.5,7,5.5,4,5.3,4,5.3,5,4.8,3,5.8,7,5.8,6,4.8,5,5.5,3,7.3,6,3.1,6.0,7.9,5,8.3,6,7.1,6,6.4,5,8.7,5,9.8,6,8.5,6,10.6,6,9.6,6,11.7,6,11.0,5
2016-11-19 01:00:00,6.0,4,5.0,5,4.6,5,5.2,5,5.0,6,5.8,3,5.1,4,4.1,4,5.0,5,5.3,5,6.6,5,5.2,5,4.8,5,5.2,6,5.6,5,5.2,5,5.1,5,4.7,4,5.5,6,5.5,6,4.7,5,5.2,4,6.8,6,2.7,6.0,7.6,5,7.9,6,6.6,6,6.5,5,8.5,5,9.6,5,8.3,6,10.2,6,9.1,5,11.6,6,10.6,5
2016-11-19 02:00:00,5.8,5,5.0,5,4.6,6,5.2,5,4.7,6,5.8,4,5.1,5,4.1,5,4.9,5,5.2,5,6.5,5,4.8,6,4.6,5,4.9,6,5.6,6,5.1,5,4.9,5,4.5,4,5.2,6,5.3,6,4.6,5,5.0,4,6.3,6,2.2,6.0,7.2,5,7.5,6,6.1,6,6.6,5,8.2,5,9.4,5,8.2,5,9.8,6,8.7,5,11.5,5,10.3,5
2016-11-19 03:00:00,6.8,2,4.9,3,4.8,4,4.8,4,4.5,5,6.1,3,5.3,3,4.3,4,5.1,5,5.4,5,6.4,5,5.4,4,4.9,4,5.7,5,6.2,4,5.4,3,5.7,3,6.3,3,5.5,7,6.5,6,5.0,6,6.0,4,8.1,6,4.7,7.0,7.7,4,8.6,6,8.0,7,7.1,5,8.7,5,10.0,3,9.3,5,11.2,6,10.5,6,12.5,6,11.5,5
2016-11-19 04:00:00,6.5,3,4.6,4,4.5,5,4.5,4,4.5,5,6.1,3,5.0,3,3.9,3,4.8,5,5.2,6,6.2,6,5.2,5,5.1,4,5.7,5,6.1,4,5.1,3,5.5,3,6.0,3,5.4,7,6.5,6,4.7,6,5.6,3,7.8,5,4.3,7.0,7.5,5,7.9,6,7.4,7,6.6,4,8.3,4,9.6,2,8.8,4,10.7,7,10.2,6,12.5,6,11.0,5
2016-11-19 05:00:00,6.1,5,4.4,5,4.3,5,4.4,4,4.6,5,6.1,3,4.8,3,3.6,3,4.6,6,5.1,6,6.0,6,5.1,5,5.4,4,5.9,6,5.9,4,4.8,3,5.2,4,5.6,3,5.4,6,6.5,5,4.5,5,5.4,3,7.5,4,3.9,7.0,7.3,5,7.4,5,6.9,7,6.2,3,8.1,4,9.3,2,8.6,2,10.3,7,10.1,6,12.4,6,10.7,6
2016-11-19 06:00:00,6.0,6,4.4,6,4.3,6,4.5,4,4.8,5,6.3,4,4.7,3,3.6,3,4.6,6,5.1,6,6.0,7,5.1,6,5.7,4,6.2,6,5.8,4,4.7,3,5.1,4,5.3,3,5.6,5,6.7,4,4.4,5,5.3,4,7.4,4,3.5,7.0,7.2,5,7.3,5,6.8,7,6.2,3,8.0,3,9.3,2,8.7,2,10.3,6,10.2,6,12.5,6,10.7,6
2016-11-19 07:00:00,6.1,6,4.7,6,4.5,7,4.9,5,5.2,6,6.6,4,5.0,3,4.2,3,4.8,7,5.2,7,6.0,7,5.4,6,6.0,4,6.6,7,6.0,4,4.8,4,5.2,4,5.4,3,6.0,4,7.0,4,4.5,6,5.4,4,7.6,4,3.3,7.0,7.4,6,7.9,5,7.3,6,6.8,3,8.3,4,9.7,3,9.3,2,10.9,6,10.6,5,12.7,6,11.4,5
2016-11-19 08:00:00,6.4,5,5.2,6,5.0,7,5.6,5,5.7,6,7.1,4,5.7,4,5.2,4,5.3,7,5.5,7,6.2,7,5.9,6,6.2,4,7.2,7,6.6,4,5.3,5,5.6,5,5.7,5,6.6,4,7.3,5,4.9,6,5.8,5,7.9,5,3.5,7.0,7.9,6,9.0,5,8.2,6,7.9,4,8.8,5,10.4,4,10.2,3,11.8,5,11.3,4,13.1,6,12.4,5
2016-11-19 09:00:00,6.9,5,5.9,5,5.6,6,6.4,5,6.2,7,7.7,4,6.5,4,6.4,5,5.9,7,6.0,7,6.6,7,6.4,6,6.4,4,7.7,6,7.5,5,6.0,6,6.1,5,6.3,6,7.2,4,7.8,6,5.5,7,6.3,6,8.4,5,4.1,7.0,8.7,6,10.2,5,9.1,5,9.0,6,9.5,6,11.3,4,11.3,4,12.7,4,12.2,4,13.8,6,13.4,4
2016-11-19 10:00:00,7.4,5,6.7,6,6.3,6,7.3,5,6.7,7,8.4,4,7.3,4,7.6,5,6.6,7,6.7,7,7.2,7,6.9,6,6.7,5,8.2,6,8.7,5,7.0,6,6.7,6,6.9,6,7.8,4,8.3,6,6.4,7,7.0,6,8.9,5,5.2,6.0,9.7,6,11.3,5,9.7,4,9.9,6,10.3,6,12.3,4,12.3,4,13.3,4,13.2,3,14.8,4,14.1,4
2016-11-19 11:00:00,7.8,6,7.5,6,7.0,6,8.2,5,7.3,7,9.0,4,8.2,4,8.8,5,7.2,7,7.6,7,8.0,7,7.3,7,7.0,6,8.7,6,10.0,5,8.2,6,7.4,7,7.6,6,8.4,5,8.8,6,7.3,7,7.8,6,9.3,5,6.4,5.0,10.8,6,12.2,5,10.1,3,10.6,7,11.1,7,13.3,5,13.2,4,13.6,3,14.1,2,15.8,3,14.6,5
2016-11-19 12:00:00,8.2,6,8.2,7,7.6,5,8.9,5,7.7,6,9.6,4,8.9,4,9.8,6,7.8,6,8.3,6,8.6,6,7.8,7,7.3,6,9.0,6,11.2,5,9.2,6,8.0,7,8.2,6,8.9,5,9.1,5,8.1,7,8.4,6,9.7,4,7.2,4.0,11.8,6,12.7,5,10.5,2,11.2,7,11.9,7,14.2,5,13.9,4,13.8,3,14.9,2,16.5,2,14.9,5
2016-11-19 13:00:00,8.4,6,8.6,6,7.9,5,9.4,5,8.0,6,10.0,5,9.5,4,10.6,5,8.2,6,8.8,6,9.0,6,8.2,6,7.5,6,9.2,6,12.0,5,9.9,6,8.6,7,8.8,6,9.3,6,9.2,5,8.5,7,8.7,6,9.9,4,7.3,4.0,12.5,6,12.7,5,11.0,3,11.8,6,12.5,7,14.9,5,14.3,4,14.1,3,15.5,1,16.8,1,15.1,5
2016-11-19 14:00:00,8.5,5,8.7,6,8.0,6,9.4,5,8.2,6,10.2,5,9.8,4,11.0,5,8.4,6,9.0,6,9.2,6,8.5,6,7.5,6,9.1,6,12.2,6,10.3,6,8.9,6,9.2,6,9.5,6,9.1,5,8.6,7,8.8,6,9.9,5,6.8,4.0,12.9,6,12.4,5,11.2,4,12.1,6,12.7,7,15.1,5,14.3,4,14.1,3,15.6,1,16.5,2,15.1,5
2016-11-19 15:00:00,8.4,6,8.1,5,7.6,5,8.8,5,8.4,6,10.2,7,9.2,7,10.4,5,7.8,7,8.6,7,8.8,7,8.9,5,8.0,5,9.4,4,12.0,6,9.8,7,9.3,6,9.8,6,9.8,5,9.3,3,8.9,6,9.3,6,10.7,5,6.3,4.0,12.4,6,12.5,4,11.1,2,12.1,5,13.0,6,14.8,5,13.4,4,14.1,3,15.1,2,16.1,1,15.1,6
2016-11-19 16:00:00,8.3,6,7.7,6,7.3,6,8.0,5,8.0,6,9.6,7,8.4,7,9.6,6,7.6,6,8.3,7,8.7,6,8.2,5,7.5,5,8.6,3,11.3,6,9.3,7,9.0,6,9.1,6,9.1,5,8.3,3,8.5,6,8.7,6,9.9,5,5.0,4.0,11.6,6,11.4,4,9.7,3,10.9,4,12.1,6,13.6,4,12.3,4,13.1,3,13.7,2,15.2,2,14.4,6
2016-11-19 17:00:00,8.2,6,7.2,6,7.0,6,7.3,6,7.4,6,8.9,7,7.5,7,8.6,6,7.3,6,7.8,6,8.5,6,7.2,6,6.8,5,7.5,3,10.4,6,8.7,7,8.5,6,8.1,6,8.1,5,7.0,4,8.0,6,8.2,5,9.0,5,3.7,4.0,10.6,5,10.2,5,8.0,4,9.3,3,11.0,5,12.0,4,11.0,4,11.8,4,12.1,3,14.1,2,13.4,5
2016-11-19 18:00:00,8.1,6,6.9,7,6.6,6,6.9,6,7.0,6,8.5,7,7.1,7,7.9,7,7.0,6,7.5,6,8.3,6,6.6,6,6.2,5,6.6,3,9.6,6,8.3,7,8.1,6,7.4,6,7.2,5,5.9,4,7.6,7,7.8,5,8.3,5,2.6,4.0,9.8,5,9.1,5,6.6,4,8.0,3,10.1,4,10.8,4,9.8,4,10.7,4,10.5,4,13.1,2,12.6,5
2016-11-19 19:00:00,8.0,6,6.9,7,6.3,6,7.2,6,7.0,6,8.7,7,7.4,6,7.7,6,6.9,6,7.4,6,8.1,6,6.7,7,6.0,5,6.1,3,9.0,6,8.2,7,7.9,6,7.3,6,6.8,5,5.3,4,7.4,7,7.9,5,7.9,5,1.9,4.0,9.4,5,8.5,5,5.9,5,7.3,3,9.6,4,10.4,4,9.1,4,10.2,4,9.4,4,12.3,2,12.2,4
2016-11-19 20:00:00,8.0,6,7.1,6,6.2,6,8.0,6,7.1,6,9.3,7,8.2,6,8.0,6,7.0,6,7.5,6,8.0,6,7.2,7,6.1,5,5.9,3,8.8,6,8.4,6,7.9,6,7.7,6,6.7,5,5.0,4,7.3,6,8.1,5,7.8,5,1.6,4.0,9.4,6,8.2,5,5.7,4,7.0,3,9.5,4,10.5,5,8.9,5,10.1,5,8.7,4,11.6,3,12.0,4
2016-11-19 21:00:00,7.9,6,7.1,6,6.2,6,8.4,6,7.0,6,9.5,6,8.6,5,8.4,6,7.2,6,7.6,6,8.2,6,7.3,7,5.9,5,5.5,4,8.8,6,8.5,6,7.9,6,7.7,6,6.4,5,4.6,4,7.3,6,8.1,5,7.6,5,1.3,4.0,9.3,6,8.0,5,5.3,5,6.8,3,9.3,4,10.7,5,8.7,5,9.8,5,8.0,4,11.0,4,11.8,4
2016-11-19 22:00:00,7.9,6,7.1,6,6.2,6,8.8,6,6.9,6,9.7,6,8.9,5,8.9,6,7.3,6,7.7,5,8.4,6,7.3,7,5.7,5,5.1,4,8.9,6,8.6,6,7.9,6,7.7,6,6.3,5,4.3,4,7.3,6,8.1,5,7.4,5,1.2,4.0,9.2,6,7.9,5,5.1,5,6.7,3,9.3,4,10.7,5,8.8,5,9.6,5,7.5,4,10.6,4,11.6,4
2016-11-19 23:00:00,7.8,6,7.2,6,6.2,6,9.0,6,6.7,6,9.7,6,9.1,4,9.4,6,7.5,5,7.9,5,8.6,5,7.2,7,5.5,6,4.8,4,9.1,6,8.7,6,8.0,6,7.8,6,6.2,6,4.2,4,7.3,6,8.1,5,7.2,5,1.2,4.0,9.3,6,8.0,5,5.1,5,6.6,4,9.3,4,10.7,5,9.0,5,9.6,5,7.2,4,10.3,4,11.5,4
2016-11-20 00:00:00,7.7,6,7.2,6,6.2,6,8.9,6,6.5,6,9.5,6,9.2,4,9.6,6,7.7,5,8.0,5,8.8,5,7.1,7,5.4,5,4.6,5,9.4,6,8.7,6,8.0,6,7.9,6,6.1,6,4.1,5,7.3,6,8.2,5,7.0,5,1.1,4.0,9.4,5,8.3,5,5.2,5,6.8,4,9.4,4,10.7,5,9.4,5,9.6,5,7.1,5,10.1,4,11.5,4
2016-11-20 01:00:00,7.7,6,7.2,6,6.3,6,8.7,6,6.4,6,9.1,6,9.1,5,9.6,6,7.8,5,8.1,5,8.9,5,6.9,7,5.2,5,4.4,5,9.7,6,8.8,6,8.1,6,8.1,5,6.1,6,4.1,5,7.3,6,8.2,5,6.9,5,1.1,5.0,9.6,5,8.7,5,5.3,5,7.2,4,9.4,5,10.9,5,10.0,5,9.8,5,7.0,5,10.0,4,11.5,4
2016-11-20 02:00:00,7.6,6,7.3,6,6.4,6,8.5,6,6.3,6,8.5,6,8.8,5,9.4,6,8.0,5,8.2,5,9.0,5,6.9,7,5.2,5,4.3,6,9.9,6,8.8,6,8.3,6,8.2,5,6.2,6,4.2,5,7.4,6,8.2,5,6.9,5,1.1,5.0,9.9,5,9.2,5,5.6,5,7.7,5,9.5,5,11.2,5,10.6,5,10.1,5,7.1,5,10.0,4,11.6,4
2016-11-20 03:00:00,8.4,7,6.6,7,6.2,7,8.5,6,6.2,7,9.8,6,9.5,5,9.6,6,7.5,5,8.0,6,9.2,6,7.2,6,6.2,7,5.5,6,10.8,6,8.9,7,8.1,6,8.4,6,6.7,7,5.6,3,8.0,7,8.3,6,9.2,5,2.8,6.0,10.1,6,9.6,6,5.1,6,8.6,6,10.3,5,11.8,7,10.2,7,11.5,5,6.4,4,10.9,4,11.0,5
2016-11-20 04:00:00,8.7,7,7.1,7,6.4,7,8.9,6,6.4,6,9.8,6,9.6,6,9.6,6,7.6,6,8.2,6,9.4,6,7.4,6,6.5,7,5.4,5,11.2,6,9.3,7,8.3,6,8.6,5,7.1,7,5.8,3,8.4,6,8.7,6,9.4,5,3.0,6.0,10.5,6,9.5,6,5.5,6,8.5,6,10.3,5,12.0,7,10.7,7,11.9,5,6.6,5,11.0,5,10.6,5
2016-11-20 05:00:00,8.8,7,7.7,7,6.6,6,9.3,6,6.7,6,9.8,6,9.7,6,9.7,6,7.8,6,8.4,6,9.7,6,7.6,6,6.9,7,5.5,4,11.5,6,9.7,7,8.6,6,8.7,4,7.8,7,6.1,3,8.9,6,9.3,6,9.7,5,3.5,6.0,11.0,7,9.4,6,6.2,6,8.4,6,10.3,5,12.2,6,11.2,7,12.3,6,6.9,5,11.1,5,10.4,6
2016-11-20 06:00:00,8.9,7,8.0,7,6.8,6,9.5,6,7.2,6,9.8,6,9.6,7,9.7,6,8.0,7,8.5,6,9.8,6,7.9,6,7.2,7,5.8,4,11.5,6,9.8,7,8.8,6,8.8,3,8.4,6,6.6,3,9.1,6,9.8,6,10.1,6,4.1,6.0,11.2,7,9.6,6,6.9,7,8.6,6,10.3,5,12.5,6,11.8,7,12.7,6,7.5,6,11.3,5,10.5,6
2016-11-20 07:00:00,8.8,7,7.9,6,6.9,7,9.5,6,7.8,6,9.8,6,9.4,6,9.7,6,8.0,7,8.3,7,9.4,7,8.4,6,7.4,7,6.5,4,11.2,6,9.4,7,8.9,6,9.0,4,8.9,6,7.3,4,9.0,6,10.1,6,10.5,6,4.9,6.0,11.2,7,10.5,7,7.6,7,9.3,6,10.3,6,12.9,6,12.2,7,13.3,7,8.4,6,11.8,6,11.2,7
2016-11-20 08:00:00,8.7,7,7.6,6,7.0,7,9.3,6,8.5,6,9.9,6,9.2,6,9.8,6,8.0,7,8.0,7,8.9,7,9.0,6,7.7,7,7.4,5,10.8,6,8.8,7,8.9,6,9.4,6,9.4,6,8.1,5,8.9,7,10.3,6,11.1,6,5.9,6.0,11.1,7,11.8,7,8.2,7,10.4,7,10.5,6,13.4,7,12.7,7,13.9,7,9.4,7,12.5,6,12.2,7
2016-11-20 09:00:00,8.6,7,7.6,6,7.3,7,9.4,6,9.2,7,10.1,6,9.3,6,10.0,6,8.1,7,8.0,7,8.7,7,9.7,6,8.2,7,8.4,6,10.7,6,8.6,7,9.2,6,9.9,7,10.0,6,9.1,5,8.9,7,10.6,6,11.7,6,7.1,7.0,11.3,7,13.0,7,8.8,7,11.6,7,11.0,7,14.1,7,13.3,7,14.6,7,10.7,7,13.3,7,13.5,7
2016-11-20 10:00:00,8.7,7,8.1,7,7.9,7,9.8,6,9.8,7,10.4,6,9.7,5,10.5,6,8.5,7,8.6,7,9.0,7,10.4,6,9.1,7,9.4,6,11.2,6,9.1,7,9.8,7,10.6,7,10.8,6,10.2,5,9.3,7,11.2,6,12.4,6,8.3,7.0,11.9,7,13.9,7,9.5,7,12.7,7,11.9,7,15.0,7,14.1,7,15.2,7,12.1,7,14.2,7,14.8,6
2016-11-20 11:00:00,8.8,7,8.8,7,8.7,7,10.5,6,10.2,7,10.8,5,10.3,5,11.1,7,9.0,7,9.5,7,9.6,7,11.2,6,10.1,7,10.4,6,12.0,7,10.1,7,10.5,7,11.3,6,11.7,6,11.3,4,9.9,7,11.9,6,13.1,7,9.4,7.0,12.7,7,14.5,7,10.2,7,13.5,6,13.1,6,15.9,7,15.1,7,15.8,7,13.3,7,14.9,7,16.0,6
2016-11-20 12:00:00,9.0,6,9.4,7,9.3,7,11.1,6,10.7,7,11.1,5,10.9,5,11.7,7,9.6,7,10.4,7,10.2,7,11.9,6,11.0,7,11.2,5,12.9,7,11.2,7,11.2,7,12.0,6,12.5,6,12.1,3,10.6,7,12.5,6,13.6,7,9.9,7.0,13.6,7,15.0,7,10.8,7,14.1,6,14.2,6,16.8,7,15.9,7,16.3,7,14.3,7,15.4,7,16.9,6
2016-11-20 13:00:00,9.2,6,9.7,7,9.5,7,11.4,6,11.2,7,11.4,5,11.2,6,12.3,7,10.2,7,11.0,7,10.6,7,12.5,6,11.5,7,11.8,5,13.5,7,11.9,7,11.7,7,12.5,6,13.1,6,12.5,4,11.2,7,12.8,6,13.9,7,9.7,7.0,14.3,7,15.4,7,11.1,7,14.4,6,15.1,6,17.5,7,16.4,7,16.7,7,14.8,7,15.4,7,17.4,6
2016-11-20 14:00:00,9.3,7,9.7,7,9.5,7,11.5,6,11.5,7,11.4,6,11.2,6,12.5,7,10.6,7,11.3,7,10.8,7,12.8,7,11.7,7,12.2,6,13.7,7,12.3,7,11.9,7,12.7,6,13.3,7,12.6,5,11.5,7,12.9,6,14.0,7,9.0,7.0,14.8,7,15.6,7,11.3,7,14.4,6,15.6,6,17.8,7,16.5,7,16.9,7,14.8,7,15.2,7,17.4,6
2016-11-20 15:00:00,11.7,6,11.9,6,12.1,7,11.4,6,13.4,7,10.4,6,10.2,5,12.5,6,11.8,7,12.7,7,12.9,7,14.0,7,13.2,7,13.3,7,14.1,7,13.2,7,13.6,7,14.2,7,14.4,7,13.8,5,12.9,7,14.3,7,15.0,7,8.8,7.0,15.8,7,16.1,7,11.2,7,14.3,4,16.0,6,17.9,7,16.3,7,17.2,7,14.4,7,15.3,7,17.0,6
2016-11-20 16:00:00,11.4,6,11.2,6,11.8,7,10.5,6,13.1,7,9.4,6,9.4,5,11.6,6,11.5,7,12.4,7,12.9,7,13.1,7,12.8,7,13.1,7,13.4,7,12.7,7,13.2,7,13.5,7,13.9,7,13.1,6,12.4,7,13.6,7,14.6,7,8.0,7.0,15.2,7,15.6,7,11.0,7,13.2,3,15.3,6,17.3,7,15.7,7,16.7,7,14.1,7,14.9,7,16.5,6
2016-11-20 17:00:00,10.9,6,10.4,6,11.4,6,9.6,6,12.7,7,8.3,5,8.5,6,10.3,5,11.1,7,12.0,7,12.7,7,12.0,6,12.1,6,12.4,7,12.4,7,12.1,7,12.6,7,12.6,7,13.1,7,12.0,6,11.8,7,12.8,7,14.0,7,7.4,7.0,14.3,6,15.0,7,10.7,7,11.8,3,14.3,6,16.4,6,14.9,7,16.0,7,13.7,7,14.6,7,15.7,6
2016-11-20 18:00:00,10.5,6,9.7,6,10.9,6,8.8,5,12.3,7,7.3,5,7.7,6,9.2,5,10.7,7,11.5,7,12.4,7,11.2,6,11.5,6,11.6,6,11.3,6,11.5,6,12.0,7,11.9,7,12.3,7,10.9,5,11.2,6,12.2,7,13.4,7,7.0,6.0,13.3,6,14.4,7,10.5,7,10.7,3,13.3,5,15.6,6,14.1,7,15.4,7,13.3,7,14.3,7,14.8,6
2016-11-20 19:00:00,10.1,6,9.3,6,10.4,6,8.5,5,12.0,6,6.7,5,7.2,6,8.5,5,10.4,7,11.1,7,11.9,7,11.1,6,11.2,6,10.8,6,10.4,6,11.1,6,11.5,6,11.7,6,11.7,7,9.9,6,10.9,6,11.9,6,13.0,7,6.7,6.0,12.6,6,14.0,7,10.3,7,10.0,2,12.5,5,15.1,6,13.5,7,15.0,7,12.9,7,14.0,7,14.1,6
2016-11-20 20:00:00,9.8,6,9.0,5,9.9,6,8.4,5,11.7,6,6.5,5,6.9,6,8.0,5,10.2,7,10.9,7,11.5,7,11.4,5,11.3,6,10.1,6,9.8,6,11.0,6,11.2,6,11.7,6,11.3,7,9.1,6,10.8,6,11.9,6,12.7,7,6.5,6.0,12.1,7,13.7,7,10.2,7,9.5,2,12.0,4,14.8,7,13.1,7,14.9,7,12.6,7,13.8,7,13.4,5
2016-11-20 21:00:00,9.5,6,8.7,6,9.5,6,8.1,5,11.2,6,6.2,5,6.6,6,7.6,5,10.0,7,10.6,7,11.3,7,11.2,5,10.8,7,9.5,6,9.5,6,10.7,6,11.0,5,11.4,6,11.0,7,8.6,6,10.6,6,11.7,6,12.4,7,6.2,6.0,11.7,6,13.2,7,10.1,7,9.0,2,11.6,4,14.3,6,12.8,7,14.6,7,12.3,7,13.6,7,13.0,5
2016-11-20 22:00:00,9.2,6,8.4,6,9.2,6,7.7,5,10.7,6,6.0,5,6.3,5,7.3,5,9.8,6,10.4,6,11.2,6,10.9,5,10.3,7,8.9,6,9.2,6,10.5,6,10.7,5,11.1,6,10.8,7,8.1,5,10.3,6,11.5,6,12.1,6,6.1,6.0,11.3,6,12.8,7,9.9,7,8.6,2,11.3,4,13.9,6,12.6,6,14.3,6,12.0,6,13.5,6,12.7,5
2016-11-20 23:00:00,8.9,6,8.2,6,8.9,6,7.5,6,10.1,6,6.0,6,6.3,5,7.1,5,9.7,6,10.1,6,11.1,6,10.5,5,9.8,6,8.4,6,9.1,6,10.2,6,10.5,5,10.8,6,10.5,7,7.6,5,10.0,6,11.3,6,11.7,6,5.9,6.0,11.1,6,12.4,6,9.7,6,8.4,2,11.2,4,13.6,6,12.5,6,14.0,6,11.7,6,13.3,6,12.6,5
2016-11-21 00:00:00,8.6,6,8.0,6,8.6,6,7.3,6,9.6,6,6.0,6,6.3,5,6.9,5,9.5,6,9.8,6,10.9,6,10.1,5,9.2,6,7.8,6,9.0,6,10.0,6,10.3,5,10.6,5,10.2,7,7.2,4,9.8,6,11.0,5,11.3,6,5.7,6.0,10.8,6,12.0,6,9.5,6,8.3,3,11.1,4,13.3,6,12.5,6,13.8,6,11.4,6,13.2,6,12.7,5
2016-11-21 01:00:00,8.4,6,7.9,6,8.4,6,7.2,6,9.1,6,6.1,6,6.4,5,6.9,6,9.2,5,9.6,6,10.7,6,9.7,5,8.7,5,7.3,6,8.9,6,9.7,6,10.1,5,10.4,5,9.9,7,6.8,5,9.5,6,10.8,5,11.0,6,5.5,5.0,10.7,6,11.7,6,9.2,6,8.4,4,11.0,4,13.1,5,12.5,6,13.5,6,11.2,6,13.1,6,12.9,5
2016-11-21 02:00:00,8.2,6,7.8,6,8.2,6,7.2,6,8.7,6,6.2,6,6.5,5,6.9,6,9.0,5,9.3,5,10.4,6,9.3,6,8.2,5,6.8,6,8.9,6,9.4,6,9.9,6,10.2,5,9.5,7,6.5,5,9.3,6,10.6,5,10.7,6,5.3,5.0,10.6,6,11.4,6,8.9,6,8.5,5,10.9,4,12.9,5,12.5,6,13.3,5,11.0,5,13.0,6,13.2,5
2016-11-21 03:00:00,7.4,6,6.2,6,7.4,7,5.2,7,8.7,6,6.2,6,6.1,6,5.5,7,8.6,6,9.6,6,10.7,6,10.3,7,10.9,6,9.1,5,8.8,6,9.5,6,10.2,4,10.7,4,11.6,7,8.4,5,9.9,4,10.8,4,13.2,5,7.2,6.0,10.4,4,12.6,7,9.9,7,8.1,3,11.2,3,14.1,7,13.1,7,14.8,7,11.5,7,13.8,7,12.5,5
2016-11-21 04:00:00,7.4,6,6.2,6,7.2,7,5.7,7,8.6,6,6.3,6,6.2,6,5.7,7,8.7,6,9.6,6,10.6,6,10.3,7,10.9,6,8.8,5,8.6,6,9.5,6,10.1,4,10.7,5,11.3,7,8.5,5,10.0,4,10.8,4,13.1,5,6.9,6.0,10.4,5,12.5,7,9.9,7,7.8,4,11.2,4,14.4,7,13.2,7,14.8,7,11.6,7,14.0,7,12.4,5
2016-11-21 05:00:00,7.3,6,6.2,7,7.2,7,6.3,7,8.8,6,6.3,7,6.3,7,5.9,7,8.9,7,9.7,6,10.7,7,10.4,7,10.9,7,8.4,6,8.5,7,9.5,6,10.2,5,10.7,5,11.0,7,8.7,5,10.1,4,10.9,4,13.1,5,6.6,6.0,10.4,6,12.6,7,10.2,7,7.6,5,11.2,4,14.8,7,13.5,7,15.0,7,11.9,7,14.1,7,12.3,6
2016-11-21 06:00:00,7.2,7,6.1,7,7.2,7,6.7,7,9.1,6,6.3,7,6.3,7,6.2,7,9.1,7,9.7,7,10.6,7,10.6,6,10.9,7,8.3,6,8.4,7,9.6,6,10.3,5,10.8,6,10.9,7,9.0,5,10.2,4,11.2,4,13.2,5,6.6,7.0,10.4,6,12.9,7,10.5,7,7.8,6,11.2,4,15.1,7,13.9,7,15.3,7,12.2,7,14.2,7,12.6,6
2016-11-21 07:00:00,6.9,7,5.9,7,7.2,7,6.8,7,9.5,6,6.2,7,6.1,7,6.3,7,9.1,6,9.6,6,10.2,6,11.0,6,10.8,6,8.6,6,8.2,7,9.7,6,10.5,5,11.0,6,11.0,6,9.3,5,10.3,5,11.5,5,13.6,5,7.0,7.0,10.4,7,13.6,7,10.9,7,8.6,6,11.3,4,15.3,7,14.2,7,15.8,7,12.5,7,14.1,7,13.3,6
2016-11-21 08:00:00,6.6,7,5.7,7,7.3,7,6.7,7,9.9,6,6.1,7,5.8,7,6.4,7,9.0,6,9.5,6,9.9,6,11.4,6,10.8,6,9.1,6,8.1,7,9.8,6,10.8,5,11.5,6,11.2,6,9.8,5,10.6,6,12.0,5,14.1,6,7.7,7.0,10.6,7,14.4,7,11.2,7,9.9,6,11.5,5,15.5,7,14.6,7,16.4,7,12.9,7,14.1,7,14.3,6
2016-11-21 09:00:00,6.4,7,5.8,7,7.5,7,6.7,7,10.3,6,6.2,7,5.8,7,6.6,7,9.1,5,9.6,5,9.8,5,11.9,5,10.8,5,9.8,6,8.3,7,10.1,6,11.3,5,12.1,5,11.7,5,10.4,5,11.1,6,12.7,5,14.9,6,8.7,7.0,11.0,7,15.2,7,11.6,7,11.3,6,12.2,5,15.7,7,15.0,7,16.9,7,13.4,7,14.3,7,15.5,6
2016-11-21 10:00:00,6.5,7,6.2,7,7.9,7,6.9,7,10.7,6,6.6,7,6.1,7,7.0,7,9.4,5,10.1,5,10.3,5,12.4,5,10.9,5,10.4,5,8.9,7,10.6,6,12.1,4,13.0,4,12.3,5,11.2,5,11.9,7,13.7,5,15.8,5,9.9,7.0,11.8,7,15.8,7,12.0,7,12.6,6,13.4,5,16.1,7,15.6,7,17.1,7,14.1,7,14.9,7,16.6,6
2016-11-21 11:00:00,6.7,7,6.8,7,8.4,7,7.3,7,11.2,6,7.2,7,6.6,7,7.6,7,9.9,5,10.8,5,11.0,5,12.9,5,11.2,4,11.0,4,9.7,7,11.3,7,13.1,4,13.9,3,13.0,4,12.0,4,12.8,7,14.9,6,16.6,5,11.0,7.0,12.7,6,16.2,7,12.4,7,13.8,6,14.8,5,16.7,7,16.2,7,17.2,7,14.9,7,15.6,7,17.6,6
2016-11-21 12:00:00,7.0,7,7.4,7,8.9,7,7.8,7,11.7,6,7.8,7,7.2,7,8.2,7,10.5,5,11.6,5,11.8,5,13.6,5,11.6,4,11.6,3,10.6,7,12.1,7,13.9,4,14.7,3,13.7,5,12.7,4,13.5,7,15.8,6,17.2,5,11.6,7.0,13.6,6,16.5,7,12.8,7,14.7,6,16.0,5,17.3,7,16.8,7,17.4,7,15.6,7,16.2,7,18.3,6
2016-11-21 13:00:00,7.3,7,7.9,7,9.3,6,8.3,7,12.3,6,8.3,6,7.6,7,8.8,7,11.1,6,12.2,6,12.3,6,14.3,5,12.2,5,12.2,3,11.3,7,12.8,7,14.4,4,15.2,4,14.4,6,13.0,4,13.9,7,16.3,6,17.4,6,11.5,7.0,14.3,6,16.8,7,13.1,7,15.2,6,16.8,5,17.9,7,17.3,7,17.7,7,16.1,7,16.5,7,18.7,6
2016-11-21 14:00:00,7.5,7,8.2,7,9.6,6,8.7,7,12.9,6,8.4,6,7.8,7,9.3,7,11.6,6,12.6,6,12.5,6,14.9,6,12.7,6,12.6,4,11.8,7,13.4,7,14.6,5,15.5,5,14.9,6,13.0,5,13.9,7,16.3,7,17.3,6,10.9,7.0,14.6,6,17.1,7,13.2,7,15.3,6,17.1,5,18.2,7,17.6,7,18.0,7,16.2,7,16.5,7,18.9,7
2016-11-21 15:00:00,11.0,7,11.9,7,12.3,6,10.3,7,14.4,7,7.8,6,7.5,7,10.4,7,12.9,6,13.8,6,13.7,6,15.6,7,13.2,7,12.3,5,12.3,7,13.8,7,15.0,7,15.8,7,15.0,7,11.7,4,13.7,7,16.0,7,17.0,6,8.8,6.0,15.5,7,17.7,7,12.4,7,14.8,6,16.8,7,18.3,7,17.6,7,18.4,7,15.6,7,15.9,7,18.9,7
2016-11-21 16:00:00,11.4,7,11.8,6,12.5,6,10.1,7,14.0,7,7.3,6,7.0,6,9.8,6,12.6,6,13.4,6,13.6,6,14.7,7,12.8,7,11.8,5,11.5,6,13.1,6,14.2,7,14.9,7,14.5,7,11.4,5,12.8,6,14.9,7,16.2,7,8.4,6.0,14.6,6,17.4,7,12.2,7,13.1,6,15.9,7,17.8,7,17.1,7,18.0,7,15.3,7,15.7,7,18.3,7
2016-11-21 17:00:00,11.7,6,11.7,6,12.7,6,9.7,7,13.5,7,6.7,5,6.5,6,8.9,6,12.1,6,12.8,6,13.5,6,13.5,7,12.1,7,10.9,6,10.4,6,12.2,5,13.2,7,13.7,7,13.7,7,10.8,5,11.8,5,13.7,7,15.1,7,8.3,6.0,13.4,6,16.7,7,12.0,7,11.0,5,14.9,7,17.0,7,16.5,7,17.4,7,14.8,7,15.4,7,17.4,6
2016-11-21 18:00:00,11.8,6,11.6,5,12.7,6,9.3,6,12.9,7,6.1,5,6.1,6,8.0,6,11.6,6,12.2,6,13.2,6,12.5,7,11.5,7,10.0,6,9.3,6,11.3,3,12.2,6,12.5,7,12.9,7,10.2,5,10.8,4,12.7,7,14.1,7,8.3,6.0,12.2,5,16.0,7,11.7,7,9.2,4,13.8,7,16.2,7,15.7,7,16.7,7,14.3,7,15.1,7,16.5,6
2016-11-21 19:00:00,11.6,6,11.4,5,12.3,7,8.9,6,12.3,7,5.7,5,5.9,6,7.3,6,11.3,6,11.7,6,12.8,6,11.9,6,11.1,7,9.5,6,8.4,5,10.6,3,11.4,5,11.5,7,12.2,7,9.7,6,10.1,4,12.0,7,13.5,7,8.1,6.0,11.2,5,15.3,7,11.4,7,8.2,4,12.9,7,15.5,7,14.9,7,16.2,7,13.9,7,14.8,7,15.7,6
2016-11-21 20:00:00,11.3,6,11.1,6,11.7,7,8.5,5,11.8,6,5.4,4,5.7,6,6.6,6,11.0,6,11.2,6,12.4,6,11.6,6,10.8,7,9.3,6,7.6,5,10.1,2,10.8,4,10.8,7,11.7,7,9.2,6,9.5,4,11.5,7,13.1,7,7.9,6.0,10.3,6,14.8,7,11.1,7,7.9,5,12.2,7,15.0,7,14.3,7,15.9,7,13.5,7,14.6,7,15.1,6
2016-11-21 21:00:00,11.1,6,10.8,6,11.4,7,8.1,4,11.4,6,5.2,4,5.6,6,6.0,6,10.6,6,10.9,6,12.0,6,11.4,6,10.5,6,9.1,6,7.0,5,9.7,2,10.3,4,10.3,7,11.3,7,8.9,6,9.0,5,11.1,6,13.0,7,7.7,6.0,9.7,6,14.2,7,10.9,7,7.7,5,11.7,6,14.6,7,13.9,7,15.5,7,13.2,7,14.4,7,14.7,6
2016-11-21 22:00:00,10.8,6,10.4,6,11.1,7,7.7,4,11.1,6,5.1,4,5.4,5,5.5,5,10.3,6,10.7,6,11.8,6,11.1,6,10.2,6,9.0,6,6.5,4,9.2,2,9.8,4,10.0,6,10.9,7,8.5,6,8.4,5,10.7,6,12.9,7,7.5,6.0,9.2,5,13.6,7,10.7,7,7.4,5,11.3,6,14.2,7,13.5,7,15.1,6,12.8,6,14.3,6,14.3,6
2016-11-21 23:00:00,10.5,6,10.0,6,10.7,7,7.3,4,10.9,5,5.0,4,5.3,4,5.1,5,9.9,6,10.5,6,11.6,6,10.8,6,9.7,6,8.8,6,6.1,4,8.8,2,9.4,4,9.7,6,10.6,7,8.2,6,7.8,5,10.2,6,12.8,7,7.3,6.0,8.7,5,13.0,6,10.5,6,7.1,5,10.8,6,13.8,6,13.2,6,14.7,6,12.5,6,14.2,6,14.1,6
2016-11-22 00:00:00,10.2,6,9.6,6,10.4,7,6.9,4,10.5,5,4.9,4,5.2,4,4.7,5,9.5,5,10.2,5,11.4,6,10.4,6,9.3,6,8.5,6,5.9,4,8.3,3,9.0,5,9.4,6,10.3,7,7.9,6,7.4,5,9.7,6,12.5,6,7.1,6.0,8.4,5,12.4,6,10.3,6,6.9,5,10.4,6,13.4,6,12.9,6,14.3,6,12.2,6,14.1,6,13.9,5
2016-11-22 01:00:00,9.8,6,9.2,6,10.1,7,6.7,4,9.9,5,5.0,5,5.1,4,4.4,5,9.1,5,9.8,5,11.0,6,10.0,6,8.9,6,8.0,6,5.8,4,8.0,4,8.8,5,8.9,6,10.0,7,7.7,6,7.2,5,9.1,6,11.9,6,6.9,6.0,8.0,5,11.8,6,9.9,6,6.8,5,9.9,5,13.1,6,12.6,6,13.9,6,12.0,6,14.0,6,13.7,5
2016-11-22 02:00:00,9.5,6,8.8,6,9.7,7,6.4,5,9.3,5,5.0,5,5.1,5,4.2,5,8.7,5,9.3,5,10.6,5,9.5,7,8.5,5,7.4,6,5.7,5,7.6,5,8.5,6,8.4,6,9.6,7,7.5,6,7.2,5,8.6,6,11.1,6,6.6,6.0,7.6,5,11.3,6,9.6,6,6.8,5,9.4,5,12.7,5,12.4,6,13.6,5,11.8,5,13.9,6,13.4,5
2016-11-22 03:00:00,10.9,3,9.8,3,10.4,5,8.6,3,9.7,7,6.8,2,7.2,2,7.5,2,9.7,4,10.0,4,11.2,4,10.1,7,9.7,7,8.6,6,8.3,4,8.8,5,9.4,4,9.6,5,10.4,7,8.8,5,8.5,4,9.6,7,12.8,6,8.6,6.0,9.1,4,12.9,7,10.6,7,7.5,6,10.9,6,15.1,7,13.9,7,15.4,7,11.9,7,14.1,7,14.4,7
2016-11-22 04:00:00,10.5,2,9.5,3,10.1,4,8.3,3,9.6,7,6.6,3,6.8,3,7.2,2,9.3,4,9.8,5,10.9,5,9.9,6,9.6,7,8.3,6,7.8,4,8.5,5,9.3,5,9.7,6,10.1,7,8.7,5,8.3,5,9.4,7,12.5,6,8.2,6.0,8.9,5,12.8,7,10.4,7,7.3,6,10.8,6,15.1,7,14.0,7,15.5,7,11.9,7,14.2,7,14.4,7
2016-11-22 05:00:00,10.1,2,9.3,2,9.8,3,8.1,2,9.6,7,6.4,4,6.4,3,7.0,3,9.1,4,9.6,5,10.6,5,9.8,6,9.5,7,7.9,6,7.4,4,8.3,6,9.2,5,9.8,6,9.9,7,8.6,5,8.2,6,9.3,6,12.3,7,7.7,7.0,8.8,6,12.8,7,10.5,7,7.0,6,10.7,6,15.1,7,14.2,7,15.7,7,12.1,7,14.3,7,14.4,7
2016-11-22 06:00:00,9.9,2,9.1,2,9.7,3,7.9,2,9.8,6,6.4,4,6.2,3,6.8,3,8.9,5,9.5,5,10.4,5,9.7,6,9.5,7,7.9,6,7.2,4,8.1,6,9.1,5,9.8,6,9.7,7,8.7,6,7.9,6,9.3,6,12.1,7,7.5,7.0,8.7,7,13.1,7,10.8,7,6.9,7,10.5,6,15.2,7,14.6,7,16.0,7,12.5,7,14.5,7,14.3,7
2016-11-22 07:00:00,9.8,3,9.0,3,9.6,3,7.8,3,10.0,6,6.6,4,6.3,3,6.8,3,8.8,5,9.3,6,10.1,5,9.7,6,9.6,6,8.4,6,7.4,5,8.0,6,8.9,6,9.5,7,9.7,7,9.1,6,7.5,6,9.3,6,12.0,7,7.8,7.0,8.5,7,13.7,7,11.4,7,7.1,7,10.2,6,15.4,7,15.0,7,16.5,7,13.1,7,14.6,7,14.2,7
2016-11-22 08:00:00,9.8,4,9.1,4,9.7,5,7.9,3,10.3,6,7.0,3,6.6,3,7.1,4,8.7,5,9.1,5,9.8,5,9.8,6,9.8,6,9.3,6,7.9,5,7.9,6,8.7,6,9.2,7,9.9,7,9.9,6,7.3,6,9.4,7,12.0,7,8.5,7.0,8.3,7,14.5,7,12.0,7,7.5,7,10.0,7,15.7,7,15.4,7,17.0,7,13.8,7,14.8,7,14.3,7
2016-11-22 09:00:00,9.9,4,9.3,5,9.9,5,8.3,4,10.5,6,7.5,2,7.2,3,7.7,4,8.9,5,9.2,5,9.8,5,10.0,6,10.0,6,10.2,6,8.7,5,8.2,6,8.7,7,9.0,7,10.1,7,10.8,6,7.3,6,9.6,7,12.1,7,9.5,7.0,8.5,7,15.3,7,12.7,7,8.0,7,10.1,7,16.0,7,15.7,7,17.5,7,14.7,7,15.2,7,14.6,7
2016-11-22 10:00:00,10.0,5,9.7,5,10.3,5,8.9,4,10.7,6,8.2,2,7.9,3,8.6,4,9.3,5,9.7,5,10.2,5,10.3,6,10.2,5,11.0,6,9.7,4,8.8,6,9.0,7,9.2,7,10.4,7,11.8,6,7.8,6,9.9,7,12.3,7,10.7,6.0,9.1,6,15.9,7,13.2,7,8.6,7,10.5,7,16.3,7,16.0,7,17.9,7,15.6,7,15.8,7,15.2,7
2016-11-22 11:00:00,10.2,5,10.2,6,10.7,5,9.6,4,10.9,6,8.9,2,8.6,4,9.6,5,9.9,6,10.4,6,10.8,6,10.8,6,10.5,5,11.7,5,10.7,4,9.6,6,9.6,6,9.6,7,10.7,7,12.8,5,8.5,7,10.3,7,12.6,7,11.8,6.0,9.9,6,16.4,7,13.6,7,9.2,7,11.2,7,16.7,7,16.2,7,18.2,7,16.4,7,16.5,7,16.0,7
2016-11-22 12:00:00,10.3,4,10.6,6,11.1,5,10.2,4,11.2,6,9.4,2,9.1,4,10.5,5,10.4,6,11.0,6,11.3,6,11.2,7,10.8,5,12.3,4,11.5,4,10.4,7,10.1,6,10.1,7,11.1,7,13.4,4,9.1,7,10.6,7,12.9,7,12.4,6.0,10.8,6,16.7,7,13.9,7,9.7,7,11.8,7,17.2,7,16.5,7,18.4,7,17.0,7,17.0,7,16.8,7
2016-11-22 13:00:00,10.4,4,10.8,5,11.2,5,10.4,4,11.6,6,9.6,2,9.3,4,11.0,4,10.7,7,11.4,6,11.6,7,11.6,7,11.2,5,12.8,4,12.0,4,11.0,7,10.5,6,10.6,7,11.4,7,13.5,4,9.4,7,10.8,7,13.2,7,12.2,6.0,11.4,6,17.0,7,14.1,7,10.0,7,12.2,7,17.7,7,16.9,7,18.6,7,17.3,7,17.3,7,17.4,7
2016-11-22 14:00:00,10.4,3,10.7,5,11.1,5,10.3,5,11.8,7,9.4,2,9.2,4,11.0,4,10.7,7,11.5,7,11.6,7,11.7,7,11.5,6,13.0,5,12.1,5,11.2,7,10.6,7,10.9,7,11.6,7,13.2,4,9.3,7,10.7,7,13.4,7,11.5,7.0,11.7,7,17.1,7,14.2,7,10.0,7,12.4,7,18.2,7,17.2,7,18.6,7,17.3,7,17.3,7,17.7,7
2016-11-22 15:00:00,11.0,5,11.3,6,11.7,6,10.9,6,12.5,7,9.9,3,10.1,2,11.5,2,11.4,7,12.1,7,12.2,7,12.2,7,12.4,7,13.0,5,12.6,3,12.1,7,11.4,6,11.5,7,12.3,7,13.0,4,11.1,7,12.1,7,13.7,6,10.4,6.0,12.8,7,17.6,7,13.5,7,10.9,7,13.5,7,18.2,7,17.6,7,18.7,7,17.1,7,17.0,7,18.0,7
2016-11-22 16:00:00,10.9,5,10.7,6,11.3,6,10.2,6,11.9,7,8.9,3,9.4,2,10.5,3,10.8,7,11.4,7,11.8,7,11.3,7,11.7,7,12.2,5,11.5,4,11.4,7,10.7,7,10.5,7,11.8,7,12.1,5,10.6,7,11.6,7,13.6,6,9.7,6.0,12.0,7,17.1,7,13.2,7,9.6,7,13.0,7,17.8,7,17.1,7,18.4,7,16.7,7,16.7,7,17.3,7
2016-11-22 17:00:00,10.7,6,10.0,6,10.7,6,9.5,7,11.1,7,7.8,2,8.5,2,9.3,4,10.1,7,10.5,7,11.2,7,10.2,7,10.8,7,11.1,5,10.2,5,10.4,6,9.9,7,9.4,7,11.0,7,11.0,5,9.9,7,11.0,7,13.3,6,9.1,5.0,11.1,7,16.4,7,12.8,7,8.1,7,12.3,7,17.1,7,16.3,7,17.8,7,16.1,6,16.3,6,16.4,7
2016-11-22 18:00:00,10.4,6,9.4,6,10.2,6,8.8,7,10.4,7,6.9,2,7.7,2,8.2,5,9.4,6,9.8,6,10.7,6,9.4,7,9.9,7,10.0,6,9.1,6,9.6,6,9.2,7,8.9,7,10.3,7,9.9,5,9.3,7,10.5,7,12.9,6,8.6,5.0,10.2,7,15.6,6,12.4,7,7.0,7,11.8,7,16.4,7,15.6,7,17.3,6,15.6,6,16.0,6,15.7,7
2016-11-22 19:00:00,10.1,6,9.1,6,9.7,6,8.4,7,9.9,7,6.5,2,7.1,2,7.5,5,9.0,6,9.4,6,10.3,6,9.3,7,9.4,6,9.4,6,8.4,6,9.2,6,8.9,7,9.4,7,10.0,7,9.2,6,9.0,7,10.4,7,12.7,6,8.2,5.0,9.7,7,15.1,6,12.0,7,6.8,7,11.5,7,15.9,7,15.1,7,17.1,6,15.2,6,15.7,6,15.4,6
2016-11-22 20:00:00,9.8,6,8.9,6,9.3,6,8.2,6,9.6,7,6.5,2,6.7,2,7.2,5,8.8,7,9.2,7,10.0,7,9.6,7,9.3,6,9.1,6,8.0,5,9.0,6,8.9,7,10.3,7,9.9,7,8.8,5,8.9,6,10.6,7,12.7,6,7.9,6.0,9.4,7,14.9,7,11.8,7,7.0,7,11.5,6,15.7,7,14.8,6,17.0,6,14.9,6,15.5,6,15.5,6
2016-11-22 21:00:00,9.5,6,8.6,6,8.9,6,7.9,6,9.2,6,6.3,2,6.4,3,6.8,5,8.6,7,9.0,6,9.9,7,9.8,7,9.0,6,8.8,6,7.7,5,8.8,6,8.8,6,10.6,7,10.1,6,8.4,5,8.8,6,10.6,7,12.3,6,7.8,6.0,9.1,7,14.5,6,11.7,7,7.1,7,11.6,6,15.4,7,14.5,6,16.7,6,14.5,6,15.4,6,15.4,6
2016-11-22 22:00:00,9.3,6,8.4,6,8.6,6,7.7,6,8.8,6,6.2,3,6.2,3,6.5,5,8.4,7,8.9,6,9.8,6,9.7,7,8.9,6,8.5,6,7.5,5,8.5,6,8.8,6,10.3,6,10.3,6,8.0,5,8.7,6,10.6,6,12.0,6,7.8,6.0,8.9,7,14.3,6,11.6,7,7.2,6,11.8,6,15.3,6,14.4,6,16.4,6,14.2,6,15.3,6,15.4,6
2016-11-22 23:00:00,9.1,6,8.2,6,8.3,6,7.4,6,8.5,6,6.1,3,6.0,4,6.2,5,8.4,6,8.8,6,9.8,6,9.5,7,8.7,6,8.1,6,7.3,6,8.3,6,8.8,6,9.8,6,10.4,6,7.8,5,8.6,6,10.5,6,11.6,6,7.8,6.0,8.7,6,14.0,6,11.4,6,7.3,6,12.0,6,15.2,6,14.3,6,16.1,6,13.9,6,15.3,6,15.4,5
2016-11-23 00:00:00,8.9,6,8.0,6,8.1,6,7.3,7,8.3,6,5.9,4,5.9,4,6.0,6,8.3,6,8.8,6,9.7,6,9.3,7,8.4,6,7.7,6,7.1,6,8.2,6,8.8,6,9.3,6,10.2,6,7.6,6,8.5,6,10.3,6,11.2,6,7.8,5.0,8.5,6,13.6,6,11.3,6,7.2,6,11.9,6,15.0,6,14.2,6,15.8,6,13.7,6,15.2,6,15.3,5
2016-11-23 01:00:00,8.7,6,7.8,6,7.8,6,7.2,7,8.1,6,5.8,5,5.9,5,5.8,6,8.2,5,8.7,6,9.6,5,9.1,7,8.1,5,7.3,6,7.0,6,8.0,6,8.9,6,9.2,6,9.9,6,7.4,6,8.4,6,10.2,6,10.8,6,7.7,5.0,8.4,6,13.3,6,11.0,6,7.1,6,11.7,5,14.9,6,14.0,6,15.6,5,13.5,5,15.2,6,15.2,5
2016-11-23 02:00:00,8.6,6,7.7,6,7.7,6,7.2,7,8.0,6,5.7,5,5.9,5,5.7,6,8.2,5,8.7,6,9.5,5,8.9,7,7.7,5,6.9,6,6.8,6,7.9,6,9.0,6,9.4,6,9.3,7,7.4,6,8.3,5,10.1,6,10.4,6,7.6,5.0,8.2,6,12.9,5,10.8,6,7.0,6,11.4,5,14.7,5,13.9,6,15.4,5,13.3,5,15.2,5,15.1,5
2016-11-23 03:00:00,7.9,6,7.3,7,7.5,7,5.5,6,7.7,7,4.2,2,4.4,2,4.0,6,7.6,7,8.2,7,9.2,7,8.9,7,7.8,6,6.5,5,6.0,5,7.6,7,8.3,7,9.2,7,8.6,7,6.9,5,7.7,7,9.3,6,11.2,5,7.6,6.0,8.2,7,13.7,5,11.5,7,6.7,7,10.4,7,15.6,7,14.6,6,15.7,6,13.1,6,15.1,7,14.9,7
2016-11-23 04:00:00,7.9,7,7.1,7,7.4,7,5.4,6,7.7,7,4.0,2,4.2,2,3.9,6,7.5,7,8.2,7,9.1,7,8.6,6,7.8,6,6.3,5,5.9,6,7.6,7,8.5,7,9.3,7,8.4,7,6.8,5,7.9,7,9.2,6,11.0,5,7.5,6.0,8.1,7,13.5,5,11.1,7,6.8,7,10.7,7,15.6,7,14.5,6,15.6,6,13.1,7,15.0,7,14.9,7
2016-11-23 05:00:00,7.9,7,7.0,7,7.3,7,5.5,6,7.8,7,4.0,2,4.2,2,3.9,6,7.5,7,8.3,7,9.1,7,8.3,6,7.8,6,6.4,5,5.9,6,7.7,7,8.7,7,9.2,7,8.3,7,6.7,5,8.1,7,9.3,6,10.8,5,7.5,6.0,8.0,7,13.5,5,10.9,6,6.8,7,10.8,7,15.7,7,14.5,6,15.7,6,13.3,7,15.0,7,15.0,7
2016-11-23 06:00:00,7.9,7,6.9,7,7.3,6,5.6,6,8.0,7,4.2,2,4.4,3,4.0,6,7.5,7,8.3,7,9.1,7,8.2,6,7.9,6,6.6,6,6.0,7,7.7,7,8.8,7,9.2,7,8.4,7,6.9,5,8.1,7,9.5,6,10.7,5,7.7,7.0,7.8,7,13.8,5,11.0,6,6.6,7,10.6,7,15.9,7,14.9,6,16.2,7,13.7,7,15.1,7,15.1,7
2016-11-23 07:00:00,7.9,7,7.0,7,7.4,6,5.8,6,8.4,7,4.9,2,4.9,3,4.3,6,7.6,7,8.2,7,9.0,7,8.5,6,8.2,6,7.1,6,6.1,7,7.6,7,8.7,7,9.3,7,8.7,6,7.6,5,7.9,7,9.7,6,10.9,5,8.1,7.0,7.5,7,14.6,6,11.6,7,6.0,7,10.0,7,16.3,7,15.6,7,17.0,7,14.3,7,15.3,7,15.4,7
2016-11-23 08:00:00,8.0,7,7.2,7,7.6,7,6.2,6,9.0,6,5.9,2,5.7,3,4.9,6,7.8,7,8.2,7,8.9,7,9.1,5,8.7,5,7.9,6,6.4,6,7.4,7,8.7,6,9.6,7,9.2,6,8.5,5,7.8,7,10.1,6,11.3,5,8.8,7.0,7.2,7,15.6,6,12.6,7,5.3,7,9.3,7,16.8,7,16.5,7,18.1,7,15.1,7,15.6,7,15.8,7
2016-11-23 09:00:00,8.2,7,7.6,7,8.1,7,6.8,6,9.6,6,7.0,3,6.7,3,5.7,6,8.2,7,8.4,7,9.1,7,9.9,5,9.3,5,8.8,6,6.9,6,7.5,7,8.9,6,10.2,6,9.9,6,9.6,5,8.1,7,10.8,6,11.8,6,9.8,7.0,7.1,7,16.6,7,13.7,7,5.0,7,9.1,7,17.3,7,17.4,7,19.0,7,16.0,7,16.1,7,16.4,7
2016-11-23 10:00:00,8.5,7,8.2,7,8.8,7,7.8,7,10.3,5,8.2,3,7.8,3,6.9,6,8.9,7,9.1,7,9.7,7,10.7,4,10.1,5,9.8,5,7.6,6,8.0,7,9.6,6,11.1,5,10.7,6,10.5,5,8.9,6,11.8,6,12.4,6,11.1,7.0,7.3,7,17.5,7,14.8,7,5.3,7,9.6,7,17.8,7,18.1,7,19.6,7,16.9,6,16.7,7,17.1,7
2016-11-23 11:00:00,8.9,6,8.8,7,9.6,7,8.9,7,11.0,4,9.2,4,9.0,3,8.1,5,9.7,7,10.0,7,10.5,7,11.6,4,10.9,4,10.7,3,8.5,6,8.7,7,10.5,6,12.2,3,11.6,6,11.2,5,10.0,6,13.0,5,13.1,6,12.4,7.0,7.7,7,18.3,6,15.9,6,5.9,7,10.6,7,18.2,7,18.7,7,20.0,6,17.8,6,17.3,7,17.7,7
2016-11-23 12:00:00,9.1,6,9.3,7,10.1,7,9.9,7,11.7,3,10.0,4,9.8,4,9.3,5,10.3,7,10.8,7,11.1,7,12.5,4,11.7,4,11.6,2,9.4,7,9.6,7,11.4,6,13.1,2,12.4,6,11.7,4,11.0,6,14.0,5,13.7,6,13.2,7.0,8.4,7,18.9,6,16.7,6,6.7,7,11.5,7,18.7,7,19.1,7,20.2,6,18.4,6,17.8,7,18.2,7
2016-11-23 13:00:00,9.2,6,9.6,7,10.3,7,10.5,7,12.3,3,10.4,4,10.2,4,10.1,5,10.6,7,11.3,7,11.4,7,13.3,4,12.4,5,12.3,2,10.2,7,10.5,7,12.1,6,13.7,3,13.0,6,11.9,5,11.6,6,14.7,5,14.3,6,13.3,7.0,9.2,7,19.4,5,17.2,5,7.3,7,12.0,7,19.2,7,19.4,7,20.2,6,18.7,6,18.0,7,18.4,7
2016-11-23 14:00:00,9.1,6,9.6,7,10.1,6,10.7,7,12.5,4,10.5,4,10.3,4,10.5,6,10.7,7,11.6,6,11.4,6,13.9,4,12.7,5,12.7,2,10.7,7,11.2,6,12.6,6,13.9,3,13.3,5,11.7,5,11.8,6,15.0,5,14.6,6,12.7,7.0,10.0,7,19.5,5,17.3,5,7.5,7,12.0,7,19.5,7,19.4,6,20.1,6,18.8,5,18.0,7,18.3,7
2016-11-23 15:00:00,9.4,7,9.6,7,9.3,5,10.1,7,13.1,2,10.0,7,9.9,7,10.3,7,10.2,4,11.0,5,11.1,5,14.8,6,13.0,3,12.4,3,10.6,7,10.2,6,11.1,5,13.9,4,14.1,4,11.7,4,11.6,6,14.8,6,16.0,5,12.3,6.0,10.3,7,19.2,5,16.4,6,7.6,7,10.1,7,18.6,7,19.0,7,20.0,6,18.2,6,17.6,7,17.9,7
2016-11-23 16:00:00,9.3,7,9.3,6,9.3,4,9.6,7,12.5,3,9.3,6,9.4,7,9.7,7,10.0,4,10.8,5,11.1,5,13.6,6,12.2,3,11.8,4,10.0,7,9.9,6,10.7,5,13.1,4,13.3,5,11.0,4,11.0,6,14.0,6,15.3,5,11.0,6.0,9.7,7,18.2,5,15.5,6,7.0,7,9.6,7,18.0,7,17.9,7,19.3,6,17.7,6,17.3,7,16.9,7
2016-11-23 17:00:00,9.2,7,8.9,6,9.4,4,9.0,7,11.5,3,8.5,6,8.9,6,8.9,7,9.7,4,10.4,5,11.0,4,11.9,6,11.1,4,10.7,5,9.3,7,9.5,6,10.3,4,12.0,5,12.1,5,10.1,5,10.1,6,12.9,6,14.2,5,9.7,5.0,8.9,7,16.9,5,14.4,6,6.2,7,9.0,7,17.0,7,16.5,7,18.5,6,17.1,5,16.9,7,15.6,7
2016-11-23 18:00:00,9.1,7,8.7,6,9.4,3,8.7,7,10.6,4,8.0,6,8.5,6,8.3,7,9.4,4,10.0,4,10.8,4,10.5,6,10.0,4,9.6,5,8.7,7,9.2,6,9.9,4,11.0,5,11.0,6,9.3,5,9.4,5,12.0,6,13.2,5,8.6,4.0,8.3,7,15.7,6,13.5,7,5.6,7,8.5,7,16.0,7,15.3,7,17.8,6,16.5,5,16.6,7,14.4,7
2016-11-23 19:00:00,9.0,7,8.7,6,9.2,4,8.8,7,9.9,4,7.9,6,8.5,6,8.1,6,9.2,3,9.6,3,10.4,3,9.8,5,9.2,4,8.8,6,8.4,6,9.2,7,9.8,4,10.5,5,10.2,6,8.7,5,9.2,6,11.4,5,12.4,5,7.9,4.0,8.2,7,15.0,6,12.9,7,5.4,6,8.3,7,15.2,7,14.5,6,17.4,7,15.9,5,16.3,6,13.6,7
2016-11-23 20:00:00,8.9,7,8.8,6,8.9,4,9.0,6,9.4,5,8.1,6,8.7,6,8.2,6,9.1,3,9.3,3,10.1,3,9.7,5,8.6,4,8.4,6,8.4,6,9.4,7,9.8,5,10.4,6,9.6,5,8.3,4,9.4,6,11.1,5,11.9,5,7.7,5.0,8.4,7,14.7,6,12.7,7,5.3,6,8.2,6,14.6,7,14.2,6,17.3,7,15.4,6,16.1,6,13.0,7
2016-11-23 21:00:00,9.0,7,8.9,6,8.7,5,9.3,6,8.9,5,8.3,6,8.9,6,8.4,6,9.1,3,9.2,3,10.0,3,9.2,5,8.1,4,8.1,6,8.5,6,9.5,7,9.7,5,10.0,6,9.1,5,7.9,3,9.4,6,10.8,5,11.4,5,7.7,5.0,8.5,7,14.2,7,12.6,6,5.2,6,8.1,6,14.2,7,14.1,6,16.9,7,15.0,6,15.9,6,12.3,6
2016-11-23 22:00:00,9.0,7,8.9,6,8.5,5,9.4,6,8.4,5,8.2,6,9.0,6,8.5,6,9.1,3,9.1,4,10.3,4,8.8,5,7.8,4,7.8,5,8.7,6,9.6,6,9.7,5,9.7,5,8.8,5,7.6,3,9.4,6,10.5,5,11.1,5,8.0,5.0,8.5,7,13.7,7,12.5,6,5.2,6,8.1,6,14.0,6,14.2,6,16.4,7,14.7,6,15.8,6,11.7,6
2016-11-23 23:00:00,9.1,7,8.8,6,8.3,5,9.3,6,8.0,5,8.0,6,9.0,6,8.6,6,9.1,4,9.0,5,10.6,4,8.5,4,7.6,4,7.5,5,8.9,6,9.6,6,9.6,5,9.4,5,8.5,5,7.3,3,9.3,6,10.2,5,10.8,5,8.2,5.0,8.4,7,13.2,7,12.4,6,5.2,5,8.1,5,13.8,6,14.1,6,15.8,6,14.4,6,15.6,6,11.4,6
2016-11-24 00:00:00,9.2,7,8.6,6,8.1,5,9.1,6,7.6,5,7.8,6,9.0,6,8.6,6,9.1,5,8.9,5,10.8,5,8.3,4,7.4,4,7.2,5,9.1,6,9.6,6,9.5,6,9.2,5,8.3,5,7.1,4,9.2,6,9.9,5,10.5,5,8.3,5.0,8.3,6,12.6,6,12.0,6,5.3,5,8.2,5,13.6,6,13.8,6,15.1,6,14.1,6,15.5,6,11.2,6
2016-11-24 01:00:00,9.3,7,8.4,6,7.8,6,9.0,6,7.4,6,7.9,6,9.1,6,8.7,6,8.9,5,8.8,6,10.6,5,8.1,4,7.2,4,6.7,5,9.2,6,9.5,6,9.4,6,9.0,5,8.1,6,6.8,4,9.1,6,9.5,5,10.1,5,8.1,5.0,8.2,6,11.9,6,11.4,6,5.4,5,8.2,5,13.2,6,13.2,6,14.4,6,13.6,6,15.3,6,11.2,5
2016-11-24 02:00:00,9.4,6,8.3,6,7.6,6,8.9,6,7.2,6,8.1,6,9.2,6,8.8,6,8.7,5,8.7,6,10.3,5,8.0,5,7.0,4,6.2,6,9.2,7,9.4,6,9.3,6,8.9,5,7.9,6,6.6,5,9.0,6,9.1,6,9.8,5,7.7,5.0,8.2,6,11.1,6,10.6,6,5.6,5,8.3,5,12.7,5,12.5,5,13.7,5,13.1,5,15.2,5,11.3,5
2016-11-24 03:00:00,8.5,6,8.0,6,7.6,6,8.9,7,6.9,5,9.8,5,9.6,6,8.6,6,9.2,7,9.3,7,10.1,7,8.4,6,7.3,6,6.0,5,10.5,6,10.2,7,10.4,6,9.9,6,8.2,7,5.9,2,10.1,3,11.0,6,11.2,7,7.6,6.0,9.3,6,12.1,7,11.2,7,5.7,3,9.8,3,13.6,6,13.1,7,14.4,7,12.3,7,15.5,7,11.5,2
2016-11-24 04:00:00,8.6,6,8.0,6,7.5,6,8.9,7,6.8,5,9.9,6,9.5,6,8.5,6,9.2,7,9.2,7,10.0,7,8.2,6,7.3,6,5.8,5,10.4,6,10.0,7,10.3,6,9.8,6,8.1,7,5.7,3,9.8,2,10.6,6,11.2,7,7.5,6.0,9.2,6,11.9,6,10.7,7,5.4,3,9.7,3,13.4,6,12.7,6,14.1,7,11.8,7,15.5,7,11.2,2
2016-11-24 05:00:00,8.7,6,8.0,7,7.5,6,8.8,7,6.9,5,9.9,6,9.4,7,8.4,6,9.2,7,9.1,7,10.1,7,8.1,5,7.4,5,5.7,4,10.3,6,9.9,6,10.1,6,9.8,6,8.1,7,5.6,3,9.6,2,10.2,6,11.0,6,7.6,7.0,9.2,5,11.8,5,10.4,7,5.2,3,9.6,3,13.3,6,12.4,6,14.0,7,11.7,7,15.7,7,11.1,3
2016-11-24 06:00:00,8.8,6,8.1,7,7.5,6,8.9,7,7.2,5,9.9,6,9.3,7,8.4,6,9.1,6,9.0,6,10.0,6,8.2,5,7.5,5,5.9,4,10.1,6,9.6,6,10.0,6,9.8,6,8.2,7,5.8,3,9.4,2,10.1,6,10.8,6,7.7,7.0,9.2,5,11.9,5,10.3,7,5.4,3,9.5,3,13.3,6,12.3,6,14.1,7,11.9,7,15.8,7,11.2,4
2016-11-24 07:00:00,8.8,6,8.3,7,7.6,7,9.0,7,7.8,5,9.8,7,9.3,7,8.5,6,9.0,6,8.9,6,9.8,6,8.6,5,7.8,5,6.5,4,9.9,6,9.3,4,9.8,6,9.8,6,8.4,6,6.4,3,9.0,2,10.3,6,10.7,6,7.9,7.0,9.1,5,12.2,6,10.6,7,6.1,3,9.6,3,13.6,6,12.6,6,14.6,7,12.6,7,15.8,7,11.7,4
2016-11-24 08:00:00,8.9,6,8.5,7,7.7,7,9.3,7,8.5,5,9.8,7,9.4,7,8.8,6,8.9,5,8.8,5,9.6,5,9.2,6,8.2,5,7.3,5,9.7,6,9.1,3,9.8,5,10.0,5,8.6,6,7.4,4,8.8,2,10.7,6,10.6,7,8.3,7.0,9.0,5,12.6,6,11.1,7,7.1,3,9.8,2,14.0,7,13.2,7,15.2,6,13.5,7,15.8,7,12.4,4
2016-11-24 09:00:00,9.0,6,8.8,7,8.1,7,9.6,7,9.3,5,10.0,7,9.7,7,9.3,6,9.0,4,9.1,4,9.7,5,9.9,6,8.7,5,8.3,6,9.9,6,9.2,2,10.0,4,10.3,4,8.9,6,8.4,4,8.9,1,11.3,6,10.8,7,8.7,7.0,9.3,5,13.2,7,11.6,7,8.3,2,10.2,2,14.5,7,13.9,7,15.8,6,14.4,7,15.9,7,13.2,4
2016-11-24 10:00:00,9.3,6,9.2,6,8.7,6,10.1,7,9.9,5,10.5,7,10.3,7,10.0,6,9.5,4,9.7,4,10.2,4,10.6,5,9.3,5,9.2,5,10.5,5,9.8,2,10.5,3,10.9,3,9.3,6,9.3,5,9.6,1,12.1,5,11.2,7,9.2,7.0,10.0,5,13.9,7,11.9,7,9.4,2,10.8,2,15.0,7,14.5,7,16.2,6,15.1,7,16.1,7,13.9,3
2016-11-24 11:00:00,9.6,6,9.7,6,9.3,4,10.6,7,10.5,4,11.2,7,11.0,7,10.8,5,10.1,4,10.5,4,10.8,4,11.3,4,9.8,5,10.1,4,11.2,4,10.6,2,11.2,3,11.7,2,9.7,6,10.0,6,10.6,1,12.9,5,11.7,7,9.8,7.0,10.9,4,14.7,7,12.1,7,10.3,3,11.5,2,15.6,7,15.0,7,16.3,7,15.5,7,16.4,7,14.5,3
2016-11-24 12:00:00,9.9,6,10.1,6,9.9,3,11.0,7,11.0,4,11.8,7,11.6,7,11.5,5,10.6,4,11.2,4,11.4,4,11.9,4,10.4,5,11.0,3,12.0,3,11.5,2,11.9,2,12.4,2,10.2,6,10.5,6,11.5,2,13.5,5,12.2,7,10.1,7.0,11.9,4,15.3,7,12.3,7,11.0,3,12.2,2,16.1,7,15.4,7,16.5,7,15.9,7,16.7,7,15.0,3
2016-11-24 13:00:00,10.0,6,10.4,6,10.2,4,11.3,7,11.5,5,12.1,7,12.0,7,12.0,5,10.9,4,11.5,4,11.6,4,12.4,3,10.9,5,11.7,4,12.5,3,12.2,1,12.3,2,13.0,2,10.8,6,10.8,6,11.9,2,13.8,5,12.6,7,10.1,7.0,12.6,3,15.6,7,12.7,7,11.3,3,12.7,2,16.5,7,15.6,7,16.7,7,16.2,7,16.8,7,15.3,3
2016-11-24 14:00:00,9.9,6,10.4,6,10.3,4,11.3,6,11.7,5,12.1,7,12.0,7,12.1,6,10.8,4,11.4,4,11.6,4,12.6,3,11.1,5,12.1,4,12.6,3,12.5,1,12.4,2,13.2,2,11.2,6,10.8,5,11.8,2,13.8,6,12.8,7,9.8,7.0,12.9,3,15.5,7,13.0,7,11.2,2,13.0,2,16.7,7,15.6,7,16.7,7,16.3,7,16.8,7,15.3,3
2016-11-24 15:00:00,9.4,6,9.8,6,9.4,5,11.5,6,11.5,5,12.1,7,11.8,6,12.1,7,11.1,6,11.7,5,11.8,5,12.2,7,10.8,3,11.6,2,12.5,7,11.8,6,12.2,7,12.8,7,11.7,6,10.4,5,11.2,4,12.3,6,12.9,7,8.6,7.0,12.4,4,14.4,7,11.8,7,10.5,3,12.8,4,16.1,5,14.8,6,15.8,6,15.3,7,15.8,7,15.0,2
2016-11-24 16:00:00,9.0,5,9.3,6,8.8,5,11.0,6,10.6,6,11.3,6,11.1,6,11.4,7,10.4,5,11.0,5,11.2,5,11.1,6,10.2,4,10.7,3,11.7,7,11.3,6,11.4,7,11.8,7,11.1,6,9.6,5,10.4,4,11.4,6,12.3,7,8.0,7.0,11.5,5,13.4,6,11.3,7,9.0,3,12.1,4,15.1,5,13.9,6,15.1,5,14.5,6,15.3,7,14.4,2
2016-11-24 17:00:00,8.5,4,8.8,6,8.2,5,10.2,6,9.5,6,10.4,6,10.3,6,10.4,6,9.4,5,10.0,5,10.5,5,9.8,5,9.4,5,9.5,5,10.7,6,10.5,6,10.4,6,10.3,6,10.2,6,8.4,6,9.4,4,10.3,5,11.4,7,7.6,6.0,10.5,6,12.2,5,10.4,6,7.3,3,11.1,3,13.8,5,12.8,6,14.0,4,13.4,6,14.7,7,13.5,2
2016-11-24 18:00:00,8.1,3,8.3,6,7.6,4,9.5,6,8.5,6,9.7,5,9.7,6,9.5,6,8.6,6,9.2,6,9.9,6,8.7,5,8.6,6,8.3,6,9.7,6,9.7,6,9.5,6,9.0,6,9.4,7,7.4,6,8.5,3,9.3,5,10.6,7,7.2,6.0,9.5,6,11.1,5,9.5,6,5.9,3,10.2,3,12.5,4,11.6,5,13.1,3,12.2,5,14.1,6,12.7,2
2016-11-24 19:00:00,7.8,3,8.0,5,7.3,5,9.0,6,7.9,6,9.4,5,9.4,6,9.0,6,8.2,6,8.8,6,9.4,6,8.2,5,8.0,6,7.6,6,9.1,6,9.2,6,8.9,6,8.2,7,8.8,7,6.8,6,8.1,3,8.8,5,10.1,7,6.8,6.0,8.9,7,10.3,4,8.7,6,5.1,3,9.5,3,11.7,4,10.7,5,12.4,3,11.2,5,13.4,6,12.2,2
2016-11-24 20:00:00,7.6,3,7.9,5,7.1,5,8.7,6,7.6,6,9.4,5,9.4,6,8.8,6,8.1,6,8.6,6,9.1,6,8.1,6,7.6,6,7.2,6,8.8,6,8.9,7,8.6,6,7.7,7,8.5,7,6.6,6,7.9,3,8.5,5,9.9,7,6.5,7.0,8.5,6,9.9,4,8.1,6,4.9,3,8.9,2,11.2,3,10.0,4,12.1,4,10.5,4,12.8,6,11.8,2
2016-11-24 21:00:00,7.4,4,7.8,5,6.9,5,8.4,6,7.3,6,9.3,5,9.3,6,8.6,6,8.1,6,8.5,7,8.9,6,8.2,6,7.3,6,7.0,6,8.7,6,8.7,7,8.3,6,7.4,7,8.2,7,6.3,6,7.7,3,8.1,5,9.8,7,6.2,6.0,8.3,6,9.6,4,7.7,6,4.4,4,8.4,3,10.9,3,9.7,4,11.6,4,9.8,4,12.5,6,11.2,2
2016-11-24 22:00:00,7.4,4,7.6,6,6.7,5,8.2,6,6.8,5,9.2,5,9.2,6,8.3,6,7.9,6,8.3,7,8.7,6,8.1,7,7.0,6,6.8,6,8.6,6,8.4,6,7.9,6,7.1,6,8.0,7,6.1,6,7.6,3,7.7,5,9.7,7,6.0,6.0,8.1,6,9.3,4,7.3,6,4.1,4,8.0,3,10.8,3,9.6,5,11.2,5,9.2,4,12.3,6,10.7,3
2016-11-24 23:00:00,7.4,4,7.4,6,6.5,5,8.1,6,6.3,5,9.1,6,9.1,6,7.9,6,7.6,6,8.0,6,8.6,6,7.9,7,6.8,6,6.5,6,8.4,6,8.0,6,7.5,6,6.8,6,7.9,7,5.9,6,7.3,4,7.4,5,9.6,6,5.8,6.0,7.9,6,9.1,4,7.0,6,3.9,4,7.6,3,10.6,4,9.6,5,10.8,5,8.8,4,12.1,6,10.2,4
2016-11-25 00:00:00,7.5,4,7.2,6,6.3,6,8.0,6,6.0,5,8.7,6,9.0,6,7.6,6,7.4,6,7.7,6,8.5,6,7.6,6,6.6,6,6.3,6,8.2,6,7.7,6,7.2,6,6.7,6,7.7,7,5.8,6,7.0,4,7.1,5,9.4,6,5.6,6.0,7.7,6,8.8,5,6.8,6,3.8,4,7.3,3,10.5,4,9.6,5,10.5,5,8.4,4,12.0,5,9.9,4
2016-11-25 01:00:00,7.7,5,7.1,6,6.2,6,8.0,7,5.9,5,8.4,6,8.9,6,7.5,6,7.3,6,7.5,5,8.5,5,7.3,6,6.4,5,6.1,6,7.9,6,7.5,6,7.2,6,6.7,6,7.5,7,5.9,6,6.6,4,6.9,5,9.1,6,5.3,6.0,7.2,6,8.6,5,6.6,6,3.7,5,7.0,4,10.2,4,9.5,5,10.2,5,8.1,4,12.0,5,9.6,4
2016-11-25 02:00:00,7.9,6,7.1,6,6.2,6,8.0,7,5.9,5,8.0,6,8.8,6,7.5,6,7.3,6,7.5,5,8.6,5,7.1,6,6.3,5,6.0,6,7.6,6,7.5,6,7.2,6,6.8,5,7.3,7,6.1,6,6.3,5,6.9,5,8.8,6,5.1,5.0,6.8,6,8.3,5,6.5,6,3.6,5,6.8,4,9.9,4,9.3,5,9.9,5,8.0,4,12.0,5,9.5,4
2016-11-25 03:00:00,6.8,5,6.8,6,6.2,6,7.8,7,5.0,6,8.5,5,8.9,6,7.5,6,7.2,7,7.5,6,8.1,6,7.1,6,6.3,6,6.3,6,7.7,7,7.8,7,8.1,7,8.3,7,7.7,7,6.3,6,6.9,6,7.9,7,9.6,7,5.8,7.0,6.4,5,8.6,6,7.1,3,2.6,2,7.0,6,10.0,3,9.0,5,11.0,5,8.3,4,12.2,4,8.3,3
2016-11-25 04:00:00,6.8,4,6.8,6,6.2,6,7.8,7,5.1,6,8.4,5,8.8,6,7.6,6,7.1,7,7.5,7,8.0,6,7.0,6,6.5,6,6.4,6,7.8,7,7.8,7,8.1,7,8.5,6,7.6,7,6.5,7,6.8,6,7.7,7,9.5,6,5.6,7.0,6.0,5,8.2,5,6.5,2,1.9,2,6.8,6,9.5,4,8.7,5,10.5,5,7.7,3,11.9,4,7.7,3
2016-11-25 05:00:00,6.8,4,6.8,6,6.2,6,7.7,7,5.2,6,8.4,5,8.6,6,7.6,6,7.0,6,7.4,6,8.0,6,7.0,6,6.7,6,6.6,6,7.9,6,7.8,7,8.1,7,8.6,6,7.4,7,6.6,7,6.7,6,7.7,6,9.4,6,5.5,7.0,5.8,5,7.9,4,6.1,2,1.5,2,6.7,6,9.3,5,8.6,5,10.1,4,7.2,3,11.8,3,7.2,4
2016-11-25 06:00:00,6.7,4,6.8,6,6.1,6,7.7,7,5.5,6,8.3,6,8.5,6,7.5,6,6.8,6,7.2,6,7.8,6,7.1,6,6.9,6,6.8,6,7.8,6,7.7,6,8.0,7,8.6,6,7.4,7,6.7,7,6.7,6,7.8,6,9.3,5,5.6,7.0,5.7,6,8.0,3,6.1,2,1.8,3,6.6,6,9.4,6,8.9,5,10.2,3,7.3,3,11.9,3,7.3,4
2016-11-25 07:00:00,6.6,5,6.7,6,5.8,6,7.6,7,5.8,6,8.2,6,8.4,6,7.3,7,6.5,6,6.8,6,7.4,6,7.2,6,6.9,6,7.0,6,7.6,6,7.4,6,7.9,7,8.4,6,7.5,7,6.8,7,6.7,5,8.0,5,9.3,5,6.1,7.0,5.9,6,8.6,3,6.8,3,3.1,3,6.8,6,10.2,6,9.6,4,10.9,3,8.2,3,12.5,4,8.1,5
2016-11-25 08:00:00,6.4,6,6.6,6,5.6,6,7.5,7,6.1,6,8.2,7,8.3,6,7.1,7,6.1,6,6.5,6,7.0,6,7.4,6,6.9,6,7.2,7,7.4,6,7.2,6,7.7,7,8.2,6,7.6,7,6.9,7,6.8,4,8.2,5,9.3,5,6.8,7.0,6.4,6,9.7,3,8.0,5,5.0,4,7.2,5,11.3,5,10.6,4,12.0,4,9.7,4,13.4,4,9.5,5
2016-11-25 09:00:00,6.4,7,6.6,7,5.6,5,7.5,7,6.4,7,8.5,7,8.4,7,7.2,7,6.1,6,6.5,6,6.9,6,7.8,6,6.9,6,7.5,7,7.6,6,7.1,7,7.7,7,8.2,6,7.8,7,7.2,7,7.1,3,8.7,4,9.5,5,7.6,6.0,7.2,5,10.9,4,9.2,6,6.9,4,7.9,5,12.5,5,11.7,4,13.2,4,11.5,5,14.4,4,10.9,5
2016-11-25 10:00:00,6.6,7,6.8,7,6.0,5,7.8,7,6.8,6,9.1,7,8.7,7,7.7,7,6.5,6,6.9,6,7.3,6,8.3,7,7.1,7,7.8,7,8.2,6,7.4,7,7.9,7,8.5,5,8.1,7,7.7,7,7.7,3,9.3,4,9.9,5,8.2,6.0,8.4,5,12.1,5,10.2,5,8.5,4,8.9,4,13.4,4,12.7,4,14.2,5,13.3,5,15.2,4,12.1,4
2016-11-25 11:00:00,6.9,7,7.1,7,6.6,5,8.2,7,7.3,6,9.9,7,9.1,7,8.5,7,7.1,6,7.5,6,7.9,6,8.9,7,7.3,7,8.2,7,9.1,6,7.9,7,8.2,6,9.0,4,8.4,7,8.3,7,8.5,3,10.0,3,10.4,5,8.6,5.0,9.7,4,13.1,5,10.9,4,9.6,3,10.0,4,14.0,4,13.6,4,14.9,5,14.8,5,15.9,4,12.9,3
2016-11-25 12:00:00,7.2,6,7.4,7,7.1,5,8.7,7,7.8,6,10.6,7,9.6,7,9.3,7,7.6,7,8.1,7,8.5,7,9.4,7,7.7,7,8.6,7,9.9,7,8.5,6,8.6,6,9.5,3,8.8,7,8.8,7,9.2,3,10.6,3,10.9,5,8.8,4.0,10.8,3,13.9,6,11.6,2,10.3,3,10.9,4,14.6,4,14.2,4,15.4,5,15.9,4,16.3,4,13.6,3
2016-11-25 13:00:00,7.5,6,7.7,7,7.4,5,9.1,7,8.3,6,11.0,7,10.0,7,9.9,7,7.9,7,8.4,7,8.7,7,9.6,7,8.1,7,9.0,7,10.4,7,9.0,6,8.9,6,9.9,3,9.3,5,9.1,7,9.6,3,10.9,3,11.3,4,8.8,4.0,11.5,3,14.3,5,12.2,2,10.6,3,11.5,4,15.1,4,14.5,4,15.7,4,16.5,4,16.5,3,14.1,3
2016-11-25 14:00:00,7.6,6,7.8,7,7.5,6,9.2,7,8.6,6,11.1,7,10.1,7,10.2,7,7.9,7,8.4,7,8.7,7,9.6,6,8.4,7,9.4,7,10.6,7,9.4,6,9.1,5,10.0,3,9.6,4,9.2,7,9.6,3,10.8,2,11.5,3,8.5,4.0,11.8,3,14.1,5,12.4,2,10.5,3,11.7,4,15.4,5,14.4,4,15.6,4,16.4,3,16.5,3,14.3,4
2016-11-25 15:00:00,7.7,2,7.6,4,7.0,2,9.2,6,8.9,6,11.3,3,10.5,6,9.7,7,7.7,6,8.3,6,8.3,6,9.1,7,8.6,7,9.5,7,10.3,7,9.0,7,9.1,7,9.5,7,9.5,6,8.8,7,9.3,6,11.0,6,11.3,6,7.5,4.0,11.7,7,13.6,7,12.0,5,9.8,3,11.7,3,15.0,5,14.1,6,15.4,6,15.7,6,16.2,6,14.3,6
2016-11-25 16:00:00,7.6,1,7.5,4,6.8,2,8.8,6,8.5,6,10.4,3,9.8,6,9.0,6,7.5,6,8.1,6,8.3,6,8.6,7,8.4,7,9.0,7,9.7,7,8.9,7,8.9,7,9.1,7,9.2,6,8.2,7,8.7,6,10.3,6,10.8,5,6.7,3.0,10.8,7,12.3,7,10.9,6,8.2,3,10.8,3,14.0,6,12.9,7,14.6,6,14.5,6,15.6,6,13.5,7
2016-11-25 17:00:00,7.4,1,7.3,3,6.6,1,8.2,5,7.9,6,9.4,3,9.0,6,8.2,5,7.2,6,8.0,6,8.4,6,8.0,7,8.1,7,8.2,7,9.0,7,8.6,7,8.5,6,8.5,6,8.6,6,7.4,7,7.9,5,9.4,5,10.1,3,5.8,2.0,9.7,7,10.8,6,9.5,6,6.5,3,9.7,2,12.6,6,11.4,7,13.6,6,13.0,6,14.7,6,12.5,7
2016-11-25 18:00:00,7.1,1,7.2,2,6.3,1,7.8,5,7.3,6,8.7,3,8.4,6,7.6,4,7.0,6,7.8,6,8.4,6,7.6,7,7.8,7,7.5,7,8.3,6,8.3,7,8.1,6,7.8,6,7.9,6,6.7,7,7.2,5,8.5,4,9.4,2,5.0,2.0,8.6,7,9.6,6,8.2,6,5.1,3,8.7,2,11.3,6,10.1,7,12.6,6,11.5,6,13.9,6,11.7,7
2016-11-25 19:00:00,6.9,2,7.1,3,6.0,2,7.7,6,6.9,6,8.5,3,8.2,6,7.5,5,7.0,6,7.7,6,8.3,6,7.4,6,7.5,7,7.0,7,8.0,6,8.1,7,7.7,6,7.1,6,7.3,6,6.2,7,6.9,5,7.8,4,8.9,2,4.3,2.0,7.9,7,9.0,6,7.4,6,4.4,3,8.0,2,10.4,7,9.4,7,11.9,6,10.3,6,13.2,6,11.3,7
2016-11-25 20:00:00,6.6,3,7.1,4,5.8,2,7.9,6,6.6,6,8.6,3,8.2,6,7.7,6,7.0,6,7.6,6,8.0,6,7.4,6,7.2,7,6.7,7,7.9,6,8.0,7,7.4,7,6.5,6,6.7,6,5.8,7,6.7,5,7.3,4,8.4,3,3.8,2.0,7.5,6,8.9,6,7.1,6,4.1,2,7.6,2,10.0,7,9.2,7,11.5,6,9.4,6,12.6,6,11.3,7
2016-11-25 21:00:00,6.5,3,7.0,5,5.6,2,7.8,6,6.4,6,8.5,3,8.2,6,7.6,6,7.0,6,7.6,6,8.1,6,7.3,6,6.9,6,6.3,7,7.7,6,7.8,7,7.0,7,6.0,6,6.3,6,5.5,7,6.6,5,6.8,4,7.9,3,3.3,3.0,7.2,6,8.6,6,6.6,6,3.6,2,7.2,2,9.7,6,9.1,6,11.0,6,8.6,6,12.1,5,11.0,7
2016-11-25 22:00:00,6.4,4,6.8,5,5.5,3,7.8,6,6.2,6,8.4,3,8.1,6,7.5,7,7.1,6,7.6,6,8.1,6,7.2,6,6.6,6,6.0,7,7.6,6,7.7,6,6.7,6,5.6,5,5.9,6,5.2,6,6.3,4,6.3,4,7.5,3,2.9,3.0,6.9,6,8.4,6,6.2,6,3.3,3,6.9,2,9.5,6,9.2,6,10.5,6,7.9,6,11.7,5,10.8,6
2016-11-25 23:00:00,6.4,4,6.7,5,5.5,4,7.7,6,6.1,6,8.2,4,8.1,6,7.5,6,7.1,6,7.5,6,8.2,6,7.0,6,6.4,6,5.8,6,7.5,6,7.6,6,6.4,6,5.3,4,5.6,6,5.0,6,6.0,4,5.9,4,7.0,4,2.7,4.0,6.7,6,8.2,6,5.9,6,3.2,3,6.8,3,9.3,6,9.3,6,10.1,6,7.4,5,11.3,5,10.5,6
2016-11-26 00:00:00,6.5,5,6.6,5,5.4,4,7.7,6,6.0,6,7.9,4,8.1,6,7.5,6,7.1,6,7.5,6,8.2,6,6.9,6,6.2,6,5.5,6,7.5,6,7.5,6,6.2,6,5.2,4,5.4,5,5.0,6,5.7,4,5.6,4,6.7,4,2.6,4.0,6.4,6,7.9,6,5.6,6,3.2,4,6.7,3,9.1,6,9.2,6,9.8,6,7.1,5,11.0,5,10.3,6
2016-11-26 01:00:00,6.6,6,6.5,6,5.4,5,7.6,6,6.0,6,7.6,5,8.1,6,7.5,6,7.1,6,7.5,5,8.3,5,6.7,6,6.0,6,5.4,6,7.5,6,7.3,6,6.1,5,5.1,4,5.3,5,5.0,6,5.5,4,5.3,5,6.5,4,2.6,4.0,6.3,6,7.5,5,5.3,6,3.2,4,6.7,3,8.9,6,9.0,6,9.4,5,6.8,5,10.8,5,10.0,5
2016-11-26 02:00:00,6.8,6,6.5,6,5.4,5,7.6,7,6.0,6,7.4,5,8.1,6,7.7,6,7.2,6,7.6,5,8.3,5,6.5,6,5.9,5,5.3,6,7.6,6,7.3,6,5.9,5,5.1,5,5.3,5,5.0,6,5.3,4,5.1,5,6.4,5,2.6,5.0,6.1,5,7.2,5,5.1,5,3.3,5,6.8,4,8.7,5,8.6,6,9.1,5,6.6,5,10.6,4,9.7,5
2016-11-26 03:00:00,3.8,6,3.9,6,3.3,6,6.3,6,4.2,6,7.7,5,7.5,6,6.3,6,6.3,7,7.1,6,7.0,6,6.9,6,6.4,6,6.4,7,7.5,6,7.3,6,6.8,6,6.0,6,6.9,7,6.1,7,5.9,1,5.6,2,6.5,3,3.1,3.0,5.5,5,6.7,4,4.5,4,3.2,7,6.8,5,9.0,6,7.8,5,9.3,5,5.7,3,10.3,3,9.8,7
2016-11-26 04:00:00,3.9,6,4.0,6,3.5,6,6.3,6,4.3,6,7.5,5,7.4,7,6.2,6,6.2,6,7.1,6,7.0,6,6.9,6,6.5,6,6.4,7,7.4,6,7.2,6,6.8,5,6.1,6,6.5,6,6.0,6,5.9,1,5.3,2,6.1,3,2.6,3.0,5.4,5,6.5,5,4.2,4,3.0,7,6.6,6,8.9,7,7.7,5,9.0,5,5.4,3,10.1,3,9.7,7
2016-11-26 05:00:00,4.0,5,4.2,6,3.7,5,6.3,6,4.6,6,7.3,5,7.3,7,6.1,6,6.1,6,7.1,6,7.1,6,6.9,5,6.6,6,6.6,7,7.4,6,7.2,5,6.8,5,6.3,5,6.2,6,6.0,6,5.9,1,5.3,2,5.9,3,2.3,2.0,5.5,5,6.3,5,4.0,4,2.8,6,6.4,6,8.8,7,7.9,5,8.8,6,5.2,4,10.0,2,9.6,7
2016-11-26 06:00:00,4.1,5,4.3,6,3.8,5,6.3,6,4.9,6,7.1,6,7.2,7,6.0,6,6.0,6,6.9,6,7.1,6,7.1,5,6.7,6,6.7,7,7.2,6,7.1,5,7.0,5,6.7,6,6.1,5,6.0,5,5.9,1,5.6,2,5.9,3,2.5,2.0,5.6,5,6.4,6,4.1,4,3.1,6,6.4,6,8.9,7,8.3,6,9.0,6,5.4,4,10.2,3,9.7,7
2016-11-26 07:00:00,4.2,6,4.3,6,3.6,6,6.3,6,5.3,6,7.0,6,7.0,7,6.0,6,5.8,6,6.6,6,6.9,6,7.3,5,6.7,6,6.9,7,6.9,5,6.9,5,7.2,5,7.1,6,6.5,5,6.2,5,6.0,2,6.1,2,6.0,3,3.5,1.0,5.8,5,6.9,6,4.7,4,4.1,6,6.8,6,9.4,7,9.0,6,9.8,6,6.2,5,10.9,4,10.1,7
2016-11-26 08:00:00,4.3,6,4.2,6,3.3,6,6.3,7,5.6,7,7.2,6,6.9,7,6.1,6,5.7,6,6.4,6,6.7,6,7.5,5,6.7,6,7.1,7,6.7,5,6.8,6,7.6,5,7.5,6,7.3,6,6.5,5,6.3,2,6.8,3,6.4,3,5.1,1.0,6.2,5,7.9,6,5.8,4,5.6,6,7.5,6,10.3,7,9.9,6,11.0,6,7.5,6,12.0,5,10.8,7
2016-11-26 09:00:00,4.5,7,4.4,6,3.3,7,6.5,7,6.1,7,7.6,6,7.0,7,6.5,5,5.9,6,6.4,6,6.8,6,7.9,6,6.9,6,7.4,7,6.9,4,6.9,6,7.9,5,8.0,6,8.1,6,7.0,5,6.9,2,7.6,3,7.0,4,6.8,1.0,6.9,4,9.1,5,7.2,4,7.3,6,8.4,5,11.3,7,10.9,6,12.3,6,9.3,6,13.1,6,11.8,7
2016-11-26 10:00:00,4.9,7,4.9,6,3.8,7,7.0,7,6.6,7,8.3,6,7.5,7,7.1,5,6.4,6,6.9,6,7.3,6,8.4,6,7.3,7,7.8,7,7.6,5,7.3,4,8.3,5,8.7,5,8.8,6,7.6,5,7.9,2,8.5,3,7.8,5,8.3,2.0,8.0,4,10.5,5,8.7,3,9.0,6,9.5,5,12.3,7,11.9,6,13.4,6,11.4,6,14.1,5,12.9,7
2016-11-26 11:00:00,5.4,7,5.7,6,4.6,6,7.7,6,7.2,7,9.2,6,8.1,7,7.9,5,7.0,6,7.6,6,8.0,6,9.0,5,7.8,7,8.2,7,8.6,5,7.9,3,8.7,3,9.4,3,9.4,6,8.3,5,9.0,2,9.4,3,8.7,6,9.4,2.0,9.3,4,11.8,5,10.1,2,10.4,6,10.6,5,13.2,7,12.7,6,14.3,6,13.4,5,14.8,4,13.9,7
2016-11-26 12:00:00,5.9,6,6.3,5,5.4,6,8.3,6,7.8,6,9.9,6,8.7,7,8.7,5,7.6,6,8.2,5,8.6,5,9.6,5,8.3,6,8.7,7,9.5,6,8.6,2,9.1,2,10.0,2,9.8,5,8.9,5,10.0,2,10.1,3,9.5,6,9.9,2.0,10.5,5,12.8,4,11.3,2,11.4,5,11.6,5,14.0,7,13.3,6,14.8,6,14.9,5,15.4,4,14.6,7
2016-11-26 13:00:00,6.2,6,6.6,5,5.8,5,8.7,6,8.3,6,10.3,5,9.1,6,9.3,5,7.9,5,8.5,4,8.8,5,10.0,4,8.7,6,9.2,6,10.0,5,9.3,1,9.6,1,10.5,1,10.0,4,9.3,4,10.5,3,10.6,4,10.0,5,9.7,1.0,11.4,5,13.3,4,12.0,1,11.9,4,12.4,5,14.5,7,13.6,6,15.0,6,15.7,5,15.8,4,14.9,7
2016-11-26 14:00:00,6.3,6,6.7,6,6.0,4,8.8,7,8.6,6,10.4,5,9.2,6,9.6,6,8.0,4,8.5,3,8.7,4,10.1,3,8.9,5,9.5,6,10.1,5,9.7,1,9.9,1,10.6,1,9.9,3,9.3,4,10.6,4,10.7,4,10.0,4,8.9,1.0,11.9,5,13.3,4,12.0,1,11.8,3,12.8,5,14.7,7,13.6,6,14.9,6,15.7,5,15.9,4,14.7,7
2016-11-26 15:00:00,5.6,6,5.9,6,4.3,5,8.4,4,8.3,5,9.5,6,9.0,6,9.1,4,7.6,3,8.3,3,8.3,3,9.4,3,8.3,4,9.2,7,9.7,4,9.2,3,9.5,4,10.0,5,9.5,3,8.8,4,9.9,2,10.2,5,10.0,4,8.0,2.0,11.3,6,12.8,6,11.9,4,9.9,5,12.1,6,14.1,7,13.3,7,14.8,7,15.0,6,15.2,4,14.4,7
2016-11-26 16:00:00,5.4,6,5.5,5,4.2,5,8.0,5,8.0,5,8.8,5,8.7,5,8.6,4,7.3,3,8.0,4,8.1,3,8.6,3,8.0,3,8.7,6,9.1,4,8.9,3,9.0,3,9.3,4,8.9,3,8.1,4,9.3,3,9.5,5,9.3,4,6.6,2.0,10.5,6,11.8,5,10.6,4,8.6,5,11.6,6,13.5,7,12.5,7,14.1,6,13.9,5,14.7,4,13.9,7
2016-11-26 17:00:00,5.2,5,5.0,5,4.1,5,7.6,5,7.3,5,8.0,4,8.3,4,8.0,4,6.9,5,7.6,5,7.9,4,7.6,4,7.6,3,7.9,6,8.3,5,8.3,3,8.4,3,8.4,3,8.2,3,7.2,4,8.4,3,8.7,5,8.4,5,5.3,1.0,9.4,7,10.5,5,8.9,4,7.0,4,11.0,6,12.7,7,11.5,6,13.3,6,12.6,4,14.1,4,13.2,6
2016-11-26 18:00:00,4.9,5,4.8,5,4.1,6,7.2,6,6.7,5,7.4,3,7.9,4,7.4,4,6.5,6,7.3,6,7.7,5,6.7,5,7.1,4,7.1,6,7.7,5,7.8,4,7.7,2,7.3,2,7.4,3,6.4,5,7.7,4,7.9,5,7.6,5,4.2,1.0,8.6,7,9.5,5,7.3,4,5.8,4,10.5,6,11.8,7,10.5,6,12.6,6,11.3,4,13.3,4,12.8,6
2016-11-26 19:00:00,4.7,5,4.9,6,4.0,6,7.0,6,6.2,5,7.3,4,7.6,4,7.1,5,6.3,6,7.1,6,7.5,6,6.2,5,6.7,4,6.6,6,7.3,5,7.5,4,7.2,2,6.3,2,6.7,4,5.7,5,7.3,4,7.3,5,7.1,4,3.5,1.0,8.2,7,8.9,5,6.3,4,5.3,4,10.3,6,11.1,6,9.8,5,12.1,6,10.2,4,12.4,4,12.8,6
2016-11-26 20:00:00,4.6,6,5.2,6,4.0,6,6.9,6,5.9,5,7.5,5,7.4,5,7.1,5,6.2,6,6.9,6,7.2,6,6.0,5,6.4,4,6.3,6,7.2,5,7.3,5,6.9,2,5.4,2,6.1,4,5.2,5,7.2,4,6.9,5,6.9,4,3.1,1.0,8.1,6,8.7,5,5.8,4,5.2,4,10.2,6,10.7,6,9.4,5,11.8,6,9.4,4,11.6,3,13.1,6
2016-11-26 21:00:00,4.6,6,5.4,6,4.1,6,6.8,6,5.4,5,7.4,5,7.2,5,6.9,5,6.1,7,6.7,6,7.1,6,5.9,4,6.1,4,6.0,6,7.1,6,7.0,5,6.6,2,4.8,2,5.6,5,4.8,5,6.8,4,6.5,5,6.5,4,2.6,2.0,8.1,6,8.3,5,5.3,4,5.0,4,10.1,6,10.4,6,9.1,5,11.4,6,8.8,5,11.1,3,12.6,6
2016-11-26 22:00:00,4.7,6,5.4,6,4.4,6,6.7,5,5.0,5,7.3,5,7.1,5,6.7,6,6.0,6,6.5,6,7.0,6,5.8,4,5.8,5,5.8,6,7.0,6,6.9,6,6.2,3,4.4,2,5.1,4,4.5,5,6.5,4,6.1,4,6.2,4,2.2,2.0,8.2,6,7.9,5,5.0,4,4.8,4,9.9,6,10.1,6,8.9,5,10.9,6,8.3,5,10.7,3,12.2,6
2016-11-26 23:00:00,4.9,6,5.3,6,4.6,6,6.6,5,4.6,5,7.1,5,7.0,5,6.6,6,5.9,6,6.3,6,7.0,6,5.8,4,5.5,5,5.5,6,7.0,6,6.7,6,5.9,3,4.1,3,4.7,4,4.3,5,6.2,4,5.7,4,5.9,4,1.9,2.0,8.2,6,7.6,5,4.8,4,4.7,5,9.7,6,9.8,5,8.7,5,10.5,6,7.9,5,10.5,4,11.8,6
2016-11-27 00:00:00,5.1,6,5.1,6,4.6,6,6.4,5,4.3,5,6.9,5,7.0,5,6.5,6,5.8,6,6.1,6,6.9,6,5.7,4,5.3,5,5.2,6,6.9,6,6.7,6,5.6,3,4.0,3,4.5,4,4.2,5,5.9,4,5.3,3,5.7,4,1.8,2.0,8.0,6,7.2,5,4.7,4,4.6,5,9.4,5,9.4,5,8.4,5,10.1,5,7.6,4,10.4,4,11.4,5
2016-11-27 01:00:00,5.4,6,4.8,6,4.2,6,6.3,6,4.1,6,6.6,6,7.0,6,6.4,6,5.7,6,6.0,6,6.9,6,5.6,5,5.1,5,5.0,6,6.9,6,6.6,6,5.4,4,4.1,4,4.5,4,4.2,5,5.5,3,4.9,3,5.6,4,1.7,2.0,7.6,6,6.9,5,4.5,5,4.5,5,9.1,5,9.0,5,8.0,5,9.6,5,7.3,4,10.4,5,10.9,5
2016-11-27 02:00:00,5.8,6,4.6,6,3.8,6,6.2,6,4.0,6,6.4,6,7.1,6,6.4,6,5.5,5,5.9,5,6.8,6,5.5,5,4.9,5,4.7,6,6.8,6,6.6,5,5.3,4,4.2,5,4.7,5,4.3,6,5.2,3,4.4,3,5.5,4,1.8,3.0,7.1,6,6.5,5,4.4,5,4.3,5,8.7,5,8.6,5,7.6,5,9.1,5,6.9,4,10.3,5,10.6,5
2016-11-27 03:00:00,5.1,6,4.6,6,3.1,6,7.0,6,3.4,5,7.3,6,7.3,5,6.6,6,6.2,6,6.3,6,6.5,6,5.3,3,5.0,6,4.7,6,7.5,6,6.1,5,5.4,2,4.9,4,4.5,6,4.1,6,6.7,2,4.7,2,5.5,6,1.8,2.0,8.5,6,7.4,2,5.2,2,5.5,6,11.5,5,10.6,4,9.3,4,9.5,5,7.0,3,10.2,3,12.7,6
2016-11-27 04:00:00,5.3,6,4.7,6,3.1,6,6.8,7,3.4,6,7.2,6,7.2,5,6.3,6,6.0,6,6.1,6,6.4,6,5.2,3,4.6,6,4.6,5,7.3,6,5.9,5,5.1,2,4.7,4,4.4,6,4.2,6,6.6,2,4.2,2,5.1,5,1.7,2.0,8.2,6,6.7,2,4.7,2,5.0,5,11.2,5,10.2,4,8.8,4,9.1,4,6.5,3,9.8,3,12.4,6
2016-11-27 05:00:00,5.5,6,4.9,7,3.5,6,6.7,7,3.5,6,7.2,6,7.2,6,6.0,5,5.8,5,5.9,5,6.3,5,5.2,3,4.2,6,4.6,5,7.0,6,5.7,5,4.9,2,4.6,5,4.3,6,4.4,5,6.6,2,4.1,2,4.8,4,1.7,3.0,7.8,5,6.2,3,4.3,2,4.6,4,10.8,4,10.0,4,8.5,4,9.0,4,6.1,3,9.5,2,12.2,6
2016-11-27 06:00:00,5.7,6,5.0,7,3.9,6,6.6,6,3.7,6,7.2,6,7.2,6,5.8,5,5.5,5,5.6,5,6.3,5,5.3,4,4.1,6,4.8,5,6.8,6,5.7,4,4.9,3,4.7,5,4.4,6,4.5,5,6.9,2,4.3,2,4.7,3,2.1,3.0,7.7,5,6.2,3,4.3,2,4.7,4,10.6,4,10.1,4,8.7,4,9.2,3,6.0,3,9.5,2,12.2,6
2016-11-27 07:00:00,5.7,6,5.1,6,4.3,6,6.7,6,3.9,6,7.3,6,7.2,6,5.8,5,5.4,6,5.5,5,6.3,6,5.6,4,4.4,5,5.1,5,6.8,7,5.9,4,5.2,3,5.2,5,4.6,6,4.7,5,7.4,2,4.9,2,4.8,3,2.9,3.0,8.0,4,6.9,3,4.9,2,5.7,4,10.8,4,10.8,5,9.6,4,9.9,4,6.5,3,10.2,2,12.5,6
2016-11-27 08:00:00,5.7,6,5.2,6,4.6,6,7.0,6,4.3,6,7.6,5,7.3,6,6.1,5,5.4,6,5.6,5,6.4,6,6.0,5,5.0,5,5.5,5,7.0,7,6.3,4,5.8,3,6.0,5,5.1,6,5.0,5,8.2,2,5.9,3,5.2,4,4.1,2.0,8.7,3,8.2,3,6.0,2,7.3,5,11.2,4,11.8,5,10.8,4,11.0,4,7.6,4,11.3,3,13.0,7
2016-11-27 09:00:00,5.8,6,5.5,6,5.1,7,7.4,5,4.7,5,8.1,4,7.7,5,6.8,5,5.8,6,6.0,5,6.7,6,6.7,5,5.7,5,6.0,5,7.7,7,6.9,3,6.6,3,7.0,5,5.7,6,5.5,5,9.2,2,7.2,3,5.7,5,5.7,2.0,9.6,3,9.7,2,7.6,2,9.2,5,11.9,5,12.8,5,12.2,4,12.2,4,9.3,5,12.6,3,13.6,7
2016-11-27 10:00:00,6.2,7,6.1,6,5.8,7,8.0,4,5.3,4,8.9,3,8.4,4,7.8,4,6.5,5,6.7,5,7.3,5,7.6,4,6.5,4,6.5,4,8.9,6,7.7,3,7.6,3,8.1,4,6.5,6,6.3,5,10.2,2,8.6,3,6.3,6,7.6,1.0,10.7,3,11.1,2,9.4,2,10.9,5,12.6,5,13.7,5,13.3,3,13.4,4,11.5,4,13.9,3,14.2,7
2016-11-27 11:00:00,6.7,6,6.7,6,6.5,7,8.7,3,5.9,4,9.9,2,9.2,3,8.9,3,7.3,4,7.6,4,8.0,4,8.5,4,7.1,4,6.9,4,10.1,5,8.5,2,8.7,2,9.1,3,7.3,6,7.1,6,11.2,2,10.0,3,6.9,6,9.3,1.0,11.7,3,12.3,1,11.3,1,12.4,5,13.4,5,14.3,5,14.2,3,14.4,4,13.8,4,15.0,3,14.8,7
2016-11-27 12:00:00,7.2,6,7.3,6,7.0,7,9.2,2,6.5,3,10.7,2,9.9,2,9.8,2,7.9,3,8.3,3,8.5,3,9.1,3,7.5,3,7.3,3,11.1,5,9.3,2,9.6,2,10.0,2,8.0,6,7.8,6,12.0,1,11.1,2,7.5,6,10.3,2.0,12.6,3,13.3,1,12.9,1,13.4,5,14.0,5,14.9,4,15.0,3,15.2,3,15.8,3,15.8,3,15.2,7
2016-11-27 13:00:00,7.5,6,7.6,6,7.2,6,9.4,2,6.9,4,11.1,2,10.3,2,10.3,2,8.2,3,8.6,3,8.7,3,9.3,3,7.6,2,7.6,3,11.4,4,9.9,1,10.1,2,10.5,1,8.5,4,8.1,6,12.4,1,11.8,2,8.0,6,10.2,1.0,13.2,3,14.1,1,14.0,1,13.8,5,14.4,5,15.4,4,15.6,2,15.7,4,17.0,3,16.2,3,15.5,7
2016-11-27 14:00:00,7.5,5,7.7,6,7.1,6,9.4,2,7.1,4,11.2,2,10.4,2,10.3,2,8.2,3,8.6,3,8.6,3,9.1,3,7.4,2,7.7,3,11.2,3,10.1,1,10.3,2,10.6,2,8.6,3,8.0,5,12.4,1,11.9,2,8.3,5,9.2,1.0,13.4,3,14.4,1,14.2,1,13.6,4,14.5,5,15.6,5,15.8,3,15.8,4,17.2,3,16.2,3,15.6,7
2016-11-27 15:00:00,6.9,5,6.8,5,6.4,6,8.8,5,7.6,5,9.9,2,9.3,6,9.5,3,7.3,5,8.1,5,8.2,5,8.0,5,7.2,3,7.8,3,9.4,3,8.9,2,8.8,1,8.9,1,8.1,2,8.0,5,10.4,1,10.0,2,8.0,5,8.8,1.0,11.8,2,12.8,1,13.5,1,11.9,4,13.5,3,14.2,2,13.8,1,14.6,1,16.8,1,15.8,1,14.8,4
2016-11-27 16:00:00,6.7,4,6.4,5,5.8,5,8.4,4,7.2,5,9.2,2,9.1,6,9.2,3,6.9,5,7.6,5,7.9,5,7.1,5,6.7,4,7.1,3,8.9,2,8.7,2,8.3,2,8.2,2,7.8,2,7.2,5,9.6,1,9.1,2,7.6,5,7.1,1.0,10.9,2,11.6,1,11.8,1,10.0,4,13.0,3,13.2,2,12.7,2,13.6,1,15.1,1,15.1,2,14.2,4
2016-11-27 17:00:00,6.5,3,5.9,4,5.1,3,8.0,4,6.5,4,8.4,2,8.9,6,8.7,2,6.4,4,7.1,5,7.5,5,6.2,4,6.2,4,6.2,4,8.4,2,8.2,3,7.6,2,7.1,2,7.3,2,6.3,5,8.6,1,8.0,2,6.9,5,5.5,1.0,9.7,2,10.1,1,9.6,1,7.8,4,12.2,2,11.9,3,11.2,2,12.4,1,12.9,1,14.2,2,13.3,4
2016-11-27 18:00:00,6.3,3,5.6,4,4.6,3,7.6,4,5.9,4,7.8,3,8.6,5,8.2,2,6.0,4,6.7,4,7.2,4,5.5,4,5.7,5,5.4,4,7.9,2,7.7,4,7.0,2,6.1,3,6.8,3,5.5,5,7.7,1,6.9,2,6.4,5,4.3,1.0,8.6,2,8.8,1,7.6,2,6.1,3,11.3,2,10.6,3,9.8,2,11.2,1,10.8,1,13.3,3,12.5,3
2016-11-27 19:00:00,6.1,3,5.5,4,4.4,3,7.3,4,5.4,4,7.7,3,8.3,4,7.9,3,5.9,4,6.5,3,7.0,4,5.3,3,5.2,5,4.9,5,7.6,2,7.3,5,6.5,3,5.3,4,6.3,3,5.1,5,7.1,1,6.2,3,6.1,5,3.6,1.0,8.0,2,8.1,1,6.3,2,5.2,3,10.3,2,9.8,3,8.8,2,10.2,1,9.3,1,12.4,3,11.8,3
2016-11-27 20:00:00,5.9,4,5.5,4,4.3,4,7.0,5,4.9,3,7.9,2,8.0,4,7.7,3,5.9,4,6.5,3,6.8,3,5.4,2,4.8,5,4.7,5,7.5,3,7.1,5,6.1,3,4.8,5,5.9,4,5.0,5,6.8,1,5.7,3,6.0,4,3.3,1.0,7.7,2,7.7,1,5.7,2,5.0,2,9.4,2,9.3,2,8.2,2,9.4,2,8.4,2,11.7,3,11.3,2
2016-11-27 21:00:00,5.9,4,5.4,4,4.2,4,6.9,5,4.5,3,7.9,3,7.7,4,7.4,3,5.8,4,6.2,3,6.7,3,5.4,3,4.4,5,4.6,5,7.3,3,6.8,5,5.8,4,4.4,5,5.5,4,4.9,5,6.5,2,5.3,4,5.8,5,3.1,2.0,7.5,2,7.5,2,5.2,2,4.8,3,8.7,2,8.8,2,7.7,2,8.8,2,7.5,2,11.1,3,10.7,3
2016-11-27 22:00:00,5.8,4,5.3,5,4.1,5,6.8,5,4.1,3,7.8,3,7.5,4,7.0,4,5.7,4,5.9,4,6.5,3,5.2,3,4.1,5,4.5,5,7.2,4,6.5,6,5.5,4,4.2,5,5.1,4,4.7,5,6.1,2,4.9,4,5.6,5,2.8,2.0,7.5,3,7.2,2,4.9,3,4.7,3,8.0,2,8.1,2,7.4,2,8.2,2,6.9,2,10.7,3,10.3,3
2016-11-27 23:00:00,5.9,4,5.2,5,3.9,5,6.7,5,3.7,3,7.4,4,7.3,4,6.6,4,5.5,4,5.7,4,6.4,3,4.9,3,3.9,5,4.3,5,7.0,4,6.2,6,5.2,4,4.1,5,4.7,4,4.4,6,5.7,3,4.7,4,5.5,5,2.4,2.0,7.3,3,6.7,2,4.6,3,4.7,3,7.4,2,7.4,2,7.2,2,7.9,3,6.4,3,10.5,3,9.8,4
2016-11-28 00:00:00,5.9,4,5.1,5,3.8,5,6.5,6,3.5,3,6.9,4,7.1,4,6.2,5,5.3,5,5.4,4,6.4,3,4.7,4,3.7,5,3.9,5,6.8,5,6.0,6,5.0,5,4.2,5,4.5,4,4.1,6,5.3,4,4.4,5,5.4,5,2.0,2.0,7.0,3,6.3,3,4.4,4,4.7,3,6.9,3,7.0,2,7.0,2,7.6,3,6.0,3,10.3,3,9.4,4
2016-11-28 01:00:00,5.9,4,4.9,6,3.7,5,6.1,6,3.3,3,6.3,5,6.9,5,5.9,5,5.3,5,5.3,4,6.4,4,4.5,4,3.5,5,3.4,6,6.5,5,6.0,6,5.0,5,4.3,5,4.4,4,3.8,6,5.0,4,4.3,5,5.4,5,1.8,3.0,6.6,4,6.0,3,4.2,4,4.7,3,6.5,3,6.8,2,6.6,2,7.5,4,5.7,4,10.2,4,9.0,4
2016-11-28 02:00:00,5.8,5,4.8,6,3.5,6,5.7,6,3.1,4,5.7,5,6.6,5,5.8,5,5.3,5,5.3,5,6.3,4,4.5,5,3.2,5,2.9,6,6.4,6,6.1,6,5.1,6,4.5,5,4.3,5,3.4,6,4.8,5,4.2,5,5.4,5,1.7,4.0,6.1,4,5.6,4,4.1,5,4.5,3,6.2,3,6.8,2,6.2,2,7.4,4,5.4,4,10.0,4,8.6,5
2016-11-28 03:00:00,5.2,3,4.4,5,3.6,5,5.5,4,2.6,2,5.8,2,6.5,4,5.2,5,4.4,2,4.6,2,5.2,2,4.2,3,3.0,2,2.6,2,6.0,4,5.4,5,4.9,3,4.6,3,4.3,4,2.8,4,4.6,4,4.0,6,4.9,6,2.4,2.0,5.6,5,5.9,3,4.0,2,4.2,2,5.7,5,6.3,3,6.4,2,6.5,3,5.0,4,9.8,4,8.9,5
2016-11-28 04:00:00,4.9,3,4.1,6,3.0,6,5.4,5,2.2,1,5.5,2,6.2,4,4.8,5,4.1,3,4.4,3,5.1,3,3.9,3,2.7,2,2.2,2,5.7,3,5.1,5,4.6,3,4.6,3,3.9,3,2.6,4,4.4,4,3.7,6,4.6,6,2.3,2.0,5.3,4,5.5,2,3.6,2,3.8,2,5.3,4,5.7,3,6.1,2,6.3,3,4.9,3,9.4,4,8.3,5
2016-11-28 05:00:00,4.6,3,3.9,6,2.4,6,5.2,4,2.0,1,5.4,3,5.8,4,4.4,4,3.9,4,4.3,4,5.0,3,3.6,2,2.4,3,1.9,2,5.3,3,4.9,4,4.3,3,4.5,3,3.5,3,2.3,3,4.0,4,3.4,5,4.4,5,2.0,2.0,5.1,4,5.3,2,3.2,3,3.4,2,5.0,4,5.3,3,6.0,2,6.1,3,5.0,3,9.1,4,7.8,5
2016-11-28 06:00:00,4.3,3,3.6,6,1.9,5,5.1,4,1.9,1,5.3,3,5.6,4,4.1,4,3.6,4,4.1,4,4.8,4,3.4,2,2.1,3,1.7,2,5.0,3,4.6,3,4.0,2,4.4,3,3.3,2,1.9,4,3.8,4,3.3,5,4.1,5,1.9,2.0,4.9,3,5.3,3,3.1,3,3.3,2,4.9,4,5.4,4,6.2,3,6.1,4,5.2,4,9.2,4,7.8,4
2016-11-28 07:00:00,4.0,3,3.4,4,1.8,4,5.0,3,2.1,1,5.3,3,5.5,3,4.0,3,3.5,4,4.0,4,4.5,3,3.3,2,1.8,3,1.7,2,4.8,3,4.4,3,4.0,2,4.3,3,3.3,2,1.5,4,3.8,4,3.4,5,3.9,5,2.1,2.0,4.9,3,5.8,4,3.6,4,3.8,2,5.2,5,6.3,4,6.7,3,6.5,5,5.7,5,9.9,5,8.5,5
2016-11-28 08:00:00,3.9,2,3.3,3,2.0,3,5.0,2,2.4,1,5.6,3,5.6,3,4.3,2,3.5,3,4.1,3,4.4,3,3.5,1,1.7,2,1.8,2,4.9,4,4.5,3,4.1,2,4.3,2,3.5,3,1.2,4,4.1,4,3.8,5,3.9,6,2.6,2.0,5.2,2,6.5,5,4.6,4,4.8,2,5.8,6,7.8,4,7.6,4,7.4,5,6.7,6,11.0,5,9.8,5
2016-11-28 09:00:00,3.9,1,3.6,1,2.5,2,5.3,2,2.9,1,6.1,3,6.0,2,4.9,2,3.9,2,4.4,2,4.6,2,4.0,1,1.8,1,2.1,2,5.3,4,4.7,3,4.4,2,4.6,2,3.9,3,1.3,4,4.8,3,4.3,5,4.1,6,3.6,2.0,5.8,2,7.5,6,5.9,4,6.1,2,6.6,6,9.4,5,8.6,5,8.5,6,8.2,6,12.3,5,11.2,5
2016-11-28 10:00:00,4.2,1,4.2,1,3.2,1,5.9,1,3.5,1,7.0,3,6.6,2,5.8,2,4.6,1,5.0,1,5.3,1,4.8,1,2.3,1,2.5,2,6.2,4,5.2,3,4.8,2,5.2,2,4.5,3,1.9,3,5.7,3,4.9,5,4.6,6,5.0,2.0,6.7,3,8.5,5,7.4,3,7.6,3,7.6,6,10.7,5,9.7,4,9.8,6,10.3,6,13.6,5,12.6,5
2016-11-28 11:00:00,4.5,1,5.0,1,4.0,1,6.7,1,4.0,1,7.9,3,7.3,2,6.9,2,5.3,1,5.8,1,6.1,1,5.7,1,3.0,1,2.9,1,7.1,3,5.8,3,5.2,2,5.9,2,5.0,3,2.7,2,6.7,3,5.5,5,5.2,6,6.4,2.0,7.8,4,9.3,4,8.9,2,8.9,3,8.6,5,11.7,4,10.7,3,11.2,6,12.6,6,14.7,5,13.7,5
2016-11-28 12:00:00,4.9,1,5.6,1,4.6,1,7.3,1,4.5,1,8.7,2,7.9,2,7.7,3,5.9,1,6.4,1,6.8,1,6.2,1,3.5,1,3.2,1,7.9,3,6.4,3,5.5,2,6.5,2,5.4,2,3.3,2,7.5,3,5.9,4,5.7,6,7.4,2.0,8.7,4,9.9,3,10.3,2,9.9,3,9.5,4,12.4,4,11.5,3,12.2,6,14.4,5,15.5,4,14.4,5
2016-11-28 13:00:00,5.1,1,5.7,1,4.9,1,7.5,1,4.8,1,9.1,2,8.2,2,8.1,2,6.1,1,6.7,1,6.9,1,6.1,1,3.6,1,3.3,1,8.2,3,6.7,2,5.7,2,6.6,2,5.5,2,3.4,1,7.8,2,5.9,4,5.9,5,7.7,2.0,9.3,4,10.1,4,11.3,2,10.3,3,10.1,4,12.8,5,11.9,4,12.7,6,15.4,5,16.0,4,14.6,5
2016-11-28 14:00:00,5.0,1,5.4,1,4.8,1,7.4,1,4.7,1,9.0,2,8.1,1,8.1,2,5.8,1,6.5,1,6.6,1,5.6,1,3.3,1,3.1,1,8.0,2,6.8,2,5.8,2,6.4,2,5.3,2,3.0,1,7.5,2,5.5,4,5.8,5,7.3,2.0,9.4,4,9.9,5,11.7,2,10.2,3,10.3,4,12.8,5,11.7,5,12.8,6,15.5,5,16.1,5,14.4,6
2016-11-28 15:00:00,4.1,1,4.1,1,3.4,1,6.5,1,4.4,1,8.4,1,7.5,2,7.3,2,5.2,1,5.7,1,5.8,1,4.6,1,2.5,1,3.0,1,7.3,2,6.3,2,5.7,3,5.9,2,4.5,1,2.7,1,7.6,3,5.7,3,5.6,5,6.7,1.0,9.3,4,9.7,4,11.5,4,9.9,3,10.7,6,12.3,5,11.3,3,12.8,5,14.9,5,15.9,4,13.5,3
2016-11-28 16:00:00,3.5,1,3.2,1,2.4,1,5.9,1,3.5,1,7.4,2,7.0,1,6.4,2,4.2,1,4.8,1,5.0,1,3.6,1,1.9,1,2.1,1,6.6,2,5.8,2,5.0,2,5.0,1,3.9,1,1.9,1,6.6,3,5.2,4,5.0,5,5.4,1.0,8.7,4,8.9,4,9.9,4,8.7,3,10.2,6,11.1,5,10.2,3,12.0,5,13.5,5,15.2,4,12.7,3
2016-11-28 17:00:00,2.9,1,2.4,1,1.4,1,5.1,1,2.5,1,6.3,2,6.3,1,5.4,1,3.1,1,3.8,1,4.1,1,2.5,1,1.3,1,1.3,1,5.8,2,5.0,1,4.2,2,4.0,1,3.4,1,1.1,1,5.4,3,4.6,4,4.4,5,3.9,1.0,7.9,4,8.0,4,7.8,3,7.4,3,9.6,6,9.7,5,8.9,3,11.1,4,11.9,4,14.3,4,11.7,3
2016-11-28 18:00:00,2.3,1,1.7,1,0.6,1,4.3,1,1.5,1,5.4,2,5.7,1,4.5,1,2.3,1,3.0,1,3.5,1,1.6,1,0.8,1,0.6,1,5.2,2,4.3,1,3.4,1,3.0,1,2.8,2,0.5,1,4.5,3,3.9,5,3.8,5,2.8,1.0,7.1,4,7.3,4,6.0,3,6.3,3,9.0,5,8.6,5,7.8,3,10.4,4,10.4,4,13.3,4,10.9,3
2016-11-28 19:00:00,1.9,1,1.4,1,0.3,1,3.7,1,0.9,1,5.0,2,5.2,1,4.0,1,1.9,1,2.6,1,3.2,1,1.0,1,0.4,1,0.3,1,4.9,2,3.8,1,2.9,1,2.0,1,2.2,2,0.1,2,4.0,3,3.3,5,3.5,5,2.2,2.0,6.6,3,6.8,4,5.1,3,5.8,4,8.4,5,8.0,5,7.2,4,10.0,4,9.5,4,12.5,4,10.4,3
2016-11-28 20:00:00,1.7,1,1.4,1,0.3,1,3.2,1,0.5,1,5.0,1,4.8,1,3.8,1,1.9,1,2.4,1,3.1,1,0.7,1,0.0,1,0.2,1,4.8,2,3.4,1,2.6,1,1.2,1,1.7,1,-0.1,2,3.8,3,2.8,5,3.4,4,2.0,2.0,6.3,3,6.5,4,4.7,4,5.7,4,7.9,5,7.9,5,7.0,4,9.9,4,9.0,4,11.9,5,10.1,3
2016-11-28 21:00:00,1.4,1,1.4,1,0.3,1,2.8,1,0.1,1,4.7,1,4.4,1,3.5,1,1.8,1,2.1,1,2.9,1,0.6,1,-0.3,1,-0.2,1,4.6,2,3.0,1,2.1,1,0.6,1,1.2,1,-0.5,2,3.4,4,2.3,4,3.0,4,1.5,2.0,5.8,3,6.2,4,4.4,4,5.3,4,7.5,5,7.6,5,6.7,4,9.6,5,8.6,4,11.3,4,9.8,3
2016-11-28 22:00:00,1.2,1,1.3,1,0.1,1,2.5,1,-0.3,1,4.3,1,4.0,1,3.0,1,1.5,1,1.6,1,2.4,1,0.6,1,-0.6,1,-0.6,1,4.1,2,2.5,1,1.7,1,0.1,2,0.8,2,-0.8,2,3.0,4,1.8,4,2.5,4,1.0,2.0,5.4,3,6.0,4,4.2,4,5.1,4,7.3,5,7.5,5,6.5,4,9.4,5,8.5,5,10.8,4,9.6,3
2016-11-28 23:00:00,1.0,1,1.0,1,-0.2,1,2.3,1,-0.7,1,3.8,1,3.7,2,2.4,1,1.0,1,1.0,1,1.8,1,0.5,1,-0.8,1,-0.9,1,3.5,2,2.0,1,1.1,1,-0.2,2,0.3,2,-1.1,2,2.7,5,1.3,4,2.0,4,0.6,2.0,4.9,3,5.8,4,4.2,5,5.0,4,7.1,5,7.4,5,6.4,4,9.2,5,8.3,5,10.4,4,9.4,3
2016-11-29 00:00:00,0.8,1,0.6,1,-0.6,1,2.0,1,-1.1,1,3.1,1,3.2,2,1.7,1,0.5,1,0.5,1,1.2,1,0.4,2,-1.0,1,-1.3,1,2.8,2,1.5,1,0.6,1,-0.6,3,-0.1,2,-1.5,2,2.3,4,0.8,3,1.6,5,0.3,2.0,4.5,4,5.7,5,4.3,5,5.0,4,7.0,5,7.3,5,6.3,5,9.1,5,8.2,5,10.2,4,9.2,4
2016-11-29 01:00:00,0.6,1,0.1,1,-1.1,1,1.6,1,-1.3,1,2.2,1,2.7,2,1.2,1,0.1,1,0.2,1,0.9,1,0.1,2,-1.2,1,-1.7,1,2.1,1,1.1,1,0.2,1,-0.9,3,-0.5,2,-1.8,2,2.0,4,0.2,4,1.2,5,0.0,3.0,4.0,4,5.6,5,4.4,5,5.0,4,6.9,5,7.4,5,6.2,5,9.0,5,8.1,5,10.2,4,9.2,4
2016-11-29 02:00:00,0.5,1,-0.5,1,-1.6,1,1.0,1,-1.5,1,1.4,1,2.1,1,0.6,1,-0.2,1,0.0,1,0.8,1,-0.3,2,-1.4,1,-2.1,1,1.4,1,0.8,1,-0.3,1,-1.2,3,-0.9,2,-2.1,2,1.8,3,-0.4,4,0.9,5,-0.2,4.0,3.5,4,5.6,5,4.5,5,5.0,5,6.9,5,7.5,5,6.1,5,8.9,5,7.9,5,10.1,4,9.2,4
2016-11-29 03:00:00,0.6,1,-0.5,1,-1.2,1,1.7,1,-1.9,1,1.8,1,2.7,2,1.0,1,-0.1,1,0.2,1,0.6,1,0.3,1,-1.1,1,-1.5,1,2.1,1,1.3,2,1.1,2,1.2,2,0.1,1,-1.6,1,3.0,5,1.0,2,2.0,5,0.8,1.0,5.4,5,5.9,3,4.0,1,5.1,3,7.5,6,8.2,6,6.9,6,9.0,2,7.4,2,9.8,2,9.3,6
2016-11-29 04:00:00,0.6,1,-0.7,1,-1.5,1,1.2,1,-2.3,1,1.7,1,2.5,2,0.4,1,-0.4,1,-0.1,1,0.4,1,-0.2,1,-1.5,1,-1.8,1,1.7,1,0.9,2,0.7,2,0.8,2,-0.3,1,-1.9,1,3.0,5,0.7,2,1.9,4,0.7,1.0,5.3,5,5.7,3,3.7,1,4.8,3,7.5,5,8.1,6,7.0,5,8.8,2,7.2,2,9.4,2,8.9,5
2016-11-29 05:00:00,0.7,1,-0.8,1,-1.8,1,0.7,2,-2.7,1,1.8,1,2.4,2,-0.1,2,-0.7,1,-0.5,1,0.2,1,-0.6,1,-1.9,1,-2.1,1,1.2,1,0.5,2,0.2,2,0.2,3,-0.8,1,-2.3,1,2.9,5,0.5,2,1.6,4,0.8,1.0,5.2,5,5.5,3,3.4,1,4.5,3,7.4,5,8.1,6,7.2,5,8.6,2,7.0,2,9.1,2,8.7,5
2016-11-29 06:00:00,0.7,1,-0.9,1,-2.0,1,0.4,2,-2.7,1,1.8,1,2.3,1,-0.5,2,-0.9,1,-0.7,1,0.1,1,-0.8,1,-2.1,1,-2.2,1,0.8,2,0.3,2,-0.1,3,-0.1,4,-1.1,1,-2.5,1,2.9,5,0.5,2,1.3,3,1.1,1.0,5.2,5,5.6,3,3.4,2,4.6,3,7.4,5,8.3,6,7.5,5,8.7,2,7.0,2,8.9,2,8.8,4
2016-11-29 07:00:00,0.7,1,-0.9,1,-1.9,1,0.4,1,-2.2,1,1.8,1,2.1,1,-0.5,1,-0.8,1,-0.6,1,0.2,1,-0.6,1,-1.9,1,-1.9,2,0.7,2,0.4,2,0.0,4,0.1,4,-1.0,1,-2.4,2,3.1,5,0.9,2,1.2,3,1.6,1.0,5.5,5,6.1,3,3.8,3,5.4,3,7.6,5,8.8,6,7.8,5,9.2,2,7.3,2,9.2,2,9.4,5
2016-11-29 08:00:00,0.9,1,-0.8,1,-1.5,1,0.7,1,-1.3,1,1.9,1,2.1,1,-0.1,1,-0.4,1,-0.2,1,0.6,1,0.0,1,-1.3,1,-1.2,2,1.0,3,0.7,2,0.5,4,0.8,4,-0.5,1,-2.0,3,3.7,6,1.7,3,1.4,4,2.5,1.0,6.1,5,6.8,3,4.6,3,6.7,3,7.9,5,9.5,7,8.3,5,10.0,2,7.8,3,9.7,2,10.4,6
2016-11-29 09:00:00,1.2,1,-0.3,1,-0.7,1,1.4,1,-0.2,1,2.4,1,2.4,1,0.7,1,0.3,1,0.6,1,1.3,1,0.9,1,-0.4,1,-0.3,2,1.7,3,1.4,3,1.3,5,1.8,4,0.4,1,-1.3,3,4.5,7,2.8,3,1.8,4,3.7,1.0,6.9,6,7.7,4,5.6,4,8.0,3,8.5,5,10.3,6,8.9,5,10.7,2,8.6,3,10.5,2,11.4,6
2016-11-29 10:00:00,1.8,1,0.7,1,0.5,1,2.4,1,1.0,1,3.5,1,3.2,1,1.8,1,1.4,1,1.8,1,2.4,1,2.1,1,0.7,1,0.7,2,2.9,4,2.3,4,2.4,5,3.0,3,1.5,2,-0.3,3,5.7,7,4.2,3,2.6,5,5.2,1.0,7.9,6,8.6,4,6.6,4,9.1,3,9.3,5,11.0,6,9.8,5,11.2,3,9.7,4,11.3,2,12.3,7
2016-11-29 11:00:00,2.4,1,1.8,1,1.9,1,3.5,1,2.1,1,4.7,1,4.2,1,3.0,1,2.5,1,3.0,1,3.6,1,3.3,1,1.7,1,1.6,2,4.2,5,3.4,4,3.6,5,4.3,3,2.6,2,0.8,2,6.9,6,5.7,3,3.5,5,6.7,1.0,8.9,5,9.5,5,7.6,3,10.1,3,10.2,5,11.6,5,10.7,5,11.6,3,10.8,4,12.0,2,12.9,6
2016-11-29 12:00:00,2.9,1,2.6,1,2.8,1,4.3,1,2.9,1,5.8,1,5.0,1,4.0,1,3.4,1,4.0,1,4.4,1,4.2,1,2.5,1,2.3,1,5.2,5,4.3,4,4.6,5,5.3,3,3.6,2,1.7,1,8.0,6,7.0,3,4.4,5,7.7,1.0,9.9,5,10.3,5,8.5,3,10.8,3,11.0,5,12.1,4,11.5,6,12.0,4,11.7,4,12.5,2,13.3,6
2016-11-29 13:00:00,3.1,1,2.9,1,3.0,1,4.6,1,3.3,1,6.3,1,5.3,1,4.7,1,3.7,1,4.4,1,4.5,1,4.7,1,2.8,1,2.6,1,5.7,5,5.0,3,5.3,4,6.0,3,4.2,2,2.1,1,8.6,6,7.9,3,5.2,4,7.8,1.0,10.7,5,10.8,6,9.2,3,11.3,3,11.5,5,12.4,4,11.9,6,12.5,4,12.3,4,12.8,3,13.4,6
2016-11-29 14:00:00,3.0,1,2.6,1,2.7,1,4.5,1,3.2,1,6.2,1,5.2,1,4.9,1,3.5,1,4.3,1,4.2,1,4.6,1,2.6,1,2.5,1,5.8,5,5.4,3,5.7,3,6.2,2,4.4,1,2.0,1,8.8,5,8.3,3,5.7,3,7.2,1.0,11.2,5,11.1,5,9.6,4,11.4,3,11.7,5,12.5,5,11.9,6,12.9,3,12.4,4,12.8,3,13.2,7
2016-11-29 15:00:00,2.6,1,1.6,1,1.2,1,3.7,1,2.5,1,6.0,1,5.1,1,4.1,1,2.5,1,3.2,1,3.1,1,2.8,1,1.4,1,1.7,1,5.0,5,4.3,2,4.9,2,5.2,2,3.4,2,1.0,1,8.4,6,8.2,4,5.2,4,6.4,1.0,10.9,4,10.7,6,8.8,5,11.0,1,11.3,6,12.0,7,11.5,6,12.1,4,10.7,3,12.1,1,13.3,7
2016-11-29 16:00:00,2.3,1,0.9,1,0.3,1,3.0,1,1.5,1,5.0,1,4.6,1,3.3,1,1.7,1,2.4,1,2.6,1,1.6,1,0.6,1,0.7,1,4.4,5,4.1,2,4.7,2,4.6,2,2.9,2,0.3,1,7.8,6,7.7,4,4.9,3,4.9,1.0,10.3,3,10.0,6,7.9,5,9.6,1,11.0,6,11.5,7,10.8,7,11.7,4,10.0,2,11.6,1,12.9,6
2016-11-29 17:00:00,2.0,1,0.3,1,-0.6,1,2.3,1,0.3,1,4.0,1,3.9,1,2.4,1,0.9,1,1.5,1,2.2,1,0.3,1,-0.3,1,-0.3,1,3.9,5,3.7,2,4.4,2,3.7,2,2.4,2,-0.3,1,7.0,5,7.0,4,4.5,2,3.5,1.0,9.5,3,9.1,6,6.6,5,7.8,2,10.6,5,10.8,6,9.8,7,11.1,5,9.2,2,11.0,1,12.5,6
2016-11-29 18:00:00,1.7,1,-0.2,1,-1.3,1,1.6,1,-0.7,1,3.2,1,3.3,1,1.8,1,0.2,1,0.9,1,1.8,1,-0.7,1,-1.1,1,-1.0,1,3.6,5,3.3,3,4.1,2,2.8,2,1.8,2,-0.8,1,6.4,5,6.2,3,4.2,2,2.3,1.0,8.8,3,8.3,6,5.6,4,6.2,2,10.1,4,10.1,5,8.9,7,10.5,5,8.4,2,10.3,1,12.0,5
2016-11-29 19:00:00,1.4,1,-0.4,1,-1.6,1,1.1,1,-1.3,1,2.9,2,2.8,1,1.6,2,-0.1,1,0.6,1,1.5,1,-1.0,1,-1.7,1,-1.3,1,3.7,6,3.1,4,3.8,3,2.0,2,1.4,2,-1.2,2,6.2,4,5.7,3,4.1,2,1.7,1.0,8.4,3,7.9,6,5.1,4,5.1,2,9.5,4,9.5,4,8.3,6,10.0,5,7.7,2,9.7,1,11.6,5
2016-11-29 20:00:00,1.2,1,-0.3,1,-1.5,1,0.8,1,-1.6,1,2.9,2,2.4,2,1.6,4,-0.1,1,0.6,1,1.3,1,-1.0,1,-2.1,1,-1.4,1,4.1,6,2.9,5,3.6,3,1.4,2,1.1,2,-1.4,2,6.2,4,5.3,2,4.2,3,1.4,1.0,8.2,3,7.7,6,5.0,4,4.5,2,9.0,3,9.1,4,7.9,5,9.5,5,7.1,2,9.2,1,11.4,5
2016-11-29 21:00:00,1.1,1,-0.6,1,-1.7,1,0.4,1,-2.2,1,2.5,1,1.9,2,1.2,4,-0.4,1,0.2,1,1.1,1,-0.9,1,-2.2,1,-1.6,1,4.0,6,2.6,6,3.1,4,1.0,2,0.8,2,-1.6,2,5.9,4,4.8,2,4.0,4,0.9,1.0,7.8,3,7.4,6,4.6,4,3.9,2,8.6,2,8.7,4,7.6,5,9.0,4,6.6,2,8.6,2,11.1,5
2016-11-29 22:00:00,1.2,2,-0.9,1,-1.9,2,0.0,1,-2.6,1,2.0,1,1.5,2,0.8,5,-0.7,2,-0.2,1,0.8,1,-0.8,1,-2.2,1,-1.8,1,3.8,5,2.3,6,2.5,4,0.7,2,0.6,2,-1.6,2,5.6,3,4.2,2,3.7,4,0.4,2.0,7.4,2,7.1,6,4.3,4,3.5,3,8.4,2,8.3,4,7.4,5,8.5,3,6.1,3,8.1,2,10.8,5
2016-11-29 23:00:00,1.4,2,-1.2,1,-2.1,2,-0.3,1,-3.0,1,1.6,1,1.2,3,0.4,5,-1.0,2,-0.6,1,0.5,2,-0.8,2,-2.0,2,-1.9,1,3.5,5,1.9,6,2.0,4,0.6,3,0.3,2,-1.6,3,5.2,3,3.7,2,3.4,5,-0.1,2.0,7.1,2,6.7,6,4.0,5,3.2,3,8.2,2,7.9,4,7.1,5,8.1,2,5.6,3,7.7,2,10.5,5
2016-11-30 00:00:00,1.4,2,-1.5,2,-2.4,3,-0.5,1,-3.4,1,1.1,2,0.8,3,0.0,5,-1.3,2,-1.0,1,0.2,2,-0.9,2,-1.8,2,-1.8,1,3.1,5,1.6,6,1.5,4,0.5,3,0.1,3,-1.4,3,4.8,2,3.1,3,3.0,5,-0.5,2.0,6.8,3,6.3,5,3.6,5,3.0,4,8.0,2,7.5,4,6.8,5,7.7,2,5.1,3,7.2,2,10.1,5
2016-11-30 01:00:00,1.2,3,-1.8,2,-2.7,3,-0.5,1,-3.7,1,0.6,2,0.6,4,-0.4,5,-1.7,2,-1.4,2,-0.3,2,-0.9,2,-1.6,2,-1.7,1,2.6,6,1.2,6,1.0,5,0.5,4,-0.1,3,-1.1,4,4.4,3,2.5,3,2.6,5,-1.0,3.0,6.5,4,5.8,5,3.2,5,2.9,4,7.7,2,7.1,4,6.4,5,7.3,3,4.6,4,6.8,2,9.8,5
2016-11-30 02:00:00,0.9,3,-2.1,2,-3.0,4,-0.5,1,-4.0,1,0.2,2,0.4,4,-0.7,5,-2.1,3,-1.8,2,-0.7,2,-1.1,2,-1.6,2,-1.5,1,2.1,6,0.8,6,0.6,5,0.5,4,-0.2,4,-1.0,4,4.0,4,2.0,4,2.2,5,-1.3,3.0,6.2,4,5.3,5,2.6,5,2.8,4,7.3,2,6.8,4,6.0,5,7.0,4,4.2,4,6.3,2,9.4,5
2016-11-30 03:00:00,1.8,1,-1.9,1,-1.7,1,-1.5,1,-3.8,1,2.0,4,2.0,5,0.4,2,-1.8,1,-1.4,1,0.4,1,-2.2,1,-2.5,1,-2.8,1,3.7,5,1.4,4,0.1,1,-0.4,1,-0.8,1,-2.1,2,4.2,1,1.5,2,1.8,2,-0.6,1.0,5.9,2,5.2,3,3.3,2,3.5,2,6.4,1,6.5,2,6.0,2,6.8,4,3.7,2,6.6,1,7.2,3
2016-11-30 04:00:00,2.1,1,-1.9,1,-1.9,1,-1.7,1,-4.3,1,2.1,5,2.2,5,0.3,3,-2.0,1,-1.7,1,0.3,1,-2.8,1,-2.7,1,-2.7,1,3.6,5,1.0,4,-0.1,1,-0.8,2,-1.1,1,-2.2,2,3.9,1,1.3,2,1.6,2,-0.7,1.0,5.4,2,4.6,3,2.6,1,2.8,2,5.7,1,6.0,2,5.3,2,6.3,3,3.2,1,6.0,1,6.6,3
2016-11-30 05:00:00,2.5,1,-1.8,1,-2.0,1,-1.7,1,-4.7,1,2.2,5,2.5,4,0.2,4,-2.2,1,-2.1,1,0.3,1,-3.2,1,-2.9,2,-2.6,1,3.5,4,0.7,3,-0.4,1,-1.2,2,-1.3,2,-2.4,1,3.7,1,1.3,2,1.3,2,-0.7,1.0,4.8,2,4.1,2,2.0,1,2.1,2,5.2,2,5.5,2,4.8,2,5.8,2,2.8,1,5.5,1,6.2,3
2016-11-30 06:00:00,2.9,1,-1.6,1,-1.7,1,-1.6,1,-4.6,1,2.5,5,2.8,4,0.4,5,-2.0,1,-2.2,1,0.3,1,-3.1,1,-2.9,2,-2.4,2,3.5,4,0.7,2,-0.3,1,-1.1,2,-1.3,2,-2.4,2,3.6,1,1.6,2,1.2,2,-0.6,1.0,4.6,2,4.0,2,1.7,2,2.2,2,5.0,2,5.5,2,4.9,2,5.8,2,2.6,2,5.5,1,6.4,2
2016-11-30 07:00:00,3.1,1,-1.3,1,-1.0,1,-1.2,1,-3.6,1,3.1,4,3.1,4,1.1,4,-1.3,1,-1.7,1,0.4,1,-2.3,1,-2.4,2,-1.9,2,3.6,4,1.2,2,0.2,1,-0.3,2,-0.9,2,-1.9,2,3.9,1,2.2,2,1.4,2,-0.2,1.0,4.9,2,4.5,2,2.1,2,3.4,2,5.4,2,6.1,2,5.7,2,6.4,2,2.7,3,6.2,2,7.3,2
2016-11-30 08:00:00,3.3,1,-0.8,1,0.1,1,-0.3,1,-2.1,1,4.0,2,3.6,5,2.1,3,-0.2,1,-0.6,1,0.7,1,-1.0,1,-1.5,3,-1.2,2,4.0,4,2.1,2,1.2,2,1.0,1,-0.1,2,-0.9,3,4.5,1,3.1,2,2.0,3,0.7,1.0,5.8,2,5.5,2,3.0,2,5.4,2,6.2,2,7.3,2,7.1,2,7.4,2,3.4,3,7.4,2,8.7,2
2016-11-30 09:00:00,3.7,1,0.1,1,1.4,1,1.0,1,-0.3,1,5.2,2,4.3,5,3.5,3,1.2,1,0.9,1,1.6,1,0.7,1,-0.1,3,-0.1,2,4.8,3,3.3,2,2.5,2,2.7,1,0.9,2,0.4,4,5.5,1,4.3,2,2.9,3,2.3,1.0,7.0,2,6.9,2,4.4,2,7.7,1,7.4,2,8.7,3,8.6,2,8.6,3,4.8,4,8.8,2,10.3,2
2016-11-30 10:00:00,4.4,1,1.5,1,2.9,1,2.7,1,1.3,1,6.5,3,5.3,6,5.0,3,2.8,1,2.6,1,3.2,1,2.5,1,1.6,2,1.3,2,6.1,3,4.5,2,4.0,2,4.4,2,2.1,2,1.9,3,6.7,2,5.8,2,4.1,3,4.6,1.0,8.5,1,8.5,2,6.2,2,9.8,1,8.7,2,10.2,3,10.1,2,9.7,3,7.0,4,10.2,2,11.7,2
2016-11-30 11:00:00,5.1,1,2.9,1,4.3,1,4.5,1,2.7,1,7.7,4,6.4,6,6.4,3,4.4,1,4.2,1,5.1,1,4.2,1,3.2,2,2.8,2,7.5,3,5.8,2,5.5,2,6.0,2,3.3,2,3.4,3,8.0,2,7.3,2,5.4,2,6.8,1.0,10.1,2,9.9,2,8.0,1,11.5,1,9.9,2,11.5,3,11.3,2,10.6,3,9.6,3,11.3,2,12.7,2
2016-11-30 12:00:00,5.6,1,4.0,1,5.1,1,5.9,1,3.6,1,8.6,5,7.2,6,7.6,3,5.5,1,5.4,1,6.4,1,5.3,1,4.3,1,3.8,1,8.7,2,6.8,2,6.7,2,7.1,2,4.2,2,4.4,2,9.1,2,8.6,2,6.5,2,8.3,1.0,11.3,2,11.1,2,9.6,1,12.6,1,10.9,2,12.5,3,12.3,2,11.4,2,11.7,2,12.2,2,13.4,3
2016-11-30 13:00:00,5.6,1,4.3,1,5.2,1,6.5,1,4.0,1,9.0,4,7.6,5,8.3,3,5.9,1,6.0,1,6.7,1,5.6,1,4.5,1,4.1,1,9.2,2,7.6,2,7.5,2,7.6,2,4.7,2,4.8,1,9.7,2,9.3,2,7.2,1,8.4,1.0,12.0,2,11.7,1,10.7,1,13.0,1,11.5,2,13.1,3,12.9,2,11.9,2,12.9,2,12.7,2,13.7,2
2016-11-30 14:00:00,5.4,2,4.0,1,4.7,1,6.4,1,3.8,1,8.9,3,7.6,4,8.4,2,5.7,1,6.0,1,6.2,1,5.3,1,4.0,1,3.8,1,9.1,2,7.9,2,7.7,2,7.5,2,4.8,2,4.6,1,9.8,2,9.4,2,7.3,1,7.4,1.0,12.1,1,11.6,1,11.1,1,12.7,1,11.7,2,13.1,2,12.9,2,12.2,2,13.1,1,12.8,2,13.6,2
2016-11-30 15:00:00,4.9,2,3.0,1,3.4,2,5.6,2,3.4,1,8.6,1,7.3,3,7.8,3,4.9,1,5.1,1,4.9,1,4.2,1,3.3,1,2.9,2,9.0,1,7.1,1,7.5,1,7.4,1,4.4,1,4.0,2,9.3,1,9.1,1,7.0,1,6.3,1.0,11.7,1,10.6,1,10.4,1,12.0,1,11.9,1,12.4,2,11.8,1,11.7,1,12.7,1,13.2,1,13.4,2
2016-11-30 16:00:00,4.7,2,2.3,1,2.4,2,5.0,1,2.3,2,7.5,2,6.6,2,6.9,2,3.9,1,4.4,1,4.3,1,3.0,1,2.5,2,2.1,3,8.1,1,6.3,1,6.6,1,6.2,1,3.7,2,2.9,2,8.4,1,8.1,1,6.1,1,4.6,1.0,10.9,1,9.2,1,8.8,1,10.1,1,11.2,1,11.4,1,10.4,1,10.8,1,11.1,1,12.5,1,12.7,2
2016-11-30 17:00:00,4.6,2,1.6,1,1.4,3,4.2,1,1.1,2,6.3,2,5.7,2,5.7,2,2.8,2,3.6,2,3.8,2,1.6,2,1.6,3,1.3,4,6.9,2,5.3,1,5.5,1,4.7,1,2.9,2,1.8,3,7.4,1,6.8,2,5.2,2,3.1,1.0,9.9,1,7.7,1,6.8,1,7.9,1,10.2,2,10.1,2,8.7,1,9.7,1,9.1,1,11.4,2,11.9,2
2016-11-30 18:00:00,4.5,2,1.3,1,0.9,4,3.4,2,0.2,2,5.4,2,4.9,2,4.7,2,1.9,2,2.9,2,3.5,2,0.5,2,0.8,3,0.8,5,6.0,2,4.3,1,4.5,1,3.1,2,2.2,3,0.9,4,6.5,1,5.5,2,4.4,2,2.1,1.0,8.8,1,6.4,1,4.9,1,6.0,1,9.1,2,8.9,2,7.2,1,8.7,1,7.4,1,10.4,2,10.9,2
2016-11-30 19:00:00,4.4,2,1.5,2,1.0,4,2.7,3,-0.3,2,5.1,2,4.4,2,4.1,2,1.4,2,2.4,2,3.3,2,-0.2,2,0.3,4,0.7,5,5.5,2,3.6,2,3.9,1,1.7,2,1.8,3,0.5,4,6.1,1,4.4,2,4.0,2,1.7,1.0,7.9,1,5.6,1,3.8,1,4.8,1,8.0,2,7.9,1,6.2,1,8.0,2,6.4,1,9.6,2,9.9,2
2016-11-30 20:00:00,4.4,2,2.0,2,1.4,3,2.1,4,-0.4,2,5.2,2,4.3,3,3.8,2,1.3,1,2.0,1,3.3,1,-0.5,2,-0.1,3,0.7,4,5.3,2,3.3,2,3.5,1,0.6,1,1.5,3,0.5,3,6.0,1,3.5,2,3.9,2,1.5,1.0,7.1,1,5.2,1,3.2,1,4.3,1,7.0,2,7.1,1,5.5,1,7.6,2,6.0,2,9.0,1,8.9,2
2016-11-30 21:00:00,4.3,2,2.4,2,1.6,3,1.5,4,-0.6,2,4.8,2,3.9,3,3.2,2,0.8,1,1.5,2,3.1,2,-0.8,2,-0.3,4,0.6,5,4.8,2,2.8,2,2.8,1,-0.1,2,1.1,3,0.3,3,5.6,1,2.7,2,3.6,2,1.1,1.0,6.4,1,4.7,1,2.6,2,3.6,1,6.2,2,6.3,1,5.0,1,7.0,2,5.6,2,8.4,1,8.2,2
2016-11-30 22:00:00,4.2,2,2.4,3,1.7,3,1.1,5,-0.8,3,4.5,2,3.7,3,2.6,3,0.5,2,1.0,2,2.9,2,-0.9,2,-0.4,4,0.5,5,4.3,1,2.4,2,2.2,2,-0.5,2,0.8,3,0.2,2,5.1,1,2.0,3,3.2,2,0.7,1.0,5.7,1,4.4,1,2.2,2,3.0,1,5.5,2,5.6,2,4.6,1,6.5,2,5.3,2,7.9,1,7.6,2
2016-11-30 23:00:00,4.1,3,2.2,3,1.7,3,0.9,5,-0.9,3,4.1,2,3.4,3,2.1,3,0.1,2,0.5,3,2.6,3,-1.0,2,-0.3,4,0.5,5,3.7,1,2.0,2,1.6,2,-0.7,2,0.5,3,0.2,2,4.5,1,1.5,3,2.8,3,0.3,2.0,5.1,1,4.1,1,2.0,2,2.6,1,4.9,3,5.1,2,4.4,1,6.1,2,5.1,3,7.5,2,7.1,1
2016-12-01 00:00:00,4.0,3,2.1,4,1.7,3,1.0,5,-0.8,4,3.7,2,3.1,4,1.5,3,-0.2,2,0.1,3,2.2,3,-1.0,3,-0.2,4,0.6,5,3.1,2,1.6,3,0.9,3,-0.8,3,0.3,4,0.2,2,3.9,1,1.1,4,2.4,3,0.0,2.0,4.5,1,3.9,2,1.9,3,2.2,1,4.4,3,4.8,2,4.3,2,5.7,2,4.7,3,7.3,3,6.9,1
2016-12-01 01:00:00,4.0,3,2.1,4,2.0,4,1.3,6,-0.8,4,3.2,2,2.9,4,0.9,3,-0.4,3,-0.2,4,1.8,4,-0.9,4,0.0,4,0.8,6,2.5,3,1.0,4,0.4,3,-0.8,3,0.2,4,0.3,3,3.3,1,0.7,4,2.3,3,-0.2,2.0,3.9,1,3.6,2,1.8,3,1.9,1,3.8,3,4.6,3,4.2,2,5.4,2,4.2,4,7.3,3,6.6,1
2016-12-01 02:00:00,4.0,4,2.4,5,2.3,5,1.7,6,-0.7,5,2.8,2,2.6,4,0.4,3,-0.6,4,-0.5,4,1.3,4,-0.9,4,0.2,5,0.9,6,1.9,5,0.5,5,0.0,4,-0.8,4,0.1,5,0.3,4,2.7,1,0.3,5,2.2,4,-0.3,2.0,3.4,1,3.4,2,1.7,4,1.6,1,3.2,4,4.5,3,4.2,1,5.1,2,3.5,4,7.3,3,6.4,1
2016-12-01 03:00:00,5.6,4,2.4,5,2.6,6,0.2,6,-0.2,5,4.2,2,3.7,4,0.3,4,0.4,5,-0.3,5,2.7,5,-1.4,5,-0.6,5,0.2,6,2.7,6,2.3,5,0.4,5,0.2,5,-0.2,5,0.5,5,4.1,1,0.3,5,1.5,4,0.2,2.0,4.0,1,3.8,2,1.9,5,2.4,1,3.7,4,4.4,3,4.9,1,6.1,2,2.6,4,6.8,3,7.4,1
2016-12-01 04:00:00,5.8,5,2.6,6,2.8,7,-0.2,7,-0.5,5,3.9,2,3.6,5,-0.1,4,0.3,6,-0.5,5,2.7,5,-1.6,6,-0.3,5,0.4,6,2.2,7,1.8,6,0.3,6,-0.4,6,-0.2,5,0.7,6,3.7,1,0.3,6,1.6,4,0.4,3.0,3.3,1,3.5,2,1.5,5,1.7,1,3.1,5,4.0,3,4.6,2,5.9,2,2.5,5,6.4,3,7.2,1
2016-12-01 05:00:00,5.9,5,3.0,6,3.1,7,-0.7,6,-0.6,6,3.6,2,3.6,5,-0.4,4,0.3,6,-0.5,6,2.7,6,-1.6,7,0.0,5,0.7,7,1.7,6,1.4,6,0.2,6,-0.9,6,-0.2,5,0.9,6,3.2,1,0.3,6,1.7,4,0.4,3.0,2.8,1,3.3,3,1.3,5,1.2,1,2.4,5,3.7,4,4.5,2,5.7,2,2.5,5,6.1,3,7.1,1
2016-12-01 06:00:00,6.0,5,3.4,6,3.4,7,-0.8,5,-0.4,7,3.6,2,3.6,5,-0.4,4,0.3,7,-0.3,7,2.5,7,-1.3,7,0.4,5,1.2,6,1.6,6,1.1,6,0.1,7,-1.1,7,-0.1,6,1.1,6,3.0,1,0.4,6,1.6,4,0.2,3.0,2.6,1,3.4,3,1.3,5,1.4,1,2.1,5,4.0,4,4.8,2,5.7,3,2.6,5,6.3,3,7.6,1
2016-12-01 07:00:00,6.0,6,3.8,6,3.8,6,-0.4,5,0.3,7,4.1,2,3.8,5,0.0,4,0.3,7,0.0,7,1.9,7,-0.7,6,0.8,6,1.8,7,1.9,6,1.3,6,0.1,7,-0.7,7,0.1,6,1.2,6,3.2,1,0.7,6,1.4,5,-0.1,3.0,3.0,1,4.1,3,1.8,5,2.6,1,2.6,5,5.1,4,5.7,3,6.0,3,2.9,5,7.3,3,8.7,1
2016-12-01 08:00:00,6.1,6,4.1,6,4.3,5,0.6,6,1.4,7,5.0,2,4.4,5,0.9,5,0.4,6,0.6,6,1.4,6,0.2,6,1.3,6,2.4,7,2.6,6,1.8,7,0.4,6,0.2,7,0.5,7,1.4,6,3.8,1,1.4,5,1.2,6,0.0,3.0,4.0,1,5.2,2,2.7,5,4.7,1,3.8,5,6.9,4,7.2,3,6.6,3,3.7,4,8.9,3,10.3,1
2016-12-01 09:00:00,6.2,7,4.6,6,5.0,5,2.1,6,2.5,6,6.3,1,5.2,4,2.3,6,1.1,6,1.5,6,1.7,6,1.2,5,1.9,6,3.2,7,3.7,6,2.6,7,1.1,6,1.3,7,0.9,7,1.8,6,4.8,1,2.3,4,1.2,6,1.3,3.0,5.5,1,6.6,2,4.3,4,7.0,1,5.3,5,8.9,4,8.9,3,7.5,3,5.1,4,10.5,4,12.1,1
2016-12-01 10:00:00,6.5,6,5.2,6,5.9,5,4.0,6,3.4,6,7.8,1,6.4,4,4.1,7,2.4,6,2.8,6,3.1,6,2.3,5,2.6,6,4.0,6,5.1,6,3.6,7,2.2,5,2.5,6,1.3,6,2.4,6,6.0,1,3.6,4,1.7,6,4.1,3.0,7.3,1,8.1,2,6.4,4,9.2,1,7.0,5,10.9,3,10.8,2,8.6,3,7.2,4,11.9,4,13.8,1
2016-12-01 11:00:00,6.8,5,5.7,6,6.7,6,5.9,5,4.1,6,9.3,1,7.6,4,5.9,7,4.1,6,4.1,6,5.1,6,3.3,6,3.3,6,4.7,6,6.4,6,4.6,6,3.6,5,3.6,5,1.7,5,3.2,6,7.3,1,5.0,5,2.4,6,7.4,3.0,9.0,1,9.5,2,8.7,3,11.1,1,8.5,4,12.6,2,12.5,2,9.9,3,9.6,4,12.9,4,15.1,1
2016-12-01 12:00:00,7.0,4,6.2,6,7.3,7,7.3,4,4.5,6,10.4,2,8.5,3,7.1,7,5.5,6,5.2,6,6.6,6,4.0,7,3.8,6,5.2,6,7.3,5,5.4,6,4.8,5,4.5,5,2.3,4,3.8,6,8.5,1,6.2,5,3.2,5,9.4,3.0,10.4,1,10.6,2,10.7,2,12.3,1,9.6,4,13.9,2,13.9,1,11.0,3,11.8,4,13.5,4,16.0,1
2016-12-01 13:00:00,7.1,4,6.4,6,7.5,7,7.8,5,4.8,5,11.0,3,8.9,3,7.4,6,6.3,7,5.8,7,7.1,7,4.2,7,4.0,6,5.3,6,7.6,5,5.9,6,5.6,6,5.1,5,3.1,4,4.1,5,9.3,1,7.0,5,3.9,5,9.1,3.0,11.2,1,11.2,2,12.0,1,12.7,1,10.1,4,14.6,2,14.8,2,11.9,3,13.3,4,13.7,4,16.3,1
2016-12-01 14:00:00,7.1,5,6.4,6,7.2,7,7.5,5,4.8,5,10.9,4,8.8,3,7.0,5,6.4,7,5.9,7,6.7,7,4.1,7,4.0,6,5.0,7,7.3,5,6.1,7,5.8,7,5.3,6,3.8,4,4.1,5,9.6,1,7.4,5,4.2,5,7.2,3.0,11.3,1,11.3,2,12.5,1,12.1,2,10.2,4,14.7,2,14.9,2,12.3,3,13.9,4,13.5,3,16.1,1
2016-12-01 15:00:00,6.0,6,5.6,3,6.4,3,6.6,1,4.6,2,9.6,1,8.1,2,7.0,2,5.2,1,5.4,1,5.3,1,3.7,1,3.8,2,3.7,3,7.3,1,5.7,1,5.3,1,5.4,1,3.2,2,3.9,2,9.1,1,7.3,1,3.6,3,6.3,1.0,10.4,1,10.7,1,11.1,1,11.5,1,10.6,1,13.1,2,13.0,1,11.4,1,13.5,1,13.2,1,13.8,1
2016-12-01 16:00:00,6.0,5,5.1,3,5.7,3,5.6,1,3.7,2,8.1,2,7.0,2,6.0,2,4.1,1,4.5,1,4.7,1,2.8,1,3.1,1,3.0,3,6.2,1,4.8,1,4.4,1,4.0,2,2.6,2,3.0,1,8.0,1,6.3,1,2.9,3,4.4,1.0,9.3,1,9.2,1,9.2,1,9.4,1,9.9,1,11.6,2,11.1,1,10.3,1,11.6,1,12.4,2,12.5,1
2016-12-01 17:00:00,6.1,5,4.5,4,5.0,4,4.4,1,2.8,2,6.5,2,5.8,2,4.8,2,3.1,2,3.6,2,4.4,2,1.9,1,2.4,1,2.5,3,5.1,1,3.6,1,3.2,1,2.2,3,1.8,2,2.2,2,6.6,1,4.9,1,2.2,4,2.8,1.0,7.9,1,7.5,1,6.6,1,7.0,1,8.9,1,9.8,2,8.7,1,8.9,1,9.1,1,11.3,2,11.1,1
2016-12-01 18:00:00,6.2,5,4.3,5,4.7,4,3.6,2,2.2,2,5.2,2,4.9,2,3.8,2,2.3,2,3.0,2,4.2,2,1.2,1,1.9,2,2.2,2,4.2,1,2.7,1,2.3,1,0.7,4,1.2,2,1.5,2,5.5,1,3.5,2,1.8,5,1.8,1.0,6.6,1,6.0,1,4.4,1,4.9,1,7.9,1,8.1,2,6.6,1,7.6,1,6.8,1,10.3,3,9.9,1
2016-12-01 19:00:00,6.2,5,4.6,5,4.8,5,3.3,3,2.2,3,4.8,2,4.6,3,3.4,2,2.1,2,2.8,2,4.2,2,1.0,1,1.8,3,2.2,2,3.9,2,2.3,1,1.9,2,-0.1,4,1.1,2,1.1,2,4.9,1,2.5,2,1.8,5,1.4,1.0,5.7,1,5.2,1,3.1,2,3.6,1,6.9,1,7.0,2,5.4,1,6.7,1,5.4,1,9.5,2,9.0,1
2016-12-01 20:00:00,6.1,5,5.0,6,5.1,5,3.4,4,2.5,4,4.8,2,4.8,3,3.3,2,2.2,2,2.7,3,4.2,3,1.1,2,1.9,4,2.3,3,3.9,2,2.2,2,1.7,2,-0.4,4,1.2,2,1.0,3,4.7,1,1.9,1,2.1,4,1.4,1.0,5.2,1,5.0,1,2.4,2,3.1,1,5.9,1,6.3,1,5.0,1,6.1,1,4.6,1,9.0,2,8.4,1
2016-12-01 21:00:00,6.2,5,5.2,6,5.2,6,3.5,5,2.7,5,4.7,3,4.8,3,2.9,2,2.2,3,2.5,3,4.2,3,1.2,2,1.9,4,2.2,3,3.6,2,2.0,2,1.6,2,-0.7,5,1.2,2,0.9,3,4.4,1,1.4,2,2.0,4,1.1,1.0,4.7,2,4.8,1,1.8,2,2.4,1,5.0,2,5.5,1,4.6,1,5.4,2,3.7,2,8.5,2,7.7,1
2016-12-01 22:00:00,6.3,5,5.4,6,5.4,6,3.7,5,2.9,5,4.6,3,4.8,2,2.6,3,2.2,3,2.4,3,4.3,4,1.3,2,2.0,4,2.1,4,3.3,2,1.9,1,1.2,3,-0.7,5,1.0,3,0.8,2,4.1,1,1.0,2,1.9,4,0.9,1.0,4.2,2,4.7,1,1.5,2,1.9,1,4.2,2,5.0,1,4.4,1,4.9,2,3.1,2,8.1,1,7.1,1
2016-12-01 23:00:00,6.3,6,5.5,6,5.5,6,3.9,5,3.1,5,4.3,4,4.7,2,2.3,3,2.4,4,2.4,4,4.4,4,1.6,2,2.1,4,2.1,4,2.9,1,1.7,1,0.8,3,-0.5,5,0.6,3,0.8,2,3.7,1,0.8,2,1.8,4,0.6,1.0,3.6,2,4.7,1,1.3,2,1.5,1,3.5,3,4.6,1,4.3,1,4.6,2,2.7,2,7.8,2,6.6,1
2016-12-02 00:00:00,6.4,6,5.7,6,5.7,6,4.1,5,3.4,5,4.0,4,4.6,3,2.0,4,2.7,4,2.6,4,4.5,4,1.9,3,2.4,5,2.1,5,2.5,2,1.7,1,0.4,4,-0.3,5,0.5,4,0.9,2,3.2,1,0.5,2,1.8,4,0.3,2.0,3.1,2,4.6,1,1.3,1,1.2,1,2.9,3,4.4,1,4.3,1,4.4,2,2.4,2,7.4,2,6.3,1
2016-12-02 01:00:00,6.5,6,6.0,6,5.9,6,4.4,5,3.7,5,3.7,5,4.5,4,1.8,4,3.1,4,3.1,4,4.7,5,2.3,4,2.7,5,2.2,5,2.2,3,1.7,3,0.3,4,-0.1,5,0.7,4,0.9,3,2.6,1,0.2,3,1.8,4,0.1,2.0,2.8,2,4.5,1,1.3,1,0.9,1,2.4,3,4.4,1,4.3,1,4.3,2,2.1,3,7.1,2,6.0,1
2016-12-02 02:00:00,6.6,6,6.2,6,6.1,6,4.8,6,4.1,5,3.4,5,4.4,5,1.7,5,3.6,5,3.6,5,4.9,5,2.7,6,3.0,5,2.3,6,1.9,5,1.9,4,0.3,5,0.2,5,1.1,4,0.8,4,2.2,1,-0.1,3,1.9,4,0.0,2.0,2.5,2,4.3,1,1.4,1,0.6,1,1.9,4,4.5,1,4.3,1,4.4,2,2.0,3,6.8,3,5.9,1
2016-12-02 03:00:00,5.8,6,3.9,6,4.8,5,2.3,4,2.1,5,3.0,1,3.4,2,0.8,2,2.4,3,2.4,3,3.6,3,1.2,2,2.2,4,1.7,3,1.6,1,1.2,1,-0.1,1,-0.9,3,0.7,2,0.8,1,3.0,1,-0.5,1,0.9,1,0.1,1.0,2.2,2,3.1,1,1.9,1,1.7,1,1.5,1,3.1,3,3.5,1,4.2,1,3.0,1,7.5,1,5.2,1
2016-12-02 04:00:00,5.9,6,4.0,6,5.0,5,2.7,5,2.0,5,3.0,1,3.3,2,0.7,2,2.5,3,2.5,3,3.8,3,1.0,2,2.2,4,1.8,3,1.5,1,1.1,1,-0.1,2,-1.2,3,0.7,2,0.7,1,2.8,1,-0.9,1,0.6,1,0.1,1.0,1.6,2,2.7,1,1.5,1,0.9,1,1.0,2,2.4,3,2.9,1,3.9,1,2.5,1,7.0,2,4.6,1
2016-12-02 05:00:00,6.1,6,4.1,7,5.2,5,3.1,6,2.1,5,3.1,1,3.2,1,0.7,2,2.5,4,2.4,3,4.0,3,0.9,2,2.3,4,1.9,4,1.4,1,0.9,1,-0.2,2,-1.5,3,0.7,2,0.6,1,2.7,1,-1.2,1,0.3,2,0.1,1.0,1.0,2,2.5,1,1.1,1,0.3,1,0.6,2,1.9,3,2.6,2,3.6,1,2.0,1,6.4,2,4.2,1
2016-12-02 06:00:00,6.3,6,4.2,7,5.3,5,3.4,6,2.3,5,3.3,1,3.3,2,0.8,1,2.5,4,2.4,3,4.1,4,1.0,3,2.4,5,2.1,4,1.4,1,0.9,1,-0.3,2,-1.4,3,0.7,2,0.5,2,2.6,1,-1.1,1,0.1,2,0.1,1.0,0.8,2,2.6,1,1.0,1,0.4,1,0.7,2,2.0,3,2.9,2,3.5,1,1.7,1,6.4,2,4.5,1
2016-12-02 07:00:00,6.3,6,4.3,6,5.3,6,3.5,6,2.7,6,3.6,1,3.5,2,0.9,1,2.7,4,2.6,4,4.0,4,1.4,4,2.6,5,2.3,4,1.5,1,1.1,1,-0.1,2,-0.7,2,0.9,2,0.5,2,2.7,1,-0.4,1,0.1,2,0.2,1.0,1.1,2,3.1,1,1.4,1,1.7,1,1.4,2,3.2,4,3.9,2,3.8,1,1.8,2,7.2,2,5.9,1
2016-12-02 08:00:00,6.4,6,4.5,6,5.4,6,3.6,6,3.3,6,4.0,1,3.9,2,1.3,1,3.1,4,3.1,4,4.0,4,2.1,4,2.9,6,2.6,5,1.7,1,1.6,1,0.3,2,0.5,2,1.4,2,0.8,3,3.0,1,0.8,1,0.5,3,0.8,1.0,1.9,2,3.9,1,2.3,2,3.8,1,2.5,2,5.0,5,5.4,2,4.5,2,2.5,3,8.6,2,8.0,1
2016-12-02 09:00:00,6.5,5,4.8,6,5.7,7,3.9,6,4.0,7,4.7,1,4.4,2,2.0,1,3.7,4,3.8,4,4.4,5,3.1,5,3.4,6,3.2,5,2.3,1,2.3,1,1.2,2,2.0,2,2.2,2,1.6,4,3.8,1,2.1,1,1.3,3,2.3,1.0,3.2,2,5.2,1,3.8,2,6.1,1,4.1,2,7.1,5,7.1,2,5.7,2,4.0,3,10.2,2,10.3,1
2016-12-02 10:00:00,6.8,4,5.3,5,6.3,7,4.7,6,4.6,7,5.7,2,5.0,3,3.2,1,4.6,5,4.8,5,5.3,5,4.3,5,4.1,7,4.0,6,3.3,1,3.1,1,2.4,2,3.6,2,3.4,2,2.9,4,5.0,1,3.3,1,2.5,3,4.9,1.0,5.0,2,6.8,1,5.7,2,8.2,1,5.9,2,8.9,4,8.8,2,7.3,1,6.3,3,11.7,2,12.4,1
2016-12-02 11:00:00,7.1,4,6.0,5,7.0,7,5.6,6,5.2,7,6.9,2,5.6,3,4.5,1,5.5,6,5.8,6,6.4,6,5.4,5,4.8,7,4.9,6,4.4,1,3.9,1,3.7,2,5.0,2,4.7,2,4.3,4,6.4,1,4.3,1,3.9,2,7.5,1.0,6.8,1,8.3,1,7.7,1,10.0,1,7.6,2,10.4,2,10.3,2,8.9,1,8.9,2,13.0,2,14.0,1
2016-12-02 12:00:00,7.3,3,6.5,5,7.6,7,6.4,6,5.7,7,7.8,1,6.1,3,5.5,1,6.2,7,6.6,7,7.2,7,6.3,5,5.3,6,5.6,6,5.3,1,4.6,1,4.7,2,6.0,2,5.6,2,5.3,3,7.5,1,5.3,1,5.0,2,9.1,1.0,8.3,1,9.5,1,9.7,1,11.1,1,9.0,2,11.4,1,11.5,1,10.2,1,11.4,1,13.9,2,15.0,1
2016-12-02 13:00:00,7.2,3,6.8,5,8.0,7,6.7,6,6.1,7,8.2,1,6.4,3,5.9,1,6.4,7,7.0,7,7.5,7,6.6,6,5.5,6,5.8,7,5.7,1,5.0,1,5.1,2,6.3,1,5.9,2,5.6,3,8.0,1,6.1,1,5.6,2,8.7,1.0,9.2,1,10.0,1,11.3,1,11.5,1,9.8,1,12.0,1,12.3,1,10.9,1,13.3,1,14.3,2,15.4,1
2016-12-02 14:00:00,7.0,4,6.8,5,8.0,7,6.7,6,6.2,7,8.1,1,6.4,3,5.9,1,6.3,6,6.9,7,7.3,6,6.5,6,5.3,5,5.6,6,5.7,1,5.2,1,5.1,1,6.0,1,5.8,2,5.3,2,7.9,1,6.6,1,5.7,1,7.0,1.0,9.3,1,9.8,1,12.0,1,11.2,1,10.0,1,12.0,1,12.4,1,11.0,1,14.2,1,14.2,2,15.1,1
2016-12-02 15:00:00,6.7,6,6.7,6,7.5,6,5.7,2,6.2,6,6.7,2,5.3,3,4.7,2,5.2,6,5.7,6,5.8,6,5.0,5,5.2,6,5.3,5,4.1,1,4.3,1,4.6,1,5.1,1,4.6,2,5.0,3,7.7,1,6.5,1,4.8,1,5.7,1.0,9.2,1,10.4,1,13.1,1,11.0,1,9.9,1,12.5,1,12.6,1,11.2,1,14.6,2,13.5,1,15.3,1
2016-12-02 16:00:00,6.6,6,6.1,6,7.0,6,5.2,2,5.9,6,5.8,3,4.9,3,4.1,2,4.8,6,5.5,6,5.8,6,4.5,5,4.8,5,4.6,5,3.5,2,3.9,1,4.0,1,3.9,2,4.1,2,4.0,3,6.5,1,5.3,1,4.2,2,4.1,1.0,8.2,1,9.0,1,10.9,1,9.1,1,9.5,1,11.3,1,11.0,1,10.2,1,12.4,2,12.8,2,14.4,1
2016-12-02 17:00:00,6.5,5,5.4,5,6.4,6,4.6,3,5.4,5,4.9,5,4.4,4,3.4,2,4.5,5,5.3,5,5.9,5,3.9,5,4.4,5,4.0,4,3.0,4,3.4,1,3.3,1,2.5,2,3.7,2,3.0,3,5.0,1,3.9,1,3.5,4,3.0,1.0,6.8,1,7.4,1,8.0,1,6.9,1,8.8,1,9.7,1,9.1,1,8.8,1,9.5,1,12.0,2,13.2,1
2016-12-02 18:00:00,6.5,5,5.0,5,5.9,6,4.3,4,4.8,5,4.3,6,4.1,5,3.1,3,4.2,5,5.1,5,6.0,5,3.5,5,3.9,5,3.5,4,2.8,5,3.1,2,2.8,2,1.7,2,3.4,3,2.3,4,3.9,1,2.7,1,3.0,4,2.4,1.0,5.6,2,6.0,1,5.3,1,5.0,1,8.0,1,8.3,1,7.3,1,7.6,1,7.0,1,11.3,2,12.0,1
2016-12-02 19:00:00,6.4,4,5.0,5,5.5,6,4.4,5,4.1,5,4.2,5,4.0,5,3.3,4,4.1,5,4.9,6,6.1,5,3.4,5,3.4,5,3.3,4,3.0,6,3.2,4,2.7,2,1.7,2,3.3,3,2.1,4,3.4,1,2.1,2,2.9,4,2.2,1.0,4.7,2,5.3,1,3.6,1,4.0,1,7.2,1,7.4,1,6.1,1,6.8,1,5.9,1,10.8,2,10.8,1
2016-12-02 20:00:00,6.3,4,5.2,5,5.1,6,4.6,6,3.4,5,4.4,5,4.0,6,3.7,6,4.2,6,4.7,6,6.0,6,3.6,5,2.9,5,3.3,4,3.3,6,3.6,5,2.8,2,2.2,2,3.4,4,2.2,3,3.3,1,1.9,2,3.1,4,2.1,1.0,4.2,3,5.1,1,2.8,1,3.6,1,6.3,2,6.8,1,5.4,1,6.3,1,5.8,2,10.4,2,9.9,1
2016-12-02 21:00:00,6.2,4,5.2,5,4.7,6,4.7,6,3.2,5,4.3,5,4.0,6,4.0,6,4.2,6,4.5,6,5.9,6,3.5,5,2.7,5,3.1,4,3.4,6,3.9,6,2.7,2,2.4,3,3.3,4,2.2,4,3.1,2,1.6,2,3.1,4,1.7,1.0,3.7,3,4.6,1,2.2,2,3.0,2,5.4,2,6.0,1,4.7,1,5.7,2,5.7,2,10.0,2,9.0,1
2016-12-02 22:00:00,6.1,4,5.2,5,4.2,6,4.6,6,3.0,5,4.1,5,3.9,6,4.0,7,4.2,6,4.4,6,5.8,6,3.4,5,2.6,5,3.0,4,3.5,7,3.9,6,2.6,3,2.5,3,3.3,4,2.2,4,2.8,2,1.5,2,3.0,4,1.1,1.0,3.3,3,4.1,2,1.9,2,2.7,2,4.7,2,5.3,1,4.2,1,5.4,2,5.8,3,9.8,2,8.3,1
2016-12-02 23:00:00,6.1,4,5.0,5,3.9,6,4.5,6,2.8,5,3.8,5,3.9,6,3.8,7,4.2,6,4.3,6,5.6,6,3.4,5,2.5,5,2.9,5,3.5,7,3.8,6,2.6,3,2.4,4,3.2,4,2.2,4,2.5,2,1.4,2,3.0,4,0.5,1.0,3.0,3,3.7,2,1.9,3,2.6,3,4.0,3,4.7,1,3.8,1,5.2,2,6.0,3,9.6,3,7.6,1
2016-12-03 00:00:00,5.9,4,4.8,5,3.7,6,4.5,6,2.7,5,3.5,5,4.0,6,3.6,6,4.2,6,4.2,5,5.5,5,3.4,5,2.6,5,2.8,5,3.6,7,3.6,6,2.5,4,2.3,4,3.1,4,2.2,5,2.1,3,1.2,2,3.1,4,0.1,1.0,2.6,4,3.3,3,2.1,3,2.5,3,3.4,3,4.3,1,3.5,1,5.2,3,6.2,4,9.5,3,6.9,1
2016-12-03 01:00:00,5.8,5,4.7,5,3.6,6,4.5,7,2.7,5,3.3,6,4.0,6,3.6,6,4.1,6,4.2,5,5.3,5,3.4,5,2.6,5,2.7,5,3.7,7,3.6,5,2.5,4,2.1,4,3.0,5,2.2,5,1.8,3,1.1,3,3.2,5,0.2,1.0,2.2,4,2.8,4,2.4,4,2.6,4,2.9,4,4.1,2,3.2,2,5.3,4,6.3,4,9.4,4,6.2,1
2016-12-03 02:00:00,5.6,5,4.6,6,3.7,6,4.5,7,2.7,5,3.2,6,4.1,6,3.8,6,4.0,5,4.0,5,5.2,5,3.4,5,2.7,5,2.6,6,3.8,7,3.7,6,2.4,5,1.9,5,2.9,5,2.2,5,1.5,4,0.9,4,3.4,5,0.6,1.0,1.8,4,2.5,4,2.8,5,2.6,4,2.6,4,3.9,2,2.8,3,5.5,4,6.4,4,9.4,4,5.6,1
2016-12-03 03:00:00,5.9,6,4.0,6,3.6,4,2.8,6,1.6,4,2.3,6,3.1,6,2.6,6,4.2,5,4.2,5,5.1,5,3.1,5,2.5,4,2.4,4,3.5,6,3.7,6,2.4,4,1.5,4,3.5,5,2.1,4,2.1,1,0.0,2,1.9,6,0.6,1.0,2.0,3,3.2,1,2.8,1,2.5,1,1.4,1,3.3,1,3.9,1,4.9,1,5.6,2,9.7,3,5.9,1
2016-12-03 04:00:00,6.0,5,3.8,6,3.2,4,3.2,6,1.2,4,2.3,6,3.3,6,2.7,6,3.9,5,3.8,5,4.8,5,2.6,5,2.4,4,2.1,4,3.8,6,3.9,6,2.3,4,1.4,4,3.2,5,2.0,4,2.1,1,0.0,2,1.8,5,0.6,1.0,1.7,3,2.5,1,2.3,1,1.9,1,0.9,1,2.6,1,3.2,1,4.6,2,6.0,2,9.5,2,5.1,1
2016-12-03 05:00:00,6.1,3,3.6,5,2.8,3,3.6,6,0.9,4,2.4,5,3.6,5,2.9,6,3.5,5,3.4,5,4.5,5,2.1,5,2.2,4,1.9,4,4.0,6,3.9,6,2.2,4,1.3,4,2.7,5,1.8,4,2.0,1,0.2,2,1.6,5,0.5,1.0,1.3,3,1.9,1,1.6,1,1.3,1,0.6,1,1.9,1,2.8,1,4.2,2,6.5,2,9.2,2,4.4,1
2016-12-03 06:00:00,6.0,2,3.4,5,2.6,3,3.9,5,0.8,4,2.6,4,3.9,5,3.1,5,3.2,4,3.1,5,4.3,5,1.6,5,1.9,5,1.7,4,4.0,6,3.9,6,2.2,5,1.3,5,2.3,5,1.5,4,2.0,1,0.4,2,1.4,5,0.5,1.0,1.2,3,1.7,1,1.3,2,1.2,1,0.6,2,1.9,1,2.8,1,4.3,2,7.0,3,9.2,2,4.3,1
2016-12-03 07:00:00,5.7,2,3.4,5,2.6,3,3.9,5,1.0,5,3.0,3,4.0,5,3.2,4,3.0,5,3.0,5,4.1,5,1.4,5,1.6,5,1.8,4,3.8,6,3.7,6,2.3,5,1.5,5,2.2,5,1.1,4,2.0,2,0.7,2,1.2,5,0.6,1.0,1.4,3,2.1,1,1.6,2,2.2,1,1.2,2,2.9,1,3.5,1,5.1,3,7.3,3,9.6,3,5.1,2
2016-12-03 08:00:00,5.5,2,3.5,5,2.8,4,4.0,5,1.4,6,3.5,3,4.1,5,3.3,3,3.0,5,3.2,5,4.1,5,1.6,5,1.3,5,2.1,4,3.7,5,3.6,7,2.4,6,2.0,6,2.4,6,0.9,4,2.2,2,1.1,2,1.2,5,1.1,1.0,2.0,3,3.1,2,2.4,2,3.9,1,2.2,2,4.5,2,4.7,2,6.4,3,7.8,4,10.4,4,6.6,2
2016-12-03 09:00:00,5.4,2,4.4,4,3.2,5,5.0,5,2.6,6,4.3,3,4.3,4,3.6,2,3.3,6,3.7,5,4.3,5,2.1,5,0.7,5,2.4,5,3.9,5,3.7,6,2.7,6,2.7,6,2.8,6,1.2,4,2.7,2,1.5,2,1.5,6,2.3,1.0,2.4,3,4.5,2,3.7,2,6.1,1,3.6,2,6.4,2,6.2,2,7.9,2,8.5,5,10.8,4,8.2,2
2016-12-03 10:00:00,5.7,2,4.7,4,4.0,4,5.7,5,3.2,6,5.3,3,4.8,4,4.4,2,3.9,6,4.4,5,4.9,5,3.0,5,1.4,6,2.9,5,4.5,4,4.2,5,3.1,5,3.6,6,3.3,6,1.9,5,3.6,1,2.1,2,2.1,6,4.3,1.0,3.9,4,6.2,2,5.3,2,8.3,1,5.2,2,8.0,3,7.6,2,9.3,2,9.7,5,12.1,5,9.7,2
2016-12-03 11:00:00,6.1,2,5.0,3,4.7,3,6.5,4,3.7,5,6.2,2,5.4,3,5.3,2,4.5,5,5.1,5,5.6,5,3.9,5,2.4,6,3.3,4,5.3,4,5.1,4,3.5,4,4.6,5,3.9,6,2.8,5,4.7,1,2.8,2,2.9,5,6.5,1.0,5.7,4,7.9,3,7.1,2,10.2,1,6.8,2,9.3,4,8.9,3,10.6,2,11.2,5,13.3,4,10.9,2
2016-12-03 12:00:00,6.4,2,5.2,2,5.3,2,7.1,4,4.2,4,7.0,2,5.9,2,6.0,2,5.0,5,5.7,5,6.1,4,4.7,4,3.2,6,3.5,4,6.0,4,5.8,3,4.0,3,5.3,4,4.4,5,3.5,5,5.8,1,3.7,1,3.7,5,7.8,1.0,7.2,4,9.1,3,8.7,2,11.6,1,8.2,2,10.3,5,9.9,4,11.5,2,12.5,4,14.3,4,11.7,2
2016-12-03 13:00:00,6.4,2,5.3,2,5.4,2,7.4,4,4.4,3,7.4,2,6.2,2,6.4,2,5.2,4,5.9,4,6.2,4,5.0,3,3.6,5,3.6,3,6.4,3,6.4,2,4.4,3,5.6,3,4.5,4,3.6,4,6.7,1,4.6,1,4.2,4,7.7,1.0,8.2,3,9.6,3,9.9,2,12.3,1,9.2,1,10.9,5,10.5,5,12.0,3,13.4,4,14.8,3,12.1,3
2016-12-03 14:00:00,6.1,2,5.3,2,5.3,3,7.3,3,4.5,3,7.3,2,6.1,2,6.4,2,5.0,3,5.8,4,5.9,3,4.8,3,3.5,3,3.3,2,6.3,2,6.5,1,4.5,2,5.6,3,4.4,3,3.2,3,7.2,1,5.2,1,4.3,4,6.5,1.0,8.5,2,9.4,3,10.5,2,12.2,1,9.6,1,11.0,6,10.6,5,12.1,4,13.7,3,14.8,2,12.1,3
2016-12-03 15:00:00,5.1,3,4.4,4,4.5,2,5.6,1,4.4,1,7.4,5,6.1,2,6.7,3,4.6,1,4.9,1,5.2,1,3.9,1,2.7,1,2.3,1,6.4,5,5.0,2,4.3,2,4.8,2,3.7,2,2.1,3,6.8,1,5.2,1,3.7,2,5.5,1.0,8.2,1,8.9,3,10.4,2,10.9,1,9.4,1,10.7,2,9.7,2,11.7,2,13.4,4,14.5,3,11.6,4
2016-12-03 16:00:00,4.7,3,3.7,3,3.7,2,4.9,1,3.6,1,6.7,6,5.9,2,5.8,3,3.9,1,4.3,1,4.8,1,3.3,1,2.1,1,1.8,1,5.7,5,4.4,1,3.8,2,4.0,2,3.2,3,1.5,3,5.9,1,4.5,2,3.2,2,4.1,1.0,7.4,1,7.8,3,8.9,2,9.0,1,8.8,1,9.6,2,8.6,2,10.9,2,12.3,4,13.8,3,10.9,4
2016-12-03 17:00:00,4.3,3,3.0,3,2.8,2,4.1,1,2.7,1,6.0,5,5.6,2,4.6,2,3.1,2,3.6,2,4.3,2,2.6,1,1.4,1,1.1,1,4.8,5,3.6,1,3.2,2,3.0,2,2.7,4,0.8,4,4.8,1,3.5,2,2.6,3,2.9,1.0,6.5,1,6.5,2,6.9,2,6.7,1,8.1,2,8.2,2,7.4,2,10.0,2,10.9,3,12.9,4,10.1,4
2016-12-03 18:00:00,4.0,3,2.5,3,2.1,2,3.4,2,1.8,1,5.4,5,5.2,2,3.8,2,2.4,2,3.1,2,4.0,2,1.9,1,0.9,1,0.7,1,4.2,5,3.0,2,2.6,2,2.0,2,2.2,4,0.2,4,3.9,1,2.6,2,2.2,4,2.1,1.0,5.6,2,5.5,3,5.2,2,4.7,1,7.3,2,7.2,2,6.4,2,9.5,2,9.6,3,12.2,5,9.5,3
2016-12-03 19:00:00,3.8,3,2.3,4,1.7,3,3.1,2,1.2,1,5.1,4,4.8,3,3.5,3,2.1,1,2.8,1,3.8,1,1.3,1,0.5,1,0.6,2,4.1,5,2.8,4,2.2,3,1.1,2,1.7,5,-0.1,4,3.5,1,2.0,2,2.0,4,1.7,1.0,5.0,2,5.1,3,4.4,2,3.5,1,6.7,2,6.8,2,6.0,3,9.5,2,8.9,4,11.7,5,9.3,3
2016-12-03 20:00:00,3.7,3,2.3,5,1.5,5,3.0,3,0.9,1,4.9,4,4.4,4,3.6,5,2.1,1,2.6,1,3.6,1,0.9,1,0.3,1,0.6,2,4.2,5,2.8,5,1.9,4,0.5,2,1.2,4,-0.2,3,3.4,2,1.6,2,1.9,4,1.5,1.0,4.7,2,5.1,4,4.3,2,2.9,1,6.4,2,6.8,2,6.1,4,9.8,3,8.7,5,11.3,4,9.3,4
2016-12-03 21:00:00,3.5,2,2.2,4,1.3,6,2.8,4,0.5,2,4.6,4,4.0,5,3.4,6,1.9,1,2.2,1,3.4,1,0.5,1,0.0,1,0.3,2,4.1,6,2.5,6,1.5,4,0.0,2,0.8,4,-0.5,3,3.4,2,1.2,2,1.6,4,1.0,1.0,4.4,2,5.2,4,4.1,2,2.3,2,6.1,2,6.7,3,6.0,4,9.6,4,8.3,5,11.0,4,9.0,4
2016-12-03 22:00:00,3.4,2,2.0,4,1.1,6,2.6,4,0.3,2,4.2,4,3.7,5,3.2,7,1.6,2,1.8,2,3.0,2,0.3,2,-0.2,2,0.0,3,4.0,6,2.2,6,1.2,4,-0.3,2,0.4,4,-0.8,4,3.2,2,0.9,3,1.3,4,0.5,1.0,4.1,2,5.2,4,4.1,3,2.0,2,5.9,2,6.6,3,5.9,4,9.3,4,7.9,5,10.7,4,8.8,4
2016-12-03 23:00:00,3.3,2,1.8,3,1.0,5,2.4,4,0.1,3,3.8,5,3.5,5,3.0,7,1.4,2,1.4,2,2.7,2,0.1,2,-0.4,2,-0.4,3,3.8,6,2.0,6,0.9,4,-0.4,2,0.0,5,-1.1,4,2.9,3,0.5,3,1.1,4,0.1,2.0,3.7,3,5.2,4,4.0,3,1.9,3,5.9,3,6.6,3,5.8,4,9.1,5,7.7,5,10.5,4,8.6,4
2016-12-04 00:00:00,3.1,2,1.6,3,0.7,5,2.3,4,-0.1,3,3.4,5,3.3,6,2.7,6,1.1,2,1.1,2,2.4,2,-0.2,2,-0.5,3,-0.7,4,3.6,6,1.7,6,0.7,4,-0.5,2,-0.3,5,-1.4,4,2.6,3,0.2,4,0.9,4,-0.3,2.0,3.6,3,5.2,4,4.1,4,1.8,3,6.1,3,6.7,3,5.7,4,8.9,5,7.4,5,10.4,4,8.4,4
2016-12-04 01:00:00,3.0,2,1.3,2,0.4,4,2.1,5,-0.3,4,3.1,5,3.3,6,2.5,6,0.8,2,0.8,2,2.2,2,-0.4,3,-0.7,3,-1.1,5,3.3,6,1.5,6,0.4,4,-0.5,2,-0.4,5,-1.8,5,2.4,4,0.0,4,0.8,4,-0.6,2.0,3.7,4,5.2,4,4.1,4,1.9,4,6.5,3,6.7,4,5.6,4,8.7,5,7.2,5,10.4,4,8.4,4
2016-12-04 02:00:00,2.9,2,1.1,2,0.0,3,2.0,5,-0.6,4,2.8,5,3.3,6,2.4,5,0.6,2,0.5,3,2.0,2,-0.6,3,-0.8,4,-1.4,5,3.1,7,1.4,6,0.1,4,-0.7,2,-0.6,5,-2.1,5,2.2,5,-0.3,5,0.7,5,-0.9,2.0,3.9,4,5.2,5,4.1,5,2.0,4,6.9,4,6.8,4,5.6,5,8.6,5,7.0,5,10.3,4,8.4,4
2016-12-04 03:00:00,1.6,2,0.4,3,-0.1,6,1.1,4,-1.1,1,1.9,5,2.3,6,1.3,6,-0.3,1,-0.3,1,0.7,1,-0.8,1,-1.9,1,-2.3,2,2.5,3,0.9,6,0.2,4,-0.1,4,-0.5,4,-1.8,2,4.1,1,0.8,1,1.9,4,-0.4,1.0,5.7,3,7.0,7,4.7,2,4.1,2,9.6,2,9.5,6,8.1,7,10.2,7,6.1,3,9.4,2,9.7,5
2016-12-04 04:00:00,1.5,3,0.3,3,-0.3,6,0.8,4,-1.5,1,1.8,4,2.2,6,0.9,6,-0.5,1,-0.7,1,0.4,1,-1.1,1,-2.1,1,-2.5,2,2.4,4,0.6,6,0.0,4,-0.5,3,-0.7,3,-2.1,1,4.0,1,0.5,2,1.7,3,-0.6,1.0,5.7,4,6.8,7,4.1,2,3.8,2,9.6,2,9.5,6,8.0,7,10.0,7,6.2,3,9.0,2,9.8,5
2016-12-04 05:00:00,1.5,4,0.2,3,-0.5,5,0.5,4,-2.0,1,1.7,3,2.2,5,0.4,6,-0.6,2,-1.0,1,0.2,1,-1.4,1,-2.2,2,-2.7,2,2.3,5,0.3,6,-0.2,4,-1.0,3,-0.9,2,-2.4,1,4.0,1,0.4,2,1.5,3,-0.8,1.0,5.5,4,6.7,7,3.3,2,3.6,2,9.5,2,9.4,6,8.0,6,9.9,7,6.3,2,8.5,2,10.0,5
2016-12-04 06:00:00,1.5,4,0.1,3,-0.6,5,0.4,4,-2.1,1,1.8,2,2.2,4,0.2,5,-0.6,2,-1.1,2,0.2,2,-1.5,1,-2.2,2,-2.6,2,2.2,5,0.3,6,0.0,4,-1.0,2,-0.9,2,-2.6,2,4.3,1,0.7,2,1.4,3,-0.7,2.0,5.5,3,6.7,7,2.9,2,3.9,2,9.4,2,9.4,6,8.3,6,10.1,6,6.4,2,8.3,2,10.3,5
2016-12-04 07:00:00,1.4,3,0.1,2,-0.6,5,0.5,3,-1.7,1,2.1,1,2.3,4,0.3,4,-0.3,1,-0.7,1,0.5,1,-1.2,1,-1.9,2,-2.2,2,2.2,4,0.7,6,0.6,3,-0.3,2,-0.7,1,-2.5,2,5.0,1,1.5,2,1.6,3,-0.3,2.0,5.9,2,6.9,7,3.0,2,4.8,2,9.6,3,9.6,7,8.8,6,10.7,5,6.6,3,8.8,2,10.9,5
2016-12-04 08:00:00,1.5,2,0.2,2,-0.4,5,0.8,2,-0.8,1,2.7,1,2.5,3,0.8,3,0.3,1,0.1,1,1.0,1,-0.4,1,-1.3,2,-1.5,2,2.4,3,1.4,6,1.5,2,1.1,1,-0.1,2,-2.0,3,5.9,1,2.6,2,2.1,4,0.7,1.0,6.6,2,7.4,7,3.7,2,6.2,2,10.0,3,10.1,7,9.5,7,11.5,4,7.0,3,9.8,2,11.6,6
2016-12-04 09:00:00,1.7,2,0.6,1,0.2,4,1.4,1,0.3,1,3.6,1,3.0,2,1.7,2,1.2,1,1.3,1,2.0,1,0.8,1,-0.5,1,-0.7,2,3.1,2,2.5,6,2.7,2,2.8,1,0.9,2,-1.3,4,7.1,1,4.1,2,2.8,4,2.4,1.0,7.6,2,8.3,6,5.0,2,8.0,2,10.7,3,10.7,7,10.3,7,12.4,4,7.9,3,11.1,2,12.4,7
2016-12-04 10:00:00,2.3,1,1.3,1,1.2,3,2.3,1,1.4,1,4.8,1,3.7,2,3.0,1,2.4,1,2.8,1,3.3,1,2.4,1,0.6,1,0.2,2,4.3,1,3.8,5,4.0,2,4.7,1,2.2,2,-0.4,3,8.3,1,5.7,2,3.7,5,4.9,1.0,8.8,2,9.6,6,6.7,2,9.9,2,11.6,3,11.5,7,11.2,7,13.2,4,9.4,3,12.4,3,13.2,7
2016-12-04 11:00:00,3.0,1,2.2,1,2.3,2,3.4,1,2.5,1,6.1,1,4.6,2,4.3,1,3.6,1,4.3,1,4.6,1,4.0,1,1.6,1,1.1,2,5.8,2,5.2,3,5.4,2,6.4,1,3.6,2,0.6,2,9.4,2,7.4,3,4.7,4,7.5,1.0,10.1,3,10.9,5,8.6,2,11.8,2,12.5,2,12.3,7,12.0,7,13.9,4,11.1,3,13.6,4,13.9,7
2016-12-04 12:00:00,3.6,1,2.9,1,3.1,1,4.3,2,3.3,1,7.1,1,5.3,1,5.5,2,4.5,1,5.4,1,5.6,1,5.2,1,2.5,1,1.8,1,7.0,2,6.4,1,6.5,2,7.7,1,4.7,2,1.4,1,10.3,2,8.8,3,5.6,4,9.1,1.0,11.2,3,12.0,5,10.2,2,13.2,2,13.4,2,13.0,7,12.6,7,14.3,5,12.6,3,14.5,4,14.5,7
2016-12-04 13:00:00,3.9,1,3.3,1,3.4,1,4.9,2,3.8,1,7.6,1,5.7,1,6.2,2,4.9,1,5.9,1,5.9,1,5.8,1,3.0,1,2.2,1,7.7,2,7.2,1,7.3,1,8.4,1,5.2,2,1.9,1,10.9,2,9.9,3,6.4,3,9.1,1.0,12.0,3,12.5,5,11.2,2,14.0,2,14.0,2,13.5,7,12.8,7,14.4,5,13.4,3,14.9,4,14.8,7
2016-12-04 14:00:00,4.0,2,3.5,1,3.2,1,5.1,2,3.9,1,7.7,1,5.9,1,6.3,1,4.9,1,5.9,1,5.8,1,5.7,2,3.0,1,2.2,1,7.9,1,7.4,1,7.8,1,8.5,1,5.1,2,1.9,1,11.2,2,10.5,3,6.9,3,7.9,1.0,12.5,2,12.4,4,11.4,2,14.0,2,14.3,2,13.7,7,12.7,7,14.2,5,13.5,3,14.8,3,15.0,7
2016-12-04 15:00:00,3.5,2,2.7,1,2.8,1,4.8,1,3.9,1,8.4,5,6.4,2,7.0,2,4.0,2,4.8,2,4.7,1,5.2,1,2.5,1,1.5,1,8.2,2,6.6,1,7.6,1,8.5,2,5.3,2,1.3,1,11.2,2,10.6,3,7.8,2,6.3,1.0,13.4,2,12.2,6,10.7,5,13.5,4,14.5,4,13.6,7,12.9,7,14.0,7,13.3,5,14.4,2,14.9,7
2016-12-04 16:00:00,3.3,2,2.3,2,2.1,1,4.4,1,3.2,1,7.7,5,6.1,1,6.3,2,3.5,2,4.3,2,4.4,1,4.1,1,1.7,1,0.7,1,7.7,2,6.1,2,7.0,1,7.3,2,4.5,1,0.6,1,10.2,2,9.6,3,7.1,2,4.6,1.0,12.7,3,11.4,6,9.2,4,12.0,4,14.0,4,13.2,6,12.3,7,13.5,6,12.3,4,13.8,2,14.6,6
2016-12-04 17:00:00,3.0,2,1.8,2,1.5,1,3.9,1,2.3,1,6.8,5,5.8,1,5.5,2,2.9,2,3.7,2,4.3,2,3.0,1,0.8,1,-0.1,1,6.9,2,5.3,2,6.2,2,5.8,2,3.5,2,-0.2,2,9.0,2,8.3,4,6.1,2,3.2,1.0,11.7,4,10.4,6,7.4,4,10.3,3,13.3,4,12.6,6,11.6,6,12.9,6,11.0,3,13.0,2,14.2,5
2016-12-04 18:00:00,2.7,2,1.5,2,1.0,1,3.5,2,1.5,1,6.2,4,5.5,2,4.9,2,2.4,2,3.2,2,4.1,2,2.0,2,-0.1,1,-0.8,1,6.3,3,4.7,2,5.5,2,4.3,2,2.5,2,-0.8,2,8.1,2,7.3,4,5.3,2,2.2,1.0,10.8,5,9.5,6,6.0,3,8.9,3,12.6,4,12.1,6,10.8,6,12.4,6,9.9,3,12.3,2,13.9,5
2016-12-04 19:00:00,2.4,2,1.4,2,0.8,1,3.3,3,0.9,1,6.2,3,5.5,2,4.8,2,2.1,1,2.8,1,3.9,1,1.5,2,-0.6,1,-1.0,1,6.1,4,4.4,2,5.0,2,3.3,2,1.9,2,-1.2,2,7.7,2,6.9,4,4.8,2,1.6,1.0,10.2,5,8.8,6,5.4,3,8.0,4,12.2,4,11.6,6,10.2,6,12.2,6,9.2,3,11.8,2,13.7,5
2016-12-04 20:00:00,2.2,2,1.5,2,0.8,1,3.1,4,0.5,1,6.5,3,5.7,2,4.9,2,1.9,1,2.5,1,3.6,1,1.4,1,-0.9,1,-1.1,1,6.2,4,4.3,2,4.7,2,2.9,2,1.5,1,-1.4,2,7.7,2,6.9,3,4.6,2,1.3,1.0,9.9,5,8.3,6,5.4,2,7.4,4,11.9,4,11.3,6,9.8,6,12.0,6,8.8,3,11.3,2,13.7,6
2016-12-04 21:00:00,2.1,2,1.3,2,0.5,2,3.0,4,0.2,1,6.9,3,5.8,3,5.0,3,1.7,1,2.2,1,3.3,1,1.2,1,-1.1,1,-1.2,1,6.1,4,4.1,2,4.4,2,2.6,2,1.2,2,-1.7,1,7.5,2,6.5,3,4.0,3,0.9,2.0,9.6,5,8.0,6,5.2,2,6.8,5,11.7,4,11.0,6,9.5,6,11.7,6,8.5,4,11.0,2,13.4,6
2016-12-04 22:00:00,1.9,2,1.1,2,0.2,2,2.7,4,0.0,1,7.0,3,5.8,3,4.8,3,1.5,1,1.8,1,3.0,1,1.0,1,-1.2,1,-1.4,1,6.0,4,4.0,3,4.0,3,2.5,2,0.8,2,-2.0,1,7.3,2,6.0,2,3.5,3,0.6,2.0,9.4,5,7.8,5,5.2,2,6.4,5,11.6,4,10.7,5,9.3,6,11.5,6,8.3,4,10.7,2,13.2,6
2016-12-04 23:00:00,1.8,3,0.8,3,-0.1,2,2.4,3,-0.2,1,7.0,4,5.6,3,4.5,3,1.3,2,1.4,1,2.7,2,0.8,1,-1.3,1,-1.6,2,6.0,3,3.9,3,3.7,3,2.4,2,0.5,2,-2.2,2,7.2,3,5.5,2,3.0,3,0.4,2.0,9.3,5,7.7,4,5.3,2,6.1,5,11.5,4,10.5,5,9.2,6,11.3,6,8.3,4,10.6,3,13.0,6
2016-12-05 00:00:00,1.6,3,0.5,3,-0.5,3,2.3,3,-0.3,1,6.7,4,5.4,4,4.3,4,1.2,2,1.2,1,2.5,2,0.7,1,-1.3,1,-1.8,2,6.0,3,3.9,4,3.4,3,2.3,3,0.2,3,-2.4,2,7.1,3,4.9,2,2.5,4,0.1,3.0,9.4,5,7.7,4,5.4,3,6.0,5,11.6,4,10.3,5,9.1,6,11.1,5,8.5,4,10.6,3,12.7,6
2016-12-05 01:00:00,1.5,4,0.2,4,-0.9,3,2.4,3,-0.5,1,6.3,5,5.2,5,4.5,5,1.1,2,1.1,1,2.3,2,0.6,2,-1.3,1,-1.9,2,6.2,4,4.0,4,3.1,3,2.2,3,-0.1,3,-2.6,3,7.0,4,4.2,3,2.1,4,-0.1,3.0,9.7,5,7.8,4,5.6,4,6.0,5,11.7,4,10.1,5,9.1,5,10.9,5,8.8,4,10.7,4,12.4,5
2016-12-05 02:00:00,1.4,4,-0.1,4,-1.2,4,2.5,4,-0.7,1,6.0,5,5.1,5,4.8,5,1.0,2,1.1,1,2.3,2,0.4,3,-1.4,1,-2.0,2,6.4,5,4.2,5,2.8,4,1.9,4,-0.5,4,-2.9,4,7.0,4,3.6,4,1.8,4,-0.3,3.0,10.0,5,7.9,5,5.7,5,6.1,5,11.8,5,10.0,5,9.0,5,10.8,5,9.1,4,10.9,4,12.1,5
2016-12-05 03:00:00,1.8,1,0.0,1,-1.0,1,2.4,2,-1.9,1,6.2,3,5.4,3,3.7,2,0.9,1,0.6,1,2.1,1,-0.1,1,-2.1,1,-2.9,1,6.3,2,4.0,2,2.7,1,2.8,1,0.3,2,-2.5,1,7.3,1,4.0,2,2.1,1,-0.2,1.0,9.9,6,6.2,4,4.4,2,7.1,5,11.7,5,9.5,6,8.4,6,10.6,5,8.0,5,9.9,5,12.5,7
2016-12-05 04:00:00,1.9,1,-0.3,1,-1.1,1,2.3,2,-2.4,1,6.3,3,5.4,3,3.3,2,0.8,1,0.3,1,1.9,1,-0.7,1,-2.2,1,-2.9,1,6.2,2,3.5,2,2.4,1,2.0,1,-0.1,2,-2.7,1,7.2,1,3.5,2,1.7,1,-0.5,1.0,9.8,6,5.5,4,3.7,2,6.6,5,11.3,5,9.2,6,7.9,6,10.4,5,8.1,5,9.6,4,12.4,7
2016-12-05 05:00:00,2.0,1,-0.5,1,-1.2,1,2.2,2,-2.8,1,6.5,3,5.4,2,3.0,2,0.8,1,0.1,1,1.8,1,-1.2,1,-2.4,2,-2.9,1,6.2,2,3.0,2,2.1,1,1.1,1,-0.4,2,-3.0,2,7.2,1,3.2,2,1.5,1,-0.7,1.0,9.6,6,5.0,5,3.1,2,6.2,5,10.9,5,9.0,6,7.5,6,10.3,6,8.3,5,9.1,4,12.3,6
2016-12-05 06:00:00,2.2,1,-0.6,1,-1.2,1,2.4,2,-2.7,1,6.7,3,5.7,2,3.1,2,1.0,1,0.2,1,1.8,1,-1.4,1,-2.4,2,-2.8,1,6.2,3,2.9,2,2.1,1,0.7,1,-0.5,2,-3.1,2,7.3,2,3.2,2,1.5,1,-0.6,1.0,9.4,6,4.8,5,2.7,2,6.2,5,10.7,5,8.9,6,7.4,6,10.5,6,8.4,5,9.0,4,12.4,6
2016-12-05 07:00:00,2.4,1,-0.4,1,-1.0,1,2.8,1,-2.0,1,7.0,3,6.2,2,3.7,2,1.3,1,0.7,1,2.0,1,-0.9,1,-2.2,2,-2.6,2,6.4,3,3.4,2,2.5,1,1.2,1,-0.2,2,-2.7,3,7.6,2,3.8,2,2.0,2,0.0,1.0,9.3,5,5.1,5,2.9,2,7.0,5,10.8,5,9.0,7,7.8,7,11.0,6,8.4,5,9.4,4,12.7,7
2016-12-05 08:00:00,2.7,1,0.1,1,-0.6,1,3.6,1,-0.8,1,7.4,3,6.9,2,4.8,2,1.9,1,1.6,1,2.6,1,0.1,1,-1.6,2,-2.2,2,6.8,3,4.3,2,3.2,1,2.3,1,0.5,2,-1.9,3,8.1,2,4.8,2,2.8,2,1.2,1.0,9.5,4,5.9,6,3.6,2,8.4,5,11.1,5,9.3,7,8.7,7,11.7,7,8.6,5,10.2,3,13.1,7
2016-12-05 09:00:00,3.2,1,0.9,1,0.2,1,4.7,1,0.7,1,8.1,3,7.8,2,6.2,1,3.0,1,2.9,1,3.7,1,1.6,1,-0.5,2,-1.4,2,7.6,3,5.6,2,4.4,2,4.0,1,1.6,2,-0.8,4,8.9,2,6.1,2,3.8,3,3.1,1.0,10.0,4,7.3,6,4.9,2,10.1,5,11.6,5,9.9,7,9.8,7,12.5,7,9.2,5,11.4,3,13.5,7
2016-12-05 10:00:00,3.9,1,2.1,1,1.4,1,6.2,2,2.2,1,9.3,2,8.8,2,7.9,1,4.5,1,4.5,1,5.3,1,3.4,1,1.1,2,-0.3,2,8.7,3,7.0,2,5.9,2,5.9,1,3.0,2,0.6,3,9.9,2,7.5,3,4.8,3,5.7,1.0,10.9,4,9.1,5,6.7,2,11.9,5,12.2,5,10.8,7,11.0,6,13.2,7,10.4,4,12.7,3,13.9,7
2016-12-05 11:00:00,4.7,1,3.4,1,2.7,1,7.7,2,3.5,1,10.6,3,9.7,2,9.5,2,6.2,1,6.1,1,7.1,1,5.2,1,2.9,2,1.0,1,10.0,3,8.5,2,7.4,2,7.6,1,4.6,2,1.9,3,11.0,2,9.0,4,5.8,3,8.3,1.0,12.1,5,11.0,4,8.7,2,13.6,5,12.7,5,11.7,7,12.1,6,13.7,6,11.8,4,13.9,3,14.2,7
2016-12-05 12:00:00,5.3,1,4.6,1,3.8,1,9.0,2,4.5,1,11.7,3,10.4,2,10.8,2,7.5,1,7.4,1,8.3,1,6.6,1,4.3,2,2.1,1,11.2,3,9.7,2,8.7,2,9.1,2,5.8,2,3.1,3,11.9,2,10.2,4,6.7,3,10.0,1.0,13.2,5,12.5,4,10.4,2,14.8,5,13.3,5,12.5,7,12.9,6,14.1,6,13.1,4,14.8,3,14.5,7
2016-12-05 13:00:00,5.7,1,5.4,1,4.3,1,9.7,2,5.1,1,12.3,3,10.8,2,11.6,2,8.1,1,8.1,1,8.6,1,7.4,1,4.9,1,2.7,1,12.1,3,10.6,2,9.5,2,10.0,2,6.5,2,3.8,2,12.4,2,11.1,4,7.5,3,10.0,1.0,14.1,4,13.2,4,11.5,2,15.3,5,13.8,5,13.0,7,13.3,6,14.3,7,13.8,4,15.2,2,14.7,7
2016-12-05 14:00:00,5.8,1,5.6,1,4.2,1,9.8,2,5.1,1,12.4,3,10.9,2,11.8,2,8.0,1,8.2,1,8.1,1,7.5,1,4.8,1,2.9,1,12.4,4,10.9,2,9.7,2,10.1,2,6.6,2,4.0,2,12.5,3,11.4,3,8.0,2,8.8,1.0,14.5,4,13.1,5,11.9,2,15.1,4,14.0,5,13.1,7,13.3,6,14.4,7,14.0,5,15.2,2,14.7,7
2016-12-05 15:00:00,6.1,2,5.6,2,4.3,2,9.7,3,5.2,1,11.7,3,10.9,2,11.4,2,6.9,2,7.4,2,7.1,2,7.0,1,4.5,2,2.6,1,12.1,3,10.6,3,9.8,2,9.7,2,6.2,3,3.9,1,12.5,3,11.5,3,8.6,3,7.0,1.0,14.7,2,12.6,7,11.5,5,14.2,2,13.7,4,13.4,7,13.0,7,14.5,7,14.0,7,15.2,5,14.3,7
2016-12-05 16:00:00,6.0,2,5.0,2,3.5,2,8.7,2,4.2,1,10.8,4,10.1,2,10.3,2,5.9,2,6.4,2,6.6,2,5.6,1,3.3,2,1.7,1,11.1,3,9.5,3,8.8,2,8.2,2,5.2,2,2.7,1,11.6,3,10.3,3,7.7,3,5.0,1.0,13.9,2,11.5,7,9.8,5,12.3,2,13.2,4,12.5,7,12.0,7,13.9,6,12.9,6,14.5,5,14.0,6
2016-12-05 17:00:00,5.9,3,4.2,2,2.5,3,7.4,2,3.0,2,9.7,4,9.1,2,8.8,3,4.8,2,5.3,2,6.1,2,3.8,1,1.9,2,0.5,1,9.8,3,8.1,2,7.6,2,6.1,2,3.9,2,1.4,2,10.4,2,8.7,3,6.6,4,3.2,1.0,12.6,2,10.2,7,7.6,4,10.1,2,12.4,4,11.4,7,11.0,7,13.0,6,11.4,4,13.6,5,13.5,6
2016-12-05 18:00:00,5.7,3,3.6,2,1.7,3,6.2,2,1.9,2,8.8,5,8.3,2,7.6,4,3.8,2,4.3,2,5.7,2,2.2,2,0.6,2,-0.4,1,8.8,4,6.7,2,6.4,2,4.2,2,2.8,2,0.2,2,9.4,2,7.2,3,5.5,4,1.9,1.0,11.4,2,9.0,7,5.8,4,8.2,2,11.6,5,10.5,6,10.0,7,12.1,6,10.0,4,12.7,4,13.0,5
2016-12-05 19:00:00,5.4,3,3.3,2,1.2,3,5.4,3,1.1,2,8.5,5,7.9,2,7.0,5,3.2,2,3.7,2,5.3,2,1.3,2,-0.1,2,-0.8,2,8.3,4,5.8,2,5.6,2,2.8,2,2.2,2,-0.5,2,8.9,2,6.2,3,4.8,4,1.2,1.0,10.6,2,8.2,7,4.8,3,6.9,2,11.0,4,9.9,6,9.4,7,11.4,6,9.0,3,11.9,4,12.6,5
2016-12-05 20:00:00,5.1,2,3.3,2,0.9,3,5.0,4,0.6,2,8.6,5,7.8,3,6.9,4,3.0,1,3.4,1,4.9,1,0.8,1,-0.3,1,-0.9,2,8.2,5,5.4,2,5.0,2,2.1,2,1.9,2,-0.8,1,8.7,2,5.6,2,4.5,3,1.0,1.0,10.1,3,7.8,7,4.6,3,6.2,2,10.6,4,9.7,7,9.0,6,11.0,6,8.3,4,11.3,4,12.4,6
2016-12-05 21:00:00,4.9,2,2.9,2,0.6,2,4.4,4,0.2,2,8.7,5,7.5,3,6.6,4,2.5,1,3.0,2,4.6,1,0.3,2,-0.3,2,-0.9,2,7.9,5,4.9,2,4.3,2,1.6,2,1.4,2,-0.8,1,8.3,2,4.8,3,4.0,3,0.7,1.0,9.6,3,7.4,6,4.5,3,5.6,2,10.2,4,9.3,7,8.6,6,10.4,6,7.8,3,10.8,4,12.1,6
2016-12-05 22:00:00,4.8,2,2.6,2,0.3,2,4.0,4,0.0,2,8.6,5,7.3,3,6.4,3,2.2,2,2.6,2,4.3,1,0.0,2,-0.3,2,-1.0,2,7.7,4,4.5,3,3.6,3,1.4,3,1.1,2,-0.7,1,8.0,2,4.2,3,3.5,3,0.5,1.0,9.2,3,7.0,6,4.6,3,5.1,2,9.8,3,8.9,6,8.1,6,9.9,6,7.5,3,10.5,4,11.9,5
2016-12-05 23:00:00,4.7,2,2.3,3,0.2,2,3.7,4,-0.2,3,8.4,5,7.1,4,6.2,2,2.0,2,2.1,3,4.1,1,-0.2,3,-0.2,2,-1.1,2,7.5,3,4.3,3,3.0,3,1.5,3,0.8,2,-0.5,1,7.6,3,3.6,4,3.1,3,0.3,1.0,8.9,3,6.6,6,4.8,3,4.8,2,9.6,3,8.6,6,7.7,6,9.4,5,7.3,3,10.3,4,11.6,5
2016-12-06 00:00:00,4.6,2,1.9,3,0.0,2,3.5,5,-0.4,4,8.2,6,6.9,4,6.1,2,1.7,3,1.7,3,3.8,2,-0.3,4,-0.3,2,-1.3,3,7.3,3,4.1,4,2.4,4,1.5,4,0.5,2,-0.5,1,7.3,3,3.0,4,2.7,3,0.0,1.0,8.6,4,6.2,6,4.9,3,4.6,3,9.4,3,8.2,6,7.2,5,8.8,5,7.1,4,10.2,4,11.1,5
2016-12-06 01:00:00,4.5,3,1.6,4,-0.2,3,3.5,5,-0.5,4,8.1,6,6.7,4,6.0,3,1.5,3,1.4,4,3.4,2,-0.3,4,-0.5,3,-1.4,3,7.1,4,4.0,4,2.0,4,1.4,4,0.2,2,-0.7,1,6.9,4,2.4,4,2.4,2,-0.3,1.0,8.4,4,5.6,6,4.7,3,4.5,4,9.3,4,7.8,5,6.7,5,8.4,5,6.9,4,10.2,4,10.6,5
2016-12-06 02:00:00,4.5,4,1.4,4,-0.4,4,3.7,5,-0.7,5,8.0,6,6.5,5,5.9,4,1.4,4,1.3,4,3.0,3,-0.3,5,-0.7,3,-1.4,4,7.0,5,4.0,5,1.7,5,1.2,5,0.0,2,-1.1,1,6.6,4,1.9,5,2.1,2,-0.6,1.0,8.3,5,5.1,5,4.4,3,4.4,5,9.3,4,7.4,5,6.1,5,7.9,5,6.7,4,10.2,5,10.1,5
2016-12-06 03:00:00,6.3,2,4.0,2,1.4,2,5.1,3,-0.2,1,9.1,6,8.2,3,6.5,2,3.6,2,2.7,2,5.7,2,0.2,1,-1.1,1,-1.8,1,7.0,2,5.3,2,1.9,1,0.6,1,0.6,2,-1.2,1,6.3,1,2.2,2,2.0,2,-0.7,1.0,7.1,2,6.4,3,4.6,2,5.6,2,7.7,2,8.2,2,7.8,5,8.4,3,7.2,3,10.0,4,10.0,4
2016-12-06 04:00:00,6.6,2,3.7,2,1.4,2,4.8,3,-0.4,1,9.3,6,8.1,4,6.0,2,3.6,2,2.6,2,5.6,2,-0.1,1,-1.2,1,-2.0,1,6.5,2,4.8,2,1.4,2,0.3,1,0.4,2,-1.4,1,6.0,1,1.8,2,1.7,1,-0.8,1.0,6.6,2,5.6,2,4.0,2,5.1,2,7.0,2,7.7,2,7.1,4,7.8,3,6.8,3,9.4,4,9.7,4
2016-12-06 05:00:00,7.0,2,3.4,2,1.5,2,4.6,3,-0.6,1,9.4,5,8.0,4,5.6,3,3.6,2,2.4,2,5.5,2,-0.4,1,-1.2,2,-2.2,1,6.2,2,4.4,2,1.0,2,0.0,1,0.2,2,-1.7,1,5.8,1,1.5,2,1.5,1,-0.8,1.0,6.2,2,5.0,2,3.3,2,4.6,2,6.5,2,7.4,2,6.6,3,7.4,2,6.4,3,8.7,3,9.4,3
2016-12-06 06:00:00,7.3,2,3.2,2,1.7,2,4.5,4,-0.4,1,9.4,5,7.9,4,5.4,3,3.8,2,2.5,2,5.4,2,-0.3,1,-1.1,2,-2.2,1,6.1,3,4.2,2,1.0,2,0.1,1,0.2,2,-1.7,2,5.9,1,1.6,2,1.4,2,-0.7,1.0,6.1,2,5.0,2,3.0,2,4.7,2,6.3,2,7.4,2,6.7,2,7.6,2,6.1,3,8.4,3,9.6,3
2016-12-06 07:00:00,7.3,2,3.2,2,2.1,2,4.8,4,0.3,1,9.1,6,7.9,4,5.6,3,4.2,2,3.1,2,5.3,2,0.4,1,-0.6,2,-1.9,1,6.4,4,4.6,2,1.5,2,0.7,1,0.6,1,-1.3,2,6.4,2,2.2,2,1.6,2,-0.5,1.0,6.5,2,5.8,2,3.2,2,5.8,2,6.7,2,8.1,2,7.7,2,8.5,2,6.1,4,8.8,3,10.3,3
2016-12-06 08:00:00,7.3,3,3.5,3,2.7,2,5.6,4,1.4,1,8.9,6,8.2,4,6.1,4,4.9,2,4.0,2,5.4,2,1.5,1,0.2,2,-1.1,2,7.0,5,5.4,2,2.5,2,1.8,1,1.4,1,-0.3,2,7.2,2,3.3,2,2.2,2,0.3,1.0,7.3,2,7.2,2,4.0,2,7.6,2,7.6,2,9.2,2,9.3,2,9.8,2,6.6,4,9.8,2,11.3,3
2016-12-06 09:00:00,7.4,3,4.3,3,3.6,2,6.7,3,2.7,1,9.1,7,8.7,4,7.2,4,5.8,3,5.2,2,6.0,2,3.0,1,1.5,2,0.0,2,7.9,6,6.5,2,3.9,2,3.3,2,2.5,1,1.1,3,8.3,2,4.8,2,3.1,3,2.0,1.0,8.5,2,8.8,2,5.4,2,9.7,2,8.9,2,10.6,2,11.0,2,11.1,2,7.7,4,11.2,2,12.5,3
2016-12-06 10:00:00,7.8,3,5.6,3,4.8,2,8.2,3,4.1,2,9.9,7,9.6,3,8.7,4,6.9,3,6.4,2,7.2,2,4.6,1,3.2,2,1.5,2,9.1,6,7.6,2,5.4,2,5.0,2,3.9,2,3.0,3,9.5,2,6.5,2,4.4,3,4.8,1.0,10.0,2,10.3,2,7.3,2,11.9,2,10.3,2,11.9,2,12.4,2,12.1,2,9.6,4,12.8,3,13.6,3
2016-12-06 11:00:00,8.5,3,7.0,3,6.0,2,9.7,3,5.4,2,11.1,7,10.5,3,10.3,3,8.1,3,7.5,2,8.5,2,6.2,2,5.0,2,3.0,1,10.4,5,8.7,2,7.0,2,6.7,2,5.3,2,4.9,3,10.6,2,8.3,2,5.8,3,7.9,1.0,11.6,2,11.6,2,9.3,2,13.7,2,11.7,3,13.1,2,13.6,2,12.9,2,11.7,3,14.3,3,14.5,3
2016-12-06 12:00:00,9.1,3,8.2,2,7.0,2,10.9,3,6.3,3,12.2,7,11.4,3,11.7,2,9.0,3,8.4,2,9.5,2,7.4,2,6.4,2,4.3,1,11.6,5,9.8,2,8.3,2,8.2,1,6.5,2,6.4,2,11.6,1,9.7,2,7.0,3,9.9,1.0,13.0,2,12.7,2,11.1,2,15.1,2,12.9,3,14.1,1,14.5,1,13.6,2,13.6,3,15.4,3,15.2,2
2016-12-06 13:00:00,9.6,2,8.9,2,7.6,2,11.5,3,6.7,4,12.8,6,11.9,3,12.5,2,9.6,3,9.0,2,9.8,2,8.0,2,7.0,1,5.1,1,12.4,4,10.7,1,9.2,2,9.2,1,7.2,2,7.0,2,12.3,1,10.6,2,7.8,2,10.1,1.0,14.0,2,13.4,1,12.3,2,15.7,2,13.7,3,14.7,1,15.1,1,14.2,2,14.8,3,16.0,2,15.5,2
2016-12-06 14:00:00,9.8,2,9.1,2,7.7,1,11.4,3,6.6,4,12.9,6,12.1,4,12.6,2,9.7,3,9.2,2,9.5,2,8.0,2,6.8,1,5.2,1,12.7,4,11.2,1,9.6,2,9.6,1,7.4,1,6.8,2,12.5,1,10.9,2,8.2,2,8.9,1.0,14.4,1,13.5,1,12.6,2,15.5,2,14.0,2,14.8,1,15.2,1,14.6,2,15.0,2,15.9,2,15.3,2
2016-12-06 15:00:00,9.5,4,8.6,5,7.6,5,11.0,5,6.5,2,12.9,6,12.4,3,12.3,3,8.6,5,8.9,5,8.9,5,6.9,3,7.1,3,4.6,2,12.6,5,11.1,4,9.5,4,9.0,3,6.5,2,6.1,1,12.4,2,11.0,2,7.7,2,6.4,1.0,13.7,3,12.3,1,11.5,1,14.5,2,13.9,2,13.9,3,14.0,2,13.4,3,14.5,2,15.3,1,14.4,2
2016-12-06 16:00:00,9.4,4,8.1,4,7.2,5,10.4,5,5.6,2,12.1,6,11.8,4,11.4,3,7.8,4,8.1,4,8.5,4,5.9,3,5.7,2,3.5,1,11.5,5,10.0,4,8.7,4,7.8,2,5.7,2,4.5,1,11.5,2,10.0,2,6.9,2,4.2,1.0,12.8,3,10.8,2,9.6,1,12.2,2,13.0,2,12.4,3,12.2,2,12.3,3,12.9,2,14.3,1,13.2,2
2016-12-06 17:00:00,9.3,4,7.6,4,6.6,5,9.6,4,4.8,2,11.0,6,11.0,4,10.3,4,6.9,4,7.0,4,8.2,4,4.7,2,4.1,2,2.2,1,10.2,4,8.6,4,7.7,2,6.3,2,4.7,2,2.6,1,10.4,2,8.6,2,5.7,2,2.4,1.0,11.5,4,8.9,2,7.3,1,9.5,2,11.8,2,10.5,3,9.9,2,10.9,2,10.7,3,13.1,2,11.9,2
2016-12-06 18:00:00,9.1,4,7.2,4,6.0,5,8.9,4,4.1,2,10.3,6,10.3,5,9.4,5,6.1,4,6.2,4,7.9,4,3.6,2,2.7,1,1.2,1,9.0,4,7.3,4,6.8,2,4.8,2,3.8,2,1.1,1,9.4,2,7.2,3,4.7,2,1.2,1.0,10.2,4,7.3,3,5.2,1,7.2,2,10.5,2,8.8,3,8.0,2,9.5,2,8.6,3,11.9,2,10.8,3
2016-12-06 19:00:00,8.8,5,6.8,4,5.5,5,8.6,5,3.8,2,10.1,6,9.9,5,9.1,5,5.6,5,5.7,4,7.6,4,3.0,1,2.0,1,0.8,2,8.4,4,6.5,5,6.2,2,3.8,2,3.4,2,0.3,2,8.9,2,6.2,3,4.1,2,0.7,1.0,9.1,4,6.3,2,4.0,1,5.9,2,9.4,2,7.9,3,7.0,2,8.4,2,7.1,3,11.0,2,10.1,3
2016-12-06 20:00:00,8.6,5,6.6,5,5.1,5,8.4,5,3.7,2,10.4,6,9.8,5,9.1,6,5.3,5,5.5,4,7.3,4,2.7,1,1.9,1,0.7,2,8.2,4,6.1,6,5.9,2,3.1,2,3.3,1,0.1,1,8.7,2,5.4,3,3.8,2,0.7,1.0,8.3,4,5.9,2,3.5,1,5.4,2,8.5,2,7.4,3,6.8,2,7.6,2,6.1,2,10.3,2,9.7,3
2016-12-06 21:00:00,8.4,5,6.4,5,5.0,5,8.2,5,3.6,2,10.5,6,9.7,5,8.9,6,5.3,4,5.3,4,7.3,5,2.7,1,1.6,2,0.6,1,7.9,5,5.7,6,5.3,2,2.6,2,3.1,2,-0.2,2,8.2,2,4.7,3,3.5,2,0.4,1.0,7.6,3,5.2,2,3.1,2,5.2,3,7.8,2,6.8,3,6.2,2,6.9,2,5.2,2,9.8,2,9.2,3
2016-12-06 22:00:00,8.4,5,6.3,5,5.0,5,8.0,5,3.6,2,10.6,6,9.7,5,8.8,6,5.2,4,5.2,4,7.2,5,2.7,2,1.5,2,0.6,1,7.8,5,5.6,6,4.7,3,2.3,2,2.9,2,-0.3,2,7.8,2,4.0,3,3.2,3,0.2,1.0,7.1,3,4.8,3,2.9,2,5.1,3,7.1,3,6.3,3,5.9,3,6.3,2,4.5,2,9.4,2,8.7,3
2016-12-06 23:00:00,8.4,6,6.3,6,5.1,5,7.8,5,3.7,3,10.5,6,9.7,6,8.7,6,5.3,4,5.2,4,7.2,5,2.8,2,1.5,2,0.6,1,7.7,5,5.5,6,4.3,3,2.1,3,2.7,3,-0.2,3,7.4,2,3.6,4,3.1,3,0.0,1.0,6.7,3,4.4,3,2.8,3,5.0,3,6.7,3,6.0,4,5.6,3,5.8,2,4.0,2,9.1,2,8.3,3
2016-12-07 00:00:00,8.4,6,6.3,6,5.1,5,7.7,6,3.9,4,10.5,6,9.8,6,8.7,6,5.3,4,5.2,4,7.2,5,3.0,3,1.5,3,0.7,1,7.7,5,5.6,6,4.0,4,2.1,3,2.7,4,0.0,4,6.9,3,3.2,4,3.1,3,-0.2,2.0,6.4,3,4.1,4,2.7,3,4.9,4,6.3,3,5.6,4,5.3,3,5.5,3,3.6,3,9.0,2,7.8,4
2016-12-07 01:00:00,8.4,6,6.4,6,5.3,6,7.8,6,4.1,4,10.6,6,9.8,6,8.8,6,5.5,4,5.3,5,7.3,5,3.2,4,1.7,4,0.9,3,7.8,6,5.7,6,3.8,4,2.3,4,2.6,4,0.3,4,6.5,4,2.9,5,3.2,4,-0.3,2.0,6.2,4,3.8,4,2.7,4,4.7,4,6.0,4,5.4,4,5.0,4,5.2,3,3.3,3,8.8,2,7.4,4
2016-12-07 02:00:00,8.4,7,6.5,6,5.5,6,7.9,6,4.3,5,10.7,6,9.9,6,8.9,6,5.7,4,5.5,5,7.3,5,3.5,5,1.9,4,1.2,4,7.8,6,5.9,6,3.7,5,2.5,5,2.6,5,0.7,5,6.1,4,2.7,5,3.3,4,-0.3,3.0,6.0,4,3.5,4,2.5,5,4.5,4,5.7,4,5.1,4,4.7,4,5.0,4,3.1,4,8.5,2,7.1,4
2016-12-07 03:00:00,8.1,5,6.4,5,4.5,5,7.3,4,1.6,1,10.3,7,9.5,5,8.0,5,4.6,4,3.6,3,6.6,4,0.3,1,-0.5,1,-1.4,1,7.3,5,5.5,3,1.3,1,0.1,2,0.2,2,-1.3,1,6.2,1,1.5,1,1.4,1,-1.7,1.0,5.8,2,3.7,1,2.5,1,4.2,2,5.3,2,5.3,1,5.1,1,6.1,1,3.8,1,8.8,1,7.0,1
2016-12-07 04:00:00,8.2,4,6.2,5,4.4,5,7.2,4,1.2,1,10.3,6,9.5,5,7.7,5,4.4,3,3.3,3,6.3,3,0.0,2,-0.8,1,-1.4,1,7.1,5,5.2,3,1.0,1,-0.3,2,-0.3,2,-1.4,1,5.9,1,1.1,1,0.9,1,-1.7,1.0,5.3,2,3.0,1,2.1,1,3.6,2,4.8,2,4.8,1,4.4,1,5.6,1,3.3,1,8.2,1,6.4,1
2016-12-07 05:00:00,8.3,4,6.1,4,4.3,4,7.1,4,0.9,2,10.4,6,9.4,5,7.5,5,4.2,3,2.9,3,6.0,3,-0.2,2,-1.1,2,-1.4,1,6.9,4,4.8,3,0.9,2,-0.7,2,-0.8,2,-1.5,1,5.7,1,0.9,1,0.3,1,-1.7,1.0,5.0,2,2.5,1,1.7,1,3.1,2,4.3,2,4.3,1,3.9,1,5.1,1,2.8,1,7.5,1,5.9,1
2016-12-07 06:00:00,8.5,4,5.9,4,4.4,4,7.0,4,1.0,2,10.4,6,9.4,5,7.4,5,4.2,3,2.8,3,5.8,3,-0.1,2,-1.0,2,-1.3,1,6.9,4,4.7,3,1.1,2,-0.5,2,-1.0,2,-1.3,2,5.8,1,1.0,2,0.0,1,-1.7,1.0,5.0,2,2.6,1,1.6,1,3.3,2,4.1,2,4.3,1,4.1,1,5.3,1,2.6,1,7.2,1,5.9,2
2016-12-07 07:00:00,8.6,4,5.8,4,4.7,4,7.2,4,1.8,2,10.4,6,9.4,6,7.4,5,4.5,3,3.2,3,5.7,3,0.5,2,-0.4,3,-1.0,2,7.1,4,4.9,3,1.7,2,0.4,2,-0.8,2,-0.7,3,6.1,1,1.5,2,0.2,2,-1.6,1.0,5.5,2,3.5,1,2.1,1,4.5,2,4.5,2,5.1,2,5.2,2,6.4,1,3.0,1,7.8,1,6.8,2
2016-12-07 08:00:00,8.8,5,6.0,5,5.3,5,7.7,4,3.0,2,10.5,6,9.6,6,7.8,5,5.2,3,4.2,3,5.8,3,1.6,2,0.6,3,-0.3,2,7.5,5,5.5,2,2.6,2,1.9,2,-0.2,3,0.4,3,6.8,1,2.4,2,0.7,3,-1.0,1.0,6.4,3,5.0,2,3.1,1,6.5,2,5.5,2,6.5,2,6.9,2,8.0,1,4.0,2,9.0,1,8.2,2
2016-12-07 09:00:00,9.1,5,6.6,5,6.1,5,8.5,4,4.4,2,11.0,7,10.1,5,8.6,5,6.2,3,5.5,3,6.5,3,3.0,2,2.1,3,0.7,2,8.3,6,6.4,2,3.9,2,3.6,2,0.8,3,1.7,4,7.8,1,3.8,2,1.5,3,0.7,1.0,7.7,3,6.8,2,4.7,1,8.9,1,6.9,2,8.2,2,8.8,2,9.8,1,5.8,2,10.7,1,9.8,2
2016-12-07 10:00:00,9.6,4,7.7,4,7.1,4,9.7,3,5.7,2,12.0,7,10.9,4,10.0,4,7.5,3,7.0,3,7.8,3,4.7,1,3.9,3,2.1,2,9.4,6,7.7,2,5.5,2,5.4,2,2.0,3,3.2,3,9.1,1,5.6,2,2.3,3,3.8,1.0,9.3,3,8.6,2,6.7,1,11.3,1,8.6,2,9.9,2,10.5,2,11.3,1,8.4,2,12.5,1,11.3,2
2016-12-07 11:00:00,10.2,4,9.1,3,8.2,4,11.0,2,6.9,1,13.2,7,11.9,3,11.6,3,8.9,3,8.6,3,9.3,3,6.3,1,5.7,2,3.6,1,10.8,5,9.1,2,7.2,2,7.0,1,3.2,3,4.7,2,10.5,1,7.6,2,3.2,3,7.3,1.0,11.0,2,10.2,1,8.9,1,13.5,1,10.4,2,11.5,2,11.9,2,12.5,1,11.1,1,14.2,1,12.4,2
2016-12-07 12:00:00,10.7,3,10.2,2,9.1,3,12.1,2,7.7,2,14.2,7,12.8,2,12.9,3,10.0,3,9.8,3,10.5,4,7.6,1,7.1,1,4.8,1,12.0,4,10.4,2,8.6,1,8.3,1,4.2,2,5.9,2,11.7,1,9.3,1,4.2,3,9.7,1.0,12.4,1,11.5,1,10.7,1,15.0,1,11.8,1,12.7,1,13.0,2,13.5,1,13.5,1,15.5,1,13.3,2
2016-12-07 13:00:00,11.1,3,10.8,2,9.7,3,12.7,2,8.1,2,14.7,7,13.4,2,13.6,2,10.6,4,10.5,3,10.9,4,8.2,1,7.7,1,5.5,1,12.9,4,11.4,3,9.5,1,9.2,1,4.9,2,6.7,1,12.4,1,10.4,1,5.2,2,10.0,1.0,13.4,1,12.3,1,11.8,1,15.7,1,12.7,1,13.4,1,13.6,1,14.2,1,14.9,1,16.1,1,13.8,2
2016-12-07 14:00:00,11.2,4,10.9,3,9.8,3,12.8,2,8.1,3,14.7,7,13.6,3,13.7,1,10.6,4,10.6,3,10.6,4,8.2,1,7.5,1,5.6,1,13.3,3,11.9,3,9.7,1,9.5,1,5.1,1,6.8,1,12.6,1,10.8,1,6.0,2,8.7,1.0,13.8,1,12.5,1,12.0,1,15.4,1,13.0,1,13.6,1,13.7,1,14.4,1,15.2,1,16.0,1,13.9,2
2016-12-07 15:00:00,10.7,4,10.1,4,9.7,4,12.2,5,8.2,4,14.0,5,13.0,2,12.9,2,9.9,5,10.2,6,10.0,5,7.7,2,6.4,1,4.2,2,12.9,3,12.0,2,9.3,1,8.7,1,5.2,1,4.9,1,12.2,1,10.2,1,6.4,1,7.0,1.0,13.5,2,11.8,1,11.6,1,14.3,1,13.1,1,12.9,1,12.7,1,14.0,1,14.6,1,15.7,1,13.1,2
2016-12-07 16:00:00,10.6,4,9.5,5,9.1,4,11.6,5,7.1,4,13.1,5,12.4,3,11.9,2,9.0,5,9.0,5,9.3,5,6.3,3,5.2,2,3.2,2,11.9,3,10.8,2,8.4,1,7.4,1,4.2,1,3.7,1,11.2,1,9.0,1,5.7,1,4.7,1.0,12.6,2,10.3,1,9.7,1,12.0,1,12.3,1,11.5,1,11.2,1,12.8,1,12.9,1,14.5,1,12.6,2
2016-12-07 17:00:00,10.5,3,8.8,4,8.2,4,10.9,5,5.9,4,12.0,5,11.8,3,10.8,4,7.8,4,7.7,5,8.7,5,4.6,3,3.5,2,2.0,2,10.7,3,9.3,2,7.2,2,5.6,1,3.0,2,2.1,1,10.0,1,7.4,1,4.7,1,2.8,1.0,11.3,3,8.3,1,7.2,1,9.4,1,11.2,2,9.7,1,9.2,1,11.3,1,10.7,1,13.1,1,11.9,2
2016-12-07 18:00:00,10.3,3,8.2,4,7.4,4,10.1,5,4.7,4,11.2,6,11.1,4,9.8,4,6.8,4,6.6,4,8.3,4,3.1,4,2.1,3,1.1,2,9.6,3,7.9,2,6.1,2,3.8,2,2.0,2,0.8,1,9.0,1,5.9,1,3.8,1,1.4,1.0,10.0,4,6.6,1,5.1,1,7.1,2,10.1,2,8.1,1,7.6,1,9.7,1,8.6,1,11.7,1,11.2,2
2016-12-07 19:00:00,10.0,4,7.8,4,6.9,5,9.4,4,3.9,4,11.0,6,10.6,5,9.3,5,6.2,4,6.1,4,8.1,4,2.3,4,1.3,3,0.7,2,8.9,4,7.1,4,5.5,3,2.6,3,1.6,3,0.0,2,8.4,2,5.0,2,3.4,2,0.7,1.0,8.9,4,5.5,1,3.9,1,5.7,2,9.2,2,7.2,1,6.7,1,8.4,1,6.9,1,10.6,1,10.6,2
2016-12-07 20:00:00,9.6,4,7.7,4,6.6,5,8.9,4,3.5,3,11.1,6,10.3,5,9.1,5,5.8,4,5.9,4,7.9,4,2.0,4,0.9,3,0.6,2,8.6,4,6.6,5,5.1,5,1.9,4,1.5,3,-0.2,2,8.2,2,4.5,2,3.3,2,0.4,1.0,8.2,3,4.9,1,3.4,1,5.1,2,8.6,2,6.8,1,6.4,1,7.5,1,5.6,1,9.9,1,10.0,2
2016-12-07 21:00:00,9.4,4,7.4,4,6.3,4,8.4,4,3.1,4,11.1,6,10.0,5,8.8,5,5.5,5,5.5,4,7.8,4,1.7,4,0.5,4,0.3,2,8.3,4,6.2,6,4.5,5,1.4,4,1.2,3,-0.6,2,7.8,2,3.9,3,3.3,2,0.2,1.0,7.5,3,4.5,1,3.0,1,4.7,2,8.2,2,6.3,1,6.2,1,6.6,1,4.5,1,9.4,1,9.5,2
2016-12-07 22:00:00,9.1,4,7.2,4,6.0,4,7.9,5,3.0,4,11.0,6,9.7,5,8.7,5,5.2,5,4.9,4,7.5,4,1.5,4,0.3,4,0.1,2,8.1,5,6.0,6,4.0,5,1.1,4,1.0,4,-0.8,2,7.4,2,3.4,3,3.2,2,0.1,1.0,7.1,3,4.3,1,2.7,1,4.6,2,7.9,3,5.8,1,6.1,1,5.9,1,3.7,1,9.0,1,9.0,3
2016-12-07 23:00:00,8.9,4,7.0,5,5.8,3,7.6,5,2.9,4,10.9,6,9.5,5,8.5,5,5.0,5,4.3,4,7.2,4,1.5,4,0.2,4,-0.1,2,7.9,5,5.8,6,3.4,5,1.0,4,0.8,4,-0.8,3,7.0,3,2.9,3,3.0,3,0.0,1.0,6.8,2,4.0,1,2.5,1,4.5,3,7.7,3,5.4,2,6.0,1,5.4,1,3.1,1,8.8,1,8.5,3
2016-12-08 00:00:00,8.8,5,6.8,5,5.7,3,7.3,5,2.9,4,10.8,6,9.4,6,8.3,5,4.8,5,4.0,5,6.8,5,1.5,4,0.2,4,-0.1,2,7.7,5,5.6,6,3.0,5,1.0,5,0.7,4,-0.8,4,6.5,3,2.5,4,2.8,3,-0.3,1.0,6.5,3,3.7,1,2.3,1,4.4,3,7.6,3,5.0,2,5.6,1,4.9,1,2.6,1,8.6,1,8.0,3
2016-12-08 01:00:00,8.7,5,6.6,5,5.6,4,7.1,5,3.0,5,10.6,6,9.2,6,8.0,5,4.7,5,3.9,5,6.5,5,1.7,5,0.2,4,-0.1,3,7.4,6,5.4,6,2.6,5,1.0,5,0.6,4,-0.8,4,6.1,4,2.0,4,2.5,3,-0.6,2.0,6.3,3,3.4,2,2.1,1,4.1,4,7.6,4,4.6,3,5.1,1,4.5,1,2.3,1,8.3,1,7.5,4
2016-12-08 02:00:00,8.6,5,6.4,5,5.6,5,6.9,6,3.1,5,10.5,6,9.2,6,7.8,6,4.5,5,4.0,5,6.2,5,1.9,5,0.3,5,0.0,5,7.2,6,5.2,6,2.3,5,1.1,5,0.5,5,-0.8,5,5.8,5,1.6,5,2.2,4,-1.0,2.0,6.2,4,2.9,2,1.8,1,3.7,4,7.6,4,4.2,3,4.5,2,4.2,1,2.1,1,7.9,1,7.1,4
2016-12-08 03:00:00,9.2,3,7.0,3,5.6,3,7.6,3,2.6,4,10.3,6,9.5,6,7.9,6,4.5,5,3.6,5,6.2,5,1.1,4,-0.2,4,-1.0,3,6.8,6,5.5,4,2.0,4,1.6,2,0.4,4,0.0,2,7.0,3,2.9,2,2.7,2,-0.8,1.0,6.7,3,2.5,1,1.6,1,4.4,1,8.4,2,5.7,1,5.1,1,5.7,1,3.8,2,8.9,2,9.2,4
2016-12-08 04:00:00,9.2,3,6.8,3,5.4,3,7.4,3,2.2,4,10.3,6,9.4,6,7.7,5,4.2,5,3.3,5,6.0,5,0.7,4,-0.3,3,-1.0,3,6.6,6,5.2,4,1.5,4,1.3,2,0.0,4,-0.1,2,6.9,3,2.3,2,2.5,2,-0.9,1.0,6.3,2,2.0,2,1.3,1,3.7,1,7.9,2,5.1,1,4.6,2,5.1,2,3.5,2,8.4,2,9.0,4
2016-12-08 05:00:00,9.1,3,6.5,3,5.1,3,7.2,4,1.7,4,10.4,6,9.3,6,7.4,5,4.0,5,3.0,4,5.7,4,0.4,4,-0.3,3,-1.0,2,6.5,6,4.9,4,1.2,3,1.1,2,-0.5,4,-0.2,2,6.7,3,1.6,3,2.2,2,-0.9,1.0,5.8,2,1.8,2,1.1,1,3.1,1,7.3,2,4.6,2,4.3,3,4.7,2,3.3,2,7.8,2,8.8,4
2016-12-08 06:00:00,9.0,3,6.2,3,4.9,3,6.9,4,1.6,4,10.4,6,9.2,6,7.2,5,3.8,4,2.8,4,5.5,4,0.4,4,-0.1,3,-0.8,2,6.4,6,4.7,4,1.1,3,1.0,2,-0.8,4,-0.2,2,6.7,3,1.3,3,2.2,2,-0.8,1.0,5.6,2,2.1,3,1.2,1,3.2,2,7.1,3,4.6,2,4.6,4,5.0,2,3.3,3,7.5,3,9.0,4
2016-12-08 07:00:00,8.8,3,5.9,3,4.8,3,6.7,4,2.0,5,10.2,6,9.1,6,7.0,5,3.9,5,3.0,5,5.2,5,0.9,4,0.4,3,-0.5,3,6.4,6,4.7,4,1.5,4,1.4,2,-0.7,4,0.3,3,6.9,3,1.6,4,2.6,2,-0.6,1.0,5.8,2,3.0,4,1.7,2,4.4,2,7.4,3,5.4,4,5.5,5,6.2,2,3.7,4,7.8,4,9.7,4
2016-12-08 08:00:00,8.7,3,5.8,2,5.0,3,6.9,4,2.9,5,10.0,6,9.1,6,7.0,6,4.4,5,3.7,5,5.1,5,2.0,4,1.2,4,0.1,3,6.6,6,4.9,4,2.4,4,2.3,2,-0.2,5,1.2,4,7.4,3,2.6,3,3.3,3,0.2,1.0,6.4,2,4.4,4,2.8,3,6.5,2,8.2,4,6.7,5,7.0,6,8.0,3,4.6,4,8.8,4,10.7,5
2016-12-08 09:00:00,8.7,3,6.1,2,5.5,3,7.4,4,4.0,5,10.3,6,9.4,6,7.5,6,5.1,5,4.7,5,5.5,5,3.4,4,2.5,5,1.1,3,7.2,6,5.6,4,3.7,4,3.7,3,0.9,5,2.5,4,8.2,2,4.2,3,4.4,3,2.1,1.0,7.6,2,6.3,4,4.5,4,9.0,2,9.3,4,8.3,6,8.8,6,10.0,3,6.3,4,10.2,4,11.8,5
2016-12-08 10:00:00,9.0,3,6.9,2,6.3,2,8.5,4,5.1,5,11.2,6,10.1,5,8.5,6,6.1,4,6.0,4,6.7,4,5.1,4,4.3,5,2.5,3,8.2,6,6.7,4,5.3,4,5.5,3,2.6,4,4.1,3,9.4,2,6.4,3,5.7,4,5.3,1.0,9.2,2,8.6,4,6.7,3,11.5,2,10.5,3,9.9,6,10.6,5,11.7,4,8.7,4,11.9,4,12.8,5
2016-12-08 11:00:00,9.3,3,8.0,1,7.2,2,9.8,4,6.2,4,12.5,6,11.0,3,9.9,5,7.2,3,7.4,3,8.1,3,6.8,4,6.1,4,4.1,2,9.5,5,8.0,5,7.0,4,7.4,3,4.4,4,5.7,2,10.7,2,8.6,2,7.0,3,8.7,1.0,11.0,2,10.8,3,9.1,2,13.6,1,11.6,3,11.4,6,12.2,4,13.1,4,11.3,3,13.6,3,13.7,4
2016-12-08 12:00:00,9.7,4,8.9,1,8.0,2,10.9,3,7.0,4,13.6,6,11.8,2,11.1,4,8.2,2,8.6,2,9.3,2,8.1,4,7.4,4,5.4,2,10.7,5,9.3,5,8.4,3,9.0,3,6.0,3,7.0,2,11.9,2,10.5,1,8.2,3,10.9,1.0,12.6,1,12.4,2,11.1,1,15.0,1,12.5,2,12.6,5,13.4,4,14.1,4,13.6,3,14.9,3,14.3,4
2016-12-08 13:00:00,9.9,4,9.4,2,8.5,3,11.5,3,7.5,4,14.3,6,12.4,2,11.9,3,8.9,2,9.3,2,9.7,2,8.7,3,7.9,4,6.1,2,11.6,4,10.2,5,9.4,3,10.0,2,7.0,2,7.8,2,12.6,2,11.5,1,9.1,3,10.9,1.0,13.6,1,13.1,2,12.3,1,15.5,1,13.1,2,13.3,6,14.0,4,14.7,4,15.1,2,15.5,3,14.7,5
2016-12-08 14:00:00,9.9,5,9.4,3,8.5,3,11.6,4,7.6,4,14.4,6,12.7,3,12.3,2,9.2,2,9.6,2,9.6,2,8.6,3,7.6,4,6.1,3,12.0,4,10.6,4,9.9,2,10.4,2,7.2,2,7.9,3,12.8,2,11.7,1,9.6,2,9.4,1.0,14.0,1,12.9,2,12.5,1,15.1,1,13.3,2,13.5,6,13.8,5,14.8,4,15.5,2,15.4,2,14.7,5
2016-12-08 15:00:00,10.8,4,10.0,2,9.3,2,11.9,6,7.7,3,14.8,7,13.6,7,12.8,7,9.4,4,9.8,4,9.8,4,8.1,3,7.7,2,6.4,2,12.7,6,10.7,2,9.6,2,9.7,2,7.2,2,8.1,1,12.3,2,11.8,1,8.8,2,7.4,1.0,14.0,2,11.9,1,12.0,1,14.4,1,13.2,3,13.1,2,13.1,2,13.7,2,14.4,2,14.8,1,14.4,5
2016-12-08 16:00:00,10.7,4,9.5,3,8.8,3,11.3,6,6.7,3,14.0,7,13.0,6,12.0,6,8.6,4,8.7,4,9.1,4,6.6,3,6.4,2,5.3,2,12.0,6,9.7,2,8.7,2,8.5,2,6.0,2,6.6,1,11.4,2,10.7,2,7.9,2,5.3,1.0,13.0,2,10.4,1,10.0,1,12.2,1,12.5,3,11.7,2,11.4,2,12.4,2,12.7,2,13.7,1,13.7,5
2016-12-08 17:00:00,10.5,4,8.9,3,8.2,4,10.6,6,5.7,2,13.1,7,12.3,6,11.0,6,7.6,4,7.4,4,8.5,4,4.9,4,4.8,3,4.0,2,11.1,6,8.4,2,7.6,2,6.7,2,4.4,3,4.8,1,10.3,2,9.1,2,6.8,2,3.6,1.0,11.5,3,8.6,1,7.5,1,9.6,2,11.6,3,9.8,2,9.3,1,10.9,2,10.4,1,12.4,1,12.9,4
2016-12-08 18:00:00,10.4,5,8.5,4,7.6,5,9.9,6,4.8,2,12.2,6,11.6,6,10.2,5,6.7,4,6.4,4,8.0,4,3.5,4,3.5,3,3.0,2,10.2,6,7.3,3,6.5,2,5.0,2,3.1,3,3.1,2,9.4,2,7.6,2,5.9,2,2.4,1.0,10.1,4,7.0,1,5.2,1,7.4,2,10.7,2,8.3,2,7.6,1,9.3,2,8.3,1,11.1,2,12.1,4
2016-12-08 19:00:00,10.2,5,8.3,5,7.3,5,9.3,6,4.3,2,11.7,6,11.1,6,9.8,5,6.2,4,5.9,4,7.8,4,2.7,3,2.8,4,2.5,3,9.6,6,6.8,4,5.8,2,3.7,2,2.5,3,2.0,2,8.9,3,6.4,3,5.4,3,1.8,1.0,9.2,4,5.8,2,3.9,1,6.0,2,10.1,2,7.5,3,6.7,2,8.0,2,6.7,1,10.1,2,11.4,4
2016-12-08 20:00:00,10.1,5,8.3,6,7.3,6,8.9,6,4.2,3,11.4,5,10.8,6,9.6,6,5.9,5,5.8,5,7.7,5,2.4,3,2.6,4,2.3,3,9.3,5,6.6,5,5.4,2,2.8,3,2.4,3,1.3,2,8.7,3,5.4,3,5.1,3,1.5,1.0,8.6,4,5.0,2,3.2,1,5.4,2,9.6,2,7.3,3,6.3,2,7.1,2,5.5,1,9.4,2,10.9,4
2016-12-08 21:00:00,10.0,5,8.2,5,7.1,6,8.5,6,4.0,3,11.1,5,10.5,6,9.3,6,5.6,5,5.6,5,7.6,5,2.0,3,2.2,4,1.8,3,8.8,6,6.6,5,4.7,2,2.1,3,2.1,3,0.8,2,8.2,3,4.6,3,4.8,3,1.2,1.0,8.0,3,4.2,2,2.6,2,4.7,2,9.2,3,6.8,3,6.1,3,6.3,2,4.3,1,8.9,2,10.4,4
2016-12-08 22:00:00,9.8,6,8.2,5,6.9,6,8.1,6,3.8,4,10.9,5,10.2,6,9.0,6,5.4,5,5.3,5,7.5,5,1.8,3,1.9,4,1.5,3,8.4,6,6.4,5,4.1,3,1.5,4,1.8,4,0.4,2,7.7,2,3.8,3,4.4,4,1.0,1.0,7.6,3,3.7,3,2.2,2,4.2,2,8.8,3,6.4,3,6.0,3,5.8,3,3.4,2,8.5,2,9.9,4
2016-12-08 23:00:00,9.7,6,8.1,5,6.7,6,7.8,6,3.7,4,10.8,5,10.0,6,8.8,6,5.2,5,4.9,6,7.4,5,1.8,4,1.7,4,1.3,3,8.1,6,6.2,6,3.5,3,1.2,4,1.6,4,0.2,2,7.3,2,3.1,3,4.1,4,0.9,2.0,7.3,2,3.3,3,2.0,3,3.9,3,8.7,3,6.1,4,5.9,3,5.4,3,2.8,2,8.2,2,9.4,4
2016-12-09 00:00:00,9.6,6,7.9,5,6.6,6,7.5,6,3.6,4,10.7,6,9.8,6,8.5,6,5.1,5,4.6,6,7.1,5,1.8,4,1.5,4,1.1,3,7.7,6,5.9,6,3.0,4,0.9,5,1.4,4,0.1,3,6.9,2,2.5,3,3.7,4,0.7,2.0,7.1,2,3.0,4,1.9,3,3.6,3,8.7,4,5.8,4,5.7,4,5.2,4,2.3,2,8.0,3,8.9,4
2016-12-09 01:00:00,9.4,6,7.7,5,6.5,6,7.2,6,3.6,5,10.7,6,9.6,6,8.2,6,4.9,5,4.4,5,6.8,5,1.9,5,1.3,4,1.0,4,7.4,6,5.7,6,2.5,4,0.6,5,1.1,4,0.0,3,6.5,3,1.9,4,3.3,4,0.5,3.0,6.9,3,2.8,4,1.9,3,3.4,4,8.9,4,5.5,4,5.4,4,5.0,4,1.9,3,7.7,3,8.4,4
2016-12-09 02:00:00,9.2,6,7.4,5,6.6,6,6.9,6,3.6,5,10.6,6,9.4,6,7.9,6,4.8,5,4.3,5,6.5,5,2.0,5,1.1,5,1.0,5,7.2,6,5.5,6,2.1,5,0.4,5,0.9,5,0.0,3,6.3,4,1.4,4,2.9,4,0.3,4.0,6.8,4,2.6,4,1.9,4,3.1,4,9.1,4,5.2,4,5.0,4,5.0,4,1.6,4,7.4,3,8.0,4
2016-12-09 03:00:00,9.4,6,7.5,5,6.1,5,7.3,3,3.4,6,10.0,6,9.3,4,8.0,5,4.4,5,3.5,5,6.3,5,1.1,4,1.6,4,1.2,2,6.7,5,5.1,4,2.0,4,1.0,2,0.9,3,1.1,1,6.9,3,2.4,2,3.2,2,0.2,1.0,6.7,2,3.7,2,1.6,2,4.7,1,8.6,4,7.3,5,6.1,3,6.2,3,2.4,3,8.2,3,10.3,5
2016-12-09 04:00:00,9.3,6,7.3,5,5.8,5,7.1,3,2.8,5,9.9,6,9.2,4,7.5,5,4.1,5,3.2,5,6.1,5,0.7,4,1.2,4,0.9,3,6.3,5,4.9,4,1.5,4,0.9,3,0.4,3,1.0,2,6.7,3,2.1,2,2.8,2,0.2,1.0,6.4,2,3.2,2,1.5,2,4.1,2,8.3,4,7.3,5,6.0,4,5.9,4,2.1,3,7.6,3,10.1,5
2016-12-09 05:00:00,9.2,6,7.0,5,5.5,5,6.9,3,2.3,5,9.8,5,9.0,4,7.0,4,3.9,4,2.9,4,5.9,4,0.5,4,0.8,4,0.6,3,6.1,5,4.7,4,1.2,4,0.8,3,-0.1,2,0.9,2,6.6,2,2.0,3,2.6,1,0.2,1.0,6.0,2,2.9,3,1.6,2,3.4,2,7.9,4,7.2,4,6.0,4,5.7,4,1.8,3,7.0,2,9.9,5
2016-12-09 06:00:00,9.0,6,6.7,5,5.4,5,6.7,4,2.1,4,9.8,5,8.9,4,6.6,4,3.9,4,2.8,4,5.8,4,0.6,4,0.7,4,0.5,3,6.0,4,4.6,5,1.1,4,1.0,3,-0.4,2,1.0,2,6.6,2,2.1,3,2.6,1,0.2,1.0,5.8,2,3.0,4,1.9,3,3.4,2,7.7,4,7.2,4,6.4,5,6.0,5,1.7,3,6.8,2,9.9,5
2016-12-09 07:00:00,8.8,6,6.5,5,5.7,5,6.7,4,2.7,4,9.7,5,8.9,4,6.5,4,4.3,4,3.3,4,5.6,4,1.3,4,1.2,4,0.8,4,6.2,4,4.7,5,1.4,4,1.5,3,-0.2,2,1.4,2,6.7,2,2.6,3,2.9,2,0.3,1.0,5.9,2,3.9,5,2.6,4,4.3,2,7.9,4,7.5,5,7.2,6,7.0,5,2.0,4,7.3,3,10.3,5
2016-12-09 08:00:00,8.8,6,6.6,5,6.2,6,7.0,3,3.8,5,9.9,5,9.0,5,6.9,4,5.0,4,4.2,4,5.7,5,2.4,4,2.1,4,1.5,5,6.8,5,5.1,4,2.2,4,2.5,2,0.6,2,2.2,3,7.2,2,3.4,3,3.5,3,1.0,1.0,6.4,2,5.5,5,3.7,4,6.1,2,8.4,4,8.2,6,8.3,6,8.6,6,3.0,5,8.5,3,11.1,5
2016-12-09 09:00:00,8.9,6,7.1,5,7.0,6,7.7,3,5.2,5,10.4,5,9.5,4,7.7,4,6.0,4,5.5,4,6.3,5,4.0,3,3.4,4,2.6,5,7.7,5,5.9,4,3.5,4,3.9,2,1.9,2,3.5,3,8.0,2,4.9,3,4.5,4,2.8,1.0,7.4,2,7.4,5,5.4,4,8.5,1,9.2,4,9.2,7,9.6,6,10.3,7,4.9,5,10.0,4,12.0,5
2016-12-09 10:00:00,9.3,5,8.1,4,7.9,7,8.8,2,6.5,5,11.5,6,10.3,4,9.0,4,7.2,4,7.0,4,7.6,4,5.8,2,5.0,4,3.9,5,8.9,5,7.3,3,5.2,3,5.7,2,3.6,2,5.2,2,9.3,2,7.0,2,5.8,4,6.0,1.0,8.9,2,9.4,4,7.5,3,11.1,1,10.2,3,10.4,7,11.1,6,11.9,7,7.9,5,11.7,4,13.0,4
2016-12-09 11:00:00,9.9,5,9.2,3,8.7,6,10.1,2,7.5,5,12.7,6,11.3,3,10.4,3,8.4,4,8.4,3,9.1,3,7.5,2,6.5,4,5.3,4,10.2,5,8.9,3,7.1,2,7.7,1,5.4,2,7.0,2,10.8,2,9.2,2,7.2,4,9.6,1.0,10.6,2,11.2,3,9.8,2,13.5,1,11.3,3,11.7,6,12.4,5,13.3,7,11.3,5,13.3,3,13.9,4
2016-12-09 12:00:00,10.4,5,10.2,3,9.5,6,11.2,2,8.3,4,13.8,6,12.2,2,11.7,3,9.5,3,9.6,3,10.3,3,8.9,2,7.7,4,6.3,4,11.4,4,10.3,2,8.8,1,9.4,1,6.9,3,8.5,2,12.1,1,11.2,1,8.5,4,11.9,1.0,12.1,2,12.6,2,11.7,1,15.2,1,12.2,3,12.7,5,13.5,4,14.3,7,14.2,4,14.5,2,14.6,3
2016-12-09 13:00:00,10.6,5,10.6,3,10.1,5,11.8,2,8.8,4,14.3,6,12.8,2,12.5,2,10.3,3,10.3,2,10.7,3,9.7,2,8.3,4,6.8,4,12.2,3,11.2,2,9.9,1,10.5,1,7.8,2,9.3,2,12.9,1,12.5,1,9.4,3,12.0,1.0,13.0,2,13.3,1,12.9,1,15.8,1,12.8,2,13.3,5,14.0,4,14.9,6,15.9,4,15.0,2,15.0,2
2016-12-09 14:00:00,10.6,5,10.6,4,10.3,4,12.0,3,8.8,4,14.3,6,13.0,3,12.8,2,10.6,3,10.5,3,10.5,3,9.6,2,8.1,5,6.7,4,12.4,2,11.5,3,10.3,1,10.7,1,7.9,2,9.2,2,13.1,1,12.9,1,9.7,2,10.4,1.0,13.2,2,13.2,1,13.2,1,15.4,1,12.9,2,13.5,5,14.0,4,15.0,6,16.3,3,14.9,2,15.0,2
2016-12-09 15:00:00,10.3,5,9.7,4,9.2,5,11.4,3,7.9,4,13.8,7,13.0,3,12.5,2,9.7,3,9.8,3,9.5,3,8.5,3,7.7,2,6.7,4,12.2,2,11.2,1,10.1,2,10.0,1,7.2,2,8.4,1,12.3,1,12.1,1,8.8,2,8.5,1.0,13.4,1,12.1,3,12.6,1,14.7,1,13.1,1,12.9,5,12.5,5,14.3,5,15.5,3,14.5,2,13.9,3
2016-12-09 16:00:00,10.0,5,8.9,4,8.5,4,10.7,3,6.8,4,13.0,7,12.3,4,11.8,3,8.8,3,8.7,3,8.9,3,6.8,3,6.2,2,5.3,3,11.7,3,10.1,1,9.1,2,8.5,1,6.0,2,6.5,1,11.4,1,10.9,2,7.8,3,6.2,1.0,12.6,2,10.8,3,11.0,1,12.4,1,12.4,2,12.1,5,11.5,5,13.5,5,13.6,3,13.6,2,13.3,3
2016-12-09 17:00:00,9.7,4,8.0,4,7.7,5,9.9,4,5.5,4,12.0,7,11.5,5,10.8,5,7.6,3,7.4,3,8.3,3,4.7,3,4.4,2,3.7,3,10.9,5,8.8,1,7.7,2,6.4,1,4.4,3,4.4,1,10.3,1,9.2,2,6.5,4,4.3,1.0,11.4,2,9.5,4,8.9,1,9.7,1,11.5,3,11.1,5,10.3,5,12.5,5,11.2,3,12.6,2,12.7,4
2016-12-09 18:00:00,9.4,4,7.2,4,7.0,5,9.1,5,4.5,4,11.3,7,10.7,6,10.0,6,6.5,3,6.3,3,7.9,3,3.0,3,2.8,2,2.4,3,10.2,6,7.6,2,6.5,2,4.4,2,3.0,3,2.5,2,9.3,1,7.5,2,5.4,4,3.0,1.0,10.2,2,8.4,4,6.9,1,7.4,1,10.6,3,10.2,4,9.5,5,11.7,5,9.2,4,11.6,3,12.0,4
2016-12-09 19:00:00,9.1,4,6.9,5,6.6,5,8.5,6,3.9,4,11.0,7,10.3,6,9.5,6,5.8,4,5.8,3,7.7,4,2.1,3,1.9,2,1.8,2,9.6,6,7.0,3,5.7,2,3.1,2,2.3,3,1.5,2,8.8,2,6.2,3,4.9,5,2.4,2.0,9.3,2,7.9,5,5.7,2,6.0,1,10.0,3,9.8,4,9.3,5,11.3,5,8.1,4,10.8,3,11.4,4
2016-12-09 20:00:00,8.7,4,6.8,5,6.5,6,8.0,6,3.7,3,11.1,6,10.2,6,9.3,6,5.5,4,5.5,4,7.5,4,1.8,2,1.6,2,1.7,2,9.2,5,6.7,4,5.3,2,2.3,3,2.2,2,1.1,2,8.5,2,5.3,3,4.8,4,2.2,2.0,8.5,2,7.8,5,5.2,3,5.4,1,9.5,2,9.7,4,9.5,5,11.2,5,7.7,4,10.3,3,10.8,4
2016-12-09 21:00:00,8.4,5,6.7,5,6.3,6,7.7,7,3.6,4,11.1,6,10.1,6,9.0,7,5.2,4,5.2,4,7.2,4,1.4,2,1.2,2,1.5,2,8.8,5,6.6,4,4.6,2,1.6,3,1.8,2,0.7,2,8.2,2,4.4,3,4.4,5,1.9,2.0,7.9,2,7.5,5,4.7,3,4.6,1,9.0,3,9.6,4,9.3,5,10.8,5,7.3,4,9.8,3,10.3,4
2016-12-09 22:00:00,8.2,5,6.6,5,5.9,6,7.5,7,3.6,4,11.1,6,10.1,6,8.7,7,5.0,4,4.8,4,7.0,4,1.1,3,1.0,2,1.4,2,8.5,6,6.4,5,4.0,3,1.1,3,1.6,2,0.4,2,7.9,1,3.7,3,4.1,5,1.7,3.0,7.5,1,7.3,5,4.4,4,4.1,2,8.5,3,9.4,4,9.2,5,10.5,5,7.1,5,9.4,3,9.9,4
2016-12-09 23:00:00,8.0,5,6.5,5,5.5,6,7.3,7,3.5,4,11.1,6,10.0,6,8.5,6,4.9,5,4.4,4,6.7,4,1.1,3,0.9,2,1.2,2,8.1,6,6.0,5,3.5,3,0.7,3,1.3,2,0.3,3,7.5,1,3.0,4,3.8,5,1.6,3.0,7.2,2,7.1,4,4.3,4,3.7,2,8.0,3,9.3,4,9.0,5,10.2,5,7.0,5,9.2,3,9.6,4
2016-12-10 00:00:00,8.1,5,6.4,5,5.2,6,7.2,6,3.4,4,11.0,6,9.9,6,8.3,6,4.8,5,4.0,4,6.4,4,1.2,4,0.8,2,1.1,2,7.7,6,5.7,5,3.0,3,0.5,4,1.1,3,0.2,3,7.0,1,2.4,4,3.5,5,1.6,3.0,6.9,2,6.9,5,4.3,4,3.3,2,7.8,4,9.0,4,8.7,5,9.8,5,6.7,5,9.1,3,9.3,4
2016-12-10 01:00:00,8.2,5,6.3,5,5.2,6,7.1,6,3.3,5,11.0,6,9.8,6,8.1,6,4.7,5,3.9,4,6.1,5,1.3,4,0.7,3,1.0,3,7.3,6,5.5,5,2.6,4,0.4,4,0.9,3,0.1,3,6.4,2,1.8,5,3.2,5,1.8,4.0,6.8,3,6.5,5,4.3,5,2.9,2,7.8,4,8.8,4,8.4,5,9.4,5,6.3,5,9.1,4,9.1,4
2016-12-10 02:00:00,8.5,5,6.2,5,5.3,6,7.1,6,3.1,5,10.9,6,9.7,6,7.9,6,4.5,5,3.8,4,5.9,5,1.5,4,0.5,3,0.8,4,6.9,6,5.2,5,2.3,4,0.4,4,0.7,4,0.0,4,6.0,4,1.3,5,2.9,5,2.1,4.0,6.6,4,6.2,5,4.3,5,2.5,3,7.9,4,8.4,4,8.0,5,8.9,5,5.7,5,9.1,4,8.9,4
2016-12-10 03:00:00,8.6,6,5.8,6,5.1,6,7.1,6,3.1,4,10.6,6,9.5,4,8.0,6,4.8,4,3.8,4,5.5,4,1.3,2,1.5,2,0.8,1,6.8,5,5.2,4,1.9,3,1.3,3,0.7,2,1.1,1,6.2,3,2.4,1,3.7,2,0.6,1.0,6.6,2,5.8,5,2.9,1,5.0,1,8.1,4,8.9,5,8.3,5,8.6,6,3.7,2,8.5,2,9.1,5
2016-12-10 04:00:00,8.7,6,5.8,6,5.0,6,7.0,6,2.7,4,10.4,6,9.4,5,7.8,6,4.4,4,3.5,4,5.3,4,0.9,2,1.1,2,0.5,1,6.4,5,4.9,4,1.6,3,0.9,2,0.4,2,1.0,1,5.9,3,2.1,2,3.4,2,0.5,1.0,6.2,3,5.5,5,2.7,1,4.4,1,7.8,4,9.0,5,8.3,6,8.2,5,3.8,2,8.2,2,9.0,5
2016-12-10 05:00:00,8.8,7,5.8,7,5.0,6,6.8,5,2.2,4,10.3,6,9.3,5,7.5,6,4.0,4,3.1,4,5.2,4,0.6,3,0.8,2,0.3,1,6.1,6,4.7,5,1.4,4,0.6,2,-0.1,2,1.0,1,5.8,3,2.0,2,3.0,2,0.4,1.0,5.9,3,5.2,4,2.7,1,3.7,1,7.5,4,9.1,5,8.3,6,7.9,5,3.9,2,7.8,2,9.0,5
2016-12-10 06:00:00,8.9,7,5.9,7,5.0,6,6.7,5,2.0,4,10.1,6,9.1,5,7.1,6,3.8,5,3.0,4,5.2,5,0.6,3,0.8,2,0.3,2,5.9,6,4.5,5,1.4,4,0.6,2,-0.3,2,1.1,1,5.8,3,2.1,3,2.9,2,0.3,1.0,5.7,3,5.3,4,2.9,1,3.7,2,7.3,4,9.1,5,8.5,7,8.1,5,4.1,2,7.7,2,9.1,5
2016-12-10 07:00:00,9.0,6,6.1,7,5.2,6,6.7,5,2.5,5,9.8,6,8.9,5,6.8,6,4.1,5,3.3,5,5.3,5,1.0,4,1.2,3,0.8,2,5.8,6,4.4,5,1.5,3,1.1,2,-0.2,2,1.6,2,6.0,3,2.5,3,3.1,3,0.3,1.0,5.7,3,5.9,5,3.5,2,4.7,2,7.4,4,9.2,6,8.9,7,9.2,5,4.5,3,8.1,2,9.5,5
2016-12-10 08:00:00,9.1,6,6.6,6,5.6,7,7.0,5,3.4,6,9.7,6,8.8,4,6.7,5,4.7,6,4.1,5,5.5,6,1.9,4,2.1,3,1.7,2,6.0,6,4.6,4,1.9,3,2.0,2,0.3,2,2.4,3,6.5,2,3.4,3,3.7,3,0.8,1.0,6.1,3,7.0,6,4.5,3,6.6,1,7.9,4,9.4,7,9.5,7,10.8,6,5.4,4,9.0,2,10.2,5
2016-12-10 09:00:00,9.4,6,7.3,6,6.3,7,7.6,5,4.5,6,10.1,6,9.1,3,7.1,5,5.7,6,5.2,6,6.2,6,3.2,5,3.2,3,2.9,2,6.6,6,5.2,4,2.9,3,3.4,2,1.2,3,3.7,3,7.4,1,4.7,3,4.6,3,2.5,1.0,7.1,2,8.5,6,5.9,4,9.1,1,8.7,4,9.9,7,10.4,7,12.4,7,7.0,5,10.3,2,11.1,5
2016-12-10 10:00:00,9.9,6,8.3,5,7.3,7,8.7,4,5.6,7,11.2,6,9.9,2,8.2,4,6.9,7,6.4,7,7.3,7,4.8,4,4.5,4,4.3,2,7.8,6,6.4,3,4.5,3,5.1,2,2.5,3,5.3,3,8.7,1,6.6,2,5.7,3,5.6,1.0,8.7,2,10.2,6,7.7,3,11.7,1,9.8,4,10.8,7,11.5,7,13.5,7,9.4,5,12.0,3,12.1,5
2016-12-10 11:00:00,10.5,5,9.3,5,8.4,6,9.9,3,6.6,6,12.5,6,10.9,2,9.7,2,8.0,7,7.7,7,8.6,7,6.4,4,5.8,4,5.6,2,9.2,5,8.0,2,6.4,2,6.9,2,4.0,3,6.9,2,10.2,1,8.6,2,6.9,3,9.1,1.0,10.6,2,11.8,5,9.6,2,14.1,1,10.9,3,11.8,6,12.6,7,14.2,7,12.0,5,13.6,3,13.0,4
2016-12-10 12:00:00,11.0,5,10.2,5,9.4,6,11.0,2,7.3,6,13.7,6,11.8,2,11.1,2,9.1,7,8.8,7,9.7,7,7.7,3,6.7,4,6.6,2,10.5,5,9.4,2,8.2,2,8.5,2,5.3,3,8.1,2,11.5,1,10.5,1,8.0,2,11.4,1.0,12.2,2,13.0,4,11.2,1,15.8,1,11.9,2,12.8,6,13.4,6,14.6,7,14.3,4,14.9,2,13.7,3
2016-12-10 13:00:00,11.3,5,10.6,5,10.0,5,11.6,3,7.7,5,14.3,6,12.4,2,11.9,1,9.9,6,9.7,6,10.2,6,8.5,3,7.0,4,7.0,2,11.3,5,10.4,2,9.4,2,9.7,1,6.3,3,8.5,1,12.3,1,11.8,1,8.8,2,11.5,1.0,13.2,2,13.4,3,12.1,0,16.5,1,12.4,2,13.5,6,13.7,7,14.9,6,15.7,4,15.5,2,14.0,3
2016-12-10 14:00:00,11.4,5,10.6,5,10.1,4,11.7,4,7.8,4,14.2,6,12.6,3,12.1,2,10.2,5,10.1,5,10.2,5,8.5,3,6.8,3,6.9,2,11.6,4,10.7,2,9.9,2,10.1,2,6.7,2,8.2,1,12.5,1,12.3,1,9.2,2,10.0,1.0,13.5,2,13.2,3,12.3,0,16.1,1,12.6,2,13.8,6,13.5,7,15.1,6,16.1,4,15.6,2,14.0,3
2016-12-10 15:00:00,10.5,6,9.4,5,9.3,5,10.4,4,7.7,3,13.3,7,11.8,3,10.8,2,8.9,5,8.9,4,8.7,4,7.9,2,6.0,1,5.3,3,11.1,2,10.3,1,9.7,1,9.6,2,6.0,2,7.1,1,12.6,1,12.3,1,8.6,1,8.2,1.0,13.9,1,13.0,4,12.4,1,15.4,1,12.8,2,13.4,6,13.3,6,14.8,5,15.8,3,15.3,3,13.8,4
2016-12-10 16:00:00,10.2,5,8.4,5,8.5,5,9.8,5,6.5,3,12.6,7,11.0,4,10.0,3,7.9,4,7.9,3,8.1,3,6.2,2,4.5,2,3.8,3,10.3,4,9.2,1,8.7,1,8.0,2,4.8,2,5.3,1,11.6,1,10.9,1,7.7,2,6.2,1.0,12.9,2,12.1,3,11.1,1,12.9,1,12.0,2,12.4,5,12.2,5,14.1,4,14.1,3,14.5,4,13.0,4
2016-12-10 17:00:00,9.7,5,7.2,5,7.5,5,9.1,5,5.2,3,11.7,7,10.0,5,9.1,4,6.7,4,6.7,3,7.6,3,4.2,2,2.8,2,2.2,2,9.3,5,7.8,1,7.4,1,5.8,2,3.2,3,3.3,1,10.4,1,8.9,1,6.5,2,4.6,1.0,11.4,2,11.0,3,9.3,1,10.1,1,10.9,2,11.1,4,10.9,5,13.2,4,12.0,3,13.5,4,12.1,4
2016-12-10 18:00:00,9.3,5,6.4,5,6.6,6,8.4,5,4.1,3,10.9,7,9.2,6,8.2,6,5.7,4,5.6,3,7.2,3,2.5,2,1.4,2,1.0,2,8.4,6,6.7,1,6.2,2,3.7,2,1.8,3,1.6,1,9.4,1,7.0,1,5.4,3,3.5,1.0,10.0,2,10.0,3,7.6,1,7.6,1,9.8,2,9.9,3,9.8,4,12.3,4,10.2,3,12.6,5,11.2,3
2016-12-10 19:00:00,8.9,5,6.2,5,6.3,6,7.9,5,3.5,3,10.5,7,8.9,6,7.7,7,5.2,4,5.0,4,7.0,4,1.6,2,0.7,2,0.5,2,7.8,6,6.1,2,5.4,2,2.2,2,1.2,4,0.6,2,8.8,1,5.7,1,4.8,3,2.9,1.0,8.9,2,9.2,3,6.4,2,6.2,1,9.0,2,9.3,3,9.3,4,11.8,4,9.1,4,11.9,4,10.5,3
2016-12-10 20:00:00,8.6,5,6.3,5,6.2,6,7.4,5,3.3,4,10.4,7,8.9,7,7.4,7,4.9,5,4.6,4,6.9,4,1.3,2,0.5,2,0.4,2,7.5,7,5.8,2,4.8,2,1.3,2,1.1,4,0.3,2,8.5,1,5.0,1,4.6,3,2.5,1.0,8.1,2,8.7,3,5.8,3,5.6,1,8.3,2,9.1,3,9.4,4,11.6,4,8.6,5,11.5,4,9.9,4
2016-12-10 21:00:00,8.4,5,6.2,5,6.2,6,7.1,5,3.3,4,10.4,6,8.9,7,7.2,7,4.6,5,4.2,4,6.6,5,1.0,2,0.2,2,0.1,2,7.3,7,5.5,2,4.2,2,0.6,2,1.0,4,0.0,2,8.1,2,4.2,1,4.3,3,2.2,1.0,7.4,2,8.1,3,5.4,3,4.9,2,7.6,2,8.8,3,9.1,5,11.2,4,8.2,5,11.1,4,9.4,4
2016-12-10 22:00:00,8.3,6,6.2,5,6.2,6,6.8,5,3.5,4,10.3,6,8.9,7,7.1,7,4.4,5,3.9,4,6.4,5,0.8,2,0.1,2,0.1,1,7.2,7,5.2,3,3.7,2,0.3,3,0.9,4,0.1,2,7.7,2,3.5,2,4.1,3,1.7,1.0,6.9,2,7.7,3,5.1,2,4.4,2,7.1,3,8.7,4,8.9,5,10.9,4,7.9,5,10.7,4,8.9,4
2016-12-10 23:00:00,8.2,6,6.3,5,6.2,6,6.8,5,3.6,4,10.2,6,9.0,7,7.1,7,4.4,5,3.8,4,6.3,5,0.9,2,0.2,2,0.1,1,7.1,7,5.1,3,3.3,3,0.2,3,0.8,4,0.3,3,7.2,2,3.0,2,3.8,4,1.3,1.0,6.4,2,7.2,4,4.9,2,4.1,2,6.7,3,8.5,4,8.6,5,10.5,4,7.7,5,10.5,4,8.5,4
2016-12-11 00:00:00,8.3,6,6.5,6,6.3,6,6.8,6,3.9,4,10.0,6,9.0,7,7.1,6,4.6,5,4.0,5,6.3,5,1.2,3,0.4,2,0.3,2,7.1,7,5.1,4,3.0,3,0.3,4,0.7,5,0.5,4,6.6,2,2.5,2,3.5,4,1.1,1.0,6.0,2,6.7,4,4.8,2,3.9,2,6.4,3,8.3,4,8.2,5,10.0,4,7.3,5,10.4,4,8.2,4
2016-12-11 01:00:00,8.4,6,6.8,6,6.5,6,7.0,6,4.2,5,9.6,6,8.9,6,7.2,6,4.9,5,4.3,5,6.5,5,1.7,4,0.8,2,0.6,3,7.0,7,5.2,4,2.8,4,0.6,4,0.8,5,0.6,4,6.0,3,2.1,2,3.2,4,1.3,1.0,5.6,2,6.2,4,4.7,3,3.6,2,6.1,4,8.0,4,7.7,5,9.4,4,6.9,5,10.3,4,8.0,4
2016-12-11 02:00:00,8.5,6,7.1,6,6.7,6,7.2,6,4.6,5,9.1,6,8.8,6,7.3,6,5.3,5,4.7,5,6.7,5,2.2,5,1.2,3,1.0,5,7.0,7,5.3,5,2.8,5,0.9,5,0.8,5,0.7,5,5.5,3,1.8,2,2.8,5,1.7,1.0,5.3,2,5.6,5,4.5,4,3.3,3,5.9,4,7.6,4,7.3,5,8.8,5,6.4,5,10.3,4,7.8,4
2016-12-11 03:00:00,8.9,5,7.5,5,6.7,7,8.5,6,5.0,6,10.3,4,9.7,5,9.1,6,5.7,7,5.2,7,6.2,7,1.7,3,1.1,4,0.6,2,7.4,6,5.8,6,1.9,4,1.9,4,0.4,4,0.7,2,6.1,3,2.4,3,2.9,4,1.0,1.0,4.9,4,4.9,6,3.7,4,4.1,1,4.3,2,5.7,5,5.7,5,8.1,6,5.9,4,9.8,3,8.1,2
2016-12-11 04:00:00,8.7,4,7.5,5,6.7,6,8.5,5,4.8,7,10.0,3,9.5,4,9.2,5,5.8,7,5.5,6,6.5,6,1.8,4,1.1,5,0.7,2,7.5,6,5.9,6,1.9,4,1.7,4,0.1,4,1.0,2,5.7,3,2.1,3,2.8,4,0.9,1.0,4.5,4,4.6,5,3.7,4,3.4,1,3.8,2,5.4,4,5.5,5,7.6,5,5.7,3,9.4,3,7.7,2
2016-12-11 05:00:00,8.5,4,7.5,5,6.5,6,8.3,4,4.5,6,9.8,2,9.2,3,9.1,5,5.9,6,5.5,6,6.8,6,2.0,4,1.1,5,0.8,2,7.7,5,6.0,6,2.0,4,1.4,5,-0.3,4,1.4,3,5.4,3,1.8,3,2.5,3,0.7,1.0,4.1,5,4.4,4,3.9,4,2.7,1,3.5,2,5.3,4,5.7,6,7.2,4,5.6,3,9.0,3,7.4,2
2016-12-11 06:00:00,8.3,3,7.3,5,6.4,6,8.2,3,4.3,6,9.7,2,9.0,2,8.9,4,5.8,6,5.5,5,6.9,5,2.2,5,1.3,5,1.1,3,7.7,5,5.9,6,2.1,5,1.3,5,-0.5,3,1.8,3,5.2,3,1.8,3,2.3,3,0.6,1.0,3.8,5,4.6,3,4.2,4,2.8,1,3.5,2,5.6,3,6.2,5,7.3,4,5.5,3,8.9,3,7.6,2
2016-12-11 07:00:00,8.1,3,7.0,5,6.4,6,8.2,2,4.5,6,9.7,2,8.9,2,8.6,4,5.8,6,5.5,5,6.8,6,2.5,5,1.6,6,1.6,4,7.6,5,5.7,6,2.2,5,1.6,6,-0.5,4,2.1,4,5.1,4,2.1,3,2.1,3,0.6,1.0,3.8,6,5.4,3,4.6,5,4.0,1,3.9,2,6.6,3,7.2,5,8.0,4,5.5,4,9.5,3,8.6,2
2016-12-11 08:00:00,8.0,3,6.9,6,6.7,7,8.2,3,5.0,6,9.9,2,8.9,2,8.4,4,5.8,6,5.7,6,6.7,6,2.9,6,1.9,6,2.4,5,7.6,6,5.6,7,2.5,6,2.2,6,-0.2,4,2.5,5,5.3,5,2.9,3,2.3,4,1.1,2.0,4.2,6,6.7,3,5.3,5,5.9,1,4.7,3,8.0,2,8.6,4,9.1,5,5.8,5,10.5,4,10.1,2
2016-12-11 09:00:00,8.0,4,7.0,6,7.2,7,8.5,3,5.5,6,10.2,2,9.1,2,8.6,4,6.2,7,6.1,6,6.9,7,3.6,7,2.5,7,3.2,6,7.9,6,5.8,7,3.2,7,3.2,6,0.5,5,3.1,5,5.9,6,4.1,4,3.0,5,2.5,2.0,5.1,7,8.4,3,6.4,4,8.3,1,6.0,3,9.5,2,10.2,3,10.3,5,6.7,5,11.8,4,11.8,2
2016-12-11 10:00:00,8.3,4,7.6,6,7.9,7,8.9,3,6.0,7,10.8,3,9.5,3,9.2,4,6.9,7,6.9,7,7.5,7,4.5,7,3.3,7,4.1,6,8.6,6,6.5,7,4.3,8,4.4,5,1.6,5,4.1,6,7.0,7,5.8,4,4.4,5,5.1,1.0,6.7,7,10.2,2,8.0,3,10.6,1,7.6,3,10.9,2,11.9,3,11.4,5,8.4,5,13.0,4,13.3,1
2016-12-11 11:00:00,8.7,5,8.5,6,8.6,6,9.5,3,6.4,7,11.4,3,9.9,4,10.1,3,7.7,7,7.8,7,8.3,7,5.5,7,4.0,7,4.9,7,9.6,5,7.6,6,5.7,8,5.7,5,2.8,5,5.3,6,8.3,7,7.7,5,6.1,5,7.9,1.0,8.5,6,11.9,2,9.8,2,12.6,2,9.4,3,12.1,2,13.5,2,12.3,5,10.5,4,14.0,3,14.6,1
2016-12-11 12:00:00,9.0,5,9.3,6,9.3,6,10.0,3,6.9,7,11.9,3,10.4,4,11.0,2,8.5,7,8.6,7,9.0,7,6.5,7,4.6,7,5.5,7,10.5,5,8.7,5,7.0,7,6.9,5,4.1,5,6.1,7,9.5,7,9.2,5,7.5,5,9.7,1.0,10.2,6,13.1,1,11.5,1,14.0,2,10.8,3,13.1,2,14.8,2,13.1,4,12.5,3,14.7,3,15.5,1
2016-12-11 13:00:00,9.2,5,9.8,6,9.7,5,10.4,3,7.5,6,12.2,3,10.7,3,11.6,2,9.0,6,9.1,6,9.3,6,7.2,7,4.8,7,5.8,7,11.2,5,9.5,4,7.9,6,7.8,5,5.1,6,6.3,7,10.4,7,10.1,6,8.3,5,9.8,2.0,11.4,6,13.7,2,12.7,1,14.6,2,11.7,3,13.8,2,15.5,2,13.9,3,13.9,2,15.0,2,16.0,1
2016-12-11 14:00:00,9.2,6,9.8,6,9.7,5,10.7,3,7.8,6,12.1,2,10.8,3,11.9,2,9.1,5,9.3,5,9.2,5,7.5,6,4.8,6,5.7,7,11.5,4,10.0,3,8.4,5,8.3,6,5.7,6,6.1,7,10.7,7,10.4,6,8.4,5,8.5,2.0,12.0,6,13.7,3,13.3,1,14.3,2,11.9,3,14.0,2,15.6,2,14.4,3,14.6,2,14.9,2,16.0,2
2016-12-11 15:00:00,9.1,4,9.2,5,9.1,6,11.0,2,8.5,5,11.9,3,10.8,2,12.2,2,9.2,4,9.4,4,9.5,4,6.9,4,5.0,6,5.1,6,11.7,6,10.3,4,8.0,5,7.8,3,5.2,5,5.8,6,9.6,7,9.4,6,7.0,5,6.2,1.0,11.9,7,13.0,1,13.4,1,13.2,5,12.3,6,14.0,2,15.0,2,13.9,2,14.4,2,13.8,3,16.2,2
2016-12-11 16:00:00,8.8,4,8.3,5,8.2,5,10.2,2,7.7,5,11.5,3,10.2,2,11.7,2,8.2,4,8.4,4,8.9,4,6.0,4,4.6,6,4.5,5,11.1,5,9.5,3,7.6,4,7.0,3,4.5,5,4.8,5,9.0,6,8.7,5,6.2,4,4.6,1.0,11.3,7,11.9,2,11.7,1,11.2,5,11.7,6,13.1,2,13.4,2,13.3,2,12.8,2,13.1,3,15.1,2
2016-12-11 17:00:00,8.4,5,7.3,5,7.1,5,9.1,2,6.7,4,11.1,3,9.4,2,10.9,3,7.0,4,7.3,4,8.2,4,4.8,4,4.3,5,4.0,5,10.3,5,8.6,2,7.0,3,6.0,4,3.6,4,3.8,4,8.4,5,7.7,4,5.3,2,3.5,1.0,10.3,7,10.7,1,9.3,1,8.9,4,10.9,6,11.9,3,11.5,2,12.4,3,10.6,2,12.2,4,13.8,2
2016-12-11 18:00:00,8.0,5,6.4,6,6.2,5,8.2,2,5.7,4,10.7,3,8.8,3,10.0,3,6.1,4,6.3,4,7.6,4,3.9,4,3.9,5,3.6,6,9.5,5,7.8,2,6.5,3,4.9,4,2.9,4,3.0,4,7.8,4,6.8,3,4.6,1,2.7,1.0,9.3,6,9.6,1,7.1,2,7.0,4,10.2,6,10.8,3,10.0,2,11.5,3,8.3,2,11.3,5,12.8,3
2016-12-11 19:00:00,7.7,6,5.9,6,5.7,5,7.7,3,5.1,5,10.3,3,8.5,3,9.3,4,5.6,5,5.8,5,7.3,5,3.4,5,3.5,5,3.4,6,8.8,5,7.4,4,6.1,3,4.0,5,2.7,5,2.7,4,7.4,4,6.2,3,4.3,2,2.2,1.0,8.5,6,8.7,1,5.7,2,6.0,4,9.6,6,10.1,3,9.3,2,10.9,2,6.6,2,10.7,4,12.4,3
2016-12-11 20:00:00,7.5,5,5.6,6,5.4,5,7.3,5,4.8,6,9.9,2,8.5,4,8.8,5,5.5,6,5.7,6,7.1,6,3.2,5,3.2,5,3.3,6,8.4,6,7.3,5,5.9,3,3.4,5,2.8,5,2.6,5,7.2,5,5.8,4,4.3,2,1.8,2.0,7.8,6,8.1,1,5.0,3,5.8,4,9.1,6,9.8,3,9.2,2,10.4,2,5.6,3,10.3,3,12.3,3
2016-12-11 21:00:00,7.3,5,5.3,6,5.3,5,6.8,5,4.6,6,9.6,3,8.5,4,8.4,5,5.2,6,5.2,6,6.8,6,3.0,5,3.0,5,3.2,6,8.1,6,7.0,5,5.5,4,3.1,5,2.7,5,2.6,5,6.9,5,5.4,5,4.1,3,1.3,2.0,7.4,5,7.6,2,4.3,3,5.4,4,8.8,6,9.3,3,8.8,2,9.7,2,4.7,3,10.0,3,11.9,2
2016-12-11 22:00:00,7.1,6,5.1,6,5.1,6,6.3,5,4.4,6,9.4,3,8.4,5,8.2,5,4.9,6,4.8,6,6.5,6,2.9,5,2.9,5,3.1,6,8.0,6,6.7,6,5.2,4,2.9,5,2.6,5,2.5,5,6.8,5,5.1,5,3.9,4,0.8,2.0,7.0,5,7.0,2,3.9,3,5.2,5,8.4,6,8.9,4,8.5,3,9.1,2,4.1,3,9.8,3,11.4,2
2016-12-11 23:00:00,6.9,6,4.9,5,5.0,6,6.0,5,4.3,6,9.2,4,8.4,5,7.9,6,4.7,6,4.5,6,6.3,6,2.9,5,2.9,5,3.0,6,8.0,6,6.3,6,4.9,4,2.8,5,2.5,5,2.3,5,6.6,5,4.8,5,3.8,4,0.5,2.0,6.8,5,6.5,2,3.6,3,5.1,5,8.1,5,8.5,4,8.2,3,8.4,2,3.7,3,9.7,4,10.8,2
2016-12-12 00:00:00,6.8,6,4.9,5,4.8,6,5.8,5,4.3,6,9.0,4,8.3,5,7.7,6,4.6,6,4.3,5,6.2,6,3.0,5,2.8,5,2.9,6,7.9,6,6.0,6,4.7,5,2.9,5,2.5,5,2.1,5,6.5,5,4.5,5,3.7,5,0.5,2.0,6.6,5,6.0,3,3.4,3,4.9,5,7.7,5,8.1,4,7.9,3,7.9,3,3.5,4,9.6,4,10.2,2
2016-12-12 01:00:00,6.7,6,4.9,5,4.7,6,5.9,5,4.3,6,8.8,5,8.1,5,7.5,6,4.7,6,4.4,5,6.2,5,3.1,5,2.8,5,2.9,6,7.7,6,5.8,6,4.5,5,3.0,5,2.5,5,2.0,6,6.3,6,4.2,5,3.7,5,0.7,3.0,6.3,5,5.5,4,3.2,4,4.7,5,7.2,5,7.7,4,7.4,4,7.4,3,3.3,4,9.5,4,9.5,3
2016-12-12 02:00:00,6.7,6,5.1,5,4.7,6,6.1,6,4.3,6,8.5,5,8.0,6,7.2,6,4.9,6,4.6,5,6.3,5,3.3,6,2.8,5,2.9,6,7.4,6,5.8,6,4.5,6,3.2,5,2.5,5,2.0,6,6.3,6,3.9,5,3.7,5,1.1,3.0,6.1,5,4.9,4,3.1,4,4.5,5,6.8,5,7.2,4,7.0,4,7.0,4,3.3,4,9.4,4,8.8,4
2016-12-12 03:00:00,7.2,5,5.2,6,4.8,5,8.5,7,3.9,5,9.7,7,9.2,6,8.6,6,6.0,7,5.3,7,6.4,6,3.3,5,2.1,5,2.0,4,7.4,6,6.1,6,4.3,6,3.8,5,1.7,5,1.3,4,5.9,4,3.8,5,2.7,5,0.4,3.0,4.8,5,5.2,3,3.1,4,4.0,2,4.5,3,6.4,3,6.9,2,6.1,3,3.1,5,9.2,4,9.9,1
2016-12-12 04:00:00,7.3,6,5.1,6,4.7,6,8.3,7,3.8,4,9.5,7,9.0,6,8.5,6,5.9,7,5.3,6,6.4,6,3.4,5,1.8,6,1.8,4,7.4,6,6.2,6,4.2,6,3.8,4,1.5,5,1.2,4,5.8,4,3.5,5,2.6,5,0.7,3.0,4.6,6,4.9,3,2.8,3,3.6,2,4.5,3,5.9,3,6.7,2,5.7,3,2.7,5,8.9,4,9.7,2
2016-12-12 05:00:00,7.4,6,5.0,6,4.6,6,8.0,7,3.8,4,9.3,6,8.8,6,8.3,6,5.6,6,5.3,6,6.3,6,3.4,4,1.4,5,1.6,3,7.3,5,6.4,5,4.2,5,3.8,4,1.3,5,1.0,5,5.8,5,3.3,5,2.5,4,0.8,3.0,4.5,5,4.7,3,2.5,3,3.2,2,4.5,3,5.5,3,6.7,2,5.4,4,2.4,4,8.7,3,9.5,2
2016-12-12 06:00:00,7.5,6,4.9,6,4.6,6,7.8,7,3.8,5,9.3,6,8.6,6,8.0,6,5.4,6,5.2,5,6.2,5,3.3,4,1.2,5,1.5,3,7.2,5,6.3,4,4.0,5,3.8,4,1.2,5,1.0,5,5.8,5,3.3,5,2.2,4,0.6,3.0,4.5,5,4.8,3,2.5,3,3.2,3,4.6,3,5.6,3,7.0,2,5.5,4,2.4,4,8.6,3,9.6,2
2016-12-12 07:00:00,7.4,6,4.8,6,4.6,7,7.7,7,3.9,5,9.4,6,8.6,6,7.8,6,5.2,6,5.0,6,6.1,6,3.1,5,1.2,5,1.5,4,7.2,6,6.0,5,3.7,6,3.8,5,1.1,5,1.1,5,5.9,5,3.5,5,1.8,4,0.1,3.0,4.8,5,5.3,3,3.0,4,3.9,3,4.8,4,6.5,3,7.7,2,6.3,4,2.8,4,8.9,4,10.2,2
2016-12-12 08:00:00,7.3,7,5.0,6,4.7,7,7.7,7,4.2,6,9.7,6,8.8,6,7.9,6,5.2,6,5.0,6,6.0,6,3.0,5,1.3,6,1.7,5,7.5,6,5.6,5,3.4,6,4.0,6,1.2,6,1.4,5,6.2,6,3.9,5,1.5,5,-0.2,3.0,5.3,5,6.2,3,4.0,4,5.3,3,5.2,5,8.0,3,8.8,2,7.7,4,3.8,5,9.6,5,11.2,3
2016-12-12 09:00:00,7.5,7,5.4,7,5.1,6,8.1,7,4.5,6,10.3,5,9.2,7,8.3,6,5.6,7,5.3,7,6.3,7,3.3,6,1.6,6,2.1,6,8.1,7,5.7,6,3.6,7,4.4,7,1.5,7,1.9,5,6.8,6,4.6,5,1.6,6,0.6,2.0,6.3,5,7.5,3,5.3,4,7.0,4,6.0,6,9.7,3,10.1,2,9.2,4,5.4,5,10.7,5,12.4,3
2016-12-12 10:00:00,8.0,6,6.3,7,5.8,5,8.8,7,4.9,6,11.2,5,9.9,7,9.2,7,6.6,7,6.1,7,7.0,7,4.1,6,2.0,5,2.6,7,9.2,7,6.4,7,4.4,7,5.1,6,2.1,6,2.6,5,7.7,6,5.6,5,2.3,7,2.9,2.0,7.6,5,9.0,2,6.9,4,8.9,4,7.3,6,11.4,3,11.6,2,10.6,4,7.6,5,12.1,5,13.6,2
2016-12-12 11:00:00,8.7,6,7.3,7,6.7,4,9.7,7,5.3,5,12.1,4,10.7,7,10.4,7,7.8,7,7.2,7,7.9,7,5.2,6,2.5,5,3.1,6,10.4,7,7.5,7,5.6,7,6.0,6,2.9,6,3.3,4,8.8,6,6.7,4,3.4,6,5.7,2.0,9.1,4,10.5,2,8.6,3,10.8,3,8.9,6,13.1,4,13.2,2,11.7,3,10.1,5,13.6,4,14.8,2
2016-12-12 12:00:00,9.4,6,8.3,7,7.6,3,10.5,7,5.8,4,12.9,4,11.4,7,11.5,7,8.8,7,8.1,7,8.6,7,6.2,5,3.0,4,3.6,6,11.5,7,8.6,7,6.8,6,6.9,5,3.7,5,3.9,4,9.7,6,7.7,3,4.5,6,7.5,1.0,10.4,4,11.6,1,10.2,2,12.2,3,10.2,5,14.5,3,14.5,2,12.7,3,12.3,5,14.8,4,15.6,2
2016-12-12 13:00:00,9.8,6,9.0,7,8.2,3,11.0,7,6.3,3,13.3,5,11.8,7,12.2,7,9.3,7,8.7,7,9.0,7,6.9,4,3.4,4,3.8,5,12.1,7,9.4,7,7.7,6,7.8,5,4.4,5,4.1,4,10.2,6,8.4,3,5.2,5,7.4,1.0,11.3,4,12.1,1,11.4,1,12.9,4,11.0,5,15.6,3,15.4,2,13.4,3,13.9,4,15.4,3,16.0,2
2016-12-12 14:00:00,9.9,7,9.3,7,8.5,4,11.2,7,6.6,2,13.3,6,11.9,6,12.5,7,9.2,7,8.8,7,9.0,7,7.2,3,3.6,3,3.8,5,12.3,6,9.9,7,8.1,7,8.3,5,4.9,5,4.0,4,10.4,6,8.8,3,5.4,5,6.0,1.0,11.6,4,12.0,1,12.0,1,12.8,4,11.2,5,16.0,2,15.6,2,13.7,3,14.6,4,15.4,3,16.0,3
2016-12-12 15:00:00,8.9,7,8.3,6,6.4,3,11.9,3,6.0,2,13.3,7,12.5,5,12.7,4,7.7,6,7.6,6,7.8,6,5.3,2,3.3,4,3.5,4,12.7,6,10.5,7,6.8,4,6.7,2,3.8,3,3.3,3,10.2,6,6.8,2,3.3,3,4.0,1.0,12.0,5,9.5,2,12.2,1,11.9,3,11.5,4,12.9,3,12.9,2,12.6,4,15.5,4,15.4,3,15.2,2
2016-12-12 16:00:00,8.9,7,8.1,7,6.3,4,11.2,4,5.6,2,12.7,7,12.0,6,12.1,5,7.2,7,7.1,7,7.5,7,4.2,2,2.8,4,3.1,3,12.1,6,9.9,7,6.3,3,5.6,2,3.0,4,2.5,3,9.4,6,5.9,2,2.7,3,2.5,1.0,11.3,5,8.4,2,10.3,1,10.2,2,10.8,4,11.3,3,11.1,2,11.4,4,13.5,4,14.2,3,14.2,3
2016-12-12 17:00:00,8.8,7,7.8,7,6.2,5,10.3,5,5.0,3,12.1,7,11.3,6,11.4,5,6.6,7,6.5,7,7.2,7,3.0,2,2.2,5,2.6,3,11.2,5,9.1,7,5.6,3,4.0,2,2.1,5,1.7,4,8.4,5,4.6,3,2.0,4,1.5,1.0,10.2,4,7.0,1,7.6,1,8.1,2,9.8,3,9.2,3,8.9,2,9.8,3,10.8,3,12.8,3,13.0,3
2016-12-12 18:00:00,8.6,7,7.4,7,6.1,6,9.5,6,4.6,4,11.5,6,10.7,6,10.6,6,6.0,7,5.9,7,6.9,7,2.1,3,1.7,5,2.1,4,10.4,5,8.2,6,4.9,3,2.4,3,1.3,5,1.0,4,7.5,5,3.4,3,1.4,5,0.8,1.0,9.1,4,5.8,1,5.2,2,6.2,2,8.8,3,7.5,3,7.0,1,8.3,2,8.3,3,11.5,3,11.7,3
2016-12-12 19:00:00,8.4,7,7.1,7,5.9,6,9.1,6,4.4,5,11.1,6,10.4,6,10.0,6,5.7,7,5.6,7,6.8,7,1.7,3,1.4,5,1.6,4,9.8,5,7.4,6,4.5,4,1.3,3,0.8,5,0.5,4,7.0,4,2.5,4,1.2,5,0.5,1.0,8.2,4,5.0,2,3.7,2,4.8,2,7.9,3,6.5,3,6.0,2,7.4,2,6.8,4,10.7,3,10.6,3
2016-12-12 20:00:00,8.3,7,7.0,7,5.7,6,8.9,6,4.2,5,10.9,5,10.2,6,9.6,6,5.6,7,5.5,7,6.7,7,1.7,4,1.2,5,1.3,4,9.4,5,6.9,6,4.2,4,0.7,4,0.6,5,0.2,4,6.8,4,2.0,4,1.3,5,0.3,1.0,7.5,4,4.4,2,2.9,3,4.0,2,7.1,2,6.0,3,5.7,2,6.9,3,6.0,4,10.3,3,9.6,2
2016-12-12 21:00:00,8.3,7,6.8,7,5.5,6,8.6,6,4.0,5,10.8,5,10.0,6,9.4,6,5.4,7,5.2,7,6.4,7,1.7,4,1.0,5,1.0,4,9.0,6,6.4,6,3.9,5,0.2,4,0.3,5,0.0,4,6.6,4,1.6,4,1.2,5,0.0,1.0,6.9,3,3.7,2,2.4,3,3.4,2,6.3,2,5.5,3,5.3,2,6.4,3,5.4,4,9.9,3,8.9,2
2016-12-12 22:00:00,8.2,7,6.7,7,5.4,6,8.3,6,3.8,6,10.8,5,9.9,6,9.4,6,5.3,6,4.9,7,6.2,6,1.7,4,0.9,5,0.8,4,8.7,6,6.0,6,3.6,5,-0.1,4,0.1,5,-0.1,4,6.3,4,1.3,4,1.1,5,-0.2,2.0,6.4,3,3.0,3,2.1,4,3.0,3,5.7,3,5.0,3,5.1,3,6.0,3,4.9,4,9.6,3,8.2,2
2016-12-12 23:00:00,8.2,7,6.6,6,5.4,6,8.1,6,3.7,6,10.8,5,9.8,6,9.3,6,5.3,6,4.7,6,5.9,6,1.8,4,0.8,5,0.6,4,8.5,6,5.7,6,3.3,5,-0.2,4,-0.1,5,-0.2,4,6.0,4,1.1,4,1.1,4,-0.5,2.0,6.1,4,2.5,3,2.1,4,2.9,3,5.3,3,4.7,3,4.8,3,5.7,3,4.5,4,9.4,3,7.6,2
2016-12-13 00:00:00,8.1,7,6.5,6,5.3,6,7.8,6,3.6,6,10.7,5,9.6,6,9.2,6,5.2,6,4.5,6,5.8,6,1.8,4,0.7,5,0.5,4,8.2,6,5.5,6,3.0,5,-0.2,4,-0.2,5,-0.3,4,5.7,4,1.0,4,1.1,4,-0.6,3.0,5.7,4,2.0,3,2.1,4,2.9,3,5.1,3,4.4,4,4.5,3,5.6,4,4.2,4,9.3,3,7.1,2
2016-12-13 01:00:00,8.0,7,6.4,6,5.3,6,7.6,6,3.6,6,10.5,5,9.5,6,9.0,6,5.2,6,4.4,5,5.8,5,1.9,5,0.7,5,0.3,5,8.0,6,5.4,6,2.7,6,0.0,5,-0.2,5,-0.4,4,5.4,4,0.9,5,1.2,5,-0.5,3.0,5.4,4,1.6,4,2.1,5,3.0,3,5.0,4,4.3,4,4.2,4,5.5,4,4.0,4,9.1,4,6.6,3
2016-12-13 02:00:00,8.0,7,6.3,6,5.2,6,7.3,6,3.6,6,10.2,5,9.3,6,8.7,6,5.1,5,4.4,5,5.9,5,2.0,6,0.5,5,0.2,5,7.8,6,5.3,6,2.5,6,0.2,5,-0.3,5,-0.6,5,5.1,4,0.8,5,1.3,5,-0.2,4.0,5.1,5,1.3,4,2.1,5,3.1,3,5.1,4,4.2,4,3.9,4,5.5,4,3.7,5,8.9,4,6.1,3
2016-12-13 03:00:00,7.5,7,5.8,6,4.7,6,7.1,6,2.7,5,11.0,6,9.8,6,8.3,7,4.2,6,3.5,6,4.3,6,1.1,5,-0.8,4,-0.3,4,6.6,6,3.9,4,0.7,4,-1.6,5,-1.0,5,-1.6,2,3.9,2,-0.8,1,-0.4,4,-1.1,1.0,3.9,3,1.2,1,1.3,2,2.3,2,2.0,3,2.9,1,3.7,1,5.2,2,2.9,2,8.8,2,5.8,1
2016-12-13 04:00:00,7.6,7,5.9,6,4.8,6,7.0,6,2.7,5,10.9,6,9.7,6,8.4,6,4.1,6,3.6,6,4.3,6,1.0,4,-0.7,4,-0.3,4,6.8,6,3.9,4,0.5,4,-1.4,4,-1.1,5,-1.5,2,3.7,2,-1.2,2,-0.5,4,-1.2,1.0,3.3,3,0.6,2,1.0,2,1.7,2,1.6,3,2.5,1,3.2,2,4.7,2,2.5,2,8.5,2,5.1,1
2016-12-13 05:00:00,7.8,7,6.0,7,4.8,6,6.9,6,2.7,5,10.8,6,9.5,6,8.4,6,4.0,6,3.5,6,4.3,6,0.8,4,-0.5,4,-0.2,3,7.0,6,4.0,3,0.4,4,-1.2,4,-1.3,4,-1.4,3,3.6,2,-1.5,2,-0.7,4,-1.4,2.0,2.8,4,0.1,2,0.8,1,1.1,2,1.3,3,2.1,1,2.8,2,4.2,2,2.1,2,8.1,2,4.6,1
2016-12-13 06:00:00,7.9,7,6.1,7,4.8,6,6.8,7,2.7,5,10.7,6,9.2,6,8.2,6,3.9,6,3.5,6,4.3,6,0.6,4,-0.4,4,-0.2,3,7.0,6,4.0,2,0.2,4,-0.9,4,-1.5,5,-1.3,4,3.5,1,-1.6,2,-0.9,4,-1.7,2.0,2.4,4,0.1,2,0.8,2,1.0,3,1.1,4,2.3,1,2.9,2,4.3,3,2.1,2,8.0,2,4.6,1
2016-12-13 07:00:00,7.9,7,6.1,7,4.8,7,6.7,7,2.8,5,10.5,7,8.9,6,7.8,6,3.8,6,3.5,6,4.4,6,0.5,4,-0.5,5,-0.3,4,6.8,7,3.9,3,0.0,4,-0.6,5,-1.7,5,-1.4,4,3.5,1,-1.2,2,-1.0,4,-2.0,2.0,2.4,4,0.9,2,1.3,2,1.7,3,1.2,4,3.2,2,3.7,3,5.4,3,2.6,3,8.3,2,5.4,2
2016-12-13 08:00:00,7.9,7,6.2,7,4.8,7,6.9,7,3.0,5,10.5,7,8.8,6,7.5,7,4.0,6,3.7,6,4.7,6,0.5,4,-0.7,5,-0.5,5,6.6,7,4.0,3,0.2,4,-0.1,5,-1.8,6,-1.3,4,3.7,1,-0.2,2,-1.0,4,-1.8,2.0,2.8,4,2.3,2,2.2,2,3.2,2,1.7,4,4.7,2,5.2,3,7.2,4,3.8,4,9.1,2,6.8,2
2016-12-13 09:00:00,8.1,7,6.6,7,5.2,7,7.3,7,3.4,5,10.8,7,9.0,7,7.7,7,4.6,6,4.2,6,5.3,6,1.1,4,-0.6,5,-0.4,6,6.8,7,4.4,4,0.8,4,0.9,5,-1.6,7,-0.9,4,4.4,1,1.3,2,-0.7,4,-0.3,1.0,3.7,4,4.2,2,3.7,2,5.4,2,2.9,4,6.4,2,6.9,3,9.0,4,5.7,5,10.3,2,8.4,2
2016-12-13 10:00:00,8.6,7,7.3,7,6.0,7,8.2,7,4.1,4,11.6,7,9.6,7,8.6,7,5.7,5,5.2,5,6.2,5,2.2,3,-0.1,5,0.0,5,7.6,7,5.4,4,2.1,3,2.4,4,-1.1,6,0.1,4,5.7,1,3.3,1,0.0,4,2.7,1.0,5.2,3,6.3,2,5.6,2,8.2,2,4.7,4,8.1,3,8.7,3,10.5,4,8.2,5,11.9,2,10.0,1
2016-12-13 11:00:00,9.2,7,8.3,7,6.9,7,9.2,7,4.8,3,12.6,7,10.5,7,9.9,7,7.0,5,6.3,5,7.2,5,3.7,2,0.7,4,0.5,3,8.9,7,6.7,4,3.8,2,4.1,3,-0.2,5,1.3,3,7.3,1,5.4,1,1.1,4,6.2,1.0,7.0,2,8.5,2,7.7,2,10.9,2,6.8,3,9.6,4,10.3,3,11.6,4,10.9,4,13.6,2,11.4,1
2016-12-13 12:00:00,9.8,7,9.1,7,7.8,7,10.1,7,5.5,2,13.5,7,11.4,7,11.0,7,8.1,5,7.4,5,8.0,5,5.0,1,1.5,3,1.1,2,10.0,7,7.9,3,5.4,1,5.7,2,0.8,4,2.4,3,8.7,1,7.3,1,2.3,4,8.7,1.0,8.5,1,10.2,2,9.6,2,12.9,1,8.7,3,10.8,4,11.5,3,12.5,4,13.1,3,15.0,2,12.4,2
2016-12-13 13:00:00,10.1,7,9.6,7,8.4,6,10.7,6,5.9,2,13.9,7,12.0,7,11.6,7,8.7,6,8.1,5,8.5,5,5.9,1,2.2,2,1.5,2,10.7,7,8.8,3,6.5,1,6.8,1,1.9,3,3.0,3,9.4,1,8.6,1,3.5,3,9.1,1.0,9.5,1,11.3,2,10.9,2,13.7,1,9.9,2,11.7,5,12.1,4,13.2,3,14.4,3,15.7,2,13.0,2
2016-12-13 14:00:00,10.2,7,9.7,7,8.7,6,10.8,6,6.0,3,13.9,7,12.3,7,11.7,7,8.8,6,8.3,6,8.6,6,6.2,1,2.6,2,1.7,2,11.0,6,9.1,3,6.9,1,7.2,1,2.7,3,3.1,3,9.6,1,9.2,1,4.4,2,7.9,1.0,9.9,1,11.7,2,11.4,2,13.2,1,10.4,2,12.0,5,12.1,4,13.6,3,14.7,3,15.8,2,13.1,2
2016-12-13 15:00:00,10.3,7,9.5,7,7.8,7,11.0,7,6.0,7,13.2,7,12.1,7,12.1,6,8.4,6,8.4,6,8.5,6,6.3,6,3.0,6,2.1,6,11.6,5,9.6,6,7.5,7,7.4,6,2.9,5,2.8,2,10.4,2,9.4,2,5.5,1,6.0,1.0,10.6,2,11.2,2,10.9,1,12.0,1,10.5,2,12.3,2,12.2,2,13.8,2,14.0,2,14.8,2,12.9,4
2016-12-13 16:00:00,10.2,6,9.1,6,7.6,6,10.4,6,5.6,6,12.4,7,11.5,7,11.3,6,7.8,6,7.6,6,8.1,6,5.1,6,2.6,6,1.6,6,10.7,5,8.8,6,6.6,6,5.7,5,2.4,5,2.2,2,9.3,2,7.9,2,5.0,2,4.1,1.0,9.7,2,9.8,2,8.7,1,9.6,1,9.8,2,11.4,3,10.9,3,12.7,2,12.3,2,13.6,2,12.2,4
2016-12-13 17:00:00,10.0,5,8.6,6,7.2,6,9.7,6,4.9,5,11.5,6,10.7,6,10.3,7,6.9,6,6.6,6,7.6,6,3.5,5,2.0,6,1.0,6,9.8,5,7.7,6,5.5,5,3.5,5,1.5,5,1.5,2,8.1,2,5.8,2,4.2,3,2.5,1.0,8.4,2,8.1,2,6.0,1,6.9,1,8.9,2,10.2,5,9.4,4,11.3,2,10.0,2,12.2,2,11.4,4
2016-12-13 18:00:00,9.7,5,8.0,5,6.8,6,8.9,6,4.3,5,10.6,6,10.0,6,9.3,7,6.2,6,5.8,6,7.2,6,2.2,4,1.5,7,0.5,5,8.9,5,6.6,6,4.4,4,1.6,4,0.8,5,0.9,3,7.1,2,4.1,2,3.4,4,1.4,2.0,7.2,3,6.5,2,3.6,1,4.5,1,8.0,2,9.1,6,8.2,4,9.9,2,7.9,2,11.0,3,10.6,3
2016-12-13 19:00:00,9.4,5,7.6,6,6.5,6,8.2,6,3.8,5,10.0,6,9.4,6,8.6,7,5.7,6,5.4,6,7.0,6,1.6,4,1.2,7,0.3,6,8.3,4,5.8,5,3.7,5,0.5,4,0.4,5,0.4,3,6.6,2,3.2,2,3.0,4,0.7,2.0,6.4,3,5.4,2,2.4,1,3.0,1,7.4,2,8.5,5,7.7,4,9.1,2,6.4,2,10.1,3,10.1,3
2016-12-13 20:00:00,9.1,5,7.3,6,6.3,7,7.5,6,3.4,6,9.6,5,9.0,6,8.2,6,5.5,6,5.4,6,6.9,6,1.5,3,1.2,7,0.3,6,7.9,4,5.3,3,3.2,5,0.1,4,0.2,5,0.0,4,6.5,2,2.8,3,3.0,4,0.4,2.0,5.8,3,4.8,2,2.0,2,2.4,1,7.1,2,8.4,4,7.6,4,8.7,3,5.3,2,9.6,2,9.7,3
2016-12-13 21:00:00,8.6,5,6.8,6,5.8,7,7.0,6,3.1,6,9.3,5,8.6,6,7.7,6,4.9,6,4.7,6,6.4,6,1.2,3,1.0,7,0.4,6,7.3,4,4.7,3,2.6,5,-0.4,3,-0.1,5,-0.3,4,6.0,2,2.2,3,2.6,4,0.2,2.0,5.3,2,4.3,3,1.6,2,1.7,2,6.8,2,8.1,4,7.3,5,8.2,3,4.3,2,9.1,3,9.3,3
2016-12-13 22:00:00,8.2,5,6.2,6,5.3,7,6.4,7,2.8,6,9.1,5,8.1,6,7.2,6,4.2,6,4.0,6,5.7,6,0.9,2,0.8,6,0.4,5,6.7,5,4.1,4,2.1,4,-0.7,3,-0.3,5,-0.5,4,5.6,2,1.8,2,2.3,4,0.1,3.0,5.0,2,4.1,3,1.5,2,1.4,2,6.5,2,8.0,4,7.2,5,7.9,3,3.7,3,8.7,3,9.0,3
2016-12-13 23:00:00,7.7,6,5.7,6,4.8,7,5.9,7,2.5,6,9.0,6,7.7,6,6.6,6,3.5,6,3.3,6,5.1,6,0.6,2,0.7,6,0.4,4,6.1,5,3.6,4,1.6,4,-0.9,3,-0.5,5,-0.7,4,5.2,2,1.4,2,2.0,4,0.1,3.0,4.8,2,4.1,3,1.6,3,1.3,2,6.3,3,8.0,4,7.3,5,7.8,4,3.3,3,8.4,3,8.8,4
2016-12-14 00:00:00,7.2,6,5.1,6,4.3,7,5.3,7,2.3,6,8.9,6,7.2,6,6.1,6,2.9,6,2.6,5,4.5,5,0.4,2,0.4,5,0.3,4,5.6,5,3.1,4,1.1,3,-1.1,3,-0.6,5,-0.9,5,4.9,3,1.1,2,1.7,4,0.0,3.0,4.7,2,4.3,3,2.0,3,1.2,2,6.5,3,8.1,4,7.4,5,7.9,4,3.3,3,8.3,3,8.8,4
2016-12-14 01:00:00,6.7,6,4.5,6,3.8,7,4.7,6,1.9,5,8.9,6,6.8,6,5.5,6,2.3,5,2.0,5,3.9,5,0.1,3,0.1,5,0.1,4,5.0,6,2.6,4,0.6,3,-1.2,4,-0.7,5,-1.1,5,4.6,3,0.7,3,1.5,4,-0.1,3.0,4.7,3,4.8,4,2.3,4,1.2,2,7.0,4,8.3,4,7.7,5,8.1,4,3.5,4,8.4,3,8.9,4
2016-12-14 02:00:00,6.2,6,3.9,6,3.3,7,4.1,5,1.6,5,8.8,6,6.5,6,4.9,5,1.7,4,1.4,4,3.4,5,-0.2,4,-0.2,5,-0.2,5,4.6,6,2.2,5,0.1,4,-1.4,4,-0.8,5,-1.4,5,4.4,4,0.4,4,1.2,4,-0.2,4.0,4.8,4,5.3,4,2.7,5,1.2,3,7.6,4,8.5,5,8.0,5,8.4,4,3.9,4,8.4,4,9.1,4
2016-12-14 03:00:00,8.4,3,6.0,4,6.2,4,6.8,5,4.8,5,9.1,6,8.3,5,7.5,4,4.2,4,3.6,4,5.1,4,3.2,5,1.8,5,2.0,4,5.6,2,3.9,5,2.1,3,0.8,3,0.0,4,1.5,6,4.9,1,0.9,1,2.6,2,-0.8,2.0,4.4,2,3.2,1,2.4,1,2.5,1,6.7,3,7.5,5,6.6,3,7.0,2,3.5,1,8.1,2,7.6,5
2016-12-14 04:00:00,8.2,3,5.5,3,5.9,5,6.4,5,4.4,5,8.9,6,7.9,5,7.0,4,3.9,4,3.2,4,4.7,4,3.2,5,1.7,5,1.9,4,5.3,2,3.6,4,1.9,3,0.9,3,0.1,4,1.5,5,4.7,1,0.8,2,2.4,1,-0.7,2.0,4.2,2,2.5,1,1.8,1,2.0,1,6.2,3,7.2,5,6.1,3,6.3,2,2.9,1,7.8,2,7.3,5
2016-12-14 05:00:00,8.0,3,5.1,3,5.6,5,6.0,6,4.0,5,8.9,7,7.5,5,6.4,4,3.7,5,2.8,5,4.4,5,3.1,4,1.6,5,1.9,4,5.1,2,3.2,4,1.9,3,1.1,2,0.2,4,1.6,4,4.6,1,0.8,2,2.1,1,-0.6,3.0,3.9,3,1.9,1,1.2,1,1.4,1,5.4,3,6.9,4,5.7,3,5.7,2,2.2,1,7.4,2,6.9,4
2016-12-14 06:00:00,7.9,4,4.8,3,5.3,6,5.6,6,3.8,5,8.8,6,7.2,4,6.0,4,3.6,5,2.6,5,4.1,5,2.9,4,1.7,6,2.0,4,5.0,2,3.0,3,1.9,3,1.4,2,0.3,4,1.6,4,4.7,1,1.0,2,2.1,2,-0.7,3.0,3.8,3,1.9,1,1.0,1,1.4,1,4.9,3,6.8,4,5.8,3,5.9,3,1.9,2,7.1,2,6.9,4
2016-12-14 07:00:00,7.8,4,4.7,3,5.2,6,5.5,6,4.0,5,8.6,6,7.1,4,5.8,4,3.5,6,2.7,6,4.0,6,2.6,5,2.0,6,2.1,5,5.1,2,3.1,3,2.1,3,1.9,2,0.5,4,1.6,4,5.0,1,1.5,2,2.4,2,-0.9,3.0,3.9,3,2.7,1,1.5,1,2.2,1,4.8,4,7.2,3,6.6,3,7.1,3,2.1,3,7.2,2,7.4,4
2016-12-14 08:00:00,7.7,4,4.8,3,5.3,6,5.7,6,4.4,6,8.4,4,7.3,3,6.0,4,3.7,6,3.1,6,4.1,6,2.6,6,2.5,6,2.3,6,5.6,2,3.5,3,2.4,2,2.5,3,0.8,4,1.8,5,5.6,1,2.3,2,3.0,2,-0.7,2.0,4.4,2,4.3,2,2.5,1,3.7,1,7.0,4,8.1,3,7.9,2,8.9,3,3.1,3,7.8,2,8.4,4
2016-12-14 09:00:00,7.7,4,5.4,3,5.8,6,6.4,6,5.0,7,8.7,3,7.7,3,6.7,4,4.3,6,3.9,6,4.8,6,3.1,6,3.2,7,2.8,7,6.4,2,4.5,2,3.2,2,3.5,3,1.4,4,2.3,6,6.6,1,3.6,2,3.9,3,0.7,2.0,5.3,2,6.4,2,4.1,1,6.0,1,7.9,5,9.3,3,9.4,2,10.7,3,4.9,4,8.9,2,9.6,4
2016-12-14 10:00:00,7.9,4,6.4,3,6.7,5,7.6,6,5.6,7,9.6,3,8.4,2,7.8,4,5.5,7,5.1,7,6.0,7,4.4,6,4.0,7,3.6,7,7.7,2,6.0,2,4.4,3,4.8,3,2.4,4,3.4,7,8.1,1,5.3,2,5.1,3,3.6,1.0,6.8,2,8.7,1,6.0,1,8.8,1,9.2,4,10.7,3,11.0,2,12.0,3,7.5,3,10.6,2,10.9,4
2016-12-14 11:00:00,8.1,4,7.6,3,7.7,5,8.9,6,6.2,7,10.7,2,9.3,2,9.2,4,6.9,7,6.5,7,7.4,7,6.0,6,4.9,7,4.4,6,9.1,2,7.7,2,5.8,3,6.3,2,3.6,4,4.7,7,9.7,1,7.2,2,6.4,3,7.0,1.0,8.5,1,10.9,1,8.0,1,11.5,1,10.4,3,12.2,3,12.3,1,12.8,2,10.3,2,12.5,1,12.2,4
2016-12-14 12:00:00,8.4,3,8.5,3,8.6,4,10.1,6,6.8,6,11.7,2,10.1,2,10.4,4,8.1,7,7.8,7,8.5,6,7.5,6,5.7,7,5.2,6,10.3,2,9.3,2,7.2,3,7.6,2,4.6,4,5.8,6,11.0,1,8.8,2,7.4,3,9.3,1.0,10.1,1,12.5,1,9.7,1,13.5,1,11.5,2,13.5,2,13.4,1,13.4,2,12.7,2,14.0,1,13.2,4
2016-12-14 13:00:00,8.6,3,8.9,3,9.1,4,10.8,6,7.2,6,12.1,2,10.6,3,11.2,3,8.8,6,8.7,6,9.0,6,8.3,5,6.3,6,5.6,6,11.1,2,10.4,2,8.3,2,8.6,2,5.3,3,6.4,4,11.7,1,9.8,2,8.0,2,9.5,1.0,11.2,1,13.1,1,10.9,1,14.3,1,12.0,2,14.4,2,14.0,1,13.9,2,14.1,1,14.7,1,13.9,4
2016-12-14 14:00:00,8.7,3,8.7,3,9.1,4,10.9,6,7.4,5,12.1,2,10.8,3,11.6,3,8.9,5,9.0,5,8.8,4,8.3,5,6.5,6,5.7,6,11.3,2,10.8,2,8.9,2,8.9,2,5.4,3,6.4,3,11.8,1,10.0,2,8.0,2,8.1,1.0,11.8,1,12.8,1,11.2,1,13.8,1,12.1,2,14.7,2,13.9,1,14.1,2,14.3,1,14.7,1,14.1,4
2016-12-14 15:00:00,10.0,6,9.5,6,8.9,6,10.3,5,8.3,6,11.8,5,10.6,3,10.9,2,8.7,6,8.7,5,8.7,5,8.3,5,6.1,4,5.1,6,11.1,3,10.6,2,8.4,2,8.4,2,5.0,2,5.6,5,10.6,1,9.1,1,7.0,2,5.7,1.0,11.6,1,12.0,4,10.3,1,12.3,1,12.2,2,13.9,5,12.8,5,14.3,3,13.3,3,14.2,3,14.0,4
2016-12-14 16:00:00,9.5,6,8.8,6,8.3,6,9.3,5,7.5,5,11.1,6,10.0,4,10.2,2,7.9,5,7.9,5,8.1,4,6.8,4,5.5,4,4.5,6,10.4,3,9.5,2,7.4,2,6.7,2,4.0,2,4.7,4,9.6,1,7.7,2,5.9,2,3.9,1.0,10.7,2,10.6,3,8.6,1,9.8,1,11.3,2,12.8,5,11.6,4,13.5,2,11.9,3,13.2,3,13.0,4
2016-12-14 17:00:00,8.8,6,7.9,5,7.6,5,8.2,4,6.4,4,10.4,6,9.3,4,9.3,3,6.9,4,7.0,4,7.6,4,4.9,3,4.6,5,3.7,6,9.4,3,8.1,2,6.0,2,4.4,2,2.8,2,3.8,3,8.4,1,6.0,2,4.6,3,2.6,1.0,9.4,2,9.1,2,6.6,1,6.9,1,10.2,2,11.4,5,10.2,3,12.4,2,10.3,3,11.9,4,11.8,4
2016-12-14 18:00:00,8.3,6,7.1,5,7.0,5,7.3,5,5.4,4,9.8,6,8.7,5,8.4,4,6.1,4,6.1,4,7.1,4,3.3,3,3.9,5,3.0,6,8.5,4,6.7,2,4.8,2,2.4,2,1.9,2,2.8,3,7.4,1,4.4,2,3.5,4,1.7,2.0,8.1,2,7.8,2,4.8,2,4.6,1,9.2,2,10.1,4,9.2,3,11.3,2,8.8,3,10.9,4,10.8,4
2016-12-14 19:00:00,8.0,6,6.7,5,6.5,6,6.7,5,4.8,4,9.5,6,8.3,5,7.6,5,5.6,4,5.6,5,6.9,4,2.6,3,3.4,5,2.6,6,7.8,4,5.7,2,4.0,2,1.2,2,1.6,2,2.0,3,6.8,2,3.4,2,3.0,4,1.3,2.0,7.1,2,6.9,2,3.9,2,3.3,1,8.6,2,9.4,4,8.7,3,10.4,3,7.9,3,10.4,4,10.2,4
2016-12-14 20:00:00,7.8,6,6.5,6,6.2,6,6.4,5,4.6,5,9.3,6,8.2,5,7.1,5,5.4,5,5.3,6,6.8,5,2.6,3,3.2,5,2.3,6,7.2,5,5.0,2,3.6,1,0.6,1,1.7,2,1.3,3,6.5,2,2.9,2,2.8,3,1.0,2.0,6.4,2,6.4,3,3.7,3,2.9,1,8.2,3,9.2,3,8.7,4,9.7,3,7.5,3,10.2,4,9.8,4
2016-12-14 21:00:00,7.7,6,6.3,6,5.9,6,6.2,5,4.4,5,9.2,6,8.0,5,6.7,6,5.0,6,4.8,5,6.5,6,2.4,3,2.7,5,1.9,5,6.6,5,4.4,2,3.0,2,0.3,2,1.5,2,0.7,3,6.1,2,2.2,2,2.4,4,0.6,2.0,5.7,2,5.9,3,3.7,3,2.5,1,7.8,3,8.9,3,8.4,4,9.2,3,6.8,3,9.9,4,9.3,4
2016-12-14 22:00:00,7.5,6,6.1,6,5.7,6,5.9,5,4.2,5,9.2,6,7.9,5,6.4,6,4.6,6,4.3,5,6.2,6,2.4,3,2.3,4,1.6,5,6.2,5,4.0,3,2.5,2,0.2,2,1.3,2,0.2,3,5.8,2,1.8,2,2.1,4,0.3,2.0,5.3,2,5.6,3,3.8,3,2.5,1,7.5,4,8.8,4,8.2,5,8.8,4,6.3,4,9.7,4,9.0,4
2016-12-14 23:00:00,7.3,6,5.8,6,5.5,6,5.5,5,3.9,5,9.2,6,7.9,5,6.3,6,4.2,6,3.8,5,5.8,6,2.3,3,2.0,4,1.3,5,5.9,5,3.7,3,2.0,2,0.2,2,1.0,3,-0.2,3,5.4,3,1.4,3,1.8,4,0.0,2.0,5.0,3,5.4,4,3.8,3,2.5,1,7.2,4,8.7,4,8.2,5,8.6,4,5.8,4,9.5,5,8.7,4
2016-12-15 00:00:00,7.1,5,5.5,6,5.2,6,5.3,5,3.7,4,9.1,6,7.8,5,6.2,6,3.7,6,3.3,5,5.3,6,2.2,4,1.6,4,1.0,5,5.7,6,3.4,4,1.6,2,0.2,2,0.7,3,-0.5,3,5.1,3,1.2,3,1.6,4,-0.1,2.0,4.9,3,5.3,4,3.9,3,2.6,2,6.9,4,8.7,4,8.1,5,8.5,4,5.4,4,9.3,5,8.6,4
2016-12-15 01:00:00,6.8,5,5.1,6,4.8,6,5.1,5,3.3,4,9.0,6,7.7,6,6.2,6,3.3,5,2.8,5,4.8,5,1.9,4,1.3,4,0.7,5,5.7,6,3.2,4,1.2,3,0.1,2,0.4,4,-0.8,3,4.9,4,1.1,4,1.5,4,0.0,1.0,4.9,4,5.3,4,4.0,3,2.6,3,6.7,4,8.7,4,8.1,5,8.5,5,5.0,4,9.2,5,8.5,4
2016-12-15 02:00:00,6.5,5,4.7,6,4.3,6,5.0,5,3.0,4,9.0,6,7.7,6,6.3,6,2.8,5,2.3,5,4.4,5,1.6,4,1.1,4,0.5,6,5.7,6,2.9,5,0.9,3,0.0,2,0.1,4,-1.1,3,4.8,4,1.0,4,1.6,4,0.1,1.0,4.9,4,5.3,5,3.9,4,2.5,3,6.3,5,8.7,4,8.1,5,8.5,5,4.7,5,9.1,5,8.5,4
2016-12-15 03:00:00,5.9,3,4.0,4,3.7,3,5.5,4,2.3,3,9.7,7,8.3,6,6.9,6,2.2,4,1.3,4,3.4,4,0.8,3,0.9,2,0.8,3,5.9,4,2.6,2,0.2,2,-1.1,2,-0.8,2,-0.3,2,5.3,2,1.1,2,1.0,1,-0.4,1.0,5.2,4,4.6,5,2.9,1,2.7,2,7.5,4,9.0,5,8.1,6,9.0,5,5.0,5,9.1,4,7.5,5
2016-12-15 04:00:00,5.8,3,3.7,5,3.4,3,5.0,4,1.9,3,9.7,7,8.2,6,6.4,6,2.1,4,1.1,4,3.2,4,0.5,3,0.7,2,0.8,3,5.7,5,2.4,2,-0.1,2,-1.2,2,-1.1,2,-0.3,2,5.1,2,0.8,2,0.5,1,-0.5,1.0,5.0,5,4.4,5,2.7,2,2.3,2,7.0,3,8.8,5,7.9,6,8.8,5,4.9,5,8.8,4,6.9,5
2016-12-15 05:00:00,5.7,4,3.4,5,3.1,3,4.4,4,1.5,3,9.7,7,8.1,6,5.9,6,2.1,4,0.8,4,3.0,4,0.2,2,0.5,2,0.9,3,5.4,6,2.2,2,-0.3,2,-1.1,2,-1.4,2,-0.4,2,5.0,2,0.6,2,0.0,1,-0.7,1.0,4.7,5,4.2,5,2.6,3,1.8,2,6.4,3,8.6,5,7.6,6,8.7,5,4.9,4,8.4,4,6.5,4
2016-12-15 06:00:00,5.6,4,3.2,5,2.9,3,4.1,4,1.4,3,9.6,7,7.9,6,5.5,6,2.0,5,0.6,4,2.9,4,0.0,2,0.4,3,1.0,4,5.1,6,2.1,3,-0.4,2,-0.9,2,-1.6,2,-0.3,3,5.0,2,0.6,2,-0.3,1,-1.0,1.0,4.5,5,4.2,5,2.6,4,1.8,2,5.9,2,8.5,5,7.6,6,8.9,6,5.0,4,8.2,4,6.6,4
2016-12-15 07:00:00,5.6,3,3.1,4,2.8,4,4.1,4,1.7,2,9.4,7,7.7,6,5.2,6,2.0,5,0.8,4,2.9,5,0.2,2,0.6,3,1.1,5,5.0,7,2.1,2,-0.3,2,-0.3,2,-1.4,2,-0.1,3,5.2,2,1.1,2,-0.2,2,-1.3,1.0,4.5,5,4.5,5,2.8,5,2.5,2,5.8,3,8.7,5,8.0,7,9.7,5,5.2,4,8.3,4,7.3,5
2016-12-15 08:00:00,5.7,3,3.3,4,3.0,4,4.5,4,2.4,2,9.3,7,7.5,6,5.3,6,2.3,5,1.3,5,3.1,5,0.7,2,1.0,4,1.4,5,5.2,7,2.4,2,0.2,2,0.6,2,-0.8,2,0.4,3,5.7,3,2.0,3,0.4,3,-1.1,1.0,4.8,5,5.3,6,3.3,5,3.9,3,6.1,4,9.1,6,8.8,7,10.7,5,5.8,5,8.9,5,8.5,5
2016-12-15 09:00:00,6.0,3,3.8,3,3.5,5,5.4,4,3.3,3,9.5,7,7.7,7,5.8,6,3.0,6,2.3,5,3.8,5,1.8,2,1.7,4,1.9,6,5.8,7,3.3,3,1.3,2,1.9,2,0.0,3,1.2,4,6.5,3,3.4,3,1.3,4,0.3,1.0,5.6,5,6.6,6,4.5,5,5.9,3,7.0,5,9.8,7,9.9,7,11.7,5,7.0,5,9.9,5,10.0,5
2016-12-15 10:00:00,6.6,2,4.8,2,4.4,4,6.8,3,4.4,3,10.3,7,8.3,7,6.9,6,4.3,6,3.7,6,5.1,6,3.3,2,2.5,4,2.8,6,7.0,7,4.9,4,3.0,2,3.5,2,1.0,3,2.2,5,7.6,4,5.3,3,2.5,4,3.2,1.0,7.0,6,8.5,6,6.4,5,8.2,3,8.4,5,10.8,7,11.3,7,12.4,5,8.8,6,11.3,4,11.4,5
2016-12-15 11:00:00,7.3,2,5.9,2,5.4,3,8.4,2,5.4,3,11.3,7,9.2,7,8.2,6,5.9,6,5.3,6,6.6,6,5.0,2,3.5,4,3.9,6,8.4,7,6.9,5,5.0,3,5.2,2,2.0,4,3.4,6,8.8,4,7.2,4,3.8,4,6.5,1.0,8.6,6,10.5,6,8.5,5,10.4,3,9.9,5,11.9,6,12.6,7,13.0,5,10.8,6,12.8,4,12.7,5
2016-12-15 12:00:00,8.0,2,7.0,2,6.2,2,9.8,2,6.2,3,12.2,6,10.1,7,9.5,6,7.2,6,6.7,6,7.7,6,6.5,3,4.3,4,4.8,6,9.7,7,8.6,5,6.8,3,6.7,2,2.9,5,4.3,6,9.8,4,8.8,4,5.0,3,8.8,1.0,10.1,6,12.1,6,10.4,5,12.1,2,11.1,5,12.9,6,13.7,6,13.5,5,12.6,6,14.1,3,13.6,5
2016-12-15 13:00:00,8.4,3,7.7,3,6.7,2,10.6,3,6.6,3,12.6,6,10.7,7,10.3,7,8.0,5,7.6,5,8.1,5,7.4,4,4.9,3,5.3,5,10.6,7,9.7,5,8.0,3,7.8,2,3.5,4,4.8,5,10.4,4,9.6,4,6.0,3,9.0,1.0,11.1,6,13.0,6,11.6,5,12.8,2,11.7,5,13.7,6,14.2,7,14.1,5,13.6,6,14.8,3,14.1,5
2016-12-15 14:00:00,8.5,4,7.9,3,6.8,2,10.7,5,6.6,3,12.4,6,10.9,7,10.7,7,8.2,4,7.9,3,8.0,4,7.5,5,5.2,3,5.3,5,10.9,7,10.0,5,8.6,3,8.3,2,3.7,3,4.9,3,10.6,4,9.7,3,6.6,2,7.7,1.0,11.6,6,13.0,5,11.8,4,12.5,2,11.7,5,14.1,6,14.2,7,14.6,5,13.9,6,14.9,3,14.1,6
2016-12-15 15:00:00,8.2,6,7.7,6,7.1,2,10.1,6,6.6,4,10.4,6,10.1,5,10.9,6,7.6,5,7.8,4,7.7,4,7.3,5,5.4,3,4.3,4,10.9,6,9.7,6,8.1,6,8.6,6,4.5,3,4.4,3,10.0,6,9.8,4,8.1,2,5.7,1.0,11.8,6,12.8,6,10.1,2,11.6,2,11.3,5,14.6,6,13.4,6,14.7,6,13.0,5,14.4,3,13.5,6
2016-12-15 16:00:00,7.9,6,7.0,6,6.4,2,9.1,6,5.9,4,9.9,6,9.7,5,10.2,6,6.9,5,6.9,5,7.1,5,5.8,5,4.5,3,3.5,4,10.3,6,8.8,6,7.3,5,7.1,5,3.7,3,3.4,3,9.3,5,8.5,4,7.3,2,3.8,1.0,11.0,6,11.7,6,8.6,3,9.3,2,10.6,5,13.5,6,12.2,5,14.1,6,12.0,5,13.4,3,12.6,5
2016-12-15 17:00:00,7.5,6,6.2,6,5.6,2,7.9,6,5.1,4,9.4,6,9.1,5,9.2,6,6.0,6,5.8,5,6.5,5,4.1,5,3.4,3,2.7,4,9.6,6,7.7,6,6.3,5,5.2,5,2.7,3,2.3,3,8.4,5,7.0,4,6.2,2,2.3,1.0,9.8,5,10.4,6,6.8,4,6.7,2,9.8,4,12.0,6,10.8,5,13.2,6,10.9,5,12.3,4,11.6,5
2016-12-15 18:00:00,7.1,6,5.6,6,5.0,2,6.9,7,4.4,3,9.1,6,8.6,5,8.3,5,5.2,6,4.9,6,6.0,6,2.7,4,2.4,4,2.1,4,8.9,6,6.7,6,5.3,5,3.5,5,1.9,3,1.4,3,7.6,4,5.7,4,5.2,3,1.3,1.0,8.6,5,9.1,5,5.3,5,4.5,2,9.0,3,10.8,6,9.8,5,12.3,6,9.8,6,11.4,5,10.7,4
2016-12-15 19:00:00,6.8,6,5.4,6,4.7,3,6.4,7,4.0,3,9.0,6,8.3,5,7.7,6,4.7,6,4.4,6,5.7,6,2.2,4,1.9,4,1.8,5,8.4,6,6.1,6,4.7,4,2.7,5,1.4,3,1.0,3,7.2,4,5.0,3,4.6,3,0.8,2.0,7.8,5,8.1,5,4.7,5,3.4,2,8.4,3,10.2,5,9.4,5,11.8,6,9.1,6,11.0,5,10.0,4
2016-12-15 20:00:00,6.6,6,5.5,6,4.6,5,6.2,7,3.7,3,9.0,6,8.1,6,7.5,6,4.4,6,4.2,6,5.6,6,2.2,3,1.8,3,1.7,5,8.1,6,5.7,6,4.3,4,2.4,5,1.2,3,0.8,2,7.1,4,4.8,3,4.2,3,0.6,2.0,7.3,5,7.4,5,4.6,5,3.0,2,8.0,3,10.1,5,9.4,5,11.5,6,8.7,6,10.8,5,9.6,5
2016-12-15 21:00:00,6.5,6,5.4,6,4.4,6,6.0,7,3.4,3,8.9,6,7.9,6,7.3,6,4.1,6,3.9,6,5.4,6,1.9,3,1.5,4,1.4,5,7.8,6,5.4,6,3.9,4,1.9,4,1.0,3,0.4,3,6.9,4,4.3,3,3.8,4,0.3,3.0,6.9,5,6.9,5,4.6,5,2.4,2,7.7,3,9.9,5,9.2,5,11.1,6,8.1,6,10.6,5,9.3,5
2016-12-15 22:00:00,6.5,6,5.3,6,4.3,6,5.8,7,3.2,3,8.8,6,7.8,6,7.3,6,4.0,6,3.7,6,5.3,6,1.8,3,1.2,4,1.1,5,7.6,6,5.1,6,3.5,4,1.6,4,0.8,3,0.1,3,6.8,4,3.9,3,3.4,4,0.1,3.0,6.5,5,6.5,5,4.7,5,2.2,3,7.6,4,9.7,5,9.1,5,10.7,6,7.6,6,10.4,5,9.1,5
2016-12-15 23:00:00,6.4,6,5.1,6,4.2,7,5.6,7,3.1,3,8.8,6,7.7,6,7.3,6,4.0,6,3.6,6,5.2,6,1.8,3,1.1,4,0.9,5,7.4,6,4.9,6,3.3,4,1.5,4,0.7,4,-0.3,4,6.6,3,3.6,4,3.0,4,-0.1,3.0,6.3,5,6.3,5,4.8,5,2.1,3,7.5,4,9.6,5,9.0,5,10.5,6,7.2,5,10.2,5,9.1,5
2016-12-16 00:00:00,6.5,7,5.0,6,4.2,6,5.6,7,3.1,3,8.7,6,7.6,6,7.3,6,4.0,6,3.6,6,5.3,6,1.9,4,1.0,4,0.7,5,7.2,6,4.8,6,3.1,4,1.4,4,0.6,4,-0.6,4,6.5,3,3.4,4,2.7,4,-0.2,4.0,6.2,5,6.2,5,4.9,5,2.2,4,7.5,4,9.5,5,9.0,5,10.3,6,7.1,5,10.0,5,9.2,5
2016-12-16 01:00:00,6.5,7,5.0,6,4.2,6,5.5,6,3.1,4,8.7,6,7.6,6,7.3,6,4.0,5,3.6,5,5.4,6,2.0,5,0.9,4,0.4,5,7.0,6,4.8,6,3.0,5,1.5,4,0.6,4,-0.8,5,6.3,3,3.2,5,2.5,5,-0.1,4.0,6.1,5,6.2,5,5.0,5,2.3,4,7.6,4,9.5,5,9.0,5,10.1,5,7.1,5,10.1,5,9.4,5
2016-12-16 02:00:00,6.6,7,4.9,6,4.1,6,5.6,6,3.2,5,8.7,6,7.6,6,7.2,6,4.1,5,3.7,5,5.6,6,2.2,6,0.8,5,0.2,5,6.9,6,4.8,6,3.0,5,1.7,4,0.6,5,-1.0,5,6.1,4,3.1,5,2.3,5,0.1,4.0,6.1,5,6.3,5,4.9,5,2.4,4,7.8,4,9.4,5,9.0,5,10.0,5,7.3,5,10.1,5,9.7,5
2016-12-16 03:00:00,6.4,6,5.1,6,4.2,5,6.0,6,2.4,4,8.9,7,8.0,6,7.2,6,4.2,4,3.4,4,5.1,4,1.9,3,-0.2,4,-0.8,4,6.9,6,4.8,4,3.8,2,3.9,2,-0.5,4,-1.8,2,6.5,4,5.0,4,2.6,4,-0.7,3.0,6.4,5,7.2,7,5.4,7,3.3,3,8.6,4,10.7,7,9.5,6,10.7,7,7.2,7,9.6,5,9.9,5
2016-12-16 04:00:00,6.5,6,4.8,6,4.0,6,5.7,6,2.1,4,8.9,7,7.9,6,6.8,6,4.1,5,3.3,5,4.9,5,1.7,3,-0.1,4,-0.6,4,6.7,6,4.5,3,3.7,2,4.0,2,-0.6,4,-2.0,3,6.5,4,4.4,4,2.2,4,-0.9,3.0,6.3,5,6.9,7,4.9,7,3.0,3,8.4,4,10.5,7,9.2,6,10.4,7,7.1,6,9.3,6,9.8,5
2016-12-16 05:00:00,6.6,6,4.5,6,3.8,6,5.4,6,2.0,4,8.9,7,7.9,6,6.4,6,4.0,5,3.2,5,4.7,5,1.6,4,0.0,4,-0.5,4,6.4,6,4.3,2,3.5,2,3.8,2,-0.7,4,-2.1,4,6.6,4,3.6,3,1.9,5,-1.1,3.0,6.2,5,6.6,7,4.3,7,2.6,3,8.0,5,10.3,7,9.0,7,10.2,7,7.2,6,9.0,6,9.7,6
2016-12-16 06:00:00,6.6,6,4.3,7,3.6,6,5.1,6,2.1,4,8.8,7,7.7,6,6.0,6,3.9,5,3.3,5,4.5,5,1.6,4,0.2,4,-0.4,4,6.2,7,4.2,2,3.4,2,3.7,2,-0.6,5,-2.0,5,6.6,4,3.2,3,1.8,5,-1.4,3.0,6.1,5,6.6,7,4.0,6,2.6,3,7.7,5,10.2,7,8.9,7,10.3,7,7.3,6,8.8,6,9.7,6
2016-12-16 07:00:00,6.5,6,4.2,7,3.5,6,5.0,6,2.6,4,8.4,7,7.4,7,5.7,7,3.7,5,3.5,5,4.3,5,1.8,3,0.4,4,-0.4,5,6.1,7,4.3,3,3.5,2,3.8,2,-0.2,5,-1.6,5,6.7,5,3.4,4,2.0,5,-1.6,3.0,6.2,6,6.9,7,4.1,6,3.3,4,7.5,5,10.3,7,9.2,7,10.8,6,7.5,6,9.0,6,10.0,7
2016-12-16 08:00:00,6.4,6,4.2,6,3.5,6,5.1,6,3.4,5,8.1,7,7.2,7,5.7,7,3.7,5,3.8,4,4.4,5,2.4,2,0.7,5,-0.4,6,6.3,7,4.7,3,3.9,2,4.3,2,0.4,4,-0.9,4,7.0,5,4.2,5,2.5,5,-1.2,2.0,6.5,6,7.6,6,4.8,6,4.8,5,7.6,6,10.6,7,9.8,6,11.6,6,7.8,6,9.6,6,10.6,7
2016-12-16 09:00:00,6.4,6,4.4,5,3.9,6,5.7,6,4.3,5,8.2,7,7.2,7,6.0,7,4.1,4,4.4,4,4.9,4,3.3,2,1.3,5,0.0,6,6.8,6,5.5,3,4.6,2,5.1,2,1.3,4,0.2,4,7.6,5,5.4,6,3.3,5,0.4,2.0,7.3,6,8.7,6,5.8,5,6.8,6,8.3,6,11.1,7,10.7,6,12.4,6,8.6,7,10.6,6,11.4,7
2016-12-16 10:00:00,6.7,5,4.9,4,4.6,6,6.7,4,5.3,5,8.9,7,7.7,7,6.8,7,5.0,3,5.3,3,5.9,3,4.6,2,2.2,5,0.8,6,7.8,6,6.8,3,5.6,2,6.2,2,2.4,5,1.5,4,8.7,5,6.7,6,4.3,5,3.5,2.0,8.7,6,10.0,6,7.2,5,9.1,6,9.6,6,11.8,7,11.7,7,12.9,6,9.9,6,11.9,5,12.5,6
2016-12-16 11:00:00,7.1,3,5.5,3,5.6,6,8.0,3,6.1,5,10.0,7,8.4,7,7.8,7,6.1,3,6.4,2,7.1,3,6.1,3,3.2,5,1.9,5,9.0,6,8.3,3,6.8,2,7.5,2,3.6,5,2.9,4,10.0,5,8.0,5,5.5,5,6.9,2.0,10.3,5,11.4,6,8.7,5,11.4,5,11.1,5,12.6,7,12.7,7,13.3,6,11.3,6,13.1,4,13.5,6
2016-12-16 12:00:00,7.5,3,6.3,2,6.4,5,9.1,2,6.8,4,10.9,7,9.1,7,8.9,7,7.2,2,7.4,2,8.2,2,7.4,4,4.2,5,2.9,5,10.1,6,9.7,3,8.0,3,8.8,2,4.7,6,4.0,4,11.1,4,9.0,5,6.6,5,9.2,3.0,11.8,5,12.4,6,10.0,4,13.1,5,12.4,5,13.4,7,13.4,7,13.6,6,12.6,5,14.2,4,14.4,6
2016-12-16 13:00:00,7.6,3,7.0,3,6.9,5,9.8,3,7.2,4,11.3,7,9.5,7,9.7,7,7.9,2,8.2,2,8.8,2,8.4,5,4.9,5,3.6,5,10.9,6,10.6,3,9.1,3,9.8,3,5.5,6,4.7,5,11.8,5,9.6,6,7.6,5,9.3,2.0,12.8,5,12.8,6,10.9,4,13.9,4,13.1,6,14.0,7,13.7,7,13.9,6,13.4,5,14.8,3,14.8,6
2016-12-16 14:00:00,7.6,4,7.5,4,7.2,4,10.0,5,7.2,3,11.1,7,9.6,7,10.2,7,8.3,2,8.6,2,8.9,2,8.8,5,5.3,5,3.8,6,11.3,6,11.0,4,9.8,3,10.3,5,5.8,6,4.9,5,12.1,6,9.8,6,8.2,5,7.9,2.0,13.1,6,12.6,6,11.1,4,13.6,5,13.2,6,14.2,7,13.6,7,14.1,6,13.6,6,14.9,3,14.9,7
2016-12-16 15:00:00,7.5,6,7.3,4,6.7,5,9.4,4,6.7,4,10.7,7,9.5,6,9.7,6,7.4,3,7.8,4,7.9,4,8.4,6,3.8,6,2.9,4,10.7,6,9.9,3,9.5,5,9.6,4,5.5,4,2.8,2,11.4,5,9.8,5,8.2,3,5.7,1.0,12.2,5,12.1,6,10.1,2,12.2,5,13.1,4,14.3,7,13.2,7,14.1,7,12.3,4,13.9,1,14.4,7
2016-12-16 16:00:00,7.2,5,6.7,3,6.1,5,8.3,4,6.0,4,9.9,6,8.9,6,9.0,6,6.9,3,7.1,3,7.5,3,7.1,5,3.3,5,2.2,4,10.0,6,9.0,2,8.8,5,8.3,5,5.0,4,2.1,2,10.7,5,8.8,5,7.4,3,3.7,1.0,11.4,4,10.7,6,8.3,2,9.8,5,12.3,4,13.2,6,11.9,6,13.3,6,11.2,3,13.1,1,13.7,7
2016-12-16 17:00:00,6.9,4,5.9,3,5.4,5,7.0,5,5.2,4,9.0,6,8.1,6,8.1,6,6.2,2,6.2,3,7.0,3,5.3,4,2.5,5,1.3,4,9.0,6,7.9,2,7.7,4,6.6,5,4.1,4,1.4,2,9.8,5,7.4,6,6.1,3,2.1,1.0,10.2,4,9.1,5,6.1,2,7.2,4,11.3,5,11.6,5,10.4,6,12.2,5,9.8,3,12.1,1,12.8,7
2016-12-16 18:00:00,6.6,3,5.1,2,4.7,5,5.9,5,4.3,3,8.2,6,7.5,6,7.2,6,5.4,2,5.3,2,6.5,2,3.7,3,1.7,5,0.5,4,8.0,6,6.9,2,6.6,4,5.0,6,3.1,5,0.6,2,9.0,5,6.1,6,4.8,3,0.9,1.0,9.0,3,7.6,4,4.2,2,5.0,4,10.3,6,10.2,4,9.1,5,10.9,5,8.5,2,11.1,1,12.0,6
2016-12-16 19:00:00,6.4,4,4.7,3,4.3,6,5.4,6,3.6,3,7.8,6,7.1,6,6.6,6,4.6,2,4.6,2,6.0,2,2.7,3,1.1,6,0.0,4,7.3,6,6.3,3,5.7,4,3.9,6,2.2,5,-0.1,2,8.4,4,5.2,5,3.9,3,0.3,1.0,8.2,4,6.6,3,3.1,2,3.9,4,9.6,6,9.2,4,8.3,4,9.8,4,7.4,2,10.4,2,11.6,6
2016-12-16 20:00:00,6.3,5,4.5,3,4.1,6,5.3,6,3.2,3,7.6,6,7.0,5,6.2,6,4.0,2,4.1,2,5.6,2,2.2,2,0.7,6,-0.4,4,7.0,6,6.0,5,5.1,5,3.2,6,1.5,4,-0.6,2,8.1,4,4.6,4,3.4,3,0.0,1.0,7.6,4,5.9,2,2.7,2,3.6,5,9.2,6,8.7,5,8.0,3,8.8,3,6.6,2,9.8,2,11.4,6
2016-12-16 21:00:00,6.2,5,4.2,3,3.9,6,5.2,6,2.7,3,7.4,6,6.8,5,6.0,6,3.7,2,3.7,2,5.4,2,1.8,2,0.3,6,-0.8,4,6.6,6,5.8,5,4.6,5,2.5,6,0.9,5,-1.0,2,7.7,3,4.2,4,2.8,3,-0.1,1.0,7.2,4,5.5,2,2.2,2,3.1,5,8.7,6,8.3,5,7.8,4,8.0,3,6.0,3,9.3,2,11.0,6
2016-12-16 22:00:00,6.1,5,4.1,4,3.7,6,5.3,6,2.4,3,7.3,6,6.7,5,5.9,6,3.6,3,3.4,3,5.3,3,1.6,2,0.0,5,-1.1,4,6.3,5,5.5,5,4.2,5,2.0,6,0.5,5,-1.3,2,7.2,2,3.8,5,2.4,2,-0.3,1.0,6.8,4,5.2,2,1.9,1,2.8,5,8.2,6,8.0,5,7.6,4,7.4,4,5.5,3,8.8,2,10.6,6
2016-12-16 23:00:00,6.0,5,3.9,4,3.5,6,5.3,6,2.1,3,7.2,6,6.6,5,5.8,6,3.6,3,3.1,3,5.2,3,1.4,3,-0.3,5,-1.4,5,6.0,5,5.3,4,3.9,5,1.6,6,0.2,5,-1.6,2,6.8,2,3.5,5,1.9,2,-0.7,2.0,6.5,4,4.8,2,1.8,2,2.8,5,7.9,6,7.7,5,7.3,4,6.8,4,5.1,3,8.5,2,10.2,6
2016-12-17 00:00:00,6.0,5,3.8,4,3.3,6,5.2,6,1.9,4,7.2,6,6.5,6,5.6,6,3.5,3,2.9,3,5.0,4,1.2,3,-0.6,5,-1.6,5,5.7,5,4.9,4,3.4,5,1.2,5,-0.2,5,-1.9,3,6.3,3,3.1,5,1.5,3,-1.1,2.0,6.3,4,4.5,2,1.7,2,2.9,5,7.5,5,7.3,5,6.9,4,6.3,4,4.7,3,8.2,3,9.8,6
2016-12-17 01:00:00,6.0,5,3.7,5,3.1,6,4.9,6,1.7,4,7.1,6,6.3,6,5.3,6,3.3,4,2.6,4,4.6,4,1.0,4,-0.9,5,-1.8,5,5.4,6,4.4,4,2.8,6,0.9,5,-0.6,5,-2.2,3,5.8,3,2.6,5,1.0,3,-1.7,3.0,6.1,4,4.1,3,1.5,3,3.1,5,7.2,5,6.8,5,6.5,4,5.9,4,4.2,4,8.0,3,9.3,6
2016-12-17 02:00:00,6.0,5,3.6,5,2.8,6,4.6,6,1.5,5,6.9,6,6.0,6,4.9,6,3.0,4,2.3,4,4.2,5,0.7,5,-1.1,5,-1.9,6,5.0,6,3.9,5,2.1,6,0.6,5,-0.9,5,-2.5,4,5.3,4,2.0,5,0.7,4,-2.3,3.0,5.9,5,3.6,4,1.3,4,3.3,5,6.9,5,6.3,5,6.0,5,5.5,5,3.7,4,7.8,4,8.8,5
2016-12-17 03:00:00,5.8,7,3.1,5,2.8,5,4.3,6,1.7,5,6.5,6,6.4,7,5.3,6,2.5,5,2.2,5,4.9,5,1.0,4,0.2,5,-0.6,3,4.9,4,3.6,4,2.0,5,1.6,3,-0.4,4,-1.4,2,6.2,2,1.9,2,0.4,2,-1.5,1.0,6.7,5,2.3,1,1.7,1,3.5,2,6.4,3,5.5,1,5.2,1,5.5,1,3.1,1,7.7,1,9.9,6
2016-12-17 04:00:00,5.8,7,2.8,6,2.6,5,4.1,6,1.2,5,6.6,6,6.7,7,5.4,6,2.4,5,2.1,5,4.8,5,0.7,4,0.0,5,-0.6,3,4.9,4,3.5,4,1.7,5,1.2,3,-0.7,4,-1.6,2,5.9,2,1.5,3,0.1,2,-1.6,1.0,6.2,6,1.6,1,1.0,1,3.0,2,5.7,3,4.6,1,4.4,1,4.9,1,2.6,1,7.2,1,9.4,5
2016-12-17 05:00:00,5.8,7,2.7,6,2.5,6,3.8,6,0.8,5,6.9,6,7.0,7,5.5,6,2.4,5,2.0,5,4.7,5,0.4,4,-0.2,5,-0.8,3,5.1,4,3.5,5,1.5,4,1.0,3,-1.0,3,-1.8,3,5.7,2,1.2,3,-0.1,2,-1.8,1.0,5.9,6,1.0,1,0.3,1,2.5,3,5.1,2,3.9,1,3.6,1,4.5,1,2.0,1,6.7,1,9.0,5
2016-12-17 06:00:00,5.8,7,2.6,6,2.4,6,3.6,7,0.8,5,7.1,6,7.1,7,5.5,6,2.4,5,2.0,5,4.4,5,0.4,3,-0.2,5,-1.0,3,5.2,4,3.5,5,1.5,4,1.1,3,-1.0,3,-1.9,3,5.6,2,1.1,3,-0.2,2,-2.1,1.0,5.8,6,0.9,1,-0.2,1,2.4,3,4.9,2,3.7,1,3.4,1,4.5,1,1.7,1,6.4,1,8.8,4
2016-12-17 07:00:00,5.7,7,2.5,6,2.3,6,3.6,7,1.3,5,7.2,6,7.0,7,5.2,6,2.4,6,2.0,6,3.9,6,0.7,3,0.0,5,-1.2,4,5.2,4,3.5,4,1.7,4,1.5,4,-0.7,3,-1.7,4,5.8,2,1.4,3,-0.2,2,-2.4,1.0,6.2,5,1.6,1,0.0,1,3.1,3,5.2,2,4.4,1,4.2,1,5.2,1,1.8,1,6.7,1,9.1,4
2016-12-17 08:00:00,5.6,7,2.7,6,2.3,6,3.9,7,2.2,5,7.4,6,6.9,7,5.0,6,2.5,6,2.1,6,3.4,6,1.3,4,0.5,5,-1.2,5,5.2,5,3.7,4,2.1,4,2.2,5,-0.1,4,-1.3,4,6.2,1,2.0,3,0.0,3,-2.2,1.0,6.9,4,3.0,1,1.0,1,4.5,3,5.9,2,5.8,1,5.8,1,6.4,2,2.5,2,7.6,1,9.7,4
2016-12-17 09:00:00,5.7,7,3.1,7,2.6,6,4.6,7,3.3,6,7.9,6,7.2,7,5.2,6,2.9,6,2.6,6,3.5,6,2.4,4,1.3,5,-0.7,6,5.6,6,4.2,4,3.0,4,3.2,5,0.8,5,-0.4,4,7.0,1,3.2,3,0.7,3,-0.7,1.0,7.8,3,4.7,1,2.5,1,6.5,2,7.1,2,7.4,1,7.6,1,7.7,2,4.0,2,9.0,1,10.5,4
2016-12-17 10:00:00,6.1,7,4.0,7,3.4,6,5.7,7,4.4,6,8.9,6,8.0,7,6.1,6,3.8,5,3.6,5,4.4,5,3.9,4,2.4,5,0.3,5,6.6,6,5.1,4,4.4,4,4.6,5,1.9,5,0.8,4,8.2,1,4.8,3,1.9,3,2.4,1.0,8.9,2,6.5,1,4.5,1,8.8,3,8.5,2,9.0,1,9.3,1,8.9,2,6.3,2,10.7,1,11.4,4
2016-12-17 11:00:00,6.6,7,5.0,7,4.5,6,7.1,6,5.3,6,10.1,6,9.0,7,7.3,6,5.0,5,4.9,5,5.6,5,5.4,4,3.7,5,1.5,5,7.9,6,6.3,4,5.9,4,6.0,4,3.0,5,2.1,5,9.4,2,6.6,2,3.3,3,6.0,1.0,9.9,3,8.2,1,6.7,1,10.9,4,10.0,2,10.4,1,10.7,1,9.9,1,8.9,1,12.3,1,12.3,4
2016-12-17 12:00:00,7.0,7,5.9,7,5.4,6,8.2,6,6.1,6,11.0,6,9.8,7,8.4,6,6.0,5,6.0,5,6.7,5,6.7,4,4.7,5,2.6,5,9.1,6,7.5,5,7.2,4,7.2,3,3.9,5,3.3,5,10.6,2,8.1,2,4.6,3,8.4,1.0,11.0,3,9.6,1,8.6,1,12.6,4,11.3,2,11.5,1,11.8,1,10.9,1,11.2,1,13.6,1,12.9,4
2016-12-17 13:00:00,7.2,7,6.5,6,6.0,6,8.9,6,6.6,6,11.4,6,10.1,7,9.1,6,6.6,5,6.7,5,7.1,5,7.4,4,5.3,5,3.3,5,9.9,5,8.4,5,8.0,4,7.9,3,4.5,5,4.0,5,11.4,2,9.0,1,5.6,2,8.6,1.0,11.9,3,10.5,1,9.8,1,13.4,4,12.1,2,12.3,1,12.4,1,11.8,1,12.6,1,14.3,1,13.2,3
2016-12-17 14:00:00,7.2,7,6.7,6,6.2,5,9.0,6,6.8,6,11.2,6,10.0,7,9.3,6,6.9,6,6.9,6,7.0,6,7.4,4,5.3,5,3.5,6,10.3,5,8.9,5,8.2,4,8.0,2,4.7,5,4.2,4,11.6,2,9.3,1,6.0,2,7.2,1.0,12.5,2,10.8,1,10.1,1,13.2,4,12.3,2,12.6,1,12.4,1,12.4,1,13.1,1,14.3,1,13.0,3
2016-12-17 15:00:00,6.9,7,6.6,7,6.6,6,7.9,6,5.9,5,10.8,7,8.7,6,8.8,4,6.3,6,6.7,6,6.6,6,7.2,6,4.8,6,2.7,7,9.7,6,8.3,4,7.9,5,7.8,6,3.9,5,2.9,4,10.3,2,9.0,2,5.4,2,4.8,1.0,12.1,2,9.8,1,8.9,1,12.0,4,11.7,2,12.4,2,11.4,1,12.0,1,11.9,1,13.6,1,12.5,2
2016-12-17 16:00:00,6.8,6,6.2,6,6.2,6,7.1,5,5.1,4,9.8,6,8.2,5,8.3,3,6.0,6,6.1,6,6.4,6,5.9,5,3.9,6,2.0,7,9.0,6,7.6,4,7.0,4,6.5,5,3.3,5,2.0,4,9.3,2,7.6,3,4.5,2,2.7,1.0,11.2,2,8.3,1,6.7,1,9.7,3,10.9,2,11.3,2,9.8,1,11.0,1,10.3,1,12.4,1,11.6,2
2016-12-17 17:00:00,6.8,5,5.6,5,5.7,6,6.2,5,4.1,4,8.6,5,7.6,4,7.4,3,5.5,6,5.4,6,6.1,6,4.2,5,2.7,6,1.0,6,8.2,5,6.5,5,5.9,3,4.9,4,2.5,5,1.0,4,8.2,2,6.0,4,3.3,3,1.0,1.0,9.8,2,6.5,1,4.0,1,7.1,3,9.8,2,9.7,2,7.8,1,9.6,1,8.2,1,10.9,1,10.4,2
2016-12-17 18:00:00,6.7,5,5.1,5,5.2,6,5.5,4,3.3,4,7.7,5,7.1,4,6.6,4,4.9,6,4.7,6,5.8,6,2.8,5,1.6,6,0.0,6,7.4,5,5.6,5,4.9,2,3.3,3,1.6,5,0.1,5,7.2,2,4.5,4,2.1,3,-0.3,1.0,8.5,2,4.8,1,1.6,1,4.8,2,8.7,2,8.2,2,6.2,1,8.2,1,6.0,1,9.5,1,9.3,1
2016-12-17 19:00:00,6.6,5,5.0,5,4.9,6,5.3,5,2.9,5,7.4,5,6.9,4,6.1,5,4.4,6,4.3,6,5.5,6,2.0,5,0.9,6,-0.7,6,6.9,5,5.0,5,4.2,3,2.1,2,1.0,5,-0.6,5,6.6,2,3.6,4,1.4,3,-1.0,1.0,7.5,2,3.6,1,0.4,1,3.6,2,7.8,2,7.0,2,5.3,1,7.0,1,4.2,1,8.5,1,8.4,1
2016-12-17 20:00:00,6.4,5,5.2,5,4.7,6,5.3,6,2.9,5,7.5,5,6.8,5,6.0,6,4.1,6,4.1,6,5.3,6,1.6,6,0.6,6,-1.0,6,6.6,5,4.7,5,3.7,3,1.4,2,0.5,5,-1.0,5,6.3,2,3.1,3,1.1,3,-1.4,1.0,6.8,2,2.9,1,0.1,1,3.1,2,7.0,2,6.1,1,5.0,1,5.9,1,2.8,1,7.9,1,7.7,1
2016-12-17 21:00:00,6.3,5,5.2,5,4.5,6,5.3,6,2.7,5,7.5,5,6.7,5,5.9,6,3.9,6,3.8,6,5.0,6,1.3,6,0.3,5,-1.3,6,6.3,5,4.5,5,3.4,4,1.0,3,0.0,5,-1.4,5,6.1,2,2.7,2,1.0,3,-1.6,1.0,6.3,2,2.4,1,-0.1,1,2.8,2,6.3,2,5.3,2,4.8,1,5.0,1,1.7,1,7.3,1,7.0,2
2016-12-17 22:00:00,6.3,5,5.1,5,4.3,6,5.3,6,2.5,5,7.5,5,6.7,5,5.8,6,3.7,6,3.6,6,4.7,6,1.2,6,0.0,5,-1.5,6,6.0,5,4.4,5,3.1,4,0.8,3,-0.4,5,-1.7,5,5.8,2,2.3,2,0.8,4,-1.8,1.0,5.9,3,2.0,1,0.0,1,2.6,2,5.6,2,4.6,2,4.5,2,4.3,2,0.8,1,6.9,1,6.5,2
2016-12-17 23:00:00,6.3,5,5.0,5,4.1,5,5.3,6,2.4,5,7.4,5,6.6,5,5.7,6,3.6,6,3.3,6,4.4,6,1.0,6,-0.2,4,-1.6,5,5.6,5,4.3,5,2.8,4,0.7,3,-0.8,5,-1.9,5,5.4,2,1.9,2,0.5,4,-2.0,1.0,5.5,3,1.6,2,0.0,1,2.4,2,4.9,2,4.1,2,4.1,2,3.7,2,0.3,1,6.7,1,6.1,2
2016-12-18 00:00:00,6.1,6,4.8,5,3.9,5,5.2,6,2.2,5,7.2,5,6.6,6,5.6,6,3.5,6,3.0,6,4.1,6,0.8,6,-0.4,4,-1.7,5,5.2,6,4.0,5,2.3,5,0.5,4,-1.2,5,-2.1,5,4.9,3,1.4,2,0.1,4,-2.4,2.0,5.1,3,1.3,2,-0.1,1,2.2,2,4.2,2,3.6,3,3.7,2,3.2,2,0.0,1,6.5,1,5.7,2
2016-12-18 01:00:00,5.9,6,4.6,5,3.7,5,5.0,6,1.9,5,6.8,6,6.5,6,5.4,6,3.3,6,2.7,6,3.9,5,0.4,6,-0.6,4,-1.7,5,4.8,6,3.5,5,1.7,5,0.0,4,-1.6,5,-2.4,5,4.4,4,0.7,3,-0.4,4,-2.9,2.0,4.7,4,1.0,2,-0.4,1,2.0,3,3.6,3,3.3,3,3.3,2,2.9,2,-0.1,1,6.3,1,5.5,3
2016-12-18 02:00:00,5.6,6,4.3,6,3.5,6,4.8,6,1.6,5,6.4,6,6.5,6,5.2,6,3.0,6,2.4,5,3.8,5,0.0,6,-0.8,4,-1.7,6,4.5,6,3.0,6,0.9,6,-0.6,5,-2.0,5,-2.7,6,3.8,4,-0.1,4,-0.9,5,-3.5,2.0,4.2,5,0.6,2,-0.7,1,1.7,3,3.1,4,3.0,4,2.9,3,2.6,2,0.0,1,6.1,1,5.3,3
2016-12-18 03:00:00,6.3,6,4.7,5,4.5,4,5.0,6,2.7,3,5.2,3,5.9,6,4.9,5,3.5,6,3.1,6,4.4,6,1.6,5,0.4,2,0.2,2,3.8,5,2.9,6,2.1,4,1.6,5,-0.1,3,-0.6,2,4.3,2,1.9,2,-0.2,2,-2.5,1.0,4.0,1,1.1,1,-0.2,1,0.9,1,2.6,1,3.5,1,3.7,1,3.2,1,-0.1,1,6.4,1,5.5,1
2016-12-18 04:00:00,6.3,6,4.7,5,4.4,5,4.8,6,2.6,4,5.4,2,6.2,5,4.9,5,3.5,5,3.1,5,4.4,5,1.6,5,0.1,2,0.1,2,4.0,4,2.9,6,2.0,5,1.4,4,-0.2,3,-0.9,2,4.1,2,1.5,2,-0.5,2,-2.6,1.0,3.7,1,0.5,1,-0.5,1,0.4,1,2.2,1,2.8,1,3.1,1,2.7,1,-0.5,1,5.9,1,4.7,2
2016-12-18 05:00:00,6.3,6,4.7,5,4.2,5,4.5,6,2.4,4,5.6,2,6.4,4,5.0,4,3.5,4,3.1,4,4.4,4,1.6,5,-0.2,2,-0.1,2,4.2,4,3.0,6,1.9,5,1.1,4,-0.4,3,-1.1,2,3.9,3,1.1,3,-0.8,2,-2.8,1.0,3.4,2,-0.1,1,-0.8,1,0.0,1,1.8,1,2.1,1,2.7,1,2.3,1,-0.9,1,5.4,1,4.0,2
2016-12-18 06:00:00,6.2,6,4.6,6,4.1,5,4.2,6,2.3,4,5.7,3,6.4,4,4.8,5,3.3,3,3.0,3,4.2,4,1.5,5,-0.3,2,-0.4,2,4.2,3,2.8,6,1.7,6,1.0,5,-0.5,3,-1.2,2,3.7,3,0.9,3,-1.1,2,-3.1,1.0,3.1,2,-0.2,1,-0.9,1,0.1,1,1.7,2,2.0,1,2.7,1,2.4,1,-1.0,1,5.3,1,3.8,2
2016-12-18 07:00:00,6.0,6,4.5,6,4.1,5,4.0,6,2.5,5,5.6,4,6.0,5,4.3,5,3.0,3,2.9,3,4.0,4,1.4,5,-0.2,3,-0.5,3,3.9,4,2.4,6,1.5,6,1.1,5,-0.5,2,-1.1,3,3.5,3,1.1,4,-1.3,2,-3.6,1.0,2.8,2,0.5,1,-0.5,1,0.9,1,1.9,2,2.8,1,3.5,1,3.1,1,-0.5,2,5.8,1,4.5,2
2016-12-18 08:00:00,5.9,7,4.5,6,4.2,6,4.1,7,2.8,6,5.5,5,5.4,5,3.9,5,2.8,4,2.9,4,3.8,4,1.5,5,0.2,4,-0.4,4,3.5,6,2.1,7,1.3,7,1.4,6,-0.3,3,-0.7,3,3.4,3,1.7,4,-1.3,2,-3.5,1.0,2.8,2,1.8,1,0.5,1,2.4,1,2.5,2,4.2,1,4.9,1,4.4,2,0.7,3,7.0,2,6.0,2
2016-12-18 09:00:00,6.1,7,4.7,6,4.6,6,4.5,6,3.3,6,5.8,6,5.2,5,3.7,5,3.0,4,3.2,4,4.0,5,1.9,5,0.8,5,0.1,5,3.5,7,2.2,6,1.5,6,1.8,6,0.0,3,0.0,3,3.8,3,2.5,4,-1.0,3,-2.0,1.0,3.3,2,3.5,1,2.0,1,4.5,1,3.6,2,6.0,1,6.6,1,5.9,2,2.6,3,8.5,2,7.7,2
2016-12-18 10:00:00,6.6,7,5.3,7,5.3,6,5.4,5,3.9,6,6.6,7,5.6,4,4.1,4,3.8,5,4.0,4,4.7,5,2.8,6,1.7,5,1.1,5,4.1,6,2.9,5,2.0,6,2.4,6,0.4,3,1.0,3,4.8,2,3.4,3,-0.3,3,1.3,1.0,4.5,2,5.3,1,4.1,1,6.9,1,5.3,2,7.7,2,8.2,1,7.5,2,5.3,3,10.3,2,9.4,2
2016-12-18 11:00:00,7.2,7,6.1,7,6.1,7,6.5,3,4.5,6,7.7,7,6.4,3,4.8,3,4.9,5,5.0,4,5.5,5,3.9,6,2.6,6,2.3,5,5.0,6,3.9,3,2.8,6,3.1,5,0.9,4,2.1,3,6.1,2,4.4,3,0.7,2,5.1,1.0,6.0,2,7.0,1,6.3,1,9.2,1,7.1,2,9.2,2,9.6,1,9.0,1,8.2,2,12.0,1,10.9,2
2016-12-18 12:00:00,7.7,7,6.9,7,6.8,7,7.4,2,5.0,6,8.6,6,7.1,2,5.6,2,5.8,5,5.9,4,6.3,4,5.0,5,3.4,6,3.2,5,5.9,5,4.9,2,3.6,5,3.8,3,1.4,4,3.1,4,7.3,1,5.2,3,1.7,2,7.7,1.0,7.5,2,8.3,1,8.3,1,11.0,1,8.6,2,10.4,2,10.7,1,10.2,1,10.8,1,13.4,1,11.9,2
2016-12-18 13:00:00,7.7,6,7.4,6,7.2,6,7.9,2,5.4,5,9.0,7,7.4,3,6.1,2,6.2,5,6.4,4,6.7,4,5.8,5,3.9,5,3.6,5,6.4,4,5.6,1,4.2,4,4.6,3,1.8,4,3.7,4,8.0,1,5.8,2,2.6,2,7.8,1.0,8.6,2,9.1,1,9.6,1,11.8,1,9.5,2,11.2,1,11.4,1,11.1,1,12.6,1,14.2,1,12.4,1
2016-12-18 14:00:00,7.5,6,7.6,6,7.4,5,8.0,3,5.6,4,9.0,7,7.3,3,6.4,2,6.3,4,6.5,3,6.7,3,6.2,3,4.2,5,3.5,5,6.5,4,6.0,1,4.6,3,5.0,2,2.1,3,3.8,3,8.2,1,6.0,2,3.2,3,6.2,1.0,9.2,2,9.3,1,10.0,1,11.5,1,9.7,1,11.4,1,11.5,1,11.4,1,13.3,1,14.3,1,12.3,1
2016-12-18 15:00:00,6.3,6,6.6,6,6.5,6,6.3,4,5.7,4,8.1,5,6.5,3,6.0,2,6.1,3,6.2,2,6.6,3,4.9,4,4.1,4,3.4,4,6.3,2,6.1,2,5.1,4,4.9,3,1.7,2,3.0,3,8.8,1,5.4,2,2.7,2,4.8,1.0,10.1,1,8.5,1,9.3,1,10.4,1,9.6,1,10.8,1,10.1,1,11.6,1,12.7,1,13.2,1,11.1,1
2016-12-18 16:00:00,6.2,6,6.3,6,6.1,5,5.8,4,5.2,4,7.7,5,6.1,3,5.6,2,5.6,3,5.7,3,6.2,3,4.1,4,3.4,4,2.7,4,5.7,3,5.7,2,4.7,3,3.9,3,1.5,2,2.1,3,7.9,1,4.6,2,2.1,2,2.8,1.0,9.0,1,7.1,1,7.1,1,7.9,1,8.7,1,9.5,1,8.5,1,10.4,1,10.9,1,12.1,1,10.1,1
2016-12-18 17:00:00,6.0,6,5.8,5,5.6,5,5.2,5,4.5,4,7.3,4,5.7,3,5.0,2,4.9,3,5.0,3,5.8,3,3.1,3,2.5,4,1.8,4,5.2,3,5.0,2,4.0,2,2.7,4,1.2,2,1.1,3,6.9,1,3.5,2,1.3,3,1.1,1.0,7.5,1,5.3,1,4.4,1,5.0,1,7.7,1,7.8,1,6.5,1,8.8,1,8.4,1,10.7,1,8.9,1
2016-12-18 18:00:00,5.9,6,5.4,5,5.1,5,4.8,5,3.9,4,6.8,4,5.3,3,4.6,3,4.4,4,4.4,4,5.5,4,2.2,3,1.7,4,1.1,3,4.9,3,4.5,2,3.2,3,1.5,5,0.8,2,0.3,4,5.9,1,2.4,2,0.6,3,0.0,1.0,6.2,1,3.7,1,2.0,1,2.6,1,6.7,1,6.3,1,4.9,1,7.2,1,6.0,1,9.5,1,7.9,2
2016-12-18 19:00:00,5.7,6,5.1,6,4.8,6,4.7,6,3.4,4,6.4,4,5.1,4,4.4,4,4.1,5,4.1,5,5.4,5,1.7,3,1.2,3,0.7,3,4.8,4,4.2,4,2.6,4,0.8,6,0.6,2,-0.1,4,5.2,1,1.6,2,0.2,3,-0.6,1.0,5.4,1,2.6,1,0.6,1,1.4,1,5.9,1,5.4,1,4.0,1,6.1,1,4.3,1,8.6,1,7.4,2
2016-12-18 20:00:00,5.5,6,4.9,6,4.7,6,4.8,6,3.1,4,6.0,4,4.9,5,4.5,5,3.9,6,3.9,6,5.2,6,1.4,4,1.0,3,0.5,3,4.8,5,4.0,5,2.2,5,0.5,6,0.4,2,-0.1,3,4.8,2,1.1,2,0.1,3,-0.9,1.0,5.0,1,1.9,1,0.1,1,1.1,1,5.3,1,4.9,1,3.7,1,5.3,1,3.2,2,8.0,1,7.2,2
2016-12-18 21:00:00,5.3,6,4.7,6,4.5,6,4.8,6,2.8,4,5.7,4,4.8,6,4.4,6,3.7,6,3.6,6,4.9,6,1.2,4,0.8,3,0.2,3,4.9,6,3.8,5,1.9,5,0.1,6,0.1,3,-0.2,3,4.4,2,0.7,2,-0.1,3,-1.2,2.0,4.5,1,1.3,1,-0.4,1,0.7,2,4.7,2,4.4,1,3.4,2,4.6,2,2.3,2,7.6,2,6.7,2
2016-12-18 22:00:00,5.1,6,4.5,6,4.3,6,4.7,7,2.6,4,5.5,4,4.7,6,4.4,6,3.5,6,3.3,6,4.6,6,1.1,5,0.8,4,0.1,4,4.8,6,3.6,6,1.6,5,-0.2,6,-0.2,3,-0.3,3,4.1,2,0.4,3,-0.3,3,-1.4,2.0,4.2,1,0.9,1,-0.6,1,0.5,2,4.2,2,4.0,2,3.2,2,4.2,2,1.7,3,7.3,2,6.4,3
2016-12-18 23:00:00,4.8,6,4.3,6,4.1,6,4.6,7,2.4,5,5.4,4,4.7,6,4.3,6,3.3,6,3.1,6,4.2,6,1.0,5,0.8,4,-0.1,4,4.7,6,3.4,6,1.3,6,-0.4,6,-0.5,4,-0.4,4,3.8,1,0.2,3,-0.4,4,-1.6,3.0,3.8,1,0.6,2,-0.7,1,0.6,2,3.8,2,3.7,2,3.1,3,3.9,2,1.5,3,7.2,2,6.1,3
2016-12-19 00:00:00,4.6,6,4.0,6,3.9,6,4.3,7,2.3,5,5.4,5,4.8,6,4.2,6,3.1,6,2.8,6,3.9,6,0.9,5,0.7,4,-0.2,4,4.4,6,3.1,6,1.0,6,-0.6,6,-0.8,4,-0.6,4,3.5,2,0.0,4,-0.6,4,-1.7,3.0,3.6,2,0.4,2,-0.6,1,0.7,3,3.6,3,3.5,2,3.0,3,3.9,3,1.7,4,7.2,2,5.8,3
2016-12-19 01:00:00,4.4,6,3.8,6,3.5,6,4.0,7,2.1,5,5.5,5,4.9,6,4.1,6,2.9,6,2.6,5,3.7,6,0.7,6,0.5,4,-0.3,5,4.1,6,2.7,6,0.6,6,-0.9,5,-1.1,5,-0.9,5,3.1,3,-0.4,4,-0.7,5,-1.8,4.0,3.4,2,0.4,3,-0.3,1,1.0,3,3.6,3,3.5,3,2.8,3,4.0,4,2.2,4,7.2,2,5.7,4
2016-12-19 02:00:00,4.3,6,3.5,6,3.2,6,3.7,7,2.0,5,5.7,6,5.1,6,4.1,6,2.7,6,2.4,5,3.7,5,0.5,6,0.3,5,-0.3,5,3.7,6,2.4,6,0.2,6,-1.1,5,-1.4,6,-1.3,5,2.7,4,-0.7,5,-0.9,5,-1.9,4.0,3.2,3,0.3,4,0.0,1,1.3,4,3.6,4,3.6,3,2.7,4,4.3,4,2.9,5,7.2,3,5.5,4
2016-12-19 03:00:00,5.0,7,3.7,6,3.6,6,2.7,7,2.2,5,3.5,3,3.5,6,2.6,6,3.4,7,3.1,6,4.0,6,1.6,6,1.4,6,0.5,6,3.1,6,2.3,6,1.4,4,0.0,5,-0.5,5,-1.2,3,2.8,1,-0.4,2,-1.1,4,-2.3,1.0,2.7,3,-0.5,1,-1.6,1,-0.4,4,2.5,1,2.9,1,2.3,1,2.8,1,-0.3,1,6.1,2,6.3,7
2016-12-19 04:00:00,5.0,7,3.7,6,3.5,6,2.7,7,2.2,5,3.6,3,3.5,6,2.6,6,3.4,6,3.2,6,3.9,6,1.7,5,1.3,5,0.5,5,3.4,6,2.4,6,1.2,4,-0.1,5,-0.7,5,-1.3,3,2.6,2,-0.8,2,-1.3,3,-2.3,1.0,2.5,3,-1.3,1,-1.9,1,-0.7,5,1.9,2,2.4,1,1.8,1,2.4,1,-0.2,1,5.7,2,6.4,7
2016-12-19 05:00:00,5.1,7,3.8,6,3.4,6,2.6,7,2.2,6,3.7,3,3.6,6,2.6,6,3.3,5,3.2,5,3.7,6,1.7,4,1.1,5,0.5,4,3.6,6,2.5,5,1.0,4,-0.1,5,-0.9,5,-1.3,3,2.3,2,-1.0,2,-1.6,3,-2.3,2.0,2.4,3,-2.1,1,-2.2,1,-0.8,5,1.2,2,1.9,1,1.4,1,2.0,1,-0.1,2,5.3,2,6.4,7
2016-12-19 06:00:00,5.0,7,3.7,7,3.2,6,2.6,7,2.3,6,3.6,4,3.6,6,2.4,6,3.0,5,3.0,5,3.4,5,1.7,4,1.0,5,0.4,3,3.5,6,2.4,5,0.7,5,0.0,5,-1.1,5,-1.3,4,2.1,2,-1.0,2,-1.9,3,-2.7,2.0,2.3,3,-2.3,1,-2.2,1,-0.7,6,0.8,2,1.8,1,1.4,1,2.1,2,0.1,2,5.2,2,6.4,7
2016-12-19 07:00:00,4.7,7,3.4,7,2.8,7,2.5,7,2.4,6,3.2,5,3.3,6,2.1,5,2.4,4,2.6,4,3.0,5,1.5,4,0.9,5,0.4,4,3.0,7,1.9,5,0.4,5,0.2,6,-1.2,6,-1.1,4,2.0,2,-0.7,2,-2.2,3,-3.4,2.0,2.2,2,-1.6,1,-1.8,1,-0.1,6,0.9,2,2.3,1,2.1,1,2.9,2,0.3,2,5.7,2,6.4,7
2016-12-19 08:00:00,4.4,7,3.0,7,2.5,7,2.5,7,2.6,5,2.8,6,3.0,7,1.8,5,1.9,4,2.1,4,2.7,5,1.3,4,0.9,6,0.5,6,2.6,7,1.5,5,0.3,6,0.5,6,-1.2,7,-0.8,5,2.1,2,-0.1,2,-2.3,4,-3.6,2.0,2.3,2,-0.2,1,-0.8,1,1.0,6,1.5,2,3.3,1,3.3,1,4.2,3,1.0,2,6.7,2,6.6,7
2016-12-19 09:00:00,4.4,7,3.0,7,2.6,7,2.9,6,2.9,5,2.8,6,3.0,6,1.9,4,1.8,4,2.1,4,2.7,4,1.5,4,1.1,6,1.0,6,2.5,7,1.4,5,0.5,6,1.0,6,-0.9,7,-0.1,5,2.7,1,0.8,2,-2.1,5,-2.4,2.0,2.7,2,1.6,1,0.8,1,2.6,6,2.6,3,4.7,2,4.9,1,5.7,3,2.5,3,8.2,2,7.2,7
2016-12-19 10:00:00,4.8,7,3.5,6,3.4,7,3.8,5,3.4,4,3.6,6,3.5,5,2.5,3,2.4,3,2.7,3,3.3,3,2.3,4,1.5,5,1.8,6,3.2,5,2.1,4,1.1,5,1.7,5,-0.4,6,0.8,4,3.9,1,1.9,2,-1.6,5,0.8,1.0,3.5,2,3.6,1,2.9,1,4.5,6,4.1,3,6.3,2,6.6,1,7.3,3,5.0,3,10.1,3,8.2,7
2016-12-19 11:00:00,5.3,7,4.3,5,4.4,6,4.9,4,4.0,3,4.7,6,4.3,4,3.4,2,3.4,2,3.6,2,4.1,2,3.4,3,2.1,4,2.7,4,4.2,4,3.2,3,2.0,3,2.5,3,0.2,5,1.9,4,5.5,1,3.1,2,-0.7,5,4.6,1.0,4.5,2,5.5,1,5.2,1,6.4,5,5.7,4,7.8,2,8.1,1,8.7,3,8.0,3,11.9,3,9.4,7
2016-12-19 12:00:00,5.8,6,5.1,4,5.4,6,5.9,3,4.5,2,5.7,6,5.0,3,4.3,2,4.3,2,4.5,2,4.8,2,4.5,2,2.7,3,3.4,3,5.2,3,4.3,1,2.8,2,3.3,2,0.8,4,2.7,4,7.0,1,4.1,1,0.2,5,7.1,1.0,5.7,2,7.0,1,7.3,1,8.0,5,7.2,5,9.1,2,9.3,1,10.0,3,10.7,3,13.3,3,10.4,7
2016-12-19 13:00:00,6.0,7,5.5,3,5.9,6,6.5,2,4.8,2,6.2,6,5.4,3,5.0,1,4.7,2,5.0,2,5.1,2,5.3,1,3.2,3,3.7,2,5.7,2,5.1,1,3.4,1,4.0,1,1.3,3,3.1,4,8.0,1,4.8,1,1.1,4,7.1,1.0,6.8,2,7.9,1,8.7,1,8.9,5,8.3,5,9.9,3,9.9,1,11.0,4,12.3,3,13.9,2,10.9,7
2016-12-19 14:00:00,5.9,7,5.6,4,5.9,5,6.6,2,4.9,1,6.2,6,5.4,3,5.4,1,4.7,2,5.1,3,5.2,2,5.6,1,3.6,3,3.6,3,5.7,2,5.4,1,3.7,1,4.4,1,1.6,2,3.1,4,8.5,1,5.1,1,1.8,4,5.3,1.0,7.5,1,8.1,1,9.2,1,8.9,5,8.8,4,10.1,4,9.8,2,11.6,5,12.9,3,13.9,2,11.0,7
2016-12-19 15:00:00,4.4,7,3.9,4,4.8,6,5.2,4,4.4,2,7.1,3,6.4,3,5.4,2,4.1,2,4.8,2,4.7,2,5.0,4,3.2,3,2.8,6,5.7,2,5.1,1,3.7,2,3.9,2,1.4,3,2.4,4,8.3,1,3.9,1,1.6,3,3.5,1.0,7.7,1,7.5,1,8.6,1,8.4,3,9.2,5,9.8,2,9.2,1,11.5,2,12.3,3,13.6,3,11.1,7
2016-12-19 16:00:00,4.4,7,3.7,4,4.4,6,4.5,4,3.9,2,6.7,3,6.1,3,5.0,1,3.6,2,4.2,2,4.5,2,3.7,5,2.6,4,2.4,6,5.1,2,4.5,1,3.0,2,2.9,2,1.2,3,1.7,4,7.4,1,3.1,1,1.2,3,1.7,1.0,6.9,2,6.2,2,6.6,1,6.2,3,8.5,4,8.8,2,7.9,1,10.5,2,10.9,3,12.6,3,10.4,7
2016-12-19 17:00:00,4.6,6,3.4,5,4.0,6,3.7,5,3.4,3,6.3,4,5.8,4,4.4,2,3.0,3,3.5,3,4.3,3,2.3,5,1.9,5,1.9,5,4.5,3,3.5,1,2.1,2,1.6,2,0.9,4,1.0,5,6.2,1,2.1,1,0.5,3,0.3,1.0,5.9,2,4.6,2,4.1,1,3.8,3,7.7,3,7.5,1,6.3,1,9.2,2,8.9,2,11.4,3,9.5,7
2016-12-19 18:00:00,4.8,6,3.3,6,3.7,6,3.2,6,3.0,4,6.0,4,5.5,5,3.9,2,2.6,4,2.8,3,4.1,3,1.2,5,1.4,6,1.4,5,4.1,3,2.7,2,1.3,3,0.4,3,0.5,4,0.4,5,5.1,1,1.1,2,0.0,3,-0.5,1.0,4.9,3,3.2,2,1.8,2,2.0,3,6.8,2,6.3,1,4.9,1,7.8,2,7.0,2,10.3,3,8.8,7
2016-12-19 19:00:00,4.8,6,3.3,7,3.6,6,3.1,6,2.8,4,5.8,4,5.4,5,3.8,3,2.5,5,2.4,4,3.9,4,0.9,6,1.2,6,1.1,5,4.0,4,2.2,3,0.8,3,-0.2,3,0.2,5,0.1,5,4.4,1,0.3,2,-0.2,4,-1.0,1.0,4.3,3,2.3,3,0.5,2,1.4,4,6.2,2,5.6,1,4.2,1,6.7,2,5.6,2,9.6,3,8.4,7
2016-12-19 20:00:00,4.7,6,3.4,7,3.7,6,3.2,7,2.7,5,5.8,5,5.5,6,3.8,4,2.5,6,2.2,5,3.7,5,1.1,6,1.3,5,0.9,5,4.0,4,2.0,5,0.5,3,-0.4,4,0.0,5,-0.1,4,4.0,2,-0.4,2,-0.3,4,-1.2,1.0,3.9,2,1.7,3,0.1,3,1.7,5,5.7,3,5.2,1,3.9,1,5.9,2,4.8,2,9.2,2,8.4,7
2016-12-19 21:00:00,4.7,7,3.4,7,3.7,6,3.1,7,2.6,5,5.8,5,5.5,6,3.7,4,2.4,6,2.0,6,3.6,6,0.9,6,1.2,5,0.7,5,3.9,5,1.7,5,0.2,3,-0.7,4,-0.2,5,-0.2,4,3.5,2,-0.9,3,-0.5,4,-1.4,1.0,3.6,2,1.1,3,-0.3,3,1.7,5,5.1,3,4.6,1,3.4,1,5.2,2,4.0,2,8.7,2,8.0,6
2016-12-19 22:00:00,4.7,7,3.4,7,3.7,6,3.1,7,2.5,5,5.7,5,5.5,6,3.6,5,2.3,6,1.9,6,3.5,6,0.8,6,1.1,5,0.4,5,3.7,5,1.6,5,0.1,4,-0.9,4,-0.4,5,-0.3,4,3.1,2,-1.2,3,-0.7,4,-1.6,1.0,3.3,2,0.7,3,-0.3,2,1.7,5,4.6,3,4.1,1,3.0,2,4.6,2,3.3,2,8.3,2,7.6,6
2016-12-19 23:00:00,4.7,7,3.4,7,3.7,6,3.2,7,2.3,5,5.7,6,5.5,6,3.5,5,2.3,6,1.9,6,3.5,6,0.7,6,1.0,5,0.3,5,3.4,5,1.5,6,0.0,4,-1.0,5,-0.6,5,-0.4,4,2.8,2,-1.3,3,-0.8,4,-1.9,1.0,3.1,2,0.3,3,-0.3,2,1.7,5,4.0,3,3.7,1,2.6,2,4.2,3,2.8,2,7.9,2,7.0,6
2016-12-20 00:00:00,4.7,7,3.3,7,3.6,6,3.2,7,2.3,5,5.6,6,5.4,6,3.5,5,2.3,6,1.9,6,3.6,6,0.6,6,0.9,5,0.2,5,3.2,5,1.5,6,0.0,5,-1.1,5,-0.8,5,-0.6,5,2.5,2,-1.3,4,-0.9,5,-2.1,1.0,2.8,2,-0.1,3,-0.4,2,1.6,5,3.4,4,3.3,1,2.2,2,3.8,3,2.3,3,7.6,2,6.4,5
2016-12-20 01:00:00,4.7,7,3.3,7,3.5,6,3.3,7,2.2,6,5.4,6,5.4,6,3.5,5,2.3,6,1.9,6,3.6,6,0.6,6,0.7,5,0.2,5,3.1,6,1.7,6,0.0,5,-1.1,5,-0.9,6,-0.8,5,2.2,2,-1.3,4,-1.0,5,-2.3,1.0,2.6,3,-0.4,3,-0.5,2,1.4,5,2.9,4,2.9,1,1.9,2,3.5,3,2.0,3,7.3,2,5.7,5
2016-12-20 02:00:00,4.7,7,3.3,7,3.3,6,3.4,7,2.1,7,5.2,6,5.3,6,3.6,6,2.4,5,2.0,6,3.7,6,0.5,6,0.6,5,0.2,5,3.2,6,1.8,6,0.1,6,-1.0,5,-1.1,6,-1.1,5,2.0,3,-1.2,5,-1.0,5,-2.4,1.0,2.3,4,-0.6,4,-0.8,2,1.3,5,2.3,4,2.6,1,1.6,3,3.3,3,1.6,3,7.0,2,4.9,5
2016-12-20 03:00:00,2.6,6,1.5,7,0.9,6,2.2,5,0.1,5,5.6,5,4.9,6,2.9,4,1.1,4,1.4,4,2.1,4,0.4,5,0.8,6,-0.2,4,2.4,6,1.0,6,-0.2,5,-1.3,5,-0.8,7,-1.5,3,0.9,4,-1.5,6,-1.4,7,0.8,6.0,2.2,5,2.4,7,2.5,7,1.1,3,2.7,7,5.4,7,4.1,7,6.5,7,5.8,7,9.3,7,6.2,7
2016-12-20 04:00:00,2.5,6,1.4,7,0.7,6,2.0,5,-0.4,5,5.5,5,4.9,5,2.8,3,1.1,5,1.4,5,2.0,4,0.1,5,0.3,5,-0.4,4,2.5,5,1.0,7,-0.3,5,-1.5,6,-1.0,7,-1.9,3,0.9,5,-1.6,6,-1.3,7,1.1,6.0,2.1,5,2.4,7,2.8,7,1.0,3,2.5,7,5.3,7,4.3,7,6.5,7,6.0,7,9.6,7,6.0,7
2016-12-20 05:00:00,2.4,5,1.3,7,0.4,5,1.9,5,-0.7,6,5.5,6,4.9,5,2.5,3,1.1,5,1.3,5,1.9,5,-0.2,4,-0.4,5,-0.8,4,2.6,4,1.0,7,-0.5,6,-1.6,6,-1.4,7,-2.4,4,0.9,4,-1.6,6,-1.2,7,1.3,6.0,1.9,5,2.3,7,3.0,7,0.7,4,2.2,7,5.1,7,4.5,7,6.5,7,6.4,7,9.9,7,5.8,6
2016-12-20 06:00:00,2.3,5,1.2,7,0.2,5,1.8,5,-0.8,6,5.3,6,4.7,4,2.2,3,1.0,6,1.2,6,1.8,6,-0.5,4,-0.9,5,-1.1,4,2.4,3,0.8,6,-0.6,6,-1.6,6,-1.6,7,-2.7,5,0.7,4,-1.5,7,-1.3,7,1.0,7.0,1.7,5,2.3,7,3.3,7,0.4,4,1.7,7,4.9,7,4.7,7,6.5,7,6.7,7,9.9,7,5.5,6
2016-12-20 07:00:00,2.1,5,1.0,7,-0.1,6,1.7,5,-0.6,6,4.9,6,4.2,5,1.7,4,0.7,7,1.0,6,1.6,6,-0.6,5,-1.1,5,-1.2,4,1.9,3,0.4,6,-0.7,7,-1.4,6,-1.5,6,-2.6,5,0.4,5,-1.4,7,-1.5,7,0.0,7.0,1.4,5,2.3,7,3.6,7,0.3,4,1.2,7,4.8,7,4.8,7,6.5,7,6.8,7,9.7,7,5.3,6
2016-12-20 08:00:00,2.0,6,0.9,6,-0.1,6,1.6,5,-0.1,6,4.5,7,3.7,6,1.4,5,0.5,7,1.0,7,1.5,7,-0.5,5,-0.9,5,-1.0,4,1.4,4,0.1,6,-0.7,6,-1.1,6,-1.2,6,-2.1,5,0.3,5,-1.1,6,-1.7,7,-0.8,7.0,1.2,6,2.6,7,3.9,7,0.6,4,0.8,7,4.9,7,5.0,7,6.6,7,7.0,7,9.5,7,5.4,7
2016-12-20 09:00:00,2.2,6,1.0,6,0.2,6,1.8,5,0.6,5,4.5,7,3.4,6,1.4,6,0.6,7,1.2,7,1.7,7,0.0,6,-0.4,4,-0.4,3,1.4,5,0.2,6,-0.5,6,-0.5,5,-0.7,5,-1.4,4,0.6,6,-0.5,6,-1.7,7,-0.7,7.0,1.3,6,3.1,7,4.3,7,1.5,4,1.0,7,5.3,7,5.4,7,6.8,6,7.3,7,9.7,7,5.8,7
2016-12-20 10:00:00,2.7,7,1.5,6,1.1,6,2.3,6,1.4,4,5.0,7,3.6,7,1.9,5,1.3,7,1.9,7,2.4,7,1.0,5,0.4,3,0.5,2,2.1,5,1.0,6,0.0,6,0.3,5,-0.1,5,-0.5,4,1.6,6,0.6,6,-1.3,7,1.1,6.0,1.9,5,4.0,7,4.9,7,3.0,4,1.9,7,6.0,7,6.1,7,7.3,6,8.0,7,10.6,7,6.7,7
2016-12-20 11:00:00,3.5,6,2.3,6,2.2,6,2.9,6,2.1,3,5.9,7,4.1,7,2.7,4,2.2,7,2.8,7,3.3,7,2.3,4,1.3,2,1.4,2,3.2,5,2.2,6,0.7,6,1.3,4,0.6,5,0.3,4,2.9,6,1.8,7,-0.5,7,3.5,6.0,2.8,5,5.2,6,5.7,7,4.9,5,3.1,7,6.9,7,7.0,7,7.9,7,9.1,7,11.8,7,7.7,7
2016-12-20 12:00:00,4.1,6,3.0,6,3.1,6,3.6,6,2.8,2,6.8,7,4.7,6,3.6,4,3.0,6,3.6,6,4.0,6,3.5,3,2.1,2,2.2,2,4.2,5,3.3,6,1.4,6,2.3,4,1.1,4,1.0,4,4.1,6,3.0,6,0.4,6,5.3,6.0,3.9,4,6.3,6,6.6,7,6.4,5,4.3,7,7.8,7,7.8,7,8.7,7,10.3,7,12.9,7,8.7,7
2016-12-20 13:00:00,4.5,5,3.5,6,3.5,5,4.1,6,3.3,2,7.4,7,5.1,6,4.2,4,3.4,6,4.1,6,4.2,6,4.3,2,2.6,1,2.5,2,4.9,4,4.1,5,2.0,6,3.1,4,1.5,4,1.4,3,4.7,5,3.8,6,1.3,6,5.5,6.0,4.9,5,7.1,6,7.4,7,7.2,5,5.1,7,8.6,7,8.4,7,9.5,7,11.5,7,13.5,7,9.3,7
2016-12-20 14:00:00,4.5,4,3.6,5,3.4,4,4.3,6,3.5,1,7.6,7,5.3,5,4.5,5,3.4,5,4.1,5,4.0,5,4.6,1,2.8,1,2.4,2,5.1,4,4.4,3,2.4,6,3.6,5,1.6,3,1.5,3,4.9,5,4.1,6,1.9,6,4.5,6.0,5.6,5,7.5,6,8.0,7,7.2,5,5.5,7,9.1,7,8.6,7,10.1,7,12.4,7,13.7,7,9.4,7
2016-12-20 15:00:00,4.0,7,3.3,6,2.9,4,4.8,5,3.2,6,6.7,6,5.2,7,5.2,6,3.3,7,3.5,7,3.8,7,3.6,7,2.0,2,1.3,2,6.1,7,4.6,4,3.1,4,3.2,6,1.1,2,0.5,2,5.2,6,4.7,7,2.8,6,4.1,6.0,6.5,4,7.6,7,7.8,7,6.8,3,6.2,6,9.5,7,9.3,7,10.4,7,12.2,7,13.0,7,9.6,7
2016-12-20 16:00:00,3.6,6,2.7,6,2.3,3,3.9,4,2.5,6,6.3,5,5.0,6,4.8,5,2.7,7,2.9,7,3.4,7,2.6,7,1.4,3,0.7,3,5.6,6,3.9,4,2.8,4,2.5,6,0.8,4,0.2,2,4.7,5,4.0,7,2.4,6,2.9,6.0,6.1,4,7.1,7,7.3,7,5.0,2,5.7,6,8.9,7,8.5,7,10.3,7,11.8,7,12.6,7,8.7,7
2016-12-20 17:00:00,3.2,6,2.0,6,1.6,3,2.8,3,1.6,6,5.7,5,4.7,6,4.1,5,2.0,7,2.2,7,2.9,7,1.5,7,0.6,4,0.0,4,4.9,5,3.1,5,2.3,5,1.7,6,0.4,5,-0.1,3,4.1,4,3.1,7,1.7,6,2.0,6.0,5.5,4,6.4,6,6.5,7,2.9,2,5.1,7,8.1,7,7.5,7,9.9,7,10.9,7,12.2,6,7.7,6
2016-12-20 18:00:00,2.9,5,1.4,6,1.0,3,1.9,2,0.8,6,5.3,4,4.4,5,3.5,5,1.4,7,1.6,7,2.6,7,0.5,7,-0.1,5,-0.6,5,4.2,4,2.3,5,1.7,6,0.8,7,0.0,7,-0.4,4,3.5,4,2.3,7,1.1,6,1.4,5.0,4.8,4,5.6,6,5.7,7,1.3,2,4.6,7,7.4,7,6.6,7,9.5,6,10.0,7,11.9,6,6.9,6
2016-12-20 19:00:00,2.8,5,1.2,5,0.7,4,1.6,3,0.4,6,5.1,4,4.2,5,3.1,5,1.0,7,1.2,7,2.4,7,0.0,6,-0.5,6,-0.9,4,3.8,5,1.7,6,1.2,6,0.2,7,-0.3,7,-0.8,4,3.1,4,1.8,7,0.8,6,1.1,5.0,4.3,4,5.0,6,5.0,6,0.7,2,4.3,6,6.9,7,6.2,7,9.0,7,9.4,6,11.9,6,6.6,6
2016-12-20 20:00:00,2.9,4,1.1,4,0.7,5,1.6,5,0.2,6,5.0,5,4.2,5,2.9,5,0.8,6,0.9,7,2.4,7,-0.2,6,-0.8,6,-1.0,3,3.6,5,1.4,6,0.9,5,-0.2,7,-0.5,7,-1.2,3,2.8,4,1.4,7,0.6,6,0.9,5.0,4.0,5,4.6,6,4.4,6,0.9,2,4.1,6,6.7,6,6.1,6,8.6,7,9.1,6,12.0,6,6.7,6
2016-12-20 21:00:00,2.8,4,0.8,4,0.5,5,1.5,5,-0.2,6,4.9,5,4.3,5,2.7,5,0.4,6,0.5,6,2.1,6,-0.5,6,-1.1,6,-1.2,4,3.2,6,1.0,6,0.6,4,-0.5,7,-0.9,7,-1.4,3,2.6,4,1.0,7,0.4,6,0.8,5.0,3.6,5,4.1,6,4.0,6,0.8,2,3.9,6,6.3,6,5.8,6,8.3,6,8.5,6,11.9,6,6.5,6
2016-12-20 22:00:00,2.7,3,0.6,4,0.3,6,1.4,5,-0.5,6,4.7,6,4.4,5,2.5,5,0.1,6,0.1,6,1.8,6,-0.8,6,-1.3,6,-1.5,4,2.9,6,0.7,6,0.2,4,-0.8,6,-1.3,7,-1.6,4,2.4,4,0.6,6,0.2,6,0.8,5.0,3.3,5,3.7,6,3.6,6,0.8,3,3.7,5,6.0,6,5.5,6,8.0,6,8.0,6,11.7,6,6.3,6
2016-12-20 23:00:00,2.6,3,0.3,4,0.0,6,1.2,5,-0.9,6,4.4,6,4.5,5,2.2,6,-0.2,5,-0.3,6,1.5,6,-1.1,6,-1.5,6,-1.7,4,2.5,7,0.4,6,-0.2,4,-1.2,6,-1.7,7,-1.6,4,2.2,5,0.2,6,-0.1,5,0.8,5.0,3.0,5,3.4,6,3.3,6,0.9,3,3.6,5,5.8,6,5.2,6,7.8,6,7.5,6,11.5,6,6.2,6
2016-12-21 00:00:00,2.6,4,0.0,4,-0.4,6,1.1,5,-1.2,6,4.3,6,4.4,5,1.9,6,-0.6,5,-0.7,5,1.1,6,-1.5,6,-1.7,5,-1.8,4,2.0,7,0.0,6,-0.6,5,-1.6,6,-2.1,7,-1.7,4,2.1,5,-0.4,6,-0.4,5,0.8,5.0,2.8,5,3.0,6,3.0,6,1.0,4,3.4,5,5.6,5,4.9,6,7.5,6,7.0,6,11.3,6,6.1,6
2016-12-21 01:00:00,2.6,5,-0.4,5,-0.8,6,1.0,4,-1.6,6,4.4,6,4.1,5,1.5,6,-1.0,4,-1.2,5,0.7,6,-2.0,6,-2.0,5,-1.8,5,1.5,6,-0.3,6,-1.1,5,-2.0,6,-2.5,6,-1.8,4,2.0,6,-1.0,6,-0.7,5,0.7,5.0,2.6,5,2.5,6,2.8,6,1.2,4,3.3,5,5.5,5,4.5,6,7.4,6,6.5,5,10.9,5,6.0,5
2016-12-21 02:00:00,2.6,6,-0.6,5,-1.3,6,1.0,3,-2.0,6,4.7,6,3.8,6,1.1,6,-1.3,4,-1.6,5,0.2,6,-2.6,6,-2.2,5,-1.6,5,0.9,6,-0.7,6,-1.6,6,-2.5,6,-2.8,6,-1.8,4,2.0,6,-1.6,6,-1.0,5,0.7,6.0,2.4,5,2.1,6,2.6,6,1.4,5,3.1,5,5.5,5,4.2,5,7.2,6,6.0,5,10.6,5,5.9,5
2016-12-21 03:00:00,3.9,6,1.5,5,0.2,5,1.9,7,-0.1,6,8.2,6,6.4,7,4.2,6,0.4,6,0.2,6,1.6,6,-0.5,6,-1.0,6,-1.6,3,3.2,6,0.6,6,0.2,5,-0.8,5,-1.1,7,-1.6,2,2.5,6,0.6,5,-0.7,6,-0.3,3.0,2.5,5,3.7,3,3.6,3,0.9,4,3.3,6,6.0,3,5.4,3,7.5,3,7.6,4,10.5,4,6.6,4
2016-12-21 04:00:00,4.3,6,1.8,5,0.3,5,2.1,6,-0.3,6,8.3,6,6.6,7,4.2,5,0.5,6,0.2,6,1.5,6,-0.7,6,-1.2,6,-1.7,3,3.2,6,0.5,6,-0.1,4,-1.1,5,-1.3,6,-2.0,2,2.4,6,0.3,5,-0.6,6,-0.5,3.0,2.3,4,3.4,3,3.0,3,0.5,4,3.0,5,5.5,3,5.3,3,7.0,4,7.1,4,10.4,4,6.4,4
2016-12-21 05:00:00,4.6,7,2.2,6,0.5,5,2.4,6,-0.5,5,8.5,6,6.8,7,4.1,6,0.6,6,0.2,5,1.4,6,-0.8,5,-1.4,6,-1.9,3,3.2,5,0.3,6,-0.3,4,-1.2,5,-1.4,6,-2.5,2,2.2,5,0.0,5,-0.6,6,-0.6,3.0,2.2,4,3.1,2,2.4,2,0.2,4,2.6,5,5.0,3,5.2,3,6.7,4,6.7,3,10.2,4,6.1,5
2016-12-21 06:00:00,4.9,7,2.5,6,0.7,5,2.6,6,-0.4,5,8.6,6,6.9,7,4.1,6,0.6,6,0.2,5,1.4,5,-1.0,5,-1.4,5,-2.0,3,3.3,5,0.1,6,-0.6,5,-1.1,6,-1.3,6,-2.6,2,2.0,5,0.0,4,-0.7,6,-0.8,3.0,2.2,4,3.0,2,2.0,2,0.2,4,2.2,4,4.9,3,5.3,2,6.6,4,6.4,3,10.1,4,6.1,5
2016-12-21 07:00:00,5.0,7,2.6,6,0.9,6,2.8,6,0.0,5,8.7,6,7.0,7,4.2,6,0.5,6,0.2,6,1.4,6,-1.1,6,-1.1,6,-1.8,4,3.5,5,-0.1,6,-0.8,5,-0.8,6,-1.0,5,-2.1,2,1.9,5,0.2,4,-1.0,6,-1.1,3.0,2.3,5,3.3,2,2.1,2,0.8,5,1.9,5,5.3,3,5.7,3,7.0,4,6.5,3,10.0,4,6.4,5
2016-12-21 08:00:00,5.1,7,2.6,6,1.1,6,3.2,7,0.6,5,8.9,7,7.1,7,4.5,7,0.6,6,0.5,6,1.6,6,-0.9,6,-0.5,6,-1.2,5,4.1,6,-0.2,7,-0.8,6,-0.3,7,-0.5,5,-1.2,3,2.0,6,0.8,5,-1.3,6,-1.0,3.0,2.8,5,4.0,3,2.7,2,1.9,5,2.0,5,6.2,4,6.5,3,7.9,4,7.1,3,10.2,4,7.2,6
2016-12-21 09:00:00,5.4,7,3.0,6,1.6,7,3.9,7,1.3,6,9.4,7,7.5,7,5.1,7,1.1,6,1.1,7,2.1,7,-0.3,7,0.3,6,-0.4,5,5.0,7,0.4,7,-0.4,7,0.4,7,0.1,6,0.1,3,2.5,7,1.7,5,-1.1,6,0.2,3.0,3.7,6,5.1,3,3.9,2,3.6,5,2.5,6,7.5,4,7.6,3,8.8,4,8.2,3,10.9,5,8.2,5
2016-12-21 10:00:00,5.9,7,3.9,7,2.5,7,5.1,7,2.1,7,10.2,7,8.2,7,6.0,7,2.1,7,2.2,7,3.1,7,1.0,6,1.1,5,0.7,5,6.4,7,1.7,7,0.5,7,1.3,6,0.6,6,1.5,3,3.6,7,2.9,5,-0.3,6,2.8,3.0,5.1,6,6.5,3,5.5,2,5.7,5,3.6,6,8.9,5,9.1,3,9.7,3,9.7,3,12.2,5,9.5,4
2016-12-21 11:00:00,6.6,7,5.0,7,3.5,7,6.4,7,2.8,7,11.2,7,9.1,7,7.0,7,3.5,7,3.6,7,4.3,7,2.5,6,2.0,4,1.9,5,8.0,7,3.4,7,1.7,7,2.3,5,1.1,6,2.7,3,4.9,7,4.2,4,0.9,6,5.9,3.0,6.8,5,8.0,2,7.4,2,7.8,5,5.0,6,10.3,5,10.6,3,10.6,2,11.4,3,13.8,4,10.7,3
2016-12-21 12:00:00,7.2,7,6.0,7,4.3,7,7.6,7,3.5,7,12.0,7,10.0,7,8.1,7,4.6,7,4.8,7,5.2,7,3.9,6,2.8,3,2.9,4,9.3,7,5.1,7,2.9,7,3.4,5,1.7,5,3.7,3,6.2,6,5.3,4,2.2,6,7.9,3.0,8.3,5,9.2,2,9.1,2,9.5,4,6.3,6,11.5,5,11.8,3,11.5,2,13.1,3,15.1,4,11.7,3
2016-12-21 13:00:00,7.6,7,6.6,7,4.8,7,8.3,7,4.1,7,12.5,7,10.7,7,9.0,7,5.2,7,5.5,7,5.6,7,4.8,6,3.5,2,3.5,4,10.0,7,6.4,7,3.8,7,4.3,5,2.3,4,4.1,2,7.1,6,6.0,4,3.2,6,7.9,2.0,9.3,6,10.0,2,10.3,2,10.5,4,7.3,5,12.3,5,12.4,3,12.4,1,14.5,3,15.8,3,12.2,3
2016-12-21 14:00:00,7.8,7,6.9,7,4.8,7,8.6,7,4.4,7,12.6,7,11.1,7,9.7,7,5.4,7,5.7,7,5.7,7,5.1,6,3.9,2,3.6,4,10.3,7,7.1,7,4.4,7,4.9,6,2.8,3,4.1,2,7.5,7,6.2,4,3.7,5,6.6,2.0,9.7,6,10.1,2,10.9,2,10.4,4,7.8,6,12.5,5,12.3,3,13.1,1,15.3,2,15.9,3,12.1,3
2016-12-21 15:00:00,7.1,7,5.6,7,4.1,7,6.9,7,4.0,3,10.9,7,9.9,7,8.6,7,4.4,6,4.6,6,4.7,6,3.9,2,2.6,3,2.3,2,8.7,7,5.9,6,3.2,2,3.4,2,1.5,3,2.5,2,7.0,3,4.7,2,2.4,4,5.0,2.0,8.4,6,9.0,1,11.2,2,8.1,2,6.3,2,11.5,2,11.0,1,12.7,4,14.9,3,15.2,3,10.9,2
2016-12-21 16:00:00,6.9,7,5.3,7,3.8,7,6.3,7,3.3,3,10.6,7,9.7,7,8.4,7,4.1,6,4.2,6,4.5,6,2.7,2,2.1,4,1.6,3,8.0,7,5.3,6,2.9,2,2.5,3,1.1,4,1.8,2,6.4,3,3.9,2,1.8,4,3.6,2.0,7.7,5,7.9,1,9.7,2,6.0,2,5.9,2,10.5,2,9.7,1,12.2,4,13.7,2,14.3,3,9.9,2
2016-12-21 17:00:00,6.7,7,5.0,7,3.6,7,5.6,7,2.4,4,10.3,7,9.3,7,7.8,7,3.7,6,3.7,6,4.4,6,1.4,3,1.4,4,0.8,4,7.1,7,4.3,6,2.3,2,1.2,4,0.6,5,1.0,2,5.6,2,2.8,2,1.0,4,2.4,2.0,6.7,5,6.5,1,7.7,2,3.6,2,5.4,1,9.2,1,8.2,1,11.4,4,11.8,2,13.1,2,8.6,2
2016-12-21 18:00:00,6.5,7,4.7,7,3.4,6,5.1,7,1.7,5,10.2,7,9.0,7,7.2,7,3.3,7,3.3,7,4.2,7,0.3,4,0.7,5,0.1,5,6.5,6,3.5,6,1.8,2,0.1,5,0.2,6,0.3,2,4.8,2,1.7,2,0.3,5,1.6,2.0,5.7,4,5.3,1,5.8,2,1.7,2,4.8,1,8.0,1,6.9,1,10.5,3,10.1,2,12.2,2,7.5,1
2016-12-21 19:00:00,6.4,7,4.5,7,3.4,6,5.0,7,1.4,5,10.2,7,8.9,7,6.8,7,3.0,7,3.1,7,4.1,7,-0.1,5,0.3,6,-0.2,5,6.3,6,3.0,6,1.4,3,-0.4,6,-0.1,6,0.0,2,4.3,2,0.9,2,-0.1,5,1.1,2.0,5.0,4,4.6,1,4.5,2,0.9,2,4.4,2,7.1,1,6.4,1,9.8,3,9.1,2,11.7,2,6.8,1
2016-12-21 20:00:00,6.4,7,4.5,7,3.5,6,5.2,7,1.4,6,10.2,7,9.0,6,6.7,7,2.9,7,3.0,7,4.1,7,0.1,5,0.1,5,-0.3,4,6.5,6,2.7,6,1.2,3,-0.6,6,-0.3,6,-0.2,2,3.9,3,0.3,2,-0.2,4,0.7,1.0,4.5,4,4.3,1,3.8,2,0.8,2,4.1,2,6.5,1,6.3,1,9.2,2,8.6,2,11.5,2,6.5,1
2016-12-21 21:00:00,6.3,7,4.2,7,3.2,6,5.1,7,1.1,6,10.2,7,8.9,6,6.6,7,2.6,7,2.6,7,3.8,7,-0.1,5,-0.2,5,-0.4,3,6.2,6,2.4,6,1.0,3,-0.7,6,-0.7,6,-0.3,2,3.6,3,-0.1,2,-0.2,5,0.5,2.0,4.0,4,4.1,2,3.3,2,0.8,2,3.8,2,6.0,2,6.3,2,8.8,2,7.9,2,11.2,2,6.2,2
2016-12-21 22:00:00,6.1,7,4.0,7,3.0,6,5.0,7,0.8,6,10.1,7,8.8,6,6.6,6,2.3,6,2.2,6,3.6,6,-0.3,5,-0.5,5,-0.5,3,5.9,6,2.1,6,0.8,4,-1.0,6,-1.1,5,-0.5,2,3.3,3,-0.5,2,-0.2,5,0.3,2.0,3.6,4,3.8,2,3.0,3,0.7,3,3.4,2,5.7,2,6.2,2,8.3,2,7.3,2,10.9,2,6.1,2
2016-12-21 23:00:00,5.9,6,3.7,6,2.8,6,4.9,7,0.6,6,10.0,7,8.7,6,6.5,6,2.1,6,1.9,6,3.3,6,-0.4,5,-0.8,5,-0.7,3,5.5,6,1.9,6,0.7,4,-1.3,6,-1.4,5,-0.7,2,3.1,3,-0.8,2,-0.3,5,0.3,3.0,3.3,4,3.5,3,2.8,3,0.5,3,3.1,3,5.5,3,6.0,3,7.9,2,6.7,3,10.7,3,6.0,3
2016-12-22 00:00:00,5.7,6,3.4,6,2.5,6,4.8,7,0.4,6,9.9,7,8.7,6,6.5,6,1.8,6,1.5,6,3.0,6,-0.6,5,-1.0,5,-0.9,3,5.2,6,1.6,6,0.4,5,-1.5,6,-1.7,5,-0.8,2,2.9,3,-1.0,3,-0.4,5,0.3,3.0,2.9,4,3.1,3,2.7,4,0.4,4,2.8,3,5.4,3,5.7,3,7.5,3,6.2,3,10.6,3,6.0,3
2016-12-22 01:00:00,5.6,6,3.2,6,2.3,6,4.7,7,0.2,5,9.9,6,8.6,6,6.4,6,1.5,5,1.1,5,2.8,6,-0.8,6,-1.3,4,-1.0,4,4.9,6,1.4,6,0.2,5,-1.4,6,-2.0,5,-0.8,2,2.8,4,-1.0,4,-0.7,5,0.4,4.0,2.6,4,2.8,4,2.6,4,0.5,4,2.6,4,5.3,4,5.4,4,7.2,3,5.7,4,10.4,4,6.1,4
2016-12-22 02:00:00,5.4,6,3.0,6,2.1,6,4.6,7,0.1,5,9.8,6,8.5,6,6.4,6,1.3,5,0.9,5,2.6,6,-1.1,6,-1.5,4,-1.0,4,4.7,6,1.2,6,-0.2,6,-1.1,6,-2.3,4,-0.9,2,2.7,4,-0.8,4,-0.9,5,0.5,4.0,2.3,4,2.5,5,2.5,5,0.7,5,2.4,4,5.3,4,4.9,5,7.0,4,5.3,4,10.4,4,6.1,4
2016-12-22 03:00:00,7.2,6,5.2,7,4.1,7,6.5,7,2.3,7,9.9,6,9.3,6,8.5,6,4.0,6,3.5,7,4.3,7,0.7,5,-0.8,5,-1.5,4,8.3,7,3.3,7,0.6,5,-1.6,5,-1.7,5,-1.8,2,2.4,4,-1.5,1,-1.5,4,-0.4,2.0,2.6,4,1.2,1,1.5,2,-0.2,1,0.5,5,3.7,1,3.8,1,6.3,1,5.3,2,10.2,1,5.0,1
2016-12-22 04:00:00,7.4,7,5.2,7,4.0,7,6.4,7,2.2,7,9.6,5,9.4,6,8.6,6,4.0,7,3.6,7,4.3,7,0.6,5,-0.8,5,-1.4,4,8.3,7,3.5,7,0.6,5,-1.7,5,-1.7,5,-2.0,2,2.4,4,-1.4,1,-1.4,4,-0.5,2.0,2.6,5,0.6,1,1.3,2,-0.4,2,0.0,5,3.1,1,3.3,1,6.0,1,4.9,2,9.9,1,4.5,1
2016-12-22 05:00:00,7.6,7,5.2,7,3.9,7,6.4,7,2.1,6,9.2,4,9.5,6,8.6,7,3.9,7,3.6,6,4.3,6,0.6,5,-0.7,4,-1.3,3,8.1,7,3.7,7,0.6,5,-1.5,5,-1.9,4,-2.2,3,2.3,4,-1.2,1,-1.3,3,-0.6,3.0,2.4,5,0.2,2,1.2,2,-0.7,3,-0.4,5,2.6,1,3.1,1,5.7,1,4.5,2,9.6,2,4.3,1
2016-12-22 06:00:00,7.6,6,5.2,7,3.8,7,6.4,7,2.1,6,8.9,4,9.4,6,8.5,7,3.8,7,3.5,6,4.2,6,0.6,5,-0.5,4,-1.2,3,7.8,7,3.6,7,0.6,5,-1.2,6,-2.0,4,-2.2,4,2.2,4,-0.9,2,-1.2,3,-0.7,3.0,2.1,6,0.3,2,1.4,2,-0.7,4,-0.7,5,2.6,1,3.3,1,5.8,2,4.4,2,9.5,2,4.5,2
2016-12-22 07:00:00,7.5,6,5.1,6,3.8,6,6.3,7,2.3,6,8.6,3,9.1,6,8.1,7,3.6,7,3.3,7,4.1,7,0.7,5,-0.2,4,-1.1,4,7.4,7,3.2,7,0.5,6,-0.7,6,-2.1,5,-1.8,4,1.9,4,-0.5,2,-1.2,4,-0.8,3.0,1.6,6,1.2,2,2.0,2,0.0,3,-0.6,5,3.4,1,4.3,1,6.5,2,4.8,2,9.7,2,5.4,2
2016-12-22 08:00:00,7.5,5,5.1,6,4.0,6,6.3,6,2.6,7,8.6,3,8.7,5,7.7,6,3.6,7,3.1,7,4.2,7,1.0,6,0.1,5,-0.9,5,7.1,7,2.9,7,0.6,6,0.0,6,-2.0,6,-1.0,5,1.8,5,0.3,2,-1.0,4,-0.5,3.0,1.3,6,2.7,3,3.1,2,1.3,3,0.0,5,4.8,1,5.9,1,7.6,2,5.7,2,10.2,3,6.9,2
2016-12-22 09:00:00,7.6,5,5.3,6,4.4,5,6.5,6,3.1,7,8.8,3,8.5,5,7.6,5,3.9,7,3.4,7,4.6,7,1.7,6,0.7,5,-0.3,5,7.2,7,3.0,7,1.0,7,0.9,6,-1.7,6,0.1,4,2.2,5,1.6,3,-0.5,5,1.0,3.0,1.6,7,4.7,3,4.6,2,3.2,2,1.2,5,6.6,1,7.8,1,8.9,3,7.2,2,11.3,3,8.8,2
2016-12-22 10:00:00,8.0,4,5.9,5,5.1,5,7.1,6,3.7,7,9.4,3,8.7,4,8.0,5,4.7,7,4.2,7,5.3,7,2.9,7,1.5,6,0.7,4,7.8,7,3.9,7,2.0,7,2.1,6,-1.0,6,1.5,4,3.3,4,3.6,3,0.5,5,3.9,2.0,2.9,7,7.0,2,6.5,2,5.5,2,3.1,5,8.6,1,9.8,1,10.3,2,9.3,2,12.9,3,10.8,2
2016-12-22 11:00:00,8.6,4,6.7,5,5.8,4,8.0,6,4.4,7,10.2,3,9.2,4,8.7,4,5.6,7,5.3,7,6.2,7,4.2,7,2.3,7,1.8,4,8.7,7,5.3,7,3.2,7,3.3,5,0.0,5,2.8,4,4.7,4,5.8,3,1.9,5,7.2,2.0,4.8,7,9.2,2,8.5,2,7.7,2,5.4,5,10.5,1,11.7,1,11.6,2,11.6,2,14.6,2,12.7,1
2016-12-22 12:00:00,9.0,3,7.4,4,6.5,4,8.8,5,4.9,7,10.9,3,9.6,3,9.4,4,6.4,7,6.2,7,6.8,7,5.5,7,3.1,7,2.8,3,9.6,7,6.6,7,4.3,7,4.5,5,1.0,5,4.0,3,6.1,3,7.6,2,3.2,5,9.6,2.0,6.7,7,11.0,1,10.3,2,9.6,3,7.5,4,12.1,1,13.2,1,12.8,2,13.7,2,16.0,2,14.0,1
2016-12-22 13:00:00,9.1,3,7.7,4,6.9,4,9.3,5,5.3,7,11.3,3,9.8,2,9.9,3,6.7,7,6.7,7,7.0,7,6.3,7,3.7,6,3.5,3,10.4,7,7.4,7,5.0,7,5.4,5,1.9,4,4.7,3,7.1,3,8.5,2,4.3,4,10.0,1.0,8.1,7,12.1,2,11.6,2,10.7,4,9.0,4,13.1,1,14.0,1,13.8,1,15.3,2,16.8,1,14.5,1
2016-12-22 14:00:00,9.0,2,7.7,4,7.0,4,9.4,4,5.4,6,11.3,3,9.6,2,10.0,2,6.7,6,6.8,7,6.9,7,6.6,7,4.1,6,3.8,4,10.7,7,7.8,7,5.4,7,5.8,5,2.7,5,5.0,3,7.7,4,8.5,2,5.1,4,8.9,1.0,8.9,7,12.4,2,12.2,1,10.9,5,9.9,3,13.4,1,14.0,1,14.4,1,16.0,1,16.8,1,14.2,2
2016-12-22 15:00:00,8.8,4,8.0,5,7.3,5,10.3,6,6.7,7,11.2,3,10.3,3,10.5,6,7.8,7,7.7,7,7.9,7,6.8,7,4.7,5,3.7,3,11.1,7,9.1,7,6.1,7,6.7,7,3.5,4,5.2,3,7.4,7,8.2,3,6.0,2,6.9,1.0,10.4,7,11.4,1,11.9,2,11.2,7,9.8,7,12.5,1,13.0,1,14.0,2,15.8,1,15.5,2,13.8,2
2016-12-22 16:00:00,8.3,3,7.2,4,7.0,4,9.1,6,6.8,7,10.2,3,9.6,3,9.9,5,7.3,7,7.3,7,7.8,7,6.3,7,4.6,6,3.7,3,10.2,6,8.3,7,6.1,7,6.4,7,3.5,4,4.4,2,7.2,7,7.3,4,5.7,1,5.0,1.0,10.1,7,10.1,1,9.8,2,9.5,7,9.3,7,11.4,2,11.6,1,12.9,2,13.9,1,14.2,2,12.2,2
2016-12-22 17:00:00,7.8,3,6.2,4,6.5,4,7.7,5,6.7,7,9.1,3,8.9,3,9.1,4,6.6,7,6.6,7,7.7,7,5.6,7,4.4,6,3.5,3,9.2,6,7.4,6,6.1,7,5.9,7,3.3,3,3.3,2,6.9,7,6.3,4,5.0,2,3.4,1.0,9.5,7,8.4,1,7.0,2,7.3,7,8.6,7,9.9,2,9.8,1,11.4,2,11.2,1,12.7,2,10.4,1
2016-12-22 18:00:00,7.3,4,5.4,4,5.9,5,6.5,4,6.5,6,8.1,4,8.1,3,8.3,4,6.0,7,6.0,7,7.5,7,5.0,7,4.1,7,3.3,3,8.3,5,6.6,6,5.9,7,5.4,7,3.0,4,2.6,2,6.5,7,5.5,4,4.2,2,2.2,1.0,9.0,7,6.8,1,4.5,2,5.5,6,8.0,6,8.5,2,8.2,1,9.9,2,8.7,2,11.5,2,9.0,1
2016-12-22 19:00:00,7.1,4,5.0,5,5.4,5,5.8,4,6.0,6,7.6,4,7.5,4,7.6,5,5.6,6,5.5,6,7.2,6,4.8,7,4.0,7,3.1,3,7.7,5,6.1,6,5.7,7,5.1,7,2.8,4,2.6,2,6.2,7,5.0,4,3.5,2,1.5,1.0,8.6,6,5.8,1,3.2,2,4.9,6,7.6,6,7.6,2,7.3,1,8.8,2,7.1,2,10.8,2,8.3,2
2016-12-22 20:00:00,6.9,4,4.8,5,5.0,6,5.5,5,5.5,5,7.2,4,7.0,4,7.0,5,5.3,6,5.0,6,6.7,6,4.8,7,3.9,7,3.0,4,7.3,6,5.9,6,5.4,7,4.9,6,2.8,5,2.9,2,6.1,6,4.7,4,3.0,2,1.2,1.0,8.3,6,5.2,1,2.8,2,5.0,6,7.4,7,7.2,2,7.0,1,8.1,1,6.3,1,10.4,2,8.2,2
2016-12-22 21:00:00,6.7,4,4.4,5,4.6,6,5.1,5,5.1,5,6.8,4,6.6,4,6.5,5,4.9,6,4.8,6,6.4,6,4.6,7,4.0,7,3.0,4,6.9,6,5.5,6,5.2,7,4.7,6,2.9,5,3.0,2,6.1,6,4.4,4,2.7,2,1.0,2.0,8.2,6,4.7,1,2.5,1,5.1,6,7.3,6,6.9,2,6.5,2,7.4,1,5.5,2,10.1,2,7.9,2
2016-12-22 22:00:00,6.4,4,4.1,5,4.2,6,4.8,5,4.7,5,6.5,4,6.2,3,6.0,5,4.6,6,4.5,6,6.2,6,4.3,7,4.1,6,3.2,4,6.5,6,5.1,6,5.0,6,4.5,6,3.0,5,3.1,2,6.2,6,4.2,4,2.6,2,0.7,2.0,8.0,6,4.2,1,2.4,1,5.1,6,7.1,6,6.7,2,6.1,2,6.9,2,5.0,2,9.8,2,7.7,2
2016-12-22 23:00:00,6.2,4,3.8,5,3.9,6,4.6,5,4.4,5,6.3,4,6.0,3,5.7,5,4.3,6,4.3,6,5.9,6,4.1,6,4.1,6,3.4,5,6.1,6,4.8,6,4.8,6,4.4,6,3.1,5,3.0,3,6.3,6,4.1,4,2.6,3,0.5,3.0,7.8,6,3.8,1,2.3,1,5.0,6,7.0,6,6.6,3,5.8,3,6.5,2,4.6,2,9.5,3,7.6,2
2016-12-23 00:00:00,5.9,5,3.5,5,3.6,6,4.4,5,4.0,5,6.4,5,6.0,4,5.4,5,4.1,6,4.0,6,5.6,5,3.9,6,4.0,6,3.5,5,5.8,6,4.6,6,4.6,6,4.2,6,3.1,5,2.8,3,6.4,6,4.0,4,2.6,3,0.4,3.0,7.7,6,3.4,2,2.1,2,5.0,6,6.9,6,6.5,3,5.5,3,6.2,2,4.1,2,9.2,3,7.4,2
2016-12-23 01:00:00,5.7,5,3.3,5,3.3,6,4.2,6,3.7,5,6.8,5,6.0,4,5.2,5,3.9,6,3.9,5,5.4,5,3.6,5,3.6,6,3.4,5,5.6,6,4.4,6,4.5,6,4.0,5,2.9,5,2.6,4,6.4,6,4.0,5,2.7,4,0.4,4.0,7.5,6,3.0,3,1.9,3,5.2,5,6.8,5,6.4,4,5.3,4,6.0,2,3.5,2,8.8,3,7.1,3
2016-12-23 02:00:00,5.6,5,3.2,5,3.1,6,4.1,6,3.5,5,7.4,5,6.1,5,5.1,5,3.8,5,3.8,5,5.3,5,3.3,5,3.2,5,3.1,6,5.5,6,4.3,6,4.3,6,3.9,5,2.6,5,2.4,5,6.5,5,4.0,5,2.8,4,0.4,4.0,7.4,5,2.7,5,1.5,4,5.4,5,6.8,5,6.1,4,5.0,4,5.8,2,2.9,2,8.3,3,6.9,4
2016-12-23 03:00:00,5.3,5,2.0,5,2.8,6,1.7,6,3.1,5,6.1,5,5.3,5,4.0,5,3.7,5,3.8,5,5.3,5,3.3,5,3.0,5,3.0,6,7.4,6,5.4,6,4.6,5,3.8,5,2.5,5,2.1,6,6.8,5,4.4,5,2.7,5,0.7,5.0,10.0,5,5.4,6,2.5,5,5.8,5,6.9,5,7.7,5,6.9,5,7.7,2,4.6,2,8.5,4,9.4,5
2016-12-23 04:00:00,5.2,5,2.3,5,2.8,6,2.2,6,3.0,6,6.2,6,5.4,6,4.7,6,3.8,5,4.0,5,5.3,5,3.4,5,3.0,5,3.0,6,7.9,7,5.8,6,4.8,5,4.0,5,2.4,5,2.0,6,6.9,5,4.3,6,2.5,5,0.4,5.0,9.8,5,4.9,6,2.3,6,5.5,5,6.6,5,7.5,5,6.8,5,7.1,2,3.8,3,8.1,4,9.0,5
2016-12-23 05:00:00,5.2,5,2.7,6,3.0,6,2.8,6,3.1,6,6.4,6,5.6,6,5.5,5,4.2,6,4.5,6,5.4,6,3.5,6,3.0,6,3.0,6,8.6,7,6.2,6,5.0,6,4.3,6,2.3,5,2.0,6,6.9,6,4.4,6,2.4,5,0.1,6.0,9.5,5,4.6,6,2.2,6,5.1,5,6.5,5,7.4,5,6.8,5,6.4,2,2.8,2,7.6,4,8.8,5
2016-12-23 06:00:00,5.2,4,3.1,4,3.1,5,3.4,5,3.4,5,6.7,2,5.9,6,6.3,6,4.5,5,5.0,5,5.5,5,3.7,5,3.1,5,3.1,5,9.0,5,6.5,5,5.2,5,4.6,6,2.3,6,2.1,5,6.9,6,4.6,5,2.5,5,-0.3,5.0,9.1,5,4.7,5,2.3,5,5.1,6,6.5,6,7.7,4,7.3,5,6.4,4,2.4,2,7.4,2,9.0,5
2016-12-23 07:00:00,5.2,4,3.3,4,3.0,5,3.9,5,4.0,5,7.3,2,6.3,6,6.8,6,4.7,5,5.2,5,5.6,5,4.0,5,3.1,5,3.2,5,9.1,5,6.5,5,5.2,5,4.8,5,2.5,5,2.3,5,6.8,5,5.1,5,2.6,5,-0.6,5.0,8.8,5,5.4,5,2.8,5,5.8,5,6.7,5,8.5,4,8.3,5,7.3,4,2.9,2,7.7,2,9.8,5
2016-12-23 08:00:00,5.2,4,3.4,4,2.8,6,4.4,5,4.7,4,8.1,4,6.8,6,7.2,5,4.8,5,5.4,5,5.7,5,4.4,5,3.2,5,3.4,5,9.0,5,6.4,5,5.3,6,5.0,5,2.8,5,2.8,5,6.8,5,5.9,5,2.9,5,-0.3,5.0,8.7,5,6.7,5,3.7,5,7.1,5,7.1,5,9.6,5,9.6,5,8.8,4,4.2,2,8.5,2,11.0,5
2016-12-23 09:00:00,5.4,4,3.7,4,3.0,5,5.2,5,5.4,4,9.2,5,7.6,5,7.7,5,5.2,5,5.7,5,6.1,5,5.1,5,3.4,5,3.6,5,9.2,4,6.7,5,5.7,6,5.4,5,3.2,5,3.3,5,7.1,5,6.9,5,3.5,5,1.1,5.0,9.0,5,8.2,5,5.1,5,8.9,5,7.9,5,10.8,5,11.1,5,10.3,4,6.2,3,9.8,3,12.3,5
2016-12-23 10:00:00,5.9,4,4.5,3,3.6,4,6.4,5,6.0,5,10.5,5,8.7,6,8.5,5,6.0,5,6.4,5,6.8,5,6.1,5,3.8,5,3.9,5,9.9,4,7.5,6,6.5,6,6.2,5,3.7,5,4.0,5,8.0,5,8.1,5,4.5,5,3.8,5.0,9.9,5,9.8,5,7.1,5,10.9,5,9.1,5,11.9,5,12.6,5,11.5,4,8.6,3,11.6,3,13.4,5
2016-12-23 11:00:00,6.5,4,5.4,2,4.5,3,7.7,6,6.5,5,11.7,5,9.9,6,9.4,6,6.9,6,7.3,5,7.7,5,7.2,5,4.4,6,4.3,5,11.0,4,8.7,6,7.5,5,7.3,5,4.3,5,4.7,5,9.1,5,9.3,5,5.7,5,6.8,5.0,11.2,5,11.4,5,9.2,5,12.9,4,10.5,5,12.8,5,14.0,4,12.4,4,11.2,3,13.6,3,14.4,5
2016-12-23 12:00:00,7.1,4,6.4,2,5.3,2,8.9,7,7.0,6,12.7,6,10.9,6,10.3,6,7.8,6,8.1,5,8.5,5,8.3,5,5.1,6,4.8,5,11.9,5,9.9,6,8.5,5,8.4,5,4.9,5,5.3,5,10.0,5,10.3,5,6.8,5,8.8,5.0,12.5,5,12.7,5,11.2,5,14.5,4,11.8,5,13.6,5,15.1,4,13.1,4,13.4,3,15.1,3,15.1,5
2016-12-23 13:00:00,7.6,4,7.1,3,5.7,3,9.8,7,7.4,6,13.1,6,11.6,6,11.1,6,8.4,6,8.7,5,8.9,5,9.1,5,5.9,5,5.3,5,12.5,5,10.8,6,9.2,4,9.3,5,5.6,5,5.8,5,10.5,5,10.8,5,7.6,5,8.9,5.0,13.5,5,13.6,5,12.6,5,15.4,4,12.8,5,14.2,5,15.8,4,13.8,4,14.9,3,15.9,3,15.6,5
2016-12-23 14:00:00,8.1,4,7.7,4,6.0,5,10.3,7,7.8,7,13.2,6,11.9,6,11.7,6,8.8,6,9.1,5,9.2,5,9.6,5,6.6,5,5.7,6,12.8,6,11.4,6,9.5,4,9.7,5,6.1,5,6.0,6,10.6,5,10.8,5,8.1,6,7.6,5.0,14.1,5,13.8,5,13.0,5,15.4,5,13.4,5,14.5,5,15.9,4,14.2,4,15.5,3,15.9,3,15.6,5
2016-12-23 15:00:00,7.6,4,7.0,3,6.2,2,8.2,4,7.0,6,12.3,7,10.0,4,9.2,5,7.7,5,7.7,5,7.9,5,7.7,7,5.5,4,4.5,4,10.5,6,8.6,6,7.4,7,8.1,7,5.5,5,4.9,3,8.3,6,9.2,4,7.1,4,6.2,1.0,11.9,6,11.9,1,12.3,1,12.9,4,11.3,6,14.0,2,14.5,1,13.8,1,15.2,1,15.3,1,14.3,2
2016-12-23 16:00:00,7.7,4,6.9,3,6.3,2,8.1,5,7.0,6,12.5,7,10.3,5,9.7,5,7.4,5,7.5,5,8.1,5,7.1,6,5.3,4,4.3,4,10.5,6,8.2,5,7.2,7,7.6,7,5.4,5,4.1,3,7.8,5,8.3,4,6.3,4,4.6,1.0,11.3,6,10.6,1,10.3,1,10.7,4,10.7,6,12.6,2,12.7,1,13.0,1,13.2,1,13.9,2,12.8,2
2016-12-23 17:00:00,7.6,4,6.6,4,6.4,2,7.7,6,7.0,6,12.5,7,10.5,6,9.9,5,7.0,5,7.3,5,8.4,5,6.4,6,4.9,5,4.0,4,10.3,6,7.7,5,6.8,6,6.8,7,5.0,5,3.2,3,7.3,4,7.4,4,5.3,4,3.4,1.0,10.4,6,9.0,1,7.6,1,8.1,4,9.8,5,10.8,2,10.5,1,11.7,1,10.5,1,12.2,2,11.0,2
2016-12-23 18:00:00,7.5,5,6.4,5,6.4,3,7.5,6,6.9,6,12.3,6,10.6,7,10.0,5,6.6,5,7.0,6,8.4,6,6.0,6,4.7,5,3.8,4,10.1,6,7.3,5,6.5,6,6.2,6,4.7,5,2.5,3,6.9,4,6.6,4,4.3,4,2.4,1.0,9.6,5,7.6,1,5.1,1,5.9,4,9.0,5,9.2,2,8.7,1,10.4,1,8.0,1,10.8,2,9.7,2
2016-12-23 19:00:00,7.6,5,6.5,5,6.3,4,7.7,7,7.0,6,11.8,6,10.5,7,10.0,6,6.4,6,6.8,6,8.1,6,6.1,6,4.9,5,3.7,5,9.9,6,7.2,5,6.3,6,5.9,5,4.6,5,2.5,4,6.8,3,6.1,4,3.8,4,1.7,1.0,9.2,5,6.5,1,3.6,1,4.9,4,8.5,4,8.3,2,7.7,2,9.3,1,6.3,1,10.0,2,9.1,2
2016-12-23 20:00:00,7.8,5,6.8,6,6.3,5,8.1,7,7.0,5,11.2,6,10.4,7,10.0,7,6.4,6,6.6,7,7.7,6,6.5,5,5.3,5,3.6,5,9.8,6,7.2,6,6.2,6,5.8,5,4.5,5,2.8,4,6.8,4,5.9,4,3.6,4,1.2,2.0,9.0,6,5.9,2,2.8,1,4.8,3,8.2,4,7.8,1,7.3,2,8.5,1,5.3,1,9.7,2,9.2,2
2016-12-23 21:00:00,8.0,6,7.1,6,6.6,6,8.0,7,7.1,5,10.8,6,10.1,7,9.9,7,6.7,7,6.8,6,8.0,7,6.5,6,5.5,5,3.9,5,9.8,6,7.5,6,6.4,6,5.8,4,4.6,5,3.0,5,7.1,4,5.8,4,3.7,5,0.8,2.0,9.1,6,5.2,2,2.3,1,4.6,3,7.8,4,7.3,1,6.9,2,7.9,2,4.5,1,9.4,2,8.8,2
2016-12-23 22:00:00,8.2,6,7.3,6,6.9,6,7.9,7,7.2,6,10.4,6,9.9,7,9.7,7,7.0,7,7.1,6,8.3,7,6.6,6,5.7,5,4.3,5,9.8,6,7.7,6,6.7,6,6.0,4,4.7,5,3.3,5,7.3,5,5.9,4,3.8,5,0.6,2.0,9.2,5,4.7,2,2.0,1,4.5,4,7.5,4,6.8,1,6.7,3,7.4,2,3.8,1,9.2,2,8.5,2
2016-12-23 23:00:00,8.5,6,7.5,6,7.2,7,7.8,7,7.3,6,9.9,6,9.6,7,9.4,6,7.3,6,7.4,6,8.7,6,6.7,6,5.9,4,4.7,5,9.7,6,7.9,6,7.0,6,6.2,5,4.8,5,3.7,5,7.6,5,6.1,4,4.0,5,0.6,2.0,9.3,5,4.2,3,1.9,1,4.4,4,7.3,4,6.5,1,6.5,3,7.1,2,3.4,1,9.0,2,8.1,3
2016-12-24 00:00:00,8.7,6,7.7,6,7.5,7,7.7,6,7.4,6,9.5,6,9.3,6,9.1,6,7.7,6,7.7,6,9.0,6,6.7,6,6.1,4,5.2,5,9.7,6,8.1,6,7.2,6,6.4,5,5.0,5,4.1,5,7.8,6,6.3,4,4.2,5,0.7,2.0,9.4,5,3.7,3,1.9,1,4.5,4,7.2,4,6.3,2,6.2,3,6.9,3,3.1,1,8.8,2,7.7,3
2016-12-24 01:00:00,8.8,6,7.9,6,7.8,6,7.6,6,7.5,6,9.1,5,9.0,6,8.8,6,8.0,6,7.9,6,9.4,6,6.9,6,6.3,5,5.6,5,9.7,6,8.3,6,7.5,6,6.7,5,5.2,5,4.6,5,8.1,6,6.6,5,4.6,5,0.8,2.0,9.6,5,3.3,4,1.8,2,4.9,4,7.1,4,6.1,3,5.9,4,6.8,3,2.9,2,8.5,2,7.3,3
2016-12-24 02:00:00,9.0,6,8.1,5,8.1,6,7.5,6,7.7,6,8.7,5,8.7,6,8.4,6,8.3,5,8.2,6,9.7,5,7.0,6,6.5,5,6.1,6,9.6,6,8.6,6,7.8,6,7.0,5,5.4,5,5.1,6,8.3,6,7.0,5,4.9,5,1.0,3.0,9.9,5,2.8,4,1.7,2,5.4,5,7.1,5,5.9,3,5.5,4,6.6,4,2.9,2,8.2,2,7.0,4
2016-12-24 03:00:00,8.8,4,7.0,6,7.1,6,6.9,5,6.6,6,7.2,4,7.4,4,7.3,5,6.9,5,7.0,6,8.0,6,6.5,5,5.7,6,5.6,5,8.4,6,6.9,7,5.9,6,5.4,5,4.7,6,3.6,5,7.3,6,5.0,5,3.1,5,-0.4,2.0,9.6,6,5.0,1,2.2,1,5.7,5,5.8,4,6.9,1,7.6,1,6.9,1,1.4,1,7.9,1,8.4,4
2016-12-24 04:00:00,8.5,4,6.6,6,6.7,6,6.4,5,6.4,6,7.0,4,7.1,4,6.8,5,6.5,5,6.7,5,7.7,6,6.5,5,5.9,7,6.0,6,8.0,6,6.5,6,5.9,6,5.6,6,4.7,6,4.1,5,7.2,6,5.0,6,3.0,4,-0.4,2.0,9.6,6,4.6,1,2.2,1,5.7,5,5.6,5,6.1,1,7.3,1,6.7,1,1.4,1,7.6,1,8.3,4
2016-12-24 05:00:00,8.3,4,6.3,5,6.4,6,5.9,4,6.3,5,6.9,4,7.0,4,6.4,5,6.2,5,6.5,5,7.5,5,6.3,6,6.3,7,6.3,6,7.6,5,6.1,5,6.0,6,5.7,6,4.8,6,4.7,5,7.1,6,5.2,6,3.0,4,-0.3,2.0,9.5,6,4.2,2,2.3,1,5.5,5,5.5,5,5.4,1,7.0,1,6.6,1,1.5,1,7.3,1,8.3,4
2016-12-24 06:00:00,8.2,4,6.1,5,6.2,5,5.5,4,6.2,5,6.9,4,7.0,4,6.1,5,5.9,5,6.2,5,7.2,5,6.2,6,6.5,6,6.5,7,7.2,5,5.8,5,6.1,6,5.9,6,4.9,7,5.1,5,6.9,6,5.5,6,3.0,4,-0.4,2.0,9.3,6,4.3,2,2.5,1,5.6,5,5.6,5,5.3,2,7.0,2,6.9,1,1.8,1,7.2,1,8.6,4
2016-12-24 07:00:00,8.2,5,6.1,5,6.1,6,5.5,4,6.3,6,7.0,5,7.2,4,5.8,5,5.6,6,5.9,5,6.9,5,6.1,6,6.4,6,6.5,7,6.6,5,5.5,6,6.0,6,6.0,7,4.9,7,5.2,5,6.7,6,5.8,6,3.1,4,-0.6,2.0,8.9,6,5.1,3,3.0,2,6.0,5,5.9,5,6.2,2,7.7,2,7.7,2,2.3,2,7.3,2,9.3,4
2016-12-24 08:00:00,8.4,5,6.2,5,6.2,6,5.8,4,6.5,6,7.3,6,7.5,4,5.8,4,5.5,6,5.8,6,6.8,6,6.1,6,6.1,6,6.4,7,6.3,6,5.3,6,5.9,7,6.1,7,5.0,7,5.2,5,6.7,7,6.2,6,3.3,5,-0.5,3.0,8.6,6,6.4,4,3.8,3,6.9,6,6.5,6,7.7,3,9.0,3,8.9,3,3.3,3,7.9,3,10.4,4
2016-12-24 09:00:00,8.7,5,6.6,6,6.5,6,6.5,4,6.8,6,8.1,6,8.0,4,6.1,5,5.7,6,6.0,6,6.9,6,6.3,7,5.9,7,6.4,7,6.5,6,5.6,7,5.9,7,6.3,7,5.1,7,5.3,6,7.0,7,6.8,6,3.8,6,0.6,3.0,8.8,7,8.1,4,5.0,4,8.1,6,7.4,6,9.6,3,10.6,4,10.3,3,5.0,3,9.1,3,11.7,4
2016-12-24 10:00:00,9.1,5,7.1,6,7.1,6,7.4,5,7.1,6,9.3,6,8.7,4,7.0,5,6.3,6,6.7,6,7.4,6,6.8,7,5.9,7,6.5,7,7.5,7,6.4,7,6.1,7,6.6,6,5.4,7,5.8,6,7.7,7,7.5,6,4.6,7,2.9,3.0,9.6,7,9.9,4,6.6,3,9.7,6,8.7,6,11.4,3,12.4,4,11.7,3,7.6,3,10.9,3,13.1,5
2016-12-24 11:00:00,9.4,5,7.7,6,7.8,6,8.3,5,7.5,6,10.8,6,9.4,4,8.1,5,7.2,6,7.6,5,8.2,5,7.4,7,6.0,7,6.6,7,9.0,7,7.6,7,6.5,7,7.0,6,5.8,7,6.5,7,8.6,7,8.3,6,5.5,6,5.6,3.0,10.8,7,11.5,3,8.4,2,11.4,5,10.1,6,13.0,3,14.0,4,12.9,3,10.4,3,12.8,3,14.4,5
2016-12-24 12:00:00,9.7,5,8.3,6,8.5,6,9.2,5,7.8,6,12.0,6,10.1,4,9.2,5,8.0,5,8.5,4,8.8,4,8.1,7,6.3,7,6.7,7,10.3,6,8.7,7,7.1,7,7.5,5,6.2,7,7.0,7,9.3,7,8.9,6,6.4,6,7.5,2.0,12.0,7,12.7,3,10.0,1,12.8,5,11.3,6,14.3,3,15.2,3,13.9,2,13.0,2,14.4,3,15.3,5
2016-12-24 13:00:00,9.9,5,8.7,5,9.0,6,9.8,5,8.0,5,12.7,6,10.6,4,10.0,5,8.5,4,9.0,4,9.2,4,8.6,6,6.6,6,6.7,6,11.0,6,9.5,7,7.7,7,8.1,5,6.6,7,7.2,7,9.6,7,9.3,6,7.1,6,7.7,2.0,12.8,7,13.3,2,11.1,1,13.6,5,12.1,7,15.1,3,15.7,3,14.5,2,14.6,2,15.1,3,15.7,4
2016-12-24 14:00:00,9.9,5,8.9,5,9.2,5,10.1,5,8.1,4,12.9,7,10.9,4,10.4,5,8.7,4,9.2,4,9.3,4,8.9,5,6.9,4,6.5,5,11.1,6,9.9,6,8.1,6,8.4,6,6.9,6,7.0,7,9.5,7,9.3,5,7.5,6,6.7,2.0,13.1,7,13.2,2,11.5,1,13.7,5,12.5,7,15.4,3,15.5,3,14.6,2,15.2,2,15.0,3,15.6,3
2016-12-24 15:00:00,10.0,5,9.3,6,9.4,5,9.8,5,8.5,5,11.5,6,10.0,4,9.9,4,9.1,5,9.1,5,9.2,5,8.2,5,6.4,6,6.1,7,10.2,3,9.6,3,8.3,5,8.9,6,6.3,6,6.4,6,9.5,7,9.8,5,8.2,6,5.9,3.0,12.9,7,12.6,2,11.2,1,12.5,5,12.1,7,14.6,2,15.0,2,14.4,2,14.7,2,14.4,3,15.1,4
2016-12-24 16:00:00,9.8,5,8.8,6,8.9,5,9.0,5,7.9,4,10.6,6,9.6,4,9.4,4,8.4,5,8.4,5,8.8,5,7.3,4,6.2,5,5.9,6,9.2,3,8.8,3,8.1,5,8.2,5,6.2,6,6.0,6,9.2,6,9.3,5,7.9,5,5.3,3.0,12.4,6,11.8,2,9.9,1,10.9,5,11.6,6,13.6,2,13.7,2,13.8,3,13.0,3,13.2,3,14.1,4
2016-12-24 17:00:00,9.5,5,8.1,5,8.3,5,8.1,4,7.2,4,9.7,6,9.1,5,8.7,4,7.5,5,7.6,5,8.4,5,6.3,4,5.9,5,5.7,5,8.1,3,7.8,3,7.6,4,7.3,5,5.9,5,5.5,5,8.8,5,8.6,4,7.4,4,4.9,3.0,11.7,5,10.9,1,8.2,1,9.0,5,10.9,5,12.4,2,12.2,2,13.0,3,10.8,3,11.8,4,13.0,4
2016-12-24 18:00:00,9.3,5,7.5,5,7.7,5,7.3,4,6.5,4,9.1,6,8.7,5,8.0,4,6.7,5,6.9,5,8.0,5,5.5,4,5.6,4,5.4,5,7.3,4,6.9,3,7.1,3,6.5,5,5.6,4,5.1,4,8.5,5,7.9,4,6.7,4,4.5,2.0,11.0,4,10.0,1,6.7,1,7.5,4,10.2,5,11.4,2,11.0,1,12.2,3,8.6,3,10.7,4,12.1,4
2016-12-24 19:00:00,9.1,5,7.1,6,7.3,5,7.0,4,6.1,5,9.2,6,8.6,5,7.6,5,6.3,5,6.6,6,7.7,6,5.2,5,5.5,4,5.1,5,7.1,5,6.3,4,6.7,3,6.1,4,5.4,4,4.9,4,8.3,4,7.4,4,6.2,4,3.9,2.0,10.6,4,9.4,1,5.9,2,7.0,4,9.8,5,10.9,2,10.4,1,11.8,2,7.1,4,10.1,4,11.7,3
2016-12-24 20:00:00,9.0,5,7.0,6,7.0,5,6.9,5,6.0,5,9.7,6,8.8,5,7.4,5,6.2,6,6.5,6,7.5,6,5.2,5,5.5,5,4.8,5,7.3,5,6.0,5,6.3,4,5.8,4,5.1,4,4.8,4,8.2,4,7.1,4,5.8,4,3.1,2.0,10.3,4,9.0,1,5.7,2,7.1,3,9.7,5,10.7,1,10.3,1,11.6,2,6.1,4,9.8,3,11.8,3
2016-12-24 21:00:00,8.9,5,7.0,6,7.0,5,7.0,5,5.9,5,9.8,6,9.0,6,7.6,6,6.2,6,6.4,6,7.5,7,5.2,5,5.4,5,4.9,5,7.5,6,5.9,6,6.2,4,5.7,4,5.2,5,4.8,4,8.2,4,6.9,5,5.8,4,2.6,2.0,10.0,4,8.5,1,5.2,3,6.7,3,9.5,5,10.3,2,9.9,2,11.0,2,5.2,4,9.4,4,11.4,3
2016-12-24 22:00:00,8.7,5,7.2,6,7.1,5,7.2,5,5.9,5,10.1,6,9.3,6,7.9,6,6.3,6,6.4,6,7.6,7,5.1,5,5.4,5,5.0,5,7.7,6,6.0,7,6.1,4,5.6,4,5.2,5,4.9,4,8.3,5,6.8,5,5.7,4,2.1,2.0,9.7,5,8.1,2,4.8,3,6.5,3,9.2,5,9.9,2,9.7,2,10.5,2,4.5,4,9.1,4,11.0,3
2016-12-24 23:00:00,8.6,5,7.4,6,7.2,5,7.4,5,5.9,5,10.3,6,9.6,6,8.3,6,6.4,6,6.5,6,7.7,7,5.2,5,5.4,5,5.1,5,8.0,6,6.1,7,6.1,5,5.6,4,5.2,5,4.9,5,8.3,5,6.7,5,5.7,4,2.0,2.0,9.5,5,7.7,2,4.5,4,6.3,3,9.0,5,9.6,2,9.4,2,10.0,2,4.0,5,8.9,4,10.5,3
2016-12-25 00:00:00,8.6,5,7.6,6,7.4,6,7.7,5,6.1,5,10.6,6,10.0,6,8.7,6,6.6,6,6.6,6,7.8,6,5.2,5,5.5,5,5.3,6,8.4,6,6.2,7,6.1,5,5.6,5,5.2,5,5.1,5,8.4,5,6.6,5,5.6,5,2.1,3.0,9.3,5,7.2,3,4.2,4,6.0,3,8.7,5,9.3,3,9.1,3,9.5,3,3.9,5,8.7,4,9.9,4
2016-12-25 01:00:00,8.8,5,7.9,6,7.7,6,8.1,5,6.2,5,10.9,6,10.4,6,9.1,6,6.9,5,6.8,5,8.1,5,5.4,6,5.5,5,5.5,6,8.8,6,6.5,6,6.2,5,5.7,5,5.2,5,5.2,5,8.4,5,6.6,5,5.7,5,2.3,3.0,9.2,5,6.7,4,4.0,4,5.8,4,8.3,5,9.0,3,8.7,4,9.1,3,3.9,5,8.6,4,9.3,4
2016-12-25 02:00:00,9.2,5,8.3,6,8.0,6,8.6,5,6.5,5,11.2,6,10.9,6,9.6,6,7.2,5,7.1,5,8.3,5,5.5,6,5.6,5,5.8,6,9.2,6,6.8,6,6.3,5,5.8,5,5.2,6,5.5,6,8.4,5,6.6,5,5.7,5,2.7,4.0,9.1,5,6.1,4,3.8,5,5.6,4,8.0,5,8.8,4,8.3,4,8.8,4,4.2,5,8.5,4,8.8,4
2016-12-25 03:00:00,9.6,6,8.4,6,8.0,6,8.7,6,6.7,6,10.7,6,10.4,5,9.6,5,7.1,5,7.0,6,7.6,6,6.2,6,4.9,5,5.6,5,9.7,5,6.3,5,5.9,6,5.3,6,3.9,5,4.2,6,6.5,5,5.5,4,4.8,5,1.0,2.0,8.3,4,8.2,2,4.4,3,5.2,2,7.3,5,8.9,2,9.9,1,9.1,1,2.6,2,8.5,3,10.3,2
2016-12-25 04:00:00,10.0,6,8.8,5,8.3,5,9.0,6,6.8,6,10.7,5,10.5,5,9.9,5,7.2,5,7.2,5,7.7,5,6.5,6,5.3,5,5.8,5,10.1,5,6.4,5,5.8,6,5.4,6,3.9,5,4.3,6,6.2,5,5.3,4,4.6,5,1.1,2.0,8.4,4,8.0,3,4.5,3,5.0,3,6.8,4,8.0,2,9.7,2,9.0,2,2.6,3,8.3,3,10.0,2
2016-12-25 05:00:00,10.5,6,9.3,5,8.5,5,9.3,6,6.9,5,10.8,5,10.7,5,10.1,5,7.3,5,7.3,5,7.8,5,6.6,6,5.9,5,6.1,5,10.4,6,6.6,5,5.5,5,5.5,6,4.0,5,4.6,5,5.7,5,5.2,4,4.5,4,1.2,3.0,8.5,5,8.0,3,4.7,3,4.7,4,6.3,4,7.3,2,9.5,2,8.9,2,2.7,3,8.1,4,9.8,2
2016-12-25 06:00:00,10.9,6,9.7,5,8.8,5,9.5,6,7.1,5,10.9,5,10.8,5,10.3,5,7.4,5,7.5,5,7.9,5,6.7,6,6.3,6,6.4,6,10.5,6,6.7,5,5.3,5,5.7,6,4.2,5,4.9,5,5.4,5,5.3,5,4.6,5,1.0,3.0,8.5,5,8.1,4,5.1,3,4.5,4,6.1,4,7.0,2,9.5,3,8.9,2,3.0,4,8.0,4,9.8,2
2016-12-25 07:00:00,11.1,6,9.9,6,9.1,6,9.6,6,7.5,6,11.0,5,10.9,5,10.3,6,7.5,6,7.8,6,8.1,6,6.8,7,6.5,6,6.7,6,10.3,6,6.8,6,5.3,6,5.9,6,4.4,6,5.1,5,5.3,5,5.6,5,4.8,5,0.6,3.0,8.5,5,8.5,4,5.7,4,4.7,4,6.1,5,7.5,2,9.9,3,9.1,3,3.7,4,8.1,5,10.3,2
2016-12-25 08:00:00,11.3,7,10.1,6,9.4,6,9.7,7,8.0,6,11.1,6,10.9,6,10.2,6,7.7,6,8.2,6,8.5,6,6.9,7,6.5,7,6.9,7,10.1,6,6.9,6,5.5,6,6.1,7,4.7,6,5.4,6,5.5,6,6.2,5,5.0,6,0.4,3.0,8.5,5,9.1,4,6.4,4,5.4,3,6.5,5,8.6,2,10.6,2,9.6,4,4.8,5,8.6,6,11.2,2
2016-12-25 09:00:00,11.4,7,10.5,7,9.9,7,10.0,7,8.6,7,11.5,7,11.1,6,10.3,7,8.2,7,8.8,7,9.2,7,7.4,7,6.6,7,7.2,7,10.1,6,7.4,7,6.0,7,6.5,7,5.1,7,5.8,7,6.1,7,6.9,5,5.4,6,1.4,3.0,8.8,6,9.8,3,7.2,4,6.8,2,7.3,5,10.0,1,11.4,2,10.4,5,6.4,5,9.5,6,12.4,1
2016-12-25 10:00:00,11.6,7,11.1,7,10.7,7,10.7,7,9.2,7,12.2,7,11.5,7,10.7,6,9.0,7,9.7,8,10.1,7,8.2,7,7.0,8,7.6,7,10.6,7,8.2,7,6.7,8,7.1,7,5.5,7,6.5,7,7.0,7,7.8,5,5.9,6,3.8,3.0,9.4,6,10.6,2,8.2,4,8.9,3,8.5,5,11.3,1,12.3,2,11.4,4,8.5,4,10.9,6,13.8,1
2016-12-25 11:00:00,11.9,7,11.8,7,11.5,7,11.5,7,9.7,7,13.1,7,12.1,7,11.2,6,10.0,8,10.6,8,11.0,8,9.2,7,7.6,8,8.0,7,11.4,7,9.3,7,7.4,7,7.8,7,6.0,6,7.2,7,8.1,7,8.6,5,6.5,6,6.8,2.0,10.3,6,11.4,2,9.2,2,11.1,3,9.8,5,12.5,1,13.2,1,12.6,3,10.9,3,12.4,4,15.2,1
2016-12-25 12:00:00,12.1,7,12.4,7,12.2,7,12.3,7,10.2,7,13.8,7,12.6,7,11.9,6,10.8,7,11.3,7,11.7,7,10.1,7,8.2,7,8.4,7,12.2,7,10.3,7,8.2,7,8.5,6,6.5,6,7.9,7,9.0,7,9.4,4,7.1,6,8.8,2.0,11.3,6,12.1,1,10.3,1,13.0,3,11.0,4,13.5,1,13.9,1,13.5,3,13.1,3,13.7,3,16.2,1
2016-12-25 13:00:00,12.2,6,12.7,7,12.6,6,12.7,7,10.6,7,14.3,7,13.0,6,12.5,6,11.2,6,11.6,6,12.0,6,10.7,6,8.7,6,8.7,6,12.7,7,11.1,7,8.8,6,9.2,6,6.9,6,8.3,7,9.6,6,9.9,3,7.7,5,9.0,2.0,12.2,6,12.7,1,11.4,1,14.0,3,11.8,4,14.3,1,14.4,2,14.1,3,14.8,3,14.4,3,16.6,2
2016-12-25 14:00:00,12.2,6,12.6,6,12.7,6,12.8,7,10.8,6,14.4,7,13.3,6,13.0,7,11.2,5,11.7,5,11.9,5,11.0,5,9.0,5,8.8,6,12.8,7,11.5,7,9.2,5,9.6,5,7.2,7,8.3,7,9.9,5,10.1,3,8.2,5,7.8,2.0,12.7,5,12.9,1,12.0,1,14.0,2,12.2,4,14.6,1,14.5,2,14.2,3,15.7,3,14.5,3,16.4,2
2016-12-25 15:00:00,12.3,6,12.4,6,12.3,5,13.3,7,10.5,6,14.4,7,13.7,7,13.2,7,11.2,6,11.4,6,11.7,6,9.8,6,7.6,3,7.2,5,12.9,7,11.8,6,9.9,6,9.6,2,6.8,3,7.0,3,10.7,7,10.6,2,8.2,4,6.2,3.0,13.3,4,13.1,2,13.0,1,12.6,1,12.3,4,15.1,3,14.9,2,14.9,4,16.4,3,14.3,3,16.2,1
2016-12-25 16:00:00,12.1,6,12.1,5,12.1,5,12.7,6,10.2,5,13.9,7,13.3,7,13.1,6,10.9,5,11.0,6,11.6,6,9.2,5,7.6,4,7.0,5,12.7,6,11.4,6,9.6,5,8.8,3,6.5,3,6.2,3,10.3,6,9.7,2,7.6,4,5.2,2.0,12.9,4,12.1,2,11.6,1,10.9,1,11.8,5,14.0,3,13.6,2,14.0,4,14.4,3,13.1,4,15.1,1
2016-12-25 17:00:00,11.8,5,11.7,5,11.7,5,11.9,6,9.8,5,13.2,7,12.8,6,12.8,6,10.5,5,10.4,5,11.4,5,8.4,5,7.4,5,6.9,5,12.4,6,10.8,5,9.1,5,7.8,4,6.1,4,5.2,3,9.8,5,8.6,3,6.7,5,4.5,2.0,12.2,3,10.9,2,9.7,2,8.7,1,11.0,5,12.5,3,12.1,2,12.7,4,11.5,3,11.8,4,13.8,1
2016-12-25 18:00:00,11.6,5,11.3,5,11.4,6,11.3,6,9.4,4,12.7,7,12.4,6,12.5,5,10.1,5,9.9,5,11.2,5,7.9,5,7.3,6,6.6,5,12.0,5,10.2,5,8.5,5,7.0,5,5.8,5,4.5,3,9.3,5,7.6,3,5.8,5,3.9,2.0,11.4,3,9.8,3,7.7,2,7.0,2,10.2,5,11.2,3,10.7,2,11.3,3,8.8,3,10.7,5,12.5,1
2016-12-25 19:00:00,11.5,5,11.1,6,11.1,6,11.0,6,9.3,5,12.3,6,12.1,6,12.3,6,9.9,5,9.6,5,10.9,5,7.9,5,7.3,6,6.2,5,11.7,5,9.8,5,8.2,5,6.7,5,5.8,5,4.3,3,9.0,4,7.0,4,5.2,5,3.4,2.0,10.8,3,9.0,3,6.3,2,6.2,2,9.7,5,10.3,2,9.9,2,10.2,3,7.0,3,10.1,4,11.6,1
2016-12-25 20:00:00,11.5,6,10.9,6,10.9,6,11.0,6,9.3,5,12.1,6,12.0,6,12.1,6,9.8,5,9.5,6,10.6,5,8.2,5,7.4,6,5.9,5,11.5,6,9.6,6,8.0,6,6.8,5,5.8,5,4.3,3,8.9,4,6.7,4,4.8,5,2.8,2.0,10.3,3,8.6,3,5.4,3,6.0,2,9.4,5,9.7,2,9.4,2,9.3,3,5.9,4,9.9,4,11.0,1
2016-12-25 21:00:00,11.5,6,10.8,6,10.8,6,11.1,6,9.3,5,12.0,6,11.9,6,11.9,6,9.8,5,9.5,6,10.5,5,8.2,5,7.4,6,5.9,4,11.3,6,9.4,6,7.8,6,6.6,5,5.9,5,4.3,3,8.8,4,6.3,4,4.9,5,2.4,2.0,9.9,4,7.9,4,4.6,3,5.8,3,9.1,5,9.0,2,8.9,3,8.5,3,4.8,4,9.6,4,10.2,1
2016-12-25 22:00:00,11.4,6,10.6,6,10.7,6,11.1,6,9.2,5,11.8,6,11.8,6,11.7,6,9.8,5,9.5,6,10.5,5,8.2,5,7.4,5,6.0,4,11.1,6,9.3,6,7.6,6,6.5,5,5.9,5,4.3,4,8.8,3,6.2,4,5.0,5,2.1,2.0,9.6,4,7.4,4,4.0,3,5.8,3,8.8,5,8.5,2,8.5,3,7.9,3,3.9,3,9.3,3,9.6,2
2016-12-25 23:00:00,11.2,6,10.6,6,10.7,6,10.9,6,9.2,5,11.6,5,11.7,6,11.6,6,9.9,5,9.6,6,10.6,5,8.2,6,7.5,5,6.1,4,11.1,6,9.3,6,7.6,6,6.5,5,5.9,5,4.4,4,8.7,3,6.1,3,5.2,5,2.0,2.0,9.4,4,6.8,4,3.7,3,5.7,3,8.5,5,8.0,2,8.2,3,7.4,3,3.2,3,9.1,3,9.1,2
2016-12-26 00:00:00,11.1,6,10.6,6,10.7,6,10.7,6,9.3,5,11.4,5,11.6,6,11.5,6,10.1,5,9.7,6,10.8,5,8.2,6,7.5,5,6.2,5,11.1,6,9.3,6,7.6,5,6.5,5,6.0,5,4.6,5,8.7,3,6.1,3,5.4,5,2.1,1.0,9.1,4,6.3,4,3.5,3,5.6,4,8.2,5,7.7,2,7.9,4,7.2,3,2.7,3,8.9,3,8.6,2
2016-12-26 01:00:00,11.1,6,10.7,6,10.9,6,10.4,6,9.3,5,11.2,5,11.5,6,11.5,6,10.3,5,9.9,5,11.1,5,8.2,6,7.5,4,6.4,5,11.2,6,9.5,6,7.7,6,6.6,5,6.0,5,4.8,5,8.7,4,6.2,3,5.7,5,2.3,1.0,9.0,5,5.8,4,3.3,2,5.5,4,7.7,5,7.5,3,7.6,4,7.0,3,2.4,2,8.7,2,8.2,3
2016-12-26 02:00:00,11.1,7,10.9,6,11.0,6,10.2,6,9.4,5,10.9,5,11.5,6,11.4,6,10.5,5,10.1,5,11.4,5,8.3,6,7.5,4,6.5,6,11.4,6,9.6,6,7.8,6,6.7,5,6.0,5,5.1,5,8.8,5,6.4,4,6.0,5,2.7,1.0,8.9,5,5.3,5,3.3,2,5.3,5,7.3,5,7.4,4,7.4,4,7.1,3,2.2,2,8.5,2,7.9,4
2016-12-26 03:00:00,10.8,6,10.4,6,10.7,6,10.4,7,8.8,7,11.1,7,11.0,7,11.2,6,9.7,6,9.7,6,10.5,6,8.1,6,6.1,6,6.0,6,10.8,6,8.8,6,7.6,7,6.5,7,4.5,7,3.9,5,8.1,7,4.9,4,3.4,5,1.9,7.0,8.8,6,5.1,6,3.0,5,5.0,7,7.3,6,6.0,5,7.0,5,5.7,5,2.1,6,8.6,6,8.5,6
2016-12-26 04:00:00,11.1,6,10.6,6,10.8,6,10.5,6,9.2,6,10.9,6,11.0,7,11.2,6,9.8,6,10.0,6,10.7,6,8.4,6,6.5,6,6.1,6,11.0,6,8.9,6,7.7,7,6.6,7,4.7,6,4.2,6,7.8,6,4.8,5,3.4,5,2.1,6.0,8.8,6,4.6,5,3.0,4,4.9,6,6.8,5,5.4,5,6.4,5,5.6,4,2.0,5,8.3,5,7.9,6
2016-12-26 05:00:00,11.4,6,10.7,6,10.8,5,10.6,6,9.7,6,10.6,5,11.0,6,11.2,6,9.7,6,10.2,6,10.8,6,8.7,5,7.0,5,6.2,5,11.2,6,9.1,6,7.9,6,6.8,6,4.9,6,4.6,6,7.5,5,4.9,5,3.4,5,2.2,6.0,8.9,6,4.4,4,3.3,3,4.7,4,6.3,5,4.9,4,6.0,4,5.6,3,2.1,5,8.2,5,7.3,6
2016-12-26 06:00:00,11.2,6,10.6,5,10.5,5,10.5,5,9.9,5,10.2,5,10.9,6,10.9,6,9.5,5,10.2,5,10.6,5,8.8,5,7.5,5,6.3,5,11.1,5,9.1,6,8.0,5,7.1,6,5.2,5,4.9,6,7.2,5,5.1,5,3.6,5,2.1,5.0,8.8,5,4.6,3,3.6,2,4.6,3,5.9,5,4.8,4,6.0,4,5.9,2,2.6,5,8.4,4,7.1,5
2016-12-26 07:00:00,10.4,6,10.0,6,9.8,5,10.1,5,9.7,5,9.8,5,10.5,6,10.4,6,9.0,5,9.7,5,10.1,5,8.6,5,7.6,5,6.5,5,10.7,5,8.9,6,8.0,5,7.3,5,5.4,5,5.0,5,7.0,5,5.5,5,3.8,5,1.8,5.0,8.7,5,5.2,3,4.1,2,4.7,3,5.7,5,5.6,4,6.6,5,6.6,2,3.5,5,9.1,4,7.7,5
2016-12-26 08:00:00,9.2,6,9.2,6,8.9,5,9.5,5,9.3,5,9.4,5,10.0,7,9.9,6,8.4,5,9.1,5,9.5,5,8.4,5,7.6,5,6.8,5,10.2,5,8.6,5,8.0,5,7.5,5,5.7,5,5.1,5,7.0,5,6.2,5,4.2,5,1.8,5.0,8.6,5,6.2,4,4.9,3,5.2,5,6.0,5,6.9,4,7.8,5,7.6,3,5.0,5,10.2,4,8.9,5
2016-12-26 09:00:00,8.3,6,8.6,6,8.3,5,9.2,6,9.0,5,9.4,5,9.6,7,9.6,6,8.1,5,8.7,5,9.1,5,8.4,5,7.6,5,7.2,5,10.0,5,8.6,5,8.0,6,7.8,5,6.0,5,5.5,4,7.4,5,7.0,5,4.8,5,2.9,5.0,8.9,5,7.5,3,6.2,3,6.3,6,6.6,5,8.6,4,9.3,5,8.9,4,7.0,4,11.6,4,10.5,5
2016-12-26 10:00:00,8.0,6,8.3,6,8.1,5,9.3,6,9.1,5,9.9,5,9.5,7,9.7,6,8.3,5,8.8,5,9.2,5,8.9,5,7.8,5,7.7,5,10.5,4,9.1,5,8.2,5,8.2,5,6.5,5,6.4,4,8.1,5,7.9,5,5.8,5,5.3,4.0,9.6,5,9.0,3,8.2,4,8.0,6,7.7,5,10.2,4,10.9,4,10.3,4,9.5,3,13.1,3,12.2,5
2016-12-26 11:00:00,8.1,5,8.4,6,8.3,5,9.6,6,9.4,5,10.6,5,9.6,6,10.0,6,8.8,6,9.3,5,9.6,5,9.7,5,8.2,5,8.3,5,11.2,4,9.9,6,8.5,5,8.7,5,7.0,5,7.3,4,9.0,4,8.8,4,6.9,5,8.1,3.0,10.5,5,10.4,2,10.5,4,10.0,5,9.1,5,11.7,4,12.4,2,11.7,4,12.1,2,14.4,2,13.8,5
2016-12-26 12:00:00,8.3,5,8.5,6,8.5,5,10.0,6,9.7,6,11.3,6,9.8,6,10.4,5,9.2,6,9.8,5,10.0,5,10.4,5,8.4,6,8.7,5,11.9,5,10.7,6,9.0,5,9.2,5,7.5,5,8.0,5,9.7,4,9.5,4,7.9,5,9.9,2.0,11.5,5,11.5,1,12.6,3,11.6,4,10.3,5,12.8,4,13.5,1,12.9,4,14.5,2,15.4,1,15.0,5
2016-12-26 13:00:00,8.4,5,8.5,6,8.6,5,10.2,7,9.8,6,11.7,6,9.9,6,10.6,5,9.4,6,10.1,5,10.2,5,10.8,5,8.4,5,8.8,5,12.1,5,11.3,6,9.5,4,9.6,5,7.9,5,8.0,5,10.1,5,9.8,4,8.5,5,9.7,1.0,12.3,5,12.2,1,14.2,3,12.4,4,11.2,5,13.5,4,14.1,1,13.7,4,16.2,1,15.8,1,15.5,5
2016-12-26 14:00:00,8.3,5,8.4,6,8.6,6,10.1,7,9.6,7,11.7,6,9.9,6,10.6,5,9.2,6,10.1,5,10.1,5,10.8,5,8.1,5,8.7,6,11.9,6,11.6,6,9.9,5,9.9,6,8.2,5,7.5,5,10.2,5,9.8,5,8.8,5,8.2,1.0,12.8,5,12.3,1,14.8,2,12.3,4,11.6,4,13.6,4,14.1,2,14.1,4,17.0,1,15.7,1,15.3,5
2016-12-26 15:00:00,8.9,3,9.0,4,9.3,3,10.2,5,8.9,5,10.9,3,9.7,5,10.6,4,9.9,5,10.5,5,10.5,5,10.0,5,7.8,6,8.2,6,11.5,6,11.1,6,9.8,7,10.1,7,7.9,6,8.2,7,10.4,7,9.8,6,8.8,6,6.9,2.0,12.9,6,12.7,2,14.7,1,11.2,4,11.4,6,14.2,4,14.5,3,14.8,4,17.0,2,14.3,4,15.6,2
2016-12-26 16:00:00,8.5,4,8.2,4,8.4,3,9.2,5,8.1,4,10.0,3,9.0,4,9.9,3,9.0,4,9.6,4,9.8,4,9.1,5,7.4,5,7.5,6,10.8,6,10.3,6,9.2,7,9.3,7,7.7,6,7.5,6,10.0,6,9.3,6,8.4,6,6.0,2.0,12.6,6,11.8,2,12.7,2,9.8,4,11.0,6,13.2,4,13.3,3,13.8,4,14.6,2,13.2,4,14.4,2
2016-12-26 17:00:00,7.9,3,7.3,4,7.3,4,8.0,4,7.1,3,8.9,3,8.2,3,8.9,3,7.9,3,8.4,3,8.9,3,7.9,5,7.0,5,6.8,6,10.0,5,9.1,6,8.4,6,8.1,7,7.4,6,6.7,6,9.5,5,8.7,5,7.7,5,5.5,2.0,12.1,5,10.8,2,10.0,2,8.0,3,10.4,5,11.9,4,11.8,3,12.4,4,11.4,2,12.0,4,13.0,3
2016-12-26 18:00:00,7.4,3,6.5,3,6.4,4,6.8,4,6.1,3,7.9,3,7.4,2,7.9,2,6.8,2,7.3,2,8.1,2,6.7,5,6.4,4,6.1,6,9.1,5,8.0,6,7.5,6,7.0,6,6.9,6,6.0,6,8.9,4,8.0,5,7.0,5,4.9,2.0,11.5,4,9.8,2,7.5,2,6.6,3,9.8,5,10.7,3,10.5,3,11.1,4,8.6,2,11.0,5,12.0,3
2016-12-26 19:00:00,7.2,3,5.9,3,5.8,4,5.9,3,5.1,2,7.2,3,6.8,2,7.0,2,5.9,2,6.4,2,7.5,2,5.5,4,5.6,4,5.4,5,8.4,4,7.1,5,6.9,6,6.2,6,6.3,6,5.5,6,8.3,4,7.3,5,6.4,5,4.1,2.0,11.1,5,9.2,2,6.0,3,6.0,3,9.4,5,10.0,3,9.9,3,10.3,3,7.0,3,10.6,5,11.5,3
2016-12-26 20:00:00,7.1,2,5.5,3,5.5,3,5.3,3,4.2,2,6.7,2,6.4,2,6.3,2,5.3,2,5.8,2,7.0,2,4.5,3,4.8,3,4.8,5,7.9,4,6.5,4,6.4,6,5.7,5,5.5,5,5.2,6,7.8,4,6.8,5,6.1,5,3.3,2.0,10.7,5,8.8,2,5.3,3,6.0,3,9.3,4,9.7,2,9.7,2,9.9,3,6.4,4,10.6,5,11.4,3
2016-12-26 21:00:00,6.8,2,5.0,2,5.1,2,4.6,3,3.5,2,6.3,2,6.1,2,5.8,2,4.5,2,4.9,2,6.4,1,3.8,3,4.2,3,4.3,5,7.4,3,6.0,3,6.0,6,5.0,4,4.8,4,4.9,6,7.4,4,6.6,5,5.8,5,2.6,2.0,10.5,5,8.4,2,4.7,3,5.9,3,9.1,4,9.4,2,9.6,3,9.3,4,5.8,4,10.2,5,11.1,3
2016-12-26 22:00:00,6.6,2,4.6,2,4.8,2,4.1,3,3.0,2,6.0,3,5.9,2,5.3,3,3.8,1,4.2,2,5.9,1,3.4,3,3.8,3,3.9,5,7.0,3,5.5,2,5.5,6,4.4,4,4.1,3,4.6,6,7.1,4,6.6,5,5.7,5,2.0,3.0,10.3,5,8.0,2,4.3,4,5.8,3,8.9,5,9.2,3,9.6,3,8.7,4,5.5,4,9.9,5,10.8,3
2016-12-26 23:00:00,6.3,2,4.3,2,4.5,2,3.7,4,2.6,3,5.7,3,5.7,2,4.8,3,3.1,1,3.4,3,5.2,2,3.0,3,3.3,3,3.5,5,6.4,2,4.9,2,5.0,5,3.7,4,3.5,3,4.1,5,6.9,4,6.4,6,5.4,5,1.6,3.0,10.0,5,7.5,3,4.0,4,5.8,2,8.6,5,8.9,3,9.5,3,8.2,4,5.2,5,9.6,5,10.4,3
2016-12-27 00:00:00,6.1,3,4.0,3,4.2,2,3.4,4,2.2,3,5.4,3,5.5,3,4.2,3,2.5,2,2.6,3,4.6,2,2.5,3,2.7,4,2.9,5,5.7,3,4.1,2,4.2,5,2.9,4,2.8,2,3.3,5,6.7,5,5.9,6,5.0,5,1.5,3.0,9.6,5,7.0,3,3.8,4,5.7,3,8.2,5,8.5,3,9.3,4,7.7,4,4.9,5,9.4,5,9.8,3
2016-12-27 01:00:00,5.9,3,3.7,3,4.0,2,3.2,4,1.7,4,4.9,4,5.2,4,3.6,4,1.9,3,1.9,4,3.8,4,1.8,4,1.8,4,2.1,5,4.9,4,3.2,3,3.2,5,2.0,4,2.0,3,2.2,5,6.6,5,4.8,6,4.3,5,1.5,3.0,9.0,5,6.4,4,3.5,5,5.7,3,7.6,5,8.1,4,8.9,4,7.3,4,4.5,5,9.1,4,9.2,4
2016-12-27 02:00:00,5.7,3,3.5,4,3.8,3,3.0,5,1.1,5,4.4,5,4.9,5,2.9,5,1.3,4,1.2,5,3.1,5,0.9,5,0.9,4,1.1,5,3.9,5,2.2,5,2.1,5,1.1,4,1.1,4,1.0,5,6.4,5,3.4,6,3.4,5,1.5,4.0,8.3,5,5.8,4,3.3,5,5.7,4,7.0,5,7.7,4,8.4,4,6.9,5,3.9,5,8.8,4,8.6,4
2016-12-27 03:00:00,6.0,2,2.8,3,2.9,2,3.2,2,1.2,3,4.6,2,4.9,4,3.5,3,1.5,4,1.3,4,4.0,4,1.4,2,1.1,4,1.9,2,4.5,3,2.7,2,3.2,3,2.3,3,2.1,3,1.6,3,5.9,4,4.5,4,4.0,4,1.0,2.0,8.2,5,7.6,1,4.8,2,5.0,3,6.0,5,8.2,2,9.3,1,7.0,3,4.4,5,9.2,4,9.3,3
2016-12-27 04:00:00,6.0,2,2.4,3,2.6,2,2.9,3,0.5,3,4.5,2,4.9,4,3.1,3,1.1,4,0.9,3,3.6,3,0.9,3,0.8,4,1.4,2,4.2,3,2.2,2,2.5,3,1.6,3,1.4,3,0.8,3,5.4,4,3.7,4,3.5,3,1.1,2.0,7.9,6,7.7,1,4.5,2,4.8,4,5.7,5,8.1,2,9.2,1,7.0,3,4.3,4,9.2,3,8.9,3
2016-12-27 05:00:00,6.0,2,2.1,2,2.3,3,2.6,3,-0.1,3,4.4,2,4.8,4,2.8,3,0.9,3,0.7,3,3.2,3,0.5,4,0.6,3,0.8,2,4.0,4,1.9,2,1.7,3,1.1,3,0.9,3,-0.1,3,4.8,3,2.9,3,3.0,4,1.1,2.0,7.8,6,7.8,1,4.1,1,4.5,5,5.6,4,8.0,2,9.2,1,7.3,3,4.4,3,9.2,3,8.5,3
2016-12-27 06:00:00,6.0,2,2.0,2,2.3,3,2.3,3,-0.2,3,4.4,1,4.8,4,2.6,3,0.9,2,0.7,2,2.9,2,0.4,4,0.6,3,0.5,2,3.8,4,1.6,2,1.2,3,1.0,2,0.7,3,-0.6,3,4.5,3,2.6,3,2.6,4,0.8,2.0,7.7,6,8.0,1,4.0,1,4.2,5,5.6,4,8.0,1,9.3,1,7.6,3,4.8,3,9.4,3,8.6,3
2016-12-27 07:00:00,6.0,2,2.1,2,2.7,3,2.3,3,0.4,3,4.4,2,4.8,3,2.6,3,1.2,2,1.1,2,2.7,2,0.6,4,0.9,4,0.7,3,3.6,4,1.6,2,1.1,2,1.4,2,0.9,3,-0.6,3,4.5,3,2.8,4,2.3,4,0.1,2.0,7.6,5,8.1,2,4.2,1,4.1,4,5.6,4,8.3,1,9.4,1,8.0,3,5.5,4,9.7,3,9.3,3
2016-12-27 08:00:00,6.1,2,2.6,2,3.4,3,2.7,3,1.4,3,4.6,2,4.9,3,2.8,2,1.8,2,1.8,2,2.8,2,1.2,3,1.5,5,1.3,4,3.6,3,1.9,1,1.4,2,2.0,2,1.4,4,-0.2,3,4.9,2,3.3,4,2.2,5,-0.3,2.0,7.7,4,8.2,2,4.8,1,4.5,3,5.8,5,8.8,1,9.7,2,8.5,3,6.6,4,10.3,4,10.5,2
2016-12-27 09:00:00,6.3,2,3.4,2,4.5,2,3.5,2,2.5,3,5.1,2,5.2,2,3.4,2,2.7,2,2.8,2,3.4,2,2.2,3,2.1,5,2.2,5,4.0,3,2.5,1,2.0,2,2.9,2,1.9,3,0.6,3,5.5,2,3.9,4,2.3,5,0.6,1.0,7.8,3,8.4,2,5.9,2,5.5,2,6.3,5,9.6,2,10.3,2,9.2,3,8.1,5,11.3,4,11.9,2
2016-12-27 10:00:00,6.5,2,4.6,2,5.8,2,4.8,2,3.5,3,6.0,2,5.8,2,4.3,2,3.9,2,4.0,2,4.5,2,3.5,2,2.8,5,3.1,6,4.9,2,3.5,1,2.8,2,3.7,2,2.3,3,1.5,3,6.3,2,4.3,3,2.7,6,3.3,1.0,8.1,2,8.8,2,7.3,2,7.3,2,7.3,5,10.7,2,11.2,2,10.1,3,10.0,4,12.8,3,13.4,2
2016-12-27 11:00:00,6.8,2,5.9,2,6.9,2,6.3,1,4.3,2,7.2,2,6.6,2,5.3,1,5.1,2,5.2,2,5.8,2,4.7,2,3.3,5,3.9,7,5.9,2,4.6,1,3.7,2,4.5,2,2.7,2,2.5,3,7.2,2,4.7,2,3.4,6,6.7,1.0,8.7,2,9.4,2,9.0,2,9.5,2,8.5,5,11.8,3,12.2,2,11.1,2,12.0,3,14.5,3,14.7,1
2016-12-27 12:00:00,7.0,2,6.8,2,7.7,2,7.5,1,4.9,2,8.1,1,7.2,1,6.2,1,6.0,2,6.1,2,6.8,2,5.7,2,3.8,4,4.4,7,6.8,1,5.7,1,4.6,2,5.3,1,3.0,2,3.2,3,8.1,1,5.2,1,4.1,6,9.2,1.0,9.4,2,10.1,1,10.7,3,11.5,3,9.7,4,12.8,3,13.1,2,12.1,2,14.0,2,15.9,2,15.6,1
2016-12-27 13:00:00,7.1,2,7.1,2,7.8,2,8.1,1,5.4,1,8.6,1,7.5,1,6.7,1,6.3,2,6.6,2,7.0,2,6.1,2,4.1,3,4.5,6,7.2,1,6.4,1,5.3,1,6.0,1,3.3,1,3.5,3,8.9,1,5.8,1,4.7,5,9.6,1.0,10.3,2,10.7,1,12.1,2,12.8,2,10.5,3,13.5,3,13.6,2,12.9,2,15.7,2,16.7,2,15.9,1
2016-12-27 14:00:00,7.1,2,6.9,2,7.3,2,8.0,2,5.6,1,8.6,1,7.5,1,6.9,1,6.2,2,6.7,2,6.7,2,6.0,2,4.1,2,4.3,4,7.1,1,6.7,1,5.7,1,6.3,1,3.5,1,3.4,2,9.3,1,6.3,1,5.0,3,8.5,1.0,11.0,2,10.9,1,12.8,1,13.1,2,10.9,3,13.7,2,13.5,1,13.4,2,16.6,1,16.8,2,15.7,1
2016-12-27 15:00:00,6.9,3,6.2,2,7.0,2,7.3,2,5.8,2,8.1,1,7.4,2,6.8,1,6.2,2,6.5,2,6.6,2,6.0,2,4.1,2,3.8,2,6.5,1,6.3,1,5.5,1,5.3,1,3.3,1,3.0,2,9.3,1,5.4,1,4.6,2,5.7,1.0,10.5,1,10.3,1,13.5,1,12.2,1,11.7,2,13.8,1,13.3,1,13.7,1,16.9,1,16.4,1,15.5,1
2016-12-27 16:00:00,6.6,3,5.6,3,6.1,2,6.4,2,5.0,2,7.4,1,6.9,2,6.2,1,5.6,2,6.0,2,6.2,2,5.0,2,3.6,2,3.2,1,5.8,2,5.6,1,4.9,1,4.2,1,2.8,1,2.2,1,8.8,1,4.7,1,4.0,2,4.3,1.0,9.9,2,9.1,1,11.3,1,10.3,1,11.3,2,12.4,1,11.7,1,12.6,1,14.7,1,14.8,1,14.2,1
2016-12-27 17:00:00,6.3,3,4.9,3,5.2,3,5.4,2,4.0,2,6.6,2,6.3,2,5.3,1,5.0,3,5.3,3,5.7,3,3.6,2,3.0,2,2.5,1,5.2,2,4.7,1,3.9,1,2.8,2,2.2,2,1.3,2,8.0,1,3.7,1,3.1,3,3.2,1.0,9.0,2,7.6,1,8.2,1,8.0,1,10.4,2,10.7,1,9.8,1,10.9,1,11.7,1,12.9,1,12.7,1
2016-12-27 18:00:00,6.0,3,4.4,4,4.5,4,4.5,2,3.0,2,5.9,2,5.8,3,4.7,2,4.3,3,4.6,4,5.3,3,2.6,2,2.4,3,1.9,2,4.7,2,3.8,1,3.1,2,1.6,2,1.7,2,0.5,2,7.1,1,2.7,1,2.4,4,2.3,1.0,8.1,2,6.3,1,5.4,1,6.0,1,9.4,2,9.1,1,8.1,1,9.4,1,8.9,1,11.3,1,11.3,1
2016-12-27 19:00:00,5.8,4,4.1,5,4.1,4,4.1,3,2.4,3,5.6,2,5.6,3,4.5,3,3.7,4,4.0,4,5.0,4,2.2,2,2.0,3,1.3,2,4.6,3,3.4,2,2.7,2,1.0,2,1.5,2,0.0,2,6.4,1,2.0,2,2.0,4,1.5,1.0,7.5,2,5.6,1,3.8,1,5.0,1,8.7,2,8.0,1,7.1,1,8.5,1,7.1,1,10.4,1,10.4,1
2016-12-27 20:00:00,5.6,4,4.0,6,3.9,5,3.9,4,2.0,2,5.5,3,5.6,3,4.5,4,3.3,4,3.5,3,4.7,3,2.2,2,1.7,3,0.8,2,4.7,3,3.2,3,2.6,2,0.9,2,1.5,2,-0.2,2,6.0,1,1.5,2,1.9,4,0.8,1.0,7.1,2,5.2,2,3.2,1,4.7,1,8.1,1,7.3,1,6.8,2,8.1,1,6.2,1,10.1,1,9.8,1
2016-12-27 21:00:00,5.4,4,3.6,6,3.5,5,3.6,4,1.5,3,5.2,3,5.4,3,4.3,4,2.8,4,2.9,4,4.4,3,1.8,2,1.3,4,0.4,2,4.5,4,2.9,3,2.3,2,0.6,3,1.1,2,-0.5,2,5.6,2,1.3,3,1.7,4,0.3,1.0,6.6,2,4.6,2,2.5,1,4.0,2,7.5,1,6.5,1,6.1,2,7.3,1,5.4,1,9.6,1,9.0,2
2016-12-27 22:00:00,5.2,4,3.2,6,3.1,5,3.3,5,1.1,3,4.9,3,5.1,4,4.0,5,2.4,5,2.3,4,4.1,3,1.4,3,1.0,4,0.1,2,4.3,4,2.5,4,2.0,3,0.3,3,0.8,2,-0.8,2,5.1,2,1.2,3,1.5,4,0.0,1.0,6.1,3,4.1,2,2.0,1,3.5,2,6.8,1,5.9,1,5.6,3,6.7,1,4.8,1,9.2,1,8.4,2
2016-12-27 23:00:00,4.9,4,2.7,6,2.6,4,3.0,5,0.6,3,4.7,3,4.9,4,3.7,5,1.9,5,1.7,4,3.7,3,0.9,3,0.7,4,0.0,2,4.1,5,2.2,4,1.6,3,0.0,3,0.4,3,-1.0,2,4.7,3,1.2,4,1.3,4,-0.2,1.0,5.6,3,3.6,2,1.8,1,3.0,2,6.1,1,5.3,2,5.1,3,6.1,1,4.3,1,8.9,1,7.8,2
2016-12-28 00:00:00,4.5,4,2.2,6,1.9,5,2.6,5,0.2,4,4.3,4,4.5,4,3.3,5,1.4,5,1.1,4,3.2,3,0.5,4,0.4,5,0.0,3,3.8,5,1.8,5,1.1,4,-0.3,4,0.0,3,-1.2,2,4.2,3,1.1,4,1.2,4,-0.4,1.0,5.0,3,3.0,2,1.5,1,2.5,3,5.4,2,4.9,1,4.7,3,5.6,1,3.8,1,8.6,1,7.4,3
2016-12-28 01:00:00,4.0,4,1.6,6,1.2,5,2.2,5,-0.3,4,4.0,4,4.2,4,2.8,5,0.9,5,0.6,5,2.6,3,0.1,4,0.2,5,0.1,3,3.5,6,1.4,5,0.6,4,-0.7,4,-0.4,3,-1.4,2,3.9,4,0.7,4,1.1,5,-0.5,1.0,4.5,4,2.5,2,1.3,1,1.9,3,4.7,2,4.5,1,4.2,2,5.2,1,3.2,1,8.2,1,7.0,3
2016-12-28 02:00:00,3.5,4,0.9,6,0.5,6,1.8,5,-0.7,5,3.7,4,3.9,5,2.4,5,0.3,5,0.1,5,2.1,3,-0.3,5,0.0,5,0.2,3,3.2,6,1.0,5,0.0,5,-1.0,5,-0.8,4,-1.6,2,3.5,4,0.2,5,1.1,5,-0.6,1.0,4.0,4,2.0,2,1.1,1,1.4,4,4.2,3,4.2,1,3.8,1,4.8,1,2.6,1,7.8,1,6.6,4
2016-12-28 03:00:00,4.2,1,1.4,2,1.1,2,2.2,2,-0.3,3,3.6,2,4.4,2,2.5,2,1.3,5,1.3,5,3.3,4,0.6,2,-0.5,3,-0.7,1,3.7,2,1.8,3,1.4,2,0.9,2,-0.3,3,-1.6,2,6.1,2,0.1,2,0.4,3,-0.8,1.0,5.2,1,2.6,1,1.6,1,4.0,1,6.6,1,4.3,1,4.5,1,4.6,1,2.2,1,8.9,1,7.0,1
2016-12-28 04:00:00,4.4,1,1.3,2,1.0,2,2.0,2,-0.5,3,3.6,1,4.2,2,2.0,2,1.1,4,1.0,4,3.0,4,0.5,2,-0.8,3,-0.9,1,3.5,2,1.4,3,1.0,2,0.4,2,-0.5,2,-2.0,2,5.9,2,0.0,2,0.4,3,-0.7,1.0,4.8,1,2.0,1,1.4,1,3.4,1,5.9,1,4.0,1,4.1,1,4.3,1,1.6,1,8.3,1,6.5,2
2016-12-28 05:00:00,4.7,1,1.3,2,1.0,1,1.8,2,-0.6,2,3.6,1,4.1,1,1.6,2,0.9,3,0.7,3,2.6,3,0.4,2,-1.1,3,-1.1,1,3.2,1,1.0,3,0.6,2,-0.1,2,-0.5,2,-2.3,2,5.8,2,0.1,2,0.4,2,-0.5,1.0,4.5,1,1.6,1,1.3,1,2.9,2,5.2,1,3.8,1,3.9,1,4.1,1,1.1,1,7.8,1,6.1,2
2016-12-28 06:00:00,4.9,1,1.2,2,1.0,1,1.7,2,-0.5,2,3.6,1,4.0,1,1.4,1,0.9,2,0.6,2,2.3,2,0.4,2,-1.2,3,-1.2,1,3.0,1,0.8,2,0.4,2,-0.3,2,-0.4,2,-2.4,2,5.8,1,0.4,2,0.3,2,-0.5,1.0,4.3,1,1.6,1,1.6,1,2.8,2,4.8,1,4.0,1,4.1,1,4.4,1,1.1,2,7.7,1,6.1,3
2016-12-28 07:00:00,4.9,1,1.1,2,0.8,1,1.7,2,-0.1,1,3.5,1,4.0,1,1.5,1,1.2,2,0.8,2,2.2,2,0.6,2,-0.9,3,-1.0,2,2.9,1,1.1,2,0.6,2,0.2,2,0.0,3,-2.1,2,6.0,1,0.9,2,0.1,3,-0.7,1.0,4.6,1,2.4,2,2.3,1,3.6,2,5.0,1,4.7,1,4.9,1,5.4,2,1.8,2,8.2,2,6.8,3
2016-12-28 08:00:00,4.9,1,0.6,2,0.6,1,2.0,2,-0.5,1,3.6,1,4.2,1,1.9,1,1.7,2,1.4,2,2.5,2,1.1,2,0.3,3,0.2,2,3.1,1,1.8,1,1.2,2,1.2,2,0.5,4,-1.4,3,6.6,1,2.4,3,-0.1,4,-0.5,1.0,4.5,1,3.8,2,3.5,2,5.2,2,5.8,2,4.9,1,6.3,2,7.4,2,3.3,3,9.3,2,7.6,3
2016-12-28 09:00:00,5.0,1,1.0,1,0.8,1,2.9,1,0.4,1,4.2,2,4.7,1,2.7,1,2.6,2,2.4,2,3.3,2,2.0,1,1.0,3,0.9,2,3.8,2,3.0,1,2.3,2,2.6,2,1.1,5,-0.4,3,7.5,1,3.7,3,0.2,4,0.8,1.0,5.7,1,5.5,3,5.1,2,7.4,2,6.9,2,6.6,1,7.9,2,9.0,3,5.5,3,10.7,2,9.2,3
2016-12-28 10:00:00,5.2,1,2.0,1,1.5,1,4.4,1,1.4,1,5.5,2,5.6,1,4.0,1,3.7,2,3.7,2,4.5,2,3.3,1,1.8,3,1.6,2,5.0,2,4.7,1,3.8,1,4.1,2,1.8,4,0.9,3,8.8,1,5.6,2,1.1,5,3.6,1.0,7.1,1,7.4,2,7.1,1,9.9,1,8.4,2,8.4,1,9.6,2,10.7,3,8.3,2,12.3,2,10.9,3
2016-12-28 11:00:00,5.6,1,3.2,1,2.5,1,6.2,1,2.6,1,7.2,1,6.8,1,5.5,1,4.9,2,5.0,2,5.8,2,4.6,1,2.4,2,2.3,2,6.5,2,6.5,1,5.6,1,5.6,2,2.4,3,2.0,3,10.2,1,7.6,2,2.3,4,6.9,1.0,8.8,1,9.2,2,9.2,1,12.4,1,9.8,1,10.2,1,11.3,2,12.2,3,11.2,2,13.9,2,12.4,2
2016-12-28 12:00:00,5.9,1,4.3,1,3.2,1,7.6,1,3.5,1,8.6,1,7.7,1,6.8,1,5.7,2,6.0,2,6.7,2,5.9,1,3.0,1,2.9,1,7.9,2,8.1,1,7.1,1,7.0,1,2.9,2,2.9,3,11.6,1,9.4,1,3.6,4,9.1,1.0,10.3,1,10.9,1,11.1,1,14.4,1,11.1,1,11.8,1,12.6,1,13.4,2,14.0,1,15.1,2,13.6,2
2016-12-28 13:00:00,6.1,1,5.0,1,3.4,1,8.3,1,4.1,1,9.3,2,8.2,1,7.5,1,6.0,2,6.4,2,6.9,2,6.7,1,3.4,1,3.0,1,8.8,2,9.1,1,8.2,1,8.1,1,3.3,1,3.5,2,12.6,1,10.5,1,4.6,3,9.4,1.0,11.6,1,12.2,1,12.6,1,15.3,1,12.0,1,13.0,1,13.4,1,14.2,2,16.1,1,15.7,2,14.3,2
2016-12-28 14:00:00,6.2,1,5.2,1,3.1,1,8.3,1,4.2,1,9.3,2,8.3,1,7.7,1,5.9,2,6.3,1,6.5,1,7.0,1,3.6,1,2.9,1,9.0,2,9.6,1,8.6,1,8.6,1,3.5,1,3.5,2,13.3,1,10.9,1,5.1,2,8.0,1.0,12.3,1,12.7,1,13.2,1,15.0,1,12.4,1,13.3,1,13.6,1,14.5,2,17.2,1,15.6,2,14.4,3
2016-12-28 15:00:00,6.1,1,4.5,1,3.4,1,7.7,1,4.1,1,8.6,2,8.7,1,7.8,1,5.2,1,5.5,1,5.5,1,5.7,1,2.6,1,2.3,1,9.4,1,8.4,1,7.7,1,7.8,1,3.7,2,2.5,1,13.3,1,10.4,1,4.5,1,6.9,1.0,12.2,1,12.1,1,12.8,1,14.1,1,12.8,1,12.8,1,12.9,1,14.0,1,16.9,1,14.8,1,14.2,1
2016-12-28 16:00:00,6.0,1,4.0,1,2.9,1,6.6,1,3.3,1,7.7,3,8.0,2,7.1,1,4.6,1,4.9,1,5.1,1,4.3,1,2.1,2,1.7,2,8.3,2,7.3,1,6.5,1,6.3,1,3.1,2,1.7,1,12.2,1,9.0,1,3.8,2,5.0,1.0,11.3,1,10.5,1,10.7,1,11.2,1,11.7,1,11.3,1,11.3,1,12.6,1,14.3,1,13.5,1,13.0,1
2016-12-28 17:00:00,5.8,2,3.3,1,2.5,1,5.4,1,2.3,1,6.7,3,7.1,2,6.1,1,3.9,1,4.1,1,4.8,1,2.7,1,1.5,2,1.2,2,6.8,3,5.7,1,5.0,1,4.2,1,2.3,1,0.7,1,10.6,1,6.9,1,2.9,3,3.5,1.0,9.8,1,8.2,1,7.9,1,8.0,1,10.3,1,9.5,1,9.2,1,10.7,1,10.7,1,12.1,1,11.7,1
2016-12-28 18:00:00,5.6,2,2.8,1,2.2,2,4.4,2,1.3,1,5.8,4,6.3,3,5.3,2,3.2,1,3.4,1,4.5,1,1.3,1,1.1,3,0.8,2,5.6,3,4.2,1,3.5,2,2.2,2,1.5,1,-0.2,2,9.2,1,5.0,1,2.1,3,2.2,1.0,8.2,1,6.1,1,5.3,1,5.4,1,8.9,1,7.7,1,7.4,1,8.9,1,7.5,1,10.8,1,10.4,1
2016-12-28 19:00:00,5.4,2,2.7,1,2.1,3,3.8,2,0.7,1,5.2,4,5.8,3,4.8,3,2.6,1,2.8,1,4.2,1,0.7,1,0.9,3,0.6,2,5.0,4,3.1,2,2.5,2,1.0,2,1.0,1,-0.7,2,8.4,1,3.6,1,1.6,3,1.2,1.0,6.9,1,4.9,1,3.6,1,4.2,1,7.9,1,6.5,1,6.3,1,7.7,1,5.6,1,10.0,1,9.5,1
2016-12-28 20:00:00,5.2,2,2.7,1,2.0,4,3.4,1,0.5,1,4.8,4,5.6,3,4.5,4,2.2,2,2.3,2,3.8,2,0.6,1,0.8,2,0.4,2,4.8,4,2.5,3,2.0,2,0.4,2,0.8,2,-1.0,2,8.0,1,2.8,1,1.4,3,0.5,1.0,5.9,1,4.3,1,2.7,1,3.9,1,7.3,1,5.6,1,5.7,1,6.9,1,4.7,1,9.6,1,8.8,1
2016-12-28 21:00:00,4.8,1,2.5,1,1.8,4,2.8,2,0.1,2,4.4,4,5.2,3,4.1,4,1.7,2,1.7,2,3.5,2,0.5,1,0.5,3,0.1,3,4.3,4,1.8,4,1.3,2,-0.2,2,0.4,2,-1.3,1,7.2,2,1.8,1,1.1,3,0.1,1.0,5.1,1,3.6,1,1.9,1,3.1,1,6.3,1,4.9,1,5.0,1,6.0,1,4.0,1,9.1,1,8.1,1
2016-12-28 22:00:00,4.4,1,2.1,2,1.6,3,2.3,2,-0.3,2,4.1,4,4.8,4,3.6,5,1.3,2,1.1,2,3.1,2,0.3,2,0.3,3,-0.3,3,3.8,4,1.3,4,0.7,3,-0.7,3,0.0,2,-1.5,1,6.4,2,1.0,1,0.8,3,-0.2,1.0,4.4,1,3.1,1,1.4,1,2.4,1,5.3,1,4.3,1,4.5,1,5.2,1,3.5,1,8.7,1,7.5,1
2016-12-28 23:00:00,3.9,1,1.7,2,1.3,3,1.8,3,-0.5,3,3.8,5,4.4,4,3.0,4,0.8,2,0.6,3,2.7,2,0.2,2,0.0,3,-0.6,4,3.2,4,0.8,3,0.1,3,-1.1,3,-0.4,2,-1.7,1,5.6,2,0.3,1,0.6,3,-0.4,1.0,3.8,1,2.6,2,1.2,1,1.8,1,4.3,1,3.9,1,4.1,1,4.7,1,3.1,1,8.4,2,6.9,1
2016-12-29 00:00:00,3.4,2,1.3,2,0.8,2,1.3,3,-0.8,3,3.6,5,3.9,4,2.4,4,0.3,3,0.2,3,2.2,3,-0.1,2,-0.2,4,-0.8,4,2.7,4,0.4,3,-0.4,3,-1.5,4,-0.9,3,-1.9,1,4.8,3,-0.4,1,0.4,3,-0.6,1.0,3.2,1,2.2,2,1.0,1,1.2,1,3.4,1,3.7,1,3.7,1,4.3,2,2.7,1,8.0,2,6.3,1
2016-12-29 01:00:00,2.9,2,0.8,3,0.3,3,0.8,4,-1.0,4,3.4,5,3.3,5,1.7,4,-0.2,3,-0.3,4,1.7,3,-0.4,3,-0.4,4,-0.8,5,2.1,5,-0.1,4,-0.9,4,-1.9,4,-1.3,3,-2.0,2,4.0,3,-0.9,1,0.3,3,-0.9,1.0,2.6,1,1.8,2,1.0,1,0.6,1,2.5,1,3.6,1,3.4,1,4.1,2,2.3,1,7.6,2,5.8,1
2016-12-29 02:00:00,2.5,3,0.2,4,-0.2,4,0.4,4,-1.2,5,3.2,5,2.8,5,0.9,5,-0.7,4,-0.7,4,1.1,4,-0.7,3,-0.6,5,-0.7,5,1.6,6,-0.5,5,-1.3,5,-2.3,5,-1.8,4,-2.2,4,3.4,3,-1.4,1,0.2,3,-1.2,1.0,2.0,1,1.4,2,1.0,1,-0.1,2,1.7,1,3.5,1,3.1,1,4.0,2,1.9,1,7.2,1,5.4,1
2016-12-29 03:00:00,3.8,1,1.1,1,-0.6,1,0.8,2,-2.0,2,3.0,3,4.0,2,1.1,4,-0.4,2,-0.9,2,1.2,2,-1.2,1,-0.4,3,-0.5,2,2.2,3,0.0,2,-0.7,1,-1.8,1,-1.2,2,-2.2,1,5.8,1,-0.1,1,-0.5,3,-1.5,1.0,2.6,1,3.5,1,2.1,1,2.2,1,1.9,1,2.1,1,4.0,1,3.5,1,2.0,1,8.4,1,6.7,1
2016-12-29 04:00:00,3.9,1,0.7,1,-0.8,1,0.4,2,-2.4,2,2.9,3,3.8,2,0.3,4,-0.6,2,-1.2,2,0.9,1,-1.5,1,-0.4,3,-0.6,2,1.7,2,-0.3,2,-0.9,1,-2.3,1,-1.5,2,-2.5,2,5.6,1,-0.5,2,-0.5,2,-1.6,1.0,1.9,1,3.1,1,1.7,1,1.7,1,1.4,1,1.1,1,3.4,1,3.0,1,1.4,1,8.2,1,6.1,1
2016-12-29 05:00:00,4.1,1,0.2,1,-0.9,1,-0.2,2,-2.7,2,2.9,3,3.6,3,-0.3,3,-0.7,1,-1.5,1,0.6,1,-1.8,2,-0.5,2,-0.6,2,1.2,2,-0.6,3,-1.2,1,-2.6,1,-1.6,2,-2.8,2,5.4,1,-1.0,2,-0.7,2,-1.5,1.0,1.5,1,2.6,1,1.4,1,1.3,1,1.1,1,0.3,1,2.9,1,2.7,1,0.9,1,8.1,1,5.6,1
2016-12-29 06:00:00,4.1,1,-0.2,1,-1.0,1,-0.6,2,-2.7,2,3.0,3,3.5,3,-0.7,2,-0.8,1,-1.6,1,0.3,1,-1.8,2,-0.6,2,-0.7,2,0.8,2,-0.7,3,-1.5,1,-2.5,1,-1.7,2,-3.0,2,5.2,1,-1.1,2,-1.0,2,-1.4,1.0,1.4,1,2.5,1,1.3,1,1.4,1,1.1,1,0.4,1,3.0,1,2.9,1,0.9,1,8.1,1,5.6,1
2016-12-29 07:00:00,4.0,1,-0.5,1,-1.1,1,-0.7,1,-2.3,2,3.2,3,3.5,2,-0.6,2,-0.7,1,-1.4,1,0.1,1,-1.5,2,-0.8,3,-0.8,3,0.7,2,-0.5,3,-1.6,1,-1.8,1,-1.6,2,-2.9,2,5.2,1,-0.7,2,-1.4,2,-1.5,1.0,1.9,1,3.0,1,1.8,1,2.4,1,1.5,1,1.9,1,3.8,1,3.9,2,1.6,1,8.2,1,6.2,1
2016-12-29 08:00:00,3.8,1,-0.5,1,-1.0,1,-0.2,1,-1.5,1,3.6,4,3.8,2,0.0,2,-0.4,1,-0.9,1,0.2,1,-0.9,1,-0.8,3,-0.7,3,1.1,2,0.0,2,-1.2,1,-0.7,1,-1.2,2,-2.6,3,5.5,1,0.3,2,-1.6,3,-1.1,1.0,2.9,1,4.0,1,2.8,1,4.1,1,2.5,1,4.3,1,5.2,1,5.5,2,3.1,2,8.6,1,7.5,1
2016-12-29 09:00:00,3.8,1,0.0,1,-0.4,1,0.9,1,-0.5,1,4.5,5,4.5,2,1.1,2,0.3,2,0.0,1,0.8,2,0.2,1,-0.5,3,-0.4,3,2.0,2,1.1,1,-0.2,1,0.9,1,-0.6,2,-1.9,3,6.3,1,2.0,1,-1.3,3,0.4,1.0,4.4,1,5.3,1,4.3,1,6.5,1,4.2,1,6.7,1,6.9,1,7.3,2,5.0,2,9.5,2,9.2,1
2016-12-29 10:00:00,4.0,1,1.0,1,0.7,1,2.7,2,0.6,1,5.9,6,5.7,2,2.8,2,1.5,2,1.3,2,2.1,2,1.7,1,0.2,3,0.2,2,3.5,2,2.7,1,1.7,1,2.8,1,0.4,2,-0.9,3,7.7,1,4.2,1,-0.3,3,3.4,1.0,6.2,1,6.7,1,6.2,1,9.3,1,6.6,1,8.6,1,8.7,1,9.1,2,7.3,2,10.9,2,11.3,1
2016-12-29 11:00:00,4.2,1,2.3,1,2.1,1,4.8,2,1.7,1,7.5,6,7.2,2,4.6,2,2.8,2,2.7,2,3.6,2,3.3,1,1.2,2,1.0,2,5.3,2,4.6,1,3.8,1,4.7,2,1.4,2,0.1,3,9.3,1,6.7,1,1.0,3,6.9,1.0,8.1,1,8.2,1,8.2,1,12.1,1,9.3,1,9.9,1,10.4,1,10.7,2,9.6,2,12.5,2,13.3,1
2016-12-29 12:00:00,4.5,1,3.3,1,3.1,1,6.5,2,2.6,1,8.8,7,8.4,2,6.2,1,3.9,2,3.8,2,4.7,2,4.7,1,2.0,2,1.5,1,6.9,1,6.2,1,5.7,1,6.4,2,2.3,2,1.0,3,10.9,1,8.8,1,2.4,3,9.3,1.0,9.8,1,9.6,1,10.1,1,14.3,1,11.5,1,10.9,1,11.7,1,12.1,1,11.6,2,13.8,2,14.8,1
2016-12-29 13:00:00,4.7,2,3.7,1,3.4,1,7.3,2,3.1,1,9.5,7,9.1,2,7.1,1,4.4,2,4.3,2,4.9,2,5.6,1,2.5,1,1.6,1,8.0,2,7.2,1,6.7,1,7.6,2,2.8,2,1.5,2,12.0,1,10.2,1,3.5,2,9.6,1.0,11.1,1,10.8,1,11.7,1,15.4,1,12.8,1,11.7,1,12.5,1,13.0,1,13.1,2,14.4,2,15.4,1
2016-12-29 14:00:00,4.7,2,3.7,1,3.2,1,7.3,2,3.0,1,9.7,7,9.2,2,7.4,1,4.4,2,4.3,1,4.4,1,5.7,1,2.5,1,1.4,1,8.4,2,7.5,1,6.9,1,7.9,2,2.9,1,1.5,2,12.5,1,10.7,1,4.1,2,8.3,1.0,11.7,1,11.5,1,12.4,1,15.3,1,13.1,1,12.1,1,12.6,1,13.4,1,13.7,1,14.2,2,15.1,1
2016-12-29 15:00:00,4.9,3,3.2,1,2.8,1,6.9,2,2.9,1,9.3,6,8.6,3,7.2,1,3.9,1,4.0,1,3.9,1,4.8,1,2.4,1,1.2,1,7.9,2,6.9,1,6.5,1,6.7,1,2.1,1,1.1,1,11.3,1,10.2,1,3.8,1,6.8,1.0,10.9,1,12.0,1,11.6,1,13.4,1,12.3,1,12.2,1,12.4,1,13.9,1,12.8,1,13.0,1,13.8,1
2016-12-29 16:00:00,4.6,3,2.6,1,2.1,1,6.0,2,1.8,1,8.5,5,8.1,3,6.5,2,3.2,1,3.2,1,3.5,1,3.2,1,1.5,2,0.6,2,6.8,2,5.7,1,5.0,1,5.0,1,1.3,1,0.4,1,10.2,1,8.5,1,3.2,1,4.5,1.0,9.9,1,10.2,1,9.5,2,10.6,1,11.1,1,11.1,2,10.7,2,12.9,1,11.2,1,11.8,1,12.4,1
2016-12-29 17:00:00,4.4,3,2.0,1,1.5,1,5.0,3,0.7,1,7.7,4,7.5,3,5.6,3,2.4,1,2.4,1,3.3,2,1.4,1,0.4,2,-0.1,2,5.5,3,4.1,1,3.2,1,2.7,1,0.4,1,-0.4,1,8.8,1,6.2,1,2.3,1,2.4,1.0,8.3,1,7.7,1,6.7,3,7.5,1,9.5,1,9.6,4,8.7,2,11.5,1,9.0,1,10.6,2,10.9,1
2016-12-29 18:00:00,4.3,4,1.7,2,1.1,1,4.0,3,-0.2,1,7.0,4,7.0,4,4.8,3,1.6,2,1.6,2,3.1,2,-0.1,1,-0.6,3,-0.6,2,4.4,4,2.6,2,1.6,1,0.6,1,-0.4,1,-1.1,1,7.6,1,4.1,1,1.5,2,0.9,1.0,6.7,1,5.5,1,4.3,4,4.9,1,8.0,1,8.2,4,7.0,2,10.0,1,6.9,1,9.5,2,9.7,1
2016-12-29 19:00:00,4.4,4,1.8,3,1.0,2,3.4,4,-0.7,1,6.5,4,6.6,5,4.4,5,1.1,2,1.1,2,2.8,2,-0.8,1,-1.1,2,-0.9,2,3.9,5,1.5,2,0.7,2,-0.6,1,-0.8,1,-1.7,2,6.8,1,2.7,1,1.0,2,0.1,1.0,5.6,1,4.4,1,3.1,4,3.4,1,7.1,1,7.1,4,6.1,2,8.8,2,5.5,1,8.8,2,9.0,1
2016-12-29 20:00:00,4.5,5,2.1,5,1.1,3,3.0,6,-1.0,1,6.2,4,6.4,6,4.3,6,0.8,2,0.8,2,2.6,2,-1.0,1,-1.3,2,-1.1,2,3.8,6,0.9,2,0.4,2,-1.2,2,-1.0,1,-2.0,2,6.3,1,1.9,1,0.8,1,-0.1,1.0,4.8,1,4.2,1,2.7,3,2.8,1,6.4,1,6.4,2,5.9,2,7.8,2,4.5,2,8.5,2,8.6,1
2016-12-29 21:00:00,4.2,5,1.6,4,0.5,3,2.4,5,-1.4,1,5.8,4,5.8,6,3.6,5,0.4,2,0.3,2,2.1,2,-1.4,1,-1.6,2,-1.5,3,3.3,6,0.3,2,-0.3,2,-1.7,2,-1.4,2,-2.3,1,5.5,1,1.0,1,0.6,2,-0.4,1.0,4.0,1,4.0,1,2.5,3,2.0,1,5.7,2,5.8,2,5.7,1,6.9,2,3.7,2,8.2,2,8.1,2
2016-12-29 22:00:00,3.8,4,1.0,4,0.0,3,1.8,5,-1.7,1,5.3,4,5.2,5,2.8,5,-0.1,2,-0.3,2,1.5,2,-1.7,1,-1.8,3,-1.8,3,2.9,6,-0.2,3,-0.8,2,-2.1,2,-1.8,2,-2.5,1,4.8,2,0.2,2,0.3,2,-0.6,2.0,3.4,1,3.9,1,2.5,2,1.3,1,5.0,2,5.5,1,5.6,1,6.2,3,3.1,2,7.9,2,7.6,2
2016-12-29 23:00:00,3.3,4,0.5,3,-0.6,2,1.2,4,-2.0,1,4.8,4,4.5,5,2.1,4,-0.5,3,-0.9,2,0.9,2,-1.9,1,-2.0,3,-2.1,4,2.4,5,-0.6,3,-1.3,2,-2.4,3,-2.1,2,-2.6,1,4.0,2,-0.5,2,0.0,3,-0.8,2.0,3.0,1,3.9,1,2.3,1,0.8,1,4.5,2,5.4,2,5.6,1,5.7,3,2.6,3,7.5,3,7.2,2
2016-12-30 00:00:00,2.9,4,-0.1,3,-1.2,2,0.6,4,-2.2,2,4.3,4,3.9,5,1.3,4,-1.1,3,-1.4,2,0.3,2,-2.1,1,-2.1,4,-2.2,4,1.8,4,-1.0,3,-1.8,3,-2.7,3,-2.4,3,-2.7,1,3.3,2,-1.2,2,-0.3,3,-1.1,2.0,2.6,1,3.9,2,2.2,2,0.3,1,4.2,3,5.3,2,5.6,2,5.4,3,2.3,3,7.3,3,6.9,3
2016-12-30 01:00:00,2.5,3,-0.7,2,-1.7,2,0.0,3,-2.5,2,3.8,5,3.3,5,0.5,3,-1.8,3,-1.9,3,-0.3,3,-2.3,1,-2.2,4,-2.2,5,1.1,4,-1.5,3,-2.3,3,-3.0,3,-2.7,3,-2.9,2,2.7,2,-1.8,2,-0.6,4,-1.3,2.0,2.4,1,3.8,3,2.0,3,-0.2,1,4.1,3,5.2,3,5.4,3,5.2,4,1.9,3,7.1,3,6.9,3
2016-12-30 02:00:00,2.1,2,-1.3,2,-2.2,1,-0.4,2,-2.8,2,3.3,6,2.7,5,-0.2,2,-2.4,4,-2.4,3,-0.9,3,-2.5,1,-2.3,5,-2.2,5,0.5,3,-1.9,3,-2.7,3,-3.4,4,-2.9,4,-3.1,4,2.2,2,-2.3,3,-0.9,4,-1.5,3.0,2.1,2,3.6,4,1.7,4,-0.7,1,4.0,4,5.1,4,5.3,4,5.2,4,1.5,4,6.8,4,7.0,4
2016-12-30 03:00:00,2.6,4,-1.1,2,-2.0,1,-0.2,5,-3.8,1,4.2,3,4.6,6,1.0,4,-2.0,2,-2.7,2,0.4,2,-3.5,1,-2.5,4,-2.8,2,3.0,6,-0.9,2,-2.3,2,-2.9,1,-2.6,4,-3.1,2,3.7,1,-1.4,1,-0.3,2,-1.9,1.0,3.0,6,2.9,2,1.1,1,0.8,2,2.3,2,5.0,3,4.9,2,5.6,2,1.1,2,6.4,2,7.7,3
2016-12-30 04:00:00,2.6,5,-1.6,3,-2.3,1,-0.3,5,-4.3,1,4.3,4,4.8,6,0.7,4,-2.2,2,-3.2,2,0.1,2,-4.1,1,-2.8,3,-2.6,2,3.0,5,-1.2,2,-2.7,1,-3.5,1,-3.0,4,-3.4,1,3.5,1,-1.8,1,-0.7,1,-2.0,1.0,2.7,6,2.7,2,0.8,1,0.5,2,1.8,2,4.6,3,5.0,2,5.2,2,0.5,2,6.1,2,7.4,3
2016-12-30 05:00:00,2.6,6,-2.1,4,-2.5,1,-0.5,6,-4.8,1,4.5,4,4.8,6,0.6,4,-2.5,2,-3.6,2,-0.2,1,-4.5,1,-3.3,3,-2.5,2,2.8,5,-1.6,3,-3.1,1,-4.0,1,-3.4,4,-3.7,1,3.3,1,-2.0,2,-1.2,1,-2.1,1.0,2.5,5,2.6,2,0.6,1,0.3,2,1.4,3,4.2,4,5.3,3,4.9,2,0.1,2,5.8,2,7.2,2
2016-12-30 06:00:00,2.7,6,-2.5,4,-2.6,1,-0.5,6,-4.9,1,4.5,4,4.9,5,0.6,4,-2.5,1,-3.8,1,-0.5,1,-4.5,1,-3.6,2,-2.5,2,2.4,5,-1.7,3,-3.3,2,-4.1,1,-3.6,3,-3.9,2,3.1,1,-2.1,2,-1.4,2,-2.1,1.0,2.4,5,2.7,3,0.6,1,0.2,2,1.3,3,4.0,4,5.5,4,5.0,3,0.2,2,5.7,2,7.2,2
2016-12-30 07:00:00,2.7,6,-2.7,4,-2.6,1,-0.2,6,-4.3,1,4.5,4,5.0,5,0.8,5,-2.2,1,-3.4,1,-0.8,1,-3.9,1,-3.6,2,-2.7,2,2.0,6,-1.5,3,-3.1,3,-3.5,1,-3.5,3,-3.8,2,3.0,1,-1.8,2,-1.3,2,-2.0,1.0,2.5,5,3.2,4,1.0,2,0.6,2,1.5,3,4.3,5,5.8,5,5.8,3,1.0,3,6.1,2,7.6,2
2016-12-30 08:00:00,2.8,5,-2.5,3,-2.3,1,0.5,6,-3.1,1,4.6,4,5.2,5,1.2,6,-1.6,2,-2.5,1,-0.9,1,-2.7,1,-3.3,3,-2.9,2,1.8,6,-0.8,3,-2.3,4,-2.4,1,-3.1,3,-3.3,3,3.1,1,-0.9,2,-0.7,3,-1.4,1.0,2.8,6,4.0,5,1.8,2,1.5,2,2.2,3,5.1,5,6.2,6,6.9,4,2.3,4,6.8,2,8.3,3
2016-12-30 09:00:00,3.1,4,-1.7,2,-1.5,1,1.7,6,-1.7,1,5.1,5,5.8,5,2.1,6,-0.6,2,-1.2,1,-0.3,1,-1.1,1,-2.4,3,-2.8,2,2.2,6,0.2,2,-1.1,4,-0.9,2,-2.2,3,-2.4,4,3.7,1,0.5,1,0.2,4,0.1,1.0,3.5,6,5.3,6,3.0,2,3.3,2,3.4,3,6.3,5,7.1,6,8.3,5,4.1,4,7.9,2,9.4,3
2016-12-30 10:00:00,3.6,3,-0.3,2,0.0,1,3.5,5,-0.2,1,6.1,5,6.8,6,3.5,5,0.8,1,0.3,1,1.0,1,0.7,1,-1.0,3,-2.2,2,3.3,5,1.6,2,0.6,4,0.8,2,-0.9,3,-1.3,3,4.8,1,2.5,1,1.5,4,2.7,1.0,4.7,5,7.0,5,4.5,2,5.9,2,5.0,3,7.8,5,8.5,5,9.6,5,6.1,4,9.2,2,10.7,3
2016-12-30 11:00:00,4.2,2,1.4,2,1.6,2,5.4,4,1.2,1,7.3,6,7.8,7,5.0,4,2.3,1,1.8,1,2.7,1,2.3,1,0.4,2,-1.4,2,4.8,4,3.2,2,2.5,2,2.6,1,0.4,2,0.0,2,6.0,1,4.6,1,2.8,3,5.5,1.0,6.1,3,8.7,4,6.2,2,8.8,1,6.8,2,9.3,4,10.1,4,10.7,5,8.1,4,10.5,2,11.9,3
2016-12-30 12:00:00,4.7,2,2.8,2,2.8,2,6.9,3,2.2,1,8.3,6,8.7,7,6.3,3,3.5,1,3.0,1,4.0,1,3.6,1,1.6,1,-0.6,1,6.2,3,4.5,1,4.0,1,4.0,1,1.5,2,1.0,1,7.2,1,6.4,1,4.0,3,7.5,1.0,7.5,2,10.0,3,7.7,1,11.1,1,8.5,2,10.6,4,11.4,3,11.5,5,9.8,3,11.5,2,12.9,3
2016-12-30 13:00:00,4.9,3,3.5,2,3.2,2,7.6,3,2.7,1,8.9,7,9.0,6,7.0,3,4.2,1,3.8,1,4.5,1,4.2,1,2.1,1,-0.1,1,7.1,3,5.4,1,4.8,1,4.9,1,2.0,1,1.6,1,8.0,1,7.5,1,4.7,2,7.8,1.0,8.6,1,10.6,2,8.8,1,12.2,1,9.7,2,11.4,4,11.9,3,12.0,5,11.0,2,12.0,2,13.4,3
2016-12-30 14:00:00,4.9,4,3.7,2,2.9,1,7.5,4,2.6,1,8.9,7,8.9,5,7.2,3,4.3,1,4.1,1,4.3,1,4.0,1,2.0,1,0.1,1,7.5,2,5.7,1,4.9,1,5.1,1,2.0,1,1.7,1,8.2,1,7.8,1,5.0,1,6.7,1.0,9.3,1,10.6,2,9.2,1,12.1,1,10.3,2,11.6,4,11.8,3,12.1,5,11.5,2,12.0,2,13.4,2
2016-12-30 15:00:00,4.3,1,2.0,1,1.3,1,5.2,1,2.1,1,9.1,6,8.4,3,6.0,1,2.4,1,2.4,1,2.2,1,3.5,1,1.6,1,0.2,1,5.9,5,4.6,1,4.5,1,4.6,1,1.7,1,1.5,1,7.6,1,7.3,1,4.3,2,4.9,1.0,7.5,2,10.2,2,8.7,1,10.0,1,10.3,1,11.6,3,10.6,3,11.9,4,11.0,2,11.5,3,12.7,3
2016-12-30 16:00:00,4.1,1,1.3,1,0.5,1,4.1,1,1.0,1,8.1,6,7.6,3,5.3,2,1.6,1,1.7,1,1.9,1,1.8,1,0.7,1,-0.4,2,5.0,5,3.6,1,3.3,1,3.1,1,1.0,1,0.6,1,6.8,1,5.9,1,3.5,2,3.3,1.0,6.9,2,9.0,3,7.2,1,7.5,1,9.4,1,10.9,3,9.5,3,11.0,4,9.3,2,10.4,3,11.8,3
2016-12-30 17:00:00,4.1,1,0.6,1,-0.1,1,3.0,2,-0.2,1,7.0,5,6.7,4,4.4,3,0.8,1,1.0,1,1.7,1,-0.2,1,-0.4,1,-1.1,2,4.1,5,2.4,1,1.9,1,1.2,1,0.2,2,-0.4,1,5.7,1,4.1,1,2.5,3,1.9,1.0,6.1,2,7.4,3,5.2,2,4.7,1,8.3,1,9.8,3,8.4,4,9.8,3,7.1,2,9.0,3,10.8,3
2016-12-30 18:00:00,4.1,2,0.3,1,-0.4,1,2.1,2,-1.2,1,6.2,4,6.0,4,3.8,4,0.1,1,0.3,1,1.6,1,-1.8,1,-1.3,1,-1.7,2,3.4,5,1.2,2,0.6,2,-0.5,1,-0.5,2,-1.3,1,4.7,1,2.4,1,1.6,3,0.8,1.0,5.1,3,6.0,4,3.4,2,2.5,1,7.2,2,8.6,2,7.3,4,8.6,3,5.0,2,7.9,3,9.9,3
2016-12-30 19:00:00,4.0,2,0.5,1,-0.4,1,1.7,3,-1.8,1,5.8,4,5.7,5,3.6,5,-0.4,2,-0.1,2,1.4,1,-2.4,1,-1.7,1,-2.0,2,3.0,6,0.3,3,-0.2,2,-1.6,1,-0.9,3,-1.8,1,4.0,1,1.1,1,1.2,3,0.0,1.0,4.3,3,5.0,4,2.3,2,1.5,1,6.5,2,7.6,2,6.6,4,7.7,3,3.5,2,7.2,3,9.3,3
2016-12-30 20:00:00,3.9,3,0.9,2,-0.2,1,1.6,3,-2.0,1,5.8,4,5.6,6,3.6,6,-0.7,2,-0.5,2,1.1,2,-2.3,1,-1.8,1,-2.0,2,2.8,5,-0.3,4,-0.7,2,-2.2,1,-1.2,3,-2.0,1,3.7,1,0.2,1,1.0,3,-0.6,1.0,3.6,3,4.3,3,1.8,2,1.4,1,6.1,2,6.8,2,6.1,4,6.9,3,2.5,2,6.8,2,8.9,4
2016-12-30 21:00:00,4.0,4,0.9,2,-0.2,2,1.4,3,-2.5,2,5.5,4,5.5,6,3.3,6,-1.1,2,-1.0,2,0.9,2,-2.3,1,-2.1,1,-2.2,2,2.7,6,-0.7,5,-1.2,2,-2.7,1,-1.6,3,-2.0,1,3.5,1,-0.6,1,0.7,3,-1.1,1.0,3.1,3,3.8,3,1.4,2,1.1,1,5.3,2,6.1,2,5.7,3,6.2,3,1.6,2,6.4,2,8.3,4
2016-12-30 22:00:00,4.0,5,1.0,2,-0.3,2,1.4,3,-2.8,2,5.4,4,5.4,6,3.0,7,-1.4,2,-1.5,2,0.7,2,-2.2,2,-2.4,2,-2.4,2,2.5,6,-1.0,5,-1.7,2,-2.8,1,-1.9,3,-1.9,1,3.3,1,-1.1,1,0.4,3,-1.5,1.0,2.7,3,3.5,3,1.2,2,1.0,2,4.6,2,5.5,3,5.4,3,5.6,3,0.9,2,6.1,2,7.8,3
2016-12-30 23:00:00,4.2,6,1.1,3,-0.3,2,1.4,3,-2.9,3,5.2,4,5.1,5,2.6,7,-1.7,2,-1.9,3,0.5,2,-2.3,2,-2.6,2,-2.6,2,2.3,6,-1.2,5,-2.2,2,-2.9,1,-2.2,3,-1.8,2,3.1,1,-1.5,1,0.1,3,-1.8,1.0,2.4,3,3.3,3,1.0,1,0.8,2,3.9,3,5.0,3,5.1,4,5.0,4,0.4,2,5.8,2,7.2,3
2016-12-31 00:00:00,4.3,6,1.2,3,-0.3,3,1.5,3,-3.0,3,5.0,5,4.8,5,2.1,7,-1.8,2,-2.2,3,0.3,2,-2.4,2,-2.8,2,-2.7,3,2.0,6,-1.4,6,-2.5,2,-3.0,1,-2.5,3,-1.9,2,2.8,1,-1.9,1,-0.2,3,-2.1,1.0,2.2,4,3.1,3,0.9,1,0.4,2,3.3,3,4.5,3,4.8,4,4.5,4,0.0,2,5.6,2,6.7,3
2016-12-31 01:00:00,4.4,7,1.3,4,-0.1,4,1.7,4,-3.0,4,4.9,5,4.6,5,1.7,6,-1.8,3,-2.3,4,0.1,3,-2.5,2,-3.0,2,-2.7,4,1.6,6,-1.6,6,-2.7,3,-3.1,1,-2.7,3,-2.3,2,2.3,1,-2.1,1,-0.4,3,-2.3,1.0,2.1,4,2.7,4,0.9,1,0.0,2,2.7,4,4.0,4,4.4,4,4.0,4,-0.3,2,5.5,2,6.1,4
2016-12-31 02:00:00,4.6,7,1.5,6,0.3,5,1.8,6,-2.8,4,4.9,6,4.4,6,1.3,6,-1.8,4,-2.4,4,-0.1,4,-2.6,3,-3.2,2,-2.6,5,1.2,6,-1.7,6,-2.7,3,-3.2,1,-2.9,3,-2.8,2,1.8,1,-2.3,1,-0.5,3,-2.4,1.0,2.0,4,2.2,4,0.7,1,-0.5,3,2.1,4,3.5,4,4.0,4,3.5,4,-0.5,2,5.3,2,5.5,4
2016-12-31 03:00:00,4.6,6,-0.2,3,-0.7,4,1.1,6,-2.9,3,2.5,3,2.7,3,-0.3,5,-2.7,3,-2.9,3,-0.3,3,-3.4,1,-2.9,1,-2.6,1,0.5,7,-2.1,5,-2.9,1,-2.9,1,-2.3,5,-2.8,1,1.6,1,-1.5,1,-0.5,3,-2.5,1.0,2.7,4,3.8,1,1.2,1,0.4,1,4.1,4,5.0,4,5.0,2,4.1,1,-0.4,1,5.7,1,7.3,4
2016-12-31 04:00:00,4.6,6,-0.5,4,-0.7,5,0.7,7,-3.3,3,2.4,3,2.4,3,-0.8,4,-2.8,4,-3.3,3,-0.5,3,-3.9,1,-3.2,1,-2.9,1,0.5,6,-2.4,5,-3.0,1,-3.4,1,-2.4,4,-3.2,1,1.5,1,-1.8,1,-0.5,3,-2.5,1.0,2.6,4,3.1,1,0.7,1,0.2,1,3.7,4,4.8,4,4.7,2,3.7,1,-0.9,1,5.4,1,7.2,4
2016-12-31 05:00:00,4.5,7,-0.9,4,-0.7,5,0.1,6,-3.7,3,2.3,3,2.2,3,-1.4,4,-3.0,4,-3.8,3,-0.8,3,-4.2,2,-3.5,1,-3.2,1,0.3,6,-2.6,4,-3.1,1,-3.9,1,-2.5,4,-3.5,1,1.4,1,-2.1,2,-0.6,3,-2.6,1.0,2.4,5,2.4,1,0.3,1,-0.1,1,3.2,4,4.7,4,4.7,2,3.5,2,-1.2,1,5.1,1,7.1,4
2016-12-31 06:00:00,4.5,7,-1.2,5,-0.8,6,-0.5,6,-3.8,3,2.0,3,1.9,3,-2.0,3,-3.2,4,-4.1,3,-1.1,4,-4.2,2,-3.6,2,-3.4,1,-0.1,6,-2.9,3,-3.3,1,-4.2,1,-2.6,3,-3.6,2,1.2,1,-2.3,2,-0.7,2,-2.7,1.0,2.0,5,2.2,1,0.3,1,-0.2,1,2.7,4,4.7,4,4.8,3,3.7,2,-1.2,2,5.2,2,7.1,4
2016-12-31 07:00:00,4.5,7,-1.4,5,-0.9,6,-0.9,6,-3.4,2,1.5,3,1.7,3,-2.6,3,-3.3,4,-4.0,4,-1.5,4,-3.8,2,-3.3,2,-3.4,2,-0.9,6,-3.1,4,-3.4,2,-4.0,1,-2.6,3,-3.2,2,1.0,1,-2.1,2,-0.9,3,-2.8,1.0,1.5,4,2.6,2,0.8,1,0.0,1,2.5,4,4.9,3,5.2,2,4.5,3,-0.5,2,5.7,2,7.2,4
2016-12-31 08:00:00,4.6,7,-1.3,5,-0.8,6,-0.9,6,-2.7,2,1.1,3,1.7,3,-2.8,2,-3.0,5,-3.5,4,-1.8,5,-3.1,2,-2.6,2,-3.1,2,-1.5,7,-3.1,4,-3.3,2,-3.3,1,-2.5,4,-2.4,3,1.0,1,-1.5,2,-0.9,3,-2.4,1.0,1.2,4,3.5,2,1.8,2,0.8,1,2.6,4,5.4,3,5.9,2,5.9,2,1.0,3,6.7,2,7.6,4
2016-12-31 09:00:00,4.9,7,-0.7,5,-0.2,6,-0.2,6,-1.6,1,1.4,3,2.2,3,-2.4,2,-2.3,5,-2.6,4,-1.4,4,-1.9,1,-1.5,2,-2.3,2,-1.6,7,-2.6,4,-2.7,2,-2.1,1,-2.1,5,-1.1,3,1.5,1,-0.2,1,-0.6,4,-0.9,1.0,1.4,3,5.0,1,3.4,2,2.3,1,3.2,4,6.3,3,7.1,2,7.4,2,3.1,3,8.1,2,8.4,4
2016-12-31 10:00:00,5.4,7,0.4,5,1.0,5,1.3,5,-0.4,1,2.7,3,3.4,3,-1.1,1,-1.0,4,-1.3,3,-0.2,4,-0.4,1,0.0,2,-1.0,2,-0.7,6,-1.6,3,-1.4,2,-0.5,1,-1.3,4,0.5,3,2.6,1,1.7,1,0.2,4,2.0,1.0,2.2,3,6.8,1,5.4,1,4.7,1,4.3,4,7.7,3,8.7,1,9.0,2,5.8,3,9.8,2,9.6,4
2016-12-31 11:00:00,6.0,7,1.8,6,2.4,4,3.1,4,0.7,1,4.4,2,4.9,3,0.6,1,0.5,2,0.1,2,1.2,2,1.1,1,1.5,2,0.5,2,0.8,5,-0.3,2,0.3,2,1.3,1,-0.4,4,2.2,2,4.1,1,3.9,1,1.4,5,5.4,1.0,3.5,2,8.6,1,7.5,1,7.3,1,5.6,4,9.4,2,10.3,1,10.4,2,8.7,2,11.4,2,11.0,3
2016-12-31 12:00:00,6.4,7,3.0,6,3.5,4,4.6,3,1.5,1,5.9,2,6.0,3,2.1,1,1.8,1,1.3,1,2.4,1,2.3,1,2.6,1,1.6,1,2.1,4,0.9,1,1.8,1,2.7,1,0.5,3,3.5,1,5.4,1,5.8,1,2.5,5,7.8,1.0,4.8,2,10.0,1,9.4,1,9.5,1,6.9,3,10.8,2,11.5,1,11.5,2,11.2,1,12.7,2,12.1,3
2016-12-31 13:00:00,6.6,6,3.7,6,3.9,3,5.2,3,1.7,1,6.6,3,6.4,3,2.9,1,2.4,1,1.9,1,2.8,1,2.8,1,3.0,1,2.0,1,2.8,3,1.6,1,2.7,1,3.5,1,1.1,3,4.1,1,6.2,1,6.9,1,3.3,4,8.3,1.0,6.0,1,10.7,1,10.7,1,10.6,1,7.9,3,11.7,2,12.0,1,12.1,2,12.9,1,13.4,1,12.7,2
2016-12-31 14:00:00,6.6,6,4.0,5,3.7,3,5.0,3,1.5,1,6.7,3,6.1,3,2.9,1,2.4,1,2.1,1,2.6,1,2.7,1,2.8,1,1.9,1,3.0,3,1.8,1,3.0,1,3.7,1,1.3,2,4.0,1,6.4,1,7.2,1,3.8,3,7.3,1.0,6.7,2,10.5,1,11.1,1,10.5,1,8.4,2,11.9,2,11.8,1,12.2,2,13.5,1,13.4,1,12.8,2
2016-12-31 15:00:00,6.6,5,4.0,3,3.2,2,4.4,1,1.5,1,7.6,6,5.9,2,3.0,1,1.7,1,1.5,1,1.7,1,2.4,1,2.4,1,1.5,1,2.8,3,2.4,1,3.2,1,3.6,1,1.0,2,2.9,1,6.4,1,6.6,1,3.5,2,5.9,1.0,6.8,1,9.1,1,9.9,1,9.6,1,8.2,2,10.9,3,10.2,2,11.2,1,13.0,1,13.0,1,12.2,2
2016-12-31 16:00:00,6.3,5,3.4,3,2.5,2,3.3,1,0.6,1,7.1,6,4.9,2,2.2,2,1.0,1,0.9,1,1.4,1,1.2,1,1.4,1,0.7,1,2.2,3,1.7,1,2.2,1,2.4,1,0.6,2,1.6,1,5.5,1,5.3,1,2.7,2,3.9,1.0,6.4,2,7.8,1,8.1,1,7.3,1,7.5,2,10.1,2,9.0,2,10.0,1,10.9,1,11.7,1,11.2,2
2016-12-31 17:00:00,6.1,5,2.7,4,2.0,3,2.1,1,-0.3,1,6.5,5,4.0,2,1.2,4,0.3,1,0.3,1,1.4,1,-0.2,1,0.3,1,-0.3,1,1.8,4,0.7,1,1.0,1,0.9,1,-0.1,2,0.3,1,4.5,1,3.6,1,1.6,2,2.0,1.0,5.5,2,6.2,1,5.8,1,4.7,1,6.6,2,8.8,2,7.6,2,8.5,2,8.2,1,10.2,1,10.0,3
2016-12-31 18:00:00,5.9,6,2.2,4,1.7,4,1.1,2,-0.9,1,6.1,4,3.4,3,0.5,5,-0.1,1,-0.1,1,1.4,1,-1.4,1,-0.7,1,-1.1,1,1.6,5,-0.1,2,-0.1,1,-0.5,1,-0.7,3,-0.9,1,3.5,1,1.9,1,0.7,3,0.6,1.0,4.7,2,4.7,1,3.7,1,2.6,1,5.8,2,7.5,2,6.3,2,7.0,2,5.6,1,8.9,1,8.9,3
2016-12-31 19:00:00,5.8,6,2.1,5,1.8,5,0.5,2,-1.1,2,5.9,4,3.5,4,0.3,6,-0.1,1,-0.3,1,1.4,1,-2.0,1,-1.2,1,-1.5,1,1.6,6,-0.5,4,-0.7,2,-1.4,1,-1.0,3,-1.6,1,2.9,1,0.7,1,0.3,3,-0.3,1.0,4.3,2,3.7,1,2.4,1,1.5,1,5.2,2,6.4,2,5.4,2,6.0,2,4.0,1,8.2,1,8.3,2
2016-12-31 20:00:00,5.7,6,2.2,5,2.0,6,0.3,3,-1.0,2,5.9,4,4.0,5,0.5,6,0.1,1,-0.4,1,1.4,1,-2.0,1,-1.3,1,-1.7,1,1.8,6,-0.7,5,-1.0,2,-2.0,1,-1.2,4,-1.9,1,2.5,1,-0.1,1,0.2,3,-0.8,1.0,4.0,2,3.0,1,1.7,1,1.1,1,4.7,2,5.6,2,4.8,2,5.4,2,3.2,1,7.9,1,8.0,2
2016-12-31 21:00:00,5.7,6,2.5,6,2.2,6,0.5,3,-1.0,2,5.8,4,4.2,6,0.6,7,-0.2,2,-0.7,2,1.3,2,-2.2,2,-1.6,1,-1.9,2,1.8,6,-0.9,5,-1.4,2,-2.5,2,-1.5,4,-2.2,2,2.3,2,-0.8,1,-0.1,3,-1.2,1.0,3.7,2,2.4,1,1.2,1,0.4,1,4.1,2,4.9,2,4.3,2,4.7,2,2.7,1,7.6,1,7.4,2
2016-12-31 22:00:00,5.8,6,2.8,6,2.3,6,0.7,4,-0.9,2,5.9,5,4.3,6,0.8,7,-0.3,2,-1.0,2,1.2,2,-2.2,2,-1.7,2,-2.0,2,1.8,6,-1.0,6,-1.9,3,-2.8,2,-1.7,4,-2.3,2,2.1,2,-1.3,1,-0.2,3,-1.5,1.0,3.3,2,2.0,2,0.9,1,-0.2,1,3.5,3,4.2,3,3.8,2,4.1,2,2.4,1,7.3,1,6.8,2
2016-12-31 23:00:00,5.9,6,3.1,5,2.5,6,1.1,4,-0.7,3,6.0,5,4.5,7,1.0,7,-0.4,2,-1.0,3,1.2,2,-2.1,3,-1.8,2,-2.1,2,1.8,6,-1.0,6,-2.2,3,-3.0,3,-1.9,4,-2.4,3,1.9,3,-1.7,1,-0.4,3,-1.7,1.0,2.9,3,1.7,2,0.6,1,-0.7,1,2.9,3,3.7,3,3.5,3,3.6,3,2.0,2,7.0,2,6.2,3
2017-01-01 00:00:00,6.0,6,3.4,5,2.8,6,1.6,5,-0.5,4,6.2,5,4.6,7,1.2,7,-0.3,3,-0.9,3,1.3,3,-1.9,4,-1.8,3,-2.0,3,1.8,6,-0.9,6,-2.3,4,-3.0,3,-2.1,4,-2.6,3,1.7,3,-1.9,1,-0.6,4,-1.9,1.0,2.6,4,1.5,2,0.6,1,-1.2,1,2.2,3,3.2,3,3.3,3,3.3,3,1.7,2,6.8,2,5.7,3
2017-01-01 01:00:00,6.1,7,3.6,5,3.0,6,2.1,5,-0.2,4,6.3,5,4.8,6,1.4,6,0.0,3,-0.7,4,1.5,3,-1.6,4,-1.7,3,-1.9,4,1.9,6,-0.7,6,-2.2,5,-2.9,4,-2.3,4,-2.7,4,1.5,4,-2.1,1,-0.8,4,-2.2,1.0,2.4,5,1.3,2,0.7,1,-1.6,2,1.4,4,2.8,3,3.2,3,3.0,3,1.2,2,6.6,2,5.1,3
2017-01-01 02:00:00,6.2,7,3.9,5,3.3,6,2.6,6,0.1,5,6.5,5,4.9,6,1.7,6,0.3,4,-0.3,4,1.8,4,-1.4,5,-1.7,4,-1.8,5,1.9,6,-0.5,6,-1.9,5,-2.8,5,-2.4,5,-2.9,4,1.4,4,-2.3,1,-0.9,4,-2.4,1.0,2.3,5,1.2,3,0.7,1,-2.1,2,0.7,4,2.4,3,3.1,3,2.7,3,0.6,2,6.3,2,4.6,3
2017-01-01 03:00:00,5.0,5,1.1,5,0.4,6,1.1,6,-1.1,4,6.3,5,5.4,6,1.7,6,-2.3,3,-2.3,4,-1.0,4,-3.1,2,-2.1,1,-2.3,1,2.3,7,-1.5,6,-2.6,3,-3.2,2,-2.7,4,-2.7,1,1.3,4,-1.8,1,-1.4,3,-2.5,1.0,2.9,5,2.9,2,0.4,1,-0.6,1,2.1,3,4.4,5,4.4,3,5.2,2,-0.2,1,6.3,1,6.5,3
2017-01-01 04:00:00,4.9,5,1.0,5,0.4,6,1.3,6,-1.5,4,6.4,4,5.4,6,1.8,6,-2.5,3,-2.5,4,-1.2,4,-3.3,2,-2.3,1,-2.4,1,2.4,7,-1.4,6,-2.6,3,-3.4,2,-2.9,4,-3.0,1,1.2,4,-1.7,1,-1.6,3,-2.6,1.0,2.6,4,2.7,2,0.0,1,-1.1,1,1.7,3,4.4,5,4.3,4,5.0,2,-0.3,1,5.9,1,5.9,3
2017-01-01 05:00:00,4.8,6,0.9,5,0.3,6,1.4,6,-2.2,4,6.3,4,5.3,6,1.9,6,-2.6,4,-2.8,4,-1.4,4,-3.4,2,-2.5,2,-2.5,1,2.3,6,-1.3,6,-2.8,2,-3.6,2,-3.1,3,-3.2,1,1.0,4,-1.7,1,-1.8,2,-2.7,1.0,2.1,4,2.3,3,-0.3,1,-1.6,1,1.2,2,4.3,4,4.2,5,4.7,3,-0.2,1,5.5,1,5.2,3
2017-01-01 06:00:00,4.6,6,0.8,6,0.1,6,1.4,6,-2.6,4,6.2,4,5.1,5,1.8,6,-2.8,4,-3.1,4,-1.6,4,-3.4,3,-2.6,2,-2.5,1,2.0,6,-1.4,6,-2.9,3,-3.6,2,-3.3,3,-3.1,2,0.8,5,-1.7,1,-1.9,2,-2.8,1.0,1.7,4,2.2,3,-0.3,1,-1.7,1,0.8,2,4.2,4,4.3,6,4.6,3,0.0,2,5.5,2,4.7,4
2017-01-01 07:00:00,4.4,7,0.7,6,-0.2,6,1.3,6,-2.6,4,5.9,4,4.7,5,1.5,6,-2.8,4,-3.1,4,-1.7,4,-3.3,3,-2.4,2,-2.4,2,1.6,7,-1.7,6,-2.9,4,-3.3,2,-3.5,4,-2.6,2,0.5,5,-1.7,1,-1.8,3,-3.0,1.0,1.4,5,2.5,4,0.2,2,-1.0,1,0.7,3,4.3,5,4.7,6,5.1,4,0.5,3,6.1,2,4.9,4
2017-01-01 08:00:00,4.3,7,0.9,6,-0.4,7,1.2,6,-2.2,3,5.8,4,4.5,5,1.2,6,-2.6,5,-2.8,5,-1.5,5,-2.9,4,-1.9,2,-1.9,2,1.3,7,-2.0,7,-2.6,5,-2.8,2,-3.5,4,-1.7,3,0.5,6,-1.5,1,-1.5,4,-2.7,1.0,1.5,5,3.2,5,1.1,2,0.5,1,1.1,3,4.7,6,5.4,7,6.1,5,1.5,4,7.1,2,5.6,4
2017-01-01 09:00:00,4.5,7,1.3,6,-0.2,7,1.7,7,-1.5,3,6.2,5,4.6,5,1.5,6,-1.9,5,-2.1,5,-0.9,5,-2.1,5,-1.1,2,-1.1,2,1.6,7,-1.7,7,-2.0,6,-1.8,2,-3.1,5,-0.3,3,0.8,6,-0.7,1,-0.8,4,-1.4,1.0,2.1,6,4.5,5,2.5,2,2.6,1,1.9,3,5.6,7,6.5,7,7.4,5,3.1,4,8.5,2,6.8,4
2017-01-01 10:00:00,5.0,7,2.1,7,0.6,7,2.8,7,-0.7,4,7.2,5,5.3,5,2.5,7,-0.7,6,-0.9,6,0.1,6,-0.9,5,0.0,2,0.2,2,2.7,7,-0.7,7,-1.0,7,-0.5,3,-2.2,5,1.4,3,1.7,6,0.8,1,0.2,5,1.3,1.0,3.2,6,6.2,4,4.2,2,5.0,1,3.2,3,6.9,7,7.9,7,8.9,5,5.5,5,10.1,2,8.2,4
2017-01-01 11:00:00,5.6,7,3.1,7,1.6,6,4.2,6,0.0,4,8.5,5,6.4,5,3.9,7,0.7,6,0.6,6,1.3,6,0.4,4,1.1,2,1.6,2,4.2,7,0.7,6,0.3,6,0.9,3,-0.9,4,3.0,2,2.8,5,2.6,1,1.3,5,4.4,1.0,4.6,6,8.0,4,6.1,2,7.4,1,4.7,3,8.4,7,9.3,6,10.3,5,8.3,4,11.6,2,9.7,3
2017-01-01 12:00:00,6.1,7,4.0,7,2.5,5,5.5,6,0.6,5,9.6,5,7.3,5,5.1,6,1.9,6,1.8,6,2.3,6,1.5,4,1.9,1,2.7,1,5.6,7,2.1,6,1.4,6,2.1,4,0.2,3,4.2,2,3.8,4,4.3,1,2.4,4,6.6,1.0,5.9,6,9.4,4,7.7,2,9.4,1,6.0,3,9.7,7,10.4,6,11.3,4,10.7,4,12.8,2,10.9,3
2017-01-01 13:00:00,6.3,7,4.5,7,2.9,5,6.2,6,1.0,4,10.1,6,7.7,5,5.8,6,2.5,6,2.6,6,2.8,6,2.0,3,2.3,1,3.2,1,6.3,7,3.0,5,2.2,5,2.9,3,1.0,3,4.6,2,4.3,4,5.4,1,3.2,3,6.9,1.0,6.8,6,9.9,4,8.8,2,10.5,1,6.8,2,10.6,6,10.8,7,11.8,4,12.3,3,13.5,1,11.6,3
2017-01-01 14:00:00,6.3,7,4.6,7,2.9,5,6.4,6,1.1,3,10.0,6,7.7,5,6.1,6,2.6,5,2.9,5,3.0,5,2.1,2,2.1,1,3.1,1,6.5,7,3.5,5,2.5,5,3.1,3,1.4,2,4.2,1,4.3,5,5.7,1,3.6,2,5.9,1.0,7.3,5,9.7,4,9.1,2,10.6,1,7.1,2,10.9,6,10.5,7,11.8,4,12.9,3,13.6,1,11.8,3
2017-01-01 15:00:00,6.2,7,3.9,7,2.0,6,5.9,7,1.0,5,8.6,7,7.3,7,5.9,7,1.9,6,2.6,6,2.8,6,1.6,5,1.7,3,3.1,1,6.8,7,3.8,7,2.7,6,3.2,6,1.8,2,3.8,1,5.0,6,5.1,1,4.0,2,4.9,1.0,7.9,5,9.2,3,8.1,1,9.8,1,7.2,1,10.6,6,9.8,6,11.5,3,12.0,3,13.0,2,11.2,3
2017-01-01 16:00:00,5.9,7,3.7,7,1.8,6,5.4,7,0.7,5,7.7,7,6.7,7,5.6,7,1.9,6,2.7,6,3.1,6,1.2,5,1.1,3,2.1,2,6.6,7,3.6,6,2.4,6,2.4,6,1.2,3,2.4,1,4.4,6,3.8,1,3.4,1,3.2,1.0,7.4,4,8.2,3,6.7,2,7.4,1,6.5,2,9.8,6,8.8,5,10.4,3,10.2,3,11.9,1,10.1,3
2017-01-01 17:00:00,5.6,7,3.4,7,1.6,6,4.8,7,0.5,5,6.9,7,6.0,7,5.3,7,2.1,6,2.8,6,3.4,6,0.7,5,0.5,3,1.0,2,6.3,6,3.4,6,2.0,5,1.5,5,0.6,4,1.0,1,3.7,5,2.3,2,2.7,2,1.7,1.0,6.7,4,7.1,3,5.0,4,4.6,1,5.6,2,8.6,6,7.8,5,9.2,2,7.9,4,10.5,2,8.9,3
2017-01-01 18:00:00,5.3,7,3.2,6,1.5,6,4.2,7,0.5,5,6.1,7,5.4,7,5.0,7,2.3,6,2.9,6,3.7,6,0.6,6,0.2,3,0.1,2,6.0,6,3.2,6,1.6,5,0.6,5,0.1,5,-0.1,2,3.1,5,1.1,2,2.1,2,0.6,1.0,6.0,3,6.1,3,3.6,5,2.2,1,4.7,2,7.5,5,6.9,5,8.1,2,5.8,4,9.4,2,7.8,3
2017-01-01 19:00:00,5.1,6,3.1,6,1.5,6,3.8,7,0.9,5,5.6,7,5.1,7,4.8,7,2.5,6,3.1,6,3.8,6,0.9,6,0.4,4,-0.3,2,5.6,6,3.2,6,1.4,5,0.1,5,-0.1,5,-0.5,2,2.9,4,0.4,2,1.7,2,-0.2,1.0,5.6,3,5.3,3,3.1,5,1.0,1,4.1,2,6.8,5,6.4,4,7.5,3,4.5,4,8.9,3,7.2,3
2017-01-01 20:00:00,5.1,6,3.1,6,1.6,6,3.6,7,1.4,5,5.2,7,5.0,7,4.6,7,2.7,7,3.2,7,3.8,7,1.4,6,0.8,4,-0.2,3,5.2,6,3.2,6,1.3,5,0.0,5,-0.1,5,-0.5,2,2.9,4,0.0,2,1.6,2,-0.7,1.0,5.4,3,4.8,4,3.2,5,0.6,2,3.7,2,6.4,5,6.0,4,7.2,4,3.9,4,8.7,3,6.9,4
2017-01-01 21:00:00,5.1,6,3.2,6,1.8,6,3.5,7,1.8,5,4.9,6,4.8,7,4.4,7,2.8,6,3.2,7,3.7,6,1.5,6,0.6,5,-0.4,3,5.0,6,3.2,6,1.2,5,-0.3,5,-0.3,5,-0.6,3,2.8,3,-0.3,1,1.2,2,-0.9,1.0,5.1,3,4.4,4,2.9,6,0.3,2,3.2,2,5.8,4,5.6,4,6.6,4,3.4,4,8.5,4,6.3,4
2017-01-01 22:00:00,5.1,6,3.2,6,1.9,6,3.4,7,1.9,5,4.6,6,4.6,6,4.3,6,2.8,6,3.1,7,3.7,6,1.5,6,0.5,5,-0.4,4,4.9,6,3.0,6,1.2,5,-0.4,5,-0.6,5,-0.6,3,2.8,3,-0.5,1,0.9,3,-1.0,1.0,4.9,3,4.0,4,2.6,6,0.1,2,2.8,2,5.2,4,5.2,4,6.1,5,3.1,4,8.4,4,5.8,4
2017-01-01 23:00:00,5.1,5,3.3,6,2.1,6,3.4,7,1.8,5,4.5,6,4.6,6,4.3,6,2.7,6,2.8,7,3.7,6,1.5,6,0.4,5,-0.4,4,4.9,6,2.8,6,1.2,5,-0.5,5,-0.7,5,-0.7,3,2.8,3,-0.6,1,0.5,3,-1.2,2.0,4.7,3,3.8,4,2.3,6,-0.1,3,2.5,3,4.6,4,4.8,4,5.5,5,2.9,4,8.2,4,5.4,4
2017-01-02 00:00:00,5.2,5,3.4,6,2.3,6,3.4,7,1.6,5,4.5,6,4.6,6,4.3,6,2.6,6,2.6,6,3.7,6,1.4,6,0.2,5,-0.4,5,4.9,6,2.7,6,1.2,5,-0.5,6,-0.8,5,-0.8,4,2.8,3,-0.6,1,0.2,4,-1.4,2.0,4.6,3,3.4,4,2.0,6,-0.2,3,2.3,3,4.1,4,4.5,4,4.9,5,2.7,4,8.0,4,5.0,4
2017-01-02 01:00:00,5.2,5,3.4,6,2.4,6,3.5,6,1.5,5,4.6,6,4.7,6,4.3,6,2.6,6,2.5,6,3.7,6,1.2,6,0.1,5,-0.4,5,5.0,6,2.8,6,1.3,6,-0.5,5,-0.8,5,-1.0,5,2.9,3,-0.5,2,-0.1,4,-1.7,3.0,4.7,4,3.0,5,1.7,6,0.0,4,2.2,4,3.6,4,4.1,5,4.3,5,2.3,4,7.8,4,4.6,4
2017-01-02 02:00:00,5.2,5,3.5,6,2.6,6,3.6,6,1.4,6,4.7,6,4.8,6,4.3,6,2.6,6,2.4,5,3.8,6,1.1,6,0.0,5,-0.5,6,5.1,6,2.9,6,1.3,6,-0.4,5,-0.8,5,-1.3,5,3.0,4,-0.3,4,-0.4,4,-2.1,3.0,4.8,5,2.6,5,1.2,5,0.2,4,2.1,4,3.1,4,3.8,5,3.8,5,1.9,5,7.5,4,4.3,4
2017-01-02 03:00:00,4.3,6,1.7,7,1.6,7,3.2,7,1.0,7,4.3,5,3.9,6,3.4,6,1.7,7,1.7,7,2.8,7,0.6,6,-0.6,6,-0.6,4,4.3,7,2.5,7,0.9,5,-0.6,5,-1.4,6,-1.7,3,2.0,5,-0.7,3,-0.8,3,-2.5,1.0,3.9,5,3.5,6,1.4,2,-0.9,2,1.5,4,3.8,5,4.2,6,5.8,6,1.8,4,7.0,6,5.4,5
2017-01-02 04:00:00,4.1,6,1.4,7,1.4,6,3.0,7,0.9,7,4.4,5,3.9,6,3.3,6,1.7,7,1.8,7,2.8,7,0.7,6,-0.5,6,-0.8,5,4.2,7,2.5,7,0.8,5,-0.5,5,-1.3,6,-1.8,3,1.9,5,-1.0,3,-0.8,3,-2.4,1.0,3.7,6,3.7,6,1.4,2,-1.3,3,1.2,4,3.8,6,4.3,7,5.6,6,1.6,4,6.9,7,4.8,5
2017-01-02 05:00:00,4.0,6,1.2,7,1.2,6,2.8,7,0.7,6,4.5,6,3.8,6,3.1,6,1.6,7,1.9,7,2.8,7,1.0,6,-0.5,7,-0.9,6,4.0,7,2.5,6,0.8,6,-0.3,4,-1.3,5,-1.7,4,1.9,5,-1.2,4,-0.8,3,-2.3,1.0,3.4,6,3.9,6,1.4,2,-1.7,3,0.7,4,3.7,6,4.4,7,5.3,6,1.4,4,6.9,7,4.1,5
2017-01-02 06:00:00,3.9,6,1.0,7,1.0,5,2.5,7,0.6,6,4.3,6,3.6,7,2.8,7,1.4,7,1.8,7,2.7,7,1.0,6,-0.5,7,-1.1,6,3.7,7,2.3,6,0.7,6,-0.3,3,-1.3,5,-1.6,4,1.8,5,-1.3,4,-0.7,3,-2.4,2.0,3.1,7,3.9,6,1.5,4,-1.7,3,0.4,4,3.8,6,4.7,7,5.3,6,1.5,4,7.0,7,3.8,4
2017-01-02 07:00:00,3.7,6,0.9,6,0.9,6,2.2,7,0.7,6,3.9,6,3.3,7,2.3,7,1.2,7,1.5,7,2.5,7,0.7,6,-0.6,7,-1.1,7,3.1,7,1.8,6,0.6,6,-0.4,4,-1.4,6,-1.4,4,1.7,5,-1.2,4,-0.8,3,-2.8,2.0,2.8,7,3.9,6,1.7,5,-1.0,3,0.3,4,4.3,7,5.0,7,5.9,6,2.0,5,7.5,7,4.2,4
2017-01-02 08:00:00,3.6,6,1.1,5,1.0,6,2.1,7,0.9,7,3.5,7,3.0,7,1.9,7,1.1,7,1.2,7,2.3,7,0.4,6,-0.6,7,-0.9,7,2.7,7,1.2,7,0.5,6,-0.3,5,-1.3,6,-1.1,4,1.8,4,-0.9,4,-0.9,4,-2.8,2.0,2.7,7,4.0,6,2.2,6,0.3,3,0.5,4,5.3,7,5.6,7,6.9,7,3.0,6,8.2,7,5.2,5
2017-01-02 09:00:00,3.7,5,1.5,5,1.4,6,2.2,7,1.3,7,3.7,7,3.0,6,1.9,7,1.2,7,1.3,7,2.4,7,0.4,6,-0.3,7,-0.4,7,2.7,7,1.1,7,0.8,6,0.1,6,-1.0,7,-0.5,5,2.3,4,-0.2,4,-0.8,5,-1.9,2.0,3.1,6,4.7,6,3.1,7,2.3,2,1.4,5,6.4,7,6.4,7,8.2,7,4.5,6,9.2,7,6.6,4
2017-01-02 10:00:00,4.2,5,2.2,5,2.1,5,2.7,7,1.7,7,4.6,7,3.5,6,2.5,7,1.7,7,1.9,7,2.8,7,1.0,6,0.3,7,0.5,7,3.4,7,1.6,7,1.4,5,1.1,6,-0.3,6,0.5,5,3.2,4,0.9,3,-0.3,6,0.5,2.0,4.0,5,6.0,6,4.4,6,4.8,3,3.0,5,7.7,7,7.6,7,9.4,6,6.4,6,10.3,6,8.1,4
2017-01-02 11:00:00,4.7,4,3.0,4,2.9,5,3.4,7,2.2,7,5.9,7,4.3,7,3.6,7,2.4,7,2.7,7,3.4,7,1.9,6,1.1,7,1.4,7,4.5,7,2.5,7,2.3,5,2.3,5,0.5,6,1.6,5,4.3,4,2.1,2,0.4,6,3.3,2.0,5.2,4,7.5,7,5.8,5,7.3,3,4.8,5,8.9,7,8.9,7,10.5,6,8.4,6,11.5,6,9.5,3
2017-01-02 12:00:00,5.2,3,3.7,4,3.5,4,4.1,7,2.7,7,7.0,7,5.0,7,4.5,7,3.0,7,3.5,7,3.9,7,2.8,5,1.8,7,2.1,7,5.5,7,3.4,7,3.2,5,3.5,4,1.3,5,2.5,6,5.3,4,3.2,2,1.2,6,5.3,2.0,6.5,4,8.8,7,7.1,5,9.4,3,6.5,4,10.0,7,9.9,7,11.4,6,10.1,6,12.4,5,10.7,2
2017-01-02 13:00:00,5.3,3,4.0,4,3.7,3,4.7,6,3.1,6,7.5,7,5.4,7,5.1,7,3.4,7,4.0,7,4.1,7,3.3,6,2.1,7,2.3,7,6.0,7,4.0,7,3.9,5,4.3,4,1.9,6,2.8,6,5.8,5,4.0,3,1.9,6,5.5,2.0,7.5,3,9.3,7,8.0,5,10.6,3,7.6,4,10.9,6,10.4,7,11.9,6,11.3,6,13.0,5,11.5,2
2017-01-02 14:00:00,5.1,2,3.9,4,3.4,3,5.0,5,3.2,6,7.4,7,5.5,7,5.2,7,3.5,7,4.1,7,4.1,7,3.3,6,2.1,7,2.2,7,6.0,7,4.2,7,4.2,5,4.6,5,2.1,6,2.6,7,6.0,5,4.3,4,2.4,6,4.5,2.0,8.1,3,9.2,6,8.4,6,10.7,3,8.1,4,11.3,6,10.4,7,12.0,6,11.7,6,13.2,6,11.9,3
2017-01-02 15:00:00,5.5,3,4.3,2,3.7,5,4.9,4,2.5,7,7.0,2,5.4,2,4.9,4,3.4,7,3.9,7,4.1,7,2.3,7,2.2,7,2.2,7,5.5,5,3.9,7,3.6,7,4.0,7,1.8,7,2.5,7,5.4,7,4.7,6,3.0,5,3.1,1.0,7.9,4,8.8,5,7.9,4,9.2,2,7.5,4,10.4,4,9.8,4,11.4,2,11.2,3,12.6,3,10.7,5
2017-01-02 16:00:00,5.0,3,3.5,2,2.9,4,4.1,3,1.9,6,6.2,2,4.9,2,4.3,3,2.8,5,3.2,6,3.6,6,1.6,7,1.8,7,1.8,7,5.0,4,3.5,6,3.0,7,2.9,7,1.3,7,1.8,7,4.8,7,3.7,6,2.6,5,1.9,2.0,7.5,5,7.5,5,6.8,4,7.2,2,6.8,4,9.4,4,8.6,4,10.7,2,10.0,3,11.7,3,9.5,5
2017-01-02 17:00:00,4.6,3,2.6,2,1.9,4,3.2,3,1.2,4,5.3,2,4.3,2,3.5,3,2.1,4,2.4,4,3.1,4,0.8,6,1.4,7,1.4,7,4.4,3,2.9,6,2.3,7,1.6,7,0.8,7,1.1,7,4.1,7,2.4,5,2.0,5,1.0,2.0,6.9,5,6.1,5,5.3,3,4.9,2,5.8,4,8.1,4,7.3,4,9.8,2,8.4,3,10.6,3,8.1,5
2017-01-02 18:00:00,4.2,3,1.9,3,1.1,3,2.3,2,0.6,3,4.5,2,3.8,2,2.7,2,1.6,3,1.7,3,2.7,4,0.1,6,1.0,7,1.0,7,3.8,2,2.4,6,1.6,7,0.5,7,0.4,7,0.6,7,3.4,6,1.4,5,1.4,5,0.3,3.0,6.4,6,5.0,5,4.2,3,3.1,2,4.9,4,6.9,5,6.3,5,8.9,2,7.0,3,9.8,3,7.0,4
2017-01-02 19:00:00,4.0,3,1.4,3,0.6,3,1.6,2,0.0,3,3.9,2,3.5,2,2.1,2,1.2,3,1.4,4,2.5,4,-0.3,6,0.5,6,0.6,7,3.2,1,2.1,6,1.1,7,0.0,7,0.4,7,0.4,7,2.9,6,0.8,5,1.1,5,-0.2,3.0,6.0,6,4.5,5,3.8,3,2.3,3,4.4,4,6.2,5,5.9,5,8.2,3,6.2,4,9.4,4,6.4,4
2017-01-02 20:00:00,3.9,3,1.2,4,0.2,3,1.1,2,-0.4,3,3.5,2,3.3,2,1.7,1,1.0,4,1.3,5,2.4,5,-0.5,6,-0.1,6,0.3,7,2.6,2,1.9,5,0.8,7,-0.2,7,0.5,7,0.3,7,2.6,6,0.6,6,1.0,6,-0.6,4.0,5.8,6,4.3,6,3.9,3,2.2,4,4.1,4,5.9,6,5.8,6,7.7,4,5.8,4,9.3,4,6.2,5
2017-01-02 21:00:00,3.8,3,0.9,4,-0.1,3,0.7,2,-0.8,4,3.1,2,3.0,2,1.3,1,0.6,5,1.0,5,2.0,5,-0.6,6,-0.5,6,0.0,7,2.1,2,1.5,5,0.5,6,-0.3,6,0.5,7,0.3,7,2.3,6,0.5,6,1.0,6,-0.8,5.0,5.5,6,4.2,5,3.9,3,2.1,5,3.9,4,5.5,6,5.6,6,7.3,4,5.3,4,9.0,4,5.9,5
2017-01-02 22:00:00,3.6,3,0.8,5,-0.4,4,0.4,2,-1.1,4,2.8,2,2.8,2,0.9,1,0.3,5,0.6,5,1.7,6,-0.7,6,-0.7,6,-0.2,7,1.7,2,1.2,4,0.2,6,-0.4,6,0.4,7,0.2,7,2.0,6,0.5,6,1.0,6,-0.9,5.0,5.3,6,4.3,5,3.8,4,2.0,5,3.7,4,5.1,5,5.4,6,7.0,4,5.0,5,8.7,5,5.7,5
2017-01-02 23:00:00,3.3,3,0.7,5,-0.6,4,0.3,3,-1.3,4,2.5,3,2.5,2,0.7,1,0.0,6,0.1,5,1.3,6,-0.8,6,-0.8,6,-0.4,7,1.4,3,0.9,4,-0.1,6,-0.5,6,0.2,7,0.0,7,1.9,6,0.4,6,0.9,6,-1.0,5.0,5.0,6,4.3,5,3.7,4,2.0,5,3.5,4,4.9,5,5.4,6,6.7,4,4.7,5,8.6,5,5.6,5
2017-01-03 00:00:00,3.0,4,0.5,5,-0.7,4,0.2,3,-1.5,4,2.2,3,2.4,2,0.4,2,-0.3,6,-0.3,5,0.9,6,-1.0,6,-0.9,6,-0.6,7,1.2,3,0.6,4,-0.3,6,-0.8,6,-0.1,7,-0.3,6,1.8,6,0.2,6,0.8,6,-1.0,5.0,4.7,6,4.3,5,3.5,4,1.8,5,3.3,4,4.8,5,5.4,6,6.5,5,4.4,5,8.5,5,5.6,5
2017-01-03 01:00:00,2.8,4,0.4,6,-0.8,4,0.2,4,-1.8,5,2.0,3,2.2,3,0.2,2,-0.6,5,-0.7,5,0.7,5,-1.3,6,-1.2,6,-0.8,7,1.1,3,0.3,3,-0.5,6,-1.2,6,-0.4,7,-0.8,6,1.7,6,-0.2,6,0.5,6,-1.1,5.0,4.3,5,4.3,5,3.2,5,1.5,5,2.9,4,4.8,5,5.4,6,6.2,5,4.2,5,8.5,5,5.6,5
2017-01-03 02:00:00,2.6,4,0.3,6,-0.9,4,0.2,4,-2.1,5,1.8,4,2.0,4,0.1,2,-0.9,5,-1.0,5,0.5,5,-1.6,7,-1.5,5,-1.1,7,1.0,2,0.1,3,-0.6,6,-1.7,5,-0.7,7,-1.3,6,1.6,6,-0.7,6,0.2,6,-1.2,5.0,4.0,5,4.2,5,2.9,5,1.2,5,2.4,5,4.9,5,5.5,5,5.9,5,3.9,5,8.5,5,5.6,5
2017-01-03 03:00:00,2.5,2,-0.8,3,-0.3,2,-0.8,2,-1.3,6,1.5,1,1.2,1,-1.0,2,-1.3,4,-1.0,5,0.4,5,-1.7,6,-2.5,5,-1.9,4,-0.4,3,-1.5,6,-1.4,4,-2.3,4,-1.7,4,-2.2,5,0.0,3,-1.7,4,-0.9,6,-1.9,5.0,2.7,3,2.8,1,2.0,2,0.0,3,0.1,2,2.8,2,4.1,1,4.0,2,3.5,3,7.7,4,4.7,2
2017-01-03 04:00:00,2.4,2,-0.9,2,-0.5,3,-1.2,2,-1.6,5,1.3,1,1.0,1,-1.5,2,-1.4,4,-0.9,5,0.4,5,-1.9,5,-2.5,5,-2.2,4,-0.7,2,-1.8,6,-1.5,4,-2.7,4,-1.8,4,-2.6,5,-0.5,3,-2.1,4,-1.1,6,-1.9,5.0,2.4,4,2.5,1,1.6,1,-0.4,3,-0.2,2,2.3,2,3.9,1,3.8,2,2.8,3,7.5,3,3.9,2
2017-01-03 05:00:00,2.3,2,-0.8,2,-0.6,3,-1.6,2,-1.9,5,1.1,1,0.8,1,-2.0,2,-1.5,4,-0.9,5,0.4,5,-2.2,5,-2.4,5,-2.5,4,-0.9,2,-2.1,5,-1.8,4,-3.0,4,-1.9,5,-2.8,5,-1.0,3,-2.5,4,-1.4,6,-2.0,5.0,1.9,5,2.2,1,1.2,1,-0.7,2,-0.4,2,1.8,2,3.7,1,3.6,1,2.1,2,7.3,2,3.1,2
2017-01-03 06:00:00,2.3,2,-0.7,2,-0.6,4,-1.9,2,-1.9,5,1.0,1,0.7,2,-2.4,2,-1.6,4,-1.1,5,0.2,5,-2.4,5,-2.3,6,-2.6,4,-1.1,3,-2.3,5,-2.1,4,-3.2,4,-2.0,5,-3.0,4,-1.4,3,-2.8,4,-1.8,5,-2.7,5.0,1.5,6,2.0,1,0.9,1,-0.9,2,-0.5,2,1.7,2,3.6,1,3.4,1,1.7,1,7.3,1,2.8,3
2017-01-03 07:00:00,2.3,2,-0.7,2,-0.4,4,-1.9,2,-1.6,6,1.1,1,0.8,2,-2.5,2,-1.8,5,-1.4,5,-0.1,5,-2.6,5,-2.1,6,-2.5,5,-1.3,3,-2.4,5,-2.4,5,-3.2,5,-2.1,5,-3.0,4,-1.4,2,-3.0,4,-2.2,6,-3.9,4.0,1.3,5,1.9,1,0.9,1,-0.7,2,-0.5,2,2.1,2,3.7,1,3.2,2,1.8,2,7.5,1,3.4,2
2017-01-03 08:00:00,2.5,2,-0.5,2,0.0,4,-1.5,2,-1.0,6,1.5,1,1.2,2,-2.2,2,-1.8,6,-1.6,6,-0.4,6,-2.7,6,-1.8,7,-2.1,6,-1.2,3,-2.3,6,-2.5,6,-2.9,6,-2.1,5,-2.8,5,-1.1,2,-3.1,4,-2.4,6,-5.0,3.0,1.3,4,2.1,2,1.2,1,0.1,1,-0.3,2,3.0,1,4.0,1,3.3,2,2.5,2,8.1,2,4.8,2
2017-01-03 09:00:00,2.9,2,0.1,2,0.7,3,-0.5,3,-0.3,7,2.4,1,1.9,2,-1.4,2,-1.4,6,-1.3,6,-0.3,6,-2.3,7,-1.3,7,-1.4,6,-0.6,3,-1.8,6,-2.3,7,-2.4,6,-1.9,5,-2.3,5,-0.4,2,-2.9,4,-2.4,6,-4.7,2.0,1.8,3,2.6,2,1.9,2,1.5,1,0.5,2,4.4,1,4.8,1,3.8,2,3.8,3,9.1,2,6.5,2
2017-01-03 10:00:00,3.5,2,1.2,2,1.7,3,1.0,3,0.5,6,3.9,2,3.0,2,0.1,2,-0.5,6,-0.4,5,0.4,5,-1.4,6,-0.6,7,-0.6,6,0.6,2,-0.9,6,-1.7,7,-1.8,6,-1.4,5,-1.5,5,0.7,1,-2.5,3,-2.0,6,-2.6,2.0,2.7,2,3.5,2,3.0,2,3.6,1,2.0,2,6.1,1,6.0,1,4.8,2,5.7,3,10.5,2,8.4,1
2017-01-03 11:00:00,4.1,2,2.4,2,2.7,4,2.6,4,1.2,6,5.6,2,4.2,3,1.7,2,0.6,5,0.8,5,1.3,5,-0.4,6,0.1,7,0.3,6,2.1,2,0.1,4,-0.9,6,-1.1,5,-0.7,4,-0.6,4,1.9,1,-1.9,3,-1.5,6,0.3,2.0,3.9,2,4.6,1,4.2,2,5.9,1,3.8,2,7.8,1,7.3,1,6.1,1,7.8,2,11.9,2,10.0,1
2017-01-03 12:00:00,4.6,2,3.3,2,3.5,4,4.0,4,1.8,5,7.0,2,5.2,3,3.1,2,1.5,4,1.8,4,2.1,4,0.5,5,0.6,6,0.8,5,3.3,2,1.0,3,-0.1,5,-0.5,4,-0.2,3,0.0,4,2.9,1,-1.2,2,-0.9,6,2.4,2.0,5.1,2,5.5,1,5.6,2,7.8,1,5.3,2,9.3,1,8.4,1,7.2,1,9.8,2,13.0,1,11.3,1
2017-01-03 13:00:00,4.9,3,3.6,2,3.9,5,4.7,4,2.1,4,7.6,2,5.6,3,3.7,2,2.0,4,2.3,3,2.4,4,0.9,4,0.8,5,0.9,4,3.8,2,1.4,2,0.4,4,-0.1,3,0.0,3,0.1,4,3.5,1,-0.6,1,-0.6,5,2.6,2.0,6.0,2,5.9,1,6.8,2,8.9,1,6.2,2,10.2,1,9.0,1,7.9,1,11.4,1,13.5,1,11.9,1
2017-01-03 14:00:00,5.0,4,3.5,3,3.8,5,4.8,3,2.1,4,7.4,1,5.5,2,3.7,2,2.0,4,2.3,3,2.3,4,0.7,4,0.6,5,0.6,3,3.7,3,1.3,2,0.5,3,0.1,2,0.0,2,-0.2,4,3.5,1,-0.3,1,-0.5,4,1.5,1.0,6.4,1,5.7,1,7.4,1,9.1,1,6.4,2,10.5,1,9.1,1,8.1,1,12.1,1,13.3,1,11.8,1
2017-01-03 15:00:00,4.9,3,3.2,5,3.1,3,4.3,3,2.0,3,6.5,1,4.9,2,2.8,2,1.4,4,1.9,4,1.8,4,0.3,4,0.4,4,0.5,3,2.9,2,1.0,2,0.3,2,0.0,2,-0.2,1,-0.7,2,3.1,1,-0.6,1,-0.5,2,-0.4,1.0,6.5,1,4.8,1,6.7,1,9.5,2,6.5,2,10.0,1,8.3,1,7.7,1,11.4,1,12.3,1,11.2,1
2017-01-03 16:00:00,4.9,3,2.6,4,2.5,4,3.3,3,1.3,2,5.3,2,4.2,2,1.9,2,0.8,4,1.3,4,1.5,4,-0.4,3,0.0,4,0.0,3,2.2,2,0.3,2,-0.3,2,-0.8,2,-0.6,1,-1.4,1,2.2,1,-1.3,2,-0.7,2,-1.4,1.0,5.7,1,3.8,1,5.2,1,7.5,2,5.7,2,8.6,1,6.8,1,6.9,1,9.7,1,11.1,1,9.8,1
2017-01-03 17:00:00,4.8,2,2.1,4,1.8,5,2.1,4,0.6,3,3.9,2,3.4,2,1.0,2,0.3,4,0.7,4,1.3,4,-1.0,3,-0.4,5,-0.5,4,1.4,2,-0.5,2,-1.1,2,-1.8,2,-1.1,2,-2.2,2,1.2,1,-2.2,2,-1.1,3,-2.0,1.0,4.7,1,2.8,1,3.2,1,5.1,2,4.6,2,6.8,1,5.2,1,5.7,1,7.3,1,9.8,1,8.2,1
2017-01-03 18:00:00,4.8,3,1.8,4,1.4,6,1.2,4,0.1,4,2.7,3,2.8,2,0.2,2,-0.1,4,0.2,4,1.2,4,-1.6,3,-0.7,5,-1.1,4,0.8,3,-1.1,2,-1.8,2,-2.5,2,-1.4,2,-2.8,2,0.3,1,-3.0,2,-1.5,4,-2.3,1.0,3.7,1,2.0,1,1.5,1,2.9,2,3.6,2,5.2,1,3.9,1,4.6,1,5.0,2,8.7,2,6.8,1
2017-01-03 19:00:00,4.8,3,1.9,5,1.3,6,0.9,4,-0.1,5,2.0,2,2.5,2,-0.2,2,-0.4,5,0.0,5,1.3,5,-1.9,4,-1.0,6,-1.6,4,0.3,3,-1.4,4,-2.2,2,-2.9,2,-1.6,2,-3.2,2,-0.1,1,-3.4,2,-1.8,4,-2.6,1.0,3.0,1,1.6,1,0.8,1,1.6,1,2.9,2,4.2,1,3.2,1,3.7,1,3.6,2,8.1,2,5.9,1
2017-01-03 20:00:00,4.9,3,2.2,5,1.5,5,0.9,3,0.0,6,1.6,2,2.3,2,-0.3,2,-0.5,6,-0.1,6,1.5,6,-1.9,5,-1.1,6,-1.9,4,-0.1,3,-1.4,5,-2.4,3,-2.9,3,-1.8,2,-3.5,2,-0.3,1,-3.6,2,-1.9,4,-2.9,1.0,2.6,1,1.3,1,0.7,1,1.0,1,2.5,2,3.6,1,3.0,1,3.1,1,2.8,1,7.9,2,5.4,1
2017-01-03 21:00:00,4.8,4,2.2,5,1.5,5,1.0,3,-0.1,6,1.2,2,2.1,3,-0.6,3,-0.7,6,-0.3,6,1.4,6,-2.0,5,-1.3,6,-2.1,3,-0.5,3,-1.5,6,-2.7,3,-3.2,3,-2.0,2,-3.6,2,-0.6,2,-3.8,2,-2.1,4,-3.2,1.0,2.0,2,0.9,1,0.5,2,0.2,1,1.8,2,2.7,1,2.6,1,2.5,2,2.1,2,7.6,2,5.0,1
